Column1;Column2;Column3
Channel              :;CH1;CH2
Frequency            :;39.40Hz;39.40Hz
Period               :;25.38ms;25.38ms
PK-PK                :;270.0mV;138.0mV
Probe attenuation    :;1X;1X
Voltage per ADC value:;0.125000mV;0.125000mV
Time interval        :;40.00000uS;40.00000uS
;;
index;CH1_Voltage(mV);CH2_Voltage(mV)
1;36;-26
2;36;-26
3;38;-20
4;40;-18
5;42;-16
6;42;-18
7;42;-22
8;22;-22
9;46;-24
10;48;-26
11;56;-26
12;50;-28
13;52;-28
14;52;-28
15;54;-30
16;54;-36
17;56;-44
18;70;-48
19;56;-52
20;58;-50
21;58;-38
22;60;-26
23;62;-18
24;64;-18
25;50;-16
26;66;-18
27;66;-20
28;68;-24
29;68;-24
30;70;-26
31;70;-26
32;70;-26
33;70;-28
34;72;-30
35;78;-36
36;72;-42
37;74;-48
38;74;-52
39;76;-50
40;76;-44
41;76;-34
42;76;-24
43;80;-18
44;80;-16
45;84;-16
46;82;-18
47;82;-20
48;82;-22
49;82;-24
50;84;-26
51;84;-26
52;84;-26
53;86;-26
54;86;-12
55;88;-18
56;88;-24
57;88;-30
58;88;-32
59;90;-36
60;90;-32
61;90;-26
62;94;-14
63;92;-6
64;92;0
65;92;0
66;80;-2
67;92;-2
68;92;-6
69;96;-6
70;92;-10
71;94;-10
72;94;-12
73;92;-12
74;92;-12
75;94;-12
76;108;-14
77;94;-14
78;94;-14
79;94;-18
80;94;-24
81;96;-30
82;96;-34
83;80;-38
84;96;-32
85;94;-24
86;98;-14
87;94;-6
88;96;0
89;94;0
90;96;0
91;96;-4
92;96;-4
93;102;-8
94;96;-8
95;96;-10
96;96;-10
97;96;-10
98;98;-10
99;98;-12
100;94;-12
101;96;-14
102;96;-16
103;100;-20
104;96;-26
105;96;-30
106;94;-12
107;96;-14
108;94;-6
109;94;2
110;92;12
111;94;18
112;94;22
113;92;24
114;94;22
115;92;20
116;96;18
117;92;16
118;92;14
119;94;14
120;96;12
121;92;12
122;94;12
123;92;10
124;88;12
125;92;10
126;90;2
127;88;-4
128;90;-10
129;90;-14
130;90;-12
131;88;-4
132;90;10
133;90;18
134;96;24
135;88;22
136;88;22
137;88;18
138;86;18
139;86;16
140;86;14
141;88;12
142;86;12
143;86;12
144;78;12
145;86;12
146;86;10
147;84;10
148;84;4
149;84;-4
150;84;-10
151;88;-14
152;84;-14
153;84;-6
154;84;2
155;84;12
156;82;20
157;82;24
158;76;50
159;80;48
160;82;44
161;84;42
162;82;40
163;82;40
164;80;34
165;80;28
166;80;22
167;80;16
168;80;12
169;78;14
170;78;24
171;78;32
172;78;42
173;76;46
174;78;50
175;72;48
176;74;46
177;74;44
178;76;40
179;74;40
180;74;38
181;74;38
182;90;38
183;74;36
184;72;36
185;68;36
186;72;36
187;72;34
188;70;30
189;70;20
190;70;16
191;70;12
192;60;12
193;68;22
194;68;34
195;70;44
196;66;48
197;68;48
198;66;46
199;90;44
200;66;42
201;66;40
202;60;40
203;64;38
204;64;38
205;62;38
206;64;36
207;62;36
208;60;36
209;48;38
210;60;54
211;60;48
212;62;42
213;58;36
214;60;32
215;60;30
216;62;32
217;58;42
218;58;52
219;54;62
220;58;66
221;56;68
222;56;68
223;56;64
224;54;64
225;56;60
226;54;58
227;54;56
228;54;56
229;54;56
230;52;56
231;52;56
232;50;54
233;50;54
234;52;54
235;52;54
236;50;52
237;50;44
238;50;36
239;50;32
240;66;30
241;48;32
242;50;40
243;48;50
244;48;60
245;48;64
246;48;68
247;48;68
248;48;64
249;46;62
250;44;60
251;48;58
252;46;56
253;46;56
254;46;56
255;44;56
256;46;54
257;52;54
258;44;56
259;42;50
260;48;44
261;42;38
262;42;34
263;42;30
264;40;32
265;42;38
266;40;48
267;36;58
268;40;64
269;40;68
270;40;68
271;38;66
272;38;64
273;38;62
274;44;60
275;38;60
276;38;56
277;38;58
278;38;56
279;36;56
280;36;56
281;36;56
282;34;54
283;34;54
284;36;50
285;36;42
286;36;36
287;36;32
288;34;30
289;34;34
290;34;44
291;40;58
292;34;66
293;34;68
294;30;66
295;34;64
296;32;62
297;34;60
298;26;58
299;30;56
300;30;56
301;30;56
302;28;56
303;30;54
304;30;54
305;28;50
306;30;44
307;26;36
308;20;32
309;26;30
310;28;32
311;28;44
312;26;56
313;26;64
314;26;52
315;30;52
316;24;50
317;24;48
318;28;44
319;22;42
320;22;40
321;22;40
322;22;40
323;22;38
324;22;36
325;24;32
326;20;22
327;20;16
328;22;14
329;20;16
330;20;22
331;18;32
332;14;40
333;18;48
334;18;50
335;18;50
336;16;48
337;16;48
338;14;44
339;14;42
340;14;42
341;14;42
342;14;40
343;12;40
344;12;40
345;10;38
346;12;36
347;10;30
348;10;24
349;14;18
350;8;14
351;6;16
352;6;22
353;6;36
354;6;46
355;4;50
356;0;52
357;4;50
358;0;46
359;2;44
360;-2;42
361;-2;42
362;-2;40
363;-2;38
364;-4;38
365;-4;40
366;-6;16
367;-6;14
368;-8;8
369;-6;0
370;-10;-4
371;-10;-8
372;-12;-10
373;-20;-4
374;-14;6
375;-16;16
376;-12;24
377;-16;28
378;-18;28
379;-18;26
380;-20;24
381;-20;22
382;-22;20
383;-12;18
384;-24;18
385;-26;18
386;-26;16
387;-28;18
388;-28;16
389;-28;16
390;-42;16
391;-32;14
392;-32;10
393;-30;2
394;-34;-4
395;-38;-8
396;-36;-10
397;-38;-6
398;-40;4
399;-40;14
400;-36;22
401;-44;26
402;-44;28
403;-46;26
404;-46;22
405;-48;22
406;-50;20
407;-50;20
408;-52;18
409;-54;18
410;-52;16
411;-54;16
412;-54;16
413;-58;16
414;-56;14
415;-60;14
416;-62;16
417;-64;16
418;-64;16
419;-66;-8
420;-66;-16
421;-68;-22
422;-68;-26
423;-70;-30
424;-70;-28
425;-72;-22
426;-72;-12
427;-72;-2
428;-76;4
429;-76;6
430;-78;6
431;-90;4
432;-80;2
433;-80;0
434;-82;0
435;-82;-2
436;-84;-2
437;-86;-4
438;-86;-4
439;-86;-4
440;-86;-6
441;-78;-6
442;-90;-6
443;-90;-6
444;-92;-6
445;-92;-10
446;-96;-14
447;-94;-22
448;-108;-26
449;-96;-28
450;-96;-28
451;-94;-22
452;-98;-14
453;-100;-4
454;-100;4
455;-102;6
456;-102;8
457;-102;6
458;-98;2
459;-106;0
460;-106;-2
461;-106;-2
462;-106;-2
463;-110;-4
464;-108;-6
465;-110;-6
466;-112;-6
467;-110;-6
468;-108;-6
469;-112;-6
470;-114;-4
471;-114;-22
472;-116;-30
473;-116;-36
474;-116;-40
475;-118;-44
476;-118;-42
477;-120;-36
478;-120;-26
479;-120;-16
480;-120;-10
481;-118;-8
482;-122;-8
483;-122;-10
484;-120;-12
485;-120;-12
486;-122;-16
487;-124;-16
488;-124;-18
489;-130;-18
490;-122;-20
491;-124;-20
492;-126;-20
493;-122;-22
494;-124;-26
495;-124;-32
496;-126;-38
497;-124;-42
498;-126;-42
499;-116;-36
500;-126;-24
501;-124;-12
502;-126;-8
503;-126;-8
504;-126;-8
505;-126;-10
506;-128;-12
507;-124;-14
508;-126;-16
509;-130;-18
510;-124;-18
511;-124;-18
512;-126;-18
513;-124;-22
514;-122;-26
515;-124;-34
516;-122;-38
517;-122;-42
518;-122;-40
519;-122;-36
520;-122;-26
521;-122;-16
522;-118;-8
523;-126;-16
524;-120;-16
525;-118;-18
526;-114;-20
527;-118;-22
528;-114;-24
529;-116;-26
530;-114;-26
531;-114;-28
532;-114;-26
533;-112;-28
534;-112;-28
535;-112;-30
536;-110;-32
537;-110;-38
538;-108;-44
539;-108;-48
540;-110;-50
541;-108;-46
542;-104;-40
543;-102;-30
544;-102;-22
545;-100;-18
546;-100;-18
547;-92;-16
548;-100;-18
549;-98;-22
550;-104;-22
551;-94;-22
552;-94;-24
553;-94;-24
554;-90;-26
555;-90;-26
556;-88;-28
557;-94;-26
558;-86;-28
559;-84;-30
560;-82;-36
561;-82;-42
562;-80;-48
563;-80;-50
564;-60;-46
565;-78;-38
566;-76;-26
567;-84;-18
568;-72;-16
569;-70;-16
570;-72;-18
571;-68;-20
572;-68;-22
573;-66;-22
574;-78;-24
575;-66;-32
576;-62;-38
577;-60;-44
578;-60;-50
579;-58;-54
580;-56;-56
581;-52;-54
582;-56;-44
583;-54;-36
584;-52;-28
585;-48;-24
586;-48;-22
587;-46;-24
588;-44;-24
589;-42;-26
590;-40;-28
591;-38;-30
592;-40;-30
593;-38;-32
594;-34;-32
595;-32;-34
596;-32;-34
597;-30;-34
598;-28;-38
599;-28;-44
600;-24;-48
601;-22;-52
602;-22;-56
603;-20;-54
604;-18;-46
605;4;-38
606;-14;-28
607;-10;-24
608;-14;-22
609;-10;-22
610;-8;-24
611;-4;-26
612;-4;-28
613;-2;-28
614;-2;-30
615;-4;-32
616;4;-32
617;4;-32
618;8;-34
619;8;-34
620;10;-34
621;12;-36
622;26;-34
623;14;-36
624;16;-42
625;18;-46
626;20;-52
627;22;-56
628;22;-56
629;24;-52
630;26;-44
631;28;-34
632;20;-26
633;32;-24
634;32;-22
635;34;-22
636;36;-24
637;36;-26
638;40;-28
639;44;-30
640;38;-30
641;42;-30
642;40;-32
643;44;-32
644;46;-34
645;48;-34
646;48;-34
647;50;-38
648;50;-44
649;52;-48
650;54;-54
651;54;-56
652;54;-52
653;56;-46
654;58;-36
655;60;-28
656;64;-22
657;60;-22
658;62;-22
659;62;-24
660;64;-26
661;66;-28
662;66;-28
663;56;-30
664;68;-32
665;68;-32
666;62;-32
667;70;-34
668;70;-32
669;72;-34
670;74;-38
671;74;-46
672;72;-52
673;68;-54
674;76;-56
675;76;-52
676;78;-42
677;78;-32
678;80;-26
679;80;-8
680;90;-10
681;80;-10
682;82;-12
683;88;-16
684;82;-18
685;84;-20
686;84;-20
687;84;-22
688;86;-20
689;84;-20
690;92;-20
691;86;-24
692;86;-28
693;86;-36
694;88;-42
695;88;-44
696;88;-42
697;80;-36
698;90;-30
699;88;-20
700;92;-12
701;90;-10
702;88;-10
703;90;-12
704;90;-14
705;92;-16
706;90;-18
707;96;-18
708;92;-18
709;92;-20
710;92;-20
711;94;-20
712;92;-20
713;96;-22
714;94;-22
715;94;-28
716;94;-34
717;96;-40
718;94;-44
719;92;-44
720;94;-36
721;98;-24
722;96;-14
723;94;-10
724;94;-10
725;96;-10
726;96;-12
727;94;-16
728;94;-18
729;94;-18
730;96;-16
731;98;2
732;96;-4
733;96;-10
734;96;-18
735;96;-22
736;94;-26
737;96;-22
738;78;-16
739;96;-6
740;96;4
741;102;10
742;94;12
743;96;10
744;94;10
745;96;6
746;94;6
747;94;4
748;100;2
749;94;0
750;94;0
751;94;0
752;94;0
753;94;-4
754;94;-8
755;80;-16
756;94;-22
757;94;-24
758;96;-24
759;92;-18
760;90;-8
761;92;2
762;92;10
763;92;12
764;88;12
765;94;10
766;90;8
767;90;6
768;90;2
769;88;4
770;88;2
771;86;0
772;90;0
773;86;-2
774;86;0
775;86;0
776;86;0
777;84;0
778;86;-4
779;88;-10
780;84;-18
781;84;-22
782;82;-24
783;82;8
784;84;16
785;82;26
786;82;34
787;84;40
788;82;40
789;86;40
790;82;38
791;82;36
792;82;34
793;82;32
794;80;32
795;82;30
796;60;30
797;80;30
798;78;28
799;88;24
800;80;16
801;78;10
802;78;4
803;78;4
804;76;10
805;76;20
806;90;28
807;76;38
808;74;40
809;74;40
810;72;38
811;74;36
812;74;36
813;58;34
814;72;32
815;72;30
816;74;30
817;70;28
818;70;30
819;72;28
820;70;28
821;70;22
822;68;16
823;72;10
824;70;4
825;68;4
826;70;10
827;70;24
828;68;34
829;68;38
830;70;40
831;66;40
832;66;36
833;72;34
834;68;34
835;66;58
836;68;54
837;68;50
838;66;42
839;64;34
840;64;30
841;62;28
842;64;32
843;62;42
844;62;52
845;64;64
846;64;64
847;60;66
848;60;64
849;62;62
850;64;62
851;60;58
852;60;58
853;60;56
854;52;54
855;58;54
856;58;54
857;58;52
858;58;52
859;58;54
860;56;52
861;56;48
862;56;40
863;56;34
864;66;28
865;56;28
866;54;32
867;54;46
868;52;56
869;52;64
870;52;64
871;50;64
872;52;62
873;52;58
874;46;60
875;52;56
876;50;56
877;50;54
878;50;54
879;48;54
880;48;52
881;48;54
882;48;52
883;48;52
884;48;48
885;46;42
886;46;36
887;46;40
888;40;36
889;46;36
890;44;42
891;48;52
892;44;62
893;44;70
894;42;72
895;44;74
896;42;70
897;42;68
898;42;66
899;40;66
900;40;64
901;40;62
902;40;62
903;40;60
904;40;60
905;38;58
906;38;52
907;38;44
908;40;38
909;38;36
910;38;38
911;38;48
912;32;60
913;36;68
914;36;72
915;30;74
916;36;70
917;36;68
918;34;66
919;34;64
920;34;62
921;34;62
922;44;62
923;32;62
924;34;60
925;34;60
926;34;60
927;34;56
928;32;50
929;32;42
930;30;36
931;32;34
932;26;36
933;30;42
934;32;54
935;30;62
936;30;68
937;30;72
938;28;72
939;30;58
940;30;56
941;28;54
942;28;52
943;28;52
944;28;48
945;28;44
946;20;36
947;26;28
948;26;24
949;28;22
950;26;28
951;26;36
952;24;46
953;26;56
954;24;58
955;24;60
956;22;58
957;24;56
958;22;54
959;22;52
960;22;50
961;22;48
962;22;48
963;22;48
964;20;48
965;18;48
966;22;46
967;18;46
968;18;44
969;18;38
970;10;30
971;14;26
972;16;22
973;6;22
974;14;30
975;14;44
976;14;54
977;12;58
978;10;58
979;10;58
980;2;56
981;10;52
982;10;50
983;10;50
984;6;48
985;6;48
986;8;46
987;14;46
988;4;44
989;4;48
990;-4;48
991;2;48
992;2;18
993;0;12
994;-2;6
995;-2;2
996;-2;0
997;-16;2
998;-6;10
999;-4;20
1000;-4;30
1001;-6;36
1002;-8;38
1003;-8;36
1004;-8;34
1005;-12;32
1006;-10;30
1007;-14;28
1008;-12;28
1009;-14;28
1010;-16;26
1011;-18;26
1012;-14;26
1013;-18;24
1014;-16;20
1015;-20;12
1016;-20;6
1017;-22;0
1018;-20;0
1019;-26;4
1020;-24;18
1021;-28;28
1022;-26;34
1023;-28;36
1024;-28;36
1025;-30;32
1026;-30;30
1027;-32;30
1028;-14;28
1029;-34;26
1030;-36;26
1031;-42;24
1032;-38;24
1033;-40;24
1034;-40;22
1035;-42;18
1036;-42;10
1037;-44;4
1038;-36;0
1039;-44;-2
1040;-46;4
1041;-46;14
1042;-50;26
1043;-50;34
1044;-50;12
1045;-34;14
1046;-52;12
1047;-54;10
1048;-64;8
1049;-56;6
1050;-56;2
1051;-60;2
1052;-62;2
1053;-62;2
1054;-62;0
1055;-76;0
1056;-66;-2
1057;-64;-4
1058;-66;-10
1059;-68;-18
1060;-68;-22
1061;-72;-24
1062;-66;-20
1063;-72;-12
1064;-74;-2
1065;-78;6
1066;-76;12
1067;-76;12
1068;-78;12
1069;-78;10
1070;-78;8
1071;-80;6
1072;-84;4
1073;-84;2
1074;-84;2
1075;-86;2
1076;-88;2
1077;-90;0
1078;-88;2
1079;-88;0
1080;-92;0
1081;-94;-2
1082;-96;-8
1083;-96;-16
1084;-96;-22
1085;-96;-24
1086;-102;-22
1087;-98;-16
1088;-100;-6
1089;-100;4
1090;-100;10
1091;-102;14
1092;-104;12
1093;-104;10
1094;-106;10
1095;-106;6
1096;-112;-14
1097;-110;-18
1098;-110;-24
1099;-108;-32
1100;-110;-38
1101;-112;-40
1102;-112;-38
1103;-106;-28
1104;-114;-16
1105;-114;-8
1106;-122;-6
1107;-116;-6
1108;-116;-8
1109;-118;-10
1110;-118;-12
1111;-118;-14
1112;-118;-14
1113;-132;-16
1114;-120;-16
1115;-122;-18
1116;-120;-18
1117;-122;-18
1118;-122;-20
1119;-122;-24
1120;-118;-32
1121;-124;-38
1122;-124;-42
1123;-126;-40
1124;-126;-32
1125;-124;-18
1126;-126;-10
1127;-126;-6
1128;-126;-4
1129;-126;-6
1130;-126;-10
1131;-126;-12
1132;-126;-14
1133;-126;-16
1134;-126;-16
1135;-128;-16
1136;-126;-18
1137;-120;-16
1138;-126;-16
1139;-128;-16
1140;-128;-22
1141;-126;-30
1142;-126;-36
1143;-126;-40
1144;-132;-42
1145;-126;-40
1146;-126;-30
1147;-124;-18
1148;-126;-24
1149;-126;-18
1150;-126;-20
1151;-124;-20
1152;-124;-22
1153;-124;-24
1154;-120;-26
1155;-122;-28
1156;-122;-28
1157;-122;-28
1158;-122;-30
1159;-120;-30
1160;-120;-30
1161;-142;-30
1162;-118;-34
1163;-118;-40
1164;-110;-46
1165;-114;-52
1166;-116;-54
1167;-114;-50
1168;-112;-44
1169;-114;-34
1170;-110;-24
1171;-100;-20
1172;-110;-20
1173;-110;-20
1174;-110;-20
1175;-106;-24
1176;-106;-24
1177;-106;-26
1178;-118;-28
1179;-102;-28
1180;-104;-28
1181;-98;-30
1182;-100;-30
1183;-98;-30
1184;-98;-30
1185;-98;-30
1186;-96;-30
1187;-94;-30
1188;-94;-34
1189;-92;-42
1190;-92;-46
1191;-90;-52
1192;-90;-54
1193;-86;-52
1194;-86;-42
1195;-80;-34
1196;-84;-26
1197;-82;-20
1198;-80;-16
1199;-80;-18
1200;-78;-26
1201;-78;-28
1202;-76;-32
1203;-76;-32
1204;-74;-34
1205;-76;-36
1206;-74;-38
1207;-70;-42
1208;-70;-50
1209;-68;-58
1210;-66;-60
1211;-64;-58
1212;-60;-50
1213;-62;-42
1214;-60;-32
1215;-58;-26
1216;-58;-24
1217;-56;-24
1218;-52;-28
1219;-74;-28
1220;-52;-30
1221;-48;-32
1222;-42;-34
1223;-46;-34
1224;-44;-36
1225;-44;-36
1226;-40;-36
1227;-40;-36
1228;-36;-36
1229;-24;-36
1230;-34;-38
1231;-32;-44
1232;-30;-48
1233;-28;-54
1234;-26;-58
1235;-26;-58
1236;-38;-52
1237;-22;-44
1238;-20;-34
1239;-16;-28
1240;-14;-24
1241;-14;-24
1242;-12;-26
1243;-12;-28
1244;-8;-30
1245;-6;-32
1246;0;-32
1247;-2;-32
1248;-2;-36
1249;0;-36
1250;0;-34
1251;4;-34
1252;4;-36
1253;6;-44
1254;8;-48
1255;10;-54
1256;16;-58
1257;12;-60
1258;16;-56
1259;18;-48
1260;20;-38
1261;20;-30
1262;22;-28
1263;24;-26
1264;26;-28
1265;26;-28
1266;28;-30
1267;28;-34
1268;32;-34
1269;34;-34
1270;38;-36
1271;34;-36
1272;36;-38
1273;40;-36
1274;38;-38
1275;40;-40
1276;42;-46
1277;28;-52
1278;42;-58
1279;46;-60
1280;48;-56
1281;48;-50
1282;48;-42
1283;50;-34
1284;52;-26
1285;52;-26
1286;54;-28
1287;66;-28
1288;54;-30
1289;56;-32
1290;58;-34
1291;60;-34
1292;60;-36
1293;62;-36
1294;60;-36
1295;64;-36
1296;64;-36
1297;58;-38
1298;66;-42
1299;66;-48
1300;66;-54
1301;68;-60
1302;70;-60
1303;70;-50
1304;66;-26
1305;72;-18
1306;72;-14
1307;72;-12
1308;74;-14
1309;74;-16
1310;74;-18
1311;70;-20
1312;76;-22
1313;76;-22
1314;76;-24
1315;78;-24
1316;80;-24
1317;80;-26
1318;80;-30
1319;80;-36
1320;80;-44
1321;84;-46
1322;84;-48
1323;82;-42
1324;84;-36
1325;84;-26
1326;86;-18
1327;86;-12
1328;86;-12
1329;86;-12
1330;86;-16
1331;90;-18
1332;88;-20
1333;92;-20
1334;90;-22
1335;94;-22
1336;90;-24
1337;92;-24
1338;86;-24
1339;92;-24
1340;92;-24
1341;92;-28
1342;94;-36
1343;94;-40
1344;94;-46
1345;86;-46
1346;94;-44
1347;94;-36
1348;98;-28
1349;96;-20
1350;96;-14
1351;96;-12
1352;110;-14
1353;94;-16
1354;96;-16
1355;88;-20
1356;96;2
1357;96;0
1358;96;-2
1359;98;-2
1360;98;-2
1361;98;-10
1362;86;-18
1363;98;-24
1364;98;-26
1365;100;-26
1366;98;-18
1367;96;-10
1368;98;0
1369;102;8
1370;98;10
1371;96;8
1372;94;8
1373;96;6
1374;98;4
1375;96;2
1376;96;2
1377;98;-2
1378;96;-2
1379;98;-2
1380;96;-2
1381;96;-2
1382;94;-2
1383;94;-4
1384;94;-10
1385;96;-16
1386;98;-22
1387;94;-26
1388;94;-26
1389;92;-20
1390;96;-8
1391;94;4
1392;94;10
1393;104;10
1394;92;10
1395;92;8
1396;90;4
1397;92;2
1398;90;2
1399;88;0
1400;90;-2
1401;90;-2
1402;90;-2
1403;80;-4
1404;88;-8
1405;88;-16
1406;88;-22
1407;86;-26
1408;86;2
1409;88;6
1410;106;16
1411;86;26
1412;84;34
1413;76;38
1414;84;38
1415;84;38
1416;84;36
1417;84;34
1418;84;32
1419;84;30
1420;72;30
1421;82;28
1422;82;30
1423;84;28
1424;80;28
1425;82;28
1426;82;22
1427;84;16
1428;80;10
1429;80;6
1430;76;0
1431;80;4
1432;78;14
1433;78;22
1434;78;32
1435;78;38
1436;76;38
1437;76;38
1438;76;38
1439;76;34
1440;76;32
1441;76;30
1442;78;30
1443;76;30
1444;80;28
1445;74;28
1446;74;26
1447;72;28
1448;74;26
1449;72;24
1450;74;22
1451;68;14
1452;72;8
1453;72;2
1454;72;2
1455;72;6
1456;72;18
1457;72;30
1458;70;38
1459;70;40
1460;70;66
1461;66;64
1462;68;62
1463;68;58
1464;70;58
1465;68;56
1466;68;48
1467;68;40
1468;72;34
1469;66;30
1470;66;30
1471;70;34
1472;66;48
1473;66;60
1474;62;64
1475;64;66
1476;62;66
1477;62;64
1478;52;62
1479;60;58
1480;60;56
1481;62;56
1482;62;54
1483;60;54
1484;60;54
1485;64;48
1486;58;40
1487;60;34
1488;56;30
1489;60;28
1490;60;32
1491;56;42
1492;58;54
1493;58;60
1494;56;66
1495;54;66
1496;56;64
1497;54;62
1498;56;60
1499;54;58
1500;54;56
1501;52;56
1502;54;54
1503;52;54
1504;52;54
1505;50;54
1506;50;52
1507;50;52
1508;52;50
1509;62;44
1510;50;38
1511;50;34
1512;48;40
1513;50;38
1514;50;42
1515;48;52
1516;48;62
1517;48;70
1518;48;74
1519;40;76
1520;46;74
1521;46;72
1522;48;70
1523;44;68
1524;44;68
1525;44;66
1526;56;66
1527;44;64
1528;42;64
1529;42;64
1530;42;62
1531;42;56
1532;42;48
1533;40;40
1534;42;38
1535;40;38
1536;32;46
1537;40;60
1538;40;70
1539;42;76
1540;38;74
1541;38;72
1542;40;72
1543;44;70
1544;38;66
1545;40;66
1546;36;64
1547;38;64
1548;38;62
1549;38;64
1550;40;62
1551;38;60
1552;38;56
1553;40;50
1554;38;44
1555;38;40
1556;36;38
1557;36;40
1558;36;48
1559;36;58
1560;38;68
1561;36;72
1562;34;74
1563;32;76
1564;36;62
1565;34;58
1566;34;56
1567;24;56
1568;34;54
1569;32;50
1570;34;44
1571;32;36
1572;32;30
1573;30;26
1574;30;28
1575;30;34
1576;30;48
1577;30;60
1578;30;64
1579;30;62
1580;30;62
1581;28;60
1582;28;58
1583;26;56
1584;20;54
1585;26;52
1586;26;52
1587;34;52
1588;24;50
1589;24;50
1590;22;46
1591;24;40
1592;22;32
1593;22;28
1594;26;26
1595;20;30
1596;20;38
1597;20;46
1598;20;56
1599;20;62
1600;18;64
1601;10;62
1602;16;60
1603;18;58
1604;16;56
1605;14;54
1606;14;52
1607;14;52
1608;12;52
1609;12;50
1610;12;50
1611;12;50
1612;10;50
1613;10;48
1614;10;48
1615;8;50
1616;8;50
1617;6;22
1618;14;14
1619;6;8
1620;4;4
1621;4;0
1622;4;4
1623;4;12
1624;2;22
1625;0;32
1626;0;36
1627;-2;38
1628;0;38
1629;-2;36
1630;-2;34
1631;-2;32
1632;-6;30
1633;-6;30
1634;-8;28
1635;-10;28
1636;-8;26
1637;-8;26
1638;-10;26
1639;-10;24
1640;-10;20
1641;-14;12
1642;-20;4
1643;-14;2
1644;-16;2
1645;-8;6
1646;-18;16
1647;-18;26
1648;-20;34
1649;-20;38
1650;-20;40
1651;-22;36
1652;-16;34
1653;-22;32
1654;-24;30
1655;-26;30
1656;-28;28
1657;-28;26
1658;-28;26
1659;-40;26
1660;-30;26
1661;-34;26
1662;-30;26
1663;-34;22
1664;-36;16
1665;-38;8
1666;-38;2
1667;-38;2
1668;-40;6
1669;-38;-12
1670;-42;-2
1671;-44;6
1672;-44;12
1673;-46;12
1674;-46;12
1675;-48;10
1676;-44;8
1677;-50;6
1678;-52;4
1679;-52;4
1680;-54;2
1681;-56;0
1682;-56;0
1683;-54;0
1684;-60;2
1685;-60;-2
1686;-62;-8
1687;-62;-14
1688;-64;-20
1689;-64;-24
1690;-66;-24
1691;-68;-14
1692;-70;0
1693;-66;10
1694;-70;12
1695;-72;12
1696;-72;12
1697;-76;10
1698;-76;8
1699;-76;6
1700;-102;4
1701;-78;4
1702;-80;2
1703;-74;2
1704;-82;0
1705;-84;2
1706;-84;2
1707;-86;0
1708;-86;0
1709;-88;-4
1710;-76;-10
1711;-90;-18
1712;-90;-22
1713;-92;-24
1714;-94;-22
1715;-94;-14
1716;-94;-2
1717;-108;4
1718;-96;12
1719;-96;14
1720;-94;12
1721;-100;-10
1722;-100;-12
1723;-104;-14
1724;-102;-16
1725;-104;-16
1726;-104;-16
1727;-100;-22
1728;-106;-30
1729;-108;-36
1730;-108;-40
1731;-110;-42
1732;-110;-38
1733;-110;-24
1734;-114;-14
1735;-110;-8
1736;-112;-8
1737;-110;-8
1738;-114;-10
1739;-118;-12
1740;-116;-12
1741;-118;-16
1742;-118;-16
1743;-118;-18
1744;-118;-18
1745;-120;-18
1746;-120;-18
1747;-120;-18
1748;-122;-20
1749;-122;-22
1750;-120;-28
1751;-126;-36
1752;-122;-40
1753;-124;-42
1754;-122;-40
1755;-124;-32
1756;-126;-24
1757;-124;-14
1758;-124;-8
1759;-126;-6
1760;-126;-8
1761;-132;-10
1762;-128;-12
1763;-126;-14
1764;-128;-14
1765;-128;-16
1766;-126;-18
1767;-126;-18
1768;-124;-18
1769;-126;-20
1770;-126;-20
1771;-128;-18
1772;-128;-18
1773;-130;-32
1774;-130;-38
1775;-128;-44
1776;-128;-50
1777;-128;-52
1778;-126;-52
1779;-128;-44
1780;-126;-32
1781;-126;-22
1782;-128;-18
1783;-128;-18
1784;-126;-20
1785;-126;-22
1786;-126;-24
1787;-126;-26
1788;-124;-28
1789;-124;-28
1790;-122;-28
1791;-122;-28
1792;-128;-28
1793;-122;-30
1794;-122;-34
1795;-118;-40
1796;-120;-46
1797;-120;-52
1798;-120;-54
1799;-118;-50
1800;-118;-44
1801;-118;-34
1802;-116;-26
1803;-116;-20
1804;-114;-18
1805;-114;-18
1806;-114;-22
1807;-112;-22
1808;-112;-24
1809;-116;-26
1810;-110;-26
1811;-108;-28
1812;-106;-28
1813;-106;-28
1814;-106;-30
1815;-106;-28
1816;-96;-30
1817;-102;-30
1818;-102;-30
1819;-108;-32
1820;-100;-38
1821;-98;-46
1822;-96;-50
1823;-94;-54
1824;-94;-50
1825;-92;-48
1826;-88;-40
1827;-90;-32
1828;-88;-26
1829;-84;-24
1830;-86;-24
1831;-84;-28
1832;-84;-28
1833;-70;-30
1834;-80;-32
1835;-80;-34
1836;-86;-34
1837;-78;-34
1838;-76;-34
1839;-74;-34
1840;-72;-38
1841;-70;-42
1842;-70;-48
1843;-74;-54
1844;-68;-58
1845;-64;-58
1846;-62;-48
1847;-62;-36
1848;-60;-28
1849;-58;-24
1850;-60;-24
1851;-56;-24
1852;-54;-28
1853;-48;-30
1854;-50;-30
1855;-48;-34
1856;-46;-32
1857;-44;-34
1858;-42;-34
1859;-40;-34
1860;-38;-36
1861;-40;-36
1862;-34;-38
1863;-32;-42
1864;-30;-48
1865;-30;-56
1866;-30;-58
1867;-30;-56
1868;-24;-48
1869;-24;-36
1870;-22;-26
1871;-20;-24
1872;-18;-22
1873;-16;-28
1874;-4;-28
1875;-14;-28
1876;-10;-30
1877;-16;-34
1878;-8;-36
1879;-6;-42
1880;-4;-50
1881;-4;-54
1882;-2;-58
1883;0;-60
1884;-6;-52
1885;4;-42
1886;6;-32
1887;10;-28
1888;8;-24
1889;10;-26
1890;12;-26
1891;38;-30
1892;16;-32
1893;18;-34
1894;14;-34
1895;20;-34
1896;22;-36
1897;22;-36
1898;24;-36
1899;26;-36
1900;28;-38
1901;18;-38
1902;30;-38
1903;32;-42
1904;34;-48
1905;34;-54
1906;36;-58
1907;40;-58
1908;42;-54
1909;40;-46
1910;40;-38
1911;38;-30
1912;44;-26
1913;46;-24
1914;46;-26
1915;48;-28
1916;48;-28
1917;48;-32
1918;50;-32
1919;52;-34
1920;52;-36
1921;54;-34
1922;56;-36
1923;54;-36
1924;58;-36
1925;58;-36
1926;60;-38
1927;58;-36
1928;60;-36
1929;62;-28
1930;64;-34
1931;64;-40
1932;82;-44
1933;66;-48
1934;66;-46
1935;64;-42
1936;70;-34
1937;70;-24
1938;70;-18
1939;72;-12
1940;74;-14
1941;72;-16
1942;68;-16
1943;74;-18
1944;76;-20
1945;76;-22
1946;76;-24
1947;76;-24
1948;80;-24
1949;98;-24
1950;80;-24
1951;80;-24
1952;78;-24
1953;82;-26
1954;82;-30
1955;84;-38
1956;84;-44
1957;86;-48
1958;86;-48
1959;76;-42
1960;84;-30
1961;88;-20
1962;86;-14
1963;88;-14
1964;88;-14
1965;90;-16
1966;94;-18
1967;90;-20
1968;90;-22
1969;88;-22
1970;90;-22
1971;90;-24
1972;92;-24
1973;92;-24
1974;92;-24
1975;90;-30
1976;92;-36
1977;94;-44
1978;94;-46
1979;94;-48
1980;94;-42
1981;94;-12
1982;96;-2
1983;98;4
1984;96;8
1985;94;8
1986;94;6
1987;94;4
1988;96;2
1989;96;0
1990;94;0
1991;96;-2
1992;96;-2
1993;96;-4
1994;96;-4
1995;96;-2
1996;98;-2
1997;96;-4
1998;96;-4
1999;98;-4
2000;90;-8
2001;96;-14
2002;98;-20
2003;100;-26
2004;98;-28
2005;98;-26
2006;96;-18
2007;118;-10
2008;98;2
2009;98;8
2010;100;8
2011;98;8
2012;98;6
2013;96;4
2014;96;2
2015;96;0
2016;96;0
2017;92;-2
2018;94;-2
2019;96;-2
2020;96;0
2021;96;-4
2022;94;-6
2023;94;-14
2024;98;-20
2025;94;-26
2026;94;-26
2027;92;-24
2028;94;-16
2029;94;-6
2030;92;2
2031;92;8
2032;92;10
2033;92;10
2034;92;34
2035;90;32
2036;90;30
2037;90;28
2038;90;28
2039;88;24
2040;88;20
2041;94;12
2042;86;6
2043;88;2
2044;86;0
2045;88;4
2046;88;12
2047;86;24
2048;80;30
2049;86;36
2050;86;36
2051;88;36
2052;88;32
2053;86;30
2054;84;30
2055;86;26
2056;82;26
2057;86;26
2058;84;26
2059;84;26
2060;84;26
2061;84;24
2062;84;24
2063;82;20
2064;82;14
2065;60;8
2066;82;2
2067;82;0
2068;80;2
2069;82;10
2070;82;20
2071;78;30
2072;80;36
2073;78;36
2074;78;36
2075;70;34
2076;78;32
2077;76;30
2078;78;28
2079;76;26
2080;76;26
2081;74;26
2082;76;24
2083;74;24
2084;74;24
2085;76;24
2086;74;46
2087;72;38
2088;70;32
2089;70;28
2090;70;24
2091;70;26
2092;72;32
2093;70;44
2094;70;54
2095;68;60
2096;68;62
2097;68;60
2098;66;60
2099;74;56
2100;64;54
2101;66;54
2102;66;50
2103;66;52
2104;64;50
2105;64;50
2106;64;50
2107;60;48
2108;62;48
2109;64;48
2110;62;46
2111;62;40
2112;60;32
2113;60;28
2114;58;24
2115;60;24
2116;60;32
2117;58;46
2118;58;56
2119;60;60
2120;58;60
2121;56;60
2122;58;56
2123;34;54
2124;58;54
2125;56;50
2126;64;50
2127;56;50
2128;54;50
2129;54;48
2130;54;48
2131;54;46
2132;52;40
2133;66;30
2134;54;24
2135;52;22
2136;52;26
2137;52;46
2138;50;54
2139;52;58
2140;36;60
2141;50;60
2142;50;58
2143;50;56
2144;50;54
2145;48;54
2146;48;56
2147;46;60
2148;50;64
2149;48;66
2150;52;66
2151;50;66
2152;46;64
2153;48;62
2154;46;62
2155;46;60
2156;46;60
2157;46;60
2158;46;60
2159;44;58
2160;48;58
2161;44;60
2162;42;58
2163;44;58
2164;44;58
2165;42;56
2166;42;56
2167;42;50
2168;42;44
2169;42;38
2170;40;34
2171;40;34
2172;40;40
2173;42;54
2174;36;62
2175;40;70
2176;38;70
2177;42;68
2178;40;66
2179;38;64
2180;40;64
2181;42;60
2182;38;58
2183;38;60
2184;30;58
2185;36;58
2186;38;56
2187;38;56
2188;38;58
2189;34;48
2190;36;46
2191;36;36
2192;36;32
2193;34;28
2194;36;26
2195;34;28
2196;34;38
2197;34;46
2198;42;56
2199;32;60
2200;32;62
2201;24;60
2202;32;60
2203;32;56
2204;30;56
2205;30;54
2206;32;52
2207;30;52
2208;18;50
2209;26;50
2210;28;50
2211;30;50
2212;30;44
2213;26;38
2214;28;32
2215;26;26
2216;26;24
2217;26;28
2218;30;36
2219;26;46
2220;24;54
2221;26;60
2222;24;62
2223;24;62
2224;22;58
2225;24;56
2226;24;54
2227;22;52
2228;20;52
2229;22;50
2230;20;50
2231;20;50
2232;16;50
2233;18;50
2234;16;48
2235;18;48
2236;16;44
2237;18;38
2238;16;30
2239;24;24
2240;16;24
2241;14;30
2242;4;18
2243;14;26
2244;12;34
2245;12;38
2246;10;40
2247;12;38
2248;10;36
2249;2;34
2250;8;32
2251;8;32
2252;6;30
2253;6;30
2254;6;28
2255;6;30
2256;24;28
2257;4;28
2258;4;28
2259;-6;24
2260;0;18
2261;0;10
2262;-2;6
2263;0;2
2264;-2;6
2265;-2;14
2266;-18;24
2267;-6;34
2268;-6;38
2269;-6;40
2270;-8;40
2271;-8;38
2272;-10;36
2273;-8;32
2274;-12;32
2275;-12;30
2276;-16;30
2277;-14;28
2278;-16;28
2279;-18;28
2280;-18;28
2281;-18;26
2282;-18;26
2283;-18;20
2284;-22;12
2285;-22;6
2286;-24;4
2287;-24;4
2288;-26;14
2289;-28;26
2290;-30;34
2291;-30;40
2292;-28;42
2293;-28;40
2294;-30;14
2295;-32;10
2296;-34;8
2297;-22;6
2298;-38;4
2299;-38;0
2300;-46;-8
2301;-40;-14
2302;-42;-18
2303;-44;-20
2304;-44;-18
2305;-44;-6
2306;-44;8
2307;-52;14
2308;-50;16
2309;-50;16
2310;-50;14
2311;-52;10
2312;-54;10
2313;-54;8
2314;-38;8
2315;-56;4
2316;-58;4
2317;-60;4
2318;-60;2
2319;-62;2
2320;-64;0
2321;-64;-8
2322;-64;-14
2323;-66;-18
2324;-76;-22
2325;-68;-20
2326;-66;-12
2327;-68;-2
2328;-70;6
2329;-70;14
2330;-72;16
2331;-68;16
2332;-76;14
2333;-74;12
2334;-80;10
2335;-78;6
2336;-78;6
2337;-80;4
2338;-80;6
2339;-82;6
2340;-84;4
2341;-86;4
2342;-84;0
2343;-86;-6
2344;-86;-12
2345;-88;-18
2346;-90;-36
2347;-90;-36
2348;-86;-30
2349;-92;-20
2350;-92;-14
2351;-96;-12
2352;-94;-10
2353;-96;-12
2354;-96;-14
2355;-108;-16
2356;-98;-16
2357;-98;-16
2358;-98;-12
2359;-102;-8
2360;-102;-6
2361;-102;-4
2362;-102;-6
2363;-104;-6
2364;-106;-8
2365;-108;-10
2366;-106;-10
2367;-108;-10
2368;-108;-12
2369;-110;-12
2370;-110;-12
2371;-112;-12
2372;-90;-12
2373;-114;-12
2374;-114;-14
2375;-118;-14
2376;-116;-14
2377;-116;-20
2378;-116;-28
2379;-118;-34
2380;-118;-36
2381;-118;-34
2382;-124;-26
2383;-120;-14
2384;-120;-4
2385;-118;-2
2386;-122;0
2387;-122;-4
2388;-122;-6
2389;-118;-8
2390;-124;-10
2391;-124;-10
2392;-126;-10
2393;-124;-12
2394;-126;-14
2395;-126;-12
2396;-126;-12
2397;-126;-12
2398;-126;-26
2399;-128;-32
2400;-126;-38
2401;-126;-42
2402;-126;-46
2403;-128;-46
2404;-126;-42
2405;-126;-32
2406;-124;-24
2407;-126;-16
2408;-128;-14
2409;-130;-14
2410;-126;-14
2411;-126;-16
2412;-128;-18
2413;-126;-20
2414;-126;-22
2415;-126;-22
2416;-128;-24
2417;-126;-24
2418;-126;-24
2419;-126;-24
2420;-126;-24
2421;-124;-24
2422;-124;-28
2423;-130;-34
2424;-122;-40
2425;-124;-44
2426;-122;-48
2427;-122;-46
2428;-122;-36
2429;-120;-24
2430;-104;-16
2431;-120;-12
2432;-120;-10
2433;-120;-14
2434;-118;-16
2435;-116;-20
2436;-116;-20
2437;-114;-22
2438;-114;-22
2439;-114;-24
2440;-120;-24
2441;-110;-24
2442;-110;-24
2443;-110;-24
2444;-110;-26
2445;-108;-30
2446;-104;-38
2447;-102;-44
2448;-104;-46
2449;-102;-46
2450;-106;-48
2451;-100;-40
2452;-100;-30
2453;-100;-22
2454;-96;-20
2455;-94;-20
2456;-96;-22
2457;-96;-24
2458;-92;-26
2459;-88;-28
2460;-90;-28
2461;-88;-30
2462;-88;-30
2463;-86;-30
2464;-80;-32
2465;-84;-30
2466;-84;-32
2467;-82;-32
2468;-78;-36
2469;-78;-42
2470;-78;-48
2471;-84;-52
2472;-74;-54
2473;-74;-50
2474;-72;-38
2475;-70;-26
2476;-70;-22
2477;-68;-20
2478;-68;-20
2479;-66;-22
2480;-62;-24
2481;-60;-26
2482;-60;-28
2483;-60;-30
2484;-56;-28
2485;-56;-32
2486;-54;-30
2487;-52;-30
2488;-74;-32
2489;-48;-36
2490;-46;-42
2491;-36;-48
2492;-42;-52
2493;-42;-54
2494;-40;-50
2495;-38;-42
2496;-36;-34
2497;-34;-26
2498;-20;-22
2499;-32;-20
2500;-30;-20
2501;-28;-20
2502;-24;-26
2503;-24;-28
2504;-22;-28
2505;-34;-30
2506;-20;-32
2507;-18;-36
2508;-14;-42
2509;-14;-50
2510;-12;-54
2511;-12;-56
2512;-10;-50
2513;-8;-40
2514;-6;-28
2515;-2;-24
2516;-2;-20
2517;2;-22
2518;2;-24
2519;4;-26
2520;6;-28
2521;6;-28
2522;12;-30
2523;10;-32
2524;12;-32
2525;16;-32
2526;16;-32
2527;18;-32
2528;18;-34
2529;22;-36
2530;22;-40
2531;24;-46
2532;24;-54
2533;26;-56
2534;28;-56
2535;28;-48
2536;32;-40
2537;34;-30
2538;34;-24
2539;38;-22
2540;36;-20
2541;38;-22
2542;40;-26
2543;42;-26
2544;42;-28
2545;44;-30
2546;30;-30
2547;48;-30
2548;46;-32
2549;52;-32
2550;50;-32
2551;50;-34
2552;52;-32
2553;52;-32
2554;56;-26
2555;58;-32
2556;70;-40
2557;58;-44
2558;60;-48
2559;62;-48
2560;60;-44
2561;64;-36
2562;62;-26
2563;58;-20
2564;66;-14
2565;66;-14
2566;70;-14
2567;70;-16
2568;68;-18
2569;70;-22
2570;72;-22
2571;72;-22
2572;72;-24
2573;78;-24
2574;72;-24
2575;74;-26
2576;74;-26
2577;76;-26
2578;76;-30
2579;76;-36
2580;74;-42
2581;78;-46
2582;78;-48
2583;82;-44
2584;80;-32
2585;80;-20
2586;80;-14
2587;84;-14
2588;82;-14
2589;82;-16
2590;84;-18
2591;84;-20
2592;84;-20
2593;84;-22
2594;86;-22
2595;84;-22
2596;88;-24
2597;90;-24
2598;88;-26
2599;86;-28
2600;88;-34
2601;88;-42
2602;88;-48
2603;88;-48
2604;70;-44
2605;88;-38
2606;90;-12
2607;90;-2
2608;90;4
2609;92;4
2610;90;4
2611;92;0
2612;92;-2
2613;92;-4
2614;104;-6
2615;92;-8
2616;92;-8
2617;94;-8
2618;92;-8
2619;92;-8
2620;94;-10
2621;88;-12
2622;94;-18
2623;94;-24
2624;92;-30
2625;94;-32
2626;96;-32
2627;94;-26
2628;96;-16
2629;96;-8
2630;94;0
2631;98;4
2632;96;4
2633;96;2
2634;96;0
2635;96;-4
2636;96;-4
2637;96;-6
2638;90;-6
2639;96;-8
2640;96;-8
2641;100;-8
2642;96;-10
2643;94;-10
2644;94;-10
2645;96;-10
2646;96;-14
2647;96;-20
2648;96;-26
2649;96;-32
2650;94;-32
2651;96;-28
2652;96;-22
2653;94;-12
2654;96;-4
2655;88;0
2656;94;4
2657;94;4
2658;94;26
2659;94;24
2660;92;22
2661;92;20
2662;92;20
2663;94;16
2664;94;10
2665;92;2
2666;92;-4
2667;92;-8
2668;92;-6
2669;90;4
2670;90;16
2671;90;24
2672;96;28
2673;90;28
2674;88;26
2675;90;24
2676;88;22
2677;86;20
2678;88;20
2679;90;18
2680;86;18
2681;88;18
2682;78;16
2683;84;16
2684;86;16
2685;84;12
2686;86;4
2687;86;-2
2688;86;-8
2689;76;-10
2690;84;-4
2691;84;8
2692;84;20
2693;84;26
2694;84;30
2695;82;28
2696;80;26
2697;80;24
2698;80;22
2699;80;20
2700;80;18
2701;80;16
2702;78;16
2703;78;16
2704;78;16
2705;78;16
2706;80;14
2707;76;10
2708;78;4
2709;76;-2
2710;76;18
2711;76;16
2712;76;18
2713;74;28
2714;74;42
2715;74;50
2716;74;54
2717;74;54
2718;74;50
2719;72;48
2720;90;46
2721;72;44
2722;72;44
2723;66;42
2724;70;44
2725;70;42
2726;68;42
2727;68;38
2728;68;32
2729;68;24
2730;74;20
2731;68;18
2732;66;16
2733;68;26
2734;68;34
2735;66;44
2736;66;50
2737;82;52
2738;66;52
2739;66;52
2740;58;48
2741;64;46
2742;64;46
2743;62;44
2744;62;42
2745;60;42
2746;62;42
2747;54;40
2748;62;40
2749;62;42
2750;62;40
2751;60;40
2752;60;36
2753;58;28
2754;64;20
2755;60;16
2756;58;16
2757;56;20
2758;56;26
2759;58;36
2760;56;46
2761;56;54
2762;56;70
2763;56;70
2764;54;66
2765;54;64
2766;56;62
2767;54;60
2768;52;58
2769;52;56
2770;50;58
2771;58;56
2772;52;56
2773;52;56
2774;50;52
2775;50;46
2776;48;38
2777;50;34
2778;38;30
2779;50;34
2780;50;46
2781;50;60
2782;48;68
2783;48;68
2784;48;68
2785;46;66
2786;46;64
2787;46;62
2788;44;60
2789;46;58
2790;44;58
2791;46;56
2792;46;56
2793;44;56
2794;44;56
2795;42;50
2796;42;42
2797;42;36
2798;48;32
2799;40;30
2800;40;36
2801;40;44
2802;40;54
2803;40;64
2804;40;68
2805;42;68
2806;40;66
2807;38;64
2808;40;62
2809;38;60
2810;38;58
2811;38;56
2812;40;56
2813;36;56
2814;38;56
2815;34;52
2816;36;48
2817;36;40
2818;34;34
2819;36;30
2820;34;28
2821;34;32
2822;34;40
2823;36;50
2824;36;58
2825;36;64
2826;34;66
2827;34;64
2828;34;62
2829;40;60
2830;34;58
2831;32;58
2832;32;56
2833;34;54
2834;34;54
2835;34;54
2836;22;52
2837;32;54
2838;32;52
2839;34;48
2840;32;42
2841;32;34
2842;30;30
2843;30;28
2844;30;30
2845;30;40
2846;32;48
2847;30;58
2848;30;62
2849;30;64
2850;30;64
2851;28;62
2852;30;60
2853;26;58
2854;26;56
2855;26;56
2856;30;54
2857;26;54
2858;26;52
2859;26;54
2860;26;52
2861;26;48
2862;26;44
2863;20;34
2864;24;28
2865;22;28
2866;24;34
2867;22;26
2868;20;34
2869;22;42
2870;24;46
2871;20;46
2872;18;44
2873;16;42
2874;16;40
2875;16;40
2876;16;38
2877;16;36
2878;14;36
2879;12;36
2880;14;34
2881;12;36
2882;12;34
2883;10;32
2884;10;28
2885;10;20
2886;8;16
2887;10;10
2888;8;10
2889;6;16
2890;4;30
2891;6;40
2892;4;46
2893;2;48
2894;6;46
2895;0;42
2896;0;40
2897;2;40
2898;-4;38
2899;-2;36
2900;-4;36
2901;-4;38
2902;-6;34
2903;-6;34
2904;-8;30
2905;-8;22
2906;-8;16
2907;-10;12
2908;-10;8
2909;-12;14
2910;-14;22
2911;-20;32
2912;-16;40
2913;-16;46
2914;-8;46
2915;-18;44
2916;-18;42
2917;-20;42
2918;-20;40
2919;-22;14
2920;-24;10
2921;-18;2
2922;-26;-6
2923;-26;-10
2924;-26;-14
2925;-28;-10
2926;-28;2
2927;-32;14
2928;-34;20
2929;-32;22
2930;-34;22
2931;-34;22
2932;-36;18
2933;-36;16
2934;-40;14
2935;-38;14
2936;-40;12
2937;-42;12
2938;-40;12
2939;-42;10
2940;-44;12
2941;-46;10
2942;-46;6
2943;-48;0
2944;-50;-8
2945;-44;-12
2946;-50;-16
2947;-52;-12
2948;-54;-4
2949;-54;4
2950;-56;14
2951;-58;22
2952;-60;22
2953;-58;22
2954;-60;20
2955;-60;18
2956;-62;16
2957;-64;14
2958;-64;12
2959;-66;12
2960;-66;12
2961;-68;12
2962;-70;12
2963;-70;6
2964;-72;-2
2965;-72;-8
2966;-74;-12
2967;-74;-16
2968;-74;-12
2969;-82;-2
2970;-78;10
2971;-80;-2
2972;-70;2
2973;-80;4
2974;-82;2
2975;-86;0
2976;-84;-4
2977;-84;-6
2978;-86;-6
2979;-78;-6
2980;-90;-8
2981;-88;-8
2982;-90;-10
2983;-92;-8
2984;-92;-10
2985;-92;-12
2986;-102;-18
2987;-94;-24
2988;-96;-30
2989;-94;-32
2990;-96;-32
2991;-98;-28
2992;-100;-16
2993;-100;-8
2994;-102;0
2995;-102;2
2996;-100;2
2997;-104;0
2998;-106;-2
2999;-104;-4
3000;-106;-6
3001;-108;-6
3002;-110;-8
3003;-104;-8
3004;-108;-8
3005;-110;-10
3006;-112;-10
3007;-112;-10
3008;-114;-14
3009;-114;-20
3010;-116;-28
3011;-114;-32
3012;-116;-34
3013;-116;-30
3014;-116;-22
3015;-118;-12
3016;-116;-2
3017;-120;0
3018;-118;4
3019;-120;0
3020;-120;-2
3021;-120;-2
3022;-120;-4
3023;-122;-18
3024;-122;-22
3025;-122;-26
3026;-122;-34
3027;-144;-40
3028;-122;-44
3029;-122;-46
3030;-124;-38
3031;-122;-24
3032;-124;-16
3033;-124;-12
3034;-124;-10
3035;-124;-12
3036;-124;-14
3037;-126;-18
3038;-126;-18
3039;-124;-18
3040;-124;-20
3041;-124;-22
3042;-126;-20
3043;-124;-20
3044;-126;-22
3045;-124;-22
3046;-124;-24
3047;-122;-32
3048;-124;-40
3049;-124;-44
3050;-122;-46
3051;-122;-44
3052;-124;-34
3053;-122;-22
3054;-120;-14
3055;-122;-10
3056;-120;-10
3057;-120;-14
3058;-122;-14
3059;-118;-18
3060;-118;-18
3061;-114;-20
3062;-118;-20
3063;-118;-22
3064;-116;-20
3065;-116;-22
3066;-114;-24
3067;-116;-24
3068;-110;-28
3069;-114;-34
3070;-112;-40
3071;-114;-46
3072;-110;-46
3073;-112;-40
3074;-112;-26
3075;-110;-24
3076;-108;-18
3077;-108;-18
3078;-102;-18
3079;-106;-20
3080;-106;-24
3081;-104;-26
3082;-104;-26
3083;-102;-28
3084;-102;-28
3085;-122;-30
3086;-102;-34
3087;-98;-40
3088;-92;-48
3089;-96;-52
3090;-96;-52
3091;-96;-50
3092;-94;-42
3093;-92;-34
3094;-92;-24
3095;-78;-20
3096;-88;-18
3097;-88;-18
3098;-86;-20
3099;-84;-22
3100;-84;-24
3101;-82;-26
3102;-98;-28
3103;-80;-28
3104;-80;-28
3105;-78;-28
3106;-78;-30
3107;-76;-30
3108;-76;-30
3109;-74;-32
3110;-72;-36
3111;-72;-44
3112;-62;-48
3113;-68;-52
3114;-66;-52
3115;-64;-46
3116;-62;-38
3117;-60;-28
3118;-60;-22
3119;-56;-18
3120;-56;-18
3121;-56;-20
3122;-48;-22
3123;-50;-24
3124;-50;-26
3125;-48;-26
3126;-44;-26
3127;-46;-34
3128;-42;-38
3129;-40;-44
3130;-40;-50
3131;-36;-54
3132;-38;-58
3133;-34;-58
3134;-32;-50
3135;-32;-38
3136;-26;-28
3137;-26;-26
3138;-24;-24
3139;-22;-26
3140;-20;-28
3141;-20;-30
3142;-18;-32
3143;-32;-34
3144;-14;-34
3145;-12;-34
3146;-6;-36
3147;-8;-36
3148;-6;-36
3149;-6;-36
3150;-2;-38
3151;-2;-44
3152;0;-50
3153;14;-56
3154;4;-58
3155;6;-58
3156;6;-50
3157;8;-36
3158;8;-28
3159;12;-26
3160;6;-24
3161;14;-26
3162;18;-28
3163;20;-30
3164;20;-32
3165;22;-34
3166;24;-34
3167;26;-34
3168;28;-34
3169;28;-34
3170;36;-36
3171;32;-36
3172;32;-42
3173;36;-48
3174;36;-54
3175;38;-58
3176;38;-60
3177;34;-54
3178;40;-42
3179;42;-32
3180;46;-24
3181;44;-22
3182;48;-22
3183;46;-24
3184;48;-24
3185;50;-26
3186;50;-30
3187;50;-30
3188;52;-30
3189;54;-32
3190;54;-32
3191;56;-32
3192;58;-34
3193;58;-34
3194;56;-34
3195;60;-34
3196;60;-42
3197;64;-50
3198;64;-54
3199;64;-56
3200;64;-54
3201;66;-46
3202;66;-36
3203;68;-28
3204;60;-24
3205;70;-22
3206;72;-22
3207;70;-22
3208;70;-26
3209;70;-28
3210;74;-30
3211;72;-30
3212;74;-32
3213;76;-32
3214;78;-32
3215;76;-32
3216;76;-32
3217;76;-32
3218;84;-32
3219;80;-34
3220;78;-40
3221;72;-46
3222;82;-52
3223;80;-54
3224;82;-54
3225;82;-50
3226;82;-40
3227;84;-32
3228;74;-26
3229;84;-22
3230;84;-20
3231;86;-6
3232;86;-8
3233;86;-10
3234;88;-12
3235;84;-12
3236;88;-14
3237;88;-20
3238;88;-26
3239;88;-34
3240;90;-38
3241;90;-40
3242;92;-36
3243;90;-24
3244;92;-12
3245;94;-6
3246;92;-4
3247;92;-4
3248;92;-6
3249;92;-8
3250;92;-12
3251;94;-12
3252;92;-14
3253;92;-14
3254;92;-16
3255;96;-16
3256;94;-16
3257;94;-16
3258;96;-20
3259;100;-26
3260;94;-32
3261;96;-38
3262;86;-40
3263;96;-38
3264;96;-30
3265;96;-20
3266;96;-10
3267;96;-6
3268;96;-4
3269;88;-4
3270;96;-6
3271;96;-10
3272;98;-10
3273;98;-12
3274;96;-14
3275;98;-14
3276;114;-16
3277;96;-16
3278;96;-16
3279;88;-18
3280;96;-16
3281;96;-16
3282;96;-14
3283;94;6
3284;94;2
3285;94;-6
3286;82;-12
3287;94;-14
3288;92;-16
3289;94;-14
3290;94;-4
3291;92;6
3292;94;16
3293;96;18
3294;92;20
3295;90;20
3296;90;18
3297;92;16
3298;92;12
3299;90;12
3300;90;10
3301;90;8
3302;90;10
3303;92;8
3304;88;8
3305;88;6
3306;88;2
3307;88;-6
3308;88;-10
3309;88;-16
3310;84;-18
3311;86;-12
3312;86;-4
3313;84;6
3314;84;14
3315;84;20
3316;84;18
3317;104;20
3318;82;18
3319;84;16
3320;76;12
3321;82;12
3322;84;10
3323;82;10
3324;84;8
3325;84;8
3326;84;8
3327;82;6
3328;82;8
3329;82;4
3330;84;-2
3331;80;-10
3332;82;-16
3333;82;-18
3334;96;-14
3335;82;24
3336;80;34
3337;76;42
3338;80;48
3339;80;50
3340;78;48
3341;80;46
3342;80;44
3343;78;42
3344;70;42
3345;78;40
3346;78;38
3347;78;38
3348;76;38
3349;76;38
3350;76;38
3351;80;36
3352;76;30
3353;76;22
3354;72;18
3355;74;14
3356;74;14
3357;72;22
3358;74;34
3359;72;44
3360;72;50
3361;72;50
3362;72;50
3363;72;46
3364;72;44
3365;70;42
3366;70;42
3367;68;40
3368;74;38
3369;68;38
3370;68;38
3371;64;38
3372;68;38
3373;66;38
3374;66;34
3375;58;30
3376;66;24
3377;66;16
3378;66;14
3379;64;12
3380;62;18
3381;64;34
3382;62;44
3383;62;48
3384;62;48
3385;58;48
3386;62;46
3387;60;66
3388;60;64
3389;60;62
3390;62;62
3391;58;60
3392;62;56
3393;58;48
3394;58;40
3395;60;36
3396;56;32
3397;56;34
3398;54;42
3399;56;54
3400;54;64
3401;54;68
3402;42;72
3403;54;70
3404;52;68
3405;52;66
3406;52;64
3407;52;62
3408;50;60
3409;54;60
3410;50;60
3411;50;60
3412;46;60
3413;48;58
3414;48;58
3415;48;58
3416;50;56
3417;48;50
3418;48;42
3419;46;38
3420;46;34
3421;46;32
3422;48;40
3423;46;50
3424;46;60
3425;42;66
3426;50;70
3427;44;70
3428;44;68
3429;40;66
3430;44;64
3431;42;62
3432;42;62
3433;44;60
3434;40;60
3435;42;58
3436;40;58
3437;40;58
3438;42;58
3439;40;60
3440;40;56
3441;40;50
3442;40;42
3443;36;38
3444;40;34
3445;38;34
3446;40;40
3447;40;52
3448;38;62
3449;40;68
3450;40;70
3451;36;72
3452;36;70
3453;40;66
3454;36;64
3455;38;62
3456;36;62
3457;36;60
3458;36;60
3459;36;60
3460;34;60
3461;36;58
3462;34;60
3463;36;58
3464;34;58
3465;34;56
3466;34;50
3467;36;42
3468;34;36
3469;34;32
3470;30;34
3471;32;42
3472;32;52
3473;32;62
3474;32;68
3475;30;70
3476;30;70
3477;30;68
3478;30;68
3479;30;64
3480;30;62
3481;30;60
3482;30;60
3483;28;58
3484;34;58
3485;30;58
3486;28;58
3487;26;58
3488;28;56
3489;26;58
3490;26;58
3491;18;58
3492;26;38
3493;24;32
3494;24;24
3495;22;20
3496;24;18
3497;22;20
3498;22;26
3499;22;36
3500;22;46
3501;24;52
3502;20;54
3503;20;54
3504;20;52
3505;18;50
3506;18;48
3507;18;46
3508;-4;44
3509;16;44
3510;16;42
3511;24;42
3512;14;42
3513;12;42
3514;12;42
3515;12;42
3516;12;38
3517;12;30
3518;22;26
3519;10;18
3520;8;18
3521;6;18
3522;8;26
3523;8;36
3524;6;46
3525;-8;52
3526;6;54
3527;4;52
3528;6;52
3529;2;48
3530;2;46
3531;0;44
3532;0;44
3533;-2;42
3534;-2;42
3535;4;40
3536;-4;42
3537;-4;42
3538;-6;40
3539;-6;36
3540;-6;28
3541;-8;22
3542;-8;18
3543;-10;16
3544;-10;0
3545;-10;12
3546;-10;24
3547;-14;30
3548;-14;32
3549;-20;28
3550;-16;28
3551;-18;24
3552;-14;24
3553;-18;22
3554;-20;20
3555;-22;20
3556;-22;20
3557;-22;18
3558;-22;18
3559;-22;18
3560;-26;12
3561;-26;6
3562;-28;-2
3563;-28;-8
3564;-28;-6
3565;-30;-2
3566;-56;8
3567;-32;18
3568;-34;26
3569;-28;30
3570;-36;30
3571;-38;30
3572;-40;26
3573;-40;24
3574;-42;24
3575;-44;22
3576;-34;20
3577;-44;20
3578;-46;20
3579;-48;18
3580;-50;18
3581;-50;18
3582;-52;16
3583;-68;18
3584;-54;14
3585;-56;6
3586;-54;-2
3587;-58;-6
3588;-58;-8
3589;-60;-4
3590;-62;4
3591;-64;16
3592;-64;22
3593;-62;28
3594;-66;30
3595;-68;30
3596;-68;4
3597;-70;2
3598;-72;0
3599;-74;-2
3600;-72;-4
3601;-74;-6
3602;-76;-14
3603;-76;-20
3604;-78;-26
3605;-80;-30
3606;-82;-28
3607;-82;-20
3608;-82;-8
3609;-84;0
3610;-88;6
3611;-86;6
3612;-86;4
3613;-88;2
3614;-90;-2
3615;-90;-2
3616;-92;-4
3617;-88;-6
3618;-92;-6
3619;-92;-6
3620;-94;-6
3621;-96;-8
3622;-96;-8
3623;-98;-12
3624;-122;-18
3625;-100;-24
3626;-100;-30
3627;-92;-30
3628;-102;-28
3629;-104;-18
3630;-104;-8
3631;-106;2
3632;-106;6
3633;-106;6
3634;-96;6
3635;-110;2
3636;-110;-2
3637;-110;-2
3638;-110;-2
3639;-112;-4
3640;-112;-6
3641;-124;-6
3642;-114;-6
3643;-114;-6
3644;-114;-6
3645;-116;-14
3646;-116;-18
3647;-118;-24
3648;-116;-44
3649;-118;-46
3650;-118;-42
3651;-116;-36
3652;-118;-28
3653;-120;-18
3654;-118;-14
3655;-120;-12
3656;-122;-12
3657;-120;-14
3658;-128;-16
3659;-122;-18
3660;-122;-20
3661;-120;-22
3662;-124;-22
3663;-124;-22
3664;-124;-24
3665;-124;-22
3666;-124;-24
3667;-124;-28
3668;-124;-36
3669;-126;-42
3670;-126;-46
3671;-126;-46
3672;-126;-40
3673;-126;-28
3674;-124;-18
3675;-130;-14
3676;-126;-12
3677;-124;-12
3678;-124;-14
3679;-126;-16
3680;-126;-20
3681;-124;-20
3682;-120;-22
3683;-124;-20
3684;-126;-22
3685;-132;-22
3686;-124;-24
3687;-126;-26
3688;-124;-30
3689;-124;-38
3690;-124;-42
3691;-124;-46
3692;-114;-46
3693;-122;-40
3694;-122;-30
3695;-120;-22
3696;-122;-16
3697;-120;-12
3698;-118;-10
3699;-116;-12
3700;-118;-22
3701;-120;-24
3702;-126;-26
3703;-118;-26
3704;-116;-30
3705;-118;-34
3706;-114;-40
3707;-114;-48
3708;-114;-52
3709;-126;-54
3710;-112;-50
3711;-112;-40
3712;-108;-30
3713;-108;-22
3714;-110;-20
3715;-108;-20
3716;-108;-22
3717;-106;-22
3718;-106;-26
3719;-106;-28
3720;-102;-28
3721;-102;-30
3722;-100;-30
3723;-100;-32
3724;-98;-38
3725;-96;-44
3726;-94;-50
3727;-94;-54
3728;-94;-54
3729;-92;-46
3730;-92;-38
3731;-90;-30
3732;-88;-24
3733;-90;-20
3734;-86;-20
3735;-86;-22
3736;-84;-24
3737;-80;-24
3738;-84;-26
3739;-80;-28
3740;-60;-28
3741;-78;-30
3742;-78;-30
3743;-78;-30
3744;-74;-34
3745;-70;-40
3746;-72;-46
3747;-68;-52
3748;-66;-54
3749;-64;-52
3750;-72;-44
3751;-62;-32
3752;-60;-30
3753;-58;-26
3754;-58;-26
3755;-56;-26
3756;-52;-30
3757;-30;-30
3758;-50;-34
3759;-48;-36
3760;-52;-34
3761;-46;-36
3762;-44;-36
3763;-44;-38
3764;-40;-36
3765;-40;-40
3766;-36;-44
3767;-36;-52
3768;-36;-56
3769;-32;-60
3770;-30;-60
3771;-28;-52
3772;-26;-40
3773;-26;-30
3774;-22;-26
3775;-20;-26
3776;-18;-28
3777;-22;-30
3778;-18;-30
3779;-12;-34
3780;-12;-36
3781;-10;-36
3782;-8;-34
3783;-8;-36
3784;-6;-38
3785;-2;-38
3786;-2;-42
3787;0;-48
3788;2;-56
3789;2;-58
3790;4;-60
3791;8;-56
3792;8;-48
3793;10;-40
3794;8;-30
3795;12;-26
3796;14;-26
3797;16;-26
3798;16;-28
3799;20;-30
3800;22;-32
3801;22;-34
3802;24;-34
3803;24;-34
3804;28;-34
3805;28;-38
3806;30;-44
3807;32;-50
3808;32;-54
3809;34;-58
3810;34;-56
3811;38;-50
3812;36;-40
3813;38;-32
3814;40;-26
3815;40;-24
3816;44;-24
3817;46;-26
3818;50;-28
3819;48;-30
3820;48;-30
3821;48;-32
3822;48;-34
3823;52;-34
3824;54;-34
3825;58;-34
3826;56;-34
3827;58;-36
3828;60;-36
3829;58;-42
3830;60;-48
3831;60;-52
3832;60;-56
3833;64;-58
3834;66;-54
3835;66;-44
3836;66;-36
3837;68;-28
3838;68;-24
3839;68;-24
3840;70;-24
3841;72;-26
3842;74;-28
3843;72;-30
3844;74;-32
3845;74;-32
3846;74;-34
3847;76;-34
3848;78;-34
3849;84;-34
3850;78;-34
3851;78;-34
3852;80;-38
3853;80;-42
3854;82;-48
3855;82;-54
3856;74;-40
3857;84;-40
3858;84;-36
3859;86;-28
3860;84;-18
3861;86;-10
3862;86;-6
3863;88;-4
3864;86;-8
3865;90;-10
3866;92;-12
3867;88;-12
3868;88;-14
3869;88;-14
3870;90;-16
3871;90;-16
3872;90;-18
3873;70;-18
3874;92;-18
3875;92;-18
3876;100;-20
3877;92;-28
3878;94;-32
3879;92;-38
3880;94;-42
3881;94;-40
3882;94;-28
3883;102;-16
3884;94;-8
3885;94;-6
3886;96;-6
3887;96;-8
3888;94;-10
3889;94;-12
3890;82;-14
3891;96;-16
3892;94;-16
3893;96;-16
3894;96;-18
3895;94;-18
3896;94;-18
3897;96;-18
3898;96;-22
3899;96;-30
3900;98;-36
3901;96;-40
3902;96;-40
3903;96;-36
3904;96;-28
3905;96;-18
3906;94;-10
3907;102;-6
3908;96;20
3909;96;18
3910;94;16
3911;98;14
3912;94;12
3913;96;12
3914;88;10
3915;94;10
3916;94;8
3917;96;8
3918;94;4
3919;92;-2
3920;94;-8
3921;94;-16
3922;94;-18
3923;92;-16
3924;96;-4
3925;94;8
3926;94;16
3927;92;20
3928;92;18
3929;94;16
3930;92;16
3931;74;12
3932;90;12
3933;90;10
3934;100;10
3935;90;8
3936;90;8
3937;90;8
3938;90;6
3939;88;0
3940;90;-8
3941;102;-14
3942;88;-18
3943;88;-18
3944;86;-12
3945;88;-2
3946;86;8
3947;86;16
3948;72;20
3949;86;20
3950;86;20
3951;88;16
3952;86;14
3953;84;12
3954;86;10
3955;84;8
3956;86;8
3957;86;6
3958;90;8
3959;84;8
3960;84;36
3961;82;32
3962;84;26
3963;82;18
3964;82;14
3965;80;10
3966;82;14
3967;84;22
3968;84;32
3969;82;40
3970;82;46
3971;80;48
3972;80;46
3973;80;46
3974;80;44
3975;78;42
3976;78;40
3977;78;38
3978;78;38
3979;76;38
3980;76;36
3981;78;38
3982;76;34
3983;76;36
3984;76;34
3985;78;30
3986;74;22
3987;76;16
3988;74;12
3989;62;12
3990;74;16
3991;72;26
3992;80;36
3993;70;42
3994;72;48
3995;70;48
3996;70;46
3997;72;44
3998;70;42
3999;82;40
4000;70;38
4001;68;38
4002;68;38
4003;68;36
4004;66;36
4005;66;36
4006;56;36
4007;68;36
4008;68;30
4009;64;24
4010;64;16
4011;66;14
4012;64;32
4013;64;36
4014;62;44
4015;64;54
4016;68;64
4017;64;68
4018;62;70
4019;62;70
4020;60;68
4021;60;64
4022;60;64
4023;54;62
4024;58;60
4025;60;60
4026;62;58
4027;58;58
4028;56;58
4029;56;58
4030;56;58
4031;56;58
4032;56;56
4033;54;52
4034;54;44
4035;56;38
4036;54;34
4037;56;34
4038;54;38
4039;54;52
4040;50;64
4041;52;70
4042;52;70
4043;56;68
4044;52;68
4045;52;64
4046;52;62
4047;54;60
4048;50;60
4049;50;60
4050;42;58
4051;50;58
4052;50;56
4053;48;58
4054;48;54
4055;50;48
4056;48;38
4057;54;34
4058;48;32
4059;48;34
4060;46;42
4061;46;52
4062;46;62
4063;44;68
4064;40;70
4065;46;74
4066;46;70
4067;48;68
4068;46;66
4069;44;66
4070;44;62
4071;46;62
4072;44;62
4073;42;60
4074;42;60
4075;42;60
4076;40;54
4077;42;46
4078;40;40
4079;40;36
4080;40;36
4081;34;44
4082;38;52
4083;38;64
4084;40;70
4085;38;72
4086;38;72
4087;38;72
4088;36;68
4089;36;66
4090;36;66
4091;36;64
4092;34;64
4093;34;62
4094;34;62
4095;34;60
4096;34;60
4097;36;60
4098;30;60
4099;34;60
4100;34;60
4101;34;56
4102;30;50
4103;30;42
4104;32;38
4105;40;34
4106;30;38
4107;30;44
4108;22;56
4109;30;64
4110;28;72
4111;30;74
4112;28;72
4113;28;70
4114;30;68
4115;22;66
4116;28;66
4117;26;46
4118;28;46
4119;26;40
4120;26;32
4121;26;24
4122;40;22
4123;24;20
4124;26;28
4125;16;40
4126;24;52
4127;24;56
4128;22;56
4129;22;54
4130;20;52
4131;22;50
4132;8;48
4133;22;46
4134;20;44
4135;20;44
4136;20;42
4137;18;44
4138;20;44
4139;18;42
4140;18;42
4141;18;38
4142;18;30
4143;14;24
4144;16;18
4145;14;18
4146;14;24
4147;14;32
4148;14;42
4149;14;52
4150;10;54
4151;10;56
4152;12;54
4153;10;52
4154;8;50
4155;8;48
4156;6;46
4157;6;44
4158;6;46
4159;4;44
4160;6;44
4161;4;42
4162;4;44
4163;22;42
4164;2;36
4165;2;26
4166;0;22
4167;0;18
4168;-2;20
4169;-2;2
4170;-2;12
4171;-4;20
4172;-6;26
4173;-12;30
4174;-6;30
4175;-6;28
4176;-8;26
4177;-10;24
4178;-10;22
4179;-10;20
4180;0;20
4181;-14;18
4182;-14;18
4183;-16;18
4184;-16;18
4185;-16;18
4186;-20;16
4187;-20;18
4188;-22;14
4189;-22;8
4190;-32;2
4191;-24;-4
4192;-26;-8
4193;-26;-6
4194;-26;4
4195;-28;18
4196;-28;26
4197;-26;30
4198;-32;30
4199;-32;28
4200;-36;24
4201;-34;24
4202;-36;22
4203;-38;20
4204;-40;20
4205;-38;20
4206;-40;18
4207;-42;18
4208;-42;18
4209;-44;16
4210;-46;10
4211;-46;4
4212;-48;-4
4213;-48;-6
4214;-50;-8
4215;-52;-2
4216;-52;8
4217;-54;18
4218;-56;26
4219;-58;30
4220;-58;30
4221;-40;6
4222;-60;2
4223;-62;-2
4224;-64;0
4225;-62;-4
4226;-64;-6
4227;-64;-10
4228;-66;-18
4229;-68;-26
4230;-68;-28
4231;-70;-30
4232;-72;-24
4233;-72;-10
4234;-72;0
4235;-76;6
4236;-76;6
4237;-78;4
4238;-72;2
4239;-78;0
4240;-80;-2
4241;-76;-2
4242;-84;-4
4243;-84;-6
4244;-84;-6
4245;-84;-6
4246;-86;-6
4247;-88;-6
4248;-90;-8
4249;-90;-8
4250;-90;-12
4251;-92;-20
4252;-92;-26
4253;-92;-30
4254;-94;-32
4255;-94;-26
4256;-96;-18
4257;-98;-8
4258;-96;0
4259;-100;4
4260;-100;6
4261;-100;6
4262;-102;4
4263;-104;0
4264;-102;-2
4265;-104;-2
4266;-106;-4
4267;-106;-4
4268;-106;-6
4269;-108;-8
4270;-108;-8
4271;-112;-6
4272;-104;-6
4273;-112;-24
4274;-112;-30
4275;-112;-36
4276;-114;-42
4277;-114;-44
4278;-116;-46
4279;-118;-42
4280;-116;-32
4281;-120;-24
4282;-116;-16
4283;-118;-12
4284;-118;-10
4285;-120;-12
4286;-120;-14
4287;-120;-16
4288;-122;-18
4289;-126;-20
4290;-124;-20
4291;-124;-22
4292;-124;-22
4293;-124;-24
4294;-124;-24
4295;-124;-22
4296;-130;-24
4297;-126;-26
4298;-126;-32
4299;-118;-40
4300;-128;-44
4301;-126;-46
4302;-128;-44
4303;-130;-38
4304;-128;-28
4305;-128;-20
4306;-118;-14
4307;-130;-12
4308;-128;-12
4309;-128;-14
4310;-128;-16
4311;-128;-18
4312;-128;-20
4313;-142;-20
4314;-130;-20
4315;-130;-22
4316;-126;-22
4317;-130;-24
4318;-128;-24
4319;-128;-24
4320;-128;-24
4321;-128;-28
4322;-128;-36
4323;-122;-42
4324;-124;-44
4325;-126;-54
4326;-124;-54
4327;-124;-44
4328;-124;-34
4329;-122;-26
4330;-120;-22
4331;-122;-20
4332;-122;-20
4333;-118;-24
4334;-120;-24
4335;-118;-26
4336;-120;-28
4337;-116;-30
4338;-116;-30
4339;-114;-30
4340;-116;-30
4341;-114;-32
4342;-114;-32
4343;-112;-32
4344;-112;-34
4345;-110;-40
4346;-110;-46
4347;-106;-52
4348;-106;-54
4349;-106;-52
4350;-106;-46
4351;-104;-36
4352;-104;-28
4353;-102;-22
4354;-118;-20
4355;-100;-20
4356;-100;-20
4357;-92;-24
4358;-96;-26
4359;-96;-26
4360;-96;-28
4361;-94;-30
4362;-94;-28
4363;-90;-30
4364;-92;-30
4365;-88;-32
4366;-88;-32
4367;-84;-34
4368;-84;-38
4369;-84;-42
4370;-84;-46
4371;-90;-52
4372;-80;-54
4373;-80;-50
4374;-74;-38
4375;-76;-26
4376;-76;-18
4377;-74;-18
4378;-72;-24
4379;-70;-26
4380;-68;-28
4381;-62;-30
4382;-66;-32
4383;-64;-34
4384;-62;-40
4385;-62;-46
4386;-62;-52
4387;-58;-56
4388;-58;-56
4389;-56;-50
4390;-54;-44
4391;-48;-34
4392;-50;-26
4393;-50;-22
4394;-48;-22
4395;-44;-24
4396;-46;-26
4397;-42;-28
4398;-44;-30
4399;-38;-32
4400;-38;-32
4401;-36;-32
4402;-36;-34
4403;-32;-34
4404;-30;-34
4405;-30;-34
4406;-28;-34
4407;-26;-40
4408;-20;-46
4409;-24;-52
4410;-20;-56
4411;-18;-56
4412;-26;-54
4413;-16;-46
4414;-14;-36
4415;-16;-28
4416;-8;-24
4417;-8;-22
4418;-6;-24
4419;-6;-26
4420;-4;-26
4421;0;-30
4422;12;-30
4423;2;-32
4424;4;-32
4425;6;-34
4426;8;-34
4427;8;-34
4428;12;-34
4429;8;-34
4430;14;-38
4431;14;-44
4432;20;-50
4433;18;-54
4434;20;-56
4435;22;-52
4436;24;-42
4437;26;-30
4438;26;-22
4439;30;-22
4440;30;-22
4441;32;-24
4442;34;-26
4443;34;-28
4444;34;-30
4445;38;-30
4446;40;-32
4447;40;-32
4448;42;-32
4449;46;-34
4450;44;-32
4451;46;-36
4452;46;-38
4453;50;-46
4454;50;-52
4455;50;-54
4456;48;-56
4457;54;-52
4458;54;-44
4459;54;-36
4460;56;-28
4461;58;-22
4462;60;-22
4463;60;-22
4464;60;-24
4465;60;-26
4466;64;-28
4467;64;-30
4468;64;-32
4469;66;-30
4470;56;-32
4471;68;-30
4472;68;-32
4473;70;-34
4474;70;-40
4475;72;-48
4476;70;-52
4477;72;-56
4478;72;-56
4479;72;-48
4480;88;-38
4481;74;-12
4482;76;-8
4483;76;-6
4484;76;-6
4485;78;-8
4486;78;-10
4487;70;-12
4488;80;-14
4489;80;-14
4490;82;-16
4491;82;-16
4492;82;-16
4493;82;-18
4494;84;-18
4495;84;-18
4496;86;-20
4497;92;-24
4498;86;-30
4499;84;-38
4500;88;-40
4501;88;-40
4502;86;-34
4503;88;-26
4504;88;-16
4505;90;-8
4506;90;-6
4507;92;-6
4508;92;-8
4509;90;-8
4510;92;-10
4511;94;-12
4512;92;-14
4513;92;-16
4514;92;-14
4515;92;-16
4516;94;-16
4517;96;-18
4518;94;-18
4519;92;-18
4520;92;-18
4521;94;-22
4522;96;-30
4523;96;-36
4524;98;-40
4525;96;-40
4526;94;-34
4527;96;-22
4528;88;-12
4529;96;-6
4530;96;-6
4531;94;-6
4532;98;-6
4533;98;14
4534;98;10
4535;98;4
4536;98;-4
4537;98;-10
4538;108;-16
4539;98;-18
4540;98;-16
4541;98;-8
4542;96;2
4543;96;12
4544;96;16
4545;96;18
4546;98;18
4547;96;16
4548;92;12
4549;96;12
4550;96;10
4551;96;8
4552;96;6
4553;96;6
4554;96;6
4555;94;6
4556;98;4
4557;96;4
4558;96;4
4559;96;4
4560;96;0
4561;96;-10
4562;90;-14
4563;96;-18
4564;94;-20
4565;96;-16
4566;96;-6
4567;94;6
4568;94;14
4569;94;16
4570;94;18
4571;94;16
4572;92;14
4573;92;12
4574;90;10
4575;90;8
4576;90;6
4577;90;4
4578;90;6
4579;84;6
4580;88;6
4581;88;4
4582;88;0
4583;86;-6
4584;86;-12
4585;86;10
4586;84;6
4587;84;8
4588;84;16
4589;84;26
4590;84;34
4591;84;40
4592;84;44
4593;86;42
4594;82;40
4595;82;40
4596;90;38
4597;82;34
4598;82;34
4599;82;34
4600;80;32
4601;80;32
4602;82;32
4603;80;30
4604;80;30
4605;78;30
4606;72;32
4607;78;30
4608;76;24
4609;76;18
4610;76;12
4611;78;8
4612;76;6
4613;74;14
4614;76;26
4615;76;38
4616;74;42
4617;74;44
4618;74;42
4619;74;40
4620;68;38
4621;74;36
4622;72;34
4623;72;34
4624;72;32
4625;72;32
4626;70;32
4627;70;32
4628;70;32
4629;70;30
4630;72;26
4631;70;20
4632;70;14
4633;68;6
4634;68;4
4635;68;12
4636;70;24
4637;62;60
4638;68;64
4639;68;66
4640;68;64
4641;66;64
4642;66;60
4643;64;58
4644;78;56
4645;64;54
4646;66;54
4647;56;54
4648;62;54
4649;62;52
4650;62;50
4651;62;44
4652;62;34
4653;62;30
4654;68;28
4655;60;28
4656;60;36
4657;60;48
4658;60;56
4659;58;62
4660;58;64
4661;70;64
4662;58;62
4663;58;62
4664;48;60
4665;56;56
4666;56;56
4667;56;54
4668;56;54
4669;56;52
4670;54;54
4671;46;52
4672;54;50
4673;52;44
4674;54;38
4675;52;32
4676;52;28
4677;52;28
4678;56;36
4679;50;48
4680;50;60
4681;48;64
4682;50;64
4683;50;64
4684;48;62
4685;50;60
4686;48;56
4687;48;56
4688;48;56
4689;48;54
4690;48;56
4691;48;48
4692;46;44
4693;46;38
4694;44;34
4695;50;34
4696;44;38
4697;44;50
4698;40;58
4699;44;66
4700;44;70
4701;44;70
4702;34;68
4703;42;66
4704;42;64
4705;44;62
4706;40;60
4707;42;60
4708;40;58
4709;40;58
4710;38;58
4711;40;58
4712;38;56
4713;40;52
4714;38;44
4715;38;38
4716;36;34
4717;36;32
4718;38;38
4719;32;46
4720;36;56
4721;38;64
4722;40;70
4723;34;70
4724;36;68
4725;34;66
4726;34;64
4727;34;62
4728;36;60
4729;24;58
4730;34;58
4731;34;58
4732;34;58
4733;32;56
4734;34;56
4735;34;56
4736;38;56
4737;32;50
4738;32;42
4739;30;36
4740;32;32
4741;30;32
4742;30;24
4743;32;34
4744;30;44
4745;30;52
4746;32;56
4747;30;56
4748;28;56
4749;28;54
4750;26;52
4751;28;50
4752;26;48
4753;34;46
4754;28;46
4755;26;46
4756;24;46
4757;26;44
4758;26;44
4759;26;44
4760;16;42
4761;24;34
4762;24;28
4763;26;22
4764;22;18
4765;24;22
4766;22;32
4767;20;44
4768;20;52
4769;20;56
4770;18;56
4771;20;54
4772;18;52
4773;18;50
4774;16;48
4775;18;46
4776;18;46
4777;10;44
4778;14;44
4779;14;44
4780;18;44
4781;12;44
4782;12;42
4783;12;34
4784;12;28
4785;12;22
4786;10;18
4787;8;20
4788;10;28
4789;6;38
4790;8;46
4791;6;54
4792;6;56
4793;4;56
4794;2;32
4795;2;28
4796;2;26
4797;2;26
4798;0;24
4799;0;22
4800;0;22
4801;-2;20
4802;-4;16
4803;-4;6
4804;-2;2
4805;-6;-2
4806;-8;-4
4807;-6;6
4808;-8;20
4809;-8;28
4810;-10;32
4811;-8;32
4812;-12;32
4813;-14;28
4814;-18;26
4815;-16;26
4816;-16;24
4817;-18;24
4818;-26;22
4819;-20;20
4820;-20;20
4821;-18;20
4822;-22;20
4823;-22;18
4824;-24;14
4825;-24;6
4826;-26;-2
4827;-24;-6
4828;-24;-4
4829;-28;2
4830;-28;10
4831;-30;20
4832;-30;28
4833;-32;32
4834;-32;32
4835;-58;32
4836;-34;30
4837;-36;28
4838;-30;26
4839;-38;24
4840;-40;22
4841;-40;22
4842;-42;20
4843;-44;20
4844;-42;20
4845;-30;22
4846;-46;-2
4847;-46;-10
4848;-48;-16
4849;-50;-20
4850;-50;-24
4851;-52;-26
4852;-66;-22
4853;-54;-12
4854;-54;-2
4855;-54;6
4856;-58;10
4857;-58;10
4858;-60;10
4859;-60;6
4860;-62;6
4861;-64;2
4862;-58;2
4863;-66;0
4864;-66;0
4865;-68;0
4866;-68;-2
4867;-70;-2
4868;-72;-2
4869;-74;-2
4870;-72;-4
4871;-74;-8
4872;-72;-16
4873;-78;-22
4874;-78;-24
4875;-78;-26
4876;-76;-18
4877;-82;-6
4878;-82;4
4879;-82;10
4880;-86;12
4881;-84;10
4882;-86;6
4883;-88;6
4884;-88;2
4885;-88;2
4886;-86;0
4887;-92;0
4888;-94;-2
4889;-92;-2
4890;-94;-2
4891;-96;-2
4892;-96;-6
4893;-120;-14
4894;-98;-20
4895;-100;-26
4896;-94;-24
4897;-102;-20
4898;-102;-26
4899;-104;-20
4900;-106;-16
4901;-106;-16
4902;-106;-16
4903;-96;-18
4904;-106;-20
4905;-110;-20
4906;-110;-22
4907;-110;-20
4908;-112;-20
4909;-114;-18
4910;-126;-14
4911;-114;-10
4912;-114;-10
4913;-110;-8
4914;-116;-10
4915;-118;-12
4916;-118;-12
4917;-118;-14
4918;-120;-14
4919;-120;-16
4920;-116;-16
4921;-122;-16
4922;-122;-16
4923;-120;-16
4924;-124;-16
4925;-124;-18
4926;-124;-16
4927;-120;-18
4928;-124;-18
4929;-126;-18
4930;-126;-18
4931;-126;-22
4932;-126;-28
4933;-126;-36
4934;-126;-38
4935;-126;-40
4936;-128;-34
4937;-126;-26
4938;-126;-18
4939;-126;-8
4940;-128;-6
4941;-128;-6
4942;-128;-6
4943;-126;-8
4944;-126;-10
4945;-126;-12
4946;-126;-14
4947;-126;-14
4948;-126;-16
4949;-126;-14
4950;-126;-26
4951;-150;-30
4952;-126;-38
4953;-126;-44
4954;-122;-46
4955;-124;-50
4956;-124;-44
4957;-124;-30
4958;-124;-20
4959;-124;-16
4960;-124;-14
4961;-118;-16
4962;-124;-18
4963;-122;-20
4964;-122;-22
4965;-120;-22
4966;-120;-24
4967;-118;-24
4968;-128;-26
4969;-118;-26
4970;-116;-26
4971;-114;-26
4972;-116;-26
4973;-114;-28
4974;-116;-26
4975;-116;-30
4976;-112;-36
4977;-112;-42
4978;-106;-46
4979;-110;-48
4980;-110;-46
4981;-108;-40
4982;-106;-32
4983;-106;-24
4984;-106;-16
4985;-104;-14
4986;-104;-14
4987;-102;-16
4988;-96;-20
4989;-100;-20
4990;-100;-22
4991;-98;-24
4992;-96;-24
4993;-94;-24
4994;-94;-24
4995;-94;-24
4996;-92;-26
4997;-90;-26
4998;-92;-28
4999;-90;-32
5000;-86;-38
5001;-84;-44
5002;-88;-54
5003;-84;-54
5004;-82;-50
5005;-78;-38
5006;-78;-28
5007;-80;-22
5008;-78;-20
5009;-76;-22
5010;-74;-22
5011;-74;-26
5012;-78;-26
5013;-70;-28
5014;-70;-28
5015;-70;-30
5016;-66;-30
5017;-66;-30
5018;-64;-32
5019;-56;-36
5020;-60;-42
5021;-60;-50
5022;-56;-52
5023;-54;-54
5024;-52;-52
5025;-52;-44
5026;-52;-34
5027;-48;-24
5028;-48;-20
5029;-42;-20
5030;-44;-20
5031;-44;-24
5032;-42;-24
5033;-40;-26
5034;-38;-26
5035;-34;-28
5036;-26;-30
5037;-32;-30
5038;-30;-30
5039;-28;-30
5040;-26;-30
5041;-24;-32
5042;-22;-34
5043;-24;-38
5044;-18;-44
5045;-16;-50
5046;-12;-54
5047;-16;-54
5048;-12;-48
5049;-10;-40
5050;-10;-32
5051;-8;-26
5052;-4;-20
5053;-2;-18
5054;-2;-22
5055;2;-24
5056;2;-26
5057;4;-28
5058;6;-30
5059;8;-32
5060;6;-32
5061;10;-32
5062;14;-34
5063;18;-38
5064;16;-44
5065;18;-50
5066;20;-54
5067;22;-58
5068;22;-52
5069;22;-42
5070;22;-30
5071;26;-24
5072;28;-22
5073;30;-24
5074;32;-24
5075;32;-26
5076;34;-28
5077;42;-30
5078;36;-32
5079;38;-32
5080;40;-32
5081;40;-32
5082;42;-34
5083;42;-34
5084;48;-34
5085;46;-38
5086;46;-44
5087;42;-50
5088;50;-54
5089;50;-56
5090;50;-54
5091;50;-44
5092;52;-34
5093;52;-26
5094;58;-22
5095;56;-20
5096;58;-22
5097;58;-24
5098;60;-26
5099;60;-28
5100;60;-30
5101;58;-30
5102;60;-30
5103;64;-32
5104;68;-34
5105;66;-32
5106;66;-22
5107;66;-28
5108;68;-36
5109;68;-42
5110;70;-46
5111;72;-48
5112;72;-44
5113;72;-38
5114;74;-28
5115;72;-20
5116;76;-14
5117;74;-12
5118;72;-14
5119;76;-16
5120;78;-16
5121;76;-18
5122;78;-20
5123;80;-22
5124;80;-22
5125;96;-24
5126;82;-24
5127;82;-24
5128;78;-24
5129;84;-24
5130;84;-24
5131;84;-24
5132;86;-28
5133;84;-32
5134;86;-38
5135;80;-44
5136;86;-48
5137;86;-44
5138;88;-36
5139;88;-24
5140;88;-16
5141;90;-12
5142;106;-12
5143;90;-14
5144;90;-18
5145;90;-18
5146;90;-20
5147;90;-22
5148;92;-22
5149;92;-22
5150;92;-24
5151;92;-24
5152;88;-24
5153;94;-24
5154;94;-26
5155;94;-34
5156;94;-38
5157;94;-44
5158;96;-46
5159;98;-28
5160;94;-22
5161;96;-12
5162;94;-2
5163;96;6
5164;98;6
5165;96;8
5166;96;6
5167;98;4
5168;96;2
5169;96;0
5170;98;-2
5171;96;-2
5172;98;-4
5173;96;-4
5174;98;-4
5175;98;-4
5176;104;-6
5177;98;-10
5178;96;-16
5179;96;-22
5180;96;-26
5181;96;-28
5182;96;-24
5183;88;-12
5184;96;0
5185;96;6
5186;96;8
5187;96;8
5188;94;6
5189;92;4
5190;94;2
5191;96;0
5192;94;-2
5193;96;-2
5194;94;-4
5195;94;-4
5196;94;-6
5197;94;-10
5198;92;-16
5199;94;-22
5200;80;-26
5201;92;-28
5202;92;-24
5203;100;-16
5204;90;-6
5205;90;4
5206;90;6
5207;90;8
5208;90;8
5209;88;6
5210;94;4
5211;88;28
5212;88;26
5213;88;26
5214;86;24
5215;88;20
5216;86;14
5217;80;8
5218;86;2
5219;86;-2
5220;86;-2
5221;84;8
5222;84;22
5223;84;32
5224;82;34
5225;84;34
5226;84;32
5227;84;30
5228;82;28
5229;82;26
5230;82;24
5231;82;24
5232;82;24
5233;80;24
5234;84;22
5235;80;18
5236;80;12
5237;80;4
5238;80;0
5239;82;-2
5240;78;2
5241;80;10
5242;78;18
5243;78;28
5244;80;32
5245;78;34
5246;76;34
5247;76;32
5248;76;30
5249;76;26
5250;74;26
5251;74;28
5252;74;24
5253;74;24
5254;76;24
5255;74;24
5256;74;22
5257;74;20
5258;50;12
5259;72;6
5260;72;0
5261;74;-4
5262;70;24
5263;70;34
5264;70;42
5265;70;50
5266;70;58
5267;70;60
5268;82;58
5269;70;56
5270;68;54
5271;68;54
5272;68;52
5273;68;48
5274;70;48
5275;56;48
5276;66;48
5277;64;48
5278;66;46
5279;64;42
5280;64;34
5281;64;30
5282;64;24
5283;62;22
5284;62;26
5285;68;36
5286;62;46
5287;62;54
5288;62;58
5289;58;60
5290;60;58
5291;60;56
5292;56;54
5293;60;50
5294;56;50
5295;62;50
5296;56;46
5297;58;48
5298;54;46
5299;56;48
5300;56;46
5301;56;40
5302;52;34
5303;54;28
5304;54;24
5305;52;22
5306;54;28
5307;52;38
5308;52;46
5309;50;54
5310;48;58
5311;52;58
5312;54;58
5313;48;56
5314;50;54
5315;48;64
5316;44;58
5317;48;52
5318;48;44
5319;56;38
5320;46;34
5321;46;36
5322;46;46
5323;46;58
5324;48;68
5325;46;70
5326;56;70
5327;48;68
5328;46;66
5329;46;64
5330;46;62
5331;44;60
5332;44;60
5333;32;60
5334;44;58
5335;44;58
5336;44;58
5337;44;54
5338;44;46
5339;44;40
5340;42;36
5341;42;32
5342;42;34
5343;48;40
5344;42;52
5345;42;62
5346;40;68
5347;42;70
5348;40;68
5349;40;68
5350;38;64
5351;38;64
5352;40;62
5353;44;60
5354;40;60
5355;40;58
5356;38;58
5357;38;56
5358;38;56
5359;38;56
5360;36;56
5361;36;56
5362;38;54
5363;36;46
5364;38;40
5365;36;36
5366;36;32
5367;34;28
5368;34;32
5369;34;42
5370;36;52
5371;34;60
5372;34;64
5373;34;64
5374;26;60
5375;32;60
5376;32;56
5377;34;56
5378;32;54
5379;32;52
5380;30;52
5381;32;52
5382;32;52
5383;30;50
5384;42;50
5385;30;48
5386;28;40
5387;28;34
5388;28;28
5389;26;26
5390;26;26
5391;20;36
5392;26;48
5393;26;60
5394;28;62
5395;24;64
5396;24;62
5397;22;58
5398;24;54
5399;24;54
5400;22;52
5401;24;52
5402;20;52
5403;20;50
5404;20;50
5405;20;46
5406;18;40
5407;18;32
5408;18;28
5409;18;26
5410;16;28
5411;20;34
5412;14;44
5413;16;54
5414;12;60
5415;14;60
5416;12;60
5417;12;60
5418;12;60
5419;10;36
5420;10;34
5421;10;30
5422;10;24
5423;8;18
5424;8;10
5425;4;6
5426;8;8
5427;6;16
5428;6;24
5429;2;32
5430;2;40
5431;2;42
5432;0;42
5433;0;40
5434;-2;38
5435;-8;36
5436;-2;34
5437;-4;32
5438;-4;32
5439;-4;32
5440;-6;30
5441;-6;30
5442;0;30
5443;-8;28
5444;-8;20
5445;-8;14
5446;-10;8
5447;-12;6
5448;-12;6
5449;-14;18
5450;-14;30
5451;-14;38
5452;-22;42
5453;-16;40
5454;-18;40
5455;-20;38
5456;-20;34
5457;-20;34
5458;-20;32
5459;-22;32
5460;-22;30
5461;-26;30
5462;-26;30
5463;-28;30
5464;-28;30
5465;-28;28
5466;-34;28
5467;-30;22
5468;-32;14
5469;-30;8
5470;-34;6
5471;-36;-18
5472;-36;-16
5473;-36;-6
5474;-38;4
5475;-40;12
5476;-42;18
5477;-42;18
5478;-44;18
5479;-46;16
5480;-46;14
5481;-48;12
5482;-48;10
5483;-54;10
5484;-50;8
5485;-50;8
5486;-48;6
5487;-54;6
5488;-54;6
5489;-56;6
5490;-56;6
5491;-58;2
5492;-60;-4
5493;-68;-12
5494;-62;-16
5495;-62;-18
5496;-62;-16
5497;-64;-6
5498;-66;8
5499;-66;16
5500;-64;20
5501;-68;18
5502;-72;16
5503;-70;14
5504;-72;12
5505;-74;10
5506;-76;10
5507;-76;8
5508;-76;6
5509;-78;8
5510;-84;6
5511;-80;6
5512;-80;6
5513;-82;6
5514;-84;0
5515;-86;-6
5516;-84;-14
5517;-88;-16
5518;-86;-18
5519;-88;-14
5520;-90;-4
5521;-90;10
5522;-92;18
5523;-90;0
5524;-98;-2
5525;-94;-4
5526;-94;-6
5527;-92;-8
5528;-96;-10
5529;-98;-12
5530;-100;-12
5531;-100;-12
5532;-102;-16
5533;-100;-22
5534;-102;-28
5535;-104;-32
5536;-104;-38
5537;-106;-36
5538;-106;-28
5539;-106;-20
5540;-106;-10
5541;-114;-2
5542;-110;-2
5543;-108;0
5544;-110;-2
5545;-110;-4
5546;-114;-6
5547;-112;-8
5548;-118;-10
5549;-112;-10
5550;-114;-12
5551;-114;-14
5552;-114;-14
5553;-116;-14
5554;-118;-14
5555;-118;-18
5556;-118;-24
5557;-118;-30
5558;-114;-36
5559;-120;-36
5560;-120;-32
5561;-118;-26
5562;-120;-16
5563;-120;-6
5564;-120;-2
5565;-122;0
5566;-122;-2
5567;-122;-4
5568;-128;-6
5569;-122;-8
5570;-122;-8
5571;-124;-12
5572;-122;-12
5573;-124;-12
5574;-124;-10
5575;-132;-26
5576;-124;-28
5577;-124;-36
5578;-126;-42
5579;-126;-46
5580;-126;-48
5581;-126;-44
5582;-128;-38
5583;-126;-28
5584;-126;-20
5585;-126;-14
5586;-126;-14
5587;-124;-14
5588;-126;-16
5589;-126;-18
5590;-124;-20
5591;-126;-22
5592;-122;-22
5593;-124;-24
5594;-124;-24
5595;-122;-24
5596;-122;-24
5597;-122;-24
5598;-120;-26
5599;-124;-28
5600;-122;-34
5601;-120;-42
5602;-120;-46
5603;-120;-48
5604;-118;-44
5605;-118;-34
5606;-106;-22
5607;-116;-16
5608;-114;-12
5609;-122;-14
5610;-114;-16
5611;-114;-18
5612;-112;-22
5613;-112;-22
5614;-110;-22
5615;-110;-24
5616;-104;-24
5617;-108;-24
5618;-108;-24
5619;-108;-24
5620;-104;-24
5621;-106;-30
5622;-102;-36
5623;-98;-44
5624;-102;-46
5625;-102;-48
5626;-106;-44
5627;-98;-44
5628;-96;-38
5629;-96;-34
5630;-94;-34
5631;-94;-32
5632;-92;-34
5633;-102;-36
5634;-88;-38
5635;-88;-38
5636;-84;-36
5637;-86;-32
5638;-84;-28
5639;-84;-26
5640;-84;-26
5641;-80;-28
5642;-80;-28
5643;-80;-32
5644;-76;-30
5645;-76;-32
5646;-74;-32
5647;-72;-32
5648;-70;-32
5649;-70;-34
5650;-66;-34
5651;-66;-34
5652;-64;-34
5653;-64;-34
5654;-62;-34
5655;-60;-36
5656;-58;-40
5657;-58;-46
5658;-56;-52
5659;-54;-54
5660;-52;-56
5661;-50;-52
5662;-50;-40
5663;-46;-32
5664;-24;-24
5665;-44;-22
5666;-42;-24
5667;-44;-26
5668;-38;-28
5669;-36;-28
5670;-36;-30
5671;-34;-32
5672;-32;-32
5673;-30;-32
5674;-34;-34
5675;-26;-34
5676;-24;-36
5677;-20;-34
5678;-20;-34
5679;-20;-38
5680;-16;-44
5681;-2;-52
5682;-14;-56
5683;-10;-58
5684;-12;-62
5685;-8;-58
5686;-6;-46
5687;-6;-38
5688;-4;-32
5689;-2;-26
5690;-2;-26
5691;-6;-30
5692;4;-30
5693;4;-32
5694;8;-34
5695;8;-34
5696;8;-36
5697;12;-38
5698;16;-38
5699;14;-38
5700;16;-38
5701;14;-38
5702;18;-38
5703;20;-46
5704;22;-52
5705;24;-56
5706;24;-60
5707;26;-60
5708;28;-54
5709;30;-44
5710;30;-36
5711;32;-28
5712;34;-26
5713;34;-26
5714;36;-28
5715;46;-30
5716;38;-32
5717;40;-36
5718;40;-36
5719;44;-36
5720;44;-36
5721;46;-36
5722;40;-38
5723;50;-38
5724;48;-38
5725;50;-38
5726;50;-38
5727;52;-42
5728;52;-48
5729;54;-54
5730;56;-58
5731;58;-52
5732;60;-50
5733;60;-44
5734;60;-34
5735;62;-24
5736;62;-20
5737;62;-18
5738;64;-20
5739;42;-22
5740;66;-22
5741;66;-24
5742;74;-26
5743;68;-26
5744;70;-28
5745;70;-28
5746;72;-30
5747;72;-30
5748;74;-30
5749;86;-30
5750;74;-30
5751;74;-30
5752;76;-32
5753;76;-38
5754;74;-44
5755;78;-50
5756;64;-54
5757;78;-52
5758;78;-48
5759;84;-38
5760;82;-28
5761;82;-22
5762;84;-18
5763;82;-18
5764;82;-20
5765;84;-22
5766;84;-24
5767;84;-26
5768;86;-26
5769;88;-28
5770;86;-28
5771;88;-28
5772;88;-30
5773;94;-30
5774;88;-30
5775;90;-30
5776;88;-30
5777;90;-32
5778;88;-34
5779;90;-44
5780;92;-48
5781;90;-52
5782;92;-50
5783;92;-26
5784;92;-20
5785;90;-10
5786;92;-4
5787;92;0
5788;92;0
5789;94;-2
5790;96;-4
5791;94;-8
5792;96;-8
5793;94;-8
5794;94;-10
5795;94;-10
5796;94;-12
5797;72;-10
5798;94;-12
5799;94;-12
5800;102;-12
5801;94;-12
5802;94;-12
5803;94;-16
5804;96;-24
5805;96;-30
5806;96;-34
5807;106;-34
5808;96;-30
5809;94;-22
5810;96;-12
5811;94;-6
5812;96;0
5813;96;0
5814;82;0
5815;94;-2
5816;94;-4
5817;98;-6
5818;94;-8
5819;92;-10
5820;94;-10
5821;94;-10
5822;96;-10
5823;94;-10
5824;100;-12
5825;94;-12
5826;94;-18
5827;96;-24
5828;92;-30
5829;94;-34
5830;92;-34
5831;96;-28
5832;94;-18
5833;94;-6
5834;96;2
5835;94;32
5836;92;28
5837;92;26
5838;94;26
5839;92;24
5840;92;20
5841;94;18
5842;90;18
5843;90;18
5844;90;16
5845;90;14
5846;88;10
5847;88;0
5848;92;-4
5849;88;-8
5850;88;-6
5851;88;2
5852;86;14
5853;88;22
5854;88;28
5855;62;30
5856;86;30
5857;88;28
5858;88;26
5859;84;24
5860;86;22
5861;84;20
5862;86;20
5863;84;18
5864;86;18
5865;96;18
5866;84;18
5867;84;16
5868;84;18
5869;84;18
5870;82;16
5871;82;10
5872;74;4
5873;80;-4
5874;80;-8
5875;82;-6
5876;80;0
5877;80;8
5878;78;18
5879;80;26
5880;80;30
5881;78;30
5882;84;28
5883;76;26
5884;78;22
5885;76;22
5886;76;22
5887;76;20
5888;76;48
5889;72;42
5890;76;34
5891;74;28
5892;76;24
5893;72;22
5894;74;26
5895;72;38
5896;72;50
5897;70;56
5898;70;60
5899;70;58
5900;70;56
5901;68;54
5902;68;50
5903;70;48
5904;68;48
5905;70;48
5906;64;48
5907;68;46
5908;66;46
5909;70;46
5910;66;42
5911;66;36
5912;64;28
5913;62;24
5914;64;20
5915;64;24
5916;68;32
5917;62;42
5918;62;50
5919;60;56
5920;60;58
5921;60;58
5922;60;56
5923;72;54
5924;60;52
5925;58;50
5926;58;46
5927;60;48
5928;56;46
5929;60;46
5930;50;46
5931;56;46
5932;54;46
5933;54;44
5934;56;44
5935;56;40
5936;54;32
5937;54;26
5938;54;22
5939;54;22
5940;58;42
5941;52;50
5942;52;62
5943;52;70
5944;52;74
5945;50;74
5946;52;72
5947;46;70
5948;52;70
5949;50;66
5950;54;66
5951;50;64
5952;50;64
5953;50;62
5954;48;62
5955;48;62
5956;48;60
5957;46;56
5958;48;48
5959;48;42
5960;44;38
5961;48;36
5962;46;44
5963;46;56
5964;42;68
5965;44;72
5966;46;74
5967;46;74
5968;44;70
5969;44;68
5970;44;66
5971;42;64
5972;44;64
5973;42;62
5974;36;62
5975;40;62
5976;42;60
5977;40;56
5978;40;48
5979;40;40
5980;38;38
5981;48;36
5982;40;42
5983;38;52
5984;38;64
5985;38;68
5986;38;72
5987;40;74
5988;32;72
5989;40;70
5990;38;68
5991;40;66
5992;38;60
5993;36;56
5994;36;50
5995;36;40
5996;38;36
5997;34;32
5998;36;32
5999;36;38
6000;34;50
6001;34;58
6002;34;66
6003;34;68
6004;34;68
6005;28;66
6006;34;64
6007;34;62
6008;34;60
6009;32;58
6010;32;58
6011;32;58
6012;32;56
6013;30;56
6014;30;56
6015;32;56
6016;30;52
6017;30;46
6018;30;38
6019;30;32
6020;30;30
6021;30;32
6022;24;40
6023;26;50
6024;28;60
6025;28;66
6026;26;68
6027;26;66
6028;26;64
6029;34;62
6030;26;60
6031;26;58
6032;16;58
6033;24;56
6034;24;56
6035;22;56
6036;22;56
6037;22;54
6038;22;48
6039;12;40
6040;22;34
6041;20;30
6042;22;32
6043;18;40
6044;18;30
6045;18;38
6046;40;44
6047;18;46
6048;14;48
6049;10;44
6050;14;44
6051;16;40
6052;14;42
6053;14;38
6054;14;38
6055;14;38
6056;0;36
6057;12;36
6058;10;36
6059;10;36
6060;8;34
6061;8;28
6062;8;20
6063;8;16
6064;6;12
6065;6;12
6066;6;22
6067;4;36
6068;4;44
6069;2;48
6070;4;46
6071;0;44
6072;-2;44
6073;-2;42
6074;-4;40
6075;-4;38
6076;-6;38
6077;-6;36
6078;-8;36
6079;-10;36
6080;-10;36
6081;-10;32
6082;-10;26
6083;-14;20
6084;-12;14
6085;-14;12
6086;-16;12
6087;4;20
6088;-18;32
6089;-20;42
6090;-22;48
6091;-20;48
6092;-20;44
6093;-22;44
6094;-24;42
6095;-24;42
6096;-26;14
6097;-36;12
6098;-26;10
6099;-28;2
6100;-30;-6
6101;-30;-10
6102;-32;-14
6103;-34;-12
6104;-12;-6
6105;-36;4
6106;-38;14
6107;-44;20
6108;-38;22
6109;-42;22
6110;-44;20
6111;-42;18
6112;-44;16
6113;-44;14
6114;-60;14
6115;-46;12
6116;-48;10
6117;-50;10
6118;-50;10
6119;-52;10
6120;-52;10
6121;-52;8
6122;-54;2
6123;-58;-4
6124;-60;-10
6125;-60;-14
6126;-60;-16
6127;-62;-8
6128;-62;4
6129;-62;16
6130;-66;20
6131;-64;22
6132;-68;22
6133;-68;20
6134;-70;18
6135;-70;16
6136;-72;14
6137;-74;10
6138;-74;10
6139;-74;10
6140;-76;10
6141;-74;10
6142;-78;10
6143;-80;10
6144;-80;2
6145;-68;-6
6146;-82;-10
6147;-84;-14
6148;-90;-36
6149;-84;-32
6150;-84;-24
6151;-88;-14
6152;-88;-6
6153;-88;-2
6154;-90;0
6155;-94;0
6156;-90;-6
6157;-94;-6
6158;-92;-8
6159;-94;-10
6160;-96;-10
6161;-96;-12
6162;-78;-12
6163;-98;-12
6164;-98;-12
6165;-102;-14
6166;-102;-18
6167;-102;-26
6168;-104;-32
6169;-104;-36
6170;-104;-36
6171;-104;-32
6172;-114;-22
6173;-106;-14
6174;-108;-6
6175;-108;-2
6176;-110;0
6177;-112;-2
6178;-110;-4
6179;-108;-6
6180;-112;-10
6181;-114;-10
6182;-116;-10
6183;-114;-12
6184;-116;-12
6185;-118;-12
6186;-118;-16
6187;-116;-24
6188;-118;-30
6189;-120;-34
6190;-120;-36
6191;-120;-32
6192;-120;-20
6193;-122;-8
6194;-122;-2
6195;-124;-2
6196;-118;-2
6197;-124;-4
6198;-124;-6
6199;-126;-6
6200;-124;-22
6201;-124;-26
6202;-126;-32
6203;-138;-38
6204;-126;-46
6205;-126;-48
6206;-124;-48
6207;-128;-42
6208;-126;-34
6209;-128;-24
6210;-128;-18
6211;-126;-16
6212;-128;-14
6213;-136;-16
6214;-128;-18
6215;-130;-22
6216;-126;-22
6217;-128;-24
6218;-128;-24
6219;-126;-24
6220;-116;-24
6221;-126;-26
6222;-128;-26
6223;-124;-28
6224;-128;-34
6225;-128;-42
6226;-126;-46
6227;-126;-50
6228;-124;-48
6229;-126;-42
6230;-124;-32
6231;-124;-22
6232;-124;-16
6233;-122;-16
6234;-122;-16
6235;-122;-18
6236;-122;-18
6237;-120;-22
6238;-122;-22
6239;-118;-24
6240;-120;-24
6241;-118;-24
6242;-118;-26
6243;-116;-26
6244;-116;-26
6245;-116;-26
6246;-112;-26
6247;-112;-26
6248;-112;-30
6249;-112;-34
6250;-108;-40
6251;-110;-44
6252;-108;-56
6253;-110;-58
6254;-100;-52
6255;-106;-46
6256;-104;-36
6257;-106;-28
6258;-104;-24
6259;-102;-24
6260;-102;-26
6261;-106;-26
6262;-98;-28
6263;-98;-30
6264;-94;-32
6265;-94;-32
6266;-94;-32
6267;-92;-34
6268;-90;-36
6269;-90;-36
6270;-88;-36
6271;-88;-40
6272;-86;-46
6273;-86;-52
6274;-82;-56
6275;-84;-58
6276;-82;-52
6277;-80;-44
6278;-90;-36
6279;-78;-30
6280;-76;-24
6281;-74;-24
6282;-72;-24
6283;-72;-26
6284;-72;-28
6285;-70;-30
6286;-68;-32
6287;-66;-32
6288;-66;-34
6289;-64;-34
6290;-62;-34
6291;-60;-34
6292;-58;-36
6293;-56;-36
6294;-54;-34
6295;-52;-36
6296;-52;-38
6297;-50;-44
6298;-48;-52
6299;-48;-56
6300;-44;-58
6301;-42;-56
6302;-40;-48
6303;-40;-36
6304;-38;-32
6305;-32;-28
6306;-34;-28
6307;-32;-28
6308;-30;-30
6309;-30;-32
6310;-28;-34
6311;-26;-36
6312;-20;-36
6313;-22;-38
6314;-22;-38
6315;-18;-38
6316;-18;-38
6317;-16;-38
6318;-14;-40
6319;-10;-46
6320;-10;-52
6321;-10;-58
6322;-6;-60
6323;-6;-60
6324;0;-56
6325;0;-46
6326;0;-38
6327;4;-30
6328;4;-26
6329;10;-28
6330;8;-28
6331;10;-30
6332;12;-32
6333;12;-34
6334;14;-36
6335;18;-36
6336;2;-38
6337;20;-38
6338;22;-38
6339;26;-38
6340;26;-38
6341;26;-40
6342;28;-38
6343;32;-42
6344;32;-46
6345;32;-52
6346;46;-58
6347;36;-60
6348;38;-60
6349;40;-54
6350;40;-44
6351;40;-36
6352;42;-30
6353;38;-28
6354;46;-28
6355;48;-28
6356;48;-20
6357;50;-22
6358;50;-26
6359;52;-26
6360;52;-28
6361;54;-30
6362;54;-34
6363;56;-42
6364;58;-48
6365;58;-52
6366;60;-52
6367;62;-46
6368;62;-32
6369;62;-22
6370;64;-18
6371;66;-16
6372;64;-18
6373;68;-22
6374;68;-24
6375;68;-26
6376;70;-26
6377;72;-26
6378;70;-26
6379;70;-28
6380;72;-28
6381;72;-30
6382;74;-32
6383;74;-38
6384;76;-44
6385;76;-50
6386;78;-52
6387;80;-50
6388;78;-40
6389;78;-28
6390;80;-18
6391;80;-16
6392;78;-18
6393;82;-20
6394;68;-22
6395;82;-24
6396;82;-26
6397;84;-26
6398;82;-26
6399;86;-28
6400;84;-28
6401;84;-28
6402;84;-28
6403;86;-28
6404;98;-32
6405;88;-38
6406;88;-44
6407;88;-48
6408;88;-34
6409;88;-34
6410;88;-30
6411;82;-20
6412;90;-12
6413;90;-2
6414;90;2
6415;90;2
6416;90;2
6417;92;0
6418;92;-4
6419;92;-6
6420;92;-8
6421;98;-8
6422;92;-8
6423;92;-10
6424;92;-10
6425;94;-10
6426;92;-8
6427;94;-10
6428;90;-12
6429;94;-18
6430;94;-24
6431;96;-30
6432;94;-34
6433;94;-34
6434;94;-26
6435;96;-14
6436;94;-4
6437;96;2
6438;96;2
6439;96;0
6440;96;-2
6441;96;-2
6442;96;-6
6443;96;-8
6444;96;-8
6445;96;-8
6446;96;-10
6447;94;-10
6448;98;-10
6449;96;-10
6450;96;-12
6451;96;-18
6452;86;-26
6453;96;-30
6454;94;-34
6455;90;-32
6456;96;-24
6457;96;-14
6458;96;-2
6459;96;4
6460;96;28
6461;94;28
6462;100;24
6463;96;22
6464;94;20
6465;96;18
6466;96;12
6467;94;6
6468;94;-4
6469;92;-8
6470;92;-8
6471;94;-4
6472;88;4
6473;92;14
6474;92;22
6475;90;28
6476;90;28
6477;90;28
6478;90;24
6479;88;22
6480;90;22
6481;88;20
6482;90;20
6483;88;18
6484;86;16
6485;88;16
6486;82;16
6487;86;16
6488;86;16
6489;90;16
6490;86;14
6491;86;12
6492;84;4
6493;84;-2
6494;86;-8
6495;86;-8
6496;86;-8
6497;84;0
6498;84;10
6499;84;20
6500;82;26
6501;82;28
6502;84;28
6503;80;26
6504;82;24
6505;82;20
6506;84;20
6507;80;18
6508;82;18
6509;80;14
6510;78;16
6511;80;18
6512;78;16
6513;76;42
6514;78;36
6515;78;28
6516;76;22
6517;76;20
6518;76;20
6519;76;30
6520;82;38
6521;76;50
6522;76;54
6523;76;56
6524;76;56
6525;74;54
6526;76;52
6527;78;50
6528;72;48
6529;72;46
6530;66;46
6531;72;46
6532;72;44
6533;70;46
6534;70;44
6535;70;44
6536;70;44
6537;64;44
6538;70;44
6539;68;40
6540;68;36
6541;68;28
6542;68;22
6543;68;20
6544;64;20
6545;68;28
6546;64;36
6547;70;48
6548;66;54
6549;64;56
6550;64;56
6551;62;56
6552;64;52
6553;64;50
6554;64;48
6555;64;46
6556;62;46
6557;64;46
6558;62;44
6559;60;44
6560;62;44
6561;56;44
6562;60;42
6563;58;44
6564;60;44
6565;60;58
6566;58;50
6567;58;46
6568;70;40
6569;58;36
6570;58;38
6571;50;44
6572;56;52
6573;56;62
6574;54;70
6575;54;74
6576;54;74
6577;54;72
6578;46;68
6579;52;66
6580;52;66
6581;52;64
6582;52;62
6583;50;62
6584;50;62
6585;54;62
6586;48;62
6587;50;60
6588;42;60
6589;48;60
6590;48;58
6591;46;52
6592;48;44
6593;48;38
6594;46;34
6595;34;38
6596;44;44
6597;44;54
6598;46;64
6599;44;70
6600;42;72
6601;42;72
6602;42;70
6603;40;68
6604;42;66
6605;40;64
6606;40;64
6607;42;62
6608;40;60
6609;40;60
6610;40;62
6611;40;60
6612;40;60
6613;38;58
6614;40;58
6615;40;60
6616;40;60
6617;38;54
6618;40;48
6619;38;40
6620;38;36
6621;36;34
6622;36;34
6623;38;44
6624;34;56
6625;36;66
6626;56;70
6627;34;70
6628;36;68
6629;34;68
6630;34;64
6631;34;62
6632;34;62
6633;34;60
6634;34;60
6635;34;60
6636;28;58
6637;32;58
6638;32;58
6639;34;54
6640;32;46
6641;32;38
6642;34;34
6643;40;32
6644;30;36
6645;32;44
6646;30;54
6647;30;64
6648;30;70
6649;30;70
6650;30;70
6651;30;66
6652;30;64
6653;20;64
6654;30;60
6655;30;60
6656;28;60
6657;28;58
6658;26;58
6659;28;58
6660;30;56
6661;26;58
6662;26;56
6663;22;54
6664;26;48
6665;22;40
6666;24;34
6667;24;32
6668;24;36
6669;22;24
6670;22;32
6671;22;42
6672;22;48
6673;22;48
6674;22;48
6675;20;46
6676;18;44
6677;22;42
6678;16;40
6679;18;40
6680;16;38
6681;14;36
6682;16;36
6683;16;38
6684;4;36
6685;14;36
6686;14;34
6687;16;30
6688;12;22
6689;12;16
6690;10;12
6691;10;12
6692;10;18
6693;8;32
6694;6;40
6695;8;46
6696;6;48
6697;6;46
6698;4;46
6699;4;42
6700;4;40
6701;-2;40
6702;0;38
6703;0;36
6704;2;38
6705;-2;36
6706;-2;36
6707;-4;36
6708;-4;32
6709;-6;26
6710;-6;18
6711;-12;14
6712;-10;12
6713;-10;12
6714;-10;22
6715;-12;38
6716;-12;44
6717;-12;46
6718;-10;46
6719;-14;46
6720;-16;46
6721;-18;16
6722;-16;14
6723;-20;14
6724;-20;12
6725;-22;8
6726;-22;0
6727;-22;-6
6728;-24;-12
6729;-26;-14
6730;-26;-12
6731;-28;-4
6732;-28;6
6733;-28;14
6734;-30;22
6735;-24;22
6736;-32;22
6737;-34;20
6738;-36;18
6739;-36;16
6740;-40;16
6741;-38;12
6742;-48;12
6743;-40;10
6744;-42;12
6745;-38;10
6746;-42;10
6747;-42;6
6748;-46;0
6749;-46;-8
6750;-48;-14
6751;-48;-14
6752;-48;-12
6753;-50;-6
6754;-52;6
6755;-54;14
6756;-54;20
6757;-56;22
6758;-56;22
6759;-80;20
6760;-58;18
6761;-62;14
6762;-54;14
6763;-62;14
6764;-64;12
6765;-68;12
6766;-66;10
6767;-68;10
6768;-70;10
6769;-58;8
6770;-72;4
6771;-72;-2
6772;-74;-8
6773;-74;-34
6774;-74;-36
6775;-76;-32
6776;-94;-24
6777;-78;-16
6778;-80;-6
6779;-78;-2
6780;-82;0
6781;-82;-2
6782;-84;-4
6783;-86;-6
6784;-86;-6
6785;-88;-8
6786;-84;-8
6787;-90;-10
6788;-90;-12
6789;-94;-12
6790;-92;-12
6791;-94;-12
6792;-96;-14
6793;-100;-16
6794;-96;-20
6795;-98;-28
6796;-94;-34
6797;-100;-36
6798;-100;-36
6799;-100;-28
6800;-102;-18
6801;-104;-10
6802;-104;-2
6803;-104;-2
6804;-106;0
6805;-106;-2
6806;-106;-6
6807;-108;-6
6808;-110;-10
6809;-110;-10
6810;-114;-10
6811;-112;-10
6812;-114;-10
6813;-114;-12
6814;-114;-12
6815;-116;-14
6816;-118;-20
6817;-138;-26
6818;-118;-32
6819;-118;-36
6820;-116;-36
6821;-118;-32
6822;-120;-22
6823;-122;-10
6824;-122;-4
6825;-122;-14
6826;-122;-12
6827;-108;-14
6828;-122;-16
6829;-122;-18
6830;-122;-20
6831;-124;-22
6832;-124;-24
6833;-122;-24
6834;-136;-24
6835;-124;-24
6836;-124;-30
6837;-124;-36
6838;-126;-42
6839;-124;-46
6840;-124;-48
6841;-126;-42
6842;-126;-32
6843;-126;-20
6844;-120;-14
6845;-126;-14
6846;-126;-14
6847;-126;-16
6848;-128;-18
6849;-126;-20
6850;-126;-22
6851;-128;-22
6852;-126;-24
6853;-124;-24
6854;-122;-24
6855;-124;-28
6856;-126;-34
6857;-124;-40
6858;-120;-46
6859;-124;-48
6860;-124;-46
6861;-124;-38
6862;-122;-28
6863;-122;-22
6864;-122;-14
6865;-122;-14
6866;-122;-14
6867;-120;-16
6868;-116;-20
6869;-120;-18
6870;-120;-20
6871;-118;-22
6872;-118;-24
6873;-118;-24
6874;-118;-24
6875;-138;-24
6876;-116;-24
6877;-114;-32
6878;-106;-36
6879;-114;-42
6880;-112;-48
6881;-112;-54
6882;-110;-54
6883;-110;-52
6884;-110;-44
6885;-96;-34
6886;-108;-26
6887;-108;-22
6888;-106;-20
6889;-104;-20
6890;-104;-24
6891;-102;-24
6892;-108;-26
6893;-100;-28
6894;-98;-30
6895;-104;-30
6896;-98;-30
6897;-96;-32
6898;-96;-30
6899;-94;-32
6900;-94;-36
6901;-92;-42
6902;-96;-48
6903;-88;-52
6904;-88;-54
6905;-86;-50
6906;-86;-36
6907;-84;-28
6908;-84;-22
6909;-88;-20
6910;-82;-20
6911;-80;-22
6912;-76;-26
6913;-78;-28
6914;-76;-28
6915;-76;-30
6916;-72;-30
6917;-74;-30
6918;-72;-30
6919;-68;-30
6920;-68;-34
6921;-66;-40
6922;-64;-44
6923;-64;-50
6924;-62;-54
6925;-60;-54
6926;-62;-48
6927;-58;-40
6928;-56;-30
6929;-54;-26
6930;-54;-24
6931;-50;-24
6932;-48;-24
6933;-36;-26
6934;-46;-30
6935;-44;-32
6936;-50;-32
6937;-40;-34
6938;-38;-34
6939;-38;-34
6940;-36;-34
6941;-32;-36
6942;-30;-36
6943;-36;-38
6944;-26;-44
6945;-26;-50
6946;-22;-56
6947;-22;-58
6948;-20;-56
6949;-18;-46
6950;-6;-34
6951;-14;-28
6952;-12;-22
6953;-12;-24
6954;-10;-26
6955;-6;-26
6956;-4;-30
6957;-4;-30
6958;-2;-32
6959;0;-32
6960;4;-34
6961;4;-34
6962;6;-34
6963;8;-36
6964;8;-40
6965;12;-46
6966;12;-52
6967;8;-56
6968;14;-58
6969;18;-54
6970;20;-42
6971;20;-32
6972;22;-24
6973;22;-22
6974;26;-24
6975;26;-26
6976;26;-28
6977;32;-30
6978;30;-32
6979;32;-32
6980;34;-32
6981;36;-26
6982;36;-28
6983;40;-36
6984;34;-42
6985;40;-46
6986;42;-52
6987;46;-50
6988;46;-44
6989;46;-36
6990;48;-26
6991;58;-20
6992;50;-16
6993;52;-16
6994;44;-18
6995;54;-20
6996;54;-22
6997;56;-24
6998;56;-24
6999;58;-26
7000;58;-26
7001;54;-28
7002;60;-28
7003;62;-26
7004;64;-30
7005;64;-36
7006;64;-42
7007;66;-48
7008;82;-52
7009;68;-50
7010;68;-44
7011;62;-38
7012;72;-26
7013;70;-20
7014;72;-14
7015;72;-16
7016;72;-18
7017;74;-20
7018;66;-22
7019;76;-24
7020;76;-24
7021;78;-24
7022;78;-26
7023;80;-26
7024;80;-28
7025;76;-26
7026;82;-28
7027;82;-32
7028;86;-38
7029;82;-44
7030;84;-48
7031;82;-50
7032;84;-44
7033;84;-22
7034;86;-14
7035;88;-6
7036;86;-2
7037;88;0
7038;88;0
7039;88;-4
7040;90;-6
7041;88;-6
7042;86;-8
7043;90;-10
7044;90;-12
7045;92;-10
7046;90;-12
7047;90;-10
7048;92;-12
7049;108;-16
7050;92;-24
7051;94;-28
7052;88;-34
7053;94;-36
7054;96;-30
7055;96;-18
7056;96;-8
7057;96;-2
7058;96;2
7059;88;0
7060;96;-4
7061;96;-4
7062;98;-6
7063;96;-8
7064;96;-8
7065;98;-10
7066;120;-10
7067;98;-12
7068;98;-12
7069;92;-12
7070;98;-12
7071;98;-14
7072;98;-22
7073;98;-26
7074;98;-32
7075;98;-36
7076;86;-34
7077;98;-28
7078;96;-18
7079;100;-10
7080;98;-4
7081;96;0
7082;96;0
7083;100;-2
7084;96;-2
7085;96;6
7086;94;16
7087;96;12
7088;96;6
7089;96;-2
7090;96;-10
7091;94;-14
7092;94;-14
7093;94;-6
7094;96;6
7095;94;18
7096;92;22
7097;92;22
7098;94;20
7099;94;18
7100;90;16
7101;94;14
7102;94;14
7103;92;12
7104;90;12
7105;92;10
7106;90;10
7107;106;8
7108;92;4
7109;90;-4
7110;84;-10
7111;90;-14
7112;88;-16
7113;88;-8
7114;88;6
7115;88;16
7116;86;22
7117;80;22
7118;86;22
7119;88;18
7120;86;16
7121;86;14
7122;84;14
7123;86;12
7124;104;12
7125;84;12
7126;84;10
7127;80;10
7128;84;6
7129;82;2
7130;82;-6
7131;84;-14
7132;84;-14
7133;84;-14
7134;70;-8
7135;82;2
7136;82;14
7137;82;22
7138;82;50
7139;82;48
7140;82;46
7141;84;44
7142;80;44
7143;80;40
7144;76;40
7145;80;38
7146;78;38
7147;78;36
7148;80;38
7149;78;36
7150;78;36
7151;78;34
7152;78;26
7153;78;22
7154;76;16
7155;76;14
7156;76;12
7157;78;22
7158;74;36
7159;74;46
7160;74;48
7161;72;48
7162;72;46
7163;74;46
7164;72;42
7165;92;40
7166;74;40
7167;70;38
7168;70;38
7169;70;38
7170;70;36
7171;68;38
7172;70;36
7173;70;34
7174;68;30
7175;66;22
7176;68;16
7177;68;12
7178;70;12
7179;66;16
7180;66;26
7181;66;36
7182;86;44
7183;64;48
7184;64;48
7185;62;46
7186;64;42
7187;64;42
7188;62;42
7189;62;40
7190;62;56
7191;60;52
7192;58;44
7193;60;38
7194;60;32
7195;60;30
7196;58;34
7197;58;44
7198;58;54
7199;62;62
7200;56;66
7201;56;68
7202;56;66
7203;56;64
7204;56;62
7205;54;60
7206;56;58
7207;54;58
7208;52;56
7209;54;56
7210;54;56
7211;52;54
7212;52;54
7213;50;54
7214;52;50
7215;50;42
7216;58;36
7217;50;32
7218;50;28
7219;48;34
7220;48;42
7221;48;52
7222;48;60
7223;44;66
7224;48;66
7225;48;66
7226;48;64
7227;48;62
7228;46;58
7229;46;58
7230;46;58
7231;48;56
7232;46;56
7233;46;56
7234;44;54
7235;44;56
7236;44;54
7237;44;52
7238;42;46
7239;42;38
7240;20;32
7241;42;30
7242;42;32
7243;42;38
7244;42;48
7245;40;56
7246;40;64
7247;40;68
7248;40;68
7249;40;66
7250;32;64
7251;40;62
7252;40;60
7253;38;60
7254;38;58
7255;38;56
7256;38;56
7257;40;56
7258;40;56
7259;38;54
7260;40;50
7261;38;40
7262;38;34
7263;36;30
7264;36;32
7265;36;38
7266;34;48
7267;36;56
7268;34;64
7269;34;68
7270;34;68
7271;34;64
7272;34;64
7273;34;62
7274;40;60
7275;32;58
7276;34;58
7277;32;56
7278;30;56
7279;30;54
7280;32;56
7281;26;54
7282;30;48
7283;30;40
7284;32;34
7285;30;30
7286;30;32
7287;28;40
7288;28;52
7289;28;62
7290;28;66
7291;28;66
7292;26;66
7293;26;66
7294;28;46
7295;26;44
7296;24;40
7297;26;30
7298;2;22
7299;26;18
7300;22;14
7301;32;18
7302;22;28
7303;22;42
7304;22;48
7305;20;50
7306;20;50
7307;20;50
7308;28;48
7309;18;44
7310;18;42
7311;18;40
7312;16;40
7313;16;40
7314;16;40
7315;0;38
7316;14;36
7317;14;30
7318;16;24
7319;12;16
7320;12;12
7321;10;14
7322;10;22
7323;12;30
7324;8;40
7325;8;48
7326;8;52
7327;8;50
7328;8;48
7329;8;46
7330;6;42
7331;6;42
7332;14;42
7333;4;40
7334;2;38
7335;4;38
7336;4;38
7337;2;38
7338;2;38
7339;0;38
7340;-2;38
7341;-2;36
7342;-2;36
7343;-4;30
7344;-4;24
7345;-6;18
7346;-6;-8
7347;-8;-8
7348;-8;-4
7349;-6;6
7350;-10;16
7351;-8;22
7352;-10;28
7353;-12;28
7354;-12;26
7355;-16;26
7356;-34;24
7357;-16;22
7358;-18;20
7359;-12;18
7360;-18;16
7361;-20;16
7362;-22;16
7363;-22;16
7364;-22;16
7365;-24;16
7366;-12;16
7367;-26;14
7368;-26;8
7369;-30;0
7370;-30;-6
7371;-30;-8
7372;-32;-10
7373;-46;0
7374;-34;14
7375;-36;24
7376;-34;28
7377;-36;28
7378;-38;26
7379;-40;24
7380;-40;22
7381;-42;20
7382;-44;18
7383;-38;18
7384;-44;18
7385;-46;16
7386;-48;16
7387;-48;16
7388;-52;12
7389;-50;6
7390;-56;0
7391;-54;-8
7392;-56;-10
7393;-60;-8
7394;-58;0
7395;-58;10
7396;-60;20
7397;-58;26
7398;-62;10
7399;-64;8
7400;-64;4
7401;-66;2
7402;-68;2
7403;-70;-2
7404;-70;-2
7405;-72;-4
7406;-70;-4
7407;-68;-6
7408;-74;-4
7409;-78;-6
7410;-76;-10
7411;-78;-16
7412;-80;-22
7413;-80;-26
7414;-106;-30
7415;-82;-24
7416;-84;-12
7417;-78;0
7418;-86;6
7419;-86;8
7420;-90;6
7421;-88;4
7422;-90;2
7423;-92;0
7424;-80;-2
7425;-92;-2
7426;-96;-4
7427;-96;-4
7428;-96;-4
7429;-96;-6
7430;-98;-6
7431;-110;-8
7432;-100;-14
7433;-102;-20
7434;-98;-26
7435;-102;-28
7436;-104;-30
7437;-104;-24
7438;-106;-14
7439;-106;-4
7440;-106;4
7441;-104;8
7442;-108;6
7443;-110;4
7444;-108;4
7445;-112;2
7446;-112;-2
7447;-114;-4
7448;-108;-2
7449;-114;-2
7450;-114;-18
7451;-116;-22
7452;-116;-28
7453;-118;-36
7454;-118;-42
7455;-114;-42
7456;-118;-40
7457;-120;-32
7458;-118;-24
7459;-122;-14
7460;-118;-10
7461;-120;-6
7462;-120;-6
7463;-120;-10
7464;-122;-12
7465;-126;-14
7466;-122;-14
7467;-122;-16
7468;-122;-18
7469;-124;-18
7470;-124;-20
7471;-122;-18
7472;-126;-20
7473;-124;-18
7474;-124;-20
7475;-118;-20
7476;-126;-20
7477;-126;-26
7478;-126;-32
7479;-126;-38
7480;-126;-42
7481;-126;-42
7482;-114;-36
7483;-126;-22
7484;-126;-12
7485;-126;-8
7486;-126;-8
7487;-124;-8
7488;-124;-10
7489;-140;-12
7490;-124;-14
7491;-122;-16
7492;-120;-18
7493;-122;-18
7494;-122;-18
7495;-122;-18
7496;-122;-20
7497;-122;-22
7498;-122;-28
7499;-118;-38
7500;-122;-40
7501;-122;-42
7502;-122;-38
7503;-122;-40
7504;-118;-32
7505;-118;-24
7506;-120;-18
7507;-118;-16
7508;-116;-18
7509;-112;-20
7510;-116;-24
7511;-116;-22
7512;-114;-24
7513;-112;-26
7514;-112;-28
7515;-112;-26
7516;-112;-28
7517;-110;-30
7518;-110;-28
7519;-108;-28
7520;-108;-32
7521;-106;-38
7522;-104;-44
7523;-104;-48
7524;-102;-52
7525;-102;-50
7526;-100;-42
7527;-100;-34
7528;-100;-24
7529;-98;-18
7530;-104;-16
7531;-94;-18
7532;-94;-18
7533;-94;-20
7534;-92;-22
7535;-92;-24
7536;-90;-26
7537;-90;-26
7538;-88;-26
7539;-86;-26
7540;-76;-28
7541;-82;-28
7542;-82;-30
7543;-80;-32
7544;-80;-40
7545;-78;-46
7546;-76;-50
7547;-90;-52
7548;-72;-44
7549;-72;-34
7550;-68;-24
7551;-70;-18
7552;-68;-18
7553;-68;-18
7554;-66;-24
7555;-64;-28
7556;-64;-28
7557;-56;-30
7558;-58;-32
7559;-58;-36
7560;-56;-40
7561;-56;-48
7562;-54;-54
7563;-52;-56
7564;-52;-56
7565;-48;-44
7566;-44;-34
7567;-40;-24
7568;-42;-22
7569;-40;-22
7570;-38;-24
7571;-38;-26
7572;-34;-28
7573;-34;-30
7574;-34;-30
7575;-32;-32
7576;-30;-32
7577;-28;-32
7578;-26;-34
7579;-26;-34
7580;-22;-38
7581;-22;-44
7582;-18;-52
7583;-18;-54
7584;-14;-58
7585;-14;-54
7586;-14;-46
7587;-10;-36
7588;-18;-28
7589;-8;-22
7590;-6;-20
7591;-4;-24
7592;-4;-26
7593;-2;-26
7594;0;-28
7595;2;-30
7596;4;-30
7597;4;-32
7598;18;-34
7599;8;-34
7600;10;-32
7601;12;-34
7602;12;-42
7603;14;-48
7604;16;-54
7605;14;-56
7606;20;-52
7607;22;-46
7608;22;-38
7609;24;-28
7610;26;-24
7611;26;-24
7612;30;-22
7613;30;-24
7614;32;-26
7615;36;-28
7616;34;-28
7617;36;-30
7618;36;-30
7619;38;-30
7620;42;-32
7621;42;-32
7622;40;-32
7623;44;-34
7624;46;-36
7625;52;-42
7626;48;-48
7627;52;-54
7628;50;-56
7629;48;-52
7630;54;-42
7631;54;-30
7632;54;-22
7633;56;-22
7634;56;-20
7635;58;-22
7636;60;-24
7637;60;-28
7638;60;-28
7639;58;-30
7640;62;-30
7641;64;-30
7642;66;-32
7643;66;-32
7644;68;-34
7645;68;-36
7646;78;-44
7647;70;-48
7648;70;-54
7649;64;-56
7650;72;-52
7651;74;-46
7652;74;-36
7653;74;-28
7654;76;-22
7655;76;-22
7656;68;-22
7657;78;-22
7658;78;-12
7659;82;-12
7660;80;-16
7661;80;-16
7662;82;-18
7663;102;-20
7664;82;-26
7665;84;-32
7666;76;-38
7667;84;-42
7668;84;-40
7669;84;-32
7670;88;-20
7671;88;-10
7672;90;-6
7673;74;-8
7674;88;-8
7675;88;-10
7676;90;-14
7677;88;-16
7678;90;-16
7679;88;-16
7680;94;-18
7681;90;-18
7682;90;-18
7683;88;-24
7684;92;-30
7685;92;-36
7686;92;-42
7687;94;-42
7688;94;-40
7689;92;-30
7690;94;-20
7691;96;-12
7692;94;-8
7693;94;-6
7694;94;-8
7695;94;-10
7696;96;-12
7697;92;-14
7698;94;-16
7699;96;-18
7700;96;-16
7701;94;-18
7702;96;-18
7703;94;-18
7704;112;-18
7705;96;-20
7706;96;-20
7707;94;-20
7708;96;-20
7709;96;-20
7710;96;-18
7711;96;-4
7712;96;-10
7713;94;-18
7714;88;-22
7715;96;-24
7716;96;-22
7717;98;-12
7718;96;-4
7719;96;6
7720;96;12
7721;110;14
7722;94;14
7723;96;12
7724;92;10
7725;96;6
7726;94;4
7727;94;4
7728;94;4
7729;94;2
7730;94;2
7731;84;2
7732;94;2
7733;92;2
7734;92;-2
7735;92;-8
7736;92;-14
7737;92;-20
7738;96;-22
7739;90;-22
7740;92;-14
7741;90;-4
7742;90;6
7743;90;12
7744;90;16
7745;90;14
7746;88;12
7747;88;10
7748;88;6
7749;88;6
7750;88;4
7751;88;2
7752;88;2
7753;86;2
7754;88;2
7755;92;2
7756;86;2
7757;86;2
7758;84;0
7759;86;-4
7760;84;-10
7761;86;-16
7762;84;-20
7763;84;6
7764;86;8
7765;78;16
7766;84;26
7767;82;34
7768;82;40
7769;84;42
7770;84;42
7771;82;40
7772;74;38
7773;80;36
7774;80;34
7775;82;34
7776;80;34
7777;80;32
7778;80;32
7779;98;32
7780;78;30
7781;80;28
7782;80;28
7783;78;20
7784;76;14
7785;76;8
7786;74;6
7787;78;8
7788;76;14
7789;74;26
7790;76;34
7791;74;40
7792;76;42
7793;74;42
7794;74;40
7795;72;38
7796;76;36
7797;70;34
7798;72;32
7799;70;32
7800;70;32
7801;68;30
7802;70;30
7803;70;30
7804;70;30
7805;70;30
7806;68;26
7807;68;18
7808;68;12
7809;68;6
7810;66;6
7811;66;6
7812;64;16
7813;72;28
7814;64;38
7815;64;66
7816;64;66
7817;64;64
7818;62;62
7819;62;60
7820;58;56
7821;62;56
7822;62;54
7823;64;54
7824;60;52
7825;62;52
7826;60;52
7827;60;52
7828;60;52
7829;58;52
7830;62;50
7831;60;46
7832;60;40
7833;58;34
7834;58;28
7835;56;28
7836;58;32
7837;44;44
7838;56;58
7839;56;64
7840;58;64
7841;56;64
7842;56;62
7843;54;60
7844;54;58
7845;54;56
7846;54;54
7847;58;54
7848;54;54
7849;54;52
7850;52;52
7851;52;52
7852;52;44
7853;52;38
7854;48;32
7855;50;28
7856;52;28
7857;54;32
7858;50;42
7859;50;52
7860;48;60
7861;50;64
7862;50;64
7863;48;62
7864;52;60
7865;48;58
7866;48;58
7867;48;64
7868;46;60
7869;46;54
7870;46;46
7871;50;38
7872;44;36
7873;44;36
7874;46;42
7875;44;50
7876;46;60
7877;42;68
7878;44;72
7879;42;72
7880;42;70
7881;42;68
7882;40;64
7883;42;64
7884;40;64
7885;42;60
7886;40;60
7887;40;60
7888;42;60
7889;40;58
7890;40;58
7891;40;58
7892;40;54
7893;38;46
7894;38;40
7895;14;36
7896;36;32
7897;36;38
7898;44;44
7899;36;56
7900;36;64
7901;34;68
7902;34;72
7903;34;70
7904;34;68
7905;42;66
7906;34;64
7907;34;62
7908;32;62
7909;34;60
7910;32;60
7911;30;60
7912;18;58
7913;32;58
7914;32;58
7915;30;58
7916;32;56
7917;30;58
7918;28;58
7919;30;46
7920;28;38
7921;28;32
7922;26;26
7923;28;24
7924;28;24
7925;28;30
7926;28;40
7927;26;50
7928;26;56
7929;34;60
7930;26;60
7931;26;60
7932;26;56
7933;24;54
7934;24;52
7935;22;52
7936;18;50
7937;22;50
7938;22;48
7939;20;46
7940;22;48
7941;20;44
7942;20;40
7943;20;32
7944;20;26
7945;18;24
7946;24;24
7947;18;34
7948;16;46
7949;16;54
7950;16;60
7951;16;60
7952;14;58
7953;-8;56
7954;14;54
7955;14;52
7956;20;50
7957;12;48
7958;10;50
7959;10;48
7960;10;48
7961;8;46
7962;8;46
7963;22;46
7964;6;44
7965;6;36
7966;6;30
7967;6;24
7968;4;22
7969;2;24
7970;-10;38
7971;2;26
7972;0;34
7973;4;36
7974;-2;34
7975;-2;34
7976;-4;32
7977;-4;28
7978;-4;28
7979;-6;26
7980;-2;26
7981;-6;24
7982;-8;20
7983;-10;14
7984;-8;6
7985;-10;2
7986;-12;-2
7987;-14;2
7988;-14;12
7989;-14;20
7990;-14;30
7991;-16;34
7992;-16;36
7993;-18;36
7994;-16;34
7995;-20;32
7996;-22;30
7997;-24;28
7998;-22;28
7999;-22;26
8000;-26;26
8001;-26;26
8002;-28;24
8003;-28;24
8004;-30;24
8005;-32;24
8006;-32;24
8007;-30;22
8008;-34;18
8009;-34;10
8010;-34;4
8011;-44;0
8012;-38;-2
8013;-38;2
8014;-44;10
8015;-42;22
8016;-42;30
8017;-44;34
8018;-44;36
8019;-46;34
8020;-48;32
8021;-38;30
8022;-50;30
8023;-52;4
8024;-50;2
8025;-52;-4
8026;-54;-12
8027;-54;-18
8028;-56;-22
8029;-58;-22
8030;-60;-16
8031;-62;-8
8032;-60;2
8033;-62;10
8034;-64;12
8035;-64;12
8036;-66;12
8037;-68;8
8038;-64;6
8039;-70;6
8040;-68;4
8041;-70;0
8042;-70;0
8043;-72;0
8044;-74;0
8045;-80;0
8046;-76;2
8047;-78;0
8048;-76;-2
8049;-80;-8
8050;-80;-16
8051;-82;-22
8052;-82;-24
8053;-82;-22
8054;-84;-16
8055;-88;-6
8056;-88;4
8057;-86;12
8058;-88;12
8059;-90;12
8060;-90;10
8061;-90;8
8062;-92;6
8063;-92;4
8064;-94;4
8065;-94;2
8066;-96;2
8067;-96;2
8068;-98;0
8069;-100;0
8070;-98;0
8071;-100;0
8072;-110;0
8073;-102;0
8074;-104;0
8075;-106;-20
8076;-106;-24
8077;-106;-32
8078;-110;-36
8079;-116;-40
8080;-110;-40
8081;-110;-36
8082;-110;-28
8083;-112;-16
8084;-114;-10
8085;-114;-6
8086;-98;-6
8087;-116;-6
8088;-116;-10
8089;-124;-12
8090;-118;-12
8091;-118;-14
8092;-118;-16
8093;-118;-16
8094;-120;-16
8095;-120;-16
8096;-132;-18
8097;-120;-18
8098;-122;-18
8099;-120;-18
8100;-122;-18
8101;-124;-18
8102;-124;-22
8103;-120;-26
8104;-126;-34
8105;-124;-40
8106;-128;-42
8107;-124;-38
8108;-126;-32
8109;-126;-22
8110;-126;-12
8111;-126;-8
8112;-126;-6
8113;-126;-6
8114;-128;-8
8115;-126;-8
8116;-126;-12
8117;-126;-14
8118;-128;-16
8119;-128;-16
8120;-124;-16
8121;-128;-18
8122;-128;-16
8123;-128;-18
8124;-126;-18
8125;-126;-18
8126;-126;-16
8127;-130;-28
8128;-126;-34
8129;-126;-40
8130;-122;-46
8131;-126;-50
8132;-126;-50
8133;-122;-48
8134;-126;-40
8135;-124;-30
8136;-122;-22
8137;-124;-18
8138;-120;-16
8139;-120;-18
8140;-118;-18
8141;-118;-20
8142;-118;-24
8143;-118;-24
8144;-96;-26
8145;-116;-26
8146;-116;-26
8147;-118;-28
8148;-114;-28
8149;-114;-28
8150;-112;-28
8151;-110;-30
8152;-110;-36
8153;-108;-42
8154;-114;-48
8155;-108;-50
8156;-106;-50
8157;-104;-42
8158;-104;-30
8159;-104;-20
8160;-102;-16
8161;-96;-16
8162;-100;-18
8163;-98;-20
8164;-100;-22
8165;-96;-24
8166;-96;-26
8167;-94;-26
8168;-92;-26
8169;-92;-26
8170;-92;-28
8171;-90;-28
8172;-88;-28
8173;-88;-28
8174;-86;-30
8175;-84;-38
8176;-84;-44
8177;-84;-48
8178;-74;-50
8179;-80;-54
8180;-80;-46
8181;-78;-38
8182;-78;-30
8183;-74;-24
8184;-74;-24
8185;-82;-26
8186;-70;-28
8187;-70;-28
8188;-66;-28
8189;-66;-32
8190;-66;-32
8191;-64;-34
8192;-62;-34
8193;-62;-34
8194;-60;-36
8195;-60;-36
8196;-56;-34
8197;-56;-36
8198;-52;-36
8199;-52;-38
8200;-50;-44
8201;-48;-52
8202;-66;-56
8203;-44;-58
8204;-42;-54
8205;-44;-48
8206;-38;-40
8207;-38;-28
8208;-36;-24
8209;-34;-22
8210;-32;-24
8211;-30;-26
8212;-34;-26
8213;-28;-30
8214;-26;-30
8215;-24;-32
8216;-22;-34
8217;-20;-32
8218;-18;-34
8219;-16;-34
8220;-16;-34
8221;-14;-34
8222;-12;-36
8223;-12;-40
8224;-8;-46
8225;-6;-52
8226;-4;-56
8227;-6;-58
8228;-4;-50
8229;6;-38
8230;0;-26
8231;4;-22
8232;6;-22
8233;6;-26
8234;8;-26
8235;10;-28
8236;14;-32
8237;14;-32
8238;16;-34
8239;20;-38
8240;18;-44
8241;20;-52
8242;20;-56
8243;26;-58
8244;26;-54
8245;28;-46
8246;26;-38
8247;28;-28
8248;30;-26
8249;32;-24
8250;34;-24
8251;36;-26
8252;38;-28
8253;40;-30
8254;40;-30
8255;40;-32
8256;44;-34
8257;44;-34
8258;44;-34
8259;46;-34
8260;32;-34
8261;48;-38
8262;50;-42
8263;52;-48
8264;52;-54
8265;52;-58
8266;52;-56
8267;56;-48
8268;56;-36
8269;58;-28
8270;72;-24
8271;60;-24
8272;58;-24
8273;62;-28
8274;62;-30
8275;62;-30
8276;64;-32
8277;56;-34
8278;66;-34
8279;66;-34
8280;70;-36
8281;68;-34
8282;70;-34
8283;70;-36
8284;70;-32
8285;72;-38
8286;74;-44
8287;74;-46
8288;74;-48
8289;74;-48
8290;76;-40
8291;76;-30
8292;76;-22
8293;78;-16
8294;82;-14
8295;78;-14
8296;80;-18
8297;82;-20
8298;80;-22
8299;80;-24
8300;82;-24
8301;84;-24
8302;82;-24
8303;84;-26
8304;82;-24
8305;84;-26
8306;86;-26
8307;84;-28
8308;86;-30
8309;86;-38
8310;86;-44
8311;90;-48
8312;86;-50
8313;88;-44
8314;90;-32
8315;88;-22
8316;90;-14
8317;90;-14
8318;76;-14
8319;90;-16
8320;90;-20
8321;94;-22
8322;92;-22
8323;92;-24
8324;92;-24
8325;92;-24
8326;92;-26
8327;94;-26
8328;106;-28
8329;94;-28
8330;94;-34
8331;94;-40
8332;96;-46
8333;94;-48
8334;98;-46
8335;88;-40
8336;94;-8
8337;96;0
8338;96;6
8339;96;6
8340;96;6
8341;96;6
8342;98;2
8343;96;0
8344;96;0
8345;104;-2
8346;98;-4
8347;98;-4
8348;98;-4
8349;98;-6
8350;96;-8
8351;98;-14
8352;94;-20
8353;98;-26
8354;98;-28
8355;102;-28
8356;96;-22
8357;98;-12
8358;96;-2
8359;100;4
8360;96;8
8361;96;6
8362;96;4
8363;98;4
8364;96;2
8365;96;0
8366;96;0
8367;96;-2
8368;96;-2
8369;98;-4
8370;96;-4
8371;94;-4
8372;96;-6
8373;92;-6
8374;92;-6
8375;94;-8
8376;80;-14
8377;92;-20
8378;92;-26
8379;88;-28
8380;90;-26
8381;90;-18
8382;90;-6
8383;90;4
8384;88;6
8385;90;6
8386;98;6
8387;88;6
8388;88;34
8389;88;30
8390;86;22
8391;86;14
8392;84;8
8393;84;4
8394;86;4
8395;86;10
8396;80;22
8397;88;32
8398;84;36
8399;82;40
8400;82;40
8401;84;38
8402;82;36
8403;84;32
8404;82;30
8405;82;30
8406;82;30
8407;82;30
8408;80;30
8409;82;28
8410;76;28
8411;78;26
8412;78;28
8413;82;26
8414;78;22
8415;78;16
8416;78;8
8417;78;4
8418;78;4
8419;76;6
8420;78;16
8421;76;24
8422;76;34
8423;76;38
8424;74;40
8425;74;40
8426;74;38
8427;68;34
8428;74;32
8429;74;32
8430;74;30
8431;72;30
8432;72;28
8433;72;28
8434;62;28
8435;70;26
8436;70;24
8437;68;22
8438;70;16
8439;68;8
8440;68;30
8441;68;30
8442;68;34
8443;68;46
8444;76;58
8445;68;64
8446;66;66
8447;68;66
8448;66;62
8449;66;60
8450;68;60
8451;64;58
8452;64;58
8453;64;56
8454;58;56
8455;62;54
8456;64;54
8457;62;50
8458;62;44
8459;62;36
8460;62;32
8461;62;28
8462;60;30
8463;60;38
8464;60;48
8465;60;58
8466;60;64
8467;60;66
8468;54;66
8469;58;64
8470;58;62
8471;60;60
8472;58;58
8473;56;56
8474;54;56
8475;56;54
8476;56;54
8477;54;54
8478;54;52
8479;54;46
8480;52;40
8481;52;34
8482;52;32
8483;52;30
8484;52;32
8485;48;44
8486;52;52
8487;52;60
8488;52;64
8489;52;64
8490;50;64
8491;50;64
8492;54;70
8493;48;68
8494;48;66
8495;40;66
8496;48;62
8497;48;54
8498;48;46
8499;46;42
8500;46;38
8501;48;40
8502;52;50
8503;46;64
8504;46;72
8505;44;74
8506;44;74
8507;44;72
8508;46;70
8509;40;70
8510;44;66
8511;44;64
8512;42;64
8513;44;62
8514;42;64
8515;40;64
8516;42;62
8517;40;60
8518;42;54
8519;34;48
8520;40;40
8521;38;38
8522;40;36
8523;38;42
8524;38;50
8525;38;64
8526;34;70
8527;38;74
8528;38;74
8529;38;74
8530;36;72
8531;36;68
8532;36;66
8533;38;64
8534;36;64
8535;36;62
8536;38;64
8537;36;62
8538;34;62
8539;34;62
8540;34;60
8541;36;60
8542;36;60
8543;30;62
8544;34;48
8545;34;42
8546;34;34
8547;34;30
8548;34;26
8549;32;26
8550;48;34
8551;32;42
8552;30;52
8553;26;60
8554;32;64
8555;30;64
8556;30;64
8557;32;60
8558;30;58
8559;30;56
8560;20;54
8561;30;52
8562;30;52
8563;30;52
8564;28;52
8565;28;52
8566;28;50
8567;48;50
8568;26;48
8569;26;42
8570;18;36
8571;26;30
8572;26;26
8573;22;26
8574;22;34
8575;22;44
8576;22;52
8577;8;60
8578;20;62
8579;20;62
8580;22;62
8581;18;60
8582;18;56
8583;18;54
8584;14;54
8585;14;52
8586;16;52
8587;16;52
8588;14;52
8589;14;52
8590;12;50
8591;12;48
8592;10;44
8593;10;36
8594;12;32
8595;10;28
8596;8;4
8597;8;8
8598;6;16
8599;6;26
8600;4;36
8601;2;40
8602;4;40
8603;2;40
8604;0;38
8605;2;36
8606;0;32
8607;0;32
8608;16;30
8609;-4;30
8610;-4;30
8611;-10;28
8612;-4;28
8613;-6;28
8614;-8;26
8615;-8;22
8616;-8;14
8617;-10;8
8618;-20;4
8619;-10;4
8620;-12;12
8621;-12;24
8622;-14;34
8623;-16;40
8624;-16;40
8625;6;38
8626;-18;38
8627;-20;34
8628;-28;32
8629;-20;28
8630;-22;30
8631;-22;30
8632;-24;28
8633;-24;28
8634;-24;28
8635;-40;28
8636;-28;28
8637;-28;24
8638;-30;18
8639;-32;10
8640;-30;6
8641;-32;4
8642;-30;4
8643;-34;10
8644;-36;20
8645;-42;30
8646;-38;38
8647;-40;40
8648;-42;16
8649;-42;14
8650;-44;12
8651;-44;10
8652;-44;8
8653;-46;6
8654;-48;4
8655;-50;4
8656;-48;4
8657;-50;4
8658;-50;2
8659;-52;2
8660;-54;0
8661;-54;-6
8662;-58;-12
8663;-56;-20
8664;-60;-22
8665;-60;-20
8666;-42;-14
8667;-62;-4
8668;-64;6
8669;-64;12
8670;-66;16
8671;-66;16
8672;-68;12
8673;-68;10
8674;-70;8
8675;-68;8
8676;-74;6
8677;-74;4
8678;-74;4
8679;-74;4
8680;-76;4
8681;-78;2
8682;-78;2
8683;-80;-4
8684;-82;-10
8685;-82;-16
8686;-76;-20
8687;-84;-22
8688;-86;-16
8689;-88;-4
8690;-88;8
8691;-88;14
8692;-92;16
8693;-88;14
8694;-92;12
8695;-94;10
8696;-94;6
8697;-96;4
8698;-94;6
8699;-98;6
8700;-102;-16
8701;-100;-20
8702;-98;-28
8703;-98;-34
8704;-104;-38
8705;-102;-40
8706;-104;-40
8707;-106;-34
8708;-106;-24
8709;-106;-14
8710;-104;-8
8711;-108;-6
8712;-108;-6
8713;-110;-8
8714;-110;-10
8715;-112;-12
8716;-114;-14
8717;-110;-14
8718;-114;-16
8719;-116;-16
8720;-114;-18
8721;-116;-18
8722;-116;-18
8723;-118;-20
8724;-116;-20
8725;-120;-24
8726;-120;-32
8727;-118;-38
8728;-120;-40
8729;-122;-42
8730;-122;-36
8731;-122;-28
8732;-122;-18
8733;-122;-10
8734;-124;-8
8735;-124;-6
8736;-124;-8
8737;-124;-8
8738;-124;-12
8739;-126;-14
8740;-126;-14
8741;-146;-16
8742;-126;-16
8743;-126;-18
8744;-120;-18
8745;-126;-18
8746;-128;-18
8747;-130;-18
8748;-128;-22
8749;-128;-28
8750;-128;-34
8751;-116;-38
8752;-126;-52
8753;-130;-52
8754;-128;-46
8755;-128;-38
8756;-128;-28
8757;-128;-20
8758;-140;-20
8759;-126;-20
8760;-126;-20
8761;-124;-22
8762;-128;-24
8763;-126;-26
8764;-126;-28
8765;-126;-28
8766;-126;-28
8767;-126;-30
8768;-120;-30
8769;-122;-30
8770;-122;-30
8771;-122;-30
8772;-122;-32
8773;-122;-38
8774;-122;-44
8775;-118;-50
8776;-120;-50
8777;-120;-52
8778;-118;-44
8779;-118;-32
8780;-118;-24
8781;-116;-20
8782;-112;-20
8783;-116;-20
8784;-114;-22
8785;-112;-24
8786;-112;-26
8787;-110;-28
8788;-112;-28
8789;-110;-28
8790;-110;-30
8791;-108;-30
8792;-106;-30
8793;-106;-32
8794;-104;-38
8795;-104;-46
8796;-104;-50
8797;-102;-52
8798;-104;-52
8799;-122;-42
8800;-98;-30
8801;-98;-22
8802;-90;-18
8803;-94;-18
8804;-94;-26
8805;-92;-26
8806;-92;-30
8807;-90;-32
8808;-88;-34
8809;-82;-36
8810;-88;-40
8811;-84;-46
8812;-86;-54
8813;-82;-58
8814;-82;-60
8815;-80;-56
8816;-92;-48
8817;-76;-40
8818;-78;-32
8819;-74;-26
8820;-76;-24
8821;-72;-24
8822;-72;-28
8823;-70;-30
8824;-66;-32
8825;-66;-32
8826;-58;-34
8827;-62;-34
8828;-60;-36
8829;-60;-34
8830;-60;-36
8831;-56;-36
8832;-54;-38
8833;-54;-44
8834;-50;-50
8835;-50;-56
8836;-44;-60
8837;-46;-58
8838;-44;-50
8839;-42;-38
8840;-36;-28
8841;-38;-24
8842;-36;-24
8843;-36;-26
8844;-34;-28
8845;-30;-30
8846;-30;-32
8847;-28;-32
8848;-26;-34
8849;-22;-34
8850;-24;-36
8851;-20;-36
8852;-20;-36
8853;-14;-38
8854;-14;-36
8855;-12;-36
8856;-10;-38
8857;-10;-42
8858;-8;-48
8859;-8;-54
8860;-10;-58
8861;-2;-60
8862;-2;-56
8863;2;-50
8864;4;-40
8865;6;-30
8866;8;-26
8867;12;-26
8868;10;-26
8869;10;-26
8870;12;-28
8871;14;-32
8872;18;-34
8873;20;-34
8874;18;-36
8875;22;-36
8876;24;-36
8877;28;-36
8878;24;-36
8879;28;-36
8880;30;-38
8881;32;-42
8882;34;-50
8883;34;-54
8884;40;-60
8885;34;-58
8886;38;-52
8887;38;-44
8888;40;-34
8889;40;-28
8890;44;-24
8891;38;-26
8892;44;-26
8893;44;-28
8894;50;-30
8895;48;-32
8896;50;-32
8897;50;-34
8898;52;-34
8899;54;-36
8900;54;-36
8901;54;-36
8902;56;-36
8903;58;-36
8904;58;-40
8905;58;-46
8906;60;-52
8907;62;-56
8908;58;-46
8909;64;-46
8910;64;-40
8911;66;-30
8912;66;-20
8913;66;-12
8914;68;-12
8915;70;-12
8916;68;-12
8917;68;-16
8918;62;-18
8919;70;-20
8920;72;-20
8921;72;-22
8922;74;-22
8923;74;-24
8924;74;-24
8925;84;-22
8926;76;-26
8927;76;-28
8928;78;-34
8929;78;-42
8930;80;-46
8931;80;-46
8932;80;-42
8933;80;-34
8934;82;-24
8935;78;-16
8936;82;-12
8937;84;-12
8938;84;-14
8939;84;-14
8940;84;-18
8941;86;-18
8942;88;-20
8943;86;-22
8944;88;-22
8945;88;-22
8946;88;-24
8947;90;-24
8948;90;-24
8949;86;-24
8950;92;-24
8951;88;-28
8952;94;-36
8953;92;-42
8954;92;-46
8955;92;-46
8956;96;-42
8957;94;-34
8958;94;-24
8959;94;-14
8960;94;-10
8961;96;10
8962;94;8
8963;94;6
8964;96;2
8965;96;0
8966;92;0
8967;96;-2
8968;96;-2
8969;98;-4
8970;96;-4
8971;96;-4
8972;96;-4
8973;98;-6
8974;96;-10
8975;98;-16
8976;88;-24
8977;96;-28
8978;96;-28
8979;96;-22
8980;96;-12
8981;96;-2
8982;98;6
8983;96;8
8984;98;8
8985;96;8
8986;98;4
8987;98;2
8988;98;2
8989;100;0
8990;104;-2
8991;96;-2
8992;96;-2
8993;88;-2
8994;98;-4
8995;98;-4
8996;96;-4
8997;96;-4
8998;96;-6
8999;96;-10
9000;84;-16
9001;96;-22
9002;94;-26
9003;96;-28
9004;96;-22
9005;96;-14
9006;94;-4
9007;92;4
9008;94;8
9009;94;8
9010;92;6
9011;92;6
9012;90;4
9013;88;30
9014;92;28
9015;90;28
9016;90;28
9017;92;26
9018;88;20
9019;90;14
9020;88;6
9021;88;2
9022;90;-2
9023;88;2
9024;84;16
9025;88;26
9026;88;34
9027;88;36
9028;86;36
9029;86;34
9030;84;32
9031;90;30
9032;86;26
9033;86;26
9034;76;24
9035;84;26
9036;84;26
9037;84;24
9038;84;20
9039;84;14
9040;84;6
9041;74;2
9042;82;-2
9043;84;0
9044;84;10
9045;80;20
9046;82;28
9047;82;34
9048;98;36
9049;80;36
9050;80;34
9051;72;30
9052;80;28
9053;78;28
9054;78;26
9055;78;26
9056;78;24
9057;78;24
9058;72;24
9059;78;24
9060;76;18
9061;76;8
9062;76;2
9063;76;0
9064;78;2
9065;72;36
9066;74;48
9067;72;58
9068;74;64
9069;74;64
9070;72;62
9071;72;58
9072;70;56
9073;72;54
9074;70;54
9075;72;54
9076;70;52
9077;70;52
9078;70;52
9079;70;48
9080;68;46
9081;68;40
9082;62;32
9083;66;28
9084;66;26
9085;66;30
9086;64;38
9087;64;48
9088;64;58
9089;74;62
9090;64;64
9091;62;62
9092;54;60
9093;60;58
9094;62;56
9095;60;54
9096;60;54
9097;60;52
9098;60;52
9099;68;50
9100;58;52
9101;58;50
9102;60;48
9103;56;44
9104;56;38
9105;56;32
9106;62;26
9107;56;26
9108;54;30
9109;46;38
9110;56;48
9111;54;56
9112;52;62
9113;52;62
9114;54;62
9115;52;60
9116;38;60
9117;50;66
9118;52;62
9119;52;58
9120;50;52
9121;50;44
9122;48;38
9123;52;36
9124;48;42
9125;48;54
9126;46;66
9127;48;72
9128;48;74
9129;46;74
9130;48;70
9131;48;68
9132;46;66
9133;46;64
9134;46;64
9135;46;64
9136;44;62
9137;46;62
9138;42;60
9139;42;60
9140;46;58
9141;44;54
9142;44;46
9143;40;40
9144;42;36
9145;42;34
9146;44;40
9147;50;48
9148;42;60
9149;42;68
9150;40;72
9151;42;72
9152;40;72
9153;40;68
9154;40;68
9155;40;64
9156;40;62
9157;34;62
9158;38;62
9159;38;62
9160;40;60
9161;38;60
9162;38;58
9163;38;54
9164;46;46
9165;38;38
9166;36;34
9167;40;36
9168;36;44
9169;34;44
9170;36;54
9171;36;60
9172;34;64
9173;36;64
9174;24;60
9175;34;58
9176;34;56
9177;36;54
9178;34;52
9179;34;54
9180;34;52
9181;38;52
9182;34;52
9183;32;52
9184;30;50
9185;30;46
9186;32;40
9187;30;34
9188;32;28
9189;30;26
9190;30;28
9191;28;38
9192;30;50
9193;30;60
9194;30;62
9195;28;64
9196;28;60
9197;26;58
9198;32;56
9199;24;54
9200;26;52
9201;24;52
9202;24;52
9203;26;50
9204;24;50
9205;12;50
9206;24;48
9207;22;48
9208;24;42
9209;22;34
9210;22;30
9211;20;28
9212;20;26
9213;20;32
9214;18;42
9215;16;52
9216;16;58
9217;16;60
9218;16;60
9219;16;60
9220;16;60
9221;16;36
9222;16;34
9223;14;32
9224;12;32
9225;12;28
9226;10;24
9227;10;16
9228;10;8
9229;8;4
9230;8;2
9231;8;10
9232;0;24
9233;8;36
9234;6;40
9235;6;40
9236;4;40
9237;4;36
9238;2;36
9239;4;34
9240;0;32
9241;0;30
9242;-6;30
9243;0;30
9244;-2;30
9245;-2;28
9246;-4;26
9247;-6;20
9248;-6;16
9249;-8;8
9250;-8;4
9251;-8;4
9252;-10;10
9253;-10;22
9254;-12;34
9255;-12;40
9256;-8;40
9257;-14;38
9258;-14;36
9259;-18;34
9260;-16;32
9261;-18;30
9262;-20;30
9263;-30;30
9264;-20;28
9265;-22;28
9266;-22;26
9267;-24;22
9268;-26;12
9269;-26;6
9270;-26;2
9271;-28;4
9272;-28;12
9273;-30;-2
9274;-30;6
9275;-32;12
9276;-32;16
9277;-36;16
9278;-36;12
9279;-36;10
9280;-56;8
9281;-40;6
9282;-40;6
9283;-32;6
9284;-42;6
9285;-44;4
9286;-46;2
9287;-46;2
9288;-48;4
9289;-50;0
9290;-42;-6
9291;-50;-12
9292;-52;-18
9293;-52;-22
9294;-54;-20
9295;-56;-12
9296;-56;0
9297;-72;10
9298;-58;16
9299;-60;16
9300;-58;14
9301;-62;12
9302;-62;10
9303;-66;8
9304;-66;6
9305;-68;6
9306;-70;4
9307;-68;4
9308;-72;2
9309;-74;2
9310;-72;-4
9311;-74;-10
9312;-74;-18
9313;-78;-20
9314;-72;-22
9315;-78;-16
9316;-80;-2
9317;-84;8
9318;-82;14
9319;-84;16
9320;-84;14
9321;-98;12
9322;-86;10
9323;-88;8
9324;-88;8
9325;-88;-12
9326;-88;-16
9327;-92;-22
9328;-92;-28
9329;-92;-34
9330;-94;-40
9331;-96;-40
9332;-96;-34
9333;-96;-24
9334;-96;-14
9335;-98;-8
9336;-100;-4
9337;-100;-4
9338;-106;-6
9339;-100;-8
9340;-102;-10
9341;-96;-12
9342;-102;-14
9343;-104;-14
9344;-106;-14
9345;-106;-16
9346;-108;-16
9347;-108;-16
9348;-104;-16
9349;-108;-18
9350;-110;-26
9351;-110;-34
9352;-112;-36
9353;-112;-40
9354;-112;-38
9355;-118;-30
9356;-114;-22
9357;-116;-12
9358;-114;-6
9359;-116;-4
9360;-116;-6
9361;-118;-8
9362;-118;-10
9363;-118;-10
9364;-120;-12
9365;-118;-14
9366;-120;-14
9367;-122;-16
9368;-120;-16
9369;-122;-16
9370;-124;-16
9371;-122;-16
9372;-114;-16
9373;-122;-20
9374;-122;-26
9375;-124;-34
9376;-126;-38
9377;-124;-48
9378;-124;-48
9379;-130;-40
9380;-126;-32
9381;-126;-24
9382;-124;-18
9383;-124;-16
9384;-128;-16
9385;-128;-18
9386;-126;-20
9387;-126;-20
9388;-126;-22
9389;-130;-24
9390;-126;-24
9391;-128;-26
9392;-124;-26
9393;-126;-26
9394;-124;-28
9395;-126;-30
9396;-130;-36
9397;-126;-44
9398;-124;-48
9399;-118;-50
9400;-124;-48
9401;-124;-36
9402;-124;-24
9403;-124;-18
9404;-122;-16
9405;-122;-16
9406;-110;-18
9407;-120;-20
9408;-122;-20
9409;-122;-24
9410;-120;-24
9411;-120;-26
9412;-118;-26
9413;-130;-26
9414;-118;-26
9415;-116;-26
9416;-114;-28
9417;-116;-30
9418;-114;-38
9419;-114;-44
9420;-112;-48
9421;-112;-50
9422;-110;-46
9423;-104;-40
9424;-108;-32
9425;-108;-22
9426;-106;-16
9427;-106;-16
9428;-104;-14
9429;-104;-24
9430;-102;-26
9431;-102;-28
9432;-100;-30
9433;-98;-32
9434;-100;-34
9435;-96;-38
9436;-96;-46
9437;-92;-52
9438;-94;-56
9439;-92;-56
9440;-92;-48
9441;-88;-40
9442;-88;-30
9443;-88;-24
9444;-86;-20
9445;-84;-22
9446;-84;-22
9447;-78;-24
9448;-80;-28
9449;-80;-30
9450;-78;-30
9451;-76;-32
9452;-76;-32
9453;-74;-32
9454;-92;-32
9455;-72;-34
9456;-70;-34
9457;-62;-38
9458;-66;-46
9459;-66;-52
9460;-64;-56
9461;-62;-56
9462;-60;-50
9463;-58;-36
9464;-60;-26
9465;-56;-22
9466;-52;-22
9467;-52;-24
9468;-50;-26
9469;-48;-28
9470;-46;-28
9471;-58;-30
9472;-44;-30
9473;-42;-32
9474;-36;-32
9475;-38;-32
9476;-38;-34
9477;-36;-34
9478;-34;-34
9479;-32;-34
9480;-30;-34
9481;-24;-34
9482;-26;-40
9483;-24;-46
9484;-24;-52
9485;-20;-56
9486;-20;-58
9487;-16;-56
9488;-16;-50
9489;-14;-40
9490;-10;-32
9491;-6;-24
9492;-8;-24
9493;-6;-24
9494;-4;-26
9495;-2;-28
9496;0;-30
9497;0;-32
9498;0;-32
9499;4;-34
9500;6;-34
9501;6;-34
9502;10;-36
9503;10;-36
9504;10;-38
9505;18;-42
9506;14;-50
9507;16;-54
9508;20;-58
9509;20;-56
9510;22;-46
9511;24;-36
9512;8;-26
9513;26;-24
9514;28;-24
9515;34;-26
9516;30;-28
9517;32;-30
9518;34;-30
9519;36;-32
9520;36;-34
9521;38;-34
9522;52;-36
9523;42;-34
9524;44;-36
9525;42;-36
9526;46;-40
9527;46;-46
9528;46;-52
9529;36;-56
9530;48;-58
9531;52;-54
9532;56;-46
9533;54;-34
9534;54;-18
9535;56;-14
9536;56;-12
9537;58;-16
9538;58;-18
9539;60;-20
9540;62;-20
9541;60;-22
9542;64;-24
9543;66;-24
9544;66;-24
9545;66;-24
9546;70;-24
9547;68;-28
9548;70;-32
9549;72;-38
9550;70;-44
9551;70;-48
9552;72;-46
9553;76;-40
9554;74;-28
9555;76;-18
9556;76;-14
9557;76;-14
9558;78;-16
9559;78;-18
9560;78;-20
9561;80;-20
9562;82;-22
9563;82;-22
9564;82;-24
9565;82;-24
9566;86;-24
9567;84;-24
9568;86;-26
9569;86;-32
9570;82;-38
9571;88;-44
9572;86;-48
9573;80;-48
9574;88;-40
9575;88;-28
9576;86;-18
9577;88;-14
9578;92;-12
9579;88;-14
9580;96;-16
9581;90;-18
9582;90;-22
9583;92;-22
9584;90;-22
9585;90;-24
9586;92;-8
9587;94;-14
9588;92;-22
9589;92;-26
9590;88;-30
9591;92;-32
9592;92;-28
9593;92;-18
9594;92;-8
9595;94;0
9596;94;4
9597;92;4
9598;94;4
9599;94;2
9600;96;0
9601;94;-2
9602;94;-4
9603;96;-6
9604;90;-6
9605;94;-6
9606;96;-6
9607;96;-8
9608;94;-8
9609;96;-8
9610;96;-12
9611;96;-18
9612;96;-26
9613;96;-30
9614;94;-32
9615;96;-28
9616;94;-22
9617;94;-12
9618;98;-2
9619;96;2
9620;96;6
9621;92;4
9622;98;2
9623;96;0
9624;98;-2
9625;96;-4
9626;94;-6
9627;96;-6
9628;98;-6
9629;96;-8
9630;94;-8
9631;86;-6
9632;94;-8
9633;96;-12
9634;94;-22
9635;94;-26
9636;94;-30
9637;94;-32
9638;86;-4
9639;92;6
9640;94;16
9641;94;24
9642;92;26
9643;92;26
9644;92;26
9645;104;22
9646;90;22
9647;92;20
9648;82;18
9649;90;18
9650;90;18
9651;90;16
9652;90;14
9653;90;16
9654;86;12
9655;78;6
9656;88;-2
9657;88;-4
9658;88;-10
9659;88;-6
9660;88;0
9661;88;12
9662;86;20
9663;86;24
9664;88;26
9665;84;26
9666;86;26
9667;86;22
9668;84;22
9669;84;18
9670;84;18
9671;86;18
9672;86;16
9673;84;16
9674;82;16
9675;82;16
9676;82;16
9677;82;16
9678;82;16
9679;78;12
9680;80;6
9681;82;-2
9682;82;-8
9683;80;-10
9684;80;-8
9685;80;0
9686;90;8
9687;78;18
9688;80;26
9689;74;30
9690;78;54
9691;76;52
9692;76;48
9693;78;46
9694;76;46
9695;76;44
9696;84;42
9697;74;42
9698;74;42
9699;74;42
9700;72;40
9701;72;36
9702;72;28
9703;82;22
9704;72;16
9705;72;16
9706;64;22
9707;70;30
9708;70;38
9709;70;48
9710;70;54
9711;68;54
9712;68;54
9713;54;50
9714;68;48
9715;66;46
9716;68;44
9717;66;44
9718;64;42
9719;64;42
9720;68;42
9721;66;40
9722;64;40
9723;60;40
9724;62;40
9725;64;40
9726;62;34
9727;62;26
9728;62;20
9729;60;16
9730;62;16
9731;60;24
9732;60;32
9733;60;40
9734;58;50
9735;58;54
9736;58;52
9737;60;50
9738;56;48
9739;56;46
9740;54;44
9741;56;44
9742;56;58
9743;56;56
9744;60;48
9745;54;42
9746;54;36
9747;54;32
9748;54;34
9749;52;42
9750;52;54
9751;52;64
9752;50;68
9753;52;68
9754;50;68
9755;50;64
9756;52;62
9757;50;60
9758;50;58
9759;50;58
9760;48;58
9761;60;56
9762;48;56
9763;46;56
9764;40;56
9765;46;50
9766;48;44
9767;46;36
9768;48;32
9769;46;30
9770;46;34
9771;36;46
9772;46;60
9773;46;66
9774;46;68
9775;44;68
9776;44;66
9777;42;64
9778;48;60
9779;42;58
9780;42;58
9781;40;58
9782;42;56
9783;42;54
9784;42;56
9785;42;54
9786;42;52
9787;40;44
9788;40;38
9789;40;32
9790;40;28
9791;40;32
9792;38;40
9793;38;52
9794;36;58
9795;44;64
9796;38;64
9797;36;64
9798;34;62
9799;36;60
9800;36;56
9801;36;56
9802;24;54
9803;36;52
9804;34;50
9805;36;52
9806;34;52
9807;34;50
9808;34;46
9809;34;36
9810;32;32
9811;34;28
9812;32;26
9813;32;32
9814;32;42
9815;32;50
9816;32;60
9817;32;64
9818;32;64
9819;28;62
9820;30;60
9821;28;58
9822;32;54
9823;30;54
9824;30;52
9825;30;52
9826;28;52
9827;28;52
9828;28;52
9829;20;52
9830;28;48
9831;26;46
9832;30;38
9833;26;32
9834;26;28
9835;26;26
9836;30;30
9837;26;40
9838;26;48
9839;22;58
9840;24;62
9841;22;62
9842;22;60
9843;24;60
9844;24;58
9845;22;58
9846;24;56
9847;22;36
9848;20;32
9849;20;24
9850;20;16
9851;20;12
9852;20;10
9853;26;16
9854;18;24
9855;16;34
9856;14;42
9857;16;46
9858;14;46
9859;14;44
9860;6;44
9861;12;40
9862;12;40
9863;14;38
9864;12;38
9865;10;36
9866;10;34
9867;8;34
9868;8;34
9869;8;32
9870;8;26
9871;6;20
9872;4;14
9873;4;10
9874;2;10
9875;2;16
9876;2;26
9877;-20;36
9878;0;42
9879;-2;44
9880;6;46
9881;-4;44
9882;-6;42
9883;-4;38
9884;-4;38
9885;-6;38
9886;-8;36
9887;2;36
9888;-10;34
9889;-10;32
9890;-12;34
9891;-14;34
9892;-12;34
9893;-14;34
9894;-26;28
9895;-18;24
9896;-18;16
9897;-16;12
9898;-20;-14
9899;-20;-12
9900;-22;-4
9901;-24;6
9902;-24;16
9903;-26;22
9904;-22;24
9905;-26;24
9906;-28;22
9907;-30;20
9908;-30;18
9909;-32;16
9910;-32;14
9911;-26;14
9912;-36;12
9913;-36;12
9914;-40;12
9915;-38;12
9916;-40;12
9917;-42;10
9918;-52;6
9919;-44;0
9920;-44;-6
9921;-44;-12
9922;-46;-14
9923;-48;-10
9924;-50;-2
9925;-50;8
9926;-50;16
9927;-54;22
9928;-54;24
9929;-56;22
9930;-56;22
9931;-58;18
9932;-58;16
9933;-60;16
9934;-60;14
9935;-62;12
9936;-64;12
9937;-64;12
9938;-60;12
9939;-66;12
9940;-68;12
9941;-68;8
9942;-70;4
9943;-72;-4
9944;-72;-10
9945;-76;-16
9946;-74;-14
9947;-76;-4
9948;-76;10
9949;-76;20
9950;-78;6
9951;-78;6
9952;-76;2
9953;-82;0
9954;-82;-2
9955;-84;-4
9956;-84;-6
9957;-86;-6
9958;-86;-6
9959;-88;-8
9960;-88;-8
9961;-90;-12
9962;-92;-18
9963;-92;-24
9964;-92;-30
9965;-92;-32
9966;-92;-30
9967;-96;-18
9968;-96;-6
9969;-90;2
9970;-98;4
9971;-98;4
9972;-102;2
9973;-100;0
9974;-102;-2
9975;-102;-4
9976;-112;-4
9977;-104;-6
9978;-106;-6
9979;-112;-6
9980;-108;-8
9981;-110;-10
9982;-110;-14
9983;-110;-22
9984;-110;-28
9985;-110;-32
9986;-120;-32
9987;-112;-24
9988;-112;-10
9989;-112;0
9990;-114;4
9991;-114;6
9992;-114;4
9993;-106;0
9994;-116;-2
9995;-118;-2
9996;-112;-4
9997;-118;-6
9998;-118;-8
9999;-118;-8
10000;-120;-8
