Column1;Column2;Column3
Channel              :;CH1;CH2
Frequency            :;47,88Hz;47,94Hz
Period               :;20,89ms;20,86ms
PK-PK                :;336,0mV;168,0mV
Probe attenuation    :;1X;1X
Voltage per ADC value:;0,500000mV;0,500000mV
Time interval        :;40,00000uS;40,00000uS
;;
index;CH1_Voltage(mV);CH2_Voltage(mV)
1;-120;-16
2;-120;-16
3;-120;-16
4;-112;-24
5;-112;-16
6;-112;-24
7;-104;-24
8;-104;-24
9;-104;-24
10;-104;-24
11;-104;-32
12;-96;-24
13;-96;-32
14;-96;-32
15;-96;-40
16;-88;-48
17;-88;-48
18;-88;-48
19;-80;-40
20;-80;-24
21;-80;-16
22;-72;-16
23;-80;-16
24;-80;-16
25;-72;-16
26;-72;-16
27;-72;-24
28;-64;-24
29;-64;-24
30;-64;-24
31;-56;-24
32;-64;-24
33;-56;-32
34;-56;-32
35;-56;-40
36;-56;-48
37;-48;-48
38;-48;-56
39;-48;-40
40;-48;-32
41;-40;-24
42;-40;-16
43;-40;-16
44;-40;-8
45;-32;-16
46;-40;-16
47;-32;-24
48;-32;-24
49;-24;-24
50;-24;-40
51;-16;-40
52;-16;-48
53;-16;-56
54;-16;-64
55;-16;-64
56;-8;-56
57;-8;-48
58;-8;-40
59;0;-32
60;0;-24
61;0;-32
62;0;-32
63;16;-32
64;0;-32
65;8;-32
66;0;-32
67;16;-32
68;16;-40
69;16;-32
70;16;-40
71;24;-40
72;24;-40
73;24;-48
74;32;-56
75;32;-56
76;32;-64
77;32;-64
78;40;-48
79;40;-40
80;24;-32
81;48;-32
82;48;-24
83;48;-32
84;48;-32
85;48;-40
86;56;-32
87;56;-40
88;64;-40
89;56;-32
90;64;-40
91;64;-40
92;64;-40
93;72;-40
94;72;-40
95;72;-40
96;72;-40
97;88;-48
98;72;-56
99;80;-64
100;88;-56
101;80;-56
102;88;-48
103;88;-32
104;88;-32
105;96;-32
106;88;-32
107;104;-32
108;96;-32
109;96;-40
110;96;-32
111;96;-32
112;96;-32
113;104;-32
114;120;-24
115;104;-24
116;104;-16
117;104;-24
118;112;-24
119;112;-24
120;112;-24
121;112;-32
122;112;-24
123;120;-32
124;104;-24
125;120;-32
126;120;-32
127;120;-32
128;120;-32
129;120;-32
130;120;-32
131;104;-32
132;120;-32
133;128;-32
134;128;-40
135;128;-48
136;128;-48
137;128;-56
138;136;-48
139;136;-40
140;136;-32
141;128;-24
142;136;-24
143;136;-16
144;136;-16
145;136;-24
146;136;-24
147;136;-24
148;144;-24
149;136;-32
150;144;-24
151;136;-32
152;144;-32
153;144;-24
154;144;0
155;144;-8
156;136;-16
157;144;-16
158;152;-24
159;144;-24
160;152;-16
161;152;-8
162;144;8
163;152;8
164;152;16
165;144;8
166;152;8
167;144;8
168;152;8
169;152;0
170;144;0
171;144;0
172;152;0
173;152;0
174;152;0
175;152;0
176;152;0
177;152;-8
178;152;-16
179;152;-24
180;152;-24
181;152;-24
182;168;-16
183;152;0
184;152;8
185;152;8
186;152;8
187;152;8
188;152;8
189;160;8
190;152;8
191;152;0
192;152;0
193;152;0
194;152;0
195;152;0
196;152;0
197;152;0
198;152;-8
199;152;-8
200;160;-16
201;152;-24
202;160;-24
203;152;-24
204;152;-16
205;152;-8
206;168;40
207;152;48
208;152;56
209;152;48
210;152;48
211;144;48
212;152;40
213;152;48
214;152;40
215;152;40
216;152;40
217;152;40
218;152;40
219;152;40
220;144;32
221;144;24
222;144;16
223;144;16
224;144;16
225;144;16
226;136;24
227;144;32
228;136;40
229;144;48
230;144;56
231;136;48
232;136;48
233;136;48
234;136;40
235;136;40
236;136;40
237;136;40
238;136;40
239;136;40
240;128;40
241;136;40
242;128;40
243;136;32
244;128;32
245;128;24
246;128;16
247;128;16
248;128;16
249;128;16
250;128;24
251;120;32
252;120;48
253;120;48
254;120;48
255;120;48
256;120;48
257;120;48
258;120;88
259;112;80
260;112;88
261;112;80
262;112;80
263;112;72
264;104;64
265;104;56
266;112;48
267;104;48
268;104;56
269;104;64
270;104;80
271;96;88
272;96;96
273;96;88
274;88;88
275;96;88
276;96;88
277;96;88
278;96;80
279;88;80
280;88;80
281;88;80
282;88;80
283;88;80
284;88;80
285;88;80
286;80;72
287;88;64
288;80;64
289;80;56
290;80;48
291;80;56
292;72;64
293;72;80
294;72;88
295;72;88
296;72;88
297;72;88
298;72;88
299;72;80
300;72;80
301;72;80
302;72;80
303;64;80
304;72;80
305;64;72
306;64;80
307;64;80
308;64;80
309;64;80
310;56;88
311;64;80
312;56;72
313;56;64
314;56;64
315;56;72
316;48;64
317;56;72
318;56;88
319;48;96
320;48;96
321;56;104
322;48;96
323;48;96
324;48;96
325;48;96
326;40;96
327;40;88
328;40;88
329;32;88
330;40;88
331;40;88
332;32;88
333;32;80
334;32;80
335;32;72
336;32;64
337;32;64
338;24;64
339;32;72
340;24;80
341;24;88
342;16;96
343;24;96
344;16;96
345;16;96
346;16;96
347;16;96
348;16;96
349;32;88
350;8;88
351;8;88
352;0;88
353;8;88
354;8;88
355;0;80
356;8;88
357;0;88
358;0;88
359;0;80
360;0;72
361;-8;64
362;0;40
363;-8;40
364;-8;40
365;-8;48
366;-16;64
367;-16;72
368;-16;72
369;-32;72
370;-16;72
371;-16;72
372;-24;72
373;-16;64
374;-24;64
375;-24;64
376;-32;64
377;-24;64
378;-32;64
379;-24;64
380;-32;64
381;-32;64
382;-32;64
383;-40;56
384;-40;48
385;-40;48
386;-32;32
387;-40;32
388;-40;40
389;-40;48
390;-40;64
391;-48;72
392;-48;72
393;-32;72
394;-56;72
395;-48;72
396;-56;72
397;-56;64
398;-56;64
399;-64;64
400;-48;64
401;-64;64
402;-64;64
403;-72;56
404;-64;64
405;-64;64
406;-72;64
407;-72;56
408;-72;48
409;-72;40
410;-80;32
411;-80;40
412;-80;40
413;-80;48
414;-80;24
415;-80;32
416;-80;32
417;-96;32
418;-88;32
419;-88;24
420;-88;24
421;-88;24
422;-96;24
423;-96;24
424;-88;24
425;-96;24
426;-96;16
427;-112;16
428;-104;16
429;-96;8
430;-104;0
431;-104;0
432;-104;0
433;-104;0
434;-104;8
435;-104;16
436;-104;32
437;-112;32
438;-112;32
439;-112;32
440;-112;24
441;-112;24
442;-112;24
443;-120;24
444;-112;16
445;-112;24
446;-120;16
447;-120;24
448;-120;24
449;-120;16
450;-120;16
451;-128;24
452;-128;16
453;-128;16
454;-128;8
455;-128;0
456;-128;0
457;-136;-8
458;-136;-8
459;-136;8
460;-128;16
461;-128;24
462;-136;32
463;-136;32
464;-136;24
465;-136;32
466;-136;0
467;-144;0
468;-128;-8
469;-144;-16
470;-136;-24
471;-136;-24
472;-144;-32
473;-144;-32
474;-144;-24
475;-144;-16
476;-144;-8
477;-144;0
478;-136;0
479;-144;0
480;-144;0
481;-144;0
482;-144;-8
483;-144;0
484;-144;-8
485;-144;-8
486;-144;-16
487;-144;-8
488;-144;-8
489;-144;-8
490;-144;-16
491;-144;-16
492;-136;-8
493;-144;-16
494;-144;-24
495;-144;-32
496;-144;-32
497;-144;-32
498;-136;-24
499;-144;-24
500;-136;-8
501;-136;0
502;-136;0
503;-136;0
504;-136;0
505;-136;0
506;-136;-8
507;-128;-8
508;-128;0
509;-128;-8
510;-136;-8
511;-128;-8
512;-136;-8
513;-136;-8
514;-128;-8
515;-128;-8
516;-128;-8
517;-128;-8
518;-120;-24
519;-120;-32
520;-120;-40
521;-112;-40
522;-112;-48
523;-112;-48
524;-112;-48
525;-112;-40
526;-136;-32
527;-112;-16
528;-112;-16
529;-104;-16
530;-104;-16
531;-104;-16
532;-104;-16
533;-104;-24
534;-96;-16
535;-96;-24
536;-88;-16
537;-96;-24
538;-96;-24
539;-88;-24
540;-88;-24
541;-88;-24
542;-80;-24
543;-64;-24
544;-80;-24
545;-80;-32
546;-72;-40
547;-72;-40
548;-72;-48
549;-72;-48
550;-64;-48
551;-64;-40
552;-64;-32
553;-56;-24
554;-56;-16
555;-56;-16
556;-56;-16
557;-56;-16
558;-56;-24
559;-56;-16
560;-56;-16
561;-48;-24
562;-40;-24
563;-40;-24
564;-40;-24
565;-40;-24
566;-40;-24
567;-40;-24
568;-32;-24
569;-32;-24
570;-40;-24
571;-24;-40
572;-24;-48
573;-24;-56
574;-16;-56
575;-16;-56
576;-16;-56
577;-16;-48
578;-8;-40
579;-8;-32
580;0;-24
581;0;-24
582;0;-24
583;0;-24
584;0;-24
585;8;-32
586;8;-32
587;16;-32
588;8;-32
589;16;-32
590;16;-32
591;16;-32
592;24;-32
593;24;-32
594;24;-40
595;24;-48
596;32;-56
597;32;-56
598;32;-56
599;32;-48
600;40;-40
601;40;-32
602;48;-24
603;48;-24
604;48;-24
605;48;-24
606;56;-32
607;56;-32
608;56;-32
609;64;-32
610;64;-32
611;56;-32
612;64;-32
613;64;-32
614;72;-32
615;64;-40
616;72;-48
617;72;-56
618;72;-56
619;72;-56
620;80;-56
621;80;-40
622;80;-32
623;80;-16
624;88;-16
625;80;-16
626;88;-16
627;88;-16
628;88;-24
629;96;-24
630;88;-24
631;96;-24
632;96;-32
633;96;-24
634;96;-32
635;96;-40
636;104;-48
637;104;-48
638;104;-48
639;104;-48
640;112;-40
641;112;-24
642;112;-24
643;112;-16
644;112;-16
645;112;-16
646;120;-16
647;120;-24
648;120;-24
649;120;-24
650;120;-24
651;120;-24
652;136;-24
653;128;-24
654;120;-24
655;128;-32
656;128;-40
657;128;-48
658;128;-48
659;128;-48
660;128;-48
661;128;-32
662;128;-24
663;136;-16
664;136;-16
665;136;-16
666;136;-16
667;136;-16
668;136;-16
669;112;-24
670;136;-24
671;144;-24
672;152;-24
673;136;-24
674;144;-24
675;144;0
676;144;-8
677;144;-16
678;144;-16
679;136;-24
680;144;-24
681;144;-16
682;152;0
683;152;8
684;152;16
685;152;16
686;160;8
687;144;8
688;152;8
689;152;8
690;152;0
691;152;8
692;152;0
693;152;0
694;152;0
695;152;0
696;152;0
697;152;0
698;152;-8
699;152;-8
700;152;-24
701;160;-24
702;152;-24
703;152;-24
704;152;-8
705;152;0
706;144;8
707;152;8
708;152;16
709;152;16
710;152;8
711;152;8
712;152;0
713;144;0
714;152;0
715;152;0
716;160;-8
717;152;0
718;160;0
719;160;0
720;160;-16
721;160;-16
722;152;-24
723;152;-24
724;152;-16
725;152;-8
726;160;8
727;152;48
728;152;56
729;152;48
730;152;48
731;152;48
732;152;48
733;160;40
734;152;40
735;152;40
736;152;40
737;152;40
738;152;32
739;144;32
740;144;24
741;152;16
742;144;16
743;144;16
744;144;32
745;144;40
746;144;48
747;144;48
748;144;56
749;144;48
750;136;48
751;152;48
752;144;48
753;144;40
754;136;40
755;136;40
756;136;40
757;136;40
758;136;32
759;136;32
760;136;16
761;136;16
762;136;16
763;128;16
764;136;24
765;128;32
766;128;40
767;136;48
768;136;48
769;128;48
770;128;48
771;136;48
772;120;48
773;128;40
774;120;40
775;120;40
776;120;40
777;120;40
778;120;40
779;120;80
780;120;72
781;112;64
782;112;56
783;104;56
784;112;56
785;112;64
786;112;64
787;112;80
788;104;88
789;112;88
790;104;88
791;104;88
792;104;88
793;104;88
794;104;88
795;104;80
796;96;80
797;96;80
798;96;80
799;96;80
800;96;80
801;96;80
802;96;72
803;96;64
804;96;64
805;96;56
806;88;56
807;88;56
808;88;64
809;88;72
810;80;88
811;80;88
812;72;88
813;80;88
814;80;88
815;72;88
816;72;80
817;80;88
818;72;80
819;72;80
820;72;80
821;72;80
822;64;80
823;72;80
824;64;80
825;64;72
826;64;80
827;64;72
828;64;72
829;72;64
830;64;64
831;56;64
832;64;64
833;56;64
834;56;80
835;56;96
836;56;104
837;56;104
838;56;104
839;64;96
840;48;96
841;48;96
842;48;96
843;48;88
844;48;96
845;48;88
846;56;96
847;40;88
848;40;96
849;32;88
850;40;80
851;32;72
852;40;64
853;40;64
854;32;64
855;32;72
856;24;80
857;32;88
858;32;96
859;32;104
860;24;104
861;24;104
862;32;96
863;16;96
864;16;96
865;16;96
866;24;96
867;16;96
868;16;88
869;16;88
870;8;88
871;8;88
872;8;88
873;8;80
874;8;64
875;8;64
876;0;64
877;8;72
878;0;80
879;0;88
880;-8;96
881;0;104
882;0;104
883;-8;80
884;-8;72
885;-8;72
886;-8;72
887;-8;64
888;-8;64
889;-8;64
890;-16;64
891;-16;64
892;-16;64
893;-16;64
894;-16;64
895;-24;56
896;-16;48
897;-24;40
898;-32;40
899;-24;40
900;-16;40
901;-32;56
902;-32;64
903;-32;72
904;-32;72
905;-32;72
906;-32;72
907;-32;64
908;-40;64
909;-40;64
910;-40;64
911;-40;64
912;-48;64
913;-48;72
914;-40;64
915;-48;64
916;-48;56
917;-56;56
918;-56;40
919;-56;40
920;-56;40
921;-64;40
922;-56;56
923;-64;64
924;-64;72
925;-64;80
926;-64;72
927;-72;72
928;-64;72
929;-64;72
930;-72;72
931;-72;64
932;-72;64
933;-72;64
934;-80;64
935;-80;24
936;-80;16
937;-80;8
938;-64;0
939;-88;0
940;-80;0
941;-88;0
942;-88;8
943;-88;16
944;-88;24
945;-96;32
946;-96;32
947;-96;32
948;-96;32
949;-96;32
950;-104;24
951;-104;24
952;-104;16
953;-104;24
954;-104;24
955;-104;16
956;-104;24
957;-104;24
958;-112;24
959;-104;24
960;-112;16
961;-112;16
962;-112;8
963;-120;0
964;-120;0
965;-120;0
966;-112;0
967;-120;8
968;-120;16
969;-120;24
970;-120;32
971;-120;32
972;-144;32
973;-120;32
974;-128;32
975;-120;24
976;-128;24
977;-128;24
978;-136;24
979;-136;24
980;-128;24
981;-128;24
982;-120;24
983;-136;24
984;-136;16
985;-136;16
986;-136;24
987;-136;-16
988;-136;-16
989;-120;-24
990;-136;-24
991;-144;-32
992;-136;-32
993;-136;-32
994;-136;-24
995;-144;-16
996;-144;0
997;-144;0
998;-144;0
999;-136;0
1000;-144;0
1001;-144;0
1002;-136;-8
1003;-144;-8
1004;-144;-8
1005;-144;-8
1006;-152;-8
1007;-144;-8
1008;-152;-16
1009;-144;-16
1010;-144;-24
1011;-144;-32
1012;-144;-32
1013;-144;-32
1014;-144;-32
1015;-136;-24
1016;-152;-8
1017;-144;0
1018;-136;0
1019;-136;0
1020;-136;0
1021;-136;0
1022;-136;-8
1023;-136;-8
1024;-136;-8
1025;-136;-8
1026;-136;-8
1027;-136;-8
1028;-136;-8
1029;-136;-8
1030;-136;-8
1031;-128;-8
1032;-128;-16
1033;-128;-16
1034;-128;-24
1035;-128;-24
1036;-128;-40
1037;-128;-32
1038;-128;-32
1039;-128;-40
1040;-128;-24
1041;-120;-24
1042;-120;-16
1043;-120;-24
1044;-120;-16
1045;-112;-24
1046;-120;-24
1047;-112;-24
1048;-112;-24
1049;-112;-24
1050;-112;-32
1051;-104;-24
1052;-112;-32
1053;-104;-32
1054;-104;-32
1055;-96;-32
1056;-96;-32
1057;-96;-40
1058;-96;-40
1059;-96;-48
1060;-88;-48
1061;-88;-48
1062;-88;-48
1063;-88;-32
1064;-80;-24
1065;-80;-16
1066;-80;-16
1067;-80;-16
1068;-72;-24
1069;-72;-16
1070;-72;-24
1071;-72;-24
1072;-64;-24
1073;-64;-24
1074;-64;-24
1075;-64;-32
1076;-64;-32
1077;-56;-24
1078;-56;-24
1079;-56;-24
1080;-56;-24
1081;-56;-32
1082;-48;-32
1083;-48;-40
1084;-40;-48
1085;-40;-48
1086;-40;-48
1087;-40;-48
1088;-32;-40
1089;-32;-32
1090;-32;-24
1091;-24;-24
1092;-24;-24
1093;-24;-24
1094;-16;-32
1095;-16;-32
1096;-16;-32
1097;-16;-32
1098;-8;-40
1099;-16;-32
1100;-8;-40
1101;-16;-40
1102;0;-40
1103;0;-40
1104;0;-48
1105;0;-48
1106;0;-56
1107;8;-64
1108;8;-64
1109;8;-48
1110;8;-40
1111;16;-32
1112;16;-24
1113;16;-24
1114;24;-24
1115;0;-32
1116;24;-24
1117;32;-32
1118;32;-32
1119;32;-32
1120;32;-32
1121;40;-32
1122;40;-40
1123;40;-40
1124;48;-40
1125;40;-40
1126;48;-32
1127;56;-32
1128;56;-40
1129;56;-48
1130;56;-48
1131;64;-56
1132;72;-56
1133;56;-56
1134;64;-56
1135;64;-48
1136;72;-32
1137;64;-24
1138;72;-24
1139;72;-24
1140;72;-32
1141;72;-32
1142;80;-24
1143;88;-16
1144;80;-24
1145;80;-32
1146;88;-32
1147;80;-40
1148;88;-48
1149;88;-48
1150;88;-48
1151;88;-40
1152;88;-24
1153;96;-16
1154;96;-8
1155;104;-16
1156;96;-16
1157;96;-16
1158;104;-24
1159;96;-24
1160;104;-24
1161;104;-24
1162;112;-24
1163;104;-24
1164;112;-24
1165;112;-24
1166;104;-32
1167;112;-32
1168;120;-40
1169;112;-48
1170;120;-48
1171;120;-48
1172;120;-40
1173;120;-24
1174;120;-16
1175;120;-16
1176;128;-16
1177;128;-16
1178;128;-16
1179;128;-16
1180;128;-16
1181;128;-24
1182;128;-24
1183;136;-24
1184;136;-24
1185;136;-24
1186;136;-32
1187;136;-24
1188;136;-24
1189;136;-32
1190;144;-40
1191;136;-40
1192;136;-48
1193;144;-48
1194;136;-40
1195;144;-24
1196;144;8
1197;144;8
1198;144;16
1199;144;8
1200;144;8
1201;144;8
1202;144;0
1203;152;0
1204;144;0
1205;144;0
1206;144;0
1207;152;0
1208;152;-8
1209;152;-16
1210;152;-24
1211;152;-24
1212;152;-24
1213;160;-16
1214;152;0
1215;152;8
1216;152;16
1217;160;16
1218;152;8
1219;152;8
1220;152;8
1221;152;8
1222;152;8
1223;152;8
1224;152;0
1225;152;0
1226;152;0
1227;152;0
1228;152;0
1229;152;0
1230;152;-8
1231;152;-16
1232;152;-16
1233;152;-24
1234;152;-24
1235;152;-24
1236;160;-8
1237;152;0
1238;152;8
1239;152;8
1240;152;16
1241;176;8
1242;152;8
1243;152;8
1244;152;0
1245;160;0
1246;152;0
1247;152;0
1248;152;40
1249;152;32
1250;152;24
1251;152;24
1252;152;16
1253;152;16
1254;152;24
1255;144;32
1256;152;48
1257;152;48
1258;144;48
1259;152;48
1260;152;48
1261;144;48
1262;152;48
1263;152;40
1264;144;40
1265;144;40
1266;144;40
1267;144;40
1268;136;40
1269;144;40
1270;144;40
1271;144;40
1272;144;32
1273;144;24
1274;144;16
1275;144;16
1276;144;16
1277;144;16
1278;144;32
1279;136;40
1280;136;48
1281;136;48
1282;136;48
1283;136;48
1284;136;48
1285;144;48
1286;136;40
1287;136;40
1288;128;40
1289;128;40
1290;136;40
1291;128;40
1292;144;40
1293;128;32
1294;128;24
1295;112;16
1296;120;16
1297;128;8
1298;128;16
1299;120;40
1300;120;80
1301;120;88
1302;104;88
1303;120;88
1304;112;88
1305;112;88
1306;112;80
1307;112;80
1308;112;80
1309;96;80
1310;104;80
1311;104;80
1312;112;80
1313;104;80
1314;104;64
1315;104;64
1316;96;56
1317;96;48
1318;104;56
1319;96;56
1320;104;72
1321;96;80
1322;96;88
1323;96;88
1324;88;96
1325;96;88
1326;96;88
1327;88;88
1328;80;80
1329;80;80
1330;80;80
1331;80;80
1332;80;80
1333;80;80
1334;80;80
1335;80;80
1336;80;72
1337;80;72
1338;72;72
1339;72;72
1340;72;64
1341;72;56
1342;72;56
1343;64;56
1344;72;72
1345;64;80
1346;72;88
1347;64;88
1348;64;88
1349;56;88
1350;56;88
1351;64;88
1352;56;96
1353;56;88
1354;56;88
1355;56;72
1356;56;64
1357;56;64
1358;56;64
1359;56;72
1360;56;80
1361;48;96
1362;48;96
1363;48;104
1364;48;104
1365;48;96
1366;40;96
1367;48;96
1368;48;88
1369;40;88
1370;32;88
1371;40;88
1372;40;88
1373;32;88
1374;32;88
1375;40;88
1376;32;80
1377;32;72
1378;32;64
1379;24;64
1380;32;64
1381;24;72
1382;24;80
1383;32;88
1384;24;96
1385;24;96
1386;24;96
1387;24;96
1388;24;96
1389;16;96
1390;16;88
1391;16;88
1392;8;88
1393;16;88
1394;16;88
1395;16;88
1396;8;88
1397;16;88
1398;8;80
1399;0;72
1400;0;64
1401;8;64
1402;0;64
1403;0;72
1404;-8;80
1405;0;64
1406;0;72
1407;-8;72
1408;-8;72
1409;-8;72
1410;-8;64
1411;-8;64
1412;-16;64
1413;-8;64
1414;-16;64
1415;-16;64
1416;-16;64
1417;-16;64
1418;-40;64
1419;-24;56
1420;-24;56
1421;-32;56
1422;-24;48
1423;-32;40
1424;-32;40
1425;-32;40
1426;-32;40
1427;-40;56
1428;-24;64
1429;-40;72
1430;-40;80
1431;-32;72
1432;-40;72
1433;-48;64
1434;-40;72
1435;-24;64
1436;-48;64
1437;-48;64
1438;-48;64
1439;-48;64
1440;-56;64
1441;-48;56
1442;-56;56
1443;-56;48
1444;-64;40
1445;-48;32
1446;-64;32
1447;-64;40
1448;-72;48
1449;-72;56
1450;-72;64
1451;-72;72
1452;-72;72
1453;-72;72
1454;-72;72
1455;-80;72
1456;-80;24
1457;-80;24
1458;-80;16
1459;-80;8
1460;-80;0
1461;-88;0
1462;-96;-8
1463;-88;-8
1464;-88;8
1465;-96;16
1466;-96;24
1467;-88;32
1468;-96;32
1469;-96;24
1470;-96;32
1471;-96;32
1472;-104;24
1473;-96;24
1474;-104;24
1475;-104;24
1476;-104;24
1477;-104;16
1478;-104;16
1479;-104;24
1480;-112;16
1481;-112;16
1482;-112;8
1483;-112;0
1484;-112;-8
1485;-112;-8
1486;-112;-8
1487;-120;8
1488;-120;16
1489;-120;24
1490;-120;32
1491;-120;32
1492;-120;32
1493;-120;32
1494;-128;24
1495;-128;24
1496;-120;24
1497;-128;24
1498;-128;16
1499;-128;16
1500;-136;16
1501;-136;16
1502;-128;16
1503;-136;16
1504;-136;16
1505;-136;16
1506;-128;16
1507;-136;8
1508;-136;-32
1509;-128;-32
1510;-136;-32
1511;-136;-32
1512;-136;-24
1513;-136;0
1514;-136;0
1515;-136;0
1516;-136;0
1517;-144;-8
1518;-144;0
1519;-144;-8
1520;-136;-8
1521;-144;-8
1522;-144;-8
1523;-144;-8
1524;-144;-8
1525;-144;-16
1526;-144;-8
1527;-136;-16
1528;-144;-24
1529;-144;-24
1530;-144;-32
1531;-144;-32
1532;-144;-32
1533;-144;-24
1534;-144;-16
1535;-144;-8
1536;-136;0
1537;-144;0
1538;-144;0
1539;-144;0
1540;-136;0
1541;-144;0
1542;-136;-8
1543;-136;-8
1544;-120;-8
1545;-136;-8
1546;-136;-8
1547;-136;-8
1548;-136;-8
1549;-136;-8
1550;-136;-16
1551;-136;-24
1552;-136;-32
1553;-136;-40
1554;-136;-40
1555;-128;-24
1556;-128;-16
1557;-128;-8
1558;-128;0
1559;-120;8
1560;-120;-16
1561;-128;-16
1562;-120;-16
1563;-120;-16
1564;-128;-24
1565;-120;-24
1566;-120;-24
1567;-120;-24
1568;-112;-24
1569;-112;-24
1570;-112;-24
1571;-112;-24
1572;-104;-32
1573;-112;-32
1574;-104;-40
1575;-104;-48
1576;-104;-48
1577;-104;-48
1578;-112;-40
1579;-96;-24
1580;-96;-16
1581;-80;-16
1582;-88;-16
1583;-88;-8
1584;-88;-16
1585;-80;-16
1586;-80;-24
1587;-80;-16
1588;-64;-24
1589;-72;-24
1590;-72;-24
1591;-72;-24
1592;-64;-24
1593;-72;-24
1594;-64;-32
1595;-48;-40
1596;-64;-48
1597;-56;-48
1598;-64;-48
1599;-56;-40
1600;-56;-32
1601;-56;-16
1602;-48;-16
1603;-48;-16
1604;-48;-16
1605;-48;-16
1606;-48;-24
1607;-40;-24
1608;-40;-24
1609;-32;-24
1610;-32;-24
1611;-32;-24
1612;-48;-32
1613;-32;-40
1614;-24;-48
1615;-24;-48
1616;-24;-56
1617;-16;-56
1618;-16;-56
1619;-24;-48
1620;-8;-40
1621;-8;-32
1622;-16;-24
1623;0;-24
1624;-8;-24
1625;0;-24
1626;0;-32
1627;0;-32
1628;0;-32
1629;16;-32
1630;8;-32
1631;8;-32
1632;8;-32
1633;16;-32
1634;16;-32
1635;24;-40
1636;24;-40
1637;24;-56
1638;24;-56
1639;24;-56
1640;32;-48
1641;32;-48
1642;32;-40
1643;32;-24
1644;40;-24
1645;40;-24
1646;40;-24
1647;48;-24
1648;48;-24
1649;56;-24
1650;48;-24
1651;56;-32
1652;56;-32
1653;56;-32
1654;56;-32
1655;56;-32
1656;64;-32
1657;64;-32
1658;72;-40
1659;64;-40
1660;64;-40
1661;72;-48
1662;72;-56
1663;80;-56
1664;80;-48
1665;72;-40
1666;80;-32
1667;80;-24
1668;80;-16
1669;80;-16
1670;88;-16
1671;88;-16
1672;88;-16
1673;96;-24
1674;96;-16
1675;96;-24
1676;96;-24
1677;96;-24
1678;96;-24
1679;96;-24
1680;96;-32
1681;104;-32
1682;104;-40
1683;104;-40
1684;104;-40
1685;112;-56
1686;112;-48
1687;112;-40
1688;112;-32
1689;112;-24
1690;112;-16
1691;120;-16
1692;120;-16
1693;120;-16
1694;120;-24
1695;120;-24
1696;120;-32
1697;128;-24
1698;128;-24
1699;128;-32
1700;128;-32
1701;128;-32
1702;128;-32
1703;128;-32
1704;128;-40
1705;136;-40
1706;136;-48
1707;128;-56
1708;136;-48
1709;136;-40
1710;136;-32
1711;144;-24
1712;144;-24
1713;144;-16
1714;128;-16
1715;144;-16
1716;144;8
1717;144;8
1718;144;8
1719;144;8
1720;144;0
1721;144;0
1722;144;-8
1723;144;-16
1724;160;-24
1725;152;-24
1726;152;-24
1727;152;-16
1728;144;-8
1729;144;0
1730;152;8
1731;160;16
1732;152;8
1733;152;8
1734;152;8
1735;144;8
1736;160;0
1737;152;0
1738;168;0
1739;160;0
1740;152;0
1741;144;0
1742;160;0
1743;152;0
1744;152;-8
1745;152;-8
1746;152;-16
1747;152;-24
1748;152;-24
1749;160;-16
1750;152;-8
1751;152;-8
1752;160;8
1753;152;8
1754;152;8
1755;144;8
1756;160;16
1757;152;8
1758;160;8
1759;160;8
1760;160;0
1761;152;8
1762;152;0
1763;152;0
1764;152;0
1765;152;0
1766;152;0
1767;152;0
1768;160;0
1769;152;32
1770;152;24
1771;152;24
1772;160;16
1773;160;8
1774;152;8
1775;152;24
1776;152;32
1777;144;40
1778;152;48
1779;160;48
1780;152;48
1781;144;48
1782;152;48
1783;144;40
1784;152;40
1785;152;40
1786;152;40
1787;144;40
1788;152;40
1789;136;40
1790;144;32
1791;144;24
1792;144;24
1793;136;16
1794;144;16
1795;136;16
1796;136;32
1797;144;40
1798;136;48
1799;144;48
1800;136;48
1801;136;48
1802;136;48
1803;136;40
1804;136;40
1805;136;48
1806;144;40
1807;136;40
1808;128;40
1809;128;40
1810;136;40
1811;128;40
1812;128;32
1813;136;32
1814;128;16
1815;128;16
1816;128;16
1817;128;8
1818;128;24
1819;120;40
1820;120;48
1821;120;88
1822;120;88
1823;112;88
1824;120;88
1825;120;88
1826;120;80
1827;112;72
1828;120;80
1829;112;80
1830;120;80
1831;112;80
1832;104;80
1833;112;80
1834;104;72
1835;104;80
1836;104;72
1837;96;64
1838;104;56
1839;104;56
1840;104;56
1841;96;48
1842;96;64
1843;104;80
1844;96;88
1845;88;88
1846;88;88
1847;80;80
1848;88;80
1849;88;88
1850;80;80
1851;88;80
1852;88;80
1853;80;80
1854;88;72
1855;80;72
1856;72;72
1857;64;72
1858;72;72
1859;80;64
1860;80;56
1861;72;48
1862;72;48
1863;72;56
1864;72;64
1865;72;80
1866;72;88
1867;72;88
1868;72;88
1869;64;88
1870;64;80
1871;64;88
1872;64;88
1873;56;88
1874;64;88
1875;64;80
1876;56;72
1877;56;64
1878;56;64
1879;56;64
1880;56;80
1881;56;88
1882;56;96
1883;56;104
1884;40;104
1885;48;104
1886;48;96
1887;48;96
1888;48;88
1889;48;88
1890;40;88
1891;32;88
1892;40;88
1893;40;88
1894;40;88
1895;32;88
1896;40;80
1897;40;80
1898;24;72
1899;32;64
1900;32;64
1901;32;64
1902;32;64
1903;32;80
1904;24;88
1905;24;96
1906;32;96
1907;24;96
1908;24;96
1909;24;96
1910;24;96
1911;16;88
1912;16;88
1913;16;88
1914;16;88
1915;16;88
1916;8;88
1917;16;88
1918;8;80
1919;8;72
1920;8;64
1921;0;64
1922;0;64
1923;0;64
1924;0;72
1925;0;56
1926;0;64
1927;0;72
1928;0;72
1929;-8;72
1930;-8;72
1931;-8;72
1932;-8;72
1933;-8;72
1934;-8;64
1935;-16;64
1936;-16;64
1937;-16;64
1938;-16;64
1939;-16;64
1940;-24;56
1941;-16;48
1942;-24;40
1943;-24;40
1944;-24;40
1945;-24;40
1946;-32;48
1947;-32;64
1948;-32;72
1949;-24;72
1950;-40;72
1951;-40;72
1952;-40;72
1953;-40;72
1954;-40;64
1955;-40;64
1956;-40;64
1957;-48;64
1958;-48;64
1959;-56;64
1960;-48;64
1961;-48;64
1962;-56;56
1963;-56;56
1964;-56;56
1965;-56;48
1966;-64;40
1967;-64;32
1968;-64;40
1969;-64;40
1970;-64;56
1971;-72;64
1972;-72;72
1973;-80;72
1974;-72;72
1975;-72;72
1976;-80;72
1977;-80;24
1978;-80;32
1979;-80;24
1980;-80;24
1981;-88;16
1982;-80;8
1983;-80;0
1984;-88;0
1985;-88;-8
1986;-88;-8
1987;-88;8
1988;-96;24
1989;-88;24
1990;-88;32
1991;-96;32
1992;-96;32
1993;-104;24
1994;-104;24
1995;-104;24
1996;-104;24
1997;-104;24
1998;-104;24
1999;-104;24
2000;-112;16
2001;-104;24
2002;-112;24
2003;-112;8
2004;-104;0
2005;-112;-8
2006;-112;-8
2007;-136;0
2008;-112;8
2009;-112;16
2010;-112;24
2011;-120;32
2012;-120;32
2013;-120;32
2014;-120;32
2015;-120;24
2016;-128;24
2017;-120;24
2018;-128;24
2019;-128;24
2020;-128;24
2021;-128;24
2022;-128;24
2023;-128;24
2024;-112;16
2025;-128;16
2026;-128;16
2027;-136;16
2028;-136;24
2029;-136;-16
2030;-136;-24
2031;-136;-24
2032;-136;-32
2033;-136;-40
2034;-136;-40
2035;-136;-32
2036;-136;-24
2037;-144;-16
2038;-136;-8
2039;-144;0
2040;-144;0
2041;-144;-8
2042;-136;-8
2043;-144;-8
2044;-152;-8
2045;-136;-8
2046;-144;-8
2047;-144;-16
2048;-144;-8
2049;-144;-8
2050;-144;-16
2051;-152;-16
2052;-144;-8
2053;-144;-16
2054;-144;-16
2055;-144;-24
2056;-144;-24
2057;-144;-32
2058;-144;-40
2059;-136;-32
2060;-144;-24
2061;-144;-16
2062;-144;-8
2063;-144;0
2064;-144;0
2065;-136;-8
2066;-144;-8
2067;-136;0
2068;-136;-8
2069;-144;-8
2070;-136;-8
2071;-136;-16
2072;-136;-8
2073;-136;-8
2074;-136;-8
2075;-136;-8
2076;-128;-16
2077;-128;-32
2078;-128;-32
2079;-128;-32
2080;-128;-32
2081;-120;-40
2082;-128;-32
2083;-120;-24
2084;-120;-24
2085;-120;-24
2086;-120;-24
2087;-112;-32
2088;-112;-32
2089;-112;-24
2090;-112;-32
2091;-112;-24
2092;-104;-32
2093;-104;-24
2094;-104;-24
2095;-104;-16
2096;-104;-16
2097;-96;-16
2098;-104;-24
2099;-96;-16
2100;-96;-16
2101;-96;-24
2102;-96;-24
2103;-88;-24
2104;-96;-24
2105;-88;-24
2106;-80;-24
2107;-80;-24
2108;-80;-24
2109;-80;-24
2110;-80;-24
2111;-72;-24
2112;-72;-24
2113;-72;-32
2114;-64;-40
2115;-72;-40
2116;-72;-48
2117;-64;-48
2118;-64;-40
2119;-64;-32
2120;-56;-24
2121;-56;-16
2122;-56;-16
2123;-48;-16
2124;-48;-16
2125;-48;-24
2126;-40;-24
2127;-48;-24
2128;-40;-24
2129;-40;-24
2130;-40;-24
2131;-32;-24
2132;-32;-24
2133;-24;-24
2134;-32;-40
2135;-24;-48
2136;-32;-48
2137;-24;-56
2138;-16;-56
2139;-24;-48
2140;-16;-48
2141;-16;-32
2142;-16;-24
2143;-16;-24
2144;-16;-16
2145;-8;-24
2146;0;-24
2147;0;-24
2148;0;-32
2149;0;-32
2150;-24;-32
2151;8;-32
2152;8;-32
2153;16;-32
2154;8;-32
2155;8;-40
2156;16;-32
2157;16;-40
2158;16;-40
2159;24;-48
2160;32;-56
2161;24;-56
2162;32;-56
2163;32;-48
2164;40;-32
2165;40;-24
2166;40;-24
2167;56;-16
2168;40;-24
2169;48;-24
2170;40;-24
2171;56;-24
2172;56;-32
2173;48;-32
2174;56;-32
2175;56;-32
2176;56;-32
2177;64;-32
2178;56;-40
2179;64;-40
2180;64;-48
2181;72;-56
2182;64;-56
2183;72;-56
2184;64;-40
2185;72;-32
2186;80;-16
2187;80;-16
2188;80;-16
2189;80;-16
2190;88;-16
2191;88;-16
2192;88;-24
2193;88;-24
2194;72;-24
2195;88;-24
2196;96;-24
2197;96;-32
2198;96;-40
2199;96;-40
2200;96;-48
2201;104;-48
2202;104;-48
2203;104;-40
2204;104;-32
2205;104;-24
2206;112;-16
2207;104;-16
2208;112;-16
2209;112;-16
2210;112;-24
2211;120;-24
2212;120;-24
2213;120;-24
2214;120;-24
2215;120;-24
2216;120;-24
2217;128;-24
2218;112;-32
2219;128;-32
2220;128;-32
2221;136;-40
2222;128;-48
2223;128;-48
2224;128;-48
2225;128;-40
2226;128;-40
2227;128;-32
2228;128;-16
2229;128;-16
2230;136;-16
2231;136;-16
2232;136;-16
2233;136;-24
2234;136;-24
2235;144;-24
2236;136;-24
2237;136;0
2238;136;0
2239;144;-8
2240;136;-16
2241;136;-16
2242;144;-32
2243;144;-24
2244;144;-16
2245;144;-8
2246;144;0
2247;152;8
2248;152;8
2249;144;16
2250;152;8
2251;144;8
2252;144;8
2253;144;8
2254;152;0
2255;152;0
2256;152;0
2257;152;0
2258;152;0
2259;144;0
2260;152;0
2261;152;0
2262;152;-8
2263;152;-16
2264;152;-16
2265;152;-24
2266;152;-24
2267;152;-16
2268;152;-8
2269;152;-8
2270;152;8
2271;152;16
2272;160;16
2273;152;8
2274;152;8
2275;152;8
2276;152;8
2277;152;8
2278;152;8
2279;144;0
2280;152;0
2281;152;0
2282;152;0
2283;152;0
2284;152;0
2285;152;0
2286;144;-8
2287;152;-16
2288;152;-24
2289;160;16
2290;152;16
2291;152;16
2292;152;32
2293;152;40
2294;152;48
2295;152;56
2296;160;56
2297;152;48
2298;152;48
2299;152;48
2300;152;48
2301;152;48
2302;144;48
2303;160;40
2304;152;40
2305;152;40
2306;144;40
2307;144;40
2308;152;32
2309;152;24
2310;152;16
2311;144;16
2312;152;16
2313;136;16
2314;144;24
2315;144;32
2316;144;48
2317;144;48
2318;144;48
2319;144;48
2320;128;48
2321;136;48
2322;136;40
2323;136;48
2324;136;40
2325;136;40
2326;136;40
2327;120;40
2328;128;40
2329;136;40
2330;136;32
2331;128;32
2332;128;24
2333;128;16
2334;128;16
2335;128;16
2336;128;24
2337;128;24
2338;128;32
2339;120;48
2340;120;48
2341;120;88
2342;120;88
2343;120;88
2344;120;88
2345;112;80
2346;112;80
2347;112;80
2348;112;72
2349;112;64
2350;104;56
2351;112;56
2352;104;56
2353;112;64
2354;104;80
2355;112;88
2356;104;88
2357;104;88
2358;104;88
2359;104;80
2360;104;80
2361;96;80
2362;96;80
2363;96;80
2364;104;80
2365;88;80
2366;88;80
2367;88;80
2368;88;72
2369;88;64
2370;88;64
2371;88;48
2372;88;56
2373;80;56
2374;88;64
2375;80;72
2376;88;80
2377;80;88
2378;80;88
2379;80;88
2380;80;88
2381;72;80
2382;80;80
2383;72;80
2384;72;80
2385;64;72
2386;64;80
2387;64;80
2388;72;72
2389;64;72
2390;64;72
2391;64;72
2392;64;80
2393;56;80
2394;64;80
2395;56;80
2396;56;72
2397;56;64
2398;56;64
2399;56;64
2400;56;72
2401;56;88
2402;64;96
2403;56;96
2404;48;96
2405;48;96
2406;48;96
2407;56;96
2408;48;96
2409;48;88
2410;48;88
2411;48;88
2412;48;88
2413;40;88
2414;40;88
2415;40;88
2416;40;88
2417;40;80
2418;40;72
2419;24;64
2420;32;64
2421;32;64
2422;40;72
2423;32;80
2424;32;88
2425;24;96
2426;24;96
2427;24;96
2428;24;96
2429;24;96
2430;24;96
2431;24;88
2432;24;96
2433;16;88
2434;16;88
2435;8;88
2436;24;80
2437;16;88
2438;8;88
2439;16;80
2440;8;80
2441;8;64
2442;8;64
2443;8;64
2444;0;64
2445;0;80
2446;8;72
2447;0;72
2448;0;80
2449;0;72
2450;-8;72
2451;-8;72
2452;-8;64
2453;-8;64
2454;-16;56
2455;-16;64
2456;-16;64
2457;-16;64
2458;-16;64
2459;-16;56
2460;-16;56
2461;-16;48
2462;-24;40
2463;-32;40
2464;-24;40
2465;-24;40
2466;-32;56
2467;-24;64
2468;-32;72
2469;-24;80
2470;-40;80
2471;-40;72
2472;-40;72
2473;-40;64
2474;-40;64
2475;-40;64
2476;-40;64
2477;-40;64
2478;-48;64
2479;-48;64
2480;-48;56
2481;-48;64
2482;-48;56
2483;-56;48
2484;-56;48
2485;-64;40
2486;-56;40
2487;-56;40
2488;-64;40
2489;-64;56
2490;-64;64
2491;-64;72
2492;-64;72
2493;-72;72
2494;-64;72
2495;-72;72
2496;-72;64
2497;-72;72
2498;-80;24
2499;-80;24
2500;-80;16
2501;-80;8
2502;-80;0
2503;-80;-8
2504;-88;0
2505;-80;8
2506;-88;16
2507;-80;24
2508;-88;32
2509;-88;40
2510;-88;32
2511;-96;32
2512;-96;32
2513;-96;24
2514;-88;24
2515;-96;24
2516;-96;24
2517;-96;24
2518;-96;24
2519;-96;24
2520;-104;24
2521;-96;16
2522;-104;16
2523;-104;0
2524;-104;0
2525;-112;0
2526;-112;0
2527;-112;0
2528;-112;16
2529;-112;24
2530;-112;32
2531;-120;32
2532;-120;32
2533;-120;32
2534;-120;32
2535;-120;32
2536;-120;24
2537;-120;24
2538;-128;24
2539;-128;24
2540;-128;24
2541;-128;24
2542;-128;24
2543;-128;24
2544;-128;16
2545;-112;16
2546;-136;8
2547;-136;0
2548;-128;-8
2549;-136;0
2550;-136;-24
2551;-136;-16
2552;-136;-8
2553;-136;0
2554;-136;0
2555;-136;8
2556;-136;0
2557;-136;0
2558;-136;-8
2559;-144;-8
2560;-136;-8
2561;-144;-8
2562;-160;-8
2563;-144;-8
2564;-144;-16
2565;-144;-8
2566;-144;-16
2567;-144;-24
2568;-144;-32
2569;-144;-32
2570;-144;-32
2571;-144;-24
2572;-152;-16
2573;-144;-8
2574;-144;0
2575;-136;0
2576;-144;0
2577;-144;0
2578;-144;0
2579;-136;0
2580;-136;-8
2581;-144;-8
2582;-136;-8
2583;-136;-8
2584;-136;-8
2585;-144;-8
2586;-136;-8
2587;-136;-8
2588;-136;-8
2589;-120;-16
2590;-136;-24
2591;-136;-32
2592;-136;-32
2593;-136;-32
2594;-136;-24
2595;-128;-24
2596;-128;-8
2597;-128;0
2598;-128;0
2599;-136;8
2600;-128;0
2601;-128;0
2602;-128;-16
2603;-120;-16
2604;-120;-24
2605;-120;-24
2606;-136;-24
2607;-120;-24
2608;-120;-40
2609;-112;-48
2610;-120;-40
2611;-112;-48
2612;-112;-40
2613;-112;-32
2614;-112;-24
2615;-104;-16
2616;-104;-16
2617;-104;-16
2618;-104;-16
2619;-104;-16
2620;-104;-16
2621;-96;-16
2622;-96;-24
2623;-96;-16
2624;-96;-24
2625;-88;-24
2626;-88;-24
2627;-88;-24
2628;-80;-24
2629;-80;-24
2630;-80;-24
2631;-80;-32
2632;-80;-32
2633;-80;-40
2634;-72;-40
2635;-64;-48
2636;-72;-48
2637;-72;-48
2638;-72;-32
2639;-64;-16
2640;-64;-16
2641;-64;-16
2642;-56;-16
2643;-56;-16
2644;-56;-16
2645;-56;-16
2646;-56;-24
2647;-48;-24
2648;-48;-24
2649;-40;-24
2650;-40;-24
2651;-48;-24
2652;-40;-24
2653;-40;-24
2654;-40;-32
2655;-32;-40
2656;-32;-48
2657;-24;-48
2658;-32;-56
2659;-24;-64
2660;-24;-56
2661;-16;-40
2662;-16;-32
2663;-24;-32
2664;-8;-24
2665;-8;-24
2666;-8;-24
2667;-8;-24
2668;-8;-24
2669;-8;-32
2670;0;-24
2671;0;-32
2672;8;-32
2673;0;-32
2674;8;-32
2675;8;-32
2676;16;-32
2677;16;-32
2678;16;-40
2679;16;-48
2680;16;-56
2681;16;-56
2682;24;-56
2683;24;-40
2684;32;-32
2685;32;-24
2686;32;-24
2687;32;-24
2688;56;-24
2689;40;-24
2690;48;-32
2691;40;-32
2692;48;-32
2693;48;-32
2694;48;-32
2695;48;-32
2696;48;-32
2697;56;-32
2698;56;-32
2699;64;-32
2700;64;-40
2701;56;-48
2702;72;-48
2703;64;-64
2704;72;-56
2705;56;-40
2706;72;-24
2707;80;-16
2708;80;-16
2709;80;-16
2710;80;-16
2711;80;-24
2712;88;-24
2713;88;-24
2714;88;-24
2715;88;-24
2716;96;-24
2717;88;-24
2718;96;-32
2719;96;-40
2720;96;-40
2721;96;-48
2722;120;-48
2723;104;-48
2724;104;-40
2725;112;-32
2726;104;-24
2727;104;-24
2728;112;-16
2729;112;-8
2730;112;-16
2731;112;-16
2732;128;-24
2733;112;-24
2734;112;-24
2735;120;-24
2736;120;-24
2737;120;-24
2738;128;-32
2739;120;-32
2740;120;-24
2741;128;-24
2742;120;-32
2743;128;-40
2744;128;-40
2745;128;-48
2746;128;-56
2747;128;-48
2748;136;-32
2749;120;-32
2750;136;-16
2751;136;-16
2752;136;-16
2753;136;-16
2754;136;-16
2755;136;-16
2756;136;-16
2757;136;-24
2758;136;0
2759;144;-8
2760;144;-8
2761;144;-16
2762;144;-16
2763;144;-24
2764;144;-24
2765;144;-16
2766;152;0
2767;144;8
2768;144;8
2769;144;16
2770;144;8
2771;144;8
2772;152;8
2773;144;8
2774;152;0
2775;152;0
2776;144;8
2777;152;0
2778;152;0
2779;152;0
2780;152;0
2781;152;-8
2782;152;-16
2783;152;-16
2784;152;-24
2785;152;-24
2786;152;-24
2787;152;-8
2788;152;0
2789;152;8
2790;152;8
2791;152;16
2792;160;16
2793;152;8
2794;152;8
2795;152;0
2796;160;8
2797;152;0
2798;160;0
2799;152;0
2800;160;0
2801;152;0
2802;152;0
2803;152;0
2804;160;-8
2805;152;-16
2806;160;-24
2807;160;-24
2808;152;-24
2809;152;-16
2810;152;32
2811;160;40
2812;152;48
2813;152;48
2814;144;48
2815;152;48
2816;152;48
2817;160;40
2818;152;40
2819;152;40
2820;152;40
2821;152;40
2822;152;40
2823;152;40
2824;144;32
2825;152;32
2826;152;40
2827;144;32
2828;144;24
2829;144;16
2830;152;16
2831;168;16
2832;144;8
2833;144;24
2834;136;40
2835;144;48
2836;144;48
2837;144;48
2838;144;48
2839;136;48
2840;136;40
2841;136;40
2842;136;48
2843;136;40
2844;136;40
2845;136;32
2846;136;40
2847;136;40
2848;120;40
2849;136;40
2850;136;32
2851;128;24
2852;128;16
2853;128;16
2854;128;16
2855;128;16
2856;128;24
2857;128;32
2858;120;40
2859;128;48
2860;120;48
2861;128;48
2862;120;88
2863;128;80
2864;120;80
2865;128;80
2866;112;80
2867;112;80
2868;112;72
2869;112;64
2870;112;48
2871;112;56
2872;112;48
2873;112;56
2874;104;72
2875;120;80
2876;104;80
2877;104;88
2878;112;88
2879;96;80
2880;104;80
2881;96;80
2882;96;80
2883;96;80
2884;96;72
2885;88;72
2886;96;72
2887;88;72
2888;88;72
2889;88;72
2890;96;64
2891;96;64
2892;80;56
2893;88;48
2894;88;48
2895;88;48
2896;88;56
2897;80;72
2898;80;80
2899;80;80
2900;80;88
2901;72;88
2902;80;80
2903;80;80
2904;72;80
2905;72;72
2906;72;72
2907;72;72
2908;72;72
2909;80;72
2910;64;72
2911;64;72
2912;72;72
2913;64;72
2914;64;72
2915;56;80
2916;64;72
2917;64;64
2918;56;64
2919;56;64
2920;56;64
2921;56;72
2922;56;80
2923;56;88
2924;56;96
2925;56;96
2926;56;96
2927;48;96
2928;48;96
2929;48;96
2930;48;96
2931;48;88
2932;48;88
2933;48;88
2934;40;88
2935;40;88
2936;48;80
2937;40;88
2938;40;72
2939;40;72
2940;40;64
2941;40;64
2942;32;64
2943;32;72
2944;32;72
2945;32;88
2946;32;96
2947;24;96
2948;24;96
2949;24;96
2950;32;96
2951;24;96
2952;24;88
2953;16;88
2954;16;88
2955;24;88
2956;16;88
2957;16;88
2958;16;80
2959;16;88
2960;8;80
2961;8;72
2962;8;64
2963;8;64
2964;8;64
2965;8;64
2966;0;80
2967;-8;72
2968;0;72
2969;0;80
2970;0;80
2971;0;72
2972;0;72
2973;-8;72
2974;8;72
2975;-8;64
2976;-8;64
2977;-16;64
2978;-16;64
2979;-16;64
2980;-24;64
2981;-16;64
2982;-24;64
2983;-16;64
2984;-16;56
2985;-24;48
2986;-24;40
2987;-24;40
2988;-32;40
2989;-32;48
2990;-32;56
2991;-32;64
2992;-40;72
2993;-40;72
2994;-40;72
2995;-40;80
2996;-40;72
2997;-40;72
2998;-40;72
2999;-40;64
3000;-40;64
3001;-48;64
3002;-48;64
3003;-48;64
3004;-48;64
3005;-56;64
3006;-56;56
3007;-56;48
3008;-56;40
3009;-64;40
3010;-64;40
3011;-56;48
3012;-64;64
3013;-64;64
3014;-64;80
3015;-64;72
3016;-72;72
3017;-72;72
3018;-56;72
3019;-80;24
3020;-80;24
3021;-80;24
3022;-80;24
3023;-80;24
3024;-80;16
3025;-80;8
3026;-88;0
3027;-88;-8
3028;-96;0
3029;-88;8
3030;-88;16
3031;-96;24
3032;-96;32
3033;-96;32
3034;-96;32
3035;-96;32
3036;-96;32
3037;-96;24
3038;-104;24
3039;-96;24
3040;-104;24
3041;-104;24
3042;-120;24
3043;-104;16
3044;-104;24
3045;-104;24
3046;-112;16
3047;-112;16
3048;-112;0
3049;-112;0
3050;-112;0
3051;-112;0
3052;-120;8
3053;-112;24
3054;-112;32
3055;-120;40
3056;-120;32
3057;-120;32
3058;-128;24
3059;-120;24
3060;-128;24
3061;-120;24
3062;-128;24
3063;-128;24
3064;-128;24
3065;-128;24
3066;-128;24
3067;-136;16
3068;-136;24
3069;-128;24
3070;-136;24
3071;-128;-16
3072;-136;-16
3073;-136;-24
3074;-136;-32
3075;-136;-32
3076;-136;-32
3077;-136;-24
3078;-136;-16
3079;-136;0
3080;-136;8
3081;-144;8
3082;-144;0
3083;-136;0
3084;-144;0
3085;-144;-8
3086;-136;-8
3087;-136;-8
3088;-136;-8
3089;-136;-8
3090;-144;-8
3091;-144;-8
3092;-144;-8
3093;-136;-16
3094;-136;-24
3095;-136;-32
3096;-144;-32
3097;-136;-32
3098;-136;-32
3099;-144;-16
3100;-136;0
3101;-144;0
3102;-136;0
3103;-144;0
3104;-136;0
3105;-136;0
3106;-144;-8
3107;-136;0
3108;-144;-8
3109;-136;-8
3110;-144;-8
3111;-136;-8
3112;-128;-16
3113;-136;-16
3114;-128;-24
3115;-136;-32
3116;-128;-32
3117;-120;-32
3118;-128;-24
3119;-128;-8
3120;-128;0
3121;-128;8
3122;-128;0
3123;-128;-16
3124;-128;-16
3125;-128;-16
3126;-120;-16
3127;-120;-16
3128;-120;-24
3129;-120;-32
3130;-112;-40
3131;-120;-40
3132;-120;-48
3133;-112;-48
3134;-120;-40
3135;-112;-24
3136;-112;-16
3137;-120;0
3138;-112;-8
3139;-104;-16
3140;-104;-16
3141;-96;-24
3142;-104;-16
3143;-96;-24
3144;-104;-16
3145;-104;-24
3146;-96;-24
3147;-88;-24
3148;-88;-24
3149;-88;-24
3150;-88;-32
3151;-88;-40
3152;-88;-48
3153;-80;-48
3154;-80;-40
3155;-72;-32
3156;-72;-24
3157;-72;-16
3158;-80;-8
3159;-72;-8
3160;-72;-8
3161;-48;-8
3162;-64;-16
3163;-56;-16
3164;-56;-16
3165;-56;-16
3166;-56;-16
3167;-56;-24
3168;-48;-24
3169;-48;-24
3170;-48;-24
3171;-56;-24
3172;-40;-24
3173;-40;-24
3174;-40;-24
3175;-40;-40
3176;-40;-40
3177;-40;-48
3178;-40;-56
3179;-32;-56
3180;-24;-56
3181;-24;-48
3182;-24;-40
3183;-24;-32
3184;-16;-24
3185;-16;-16
3186;-16;-16
3187;-8;-16
3188;-8;-24
3189;-8;-24
3190;-8;-24
3191;0;-32
3192;0;-32
3193;0;-32
3194;0;-32
3195;8;-32
3196;8;-32
3197;8;-32
3198;8;-40
3199;16;-48
3200;16;-48
3201;16;-56
3202;24;-56
3203;24;-48
3204;24;-40
3205;24;-32
3206;32;-24
3207;32;-16
3208;40;-16
3209;40;-16
3210;40;-24
3211;40;-24
3212;48;-24
3213;48;-32
3214;48;-24
3215;48;-32
3216;56;-32
3217;56;-32
3218;56;-32
3219;56;-32
3220;64;-32
3221;64;-32
3222;64;-32
3223;64;-40
3224;72;-48
3225;72;-48
3226;72;-56
3227;72;-48
3228;80;-40
3229;72;-32
3230;80;-24
3231;80;-16
3232;80;-16
3233;80;-16
3234;80;-16
3235;80;-24
3236;88;-24
3237;88;-24
3238;88;-24
3239;96;-24
3240;96;-24
3241;96;-24
3242;96;-24
3243;96;-24
3244;104;-32
3245;104;-32
3246;104;-32
3247;104;-40
3248;112;-48
3249;112;-56
3250;112;-48
3251;112;-40
3252;112;-24
3253;112;-16
3254;112;-16
3255;112;-16
3256;120;-16
3257;120;-16
3258;120;-24
3259;120;-24
3260;136;-24
3261;120;-24
3262;120;-24
3263;120;-24
3264;120;-32
3265;128;-24
3266;128;-24
3267;128;-32
3268;128;-32
3269;128;-40
3270;128;-48
3271;136;-48
3272;128;-48
3273;136;-48
3274;136;-40
3275;136;-24
3276;136;-24
3277;128;-16
3278;144;-16
3279;136;16
3280;136;8
3281;144;8
3282;144;8
3283;144;0
3284;144;0
3285;152;0
3286;136;-8
3287;152;-16
3288;152;-24
3289;144;-24
3290;152;-24
3291;144;-16
3292;152;0
3293;144;8
3294;168;8
3295;152;16
3296;152;8
3297;160;8
3298;152;8
3299;152;8
3300;152;0
3301;152;0
3302;152;8
3303;152;0
3304;160;0
3305;152;8
3306;152;0
3307;152;-8
3308;160;-8
3309;160;-8
3310;152;-16
3311;160;-24
3312;152;-24
3313;160;-24
3314;152;-8
3315;152;0
3316;152;8
3317;152;16
3318;152;16
3319;160;8
3320;152;8
3321;144;8
3322;152;8
3323;152;0
3324;152;0
3325;152;0
3326;152;0
3327;160;0
3328;152;0
3329;160;0
3330;152;0
3331;152;32
3332;152;24
3333;152;24
3334;152;8
3335;152;8
3336;152;8
3337;152;8
3338;152;24
3339;152;32
3340;152;40
3341;144;48
3342;152;48
3343;152;48
3344;144;40
3345;144;40
3346;144;40
3347;152;32
3348;144;40
3349;144;40
3350;144;40
3351;144;40
3352;144;40
3353;144;40
3354;136;32
3355;144;32
3356;136;16
3357;144;16
3358;144;8
3359;144;8
3360;136;16
3361;136;24
3362;136;32
3363;136;40
3364;136;48
3365;136;48
3366;136;48
3367;136;40
3368;136;40
3369;136;40
3370;136;40
3371;128;40
3372;128;40
3373;128;40
3374;128;32
3375;128;40
3376;128;40
3377;128;32
3378;128;32
3379;128;24
3380;128;16
3381;128;8
3382;120;8
3383;120;56
3384;120;64
3385;120;72
3386;112;80
3387;120;88
3388;120;88
3389;112;88
3390;120;80
3391;112;80
3392;120;80
3393;112;72
3394;112;72
3395;112;72
3396;112;72
3397;112;72
3398;112;72
3399;104;72
3400;104;72
3401;104;64
3402;104;56
3403;120;56
3404;96;48
3405;96;48
3406;96;56
3407;96;64
3408;96;80
3409;88;80
3410;96;80
3411;96;88
3412;88;80
3413;88;80
3414;88;80
3415;88;80
3416;88;72
3417;80;72
3418;80;72
3419;88;72
3420;64;72
3421;80;72
3422;80;72
3423;80;72
3424;80;64
3425;80;56
3426;80;56
3427;72;48
3428;72;48
3429;72;56
3430;64;64
3431;64;72
3432;64;80
3433;72;80
3434;72;80
3435;64;96
3436;64;96
3437;72;96
3438;64;96
3439;64;88
3440;64;80
3441;64;80
3442;56;80
3443;56;72
3444;56;64
3445;56;64
3446;56;64
3447;64;80
3448;48;80
3449;48;96
3450;48;96
3451;48;96
3452;48;96
3453;48;96
3454;40;96
3455;40;96
3456;40;96
3457;32;88
3458;40;88
3459;40;88
3460;40;80
3461;40;88
3462;40;88
3463;32;88
3464;24;88
3465;32;80
3466;24;88
3467;24;88
3468;32;80
3469;32;72
3470;32;64
3471;24;64
3472;24;64
3473;24;72
3474;24;80
3475;16;88
3476;16;96
3477;16;104
3478;16;96
3479;16;88
3480;8;96
3481;16;96
3482;8;88
3483;8;88
3484;8;88
3485;8;88
3486;8;88
3487;8;64
3488;0;56
3489;0;56
3490;-8;48
3491;0;40
3492;0;40
3493;-8;40
3494;-8;48
3495;-8;56
3496;-8;72
3497;-8;72
3498;-8;80
3499;-16;80
3500;-16;72
3501;-16;72
3502;-16;72
3503;-16;72
3504;-16;72
3505;-16;64
3506;-24;64
3507;-24;72
3508;-24;64
3509;-32;64
3510;-32;64
3511;-32;64
3512;-32;64
3513;-32;56
3514;-32;48
3515;-32;40
3516;-32;40
3517;-40;40
3518;-40;40
3519;-40;56
3520;-48;64
3521;-40;72
3522;-40;72
3523;-48;80
3524;-48;72
3525;-56;72
3526;-56;72
3527;-56;64
3528;-56;64
3529;-64;64
3530;-56;64
3531;-56;64
3532;-64;64
3533;-64;64
3534;-64;64
3535;-64;64
3536;-64;64
3537;-64;56
3538;-72;48
3539;-72;0
3540;-72;0
3541;-80;-8
3542;-72;0
3543;-80;8
3544;-80;16
3545;-80;24
3546;-72;32
3547;-88;32
3548;-80;32
3549;-96;32
3550;-88;24
3551;-88;32
3552;-88;24
3553;-88;24
3554;-96;24
3555;-96;24
3556;-96;24
3557;-96;24
3558;-96;24
3559;-104;16
3560;-104;16
3561;-104;24
3562;-104;16
3563;-128;16
3564;-104;16
3565;-104;8
3566;-104;0
3567;-104;-8
3568;-112;-8
3569;-112;0
3570;-112;8
3571;-112;24
3572;-112;32
3573;-104;32
3574;-120;40
3575;-112;32
3576;-120;32
3577;-120;24
3578;-120;24
3579;-120;24
3580;-104;24
3581;-128;24
3582;-128;24
3583;-120;24
3584;-128;24
3585;-128;24
3586;-128;24
3587;-128;16
3588;-128;8
3589;-136;0
3590;-120;0
3591;-128;-8
3592;-136;-24
3593;-128;-16
3594;-136;-8
3595;-128;0
3596;-136;0
3597;-136;8
3598;-136;0
3599;-144;0
3600;-136;-8
3601;-136;-8
3602;-136;-8
3603;-144;-8
3604;-136;-8
3605;-144;-8
3606;-144;-8
3607;-144;-8
3608;-136;-8
3609;-144;-8
3610;-144;-8
3611;-144;-16
3612;-144;-24
3613;-144;-32
3614;-136;-32
3615;-144;-32
3616;-136;-16
3617;-136;-8
3618;-144;0
3619;-144;8
3620;-144;0
3621;-144;0
3622;-144;0
3623;-144;-8
3624;-136;0
3625;-144;0
3626;-144;0
3627;-144;-8
3628;-144;0
3629;-136;-8
3630;-136;-8
3631;-144;-8
3632;-136;-16
3633;-136;-16
3634;-136;-24
3635;-136;-24
3636;-136;-32
3637;-136;-32
3638;-136;-24
3639;-136;-16
3640;-128;-16
3641;-136;0
3642;-136;8
3643;-128;0
3644;-128;-8
3645;-128;-8
3646;-128;-16
3647;-120;-16
3648;-120;-16
3649;-120;-16
3650;-120;-24
3651;-120;-16
3652;-120;-24
3653;-120;-24
3654;-112;-24
3655;-112;-24
3656;-112;-32
3657;-112;-40
3658;-112;-40
3659;-112;-40
3660;-112;-40
3661;-104;-24
3662;-104;-16
3663;-104;-8
3664;-104;-8
3665;-104;-8
3666;-96;-8
3667;-96;-16
3668;-96;-16
3669;-96;-16
3670;-96;-24
3671;-96;-16
3672;-96;-16
3673;-88;-16
3674;-80;-24
3675;-80;-16
3676;-80;-24
3677;-80;-32
3678;-72;-40
3679;-72;-40
3680;-64;-48
3681;-72;-40
3682;-64;-32
3683;-64;-32
3684;-64;-16
3685;-64;-8
3686;-64;-8
3687;-56;-8
3688;-64;-16
3689;-56;-16
3690;-48;-16
3691;-48;-16
3692;-56;-24
3693;-40;-16
3694;-48;-24
3695;-48;-16
3696;-40;-32
3697;-40;-40
3698;-32;-48
3699;-40;-48
3700;-32;-56
3701;-32;-56
3702;-32;-56
3703;-24;-40
3704;-16;-32
3705;-24;-24
3706;-24;-16
3707;-16;-16
3708;-16;-24
3709;-8;-24
3710;-8;-24
3711;-8;-32
3712;-8;-24
3713;-8;-32
3714;0;-24
3715;0;-32
3716;8;-32
3717;0;-32
3718;8;-32
3719;16;-32
3720;8;-40
3721;16;-40
3722;16;-48
3723;40;-48
3724;24;-56
3725;24;-56
3726;24;-48
3727;32;-32
3728;32;-24
3729;32;-24
3730;32;-24
3731;32;-24
3732;40;-24
3733;32;-24
3734;40;-32
3735;48;-32
3736;48;-32
3737;56;-32
3738;56;-32
3739;56;-32
3740;48;-32
3741;56;-32
3742;64;-40
3743;64;-48
3744;64;-48
3745;72;-56
3746;64;-56
3747;64;-48
3748;72;-32
3749;72;-24
3750;80;-16
3751;80;-16
3752;80;-16
3753;80;-16
3754;88;-24
3755;80;-24
3756;88;-24
3757;88;-32
3758;88;-24
3759;88;-24
3760;88;-24
3761;88;-24
3762;96;-24
3763;96;-32
3764;96;-40
3765;104;-48
3766;96;-48
3767;112;-56
3768;104;-40
3769;104;-40
3770;104;-32
3771;112;-24
3772;112;-16
3773;112;-16
3774;104;-16
3775;112;-16
3776;112;-24
3777;120;-24
3778;120;-24
3779;120;-24
3780;120;-24
3781;120;-24
3782;120;-24
3783;120;-24
3784;120;-24
3785;128;-24
3786;120;-24
3787;128;-24
3788;128;-40
3789;128;-40
3790;128;-48
3791;136;-48
3792;136;-48
3793;128;-40
3794;128;-40
3795;136;-24
3796;136;-24
3797;136;-16
3798;136;-8
3799;144;-16
3800;136;8
3801;136;8
3802;144;8
3803;144;8
3804;144;0
3805;144;0
3806;144;-8
3807;144;-16
3808;136;-24
3809;144;-24
3810;144;-24
3811;152;-16
3812;144;-8
3813;144;8
3814;152;16
3815;168;16
3816;152;8
3817;144;8
3818;152;0
3819;152;0
3820;152;0
3821;152;0
3822;152;0
3823;152;0
3824;152;0
3825;152;0
3826;152;0
3827;152;-8
3828;152;-16
3829;152;-24
3830;160;-24
3831;152;-24
3832;152;-16
3833;152;-8
3834;152;0
3835;144;8
3836;152;16
3837;152;8
3838;152;8
3839;152;8
3840;152;8
3841;152;8
3842;144;0
3843;152;0
3844;152;0
3845;152;0
3846;152;0
3847;152;0
3848;152;0
3849;152;0
3850;152;0
3851;152;0
3852;160;32
3853;152;24
3854;152;16
3855;152;16
3856;152;8
3857;152;8
3858;152;16
3859;160;24
3860;152;32
3861;152;40
3862;152;48
3863;152;40
3864;152;40
3865;144;40
3866;152;40
3867;144;40
3868;152;40
3869;136;32
3870;152;32
3871;152;32
3872;152;32
3873;144;32
3874;144;32
3875;152;24
3876;152;24
3877;136;16
3878;144;8
3879;144;8
3880;144;8
3881;144;16
3882;144;24
3883;128;32
3884;136;40
3885;136;40
3886;136;40
3887;136;48
3888;136;40
3889;136;40
3890;136;32
3891;136;32
3892;136;40
3893;136;32
3894;136;32
3895;128;32
3896;128;32
3897;128;32
3898;128;32
3899;128;24
3900;128;16
3901;128;16
3902;128;8
3903;120;8
3904;128;48
3905;120;56
3906;120;72
3907;120;72
3908;120;80
3909;120;80
3910;120;80
3911;120;80
3912;120;72
3913;112;72
3914;112;72
3915;112;72
3916;112;72
3917;112;72
3918;112;72
3919;104;72
3920;112;72
3921;104;64
3922;104;64
3923;104;48
3924;104;48
3925;104;40
3926;104;48
3927;104;64
3928;96;72
3929;96;80
3930;96;80
3931;96;80
3932;96;80
3933;88;80
3934;96;80
3935;88;72
3936;88;72
3937;88;72
3938;88;72
3939;80;72
3940;88;64
3941;80;72
3942;80;64
3943;80;56
3944;80;48
3945;72;48
3946;80;48
3947;72;48
3948;72;56
3949;72;64
3950;72;72
3951;64;80
3952;72;88
3953;72;80
3954;72;80
3955;64;80
3956;64;96
3957;64;88
3958;80;88
3959;64;80
3960;64;80
3961;56;64
3962;56;64
3963;56;64
3964;56;80
3965;56;88
3966;56;96
3967;56;96
3968;56;96
3969;48;96
3970;48;96
3971;56;96
3972;48;88
3973;48;88
3974;48;88
3975;32;88
3976;40;88
3977;48;88
3978;32;88
3979;40;80
3980;40;72
3981;40;64
3982;40;64
3983;32;64
3984;40;64
3985;24;80
3986;32;88
3987;32;96
3988;32;96
3989;32;96
3990;32;96
3991;24;96
3992;24;96
3993;24;88
3994;24;88
3995;24;88
3996;24;88
3997;16;88
3998;24;88
3999;16;88
4000;16;88
4001;8;80
4002;24;80
4003;8;64
4004;16;56
4005;8;56
4006;8;64
4007;8;80
4008;8;64
4009;16;72
4010;0;80
4011;0;72
4012;-8;80
4013;0;72
4014;0;72
4015;-8;64
4016;-8;64
4017;0;64
4018;-8;64
4019;-24;64
4020;-8;64
4021;-8;64
4022;-16;56
4023;-16;48
4024;-16;48
4025;-24;40
4026;-24;40
4027;-24;48
4028;-24;48
4029;-24;64
4030;-24;72
4031;-32;80
4032;-32;80
4033;-32;80
4034;-32;72
4035;-32;72
4036;-32;72
4037;-40;64
4038;-40;72
4039;-40;72
4040;-40;64
4041;-40;64
4042;-40;64
4043;-40;64
4044;-48;64
4045;-48;56
4046;-48;64
4047;-48;48
4048;-48;40
4049;-56;40
4050;-56;40
4051;-56;40
4052;-56;56
4053;-64;64
4054;-56;72
4055;-64;80
4056;-64;80
4057;-72;72
4058;-72;72
4059;-64;72
4060;-72;32
4061;-72;32
4062;-72;24
4063;-72;16
4064;-80;8
4065;-80;8
4066;-80;0
4067;-80;0
4068;-80;16
4069;-88;24
4070;-88;32
4071;-88;40
4072;-88;32
4073;-88;40
4074;-88;32
4075;-88;32
4076;-96;24
4077;-88;32
4078;-96;24
4079;-96;24
4080;-104;24
4081;-96;24
4082;-96;24
4083;-104;24
4084;-104;16
4085;-96;8
4086;-104;0
4087;-104;0
4088;-104;0
4089;-104;0
4090;-112;16
4091;-112;24
4092;-104;32
4093;-112;32
4094;-112;32
4095;-112;40
4096;-112;32
4097;-112;32
4098;-112;32
4099;-112;32
4100;-112;24
4101;-104;24
4102;-120;24
4103;-120;24
4104;-120;24
4105;-128;24
4106;-128;24
4107;-128;24
4108;-128;16
4109;-128;16
4110;-128;8
4111;-136;0
4112;-128;-32
4113;-128;-32
4114;-128;-24
4115;-136;-16
4116;-136;0
4117;-128;8
4118;-160;8
4119;-136;0
4120;-136;8
4121;-128;0
4122;-136;0
4123;-136;0
4124;-144;0
4125;-136;0
4126;-144;0
4127;-144;-8
4128;-136;0
4129;-136;-8
4130;-144;-8
4131;-136;-16
4132;-144;-16
4133;-144;-32
4134;-144;-24
4135;-128;-24
4136;-144;-24
4137;-144;-8
4138;-136;0
4139;-144;0
4140;-144;8
4141;-144;8
4142;-144;8
4143;-144;0
4144;-136;0
4145;-136;0
4146;-144;0
4147;-144;-8
4148;-144;0
4149;-144;-8
4150;-144;-8
4151;-144;-8
4152;-152;-8
4153;-136;-8
4154;-136;-8
4155;-144;-16
4156;-136;-16
4157;-136;-24
4158;-136;-32
4159;-136;-32
4160;-136;-24
4161;-128;-16
4162;-144;0
4163;-128;0
4164;-136;-8
4165;-136;-8
4166;-128;-8
4167;-120;-16
4168;-128;-16
4169;-120;-16
4170;-128;-16
4171;-120;-16
4172;-120;-24
4173;-120;-24
4174;-120;-24
4175;-120;-24
4176;-112;-32
4177;-112;-32
4178;-112;-40
4179;-112;-48
4180;-112;-40
4181;-112;-40
4182;-104;-24
4183;-104;-16
4184;-104;-8
4185;-104;-8
4186;-112;-8
4187;-96;-16
4188;-96;-16
4189;-104;-16
4190;-96;-16
4191;-88;-16
4192;-88;-24
4193;-88;-24
4194;-88;-24
4195;-88;-24
4196;-88;-16
4197;-80;-24
4198;-80;-24
4199;-80;-24
4200;-72;-32
4201;-72;-32
4202;-72;-40
4203;-56;-48
4204;-64;-48
4205;-64;-48
4206;-64;-40
4207;-64;-24
4208;-56;-16
4209;-56;-16
4210;-56;-8
4211;-48;-8
4212;-48;-16
4213;-48;-16
4214;-48;-16
4215;-48;-16
4216;-40;-16
4217;-48;-32
4218;-40;-32
4219;-32;-48
4220;-32;-48
4221;-32;-56
4222;-32;-56
4223;-32;-56
4224;-24;-40
4225;-24;-32
4226;-24;-24
4227;-32;-16
4228;-16;-16
4229;-16;-16
4230;-8;-24
4231;-8;-24
4232;-8;-32
4233;-8;-24
4234;-8;-32
4235;-8;-32
4236;0;-32
4237;8;-32
4238;0;-32
4239;8;-32
4240;16;-32
4241;16;-32
4242;16;-32
4243;16;-40
4244;32;-48
4245;24;-56
4246;24;-56
4247;24;-56
4248;24;-48
4249;32;-32
4250;32;-24
4251;32;-16
4252;40;-16
4253;40;-24
4254;32;-24
4255;48;-24
4256;48;-32
4257;48;-32
4258;48;-24
4259;48;-32
4260;56;-32
4261;32;-32
4262;56;-32
4263;56;-32
4264;64;-32
4265;64;-32
4266;64;-32
4267;64;-32
4268;72;-32
4269;72;-24
4270;72;-32
4271;80;-40
4272;72;-48
4273;72;-48
4274;88;-48
4275;80;-40
4276;80;-32
4277;80;-24
4278;112;-16
4279;88;-16
4280;88;-16
4281;88;-16
4282;96;-16
4283;96;-24
4284;96;-24
4285;96;-24
4286;96;-24
4287;96;-24
4288;112;-24
4289;104;-24
4290;104;-24
4291;104;-24
4292;104;-24
4293;104;-24
4294;104;-32
4295;104;-32
4296;112;-40
4297;112;-48
4298;112;-48
4299;120;-48
4300;112;-40
4301;120;-32
4302;120;-24
4303;120;-16
4304;120;-16
4305;112;-16
4306;120;-16
4307;128;-24
4308;128;-16
4309;128;-24
4310;128;-24
4311;136;-24
4312;136;-24
4313;128;-24
4314;128;-24
4315;136;-24
4316;136;-24
4317;144;-24
4318;136;-32
4319;136;-32
4320;136;-40
4321;144;-24
4322;144;-24
4323;144;-24
4324;144;-16
4325;144;0
4326;136;8
4327;144;8
4328;144;8
4329;136;8
4330;144;0
4331;144;0
4332;152;0
4333;152;0
4334;144;0
4335;144;0
4336;152;0
4337;144;0
4338;144;0
4339;152;0
4340;152;-8
4341;152;-8
4342;144;0
4343;152;-8
4344;152;-16
4345;144;-24
4346;160;-32
4347;152;-24
4348;152;-24
4349;152;-16
4350;144;-8
4351;152;8
4352;152;8
4353;152;8
4354;152;8
4355;152;8
4356;152;8
4357;144;0
4358;152;0
4359;152;0
4360;152;0
4361;152;0
4362;152;0
4363;144;0
4364;152;0
4365;152;0
4366;152;-8
4367;152;-16
4368;152;-24
4369;152;-24
4370;160;-32
4371;152;-16
4372;152;-8
4373;152;40
4374;152;40
4375;152;48
4376;152;40
4377;152;40
4378;152;40
4379;152;40
4380;152;32
4381;152;40
4382;152;32
4383;152;32
4384;152;32
4385;152;32
4386;144;32
4387;144;24
4388;152;16
4389;152;16
4390;136;8
4391;152;8
4392;152;16
4393;144;24
4394;144;32
4395;152;40
4396;144;40
4397;144;40
4398;144;40
4399;144;40
4400;144;40
4401;144;32
4402;144;32
4403;144;40
4404;128;32
4405;144;32
4406;136;32
4407;152;32
4408;136;32
4409;136;32
4410;136;32
4411;136;24
4412;136;16
4413;136;16
4414;144;8
4415;136;8
4416;136;8
4417;136;16
4418;136;24
4419;128;32
4420;128;40
4421;144;40
4422;128;40
4423;136;40
4424;120;40
4425;120;80
4426;120;72
4427;120;72
4428;120;64
4429;120;56
4430;120;48
4431;112;40
4432;112;48
4433;120;56
4434;112;64
4435;112;72
4436;120;80
4437;112;80
4438;104;80
4439;104;80
4440;112;80
4441;112;80
4442;104;72
4443;104;72
4444;104;72
4445;104;72
4446;96;72
4447;96;72
4448;88;72
4449;96;72
4450;96;72
4451;96;72
4452;96;64
4453;96;48
4454;88;48
4455;96;40
4456;96;40
4457;88;56
4458;88;72
4459;88;80
4460;88;80
4461;88;80
4462;80;80
4463;88;80
4464;80;80
4465;80;80
4466;72;80
4467;80;72
4468;80;72
4469;80;72
4470;72;72
4471;72;72
4472;72;64
4473;72;64
4474;72;48
4475;72;48
4476;72;40
4477;56;64
4478;64;64
4479;64;80
4480;56;88
4481;64;96
4482;64;96
4483;56;96
4484;64;96
4485;64;96
4486;56;96
4487;56;88
4488;56;88
4489;64;88
4490;56;88
4491;56;88
4492;48;88
4493;48;88
4494;48;88
4495;48;80
4496;48;72
4497;48;64
4498;40;56
4499;40;64
4500;48;64
4501;40;72
4502;32;88
4503;40;96
4504;32;96
4505;32;96
4506;32;96
4507;32;96
4508;32;88
4509;24;88
4510;32;88
4511;32;88
4512;24;88
4513;24;88
4514;24;88
4515;24;88
4516;24;80
4517;24;80
4518;24;80
4519;16;72
4520;16;72
4521;16;64
4522;16;56
4523;16;64
4524;8;72
4525;16;80
4526;16;88
4527;16;96
4528;8;96
4529;8;96
4530;8;80
4531;8;72
4532;0;72
4533;-8;64
4534;0;64
4535;0;56
4536;-8;48
4537;0;48
4538;-8;40
4539;-8;40
4540;-16;48
4541;-8;56
4542;-16;64
4543;-16;80
4544;-16;80
4545;-16;80
4546;-16;72
4547;-24;72
4548;-24;72
4549;-24;72
4550;-16;64
4551;-24;64
4552;-32;64
4553;-32;64
4554;-24;64
4555;-24;64
4556;-32;64
4557;-24;64
4558;-32;56
4559;-40;48
4560;-40;48
4561;-40;40
4562;-40;40
4563;-40;48
4564;-24;64
4565;-48;72
4566;-48;72
4567;-56;80
4568;-48;72
4569;-48;72
4570;-56;72
4571;-56;72
4572;-56;72
4573;-56;64
4574;-64;64
4575;-64;64
4576;-56;64
4577;-64;64
4578;-64;64
4579;-64;56
4580;-64;48
4581;-88;8
4582;-72;0
4583;-72;-8
4584;-72;8
4585;-72;16
4586;-72;32
4587;-72;32
4588;-80;40
4589;-80;40
4590;-80;32
4591;-88;32
4592;-80;32
4593;-88;32
4594;-88;24
4595;-88;32
4596;-88;24
4597;-88;24
4598;-88;24
4599;-88;16
4600;-96;8
4601;-96;0
4602;-96;0
4603;-96;0
4604;-96;8
4605;-96;16
4606;-104;24
4607;-104;32
4608;-96;40
4609;-104;40
4610;-104;40
4611;-104;32
4612;-104;32
4613;-112;32
4614;-104;32
4615;-112;24
4616;-112;32
4617;-112;24
4618;-112;24
4619;-112;24
4620;-120;24
4621;-120;24
4622;-120;16
4623;-120;0
4624;-120;0
4625;-120;-8
4626;-120;0
4627;-120;16
4628;-128;24
4629;-128;32
4630;-128;32
4631;-128;40
4632;-120;32
4633;-128;8
4634;-136;0
4635;-128;0
4636;-128;0
4637;-128;0
4638;-128;-8
4639;-136;-16
4640;-136;-16
4641;-136;-24
4642;-136;-24
4643;-136;-24
4644;-136;-16
4645;-136;0
4646;-136;0
4647;-136;8
4648;-136;8
4649;-136;8
4650;-144;0
4651;-144;0
4652;-144;0
4653;-144;0
4654;-144;0
4655;-144;-8
4656;-120;0
4657;-144;0
4658;-144;0
4659;-144;-8
4660;-144;-16
4661;-144;-24
4662;-144;-24
4663;-144;-32
4664;-144;-24
4665;-144;-16
4666;-144;0
4667;-144;0
4668;-144;8
4669;-144;8
4670;-144;8
4671;-144;8
4672;-144;0
4673;-160;0
4674;-136;0
4675;-144;-8
4676;-128;-8
4677;-136;0
4678;-136;-8
4679;-136;-8
4680;-136;-8
4681;-136;0
4682;-136;-8
4683;-128;-8
4684;-136;0
4685;-128;-24
4686;-128;-24
4687;-128;-32
4688;-128;-40
4689;-128;-40
4690;-104;-40
4691;-128;-40
4692;-120;-32
4693;-128;-24
4694;-120;-16
4695;-120;-16
4696;-112;-8
4697;-112;-8
4698;-112;-16
4699;-112;-16
4700;-112;-16
4701;-112;-16
4702;-112;-16
4703;-112;-16
4704;-104;-24
4705;-104;-24
4706;-104;-16
4707;-112;-16
4708;-104;-16
4709;-104;-24
4710;-104;-16
4711;-96;-24
4712;-96;-32
4713;-88;-40
4714;-88;-40
4715;-88;-40
4716;-88;-32
4717;-96;-24
4718;-80;-16
4719;-80;-8
4720;-80;-8
4721;-72;-8
4722;-72;-8
4723;-72;-8
4724;-64;-16
4725;-72;-16
4726;-64;-16
4727;-64;-16
4728;-64;-16
4729;-56;-24
4730;-56;-16
4731;-56;-16
4732;-56;-16
4733;-48;-24
4734;-48;-24
4735;-48;-40
4736;-40;-40
4737;-48;-56
4738;-40;-56
4739;-40;-48
4740;-40;-40
4741;-40;-32
4742;-32;-24
4743;-24;-16
4744;-24;-16
4745;-32;-24
4746;-24;-24
4747;-24;-32
4748;-24;-24
4749;-16;-24
4750;-16;-32
4751;-16;-32
4752;-8;-32
4753;-8;-32
4754;-8;-32
4755;-8;-32
4756;-8;-32
4757;0;-40
4758;8;-48
4759;0;-48
4760;0;-56
4761;8;-56
4762;8;-48
4763;8;-40
4764;16;-32
4765;16;-16
4766;16;-24
4767;24;-24
4768;24;-24
4769;24;-24
4770;24;-24
4771;32;-24
4772;32;-32
4773;32;-32
4774;40;-24
4775;40;-32
4776;40;-32
4777;48;-32
4778;40;-32
4779;48;-40
4780;48;-48
4781;48;-48
4782;48;-56
4783;56;-56
4784;56;-48
4785;56;-32
4786;64;-24
4787;64;-16
4788;64;-16
4789;64;-16
4790;72;-16
4791;64;-16
4792;80;-24
4793;72;-24
4794;72;-24
4795;80;-24
4796;80;-32
4797;80;-40
4798;88;-48
4799;80;-56
4800;80;-48
4801;88;-40
4802;80;-32
4803;88;-16
4804;96;-16
4805;96;-16
4806;96;-16
4807;96;-16
4808;96;-24
4809;88;-24
4810;104;-24
4811;104;-24
4812;104;-24
4813;104;-24
4814;104;-24
4815;104;-24
4816;96;-24
4817;112;-32
4818;120;-32
4819;120;-40
4820;120;-48
4821;120;-48
4822;120;-48
4823;112;-40
4824;128;-24
4825;120;-16
4826;128;-16
4827;120;-8
4828;128;-16
4829;128;-24
4830;128;-16
4831;128;-24
4832;128;-24
4833;144;-24
4834;128;-24
4835;128;-24
4836;120;-24
4837;128;-24
4838;136;-24
4839;136;-24
4840;136;-24
4841;136;-24
4842;136;-8
4843;136;-16
4844;136;-24
4845;136;-24
4846;136;-32
4847;136;-24
4848;136;-24
4849;144;-16
4850;128;0
4851;144;8
4852;144;8
4853;152;8
4854;144;0
4855;144;0
4856;144;0
4857;144;8
4858;144;0
4859;152;0
4860;152;0
4861;144;0
4862;152;0
4863;152;-8
4864;152;-16
4865;152;-16
4866;152;-24
4867;152;-32
4868;152;-24
4869;152;-24
4870;152;-16
4871;152;-8
4872;152;0
4873;152;8
4874;152;8
4875;152;8
4876;152;8
4877;160;8
4878;152;8
4879;152;0
4880;152;0
4881;152;-8
4882;152;-8
4883;152;-8
4884;152;-8
4885;152;-8
4886;152;-8
4887;152;-8
4888;152;-8
4889;152;-8
4890;152;-16
4891;152;-24
4892;152;-32
4893;152;-24
4894;160;8
4895;152;24
4896;152;32
4897;160;40
4898;152;40
4899;152;40
4900;152;40
4901;160;40
4902;152;32
4903;152;32
4904;152;32
4905;152;24
4906;152;32
4907;152;32
4908;152;24
4909;152;24
4910;152;24
4911;152;8
4912;152;8
4913;152;8
4914;144;8
4915;144;16
4916;144;24
4917;152;32
4918;144;40
4919;144;40
4920;144;40
4921;144;40
4922;144;40
4923;136;32
4924;144;32
4925;136;32
4926;136;32
4927;144;32
4928;144;32
4929;144;32
4930;144;32
4931;144;24
4932;136;24
4933;136;16
4934;136;8
4935;136;8
4936;136;8
4937;136;8
4938;128;16
4939;128;24
4940;128;40
4941;128;40
4942;120;40
4943;128;40
4944;128;40
4945;120;40
4946;128;72
4947;128;72
4948;120;72
4949;128;72
4950;120;72
4951;120;56
4952;112;56
4953;112;48
4954;120;40
4955;120;48
4956;112;56
4957;120;72
4958;112;80
4959;104;80
4960;104;80
4961;104;72
4962;120;72
4963;112;72
4964;104;72
4965;104;72
4966;104;72
4967;104;64
4968;96;72
4969;112;72
4970;104;64
4971;96;72
4972;104;64
4973;96;64
4974;96;64
4975;96;48
4976;112;48
4977;88;40
4978;88;48
4979;80;56
4980;88;72
4981;88;80
4982;88;80
4983;80;80
4984;80;80
4985;80;72
4986;72;80
4987;80;72
4988;80;72
4989;80;72
4990;72;72
4991;80;72
4992;80;64
4993;56;72
4994;72;64
4995;72;56
4996;64;56
4997;72;48
4998;72;56
4999;64;56
5000;64;64
5001;64;72
5002;64;88
5003;48;96
5004;64;96
5005;64;96
5006;64;96
5007;56;96
5008;56;88
5009;56;88
5010;56;88
5011;56;88
5012;56;88
5013;48;88
5014;56;88
5015;48;80
5016;48;80
5017;48;72
5018;48;64
5019;48;64
5020;48;56
5021;48;64
5022;40;72
5023;40;80
5024;40;96
5025;40;96
5026;40;96
5027;32;96
5028;32;88
5029;32;88
5030;32;88
5031;32;88
5032;32;88
5033;32;88
5034;32;80
5035;24;88
5036;24;88
5037;24;80
5038;24;72
5039;24;64
5040;24;56
5041;16;56
5042;16;64
5043;16;64
5044;24;80
5045;16;88
5046;16;96
5047;8;96
5048;8;96
5049;8;96
5050;8;72
5051;8;72
5052;8;64
5053;0;72
5054;0;64
5055;0;64
5056;0;56
5057;-8;40
5058;0;40
5059;-8;40
5060;-8;48
5061;-16;64
5062;-8;72
5063;-16;80
5064;-8;80
5065;-8;72
5066;-16;72
5067;-16;72
5068;0;72
5069;-24;72
5070;-24;64
5071;-24;72
5072;-16;64
5073;-24;64
5074;-24;64
5075;-24;64
5076;-32;56
5077;-32;56
5078;-32;48
5079;-40;40
5080;-32;40
5081;-32;40
5082;-40;48
5083;-40;56
5084;-32;64
5085;-56;72
5086;-40;80
5087;-40;80
5088;-48;72
5089;-48;72
5090;-48;72
5091;-48;64
5092;-56;64
5093;-56;64
5094;-48;64
5095;-56;64
5096;-56;64
5097;-56;64
5098;-56;64
5099;-64;64
5100;-64;64
5101;-64;64
5102;-48;24
5103;-64;16
5104;-72;8
5105;-64;8
5106;-72;0
5107;-72;0
5108;-72;8
5109;-72;16
5110;-72;24
5111;-80;32
5112;-72;40
5113;-80;40
5114;-80;32
5115;-80;32
5116;-88;32
5117;-88;32
5118;-88;24
5119;-96;24
5120;-88;24
5121;-88;24
5122;-96;24
5123;-96;24
5124;-96;24
5125;-96;24
5126;-96;24
5127;-104;16
5128;-104;8
5129;-112;0
5130;-104;0
5131;-104;0
5132;-96;0
5133;-104;8
5134;-104;24
5135;-104;32
5136;-112;32
5137;-112;40
5138;-112;32
5139;-112;32
5140;-120;32
5141;-112;24
5142;-120;32
5143;-112;24
5144;-120;32
5145;-120;24
5146;-120;24
5147;-128;24
5148;-128;24
5149;-128;24
5150;-128;24
5151;-128;24
5152;-128;24
5153;-136;24
5154;-136;-8
5155;-128;-8
5156;-128;-24
5157;-136;-32
5158;-136;-24
5159;-136;-32
5160;-136;-16
5161;-136;-16
5162;-136;0
5163;-136;8
5164;-136;16
5165;-136;8
5166;-144;16
5167;-136;8
5168;-144;0
5169;-136;0
5170;-136;0
5171;-144;0
5172;-144;-8
5173;-144;0
5174;-144;0
5175;-136;0
5176;-144;-8
5177;-144;0
5178;-144;-8
5179;-144;0
5180;-144;-8
5181;-144;-16
5182;-144;-24
5183;-144;-24
5184;-136;-24
5185;-144;-24
5186;-144;-16
5187;-144;0
5188;-144;8
5189;-144;8
5190;-144;16
5191;-144;8
5192;-144;0
5193;-136;0
5194;-144;0
5195;-136;0
5196;-136;0
5197;-136;0
5198;-136;0
5199;-136;0
5200;-136;0
5201;-136;0
5202;-136;-8
5203;-136;-8
5204;-136;0
5205;-136;0
5206;-128;-24
5207;-136;-24
5208;-128;-32
5209;-128;-40
5210;-128;-40
5211;-128;-48
5212;-120;-40
5213;-128;-24
5214;-128;-24
5215;-120;-16
5216;-120;-8
5217;-120;-8
5218;-112;-8
5219;-120;-8
5220;-112;-8
5221;-120;-16
5222;-112;-16
5223;-112;-16
5224;-112;-16
5225;-104;-16
5226;-104;-16
5227;-104;-16
5228;-104;-24
5229;-104;-16
5230;-104;-24
5231;-96;-32
5232;-96;-40
5233;-96;-40
5234;-96;-40
5235;-88;-32
5236;-88;-24
5237;-88;-16
5238;-72;-8
5239;-80;-8
5240;-80;-8
5241;-80;-16
5242;-72;-16
5243;-72;-16
5244;-72;-16
5245;-64;-16
5246;-64;-16
5247;-64;-16
5248;-64;-16
5249;-64;-16
5250;-64;-24
5251;-64;-32
5252;-56;-32
5253;-56;-40
5254;-48;-40
5255;-64;-40
5256;-48;-32
5257;-48;-16
5258;-40;-16
5259;-40;-16
5260;-48;-16
5261;-40;-16
5262;-48;-24
5263;-32;-24
5264;-40;-24
5265;-24;-24
5266;-32;-24
5267;-32;-32
5268;-24;-32
5269;-24;-32
5270;-24;-40
5271;-16;-40
5272;-16;-48
5273;-16;-56
5274;-8;-48
5275;-8;-48
5276;-8;-40
5277;-8;-32
5278;0;-24
5279;-8;-24
5280;0;-16
5281;0;-16
5282;8;-24
5283;8;-24
5284;8;-24
5285;8;-32
5286;16;-24
5287;16;-24
5288;16;-24
5289;16;-32
5290;24;-32
5291;24;-32
5292;24;-32
5293;32;-32
5294;32;-40
5295;32;-40
5296;40;-48
5297;40;-48
5298;40;-56
5299;48;-48
5300;40;-40
5301;48;-24
5302;48;-24
5303;48;-16
5304;56;-16
5305;56;-24
5306;56;-24
5307;56;-24
5308;56;-24
5309;64;-32
5310;64;-24
5311;64;-24
5312;72;-32
5313;64;-40
5314;72;-40
5315;72;-48
5316;72;-48
5317;80;-48
5318;80;-40
5319;80;-40
5320;80;-24
5321;80;-16
5322;88;-16
5323;88;-16
5324;88;-16
5325;88;-24
5326;96;-24
5327;88;-24
5328;88;-24
5329;96;-24
5330;96;-24
5331;96;-24
5332;96;-24
5333;104;-24
5334;104;-32
5335;104;-40
5336;112;-48
5337;104;-48
5338;112;-56
5339;104;-48
5340;104;-40
5341;112;-32
5342;112;-24
5343;112;-16
5344;120;-16
5345;120;-16
5346;112;-16
5347;112;-16
5348;120;-24
5349;120;-24
5350;128;-32
5351;120;-24
5352;120;-32
5353;120;-24
5354;120;-24
5355;120;-24
5356;128;-32
5357;136;-48
5358;128;-48
5359;136;-48
5360;136;-48
5361;136;-40
5362;136;-8
5363;136;0
5364;152;0
5365;136;8
5366;136;8
5367;136;8
5368;136;8
5369;144;0
5370;136;0
5371;152;0
5372;136;-8
5373;136;0
5374;136;0
5375;144;-8
5376;144;0
5377;144;-8
5378;144;-16
5379;144;-24
5380;144;-32
5381;136;-32
5382;144;-32
5383;152;-16
5384;152;0
5385;152;8
5386;152;8
5387;144;8
5388;152;8
5389;152;8
5390;152;-8
5391;152;0
5392;152;0
5393;152;0
5394;152;0
5395;152;0
5396;152;0
5397;152;-8
5398;160;-16
5399;152;-16
5400;152;-24
5401;160;-24
5402;152;-24
5403;152;-24
5404;160;-16
5405;152;0
5406;152;8
5407;152;8
5408;144;8
5409;152;0
5410;152;0
5411;152;0
5412;152;0
5413;152;0
5414;152;0
5415;152;32
5416;152;24
5417;152;16
5418;160;8
5419;152;8
5420;152;8
5421;152;8
5422;152;24
5423;160;32
5424;152;40
5425;160;40
5426;152;40
5427;152;40
5428;152;40
5429;152;40
5430;152;32
5431;152;32
5432;144;32
5433;152;32
5434;144;32
5435;144;24
5436;152;32
5437;144;24
5438;152;24
5439;144;16
5440;144;8
5441;144;0
5442;144;0
5443;144;8
5444;144;16
5445;136;24
5446;136;40
5447;144;40
5448;144;40
5449;144;40
5450;136;40
5451;144;40
5452;136;32
5453;136;32
5454;144;32
5455;136;32
5456;136;32
5457;136;32
5458;136;32
5459;136;24
5460;136;24
5461;136;32
5462;128;24
5463;136;16
5464;128;8
5465;128;8
5466;112;8
5467;128;40
5468;120;56
5469;128;64
5470;120;80
5471;120;80
5472;120;80
5473;120;80
5474;120;80
5475;120;72
5476;120;72
5477;112;72
5478;112;64
5479;120;64
5480;88;64
5481;112;64
5482;112;72
5483;112;72
5484;112;64
5485;104;56
5486;104;48
5487;104;48
5488;104;40
5489;104;48
5490;112;56
5491;96;64
5492;104;72
5493;104;80
5494;96;80
5495;96;80
5496;96;80
5497;112;80
5498;96;72
5499;88;72
5500;88;72
5501;88;72
5502;88;64
5503;88;64
5504;88;64
5505;88;64
5506;80;56
5507;80;48
5508;80;48
5509;80;40
5510;80;48
5511;72;56
5512;80;72
5513;80;80
5514;64;80
5515;72;80
5516;72;72
5517;72;80
5518;72;72
5519;72;88
5520;72;88
5521;72;80
5522;72;72
5523;64;64
5524;48;64
5525;56;64
5526;56;72
5527;56;88
5528;56;96
5529;56;96
5530;56;96
5531;56;96
5532;48;96
5533;56;88
5534;48;80
5535;56;88
5536;56;88
5537;48;88
5538;48;88
5539;48;88
5540;48;80
5541;48;80
5542;48;72
5543;40;64
5544;40;64
5545;48;64
5546;40;64
5547;40;80
5548;32;88
5549;40;88
5550;40;96
5551;32;96
5552;32;96
5553;24;96
5554;32;96
5555;32;88
5556;32;88
5557;32;80
5558;24;88
5559;24;88
5560;24;88
5561;24;80
5562;24;88
5563;16;80
5564;16;72
5565;24;64
5566;16;64
5567;16;56
5568;16;64
5569;16;72
5570;8;80
5571;8;72
5572;8;80
5573;8;80
5574;0;80
5575;0;80
5576;8;80
5577;0;80
5578;0;72
5579;0;64
5580;0;72
5581;0;64
5582;-8;64
5583;-8;64
5584;-8;64
5585;-8;64
5586;-8;64
5587;-16;56
5588;-8;48
5589;-24;48
5590;-16;40
5591;-16;40
5592;-16;48
5593;-24;64
5594;-16;72
5595;-24;72
5596;-24;80
5597;-24;72
5598;-24;80
5599;-24;72
5600;-32;72
5601;-32;72
5602;-24;72
5603;-40;64
5604;-40;64
5605;-32;64
5606;-32;64
5607;-40;64
5608;-48;64
5609;-48;64
5610;-48;64
5611;-48;56
5612;-48;48
5613;-48;40
5614;-48;40
5615;-56;48
5616;-56;64
5617;-56;72
5618;-56;80
5619;-56;72
5620;-64;72
5621;-56;80
5622;-56;72
5623;-72;32
5624;-64;32
5625;-64;24
5626;-64;16
5627;-72;16
5628;-72;8
5629;-72;8
5630;-72;16
5631;-72;24
5632;-80;32
5633;-64;40
5634;-80;40
5635;-80;40
5636;-80;40
5637;-88;40
5638;-88;32
5639;-88;32
5640;-80;40
5641;-88;32
5642;-96;32
5643;-96;32
5644;-96;32
5645;-96;32
5646;-96;24
5647;-96;24
5648;-104;16
5649;-104;8
5650;-112;0
5651;-104;8
5652;-104;16
5653;-104;32
5654;-104;40
5655;-104;40
5656;-112;40
5657;-128;40
5658;-112;40
5659;-112;40
5660;-112;32
5661;-112;32
5662;-120;32
5663;-120;32
5664;-120;32
5665;-120;24
5666;-120;32
5667;-120;24
5668;-120;24
5669;-120;16
5670;-128;8
5671;-128;0
5672;-128;0
5673;-128;8
5674;-128;24
5675;-128;8
5676;-128;8
5677;-136;16
5678;-128;8
5679;-136;8
5680;-136;8
5681;-136;8
5682;-136;0
5683;-136;0
5684;-136;-8
5685;-136;0
5686;-136;0
5687;-136;-8
5688;-144;-16
5689;-136;-24
5690;-144;-24
5691;-144;-24
5692;-136;-16
5693;-144;-16
5694;-144;0
5695;-144;8
5696;-144;16
5697;-144;8
5698;-144;8
5699;-144;8
5700;-144;8
5701;-144;8
5702;-144;0
5703;-144;0
5704;-144;0
5705;-144;0
5706;-144;0
5707;-144;0
5708;-144;0
5709;-144;0
5710;-144;0
5711;-144;-16
5712;-136;-16
5713;-144;-24
5714;-144;-24
5715;-152;-24
5716;-144;-24
5717;-136;-16
5718;-136;0
5719;-136;8
5720;-136;8
5721;-136;8
5722;-136;16
5723;-136;0
5724;-136;8
5725;-128;0
5726;-136;0
5727;-128;-16
5728;-128;-24
5729;-128;-24
5730;-128;-32
5731;-128;-40
5732;-128;-40
5733;-128;-40
5734;-128;-32
5735;-136;-16
5736;-120;-16
5737;-120;-8
5738;-112;0
5739;-112;-8
5740;-120;-8
5741;-120;-8
5742;-120;-16
5743;-112;-16
5744;-104;-16
5745;-104;-16
5746;-112;-16
5747;-104;-16
5748;-104;-16
5749;-112;-16
5750;-104;-24
5751;-104;-24
5752;-96;-32
5753;-96;-40
5754;-96;-40
5755;-96;-40
5756;-88;-32
5757;-88;-24
5758;-88;-16
5759;-88;-8
5760;-88;-8
5761;-80;-8
5762;-80;-8
5763;-72;-16
5764;-72;-16
5765;-72;-16
5766;-48;-16
5767;-72;-24
5768;-72;-16
5769;-72;-16
5770;-64;-16
5771;-64;-16
5772;-64;-24
5773;-64;-24
5774;-56;-32
5775;-56;-40
5776;-64;-40
5777;-48;-40
5778;-48;-32
5779;-48;-40
5780;-40;-32
5781;-40;-24
5782;-40;-24
5783;-56;-16
5784;-40;-24
5785;-40;-24
5786;-40;-24
5787;-32;-24
5788;-32;-32
5789;-24;-32
5790;-24;-32
5791;-24;-24
5792;-24;-32
5793;-24;-32
5794;-16;-32
5795;-16;-40
5796;-8;-48
5797;-8;-56
5798;-8;-56
5799;0;-48
5800;0;-32
5801;0;-24
5802;0;-24
5803;0;-16
5804;0;-16
5805;8;-24
5806;8;-24
5807;16;-24
5808;16;-24
5809;16;-24
5810;24;-24
5811;24;-32
5812;24;-24
5813;24;-32
5814;32;-32
5815;32;-32
5816;32;-24
5817;40;-32
5818;40;-32
5819;40;-40
5820;48;-56
5821;40;-48
5822;48;-48
5823;48;-48
5824;48;-40
5825;56;-32
5826;56;-24
5827;56;-16
5828;56;-16
5829;64;-16
5830;64;-24
5831;64;-24
5832;64;-24
5833;64;-32
5834;72;-24
5835;72;-24
5836;72;-32
5837;72;-48
5838;72;-48
5839;72;-56
5840;72;-48
5841;80;-40
5842;80;-24
5843;80;-24
5844;88;-16
5845;88;-16
5846;88;-24
5847;88;-24
5848;88;-24
5849;96;-32
5850;96;-24
5851;88;-32
5852;96;-24
5853;96;-32
5854;104;-24
5855;96;-24
5856;104;-32
5857;104;-24
5858;112;-32
5859;112;-32
5860;104;-32
5861;104;-40
5862;112;-48
5863;112;-48
5864;112;-56
5865;120;-56
5866;120;-40
5867;120;-40
5868;120;-24
5869;120;-24
5870;120;-16
5871;120;-16
5872;120;-24
5873;120;-24
5874;128;-24
5875;104;-24
5876;128;-24
5877;128;-24
5878;136;-24
5879;128;-32
5880;128;-32
5881;128;-32
5882;136;-24
5883;128;-8
5884;136;-16
5885;144;-24
5886;136;-24
5887;136;-32
5888;136;-32
5889;144;-24
5890;144;-16
5891;144;-8
5892;160;0
5893;144;8
5894;144;0
5895;136;0
5896;144;0
5897;144;0
5898;144;-8
5899;144;-8
5900;144;-8
5901;152;-16
5902;144;-8
5903;152;-8
5904;144;-8
5905;152;-8
5906;152;-8
5907;152;-8
5908;152;-16
5909;136;-24
5910;152;-24
5911;152;-32
5912;152;-32
5913;152;-24
5914;152;-8
5915;152;0
5916;152;0
5917;152;0
5918;152;0
5919;136;0
5920;152;-8
5921;152;0
5922;152;0
5923;152;-8
5924;152;-8
5925;152;-8
5926;160;-8
5927;152;-8
5928;152;-8
5929;152;-8
5930;152;-16
5931;152;-24
5932;152;-32
5933;152;-32
5934;152;-32
5935;152;16
5936;160;16
5937;152;32
5938;152;40
5939;152;40
5940;152;40
5941;152;32
5942;152;32
5943;152;32
5944;152;24
5945;152;32
5946;152;24
5947;152;24
5948;152;24
5949;152;24
5950;152;24
5951;152;16
5952;152;16
5953;152;8
5954;152;0
5955;152;0
5956;144;8
5957;152;8
5958;144;24
5959;152;24
5960;152;32
5961;144;40
5962;152;40
5963;144;40
5964;144;32
5965;144;32
5966;144;32
5967;144;24
5968;144;24
5969;144;24
5970;144;24
5971;136;24
5972;136;32
5973;136;24
5974;136;24
5975;144;24
5976;136;16
5977;136;8
5978;136;0
5979;136;0
5980;128;0
5981;128;8
5982;136;24
5983;128;32
5984;136;40
5985;128;40
5986;128;40
5987;128;80
5988;128;72
5989;120;72
5990;128;72
5991;128;72
5992;120;64
5993;120;64
5994;128;56
5995;120;48
5996;120;40
5997;120;40
5998;112;48
5999;112;56
6000;112;72
6001;112;80
6002;112;80
6003;112;80
6004;104;72
6005;104;72
6006;104;72
6007;104;72
6008;104;72
6009;104;72
6010;104;64
6011;96;64
6012;104;64
6013;96;64
6014;96;64
6015;96;64
6016;96;64
6017;96;64
6018;96;56
6019;96;48
6020;96;40
6021;96;40
6022;88;40
6023;88;48
6024;88;56
6025;80;64
6026;88;72
6027;88;80
6028;96;80
6029;88;80
6030;80;72
6031;80;72
6032;80;72
6033;80;72
6034;72;72
6035;80;72
6036;72;64
6037;72;72
6038;64;64
6039;72;64
6040;72;80
6041;64;72
6042;72;64
6043;64;64
6044;64;64
6045;56;64
6046;64;64
6047;64;80
6048;64;88
6049;56;96
6050;56;96
6051;56;96
6052;56;96
6053;56;96
6054;48;88
6055;56;88
6056;56;88
6057;48;88
6058;48;88
6059;48;80
6060;48;80
6061;48;88
6062;48;80
6063;48;80
6064;40;64
6065;40;56
6066;40;56
6067;40;56
6068;40;64
6069;32;72
6070;40;88
6071;32;96
6072;32;96
6073;32;96
6074;32;88
6075;32;88
6076;32;88
6077;32;88
6078;32;88
6079;24;88
6080;24;80
6081;24;80
6082;24;88
6083;24;80
6084;16;88
6085;24;88
6086;24;80
6087;16;72
6088;16;72
6089;16;64
6090;16;56
6091;16;64
6092;8;48
6093;16;64
6094;8;72
6095;8;80
6096;16;80
6097;8;80
6098;8;80
6099;0;80
6100;0;72
6101;0;72
6102;0;72
6103;-8;72
6104;-8;72
6105;-8;72
6106;-8;64
6107;-8;64
6108;-16;56
6109;-16;56
6110;-16;48
6111;-16;40
6112;-16;40
6113;-16;56
6114;-16;64
6115;-24;72
6116;-24;80
6117;-24;80
6118;-16;80
6119;-24;80
6120;-24;72
6121;-32;80
6122;-32;72
6123;-32;72
6124;-32;64
6125;-40;72
6126;-40;72
6127;-32;64
6128;-40;64
6129;-40;64
6130;-48;64
6131;-40;64
6132;-40;64
6133;-48;48
6134;-48;48
6135;-48;40
6136;-48;40
6137;-64;48
6138;-56;56
6139;-56;64
6140;-56;72
6141;-56;80
6142;-56;80
6143;-64;80
6144;-64;40
6145;-64;40
6146;-64;32
6147;-64;32
6148;-72;32
6149;-72;32
6150;-80;32
6151;-72;32
6152;-72;32
6153;-72;32
6154;-64;24
6155;-80;16
6156;-80;8
6157;-80;0
6158;-88;8
6159;-88;0
6160;-88;16
6161;-80;24
6162;-96;32
6163;-96;40
6164;-96;40
6165;-96;40
6166;-96;40
6167;-96;32
6168;-96;32
6169;-96;32
6170;-104;32
6171;-112;24
6172;-104;32
6173;-104;32
6174;-104;32
6175;-104;24
6176;-104;32
6177;-112;16
6178;-120;16
6179;-104;8
6180;-112;8
6181;-104;0
6182;-112;16
6183;-120;24
6184;-112;40
6185;-112;40
6186;-120;40
6187;-120;40
6188;-120;32
6189;-120;32
6190;-120;32
6191;-128;32
6192;-120;32
6193;-128;32
6194;-128;32
6195;-136;24
6196;-120;0
6197;-128;-8
6198;-128;-16
6199;-128;-24
6200;-128;-24
6201;-136;-24
6202;-128;-24
6203;-128;-16
6204;-136;0
6205;-128;8
6206;-136;8
6207;-136;8
6208;-136;8
6209;-136;8
6210;-136;8
6211;-136;8
6212;-136;0
6213;-136;0
6214;-144;0
6215;-136;0
6216;-136;0
6217;-144;-8
6218;-144;-8
6219;-136;-16
6220;-144;-24
6221;-136;-24
6222;-136;-24
6223;-144;-24
6224;-144;-8
6225;-144;8
6226;-144;8
6227;-144;8
6228;-144;8
6229;-144;8
6230;-144;0
6231;-144;8
6232;-144;0
6233;-136;0
6234;-144;-8
6235;-144;0
6236;-144;0
6237;-136;0
6238;-136;-8
6239;-136;-16
6240;-136;-16
6241;-136;-24
6242;-136;-24
6243;-136;-24
6244;-136;-16
6245;-128;-8
6246;-128;8
6247;-128;8
6248;-128;0
6249;-128;-8
6250;-128;-8
6251;-136;-8
6252;-128;-16
6253;-128;-16
6254;-128;-16
6255;-120;-16
6256;-136;-16
6257;-120;-16
6258;-120;-24
6259;-120;-16
6260;-120;-24
6261;-120;-32
6262;-112;-40
6263;-128;-40
6264;-120;-40
6265;-112;-40
6266;-112;-24
6267;-104;-24
6268;-104;-8
6269;-104;-8
6270;-120;-8
6271;-104;-8
6272;-104;-8
6273;-88;-16
6274;-104;-8
6275;-96;-16
6276;-96;-16
6277;-88;-16
6278;-88;-16
6279;-88;-16
6280;-72;-16
6281;-88;-16
6282;-80;-24
6283;-80;-24
6284;-80;-32
6285;-80;-32
6286;-72;-40
6287;-56;-40
6288;-72;-40
6289;-72;-24
6290;-80;-16
6291;-64;-8
6292;-64;-8
6293;-64;0
6294;-64;-8
6295;-56;-8
6296;-56;-16
6297;-64;-16
6298;-56;-16
6299;-48;-16
6300;-56;-32
6301;-48;-32
6302;-48;-40
6303;-40;-48
6304;-56;-48
6305;-40;-56
6306;-32;-48
6307;-32;-40
6308;-32;-32
6309;-32;-24
6310;-32;-16
6311;-24;-16
6312;-24;-24
6313;-16;-16
6314;-16;-24
6315;-16;-24
6316;-16;-24
6317;-16;-32
6318;-16;-24
6319;-8;-32
6320;0;-24
6321;0;-32
6322;0;-24
6323;0;-32
6324;0;-32
6325;0;-40
6326;8;-48
6327;8;-56
6328;8;-56
6329;16;-48
6330;16;-40
6331;24;-32
6332;16;-24
6333;16;-16
6334;24;-24
6335;24;-16
6336;24;-16
6337;24;-16
6338;32;-24
6339;32;-24
6340;32;-32
6341;40;-24
6342;40;-24
6343;40;-24
6344;48;-32
6345;48;-32
6346;48;-32
6347;56;-32
6348;48;-32
6349;56;-32
6350;56;-40
6351;56;-48
6352;56;-48
6353;56;-56
6354;64;-48
6355;72;-40
6356;64;-32
6357;64;-24
6358;64;-24
6359;72;-16
6360;80;-16
6361;72;-16
6362;80;-24
6363;80;-24
6364;80;-24
6365;80;-24
6366;88;-24
6367;88;-32
6368;88;-24
6369;88;-24
6370;88;-24
6371;96;-32
6372;88;-32
6373;96;-40
6374;96;-48
6375;104;-48
6376;96;-56
6377;104;-48
6378;104;-32
6379;120;-24
6380;104;-16
6381;104;-16
6382;104;-16
6383;104;-24
6384;112;-24
6385;112;-24
6386;112;-32
6387;112;-32
6388;120;-32
6389;120;-24
6390;120;-32
6391;120;-24
6392;120;-32
6393;120;-32
6394;128;-32
6395;120;-40
6396;128;-40
6397;120;-48
6398;128;-48
6399;120;-48
6400;128;-48
6401;128;-40
6402;128;-24
6403;128;-16
6404;136;8
6405;128;0
6406;128;0
6407;136;0
6408;136;0
6409;144;-8
6410;136;-16
6411;136;-16
6412;144;-24
6413;128;-32
6414;144;-32
6415;144;-32
6416;152;-24
6417;144;-8
6418;144;0
6419;144;0
6420;144;8
6421;144;0
6422;144;8
6423;160;0
6424;144;-8
6425;152;-8
6426;144;-8
6427;152;-8
6428;152;-8
6429;152;-8
6430;152;-8
6431;152;-8
6432;152;-8
6433;144;-16
6434;152;-24
6435;152;-32
6436;152;-32
6437;152;-32
6438;152;-24
6439;152;-8
6440;152;-8
6441;152;8
6442;152;8
6443;152;8
6444;152;0
6445;152;-8
6446;144;0
6447;136;0
6448;152;-8
6449;152;-8
6450;152;-8
6451;160;-8
6452;152;-8
6453;152;-16
6454;160;-8
6455;152;-8
6456;152;24
6457;152;16
6458;152;16
6459;152;8
6460;152;0
6461;152;0
6462;152;8
6463;152;16
6464;152;24
6465;152;32
6466;152;40
6467;144;40
6468;152;40
6469;152;40
6470;152;32
6471;152;32
6472;152;32
6473;152;32
6474;152;32
6475;152;24
6476;152;32
6477;152;24
6478;144;32
6479;152;24
6480;152;32
6481;144;24
6482;152;16
6483;144;8
6484;152;8
6485;144;0
6486;144;8
6487;144;16
6488;144;24
6489;144;32
6490;144;40
6491;136;40
6492;144;40
6493;136;32
6494;136;40
6495;136;32
6496;136;32
6497;136;32
6498;136;32
6499;136;32
6500;136;24
6501;136;32
6502;136;24
6503;136;24
6504;136;16
6505;128;16
6506;128;8
6507;128;8
6508;128;48
6509;128;48
6510;128;56
6511;120;64
6512;120;80
6513;128;72
6514;128;80
6515;120;80
6516;120;80
6517;120;80
6518;120;72
6519;120;64
6520;120;72
6521;112;72
6522;128;64
6523;112;72
6524;112;64
6525;104;56
6526;112;56
6527;104;48
6528;104;40
6529;104;40
6530;112;56
6531;104;56
6532;96;72
6533;104;80
6534;96;80
6535;96;80
6536;96;80
6537;96;80
6538;96;72
6539;72;72
6540;96;72
6541;96;72
6542;96;64
6543;88;72
6544;88;64
6545;88;64
6546;88;64
6547;88;64
6548;88;64
6549;88;64
6550;80;56
6551;80;48
6552;80;48
6553;80;40
6554;80;48
6555;80;56
6556;88;64
6557;72;72
6558;72;80
6559;72;80
6560;72;96
6561;72;96
6562;72;96
6563;64;88
6564;64;88
6565;64;88
6566;72;88
6567;64;88
6568;56;88
6569;64;88
6570;64;88
6571;56;80
6572;56;64
6573;48;64
6574;64;64
6575;56;64
6576;56;64
6577;56;80
6578;56;88
6579;48;96
6580;48;96
6581;48;96
6582;48;96
6583;48;96
6584;48;88
6585;40;88
6586;48;88
6587;40;80
6588;40;88
6589;40;80
6590;48;88
6591;40;80
6592;40;72
6593;40;72
6594;32;64
6595;40;64
6596;32;64
6597;32;72
6598;32;80
6599;32;88
6600;32;96
6601;24;96
6602;24;96
6603;16;96
6604;24;96
6605;32;88
6606;16;88
6607;16;88
6608;24;80
6609;24;88
6610;16;80
6611;16;80
6612;16;72
6613;16;72
6614;8;64
6615;8;56
6616;8;48
6617;8;48
6618;8;48
6619;8;56
6620;8;64
6621;0;64
6622;0;80
6623;0;80
6624;8;80
6625;0;80
6626;-8;72
6627;-8;80
6628;-8;72
6629;-8;72
6630;-16;72
6631;-8;72
6632;-16;72
6633;-16;72
6634;-16;72
6635;-24;72
6636;-24;64
6637;-16;56
6638;-24;48
6639;-24;48
6640;-32;40
6641;-32;48
6642;-32;56
6643;-32;64
6644;-24;72
6645;-32;80
6646;-40;88
6647;-32;80
6648;-24;80
6649;-40;72
6650;-48;72
6651;-40;72
6652;-48;72
6653;-48;72
6654;-40;64
6655;-40;64
6656;-48;64
6657;-48;72
6658;-56;64
6659;-56;72
6660;-56;64
6661;-64;64
6662;-56;72
6663;-64;64
6664;-64;64
6665;-72;32
6666;-64;16
6667;-72;8
6668;-72;8
6669;-72;8
6670;-72;8
6671;-72;16
6672;-72;32
6673;-72;32
6674;-72;40
6675;-88;48
6676;-80;48
6677;-80;40
6678;-80;40
6679;-88;40
6680;-88;40
6681;-80;32
6682;-80;32
6683;-88;32
6684;-88;32
6685;-88;32
6686;-96;32
6687;-96;32
6688;-104;24
6689;-96;16
6690;-104;8
6691;-96;8
6692;-104;8
6693;-104;16
6694;-104;24
6695;-104;40
6696;-104;40
6697;-104;48
6698;-104;40
6699;-112;32
6700;-112;40
6701;-112;40
6702;-120;40
6703;-112;32
6704;-112;32
6705;-112;32
6706;-120;32
6707;-120;32
6708;-120;32
6709;-128;32
6710;-120;24
6711;-120;16
6712;-120;8
6713;-120;8
6714;-120;8
6715;-128;16
6716;-120;32
6717;-128;8
6718;-128;8
6719;-128;16
6720;-128;8
6721;-128;8
6722;-136;8
6723;-128;0
6724;-136;0
6725;-136;0
6726;-128;0
6727;-136;0
6728;-136;0
6729;-136;0
6730;-136;-8
6731;-144;-16
6732;-136;-24
6733;-144;-24
6734;-144;-24
6735;-136;-16
6736;-144;-8
6737;-136;0
6738;-136;8
6739;-136;16
6740;-136;16
6741;-144;16
6742;-144;8
6743;-136;8
6744;-136;8
6745;-144;0
6746;-136;0
6747;-144;0
6748;-144;0
6749;-136;0
6750;-136;0
6751;-144;0
6752;-144;0
6753;-144;0
6754;-136;-8
6755;-144;-8
6756;-136;-16
6757;-144;-16
6758;-144;-24
6759;-144;-24
6760;-144;-16
6761;-144;-8
6762;-136;0
6763;-136;16
6764;-136;16
6765;-136;16
6766;-136;8
6767;-136;8
6768;-136;8
6769;-136;-8
6770;-128;-16
6771;-136;-16
6772;-128;-16
6773;-128;-16
6774;-112;-24
6775;-128;-24
6776;-128;-40
6777;-128;-40
6778;-120;-40
6779;-120;-40
6780;-120;-24
6781;-120;-8
6782;-120;-8
6783;-120;0
6784;-120;0
6785;-112;-8
6786;-112;-8
6787;-112;-16
6788;-104;-8
6789;-112;-16
6790;-104;-16
6791;-128;-16
6792;-104;-16
6793;-104;-16
6794;-104;-16
6795;-104;-16
6796;-96;-24
6797;-96;-32
6798;-88;-40
6799;-96;-40
6800;-88;-40
6801;-96;-32
6802;-88;-24
6803;-88;-16
6804;-80;-8
6805;-80;-8
6806;-72;0
6807;-72;-8
6808;-64;-8
6809;-72;-8
6810;-72;-16
6811;-64;-16
6812;-72;-16
6813;-64;-16
6814;-64;-16
6815;-56;-16
6816;-56;-16
6817;-56;-32
6818;-56;-32
6819;-56;-40
6820;-56;-40
6821;-48;-48
6822;-48;-40
6823;-48;-32
6824;-40;-24
6825;-48;-24
6826;-40;-16
6827;-40;-24
6828;-40;-24
6829;-32;-24
6830;-32;-24
6831;-32;-24
6832;-24;-24
6833;-24;-24
6834;-24;-32
6835;-32;-32
6836;-16;-32
6837;-16;-32
6838;-16;-24
6839;-16;-32
6840;-16;-40
6841;-8;-40
6842;0;-56
6843;-8;-56
6844;0;-56
6845;-8;-40
6846;0;-32
6847;0;-24
6848;0;-24
6849;8;-16
6850;8;-16
6851;8;-24
6852;16;-24
6853;16;-24
6854;16;-32
6855;24;-24
6856;24;-24
6857;32;-32
6858;24;-32
6859;24;-40
6860;32;-40
6861;32;-48
6862;32;-56
6863;40;-56
6864;32;-48
6865;40;-48
6866;40;-32
6867;40;-24
6868;48;-16
6869;56;-24
6870;48;-24
6871;56;-24
6872;56;-24
6873;56;-24
6874;56;-32
6875;64;-32
6876;72;-40
6877;64;-48
6878;64;-48
6879;72;-56
6880;64;-48
6881;72;-40
6882;72;-32
6883;80;-24
6884;80;-24
6885;80;-16
6886;80;-24
6887;80;-24
6888;88;-32
6889;88;-24
6890;88;-24
6891;88;-24
6892;88;-32
6893;88;-32
6894;96;-32
6895;96;-32
6896;104;-32
6897;96;-32
6898;104;-32
6899;104;-48
6900;120;-48
6901;104;-56
6902;104;-56
6903;104;-48
6904;104;-40
6905;112;-24
6906;112;-24
6907;112;-16
6908;112;-16
6909;120;-24
6910;120;-24
6911;120;-24
6912;120;-24
6913;120;-24
6914;120;-32
6915;128;-32
6916;128;-32
6917;128;-32
6918;120;-32
6919;128;-40
6920;120;-40
6921;128;-48
6922;128;-56
6923;128;-56
6924;136;-40
6925;136;0
6926;136;0
6927;128;0
6928;128;0
6929;136;0
6930;136;0
6931;136;-8
6932;136;0
6933;144;-8
6934;136;-8
6935;144;-8
6936;144;-8
6937;152;-8
6938;144;-16
6939;144;-24
6940;144;-24
6941;144;-32
6942;144;-32
6943;144;-32
6944;160;-16
6945;144;-8
6946;144;-8
6947;144;0
6948;152;0
6949;144;0
6950;152;8
6951;152;-8
6952;152;0
6953;152;-8
6954;144;-8
6955;152;-8
6956;144;-8
6957;152;-8
6958;144;-8
6959;152;-8
6960;152;-16
6961;152;-24
6962;152;-32
6963;152;-32
6964;152;-32
6965;152;-24
6966;152;-24
6967;152;-8
6968;136;0
6969;152;0
6970;152;0
6971;160;0
6972;152;0
6973;152;-8
6974;152;-8
6975;152;-8
6976;152;-8
6977;152;24
6978;160;24
6979;152;16
6980;152;8
6981;152;0
6982;152;0
6983;152;0
6984;152;16
6985;152;16
6986;152;24
6987;152;32
6988;144;40
6989;152;32
6990;152;32
6991;152;32
6992;152;32
6993;152;24
6994;152;24
6995;152;24
6996;152;24
6997;152;24
6998;152;24
6999;144;24
7000;152;24
7001;152;24
7002;152;24
7003;144;16
7004;144;8
7005;144;8
7006;144;0
7007;136;0
7008;144;8
7009;144;24
7010;144;32
7011;144;32
7012;144;40
7013;144;32
7014;136;32
7015;136;32
7016;136;24
7017;136;32
7018;136;24
7019;136;24
7020;136;24
7021;136;24
7022;136;24
7023;136;24
7024;136;24
7025;136;24
7026;128;16
7027;128;16
7028;128;8
7029;128;40
7030;128;40
7031;136;40
7032;128;48
7033;128;56
7034;128;64
7035;128;72
7036;128;80
7037;120;80
7038;120;80
7039;120;72
7040;120;72
7041;120;72
7042;120;64
7043;120;72
7044;112;64
7045;112;64
7046;96;64
7047;112;64
7048;112;56
7049;112;56
7050;112;48
7051;104;40
7052;104;40
7053;104;40
7054;104;48
7055;104;56
7056;104;72
7057;104;72
7058;96;80
7059;96;72
7060;88;72
7061;96;72
7062;88;72
7063;104;64
7064;88;64
7065;88;64
7066;88;64
7067;88;64
7068;88;64
7069;88;64
7070;96;64
7071;80;64
7072;80;64
7073;88;56
7074;80;48
7075;72;40
7076;72;40
7077;88;40
7078;80;48
7079;72;48
7080;72;64
7081;80;96
7082;72;96
7083;72;96
7084;72;96
7085;64;96
7086;64;96
7087;56;88
7088;64;88
7089;64;88
7090;64;88
7091;64;88
7092;56;80
7093;64;88
7094;48;88
7095;56;80
7096;56;72
7097;56;64
7098;56;64
7099;56;56
7100;56;64
7101;56;88
7102;48;96
7103;48;96
7104;56;96
7105;48;96
7106;48;96
7107;48;88
7108;40;88
7109;48;88
7110;40;88
7111;32;88
7112;40;88
7113;40;80
7114;40;80
7115;40;88
7116;32;80
7117;32;72
7118;32;64
7119;32;64
7120;32;56
7121;24;64
7122;32;72
7123;24;80
7124;24;88
7125;24;96
7126;24;96
7127;16;96
7128;24;96
7129;24;88
7130;16;88
7131;16;88
7132;16;88
7133;16;72
7134;16;64
7135;16;64
7136;16;56
7137;8;56
7138;8;48
7139;8;48
7140;8;56
7141;0;72
7142;0;80
7143;0;80
7144;0;88
7145;-8;80
7146;-8;80
7147;-8;80
7148;-8;72
7149;-8;72
7150;-8;72
7151;-8;72
7152;-24;72
7153;-16;72
7154;-16;64
7155;-16;56
7156;-16;48
7157;-24;48
7158;-24;40
7159;-24;56
7160;-24;64
7161;-24;72
7162;-24;80
7163;-32;88
7164;-32;88
7165;-32;80
7166;-32;80
7167;-32;80
7168;-40;72
7169;-32;72
7170;-40;72
7171;-40;72
7172;-48;72
7173;-40;72
7174;-40;72
7175;-48;64
7176;-48;56
7177;-48;48
7178;-48;48
7179;-56;48
7180;-56;48
7181;-56;56
7182;-56;56
7183;-56;72
7184;-64;80
7185;-64;48
7186;-64;40
7187;-64;40
7188;-64;40
7189;-64;40
7190;-64;40
7191;-72;32
7192;-72;32
7193;-72;32
7194;-72;32
7195;-80;32
7196;-64;32
7197;-80;32
7198;-80;32
7199;-80;24
7200;-80;16
7201;-88;8
7202;-80;8
7203;-88;8
7204;-88;16
7205;-88;32
7206;-96;40
7207;-88;40
7208;-96;48
7209;-96;48
7210;-96;48
7211;-96;40
7212;-96;40
7213;-112;32
7214;-96;32
7215;-104;32
7216;-96;32
7217;-104;32
7218;-104;24
7219;-104;32
7220;-104;24
7221;-112;16
7222;-112;8
7223;-104;8
7224;-112;8
7225;-112;24
7226;-112;24
7227;-112;32
7228;-112;40
7229;-112;40
7230;-112;48
7231;-120;40
7232;-120;40
7233;-120;40
7234;-120;32
7235;-120;32
7236;-120;32
7237;-128;8
7238;-128;0
7239;-128;-8
7240;-128;-16
7241;-128;-24
7242;-128;-24
7243;-128;-24
7244;-128;-16
7245;-128;-8
7246;-128;0
7247;-128;8
7248;-136;16
7249;-136;8
7250;-128;8
7251;-136;0
7252;-136;8
7253;-136;8
7254;-128;0
7255;-136;0
7256;-136;0
7257;-136;0
7258;-144;0
7259;-144;0
7260;-144;0
7261;-136;-8
7262;-136;-16
7263;-144;-24
7264;-144;-24
7265;-136;-24
7266;-144;-8
7267;-144;0
7268;-144;8
7269;-144;16
7270;-144;8
7271;-144;8
7272;-136;8
7273;-136;0
7274;-144;0
7275;-144;0
7276;-136;0
7277;-136;0
7278;-144;0
7279;-136;0
7280;-144;0
7281;-136;0
7282;-144;0
7283;-136;-8
7284;-136;-16
7285;-136;-16
7286;-136;-24
7287;-136;-24
7288;-136;-16
7289;-136;-16
7290;-136;-24
7291;-128;-16
7292;-136;-8
7293;-128;-8
7294;-128;-8
7295;-144;-16
7296;-128;-8
7297;-128;-16
7298;-128;-16
7299;-120;-16
7300;-120;-16
7301;-128;-16
7302;-120;-16
7303;-120;-16
7304;-120;-16
7305;-120;-16
7306;-112;-24
7307;-112;-40
7308;-112;-40
7309;-112;-48
7310;-104;-40
7311;-104;-24
7312;-96;-16
7313;-104;-8
7314;-104;-8
7315;-104;0
7316;-96;-8
7317;-96;-8
7318;-104;-8
7319;-96;-16
7320;-88;-16
7321;-96;-16
7322;-80;-16
7323;-88;-16
7324;-88;-16
7325;-88;-16
7326;-88;-16
7327;-88;-24
7328;-80;-32
7329;-80;-40
7330;-80;-40
7331;-72;-40
7332;-80;-32
7333;-72;-24
7334;-72;-16
7335;-72;-8
7336;-64;-8
7337;-64;-8
7338;-56;-8
7339;-64;-8
7340;-64;-8
7341;-56;-8
7342;-48;-24
7343;-48;-32
7344;-56;-40
7345;-48;-48
7346;-40;-56
7347;-40;-56
7348;-40;-48
7349;-40;-40
7350;-40;-32
7351;-40;-24
7352;-40;-24
7353;-24;-24
7354;-32;-24
7355;-32;-24
7356;-24;-24
7357;-24;-24
7358;-24;-32
7359;-16;-32
7360;-16;-32
7361;-16;-32
7362;-8;-32
7363;-16;-24
7364;-8;-32
7365;-8;-32
7366;-8;-40
7367;0;-48
7368;0;-56
7369;0;-56
7370;0;-56
7371;8;-48
7372;8;-40
7373;8;-24
7374;16;-24
7375;16;-16
7376;16;-24
7377;16;-24
7378;24;-24
7379;24;-24
7380;32;-24
7381;32;-24
7382;32;-32
7383;32;-32
7384;32;-32
7385;40;-32
7386;40;-32
7387;40;-24
7388;40;-32
7389;48;-40
7390;48;-48
7391;48;-48
7392;48;-56
7393;48;-48
7394;56;-40
7395;56;-40
7396;56;-32
7397;48;-32
7398;64;-32
7399;64;-32
7400;64;-32
7401;64;-32
7402;72;-32
7403;72;-32
7404;88;-32
7405;72;-24
7406;80;-24
7407;80;-24
7408;80;-24
7409;88;-24
7410;80;-24
7411;88;-24
7412;88;-32
7413;88;-24
7414;88;-32
7415;88;-32
7416;96;-32
7417;104;-32
7418;104;-32
7419;96;-32
7420;104;-32
7421;88;-32
7422;104;-32
7423;104;-32
7424;104;-32
7425;104;-40
7426;112;-48
7427;112;-48
7428;120;-56
7429;112;-56
7430;112;-40
7431;112;-32
7432;120;-24
7433;120;-16
7434;120;-16
7435;120;-16
7436;120;-16
7437;128;-24
7438;120;-24
7439;128;-24
7440;128;-24
7441;128;-32
7442;128;-32
7443;128;-24
7444;128;-32
7445;128;-24
7446;128;-16
7447;128;-16
7448;136;-24
7449;136;-32
7450;136;-32
7451;136;-32
7452;136;-24
7453;136;-8
7454;136;0
7455;136;0
7456;136;0
7457;136;0
7458;136;0
7459;144;-8
7460;144;-8
7461;144;-8
7462;144;-8
7463;144;-8
7464;144;-16
7465;136;-8
7466;152;-8
7467;144;-16
7468;144;-16
7469;152;-16
7470;144;-8
7471;144;-16
7472;152;-24
7473;152;-24
7474;144;-32
7475;152;-32
7476;152;-32
7477;144;-24
7478;152;-16
7479;152;0
7480;152;0
7481;152;0
7482;160;8
7483;152;0
7484;152;0
7485;152;-8
7486;152;-8
7487;152;-8
7488;152;-8
7489;152;-8
7490;152;-8
7491;152;-8
7492;144;-8
7493;152;-8
7494;152;-8
7495;152;-8
7496;152;-16
7497;152;-8
7498;152;16
7499;152;16
7500;152;8
7501;152;0
7502;160;0
7503;152;0
7504;152;0
7505;152;16
7506;152;24
7507;152;32
7508;152;32
7509;160;40
7510;152;32
7511;152;24
7512;152;32
7513;152;32
7514;152;24
7515;152;24
7516;152;32
7517;144;24
7518;152;24
7519;152;24
7520;152;24
7521;152;24
7522;152;16
7523;144;8
7524;144;0
7525;144;-8
7526;144;0
7527;144;8
7528;144;16
7529;144;24
7530;160;32
7531;144;32
7532;144;40
7533;136;32
7534;144;32
7535;144;32
7536;136;24
7537;136;24
7538;136;24
7539;136;24
7540;136;24
7541;136;24
7542;136;24
7543;136;24
7544;136;24
7545;136;24
7546;136;24
7547;112;16
7548;136;16
7549;136;0
7550;136;40
7551;128;40
7552;128;40
7553;128;56
7554;128;64
7555;128;72
7556;120;72
7557;128;72
7558;120;80
7559;120;72
7560;128;72
7561;120;64
7562;120;64
7563;120;64
7564;128;64
7565;112;64
7566;112;64
7567;112;64
7568;112;64
7569;112;64
7570;104;56
7571;112;56
7572;104;48
7573;104;40
7574;104;40
7575;104;40
7576;104;48
7577;104;64
7578;96;64
7579;104;72
7580;104;72
7581;88;72
7582;96;72
7583;96;72
7584;96;72
7585;96;64
7586;96;64
7587;88;64
7588;88;64
7589;88;64
7590;88;64
7591;80;64
7592;88;64
7593;88;64
7594;88;64
7595;88;56
7596;88;40
7597;80;40
7598;88;40
7599;80;40
7600;80;56
7601;72;72
7602;72;72
7603;80;96
7604;72;96
7605;72;96
7606;72;88
7607;72;88
7608;72;88
7609;72;88
7610;64;72
7611;72;64
7612;64;64
7613;64;64
7614;64;64
7615;56;72
7616;56;80
7617;64;88
7618;56;96
7619;56;96
7620;56;96
7621;56;96
7622;56;96
7623;56;88
7624;56;88
7625;48;88
7626;56;88
7627;48;88
7628;48;88
7629;48;88
7630;40;88
7631;48;80
7632;48;80
7633;40;80
7634;40;64
7635;32;64
7636;40;56
7637;40;64
7638;32;80
7639;32;88
7640;40;96
7641;32;96
7642;32;96
7643;32;96
7644;32;96
7645;24;88
7646;24;88
7647;24;88
7648;24;88
7649;16;88
7650;24;88
7651;16;80
7652;16;80
7653;16;80
7654;16;80
7655;16;72
7656;32;64
7657;16;64
7658;8;56
7659;0;48
7660;8;48
7661;0;56
7662;0;64
7663;0;72
7664;0;80
7665;0;88
7666;0;88
7667;0;80
7668;0;80
7669;0;80
7670;-8;80
7671;-8;80
7672;-8;72
7673;-32;72
7674;-8;72
7675;-16;72
7676;-8;72
7677;-16;72
7678;-24;64
7679;-24;64
7680;-16;56
7681;-24;48
7682;-24;48
7683;-16;48
7684;-24;64
7685;-32;72
7686;-24;88
7687;-32;88
7688;-32;80
7689;-32;80
7690;-16;80
7691;-40;80
7692;-40;80
7693;-32;72
7694;-40;72
7695;-40;72
7696;-48;72
7697;-48;72
7698;-48;72
7699;-48;64
7700;-48;56
7701;-48;56
7702;-56;48
7703;-56;48
7704;-56;56
7705;-56;64
7706;-56;32
7707;-72;40
7708;-64;48
7709;-64;48
7710;-64;48
7711;-64;40
7712;-64;40
7713;-72;40
7714;-72;40
7715;-72;32
7716;-72;40
7717;-80;32
7718;-80;32
7719;-80;32
7720;-72;32
7721;-80;24
7722;-80;16
7723;-80;8
7724;-80;8
7725;-88;16
7726;-88;32
7727;-88;40
7728;-88;48
7729;-88;40
7730;-96;40
7731;-96;48
7732;-96;40
7733;-96;40
7734;-96;40
7735;-96;40
7736;-104;40
7737;-104;32
7738;-104;32
7739;-104;32
7740;-104;24
7741;-104;24
7742;-104;8
7743;-104;8
7744;-104;8
7745;-112;16
7746;-112;24
7747;-112;40
7748;-112;40
7749;-112;48
7750;-120;40
7751;-112;40
7752;-120;40
7753;-120;40
7754;-120;32
7755;-120;40
7756;-120;32
7757;-120;40
7758;-120;0
7759;-120;-8
7760;-128;-8
7761;-136;-16
7762;-128;-24
7763;-120;-24
7764;-128;-24
7765;-136;-16
7766;-128;-8
7767;-128;0
7768;-136;8
7769;-136;8
7770;-128;16
7771;-136;16
7772;-136;8
7773;-136;8
7774;-136;0
7775;-136;8
7776;-136;0
7777;-136;0
7778;-136;0
7779;-136;0
7780;-136;0
7781;-136;0
7782;-128;0
7783;-136;-8
7784;-144;-16
7785;-152;-16
7786;-136;-24
7787;-144;-24
7788;-144;-16
7789;-144;-8
7790;-136;0
7791;-136;8
7792;-144;16
7793;-136;16
7794;-136;16
7795;-144;8
7796;-136;0
7797;-136;8
7798;-136;8
7799;-168;0
7800;-144;0
7801;-136;8
7802;-136;0
7803;-144;0
7804;-136;0
7805;-136;0
7806;-136;0
7807;-136;-8
7808;-136;-16
7809;-128;-16
7810;-136;-40
7811;-136;-40
7812;-136;-32
7813;-128;-24
7814;-136;-8
7815;-128;-8
7816;-112;0
7817;-128;-8
7818;-128;-8
7819;-128;-8
7820;-120;-8
7821;-120;-8
7822;-120;-16
7823;-120;-16
7824;-120;-16
7825;-120;-16
7826;-120;-16
7827;-120;-16
7828;-112;-24
7829;-112;-24
7830;-112;-32
7831;-112;-32
7832;-112;-40
7833;-120;-40
7834;-104;-32
7835;-104;-24
7836;-104;-16
7837;-104;0
7838;-104;0
7839;-104;-8
7840;-104;-8
7841;-96;-16
7842;-96;-16
7843;-96;-16
7844;-96;-16
7845;-88;-16
7846;-80;-16
7847;-88;-16
7848;-88;-16
7849;-88;-16
7850;-80;-24
7851;-80;-32
7852;-72;-32
7853;-80;-40
7854;-72;-40
7855;-72;-32
7856;-72;-16
7857;-72;-8
7858;-64;-8
7859;-64;-8
7860;-64;-8
7861;-64;-8
7862;-56;-8
7863;-56;-24
7864;-56;-24
7865;-48;-32
7866;-48;-40
7867;-48;-48
7868;-48;-56
7869;-48;-56
7870;-40;-48
7871;-40;-32
7872;-40;-24
7873;-40;-16
7874;-32;-16
7875;-32;-24
7876;-24;-24
7877;-24;-24
7878;-24;-24
7879;-24;-24
7880;-24;-32
7881;-16;-32
7882;-24;-32
7883;-16;-32
7884;-16;-40
7885;-8;-48
7886;-8;-48
7887;-8;-48
7888;-8;-56
7889;0;-48
7890;0;-40
7891;-8;-24
7892;0;-24
7893;8;-24
7894;16;-16
7895;8;-24
7896;16;-24
7897;16;-24
7898;16;-24
7899;24;-24
7900;24;-24
7901;16;-32
7902;32;-24
7903;32;-32
7904;32;-32
7905;32;-24
7906;32;-32
7907;40;-40
7908;56;-48
7909;40;-48
7910;48;-56
7911;40;-56
7912;48;-40
7913;48;-32
7914;56;-24
7915;56;-24
7916;56;-16
7917;56;-24
7918;56;-24
7919;64;-24
7920;64;-32
7921;64;-32
7922;72;-24
7923;72;-32
7924;72;-32
7925;48;-32
7926;72;-24
7927;80;-32
7928;80;-32
7929;80;-40
7930;80;-40
7931;80;-48
7932;88;-56
7933;88;-64
7934;88;-56
7935;96;-40
7936;88;-32
7937;88;-16
7938;96;-24
7939;96;-24
7940;96;-24
7941;104;-24
7942;120;-32
7943;96;-32
7944;104;-24
7945;96;-32
7946;112;-32
7947;104;-32
7948;112;-32
7949;104;-32
7950;112;-32
7951;120;-40
7952;120;-40
7953;112;-48
7954;112;-56
7955;112;-56
7956;120;-48
7957;120;-40
7958;120;-40
7959;112;-32
7960;128;-24
7961;128;-24
7962;120;-24
7963;128;-24
7964;128;-24
7965;128;-24
7966;128;-24
7967;128;-8
7968;128;-16
7969;128;-16
7970;136;-24
7971;136;-32
7972;136;-40
7973;136;-32
7974;136;-16
7975;136;-8
7976;144;0
7977;136;0
7978;136;0
7979;136;0
7980;144;0
7981;136;-8
7982;144;-8
7983;144;-8
7984;144;-8
7985;144;-8
7986;144;-8
7987;144;-8
7988;144;-16
7989;144;-24
7990;144;-32
7991;144;-32
7992;152;-32
7993;144;-32
7994;152;-16
7995;152;-8
7996;152;-8
7997;144;8
7998;144;0
7999;152;0
8000;152;0
8001;152;0
8002;152;-8
8003;152;0
8004;152;-8
8005;144;-8
8006;152;-16
8007;152;-8
8008;152;-8
8009;152;-16
8010;152;-8
8011;152;-16
8012;152;-24
8013;152;-24
8014;152;-32
8015;152;-32
8016;152;-32
8017;144;-24
8018;152;-16
8019;152;32
8020;152;32
8021;152;32
8022;152;32
8023;152;32
8024;152;32
8025;152;24
8026;152;24
8027;152;24
8028;152;24
8029;152;24
8030;152;24
8031;152;24
8032;152;24
8033;152;24
8034;160;16
8035;152;16
8036;152;8
8037;144;0
8038;152;0
8039;152;0
8040;152;0
8041;152;16
8042;152;32
8043;144;32
8044;136;40
8045;152;32
8046;144;32
8047;144;32
8048;144;32
8049;144;24
8050;144;24
8051;144;24
8052;144;24
8053;144;24
8054;152;24
8055;144;24
8056;144;16
8057;136;16
8058;136;8
8059;144;8
8060;136;-8
8061;152;0
8062;136;8
8063;136;24
8064;136;32
8065;136;40
8066;136;32
8067;136;32
8068;144;32
8069;136;32
8070;128;24
8071;128;72
8072;136;64
8073;128;64
8074;128;48
8075;128;48
8076;120;40
8077;128;40
8078;120;48
8079;128;56
8080;120;64
8081;128;72
8082;120;72
8083;128;80
8084;120;72
8085;104;72
8086;112;72
8087;120;64
8088;120;64
8089;112;64
8090;112;64
8091;112;64
8092;112;64
8093;112;64
8094;104;64
8095;112;64
8096;104;64
8097;104;64
8098;104;48
8099;104;48
8100;104;40
8101;104;40
8102;96;40
8103;96;56
8104;96;64
8105;96;72
8106;96;72
8107;88;72
8108;88;72
8109;96;72
8110;88;64
8111;88;72
8112;88;64
8113;88;64
8114;88;64
8115;88;64
8116;80;64
8117;80;64
8118;80;48
8119;80;48
8120;80;40
8121;80;40
8122;80;40
8123;80;72
8124;72;80
8125;72;80
8126;72;88
8127;72;88
8128;72;88
8129;64;88
8130;72;88
8131;64;88
8132;72;80
8133;64;80
8134;64;88
8135;64;88
8136;64;96
8137;56;96
8138;64;96
8139;56;96
8140;56;96
8141;56;88
8142;56;88
8143;48;88
8144;48;88
8145;48;88
8146;56;88
8147;48;88
8148;48;88
8149;48;88
8150;48;88
8151;48;88
8152;40;88
8153;40;80
8154;40;88
8155;40;80
8156;40;72
8157;40;72
8158;40;56
8159;40;64
8160;24;64
8161;32;80
8162;32;88
8163;24;96
8164;32;96
8165;32;96
8166;32;88
8167;24;96
8168;24;88
8169;24;88
8170;16;88
8171;16;88
8172;16;80
8173;24;88
8174;16;88
8175;16;72
8176;16;64
8177;32;64
8178;8;48
8179;8;48
8180;8;48
8181;8;48
8182;8;64
8183;0;72
8184;0;80
8185;0;88
8186;0;88
8187;8;80
8188;0;80
8189;0;80
8190;0;72
8191;-8;80
8192;-8;72
8193;-8;72
8194;-24;72
8195;-8;72
8196;-16;72
8197;-16;72
8198;-16;64
8199;-16;56
8200;-24;56
8201;-24;48
8202;-24;48
8203;-24;56
8204;-16;64
8205;-24;72
8206;-32;80
8207;-24;88
8208;-32;88
8209;-32;80
8210;-32;80
8211;-32;80
8212;-40;80
8213;-40;72
8214;-40;72
8215;-40;72
8216;-40;72
8217;-40;72
8218;-40;72
8219;-40;72
8220;-40;72
8221;-40;72
8222;-48;64
8223;-48;56
8224;-48;48
8225;-48;48
8226;-56;48
8227;-56;16
8228;-64;24
8229;-56;32
8230;-64;40
8231;-56;48
8232;-64;48
8233;-64;48
8234;-64;40
8235;-72;48
8236;-64;40
8237;-72;40
8238;-72;40
8239;-72;32
8240;-72;40
8241;-80;40
8242;-80;40
8243;-80;40
8244;-80;40
8245;-72;24
8246;-80;24
8247;-88;24
8248;-88;16
8249;-88;16
8250;-88;8
8251;-88;16
8252;-96;32
8253;-88;32
8254;-88;40
8255;-96;48
8256;-96;48
8257;-96;48
8258;-104;40
8259;-104;40
8260;-104;40
8261;-96;40
8262;-104;40
8263;-104;40
8264;-104;32
8265;-104;32
8266;-112;32
8267;-112;32
8268;-112;40
8269;-96;40
8270;-112;32
8271;-112;24
8272;-120;16
8273;-112;8
8274;-120;8
8275;-120;16
8276;-120;16
8277;-120;32
8278;-120;48
8279;-128;16
8280;-128;16
8281;-128;8
8282;-128;8
8283;-128;8
8284;-128;8
8285;-128;8
8286;-152;0
8287;-128;0
8288;-128;0
8289;-128;0
8290;-136;0
8291;-128;0
8292;-128;-8
8293;-136;-16
8294;-128;-24
8295;-136;-24
8296;-128;-24
8297;-136;-24
8298;-136;-8
8299;-136;0
8300;-136;8
8301;-136;16
8302;-144;16
8303;-120;8
8304;-144;8
8305;-136;8
8306;-144;8
8307;-144;8
8308;-144;8
8309;-144;0
8310;-136;0
8311;-136;0
8312;-144;0
8313;-152;0
8314;-136;-8
8315;-136;-16
8316;-136;-24
8317;-144;-24
8318;-136;-24
8319;-136;-16
8320;-152;-8
8321;-136;0
8322;-136;8
8323;-136;16
8324;-136;16
8325;-136;16
8326;-144;16
8327;-136;8
8328;-136;8
8329;-136;8
8330;-136;8
8331;-136;-16
8332;-136;-16
8333;-136;-24
8334;-136;-32
8335;-128;-40
8336;-136;-40
8337;-128;-40
8338;-136;-32
8339;-128;-24
8340;-128;-8
8341;-128;-16
8342;-128;-8
8343;-128;-8
8344;-128;-8
8345;-120;-8
8346;-120;-16
8347;-120;-16
8348;-120;-16
8349;-120;-16
8350;-120;-16
8351;-120;-16
8352;-112;-16
8353;-112;-16
8354;-112;-16
8355;-112;-16
8356;-112;-16
8357;-112;-24
8358;-104;-32
8359;-104;-40
8360;-104;-40
8361;-104;-40
8362;-104;-32
8363;-96;-24
8364;-96;-8
8365;-88;-8
8366;-96;-8
8367;-96;-8
8368;-88;-8
8369;-88;-8
8370;-88;-16
8371;-88;-16
8372;-80;-16
8373;-80;-16
8374;-80;-16
8375;-72;-16
8376;-72;-24
8377;-72;-16
8378;-72;-24
8379;-64;-24
8380;-72;-32
8381;-64;-40
8382;-64;-40
8383;-64;-40
8384;-56;-48
8385;-56;-40
8386;-56;-32
8387;-56;-24
8388;-48;-24
8389;-48;-24
8390;-48;-24
8391;-40;-24
8392;-40;-24
8393;-40;-24
8394;-40;-32
8395;-32;-32
8396;-32;-32
8397;-32;-24
8398;-40;-24
8399;-32;-32
8400;-24;-32
8401;-24;-40
8402;-24;-48
8403;-16;-48
8404;-16;-48
8405;-24;-56
8406;-8;-48
8407;-8;-32
8408;-8;-24
8409;-8;-24
8410;0;-16
8411;-8;-24
8412;-8;-24
8413;0;-24
8414;8;-32
8415;16;-32
8416;8;-32
8417;16;-32
8418;8;-32
8419;16;-32
8420;16;-32
8421;16;-32
8422;40;-32
8423;24;-40
8424;32;-48
8425;32;-48
8426;32;-56
8427;32;-56
8428;32;-48
8429;48;-40
8430;40;-24
8431;40;-24
8432;32;-24
8433;48;-16
8434;48;-16
8435;48;-16
8436;56;-32
8437;56;-32
8438;56;-32
8439;48;-32
8440;64;-48
8441;56;-56
8442;64;-56
8443;64;-56
8444;64;-48
8445;64;-40
8446;72;-32
8447;72;-24
8448;72;-24
8449;80;-24
8450;80;-24
8451;80;-24
8452;80;-24
8453;80;-32
8454;88;-32
8455;88;-32
8456;88;-32
8457;88;-32
8458;88;-32
8459;96;-32
8460;96;-32
8461;96;-40
8462;96;-40
8463;96;-40
8464;96;-48
8465;96;-56
8466;104;-56
8467;104;-48
8468;104;-40
8469;104;-32
8470;104;-24
8471;112;-24
8472;112;-24
8473;120;-24
8474;112;-24
8475;112;-24
8476;120;-32
8477;120;-24
8478;120;-32
8479;120;-32
8480;128;-32
8481;120;-32
8482;120;-40
8483;128;-40
8484;120;-48
8485;128;-56
8486;128;-56
8487;128;-56
8488;128;-32
8489;128;-24
8490;128;-16
8491;128;-8
8492;136;0
8493;136;-8
8494;136;0
8495;136;-8
8496;128;-8
8497;136;-8
8498;136;-16
8499;136;-16
8500;144;-16
8501;136;-16
8502;136;-16
8503;144;-16
8504;152;-16
8505;144;-16
8506;144;-32
8507;144;-32
8508;144;-40
8509;144;-32
8510;144;-32
8511;144;-24
8512;144;-16
8513;152;-8
8514;144;0
8515;144;0
8516;152;0
8517;152;-8
8518;144;-8
8519;152;-8
8520;152;-8
8521;136;-8
8522;152;-8
8523;152;-16
8524;144;-8
8525;152;-16
8526;152;-16
8527;152;-16
8528;152;-24
8529;152;-32
8530;152;-32
8531;144;-40
8532;152;-40
8533;152;-24
8534;152;-8
8535;152;0
8536;152;0
8537;152;0
8538;160;0
8539;160;0
8540;152;32
8541;152;24
8542;152;24
8543;152;24
8544;152;24
8545;152;16
8546;144;8
8547;152;0
8548;152;0
8549;152;-8
8550;152;0
8551;152;16
8552;152;32
8553;152;32
8554;152;32
8555;144;24
8556;152;32
8557;152;32
8558;152;24
8559;152;32
8560;152;24
8561;144;24
8562;152;24
8563;152;24
8564;144;24
8565;144;24
8566;144;16
8567;144;8
8568;152;-8
8569;144;0
8570;144;-8
8571;144;8
8572;152;16
8573;144;24
8574;144;32
8575;144;32
8576;144;32
8577;144;40
8578;136;32
8579;144;24
8580;144;24
8581;144;24
8582;136;24
8583;136;24
8584;136;24
8585;136;24
8586;136;24
8587;136;24
8588;136;16
8589;136;16
8590;136;8
8591;136;0
8592;136;40
8593;136;40
8594;128;40
8595;128;56
8596;136;64
8597;128;72
8598;128;72
8599;128;80
8600;120;80
8601;128;72
8602;128;80
8603;128;72
8604;120;72
8605;120;64
8606;128;64
8607;120;64
8608;120;64
8609;112;64
8610;112;64
8611;120;64
8612;112;56
8613;104;48
8614;112;48
8615;112;40
8616;112;40
8617;112;40
8618;112;56
8619;104;64
8620;104;80
8621;104;72
8622;104;80
8623;104;72
8624;104;72
8625;104;72
8626;96;72
8627;96;64
8628;96;64
8629;96;64
8630;104;64
8631;88;64
8632;88;64
8633;88;64
8634;88;56
8635;96;48
8636;88;40
8637;80;40
8638;80;40
8639;80;48
8640;80;56
8641;80;64
8642;80;72
8643;80;72
8644;72;96
8645;80;96
8646;72;96
8647;48;96
8648;72;88
8649;64;88
8650;72;80
8651;72;72
8652;72;64
8653;64;64
8654;64;64
8655;64;72
8656;64;88
8657;72;96
8658;64;96
8659;56;96
8660;64;96
8661;56;96
8662;56;96
8663;56;88
8664;64;88
8665;56;88
8666;48;88
8667;40;88
8668;48;88
8669;48;88
8670;48;80
8671;48;80
8672;48;72
8673;48;64
8674;32;56
8675;40;64
8676;40;72
8677;40;88
8678;40;88
8679;32;96
8680;40;96
8681;32;96
8682;32;96
8683;32;96
8684;40;96
8685;32;88
8686;32;88
8687;32;88
8688;24;88
8689;24;88
8690;24;88
8691;32;88
8692;16;80
8693;24;72
8694;16;64
8695;16;64
8696;16;48
8697;16;48
8698;16;64
8699;16;72
8700;8;80
8701;8;88
8702;8;88
8703;8;88
8704;0;80
8705;8;80
8706;0;80
8707;0;80
8708;0;72
8709;0;80
8710;0;72
8711;-8;80
8712;0;72
8713;-8;72
8714;-8;72
8715;0;64
8716;-8;56
8717;-8;48
8718;-16;48
8719;-16;48
8720;-16;64
8721;-16;64
8722;-16;80
8723;-16;80
8724;-16;88
8725;-24;88
8726;-24;80
8727;-24;80
8728;-24;72
8729;-24;80
8730;-32;80
8731;-32;72
8732;-32;72
8733;-32;72
8734;-32;72
8735;-32;80
8736;-40;72
8737;-40;72
8738;-32;72
8739;-40;64
8740;-40;56
8741;-40;48
8742;-40;40
8743;-40;48
8744;-48;64
8745;-56;72
8746;-56;88
8747;-56;88
8748;-56;48
8749;-56;40
8750;-56;40
8751;-56;40
8752;-56;40
8753;-64;40
8754;-64;32
8755;-64;24
8756;-72;16
8757;-64;16
8758;-72;8
8759;-80;8
8760;-72;16
8761;-72;32
8762;-72;40
8763;-80;40
8764;-80;48
8765;-80;48
8766;-88;48
8767;-80;48
8768;-80;48
8769;-80;40
8770;-88;40
8771;-88;40
8772;-96;40
8773;-88;40
8774;-88;32
8775;-96;40
8776;-88;32
8777;-96;24
8778;-104;24
8779;-96;16
8780;-96;8
8781;-104;16
8782;-96;16
8783;-96;24
8784;-104;32
8785;-104;48
8786;-104;48
8787;-104;48
8788;-104;40
8789;-104;40
8790;-112;40
8791;-112;40
8792;-112;32
8793;-120;32
8794;-112;40
8795;-112;40
8796;-120;32
8797;-112;32
8798;-120;32
8799;-120;32
8800;-128;0
8801;-120;0
8802;-120;-8
8803;-120;-16
8804;-120;-24
8805;-128;-24
8806;-128;-16
8807;-128;-16
8808;-128;0
8809;-128;8
8810;-128;16
8811;-128;16
8812;-128;16
8813;-136;16
8814;-128;8
8815;-136;8
8816;-136;8
8817;-128;8
8818;-136;0
8819;-136;0
8820;-136;0
8821;-136;0
8822;-136;0
8823;-136;0
8824;-144;-8
8825;-136;-8
8826;-136;-16
8827;-136;-24
8828;-136;-24
8829;-144;-24
8830;-144;-8
8831;-144;0
8832;-144;8
8833;-136;16
8834;-144;8
8835;-144;16
8836;-144;8
8837;-144;8
8838;-136;8
8839;-144;8
8840;-144;0
8841;-136;8
8842;-144;0
8843;-136;0
8844;-144;0
8845;-144;8
8846;-144;0
8847;-144;0
8848;-136;0
8849;-144;0
8850;-144;0
8851;-144;0
8852;-136;-16
8853;-136;-24
8854;-136;-32
8855;-136;-40
8856;-136;-40
8857;-128;-48
8858;-136;-40
8859;-136;-32
8860;-128;-16
8861;-128;-16
8862;-128;-8
8863;-128;-8
8864;-128;-8
8865;-120;-8
8866;-120;-8
8867;-120;-8
8868;-128;-16
8869;-120;-16
8870;-120;-16
8871;-120;-16
8872;-120;-16
8873;-120;-16
8874;-112;-24
8875;-120;-24
8876;-112;-32
8877;-112;-40
8878;-104;-48
8879;-104;-40
8880;-104;-32
8881;-104;-16
8882;-112;-8
8883;-104;-8
8884;-104;-8
8885;-88;-8
8886;-96;-8
8887;-96;-16
8888;-96;-16
8889;-88;-16
8890;-88;-16
8891;-88;-16
8892;-80;-16
8893;-88;-16
8894;-80;-24
8895;-80;-24
8896;-80;-24
8897;-80;-32
8898;-72;-40
8899;-56;-40
8900;-64;-40
8901;-64;-40
8902;-72;-32
8903;-64;-24
8904;-56;-24
8905;-64;-24
8906;-56;-24
8907;-56;-24
8908;-56;-24
8909;-64;-24
8910;-48;-24
8911;-48;-32
8912;-48;-32
8913;-40;-40
8914;-40;-32
8915;-40;-32
8916;-48;-40
8917;-32;-32
8918;-32;-32
8919;-32;-40
8920;-32;-40
8921;-24;-48
8922;-24;-56
8923;-24;-56
8924;-16;-56
8925;-16;-40
8926;-16;-32
8927;-16;-24
8928;-8;-24
8929;-8;-24
8930;-8;-24
8931;0;-24
8932;-8;-24
8933;-8;-32
8934;0;-32
8935;8;-32
8936;8;-32
8937;8;-32
8938;8;-32
8939;8;-32
8940;16;-32
8941;16;-32
8942;16;-40
8943;24;-48
8944;24;-48
8945;24;-56
8946;24;-56
8947;32;-48
8948;32;-40
8949;32;-32
8950;32;-24
8951;40;-24
8952;32;-24
8953;48;-24
8954;40;-24
8955;48;-24
8956;48;-32
8957;48;-32
8958;48;-40
8959;56;-40
8960;56;-56
8961;56;-56
8962;56;-56
8963;64;-56
8964;64;-48
8965;72;-40
8966;72;-32
8967;64;-24
8968;72;-24
8969;72;-24
8970;72;-24
8971;72;-24
8972;80;-32
8973;80;-32
8974;72;-32
8975;80;-32
8976;80;-40
8977;88;-32
8978;88;-32
8979;88;-32
8980;88;-40
8981;88;-32
8982;88;-40
8983;96;-48
8984;96;-48
8985;96;-56
8986;96;-56
8987;104;-48
8988;96;-48
8989;104;-32
8990;112;-32
8991;96;-24
8992;104;-24
8993;112;-24
8994;104;-24
8995;112;-32
8996;112;-24
8997;112;-32
8998;112;-24
8999;120;-32
9000;120;-32
9001;112;-32
9002;120;-32
9003;120;-24
9004;128;-32
9005;120;-32
9006;120;-32
9007;128;-40
9008;128;-16
9009;128;-24
9010;128;-24
9011;136;-32
9012;128;-32
9013;136;-40
9014;136;-24
9015;136;-24
9016;136;-8
9017;136;-8
9018;144;0
9019;136;0
9020;136;-8
9021;144;0
9022;136;-8
9023;136;-8
9024;136;-16
9025;136;-16
9026;144;-8
9027;144;-8
9028;136;-16
9029;144;-16
9030;144;-16
9031;144;-16
9032;144;-16
9033;144;-16
9034;144;-24
9035;136;-16
9036;152;-32
9037;144;-40
9038;152;-40
9039;144;-32
9040;144;-24
9041;152;-16
9042;152;-8
9043;152;0
9044;152;0
9045;152;0
9046;152;0
9047;152;-8
9048;152;-8
9049;152;-8
9050;152;-8
9051;152;-8
9052;152;-8
9053;152;-16
9054;152;-16
9055;152;-16
9056;152;-16
9057;152;-16
9058;152;-8
9059;152;-8
9060;152;16
9061;152;16
9062;152;16
9063;152;8
9064;152;0
9065;152;-8
9066;152;0
9067;152;0
9068;152;16
9069;152;24
9070;152;32
9071;152;32
9072;152;32
9073;152;32
9074;152;32
9075;152;24
9076;152;24
9077;152;24
9078;152;24
9079;152;16
9080;152;24
9081;152;24
9082;152;24
9083;144;16
9084;152;16
9085;144;8
9086;144;0
9087;152;-8
9088;152;0
9089;152;0
9090;152;8
9091;152;24
9092;144;24
9093;152;32
9094;144;32
9095;144;32
9096;144;24
9097;144;24
9098;144;24
9099;144;24
9100;144;24
9101;144;24
9102;144;16
9103;136;24
9104;136;24
9105;136;24
9106;136;16
9107;136;16
9108;144;8
9109;136;0
9110;136;-8
9111;136;0
9112;136;8
9113;136;64
9114;136;64
9115;128;72
9116;136;72
9117;112;72
9118;128;72
9119;128;72
9120;136;64
9121;128;64
9122;128;64
9123;120;64
9124;120;64
9125;120;64
9126;120;64
9127;128;64
9128;120;64
9129;120;64
9130;120;48
9131;112;48
9132;112;40
9133;112;40
9134;128;40
9135;112;40
9136;112;56
9137;104;64
9138;104;80
9139;104;72
9140;104;72
9141;104;72
9142;104;64
9143;104;64
9144;88;64
9145;104;64
9146;96;64
9147;96;64
9148;96;64
9149;96;64
9150;96;64
9151;88;56
9152;96;48
9153;88;40
9154;96;40
9155;88;32
9156;88;40
9157;80;56
9158;80;64
9159;80;72
9160;80;72
9161;80;72
9162;80;72
9163;72;72
9164;80;72
9165;72;88
9166;72;96
9167;80;88
9168;72;88
9169;72;88
9170;72;80
9171;72;72
9172;72;64
9173;64;56
9174;64;64
9175;72;64
9176;64;72
9177;64;88
9178;64;96
9179;64;96
9180;56;104
9181;56;96
9182;56;96
9183;56;96
9184;56;88
9185;64;88
9186;48;88
9187;56;88
9188;56;88
9189;48;88
9190;40;88
9191;48;88
9192;48;88
9193;48;80
9194;48;72
9195;40;64
9196;40;64
9197;40;64
9198;40;56
9199;40;72
9200;40;88
9201;40;96
9202;32;96
9203;40;96
9204;40;96
9205;32;96
9206;32;96
9207;32;88
9208;32;88
9209;48;88
9210;32;88
9211;24;88
9212;24;88
9213;24;80
9214;24;80
9215;24;64
9216;24;64
9217;16;48
9218;16;48
9219;16;56
9220;16;64
9221;16;72
9222;16;80
9223;16;88
9224;8;88
9225;8;80
9226;-16;80
9227;8;80
9228;8;72
9229;0;80
9230;0;72
9231;0;72
9232;-8;72
9233;0;72
9234;0;72
9235;0;72
9236;-8;72
9237;-8;64
9238;-8;56
9239;-8;48
9240;-16;56
9241;-16;56
9242;-16;64
9243;0;80
9244;-16;88
9245;-16;88
9246;-24;88
9247;-24;80
9248;-24;80
9249;-24;80
9250;-32;80
9251;-24;80
9252;-32;72
9253;-32;72
9254;-32;72
9255;-32;72
9256;-32;64
9257;-40;56
9258;-32;48
9259;-40;48
9260;-48;56
9261;-40;64
9262;-40;64
9263;-48;80
9264;-40;80
9265;-48;88
9266;-48;80
9267;-48;88
9268;-56;80
9269;-56;48
9270;-64;40
9271;-56;40
9272;-56;40
9273;-56;32
9274;-64;32
9275;-64;24
9276;-64;16
9277;-64;8
9278;-64;16
9279;-72;16
9280;-72;32
9281;-72;40
9282;-72;48
9283;-72;48
9284;-72;48
9285;-80;48
9286;-80;48
9287;-80;40
9288;-80;40
9289;-80;40
9290;-80;40
9291;-80;32
9292;-88;40
9293;-88;40
9294;-88;40
9295;-88;40
9296;-88;32
9297;-88;32
9298;-96;24
9299;-96;16
9300;-96;16
9301;-96;8
9302;-96;16
9303;-104;24
9304;-96;32
9305;-104;48
9306;-104;48
9307;-104;48
9308;-104;40
9309;-112;40
9310;-104;40
9311;-104;40
9312;-112;40
9313;-112;32
9314;-112;32
9315;-112;32
9316;-112;32
9317;-112;32
9318;-120;32
9319;-112;40
9320;-112;40
9321;-120;-8
9322;-120;-16
9323;-120;-16
9324;-120;-24
9325;-120;-16
9326;-128;-16
9327;-128;-16
9328;-128;-8
9329;-128;0
9330;-128;16
9331;-128;16
9332;-128;16
9333;-128;16
9334;-128;8
9335;-120;8
9336;-136;8
9337;-128;0
9338;-144;8
9339;-136;0
9340;-136;0
9341;-136;0
9342;-136;0
9343;-144;8
9344;-144;8
9345;-144;0
9346;-144;-8
9347;-144;-16
9348;-136;-16
9349;-144;-16
9350;-144;-16
9351;-144;-8
9352;-152;8
9353;-144;16
9354;-144;16
9355;-136;16
9356;-144;16
9357;-136;8
9358;-144;8
9359;-144;0
9360;-144;0
9361;-144;0
9362;-136;0
9363;-144;0
9364;-144;8
9365;-144;0
9366;-144;0
9367;-144;0
9368;-144;-8
9369;-128;-16
9370;-144;-24
9371;-144;-24
9372;-144;-16
9373;-136;-32
9374;-144;-24
9375;-136;-16
9376;-136;-16
9377;-136;-16
9378;-136;-24
9379;-144;-24
9380;-136;-24
9381;-128;-24
9382;-128;-16
9383;-128;-16
9384;-128;-16
9385;-128;-8
9386;-136;-16
9387;-128;-16
9388;-128;-16
9389;-120;-16
9390;-128;-16
9391;-128;-16
9392;-120;-16
9393;-120;-16
9394;-120;-16
9395;-120;-16
9396;-104;-16
9397;-112;-16
9398;-112;-24
9399;-104;-24
9400;-112;-16
9401;-104;-24
9402;-104;-24
9403;-104;-24
9404;-104;-32
9405;-96;-40
9406;-96;-40
9407;-96;-40
9408;-96;-32
9409;-96;-16
9410;-96;-16
9411;-88;-8
9412;-88;-8
9413;-88;-8
9414;-88;-8
9415;-80;-8
9416;-80;-16
9417;-80;-16
9418;-72;-16
9419;-72;-16
9420;-72;-16
9421;-72;-16
9422;-64;-16
9423;-64;-16
9424;-64;-16
9425;-64;-40
9426;-64;-40
9427;-56;-48
9428;-56;-48
9429;-56;-56
9430;-56;-56
9431;-56;-48
9432;-48;-40
9433;-48;-32
9434;-48;-24
9435;-40;-16
9436;-40;-24
9437;-40;-24
9438;-40;-24
9439;-32;-24
9440;-32;-32
9441;-32;-24
9442;-32;-32
9443;-32;-32
9444;-40;-32
9445;-24;-32
9446;-24;-32
9447;-16;-32
9448;-16;-32
9449;-16;-32
9450;-8;-32
9451;-8;-40
9452;-8;-48
9453;-8;-56
9454;-8;-56
9455;0;-56
9456;0;-48
9457;0;-40
9458;0;-32
9459;8;-24
9460;8;-24
9461;0;-24
9462;8;-24
9463;16;-24
9464;8;-24
9465;16;-32
9466;24;-32
9467;24;-32
9468;24;-32
9469;32;-32
9470;32;-32
9471;24;-32
9472;32;-32
9473;40;-40
9474;32;-40
9475;40;-48
9476;40;-48
9477;48;-56
9478;48;-64
9479;48;-56
9480;48;-40
9481;64;-40
9482;56;-24
9483;56;-24
9484;56;-24
9485;64;-24
9486;64;-32
9487;64;-24
9488;80;-32
9489;72;-32
9490;72;-32
9491;64;-40
9492;72;-40
9493;80;-40
9494;80;-40
9495;80;-40
9496;80;-40
9497;88;-40
9498;72;-48
9499;88;-56
9500;88;-56
9501;88;-56
9502;88;-48
9503;96;-40
9504;96;-24
9505;80;-24
9506;88;-24
9507;96;-24
9508;96;-32
9509;104;-32
9510;104;-32
9511;104;-32
9512;112;-32
9513;104;-32
9514;104;-32
9515;112;-40
9516;104;-32
9517;112;-32
9518;112;-40
9519;120;-48
9520;120;-56
9521;120;-56
9522;120;-56
9523;120;-48
9524;120;-40
9525;120;-32
9526;120;-24
9527;128;-24
9528;128;-24
9529;120;0
9530;120;-8
9531;120;-8
9532;128;-8
9533;128;-16
9534;136;-16
9535;128;-24
9536;128;-32
9537;128;-40
9538;136;-40
9539;136;-40
9540;136;-32
9541;136;-16
9542;136;-8
9543;136;0
9544;136;-8
9545;136;-8
9546;144;-8
9547;144;-8
9548;136;-16
9549;136;-16
9550;144;-16
9551;144;-16
9552;144;-16
9553;144;-16
9554;144;-16
9555;144;-16
9556;152;-16
9557;144;-24
9558;152;-40
9559;144;-40
9560;152;-40
9561;152;-32
9562;152;-32
9563;152;-16
9564;144;-8
9565;144;-8
9566;152;-8
9567;152;0
9568;152;-8
9569;152;-8
9570;160;-8
9571;152;-8
9572;152;-8
9573;152;-16
9574;152;-16
9575;144;-16
9576;152;-16
9577;152;-16
9578;152;-16
9579;152;-16
9580;152;-16
9581;152;24
9582;152;8
9583;152;8
9584;152;0
9585;152;-8
9586;160;-8
9587;128;0
9588;152;16
9589;152;24
9590;160;32
9591;152;32
9592;152;32
9593;152;32
9594;160;24
9595;160;32
9596;160;24
9597;160;24
9598;160;24
9599;152;16
9600;160;24
9601;152;16
9602;152;16
9603;152;8
9604;168;0
9605;160;-8
9606;152;-8
9607;144;0
9608;152;8
9609;152;16
9610;144;24
9611;152;32
9612;152;32
9613;152;24
9614;136;24
9615;144;24
9616;144;24
9617;144;24
9618;144;24
9619;144;24
9620;144;24
9621;136;24
9622;144;24
9623;136;16
9624;144;16
9625;144;8
9626;136;0
9627;144;0
9628;144;-8
9629;144;-8
9630;136;8
9631;136;24
9632;136;32
9633;136;72
9634;136;80
9635;136;72
9636;136;64
9637;128;72
9638;136;64
9639;128;64
9640;128;64
9641;128;64
9642;128;64
9643;128;56
9644;128;56
9645;128;48
9646;120;40
9647;120;40
9648;120;40
9649;120;48
9650;120;48
9651;112;72
9652;120;72
9653;112;72
9654;120;80
9655;120;72
9656;112;72
9657;112;64
9658;112;64
9659;104;64
9660;104;64
9661;104;64
9662;104;64
9663;104;64
9664;104;64
9665;96;64
9666;104;64
9667;96;64
9668;96;64
9669;96;56
9670;96;48
9671;96;48
9672;88;40
9673;88;32
9674;88;40
9675;88;56
9676;88;56
9677;88;72
9678;88;72
9679;96;72
9680;80;72
9681;88;72
9682;88;64
9683;80;64
9684;80;64
9685;80;80
9686;72;88
9687;72;88
9688;72;80
9689;72;72
9690;72;64
9691;72;64
9692;72;72
9693;72;80
9694;72;88
9695;72;96
9696;48;96
9697;64;96
9698;72;96
9699;56;96
9700;64;96
9701;56;96
9702;64;88
9703;64;88
9704;56;88
9705;56;88
9706;56;88
9707;56;88
9708;56;88
9709;56;88
9710;56;72
9711;56;64
9712;48;64
9713;72;64
9714;48;64
9715;48;80
9716;40;96
9717;48;96
9718;48;96
9719;40;104
9720;40;96
9721;40;96
9722;40;96
9723;48;88
9724;40;88
9725;32;88
9726;32;80
9727;32;88
9728;32;88
9729;32;88
9730;24;80
9731;32;80
9732;24;64
9733;24;64
9734;24;64
9735;24;64
9736;24;88
9737;24;96
9738;16;88
9739;24;88
9740;8;88
9741;16;88
9742;16;80
9743;16;80
9744;8;80
9745;8;80
9746;8;80
9747;8;72
9748;8;72
9749;8;64
9750;0;56
9751;0;48
9752;0;48
9753;0;48
9754;0;56
9755;0;72
9756;0;80
9757;0;80
9758;0;88
9759;-8;88
9760;-8;88
9761;-8;80
9762;-8;80
9763;-8;80
9764;-16;80
9765;-16;80
9766;-16;72
9767;-16;72
9768;-24;80
9769;-24;72
9770;-24;72
9771;-24;72
9772;-24;72
9773;-24;64
9774;-24;64
9775;-32;56
9776;-32;48
9777;-32;48
9778;-40;56
9779;-32;64
9780;-32;72
9781;-40;88
9782;-48;88
9783;-40;88
9784;-48;88
9785;-48;80
9786;-40;80
9787;-48;80
9788;-56;80
9789;-56;80
9790;-48;40
9791;-56;32
9792;-56;24
9793;-56;24
9794;-56;16
9795;-56;16
9796;-64;16
9797;-64;24
9798;-64;40
9799;-64;48
9800;-64;48
9801;-64;56
9802;-72;48
9803;-72;40
9804;-72;48
9805;-72;40
9806;-80;40
9807;-80;40
9808;-88;40
9809;-80;32
9810;-80;40
9811;-80;32
9812;-80;32
9813;-88;32
9814;-80;40
9815;-96;32
9816;-88;32
9817;-88;24
9818;-88;16
9819;-96;16
9820;-96;8
9821;-96;24
9822;-96;32
9823;-104;32
9824;-104;48
9825;-96;48
9826;-104;48
9827;-104;48
9828;-104;40
9829;-104;40
9830;-112;40
9831;-104;40
9832;-96;40
9833;-104;40
9834;-112;40
9835;-112;32
9836;-112;40
9837;-112;32
9838;-112;32
9839;-112;32
9840;-112;24
9841;-120;16
9842;-128;-24
9843;-120;-24
9844;-120;-8
9845;-120;-8
9846;-120;8
9847;-128;16
9848;-128;16
9849;-144;16
9850;-128;16
9851;-128;8
9852;-128;8
9853;-128;8
9854;-136;0
9855;-136;8
9856;-128;0
9857;-136;0
9858;-136;0
9859;-136;0
9860;-136;0
9861;-136;0
9862;-136;0
9863;-136;0
9864;-144;-8
9865;-136;-16
9866;-136;-16
9867;-144;-24
9868;-144;-24
9869;-144;-16
9870;-144;-8
9871;-144;0
9872;-144;8
9873;-144;16
9874;-144;8
9875;-144;16
9876;-144;8
9877;-144;8
9878;-144;8
9879;-144;0
9880;-144;8
9881;-144;0
9882;-144;0
9883;-144;0
9884;-144;0
9885;-144;0
9886;-144;0
9887;-144;0
9888;-144;0
9889;-144;-8
9890;-136;-8
9891;-136;-16
9892;-136;-24
9893;-144;-24
9894;-136;-32
9895;-136;-24
9896;-136;-16
9897;-136;-8
9898;-136;-8
9899;-128;-8
9900;-128;-16
9901;-136;-16
9902;-136;-16
9903;-136;-16
9904;-128;-24
9905;-128;-16
9906;-136;-24
9907;-128;-24
9908;-128;-16
9909;-128;-24
9910;-120;-24
9911;-120;-32
9912;-120;-40
9913;-120;-40
9914;-96;-48
9915;-120;-40
9916;-120;-32
9917;-120;-24
9918;-112;-16
9919;-112;-16
9920;-112;-8
9921;-104;-8
9922;-104;-8
9923;-104;-16
9924;-112;-16
9925;-104;-16
9926;-104;-16
9927;-104;-16
9928;-96;-16
9929;-96;-16
9930;-96;-16
9931;-120;-16
9932;-96;-16
9933;-88;-24
9934;-88;-24
9935;-88;-32
9936;-88;-40
9937;-80;-40
9938;-80;-40
9939;-80;-40
9940;-72;-24
9941;-72;-8
9942;-80;-8
9943;-72;-8
9944;-64;-8
9945;-64;-8
9946;-64;-24
9947;-64;-32
9948;-40;-32
9949;-56;-32
9950;-56;-32
9951;-64;-40
9952;-56;-48
9953;-56;-48
9954;-48;-56
9955;-48;-56
9956;-40;-48
9957;-40;-40
9958;-48;-32
9959;-40;-24
9960;-40;-24
9961;-32;-16
9962;-32;-24
9963;-32;-24
9964;-32;-24
9965;-48;-24
9966;-24;-32
9967;-24;-32
9968;-24;-32
9969;-24;-32
9970;-24;-32
9971;-16;-32
9972;-16;-32
9973;-8;-32
9974;-8;-40
9975;0;-48
9976;-8;-56
9977;0;-56
9978;0;-48
9979;0;-48
9980;0;-32
9981;16;-32
9982;8;-24
9983;16;-16
9984;16;-24
9985;16;-24
9986;16;-24
9987;16;-24
9988;24;-32
9989;24;-32
9990;24;-32
9991;24;-32
9992;32;-32
9993;32;-32
9994;32;-40
9995;40;-32
9996;32;-32
9997;40;-32
9998;48;-32
9999;40;-40
10000;48;-48
