 Column1 ;Column2;Column3
Channel              :;CH1;CH2
Frequency            :;200,5Hz;202,2Hz
Period               :;4,987ms;4,947ms
PK-PK                :;412,0mV;96,00mV
Probe attenuation    :;1X;1X
Voltage per ADC value:;0,250000mV;0,250000mV
Time interval        :;10,00000uS;10,00000uS
;;
index;CH1_Voltage(mV);CH2_Voltage(mV)
1;140;20
2;140;20
3;140;16
4;136;16
5;136;20
6;136;20
7;132;20
8;140;16
9;132;16
10;128;20
11;128;20
12;124;16
13;120;20
14;124;20
15;124;20
16;116;20
17;116;20
18;116;16
19;112;16
20;104;16
21;108;16
22;108;16
23;104;12
24;100;12
25;100;12
26;96;8
27;92;8
28;96;4
29;92;4
30;88;0
31;88;0
32;84;-4
33;84;-4
34;84;-4
35;80;-8
36;80;-8
37;76;-8
38;76;-8
39;72;-8
40;72;-8
41;56;-8
42;68;-8
43;64;-4
44;64;-4
45;60;0
46;56;4
47;56;4
48;52;4
49;52;8
50;52;12
51;48;12
52;44;16
53;44;20
54;40;20
55;40;24
56;36;24
57;32;28
58;32;28
59;28;28
60;28;28
61;24;28
62;32;32
63;20;32
64;16;32
65;16;28
66;12;32
67;12;28
68;8;28
69;8;28
70;4;28
71;0;28
72;0;28
73;-4;28
74;-4;24
75;-8;24
76;-16;24
77;-12;24
78;-12;20
79;-16;24
80;-16;24
81;-24;24
82;-24;20
83;-44;20
84;-28;20
85;-28;20
86;-32;20
87;-32;20
88;-36;20
89;-36;20
90;-44;20
91;-40;20
92;-40;20
93;-48;20
94;-48;20
95;-40;16
96;-52;20
97;-56;16
98;-56;20
99;-60;20
100;-60;20
101;-64;20
102;-60;20
103;-68;20
104;-68;20
105;-72;16
106;-72;16
107;-72;16
108;-80;12
109;-80;12
110;-84;8
111;-84;8
112;-84;8
113;-88;4
114;-88;4
115;-92;0
116;-88;0
117;-96;0
118;-96;-4
119;-100;-4
120;-100;-8
121;-104;-8
122;-104;-8
123;-100;-8
124;-108;-8
125;-108;-8
126;-112;-4
127;-112;-4
128;-112;-4
129;-120;-4
130;-124;4
131;-120;4
132;-120;8
133;-120;12
134;-124;12
135;-124;16
136;-128;20
137;-136;24
138;-128;24
139;-132;24
140;-136;28
141;-136;28
142;-136;28
143;-140;32
144;-140;32
145;-140;28
146;-140;32
147;-144;32
148;-144;32
149;-144;32
150;-148;28
151;-148;0
152;-148;4
153;-152;0
154;-152;4
155;-156;0
156;-156;0
157;-156;0
158;-136;-4
159;-160;-4
160;-160;-4
161;-160;-4
162;-160;-4
163;-164;-4
164;-164;-4
165;-160;-4
166;-168;-4
167;-164;-4
168;-168;-4
169;-168;-8
170;-176;-8
171;-168;-8
172;-168;-8
173;-168;-8
174;-172;-8
175;-172;-12
176;-172;-12
177;-180;-12
178;-176;-16
179;-172;-16
180;-176;-16
181;-176;-20
182;-176;-20
183;-176;-24
184;-180;-24
185;-176;-24
186;-176;-24
187;-176;-28
188;-180;-32
189;-180;-32
190;-180;-32
191;-180;-32
192;-180;-32
193;-180;-32
194;-180;-36
195;-180;-32
196;-180;-32
197;-180;-32
198;-180;-28
199;-180;-28
200;-180;-28
201;-180;-24
202;-180;-20
203;-180;-20
204;-176;-16
205;-172;-12
206;-176;-12
207;-176;-8
208;-176;-4
209;-180;-4
210;-176;0
211;-176;0
212;-180;0
213;-176;4
214;-172;4
215;-168;0
216;-176;4
217;-172;4
218;-172;8
219;-172;4
220;-168;4
221;-168;4
222;-168;4
223;-168;0
224;-164;0
225;-164;4
226;-164;0
227;-164;0
228;-160;0
229;-160;0
230;-160;0
231;-156;0
232;-156;-4
233;-164;-4
234;-152;-4
235;-156;-4
236;-152;-4
237;-152;-4
238;-148;-4
239;-148;-4
240;-136;-4
241;-144;-4
242;-144;-8
243;-140;-8
244;-140;-4
245;-140;-8
246;-136;-8
247;-128;-8
248;-136;-4
249;-132;-8
250;-132;-8
251;-132;-8
252;-128;-8
253;-128;-8
254;-124;-8
255;-124;-8
256;-124;-8
257;-120;-8
258;-120;-8
259;-124;-8
260;-116;-8
261;-112;-8
262;-108;-12
263;-112;-8
264;-108;-12
265;-104;-8
266;-104;-12
267;-100;-12
268;-96;-12
269;-96;-12
270;-92;-16
271;-92;-16
272;-92;-20
273;-84;-24
274;-88;-24
275;-84;-24
276;-84;-28
277;-80;-24
278;-76;-32
279;-76;-28
280;-80;-32
281;-68;-32
282;-68;-32
283;-68;-32
284;-64;-32
285;-60;-32
286;-60;-32
287;-68;-32
288;-56;-28
289;-56;-28
290;-52;-28
291;-48;-28
292;-44;-24
293;-44;-20
294;-44;-20
295;-36;-16
296;-36;-16
297;-36;-12
298;-32;-8
299;-28;-4
300;-28;-4
301;-16;-4
302;-24;0
303;-24;0
304;-20;0
305;-16;4
306;-8;4
307;-12;4
308;-4;4
309;-8;4
310;0;4
311;0;4
312;0;4
313;4;0
314;4;0
315;12;0
316;8;0
317;12;0
318;16;-4
319;16;-4
320;16;-4
321;24;0
322;8;-4
323;24;0
324;28;-4
325;32;-4
326;32;-8
327;28;-4
328;40;-8
329;28;-4
330;40;-4
331;44;-8
332;48;-8
333;48;-8
334;56;-8
335;56;-8
336;56;-4
337;56;-8
338;60;-8
339;64;-8
340;64;-8
341;68;-8
342;68;-8
343;72;-8
344;72;-8
345;76;-8
346;76;-8
347;76;-8
348;84;-8
349;84;-8
350;88;-8
351;88;-12
352;88;-8
353;96;-8
354;92;-8
355;104;-8
356;100;-8
357;100;-8
358;100;-8
359;104;40
360;104;40
361;108;40
362;120;36
363;112;36
364;116;32
365;120;32
366;116;32
367;120;32
368;124;32
369;124;24
370;124;20
371;128;20
372;128;20
373;132;20
374;132;20
375;132;16
376;132;16
377;140;16
378;140;16
379;140;12
380;144;16
381;144;12
382;148;12
383;144;16
384;148;16
385;152;16
386;152;20
387;152;24
388;156;24
389;156;28
390;148;28
391;160;32
392;160;32
393;160;36
394;164;40
395;172;44
396;164;44
397;180;48
398;168;44
399;168;48
400;172;48
401;172;48
402;176;48
403;172;52
404;184;48
405;176;52
406;176;48
407;176;48
408;180;48
409;176;48
410;176;48
411;180;48
412;180;48
413;184;48
414;184;48
415;184;48
416;176;44
417;184;44
418;184;44
419;188;44
420;188;44
421;188;44
422;188;44
423;188;44
424;192;44
425;188;44
426;192;40
427;188;44
428;188;44
429;192;40
430;192;40
431;192;40
432;188;40
433;192;40
434;192;40
435;192;40
436;192;40
437;180;40
438;192;40
439;192;36
440;192;40
441;192;40
442;192;40
443;192;40
444;200;40
445;192;40
446;192;36
447;192;36
448;188;36
449;192;36
450;192;36
451;192;36
452;192;36
453;188;36
454;192;32
455;188;32
456;188;32
457;184;28
458;192;24
459;184;24
460;188;20
461;184;20
462;184;20
463;184;20
464;180;20
465;184;16
466;184;16
467;180;16
468;180;16
469;180;12
470;176;16
471;176;12
472;172;12
473;176;16
474;176;16
475;176;20
476;172;20
477;172;24
478;168;28
479;148;32
480;168;32
481;164;36
482;168;36
483;164;40
484;164;40
485;164;44
486;168;44
487;160;48
488;160;48
489;160;48
490;156;48
491;164;48
492;152;48
493;156;48
494;152;52
495;152;52
496;148;52
497;148;48
498;148;48
499;144;48
500;144;48
501;140;48
502;140;48
503;140;44
504;136;44
505;140;44
506;132;48
507;132;44
508;128;44
509;128;44
510;128;44
511;128;44
512;128;44
513;124;40
514;120;40
515;120;40
516;116;40
517;116;40
518;112;40
519;112;40
520;112;40
521;108;40
522;104;40
523;104;40
524;100;40
525;100;40
526;92;40
527;96;40
528;96;36
529;92;40
530;88;36
531;88;36
532;88;40
533;80;40
534;80;40
535;80;36
536;76;36
537;72;40
538;72;36
539;68;40
540;76;36
541;68;40
542;64;40
543;68;36
544;60;36
545;60;36
546;56;32
547;60;32
548;52;32
549;52;32
550;48;28
551;48;24
552;40;24
553;40;24
554;44;20
555;36;16
556;36;16
557;32;16
558;32;16
559;28;12
560;28;12
561;0;12
562;24;12
563;20;12
564;20;16
565;16;16
566;8;20
567;8;20
568;-4;-28
569;8;-28
570;4;-24
571;0;-24
572;0;-20
573;4;-20
574;-4;-16
575;-8;-16
576;-8;-12
577;-12;-12
578;-16;-8
579;-16;-8
580;-16;-8
581;-20;-4
582;-20;-4
583;-24;-4
584;-28;-4
585;-28;-4
586;-32;-8
587;-32;-4
588;-32;-8
589;-36;-8
590;-40;-4
591;-40;-4
592;-44;-8
593;-44;-8
594;-48;-8
595;-48;-8
596;-52;-8
597;-52;-8
598;-56;-8
599;-60;-12
600;-60;-8
601;-48;-12
602;-64;-12
603;-68;-8
604;-68;-12
605;-68;-12
606;-72;-12
607;-72;-12
608;-76;-12
609;-80;-12
610;-80;-16
611;-84;-12
612;-84;-12
613;-88;-16
614;-88;-12
615;-92;-16
616;-92;-16
617;-92;-12
618;-96;-16
619;-96;-16
620;-96;-16
621;-100;-16
622;-104;-16
623;-108;-16
624;-108;-16
625;-108;-20
626;-112;-16
627;-112;-16
628;-116;-16
629;-120;-16
630;-120;-16
631;-120;-16
632;-120;-16
633;-124;-16
634;-120;-16
635;-124;-16
636;-112;-16
637;-128;-20
638;-132;-20
639;-132;-20
640;-132;-20
641;-132;-24
642;-136;-24
643;-132;-24
644;-136;-28
645;-140;-32
646;-140;-32
647;-144;-32
648;-144;-32
649;-144;-36
650;-144;-36
651;-148;-40
652;-148;-36
653;-152;-40
654;-152;-40
655;-160;-40
656;-152;-40
657;-156;-40
658;-156;-36
659;-156;-36
660;-160;-36
661;-160;-32
662;-160;-28
663;-160;-24
664;-164;-20
665;-164;-20
666;-164;-16
667;-168;-12
668;-164;-12
669;-164;-8
670;-168;-8
671;-168;-8
672;-168;-4
673;-168;-4
674;-168;-4
675;-168;-4
676;-180;-4
677;-172;0
678;-168;-4
679;-172;-4
680;-172;-4
681;-172;-4
682;-172;-4
683;-168;-8
684;-172;-4
685;-176;-8
686;-176;-8
687;-176;-8
688;-176;-8
689;-176;-8
690;-172;-12
691;-176;-8
692;-176;-12
693;-180;-12
694;-180;-12
695;-176;-12
696;-176;-12
697;-172;-12
698;-176;-12
699;-176;-12
700;-176;-12
701;-176;-12
702;-172;-16
703;-176;-16
704;-172;-16
705;-176;-12
706;-176;-16
707;-176;-12
708;-172;-16
709;-176;-16
710;-172;-12
711;-172;-16
712;-172;-16
713;-172;-16
714;-172;-16
715;-168;-16
716;-172;-16
717;-168;-20
718;-192;-16
719;-164;-20
720;-164;-24
721;-164;-24
722;-164;-24
723;-168;-28
724;-160;-28
725;-172;-32
726;-160;-32
727;-160;-36
728;-160;-36
729;-160;-36
730;-148;-36
731;-156;-40
732;-152;-36
733;-152;-40
734;-152;-40
735;-152;-40
736;-148;-40
737;-148;-40
738;-148;-36
739;-144;-36
740;-144;-32
741;-140;-32
742;-144;-28
743;-140;-28
744;-136;-24
745;-136;-20
746;-136;-16
747;-132;-16
748;-132;-16
749;-128;-12
750;-128;-8
751;-120;-8
752;-128;-8
753;-124;-8
754;-124;-4
755;-120;-4
756;-116;-4
757;-116;-4
758;-108;-4
759;-112;-4
760;-112;-4
761;-108;-8
762;-108;-4
763;-104;-8
764;-104;-4
765;-108;-8
766;-100;-8
767;-96;-8
768;-92;-8
769;-92;-8
770;-92;-8
771;-88;-8
772;-92;-8
773;-84;-8
774;-84;-8
775;-84;-8
776;-80;36
777;-76;36
778;-76;36
779;-72;36
780;-72;32
781;-68;32
782;-64;36
783;-64;36
784;-60;32
785;-60;32
786;-52;28
787;-56;28
788;-52;24
789;-48;20
790;-44;20
791;-44;20
792;-44;16
793;-20;12
794;-40;16
795;-36;12
796;-36;12
797;-36;12
798;-32;8
799;-28;8
800;-28;8
801;-24;8
802;-20;8
803;-20;8
804;-16;8
805;-20;12
806;-12;12
807;-8;12
808;-8;16
809;-4;20
810;-4;20
811;0;24
812;-4;28
813;4;28
814;4;32
815;8;32
816;12;36
817;12;40
818;16;36
819;16;40
820;20;40
821;24;44
822;24;44
823;28;44
824;28;44
825;32;44
826;32;44
827;36;44
828;40;44
829;40;44
830;44;44
831;44;40
832;48;44
833;52;40
834;48;40
835;56;40
836;56;40
837;60;40
838;60;40
839;64;36
840;68;36
841;68;36
842;72;36
843;72;36
844;72;36
845;76;36
846;80;36
847;72;32
848;84;32
849;84;32
850;84;32
851;88;32
852;92;36
853;92;32
854;92;32
855;96;32
856;100;32
857;104;32
858;100;32
859;108;32
860;108;32
861;104;32
862;112;32
863;112;32
864;116;32
865;116;32
866;120;32
867;120;32
868;116;32
869;124;32
870;128;32
871;128;32
872;132;32
873;136;28
874;132;28
875;148;24
876;136;24
877;140;20
878;140;20
879;144;16
880;144;16
881;144;12
882;152;12
883;148;8
884;148;8
885;148;8
886;152;8
887;156;8
888;156;8
889;156;8
890;160;8
891;160;8
892;160;8
893;164;8
894;156;12
895;164;12
896;164;12
897;164;16
898;168;20
899;168;20
900;172;24
901;168;28
902;172;28
903;172;32
904;176;32
905;176;36
906;176;40
907;176;40
908;180;40
909;180;44
910;180;44
911;180;44
912;180;40
913;180;44
914;180;44
915;176;40
916;184;44
917;184;44
918;184;44
919;184;40
920;188;40
921;184;40
922;176;40
923;188;40
924;188;40
925;188;36
926;184;40
927;188;36
928;188;40
929;192;36
930;188;36
931;188;36
932;188;36
933;188;36
934;192;32
935;192;36
936;196;36
937;188;32
938;192;32
939;188;36
940;188;32
941;192;32
942;192;32
943;192;32
944;188;32
945;192;32
946;188;32
947;188;32
948;188;32
949;188;32
950;192;32
951;188;32
952;192;32
953;188;32
954;188;32
955;184;32
956;184;32
957;164;32
958;184;32
959;184;32
960;184;32
961;184;32
962;176;32
963;184;32
964;172;28
965;180;28
966;180;24
967;180;24
968;180;24
969;184;20
970;176;20
971;176;20
972;176;16
973;172;16
974;168;12
975;172;12
976;172;12
977;168;8
978;172;8
979;168;4
980;164;8
981;164;4
982;164;8
983;164;8
984;160;8
985;156;-20
986;160;-20
987;160;-16
988;156;-12
989;156;-8
990;160;-4
991;152;0
992;152;0
993;152;4
994;148;8
995;148;8
996;144;12
997;152;12
998;144;16
999;144;12
1000;140;16
1001;140;16
1002;140;16
1003;136;16
1004;128;16
1005;132;12
1006;132;16
1007;128;12
1008;128;12
1009;128;12
1010;124;12
1011;120;12
1012;116;12
1013;120;12
1014;116;8
1015;116;8
1016;116;8
1017;112;8
1018;108;8
1019;108;8
1020;108;8
1021;108;8
1022;104;8
1023;104;8
1024;100;8
1025;100;8
1026;96;8
1027;92;8
1028;92;4
1029;88;4
1030;88;4
1031;84;4
1032;104;4
1033;80;4
1034;80;4
1035;76;4
1036;80;4
1037;72;4
1038;72;4
1039;72;4
1040;68;4
1041;64;0
1042;64;0
1043;60;0
1044;52;4
1045;56;0
1046;56;0
1047;52;0
1048;48;-4
1049;44;-8
1050;44;-8
1051;36;-12
1052;40;-12
1053;40;-16
1054;36;-16
1055;36;-20
1056;32;-20
1057;28;-20
1058;28;-20
1059;28;-20
1060;24;-20
1061;20;-24
1062;16;-20
1063;16;-20
1064;16;-20
1065;12;-20
1066;8;-16
1067;8;-16
1068;4;-12
1069;4;-8
1070;4;-4
1071;0;0
1072;-12;4
1073;-4;4
1074;-8;8
1075;-12;12
1076;-12;12
1077;-12;16
1078;-12;12
1079;-8;12
1080;-20;12
1081;-20;16
1082;-24;16
1083;-28;16
1084;-28;16
1085;-32;16
1086;-32;16
1087;-36;12
1088;-36;16
1089;-40;16
1090;-44;16
1091;-44;12
1092;-48;12
1093;-44;12
1094;-52;12
1095;-52;12
1096;-52;12
1097;-56;8
1098;-56;8
1099;-60;8
1100;-68;8
1101;-64;8
1102;-68;8
1103;-68;4
1104;-72;4
1105;-76;8
1106;-76;4
1107;-88;4
1108;-80;4
1109;-84;4
1110;-84;4
1111;-84;4
1112;-84;4
1113;-88;4
1114;-96;4
1115;-92;4
1116;-92;4
1117;-96;4
1118;-100;4
1119;-96;4
1120;-104;4
1121;-84;4
1122;-108;0
1123;-112;4
1124;-112;4
1125;-112;0
1126;-120;0
1127;-116;0
1128;-116;0
1129;-120;0
1130;-120;4
1131;-120;0
1132;-124;0
1133;-132;-4
1134;-128;-4
1135;-128;-4
1136;-128;-8
1137;-132;-8
1138;-132;-12
1139;-136;-12
1140;-140;-16
1141;-136;-16
1142;-140;-16
1143;-140;-20
1144;-140;-20
1145;-144;-20
1146;-144;-20
1147;-144;-20
1148;-148;-24
1149;-148;-24
1150;-148;-24
1151;-148;-20
1152;-152;-20
1153;-152;-16
1154;-164;-16
1155;-156;-16
1156;-156;-12
1157;-156;-12
1158;-160;-8
1159;-160;-4
1160;-160;-4
1161;-156;-4
1162;-160;0
1163;-164;4
1164;-164;4
1165;-164;8
1166;-168;12
1167;-168;12
1168;-164;16
1169;-168;16
1170;-168;16
1171;-168;16
1172;-172;16
1173;-168;16
1174;-172;12
1175;-164;16
1176;-172;16
1177;-172;16
1178;-172;12
1179;-172;12
1180;-172;8
1181;-176;12
1182;-172;12
1183;-176;12
1184;-176;12
1185;-176;12
1186;-180;12
1187;-180;8
1188;-176;12
1189;-180;8
1190;-176;8
1191;-176;8
1192;-180;12
1193;-180;8
1194;-184;8
1195;-176;4
1196;-200;4
1197;-180;4
1198;-180;4
1199;-180;4
1200;-176;0
1201;-188;0
1202;-176;-4
1203;-188;-4
1204;-176;-8
1205;-176;-8
1206;-176;-12
1207;-172;-12
1208;-176;-16
1209;-172;-16
1210;-172;-16
1211;-176;-20
1212;-172;-20
1213;-172;-20
1214;-172;-20
1215;-168;-24
1216;-172;-20
1217;-168;-24
1218;-168;-20
1219;-168;-20
1220;-168;-20
1221;-168;-20
1222;-164;-16
1223;-164;-16
1224;-164;-12
1225;-160;-8
1226;-160;-8
1227;-160;-4
1228;-160;-4
1229;-168;4
1230;-160;4
1231;-156;8
1232;-152;8
1233;-156;8
1234;-152;8
1235;-152;12
1236;-136;12
1237;-148;12
1238;-148;12
1239;-148;12
1240;-148;12
1241;-144;12
1242;-140;16
1243;-140;12
1244;-140;12
1245;-140;12
1246;-136;12
1247;-136;12
1248;-132;12
1249;-128;8
1250;-128;12
1251;-128;8
1252;-128;8
1253;-124;8
1254;-124;8
1255;-120;8
1256;-120;8
1257;-124;8
1258;-120;8
1259;-116;4
1260;-112;4
1261;-108;8
1262;-108;8
1263;-108;4
1264;-120;0
1265;-104;4
1266;-100;4
1267;-100;4
1268;-96;4
1269;-92;4
1270;-92;4
1271;-88;0
1272;-88;4
1273;-84;4
1274;-80;4
1275;-80;0
1276;-76;4
1277;-76;4
1278;-60;0
1279;-72;0
1280;-68;0
1281;-68;0
1282;-64;4
1283;-56;0
1284;-60;4
1285;-60;0
1286;-60;0
1287;-52;0
1288;-52;4
1289;-52;0
1290;-52;0
1291;-44;0
1292;-44;0
1293;-44;0
1294;-40;-4
1295;-40;-4
1296;-36;-4
1297;-32;-8
1298;-28;-8
1299;-28;-12
1300;-24;-16
1301;-24;-16
1302;-24;-16
1303;-16;-20
1304;-12;-20
1305;-12;-20
1306;-8;-20
1307;-8;-24
1308;-8;-20
1309;-4;-24
1310;-4;-20
1311;-4;-24
1312;4;-24
1313;4;-20
1314;8;-20
1315;12;-20
1316;12;-16
1317;16;-16
1318;8;-12
1319;20;-12
1320;20;-8
1321;24;-4
1322;24;-4
1323;28;0
1324;28;0
1325;32;4
1326;36;8
1327;36;12
1328;40;12
1329;44;12
1330;44;12
1331;48;12
1332;56;16
1333;48;12
1334;52;16
1335;56;16
1336;60;16
1337;64;12
1338;60;12
1339;68;12
1340;68;12
1341;68;12
1342;72;12
1343;72;12
1344;76;12
1345;76;12
1346;88;8
1347;80;8
1348;84;8
1349;88;8
1350;88;8
1351;88;8
1352;92;8
1353;76;4
1354;96;8
1355;100;4
1356;100;4
1357;104;4
1358;96;4
1359;104;4
1360;100;4
1361;112;4
1362;112;4
1363;112;4
1364;116;4
1365;124;4
1366;120;4
1367;124;0
1368;124;4
1369;128;0
1370;128;4
1371;128;4
1372;132;4
1373;132;0
1374;136;0
1375;136;4
1376;136;0
1377;140;0
1378;140;0
1379;144;0
1380;144;0
1381;144;4
1382;144;4
1383;148;0
1384;152;0
1385;152;0
1386;152;0
1387;152;0
1388;156;0
1389;160;-4
1390;156;-4
1391;156;-4
1392;164;-8
1393;172;-8
1394;164;-8
1395;164;-12
1396;168;-12
1397;168;-16
1398;168;-20
1399;168;-20
1400;168;-16
1401;172;4
1402;172;8
1403;176;4
1404;172;4
1405;176;4
1406;176;4
1407;172;4
1408;176;4
1409;176;4
1410;180;4
1411;180;8
1412;180;8
1413;184;12
1414;180;16
1415;180;16
1416;184;16
1417;184;20
1418;184;24
1419;184;24
1420;184;28
1421;180;32
1422;188;32
1423;188;32
1424;188;36
1425;188;36
1426;192;36
1427;188;36
1428;204;40
1429;192;40
1430;188;40
1431;188;40
1432;192;40
1433;192;40
1434;192;40
1435;200;36
1436;192;40
1437;192;40
1438;192;36
1439;192;36
1440;188;36
1441;192;32
1442;192;36
1443;192;32
1444;192;32
1445;192;32
1446;188;32
1447;180;32
1448;188;32
1449;188;32
1450;188;32
1451;188;32
1452;188;28
1453;188;28
1454;192;28
1455;188;28
1456;184;28
1457;184;32
1458;184;32
1459;184;28
1460;184;28
1461;188;28
1462;180;28
1463;180;28
1464;180;28
1465;180;28
1466;180;28
1467;180;28
1468;180;28
1469;176;28
1470;176;28
1471;176;28
1472;176;28
1473;172;28
1474;172;28
1475;180;24
1476;172;28
1477;168;28
1478;168;28
1479;168;24
1480;168;24
1481;164;20
1482;164;20
1483;164;20
1484;164;20
1485;160;12
1486;160;12
1487;160;12
1488;156;8
1489;156;8
1490;152;8
1491;152;8
1492;148;8
1493;148;4
1494;148;4
1495;148;4
1496;136;4
1497;144;4
1498;144;4
1499;144;0
1500;140;4
1501;140;4
1502;136;8
1503;120;8
1504;136;12
1505;132;12
1506;132;16
1507;128;16
1508;128;20
1509;124;24
1510;128;24
1511;120;32
1512;120;28
1513;120;32
1514;116;32
1515;116;36
1516;112;36
1517;124;40
1518;104;40
1519;108;40
1520;108;40
1521;104;40
1522;104;40
1523;100;40
1524;100;40
1525;96;40
1526;92;36
1527;92;36
1528;88;36
1529;80;36
1530;84;36
1531;80;36
1532;80;36
1533;80;32
1534;76;32
1535;76;32
1536;72;32
1537;68;32
1538;68;32
1539;68;32
1540;64;32
1541;64;32
1542;60;32
1543;60;28
1544;60;28
1545;52;28
1546;52;28
1547;52;28
1548;48;28
1549;44;28
1550;36;28
1551;40;28
1552;40;28
1553;36;28
1554;36;28
1555;32;28
1556;28;28
1557;24;28
1558;28;28
1559;24;28
1560;24;24
1561;20;28
1562;16;28
1563;16;28
1564;16;28
1565;12;28
1566;8;24
1567;4;28
1568;4;24
1569;4;28
1570;-4;28
1571;4;24
1572;-4;28
1573;-8;24
1574;-8;24
1575;-12;24
1576;-12;28
1577;-16;24
1578;-16;24
1579;-20;28
1580;-24;24
1581;-28;24
1582;-28;24
1583;-32;20
1584;-32;20
1585;-32;20
1586;-36;20
1587;-40;16
1588;-40;16
1589;-44;12
1590;-48;12
1591;-48;12
1592;-72;8
1593;-52;8
1594;-52;4
1595;-56;4
1596;-56;0
1597;-64;0
1598;-60;0
1599;-76;0
1600;-64;0
1601;-68;0
1602;-68;4
1603;-72;4
1604;-64;8
1605;-76;8
1606;-80;12
1607;-80;16
1608;-80;20
1609;-84;24
1610;-84;-20
1611;-88;-20
1612;-88;-16
1613;-92;-16
1614;-96;-12
1615;-96;-12
1616;-100;-8
1617;-100;-12
1618;-100;-8
1619;-104;-12
1620;-104;-8
1621;-108;-12
1622;-108;-8
1623;-108;-8
1624;-112;-8
1625;-112;-8
1626;-116;-12
1627;-120;-12
1628;-116;-12
1629;-120;-12
1630;-124;-16
1631;-128;-16
1632;-120;-12
1633;-128;-16
1634;-128;-16
1635;-132;-16
1636;-132;-16
1637;-132;-20
1638;-136;-20
1639;-140;-16
1640;-140;-20
1641;-140;-16
1642;-140;-16
1643;-140;-16
1644;-144;-16
1645;-144;-20
1646;-152;-16
1647;-148;-20
1648;-152;-20
1649;-152;-20
1650;-152;-20
1651;-148;-16
1652;-152;-16
1653;-156;-20
1654;-156;-20
1655;-156;-20
1656;-156;-20
1657;-156;-20
1658;-156;-20
1659;-160;-20
1660;-160;-20
1661;-160;-20
1662;-164;-24
1663;-164;-24
1664;-168;-24
1665;-164;-24
1666;-168;-28
1667;-148;-28
1668;-172;-32
1669;-168;-32
1670;-172;-36
1671;-172;-36
1672;-176;-36
1673;-172;-40
1674;-172;-40
1675;-172;-40
1676;-176;-44
1677;-176;-44
1678;-176;-44
1679;-184;-44
1680;-176;-44
1681;-172;-44
1682;-176;-44
1683;-180;-44
1684;-180;-40
1685;-176;-40
1686;-184;-40
1687;-180;-36
1688;-180;-32
1689;-180;-32
1690;-180;-28
1691;-184;-28
1692;-180;-24
1693;-180;-24
1694;-180;-20
1695;-180;-20
1696;-180;-16
1697;-180;-16
1698;-180;-12
1699;-180;-12
1700;-180;-8
1701;-180;-12
1702;-180;-8
1703;-180;-8
1704;-176;-8
1705;-176;-8
1706;-176;-8
1707;-184;-8
1708;-176;-12
1709;-176;-8
1710;-176;-12
1711;-172;-12
1712;-172;-12
1713;-172;-12
1714;-160;-12
1715;-172;-12
1716;-168;-12
1717;-168;-16
1718;-168;-16
1719;-168;-16
1720;-168;-16
1721;-168;-16
1722;-168;-16
1723;-164;-16
1724;-160;-16
1725;-160;-20
1726;-160;-20
1727;-160;-20
1728;-156;-16
1729;-160;-16
1730;-160;-20
1731;-156;-16
1732;-156;-20
1733;-152;-20
1734;-152;-20
1735;-156;-20
1736;-148;-20
1737;-152;-20
1738;-148;-20
1739;-148;-20
1740;-148;-20
1741;-144;-20
1742;-156;-20
1743;-140;-20
1744;-140;-20
1745;-136;-20
1746;-136;-20
1747;-132;-20
1748;-132;-20
1749;-136;-20
1750;-128;-20
1751;-128;-20
1752;-124;-20
1753;-124;-20
1754;-124;-24
1755;-120;-20
1756;-100;-20
1757;-116;-24
1758;-116;-20
1759;-112;-20
1760;-112;-24
1761;-112;-20
1762;-104;-24
1763;-108;-24
1764;-100;-24
1765;-100;-28
1766;-96;-28
1767;-92;-28
1768;-104;-32
1769;-92;-32
1770;-88;-36
1771;-84;-36
1772;-84;-36
1773;-84;-36
1774;-80;-40
1775;-80;-40
1776;-72;-44
1777;-72;-44
1778;-76;-44
1779;-72;-44
1780;-68;-44
1781;-64;-44
1782;-64;-44
1783;-60;-40
1784;-60;-40
1785;-60;-40
1786;-52;-36
1787;-52;-36
1788;-48;-32
1789;-60;-28
1790;-44;-24
1791;-44;-20
1792;-40;-20
1793;-40;-16
1794;-32;-16
1795;-32;-12
1796;-32;-12
1797;-28;-12
1798;-28;-8
1799;-24;-8
1800;-24;-8
1801;-16;-8
1802;-16;-12
1803;-12;-4
1804;-12;-12
1805;-8;-12
1806;-8;-12
1807;-4;-12
1808;-4;-12
1809;0;-12
1810;8;-12
1811;4;-12
1812;8;-12
1813;8;-12
1814;12;-12
1815;16;-12
1816;16;-16
1817;20;-16
1818;20;44
1819;24;40
1820;28;40
1821;28;36
1822;28;36
1823;32;32
1824;36;32
1825;36;32
1826;40;32
1827;44;28
1828;44;28
1829;44;24
1830;48;24
1831;32;24
1832;52;20
1833;56;20
1834;56;16
1835;60;16
1836;52;16
1837;64;12
1838;56;12
1839;68;12
1840;72;8
1841;76;12
1842;72;12
1843;80;8
1844;80;8
1845;80;12
1846;84;12
1847;88;16
1848;88;16
1849;92;20
1850;96;20
1851;96;24
1852;100;28
1853;100;28
1854;100;32
1855;100;36
1856;108;36
1857;108;40
1858;108;40
1859;108;40
1860;112;44
1861;112;44
1862;116;44
1863;120;44
1864;116;48
1865;124;48
1866;124;48
1867;128;48
1868;128;48
1869;132;48
1870;132;48
1871;148;44
1872;132;44
1873;132;44
1874;136;44
1875;140;44
1876;140;44
1877;140;40
1878;144;40
1879;144;40
1880;148;40
1881;148;40
1882;148;40
1883;152;40
1884;152;36
1885;156;36
1886;152;36
1887;156;40
1888;160;36
1889;160;36
1890;160;36
1891;164;36
1892;160;36
1893;168;36
1894;168;36
1895;164;36
1896;168;32
1897;168;36
1898;172;36
1899;160;32
1900;172;32
1901;172;32
1902;176;32
1903;176;32
1904;180;36
1905;180;32
1906;188;32
1907;180;36
1908;180;32
1909;180;32
1910;184;32
1911;184;32
1912;184;32
1913;196;32
1914;184;32
1915;184;32
1916;184;28
1917;184;28
1918;188;24
1919;188;24
1920;188;24
1921;188;20
1922;188;20
1923;192;16
1924;192;16
1925;184;12
1926;192;12
1927;188;12
1928;192;8
1929;192;12
1930;192;8
1931;192;8
1932;192;8
1933;196;8
1934;192;8
1935;192;12
1936;192;12
1937;192;12
1938;192;16
1939;192;16
1940;192;20
1941;192;24
1942;192;24
1943;192;28
1944;192;28
1945;192;32
1946;184;36
1947;192;40
1948;192;40
1949;188;40
1950;192;44
1951;192;44
1952;188;44
1953;184;44
1954;188;44
1955;188;48
1956;188;44
1957;188;44
1958;184;48
1959;184;44
1960;188;44
1961;184;44
1962;184;44
1963;180;44
1964;180;44
1965;184;44
1966;180;40
1967;184;40
1968;176;40
1969;176;40
1970;176;40
1971;176;40
1972;176;40
1973;172;40
1974;176;36
1975;172;36
1976;172;36
1977;172;36
1978;168;36
1979;168;36
1980;164;36
1981;164;36
1982;164;36
1983;164;36
1984;164;36
1985;160;36
1986;156;36
1987;160;36
1988;136;36
1989;156;36
1990;152;36
1991;152;36
1992;152;32
1993;148;32
1994;148;36
1995;136;36
1996;148;32
1997;144;32
1998;140;36
1999;144;36
2000;148;36
2001;140;32
2002;136;36
2003;136;32
2004;132;32
2005;132;32
2006;132;32
2007;128;32
2008;124;32
2009;124;28
2010;124;24
2011;120;24
2012;120;20
2013;116;20
2014;120;20
2015;112;16
2016;116;16
2017;108;12
2018;108;12
2019;108;12
2020;104;12
2021;108;8
2022;96;8
2023;96;8
2024;96;12
2025;96;8
2026;96;-32
2027;88;-32
2028;100;-32
2029;88;-28
2030;84;-28
2031;80;-24
2032;80;-20
2033;76;-20
2034;76;-20
2035;72;-16
2036;68;-16
2037;68;-12
2038;72;-8
2039;64;-8
2040;64;-4
2041;60;-4
2042;56;-4
2043;56;0
2044;56;0
2045;52;0
2046;48;0
2047;48;0
2048;48;0
2049;40;0
2050;40;0
2051;40;0
2052;36;0
2053;36;0
2054;36;0
2055;32;0
2056;24;0
2057;24;-4
2058;24;-4
2059;20;-4
2060;20;-4
2061;20;-4
2062;16;-4
2063;24;-4
2064;12;-8
2065;8;-4
2066;8;-8
2067;4;-8
2068;0;-8
2069;0;-8
2070;4;-8
2071;-4;-8
2072;-8;-8
2073;-12;-8
2074;-12;-8
2075;-20;-8
2076;-16;-8
2077;-16;-8
2078;-20;-8
2079;-24;-12
2080;-24;-12
2081;-28;-12
2082;-32;-8
2083;-32;-12
2084;-32;-12
2085;-32;-12
2086;-40;-12
2087;-40;-12
2088;-44;-12
2089;-40;-12
2090;-44;-12
2091;-48;-12
2092;-52;-12
2093;-52;-12
2094;-52;-12
2095;-56;-16
2096;-60;-16
2097;-60;-16
2098;-64;-16
2099;-64;-16
2100;-68;-20
2101;-68;-24
2102;-68;-24
2103;-76;-28
2104;-72;-28
2105;-76;-28
2106;-80;-32
2107;-80;-32
2108;-84;-32
2109;-84;-32
2110;-76;-36
2111;-88;-36
2112;-92;-36
2113;-96;-36
2114;-96;-32
2115;-96;-32
2116;-100;-32
2117;-100;-28
2118;-100;-28
2119;-104;-24
2120;-108;-24
2121;-108;-24
2122;-112;-20
2123;-112;-16
2124;-112;-12
2125;-116;-12
2126;-116;-8
2127;-116;-8
2128;-120;-4
2129;-124;-4
2130;-124;0
2131;-128;0
2132;-128;0
2133;-124;0
2134;-128;4
2135;-132;0
2136;-136;0
2137;-136;0
2138;-148;0
2139;-136;0
2140;-140;-4
2141;-140;0
2142;-144;0
2143;-144;0
2144;-144;-4
2145;-148;0
2146;-148;-4
2147;-148;-4
2148;-148;-4
2149;-152;-4
2150;-152;-8
2151;-152;-4
2152;-136;-4
2153;-156;-4
2154;-156;-8
2155;-156;-8
2156;-160;-8
2157;-152;-8
2158;-160;-8
2159;-160;-8
2160;-160;-8
2161;-164;-8
2162;-164;-8
2163;-168;-8
2164;-168;-8
2165;-164;-8
2166;-168;-8
2167;-168;-8
2168;-168;-12
2169;-172;-12
2170;-168;-8
2171;-172;-12
2172;-172;-12
2173;-172;-12
2174;-172;-12
2175;-172;-12
2176;-176;-12
2177;-176;-12
2178;-172;-12
2179;-176;-12
2180;-176;-12
2181;-176;-12
2182;-176;-12
2183;-176;-12
2184;-180;-12
2185;-180;-12
2186;-180;-12
2187;-180;-12
2188;-180;-12
2189;-180;-12
2190;-180;-8
2191;-180;-12
2192;-188;-12
2193;-180;-12
2194;-180;-12
2195;-180;-16
2196;-180;-16
2197;-180;-16
2198;-180;-20
2199;-180;-20
2200;-180;-24
2201;-180;-24
2202;-176;-24
2203;-180;-28
2204;-176;-28
2205;-176;-28
2206;-168;-32
2207;-176;-32
2208;-176;-32
2209;-176;-36
2210;-172;-36
2211;-172;-36
2212;-172;-36
2213;-168;-36
2214;-172;-32
2215;-172;-32
2216;-172;-28
2217;-168;-28
2218;-168;-24
2219;-168;-24
2220;-156;-20
2221;-168;-16
2222;-164;-16
2223;-164;-12
2224;-164;-8
2225;-164;-8
2226;-160;-4
2227;-176;-4
2228;-160;0
2229;-156;0
2230;-156;0
2231;-156;0
2232;-160;4
2233;-152;4
2234;-160;4
2235;-152;32
2236;-148;32
2237;-148;32
2238;-148;28
2239;-136;28
2240;-144;28
2241;-144;28
2242;-140;28
2243;-140;24
2244;-136;24
2245;-136;24
2246;-132;24
2247;-132;24
2248;-132;24
2249;-132;24
2250;-128;24
2251;-124;20
2252;-124;24
2253;-120;20
2254;-120;20
2255;-120;20
2256;-120;20
2257;-116;20
2258;-112;20
2259;-108;20
2260;-104;20
2261;-108;16
2262;-104;20
2263;-100;20
2264;-100;20
2265;-100;20
2266;-96;20
2267;-84;20
2268;-92;16
2269;-88;16
2270;-88;20
2271;-84;16
2272;-84;16
2273;-84;16
2274;-80;20
2275;-76;16
2276;-72;16
2277;-72;12
2278;-68;12
2279;-68;12
2280;-64;12
2281;-68;8
2282;-60;8
2283;-60;4
2284;-60;4
2285;-52;0
2286;-52;0
2287;-52;0
2288;-52;-4
2289;-48;-4
2290;-44;-8
2291;-44;-8
2292;-40;-4
2293;-36;-8
2294;-36;-8
2295;-36;-8
2296;-32;-4
2297;-24;-4
2298;-24;-4
2299;-20;-4
2300;-20;0
2301;-20;0
2302;4;4
2303;-12;8
2304;-12;12
2305;-8;12
2306;-4;12
2307;-4;16
2308;0;20
2309;4;24
2310;4;24
2311;8;24
2312;8;28
2313;8;28
2314;8;28
2315;16;32
2316;20;32
2317;20;32
2318;24;32
2319;24;32
2320;28;32
2321;24;28
2322;32;28
2323;32;28
2324;36;32
2325;36;28
2326;40;24
2327;44;28
2328;44;28
2329;48;28
2330;52;24
2331;52;24
2332;56;24
2333;56;24
2334;56;24
2335;60;24
2336;64;24
2337;64;20
2338;68;20
2339;68;20
2340;72;20
2341;72;20
2342;64;20
2343;80;20
2344;80;20
2345;80;20
2346;84;20
2347;88;20
2348;88;20
2349;104;20
2350;92;20
2351;96;20
2352;96;20
2353;100;20
2354;100;20
2355;104;20
2356;104;20
2357;108;20
2358;108;16
2359;112;16
2360;112;16
2361;116;16
2362;116;12
2363;120;12
2364;120;12
2365;124;8
2366;124;8
2367;128;4
2368;128;4
2369;128;0
2370;128;0
2371;132;0
2372;136;0
2373;136;-4
2374;136;-4
2375;136;-8
2376;140;-4
2377;132;-8
2378;144;-8
2379;148;-8
2380;148;-8
2381;148;-4
2382;148;-4
2383;152;0
2384;144;0
2385;156;4
2386;156;8
2387;160;8
2388;160;12
2389;164;12
2390;164;16
2391;184;16
2392;164;20
2393;164;24
2394;168;24
2395;168;24
2396;168;28
2397;172;28
2398;172;28
2399;176;32
2400;172;32
2401;172;32
2402;176;32
2403;168;28
2404;176;32
2405;176;28
2406;180;28
2407;180;28
2408;180;28
2409;180;24
2410;176;24
2411;184;28
2412;184;24
2413;184;24
2414;184;24
2415;184;24
2416;184;24
2417;188;24
2418;188;24
2419;184;24
2420;188;24
2421;188;24
2422;188;24
2423;192;20
2424;180;20
2425;192;20
2426;192;20
2427;192;20
2428;192;20
2429;192;20
2430;192;16
2431;188;16
2432;192;16
2433;192;20
2434;192;20
2435;192;20
2436;192;20
2437;192;20
2438;192;20
2439;188;20
2440;192;20
2441;192;20
2442;192;20
2443;196;20
2444;192;16
2445;196;20
2446;192;16
2447;192;16
2448;188;12
2449;192;12
2450;192;8
2451;188;12
2452;192;4
2453;192;8
2454;188;0
2455;184;0
2456;184;0
2457;184;-4
2458;184;-4
2459;184;-4
2460;184;-4
2461;184;-4
2462;180;-4
2463;180;-8
2464;180;-8
2465;180;-8
2466;156;-8
2467;176;-4
2468;176;-4
2469;176;0
2470;176;0
2471;164;0
2472;172;4
2473;160;8
2474;172;8
2475;172;12
2476;168;12
2477;168;16
2478;168;20
2479;168;20
2480;168;24
2481;164;24
2482;164;28
2483;160;28
2484;160;28
2485;160;32
2486;156;28
2487;156;28
2488;156;32
2489;152;32
2490;152;28
2491;152;28
2492;148;32
2493;148;28
2494;148;28
2495;144;32
2496;144;28
2497;144;28
2498;140;24
2499;132;24
2500;140;24
2501;136;24
2502;136;20
2503;132;20
2504;132;24
2505;128;24
2506;140;24
2507;124;20
2508;124;24
2509;124;24
2510;120;20
2511;120;20
2512;116;20
2513;116;20
2514;112;20
2515;112;20
2516;108;20
2517;108;20
2518;108;20
2519;108;20
2520;100;20
2521;104;20
2522;100;20
2523;100;20
2524;92;16
2525;96;20
2526;92;20
2527;84;20
2528;88;20
2529;84;16
2530;80;20
2531;80;16
2532;76;20
2533;76;16
2534;60;16
2535;72;16
2536;68;16
2537;68;16
2538;64;16
2539;68;16
2540;64;16
2541;64;12
2542;60;12
2543;56;8
2544;52;8
2545;48;8
2546;52;4
2547;48;4
2548;60;0
2549;40;0
2550;40;-4
2551;36;-4
2552;36;-4
2553;36;-4
2554;32;-8
2555;32;-8
2556;28;-8
2557;24;-8
2558;24;-8
2559;20;-8
2560;12;-8
2561;16;-4
2562;16;0
2563;8;4
2564;12;8
2565;8;8
2566;4;12
2567;0;16
2568;0;20
2569;0;20
2570;-4;24
2571;-4;24
2572;-8;28
2573;-12;28
2574;-12;28
2575;-16;28
2576;-20;28
2577;-20;32
2578;-20;32
2579;-20;28
2580;-24;28
2581;-36;28
2582;-28;28
2583;-32;28
2584;-32;28
2585;-36;28
2586;-40;24
2587;-40;24
2588;-48;28
2589;-44;28
2590;-48;24
2591;-48;24
2592;-52;24
2593;-52;24
2594;-56;20
2595;-56;20
2596;-56;20
2597;-64;20
2598;-64;20
2599;-64;20
2600;-68;20
2601;-68;20
2602;-64;20
2603;-72;20
2604;-72;20
2605;-76;20
2606;-80;20
2607;-80;20
2608;-84;20
2609;-84;20
2610;-88;16
2611;-92;16
2612;-92;20
2613;-96;16
2614;-96;20
2615;-96;16
2616;-92;16
2617;-100;20
2618;-100;16
2619;-104;16
2620;-108;16
2621;-112;16
2622;-108;16
2623;-132;16
2624;-112;16
2625;-116;16
2626;-116;16
2627;-120;12
2628;-124;16
2629;-120;12
2630;-136;12
2631;-124;8
2632;-128;4
2633;-128;4
2634;-128;4
2635;-124;0
2636;-132;0
2637;-136;0
2638;-136;-4
2639;-136;-4
2640;-140;-8
2641;-140;-8
2642;-136;-8
2643;-144;-8
2644;-144;-8
2645;-144;-8
2646;-148;-8
2647;-148;-4
2648;-148;-4
2649;-148;0
2650;-152;0
2651;-152;-24
2652;-152;-20
2653;-156;-20
2654;-156;-16
2655;-156;-12
2656;-156;-12
2657;-160;-12
2658;-160;-8
2659;-160;-8
2660;-160;0
2661;-160;0
2662;-164;0
2663;-152;0
2664;-164;0
2665;-164;4
2666;-164;4
2667;-168;0
2668;-168;4
2669;-168;4
2670;-172;0
2671;-168;4
2672;-172;0
2673;-168;0
2674;-172;0
2675;-172;4
2676;-172;0
2677;-176;0
2678;-172;0
2679;-172;0
2680;-172;0
2681;-172;-4
2682;-172;-4
2683;-176;-4
2684;-176;-4
2685;-176;-4
2686;-180;-8
2687;-176;-4
2688;-176;-8
2689;-176;-8
2690;-176;-8
2691;-176;-8
2692;-176;-8
2693;-176;-8
2694;-176;-8
2695;-176;-8
2696;-176;-8
2697;-176;-8
2698;-156;-8
2699;-180;-8
2700;-176;-8
2701;-176;-8
2702;-176;-8
2703;-176;-8
2704;-172;-8
2705;-180;-12
2706;-176;-8
2707;-172;-8
2708;-172;-12
2709;-172;-8
2710;-176;-8
2711;-172;-8
2712;-172;-8
2713;-168;-12
2714;-168;-12
2715;-168;-12
2716;-164;-12
2717;-160;-12
2718;-164;-12
2719;-164;-16
2720;-164;-16
2721;-160;-20
2722;-160;-20
2723;-160;-20
2724;-156;-24
2725;-156;-28
2726;-156;-28
2727;-156;-28
2728;-152;-28
2729;-152;-32
2730;-152;-32
2731;-152;-32
2732;-148;-32
2733;-148;-32
2734;-144;-36
2735;-144;-32
2736;-144;-32
2737;-144;-32
2738;-148;-32
2739;-140;-24
2740;-140;-24
2741;-140;-20
2742;-136;-16
2743;-136;-12
2744;-136;-12
2745;-120;-8
2746;-128;-4
2747;-128;-4
2748;-124;-4
2749;-124;4
2750;-120;0
2751;-124;0
2752;-120;4
2753;-120;4
2754;-116;4
2755;-116;0
2756;-112;4
2757;-112;4
2758;-108;0
2759;-108;0
2760;-104;0
2761;-100;0
2762;-100;0
2763;-100;0
2764;-96;0
2765;-92;-4
2766;-96;0
2767;-92;-4
2768;-88;-4
2769;-88;-4
2770;-88;-4
2771;-84;-4
2772;-80;-8
2773;-92;-8
2774;-76;-4
2775;-76;-8
2776;-72;-8
2777;-72;-8
2778;-64;-8
2779;-64;-8
2780;-68;-8
2781;-60;-8
2782;-60;-8
2783;-56;-8
2784;-52;-8
2785;-48;-8
2786;-52;-8
2787;-28;-8
2788;-44;-8
2789;-44;-8
2790;-40;-12
2791;-36;-8
2792;-28;-8
2793;-36;-12
2794;-32;-12
2795;-32;-12
2796;-28;-8
2797;-24;-12
2798;-20;-8
2799;-28;-12
2800;-20;-12
2801;-16;-12
2802;-16;-12
2803;-8;-16
2804;-8;-20
2805;-4;-20
2806;-4;-20
2807;0;-24
2808;0;-28
2809;4;-28
2810;4;-28
2811;8;-28
2812;12;-28
2813;16;-32
2814;12;-32
2815;16;-32
2816;20;-32
2817;24;-32
2818;24;-32
2819;24;-32
2820;20;-32
2821;32;-32
2822;32;-28
2823;36;-28
2824;36;-24
2825;40;-20
2826;44;-16
2827;40;-12
2828;44;-8
2829;48;-8
2830;52;-4
2831;52;-4
2832;56;-4
2833;56;0
2834;60;0
2835;64;0
2836;64;0
2837;64;4
2838;68;4
2839;72;0
2840;72;4
2841;80;4
2842;76;0
2843;80;0
2844;80;0
2845;84;0
2846;84;0
2847;88;-4
2848;96;0
2849;92;-4
2850;92;-4
2851;96;0
2852;100;-4
2853;100;-4
2854;104;-4
2855;108;-4
2856;104;-4
2857;108;-4
2858;112;-4
2859;112;-4
2860;112;-4
2861;116;-8
2862;96;40
2863;116;40
2864;120;36
2865;124;36
2866;124;36
2867;120;32
2868;128;32
2869;120;28
2870;132;24
2871;132;24
2872;132;24
2873;136;20
2874;144;20
2875;140;20
2876;144;16
2877;144;16
2878;144;12
2879;144;12
2880;148;12
2881;152;12
2882;148;12
2883;152;12
2884;152;12
2885;152;12
2886;156;16
2887;160;16
2888;160;20
2889;160;20
2890;164;24
2891;164;24
2892;164;28
2893;164;32
2894;168;36
2895;176;36
2896;172;40
2897;172;40
2898;168;40
2899;172;44
2900;172;48
2901;176;44
2902;180;48
2903;176;48
2904;176;48
2905;180;48
2906;176;48
2907;180;48
2908;180;48
2909;176;48
2910;180;48
2911;184;48
2912;184;48
2913;184;44
2914;184;48
2915;188;44
2916;184;48
2917;188;44
2918;188;44
2919;184;44
2920;188;44
2921;188;44
2922;188;44
2923;188;40
2924;188;40
2925;188;40
2926;192;40
2927;192;40
2928;192;40
2929;188;40
2930;188;40
2931;188;40
2932;192;40
2933;192;40
2934;192;40
2935;196;36
2936;192;40
2937;208;36
2938;192;40
2939;188;40
2940;192;40
2941;192;40
2942;192;36
2943;188;40
2944;196;36
2945;188;36
2946;188;36
2947;184;40
2948;188;36
2949;184;36
2950;188;36
2951;188;32
2952;184;36
2953;184;32
2954;188;32
2955;184;32
2956;176;28
2957;180;28
2958;180;24
2959;184;24
2960;180;20
2961;180;20
2962;176;20
2963;176;16
2964;176;16
2965;180;16
2966;176;16
2967;180;12
2968;176;12
2969;176;12
2970;172;8
2971;172;12
2972;172;12
2973;168;12
2974;168;16
2975;168;16
2976;168;20
2977;156;20
2978;164;24
2979;164;24
2980;164;28
2981;160;32
2982;160;32
2983;160;36
2984;172;40
2985;156;40
2986;156;44
2987;156;44
2988;152;48
2989;152;48
2990;148;48
2991;148;48
2992;148;48
2993;148;48
2994;144;48
2995;144;48
2996;144;48
2997;140;48
2998;144;48
2999;136;48
3000;136;48
3001;136;44
3002;132;44
3003;132;48
3004;132;44
3005;128;44
3006;128;44
3007;124;44
3008;124;40
3009;124;40
3010;116;40
3011;116;40
3012;104;40
3013;116;40
3014;112;40
3015;108;40
3016;108;40
3017;108;36
3018;104;40
3019;96;36
3020;100;40
3021;96;40
3022;96;40
3023;96;36
3024;96;36
3025;92;36
3026;108;40
3027;84;40
3028;88;40
3029;80;36
3030;84;36
3031;76;36
3032;76;32
3033;72;28
3034;72;28
3035;72;28
3036;68;24
3037;64;24
3038;56;24
3039;64;20
3040;56;20
3041;56;16
3042;56;16
3043;52;16
3044;52;16
3045;48;16
3046;48;12
3047;44;12
3048;44;12
3049;40;12
3050;36;12
3051;36;16
3052;36;16
3053;32;20
3054;28;20
3055;28;24
3056;24;28
3057;24;32
3058;20;32
3059;12;36
3060;16;36
3061;16;44
3062;12;44
3063;12;48
3064;4;48
3065;8;48
3066;-4;48
3067;0;48
3068;0;52
3069;-4;-4
3070;-4;-4
3071;-8;-4
3072;-8;-8
3073;-16;-4
3074;-16;-8
3075;-20;-8
3076;-20;-8
3077;-20;-8
3078;-20;-8
3079;-24;-8
3080;-20;-12
3081;-32;-12
3082;-32;-12
3083;-32;-12
3084;-36;-12
3085;-36;-12
3086;-40;-16
3087;-40;-16
3088;-48;-16
3089;-44;-12
3090;-48;-12
3091;-52;-16
3092;-52;-16
3093;-56;-16
3094;-48;-16
3095;-60;-16
3096;-60;-16
3097;-64;-16
3098;-68;-16
3099;-68;-16
3100;-68;-16
3101;-84;-16
3102;-76;-16
3103;-76;-20
3104;-80;-20
3105;-80;-20
3106;-88;-20
3107;-80;-20
3108;-92;-20
3109;-84;-24
3110;-88;-24
3111;-88;-24
3112;-92;-28
3113;-100;-28
3114;-100;-32
3115;-96;-32
3116;-104;-36
3117;-100;-32
3118;-104;-36
3119;-104;-36
3120;-108;-40
3121;-112;-40
3122;-112;-40
3123;-112;-40
3124;-116;-44
3125;-116;-44
3126;-120;-44
3127;-120;-40
3128;-124;-40
3129;-124;-40
3130;-124;-36
3131;-128;-36
3132;-128;-32
3133;-132;-28
3134;-144;-28
3135;-132;-24
3136;-132;-24
3137;-136;-20
3138;-136;-20
3139;-136;-16
3140;-140;-12
3141;-128;-12
3142;-144;-12
3143;-144;-8
3144;-148;-8
3145;-144;-8
3146;-144;-8
3147;-148;-8
3148;-148;-4
3149;-152;-8
3150;-156;-8
3151;-156;-8
3152;-156;-8
3153;-156;-8
3154;-156;-8
3155;-160;-8
3156;-160;-8
3157;-160;-8
3158;-160;-8
3159;-164;-8
3160;-164;-8
3161;-164;-8
3162;-172;-12
3163;-164;-12
3164;-168;-12
3165;-168;-12
3166;-168;-12
3167;-168;-12
3168;-168;-12
3169;-184;-16
3170;-172;-12
3171;-172;-16
3172;-172;-16
3173;-172;-12
3174;-168;-16
3175;-172;-16
3176;-176;-16
3177;-176;-16
3178;-172;-16
3179;-176;-16
3180;-176;-16
3181;-172;-16
3182;-176;-16
3183;-160;-16
3184;-176;-16
3185;-176;-20
3186;-180;-16
3187;-176;-20
3188;-172;-16
3189;-176;-20
3190;-180;-20
3191;-176;-20
3192;-180;-16
3193;-180;-16
3194;-176;-16
3195;-184;-20
3196;-176;-20
3197;-176;-16
3198;-176;-20
3199;-180;-20
3200;-180;-20
3201;-176;-20
3202;-176;-20
3203;-176;-20
3204;-176;-24
3205;-176;-28
3206;-172;-28
3207;-172;-28
3208;-172;-32
3209;-168;-32
3210;-172;-36
3211;-172;-36
3212;-172;-36
3213;-168;-36
3214;-168;-40
3215;-168;-40
3216;-176;-40
3217;-168;-44
3218;-168;-44
3219;-164;-40
3220;-164;-40
3221;-164;-40
3222;-160;-40
3223;-168;-40
3224;-160;-36
3225;-160;-36
3226;-156;-32
3227;-156;-28
3228;-156;-32
3229;-156;-24
3230;-152;-24
3231;-152;-20
3232;-148;-20
3233;-148;-16
3234;-148;-16
3235;-148;-16
3236;-144;-12
3237;-136;-8
3238;-144;-8
3239;-140;-8
3240;-140;-8
3241;-136;-8
3242;-136;-4
3243;-136;-4
3244;-128;-4
3245;-132;-8
3246;-128;-8
3247;-128;-8
3248;-124;-8
3249;-124;-8
3250;-124;-8
3251;-116;-12
3252;-120;-8
3253;-116;-12
3254;-116;-12
3255;-116;-8
3256;-116;-12
3257;-112;-12
3258;-128;-12
3259;-108;-12
3260;-104;-16
3261;-104;-16
3262;-100;-16
3263;-104;-16
3264;-96;-16
3265;-104;-16
3266;-92;-20
3267;-92;-16
3268;-88;-16
3269;-88;-16
3270;-80;-12
3271;-80;-16
3272;-80;-16
3273;-80;-12
3274;-76;-16
3275;-72;-12
3276;-72;32
3277;-68;32
3278;-64;32
3279;-64;28
3280;-64;28
3281;-60;28
3282;-56;24
3283;-56;24
3284;-52;20
3285;-52;20
3286;-48;16
3287;-48;16
3288;-44;12
3289;-44;12
3290;-40;12
3291;-36;8
3292;-36;8
3293;-32;8
3294;-32;8
3295;-28;4
3296;-28;4
3297;-24;4
3298;-8;0
3299;-16;4
3300;-16;4
3301;-16;4
3302;-12;4
3303;-12;8
3304;-8;8
3305;-8;12
3306;0;16
3307;0;16
3308;0;20
3309;4;20
3310;4;24
3311;8;24
3312;8;32
3313;12;32
3314;16;32
3315;20;36
3316;20;36
3317;24;40
3318;24;40
3319;24;40
3320;28;40
3321;32;40
3322;36;40
3323;36;44
3324;40;40
3325;40;40
3326;44;40
3327;48;40
3328;48;40
3329;52;36
3330;52;36
3331;56;36
3332;56;36
3333;80;36
3334;60;36
3335;64;36
3336;68;32
3337;68;36
3338;68;36
3339;72;32
3340;68;32
3341;76;32
3342;76;32
3343;80;32
3344;84;32
3345;76;32
3346;88;28
3347;88;28
3348;92;32
3349;96;32
3350;96;32
3351;96;28
3352;100;32
3353;100;28
3354;104;28
3355;108;32
3356;108;28
3357;108;28
3358;112;28
3359;116;28
3360;116;28
3361;120;28
3362;120;28
3363;120;28
3364;124;28
3365;124;28
3366;128;28
3367;128;28
3368;128;24
3369;132;24
3370;132;24
3371;136;24
3372;136;20
3373;128;20
3374;140;16
3375;140;16
3376;140;12
3377;144;12
3378;144;12
3379;148;8
3380;160;8
3381;152;8
3382;152;4
3383;152;4
3384;152;4
3385;156;4
3386;160;4
3387;160;4
3388;160;4
3389;160;8
3390;160;8
3391;164;12
3392;168;12
3393;164;16
3394;168;20
3395;168;24
3396;168;24
3397;168;32
3398;172;32
3399;176;36
3400;172;32
3401;168;36
3402;176;36
3403;176;40
3404;176;40
3405;180;40
3406;176;40
3407;176;40
3408;168;40
3409;184;40
3410;180;40
3411;180;40
3412;184;36
3413;184;36
3414;184;36
3415;180;36
3416;188;36
3417;184;36
3418;188;36
3419;188;36
3420;192;36
3421;188;36
3422;208;32
3423;192;32
3424;188;32
3425;188;32
3426;188;32
3427;196;32
3428;188;32
3429;192;32
3430;192;28
3431;192;32
3432;192;28
3433;188;32
3434;184;28
3435;192;32
3436;192;28
3437;188;28
3438;192;28
3439;188;28
3440;188;28
3441;192;28
3442;188;32
3443;192;28
3444;188;28
3445;188;28
3446;188;28
3447;188;24
3448;192;24
3449;184;24
3450;188;20
3451;188;20
3452;184;16
3453;184;16
3454;184;12
3455;180;12
3456;184;8
3457;184;8
3458;180;8
3459;184;4
3460;180;4
3461;180;4
3462;168;4
3463;176;4
3464;176;4
3465;176;4
3466;176;4
3467;176;8
3468;172;8
3469;176;8
3470;172;8
3471;172;12
3472;168;12
3473;172;16
3474;168;20
3475;168;24
3476;176;24
3477;164;28
3478;164;28
3479;164;32
3480;164;32
3481;160;36
3482;156;40
3483;164;40
3484;160;40
3485;152;12
3486;152;12
3487;152;12
3488;152;12
3489;152;8
3490;156;12
3491;144;12
3492;144;12
3493;148;12
3494;144;12
3495;136;8
3496;140;8
3497;120;8
3498;136;8
3499;136;8
3500;136;4
3501;132;4
3502;124;4
3503;128;4
3504;120;4
3505;124;4
3506;124;4
3507;124;4
3508;120;4
3509;124;0
3510;116;0
3511;116;4
3512;112;0
3513;108;0
3514;112;0
3515;108;0
3516;108;0
3517;108;0
3518;100;0
3519;100;0
3520;96;0
3521;96;0
3522;92;0
3523;92;0
3524;92;0
3525;88;0
3526;88;0
3527;84;0
3528;80;-4
3529;80;-4
3530;80;-4
3531;76;-8
3532;76;-8
3533;72;-8
3534;68;-12
3535;64;-12
3536;68;-16
3537;72;-16
3538;64;-20
3539;60;-20
3540;60;-20
3541;56;-20
3542;52;-24
3543;52;-24
3544;48;-24
3545;44;-28
3546;44;-24
3547;40;-24
3548;40;-24
3549;36;-24
3550;36;-20
3551;32;-20
3552;32;-16
3553;28;-12
3554;24;-8
3555;24;-4
3556;24;-4
3557;20;0
3558;16;4
3559;16;4
3560;12;8
3561;12;8
3562;12;8
3563;12;12
3564;4;8
3565;0;12
3566;0;12
3567;0;12
3568;-4;12
3569;-4;12
3570;-4;12
3571;-12;12
3572;8;8
3573;-12;8
3574;-16;8
3575;-20;8
3576;-20;8
3577;-24;4
3578;-28;4
3579;-24;8
3580;-32;4
3581;-32;4
3582;-36;4
3583;-36;4
3584;-44;4
3585;-40;4
3586;-40;0
3587;-44;4
3588;-48;0
3589;-52;0
3590;-52;0
3591;-64;0
3592;-56;4
3593;-56;0
3594;-60;0
3595;-60;4
3596;-64;0
3597;-68;0
3598;-68;0
3599;-72;0
3600;-72;0
3601;-76;0
3602;-76;0
3603;-76;-4
3604;-80;0
3605;-80;-4
3606;-84;0
3607;-88;-4
3608;-88;-8
3609;-92;-8
3610;-96;-8
3611;-96;-8
3612;-92;-8
3613;-100;-12
3614;-100;-16
3615;-104;-16
3616;-104;-16
3617;-108;-20
3618;-108;-20
3619;-100;-20
3620;-112;-20
3621;-112;-24
3622;-116;-24
3623;-116;-28
3624;-116;-24
3625;-120;-24
3626;-124;-28
3627;-124;-24
3628;-124;-24
3629;-128;-20
3630;-128;-20
3631;-128;-16
3632;-132;-16
3633;-132;-12
3634;-136;-12
3635;-136;-8
3636;-136;-4
3637;-136;-4
3638;-140;0
3639;-144;4
3640;-148;4
3641;-144;4
3642;-144;8
3643;-148;8
3644;-148;12
3645;-152;12
3646;-152;12
3647;-164;12
3648;-152;12
3649;-156;12
3650;-156;12
3651;-156;12
3652;-156;12
3653;-156;8
3654;-164;8
3655;-160;8
3656;-160;8
3657;-164;8
3658;-160;8
3659;-164;8
3660;-164;4
3661;-148;8
3662;-168;8
3663;-168;4
3664;-168;4
3665;-168;4
3666;-160;4
3667;-172;4
3668;-172;4
3669;-172;4
3670;-172;4
3671;-172;4
3672;-172;4
3673;-176;0
3674;-176;0
3675;-176;0
3676;-176;0
3677;-180;0
3678;-176;0
3679;-180;0
3680;-176;0
3681;-176;0
3682;-176;0
3683;-180;0
3684;-180;0
3685;-180;0
3686;-180;0
3687;-176;0
3688;-180;0
3689;-180;0
3690;-180;0
3691;-180;0
3692;-180;0
3693;-180;4
3694;-172;4
3695;-180;4
3696;-180;4
3697;-180;0
3698;-180;-4
3699;-176;-4
3700;-176;-8
3701;-180;-8
3702;-176;-8
3703;-176;-8
3704;-176;-12
3705;-176;-16
3706;-176;-16
3707;-176;-16
3708;-176;-16
3709;-176;-20
3710;-176;-20
3711;-172;-20
3712;-172;-20
3713;-168;-20
3714;-168;-20
3715;-168;-20
3716;-168;-20
3717;-168;-20
3718;-168;-20
3719;-168;-16
3720;-164;-16
3721;-160;-12
3722;-160;-12
3723;-164;-8
3724;-160;-4
3725;-160;-4
3726;-156;0
3727;-152;4
3728;-156;4
3729;-136;4
3730;-156;8
3731;-152;8
3732;-152;12
3733;-148;12
3734;-148;12
3735;-148;16
3736;-144;12
3737;-148;16
3738;-144;16
3739;-140;16
3740;-140;12
3741;-144;16
3742;-136;16
3743;-136;12
3744;-136;12
3745;-132;12
3746;-132;12
3747;-128;16
3748;-136;12
3749;-124;12
3750;-124;12
3751;-120;12
3752;-120;8
3753;-116;8
3754;-116;8
3755;-116;8
3756;-112;8
3757;-112;8
3758;-108;8
3759;-108;4
3760;-104;8
3761;-100;8
3762;-104;4
3763;-96;4
3764;-96;4
3765;-92;4
3766;-92;4
3767;-88;4
3768;-88;4
3769;-100;4
3770;-84;4
3771;-80;4
3772;-80;4
3773;-76;4
3774;-76;4
3775;-72;4
3776;-60;4
3777;-68;4
3778;-64;4
3779;-64;4
3780;-60;4
3781;-56;4
3782;-56;0
3783;-52;4
3784;-52;0
3785;-48;4
3786;-48;4
3787;-44;0
3788;-44;0
3789;-40;0
3790;-36;-4
3791;-36;-4
3792;-32;-8
3793;-32;-8
3794;-28;-12
3795;-28;-12
3796;-24;-12
3797;-20;-16
3798;-20;-16
3799;-20;-20
3800;-12;-20
3801;-12;-20
3802;-12;-20
3803;-4;-24
3804;-12;-20
3805;0;-20
3806;0;-20
3807;4;-20
3808;4;-20
3809;4;-16
3810;12;-16
3811;-8;-16
3812;12;-8
3813;16;-12
3814;20;-8
3815;20;-4
3816;20;-4
3817;24;-4
3818;24;4
3819;32;4
3820;32;8
3821;32;8
3822;36;8
3823;48;12
3824;40;12
3825;44;12
3826;48;16
3827;48;12
3828;48;16
3829;52;16
3830;56;16
3831;56;12
3832;56;16
3833;60;12
3834;64;12
3835;68;12
3836;68;12
3837;72;12
3838;72;12
3839;76;12
3840;76;12
3841;80;12
3842;80;12
3843;84;8
3844;92;8
3845;88;8
3846;92;8
3847;92;8
3848;92;8
3849;96;8
3850;100;4
3851;104;4
3852;104;8
3853;104;4
3854;104;4
3855;108;4
3856;108;4
3857;116;4
3858;108;4
3859;116;4
3860;116;4
3861;120;4
3862;124;4
3863;124;4
3864;124;4
3865;124;4
3866;128;4
3867;132;4
3868;132;4
3869;132;4
3870;140;4
3871;136;4
3872;144;0
3873;140;4
3874;144;0
3875;144;4
3876;148;4
3877;148;0
3878;148;4
3879;156;0
3880;152;0
3881;152;0
3882;156;0
3883;156;0
3884;160;0
3885;160;-4
3886;180;-4
3887;164;-8
3888;164;-12
3889;164;-12
3890;164;-12
3891;164;-16
3892;168;-16
3893;168;-20
3894;172;-20
3895;172;-20
3896;172;-20
3897;172;-24
3898;164;-20
3899;176;-24
3900;176;-24
3901;176;4
3902;176;4
3903;180;8
3904;180;8
3905;176;8
3906;180;12
3907;184;16
3908;184;20
3909;184;24
3910;184;24
3911;184;32
3912;184;32
3913;184;32
3914;184;36
3915;188;36
3916;188;40
3917;188;40
3918;188;40
3919;188;40
3920;188;40
3921;188;40
3922;192;40
3923;188;40
3924;192;36
3925;192;36
3926;180;36
3927;192;36
3928;192;36
3929;192;36
3930;192;32
3931;192;36
3932;192;32
3933;204;36
3934;192;36
3935;192;32
3936;192;32
3937;192;32
3938;188;32
3939;192;28
3940;188;32
3941;192;32
3942;192;32
3943;192;32
3944;192;28
3945;188;32
3946;188;32
3947;188;28
3948;188;28
3949;188;28
3950;188;28
3951;188;28
3952;192;28
3953;192;28
3954;184;28
3955;184;28
3956;184;28
3957;184;32
3958;184;28
3959;184;28
3960;184;28
3961;176;28
3962;180;24
3963;180;24
3964;180;20
3965;176;20
3966;180;20
3967;176;16
3968;196;16
3969;172;16
3970;172;12
3971;172;12
3972;172;8
3973;172;8
3974;168;8
3975;172;4
3976;168;4
3977;164;4
3978;164;0
3979;164;4
3980;156;0
3981;160;4
3982;164;4
3983;160;4
3984;156;8
3985;156;8
3986;152;12
3987;144;12
3988;148;16
3989;152;20
3990;148;20
3991;148;24
3992;148;24
3993;144;28
3994;144;32
3995;140;32
3996;144;32
3997;136;36
3998;136;40
3999;132;40
4000;132;40
4001;132;40
4002;132;40
4003;128;40
4004;128;40
4005;124;40
4006;128;40
4007;124;40
4008;108;36
4009;116;40
4010;116;36
4011;116;36
4012;116;32
4013;112;36
4014;108;36
4015;108;36
4016;108;36
4017;104;32
4018;100;32
4019;100;32
4020;100;32
4021;92;32
4022;96;32
4023;92;32
4024;88;32
4025;84;32
4026;88;32
4027;84;28
4028;80;28
4029;84;28
4030;76;32
4031;72;28
4032;76;28
4033;72;28
4034;72;28
4035;68;28
4036;68;28
4037;64;28
4038;60;28
4039;60;28
4040;56;28
4041;52;28
4042;52;28
4043;48;28
4044;48;28
4045;48;24
4046;44;24
4047;40;28
4048;36;24
4049;36;20
4050;12;24
4051;32;20
4052;32;20
4053;28;20
4054;24;16
4055;20;12
4056;20;12
4057;12;12
4058;16;8
4059;16;4
4060;12;8
4061;8;4
4062;16;0
4063;4;4
4064;8;4
4065;0;0
4066;0;4
4067;-4;0
4068;-4;0
4069;-4;4
4070;-12;8
4071;-12;8
4072;-12;12
4073;-16;12
4074;-16;12
4075;-20;16
4076;-20;20
4077;-24;20
4078;-28;24
4079;-28;28
4080;-32;28
4081;-32;32
4082;-36;32
4083;-32;36
4084;-40;36
4085;-40;36
4086;-44;40
4087;-48;40
4088;-48;40
4089;-52;40
4090;-52;40
4091;-56;40
4092;-56;40
4093;-60;40
4094;-60;36
4095;-64;36
4096;-64;36
4097;-76;36
4098;-68;36
4099;-72;36
4100;-76;36
4101;-76;36
4102;-76;36
4103;-80;32
4104;-84;36
4105;-84;32
4106;-84;32
4107;-88;36
4108;-92;32
4109;-92;32
4110;-96;-12
4111;-92;-12
4112;-96;-12
4113;-100;-12
4114;-100;-12
4115;-104;-16
4116;-100;-16
4117;-108;-20
4118;-104;-20
4119;-112;-20
4120;-112;-24
4121;-112;-24
4122;-116;-28
4123;-116;-28
4124;-120;-32
4125;-108;-32
4126;-124;-32
4127;-124;-36
4128;-128;-36
4129;-128;-36
4130;-132;-40
4131;-132;-40
4132;-144;-40
4133;-136;-40
4134;-136;-40
4135;-136;-36
4136;-140;-40
4137;-148;-36
4138;-140;-32
4139;-148;-32
4140;-144;-28
4141;-144;-28
4142;-148;-24
4143;-148;-24
4144;-144;-20
4145;-148;-20
4146;-152;-16
4147;-152;-16
4148;-156;-12
4149;-156;-12
4150;-156;-8
4151;-152;-4
4152;-160;-8
4153;-160;-4
4154;-160;-4
4155;-160;-4
4156;-164;-4
4157;-164;-4
4158;-164;-4
4159;-164;-4
4160;-168;-4
4161;-168;-4
4162;-168;-4
4163;-168;-4
4164;-168;-8
4165;-168;-4
4166;-172;-8
4167;-172;-8
4168;-172;-8
4169;-172;-8
4170;-176;-8
4171;-172;-12
4172;-164;-12
4173;-176;-12
4174;-176;-12
4175;-176;-12
4176;-176;-12
4177;-176;-12
4178;-180;-12
4179;-176;-12
4180;-176;-16
4181;-176;-16
4182;-176;-16
4183;-180;-12
4184;-180;-16
4185;-180;-16
4186;-180;-16
4187;-180;-16
4188;-176;-16
4189;-180;-16
4190;-180;-16
4191;-184;-16
4192;-180;-16
4193;-188;-16
4194;-176;-16
4195;-180;-16
4196;-180;-20
4197;-176;-16
4198;-180;-16
4199;-180;-16
4200;-184;-16
4201;-180;-16
4202;-176;-16
4203;-176;-16
4204;-176;-20
4205;-172;-16
4206;-176;-16
4207;-160;-16
4208;-172;-16
4209;-172;-16
4210;-172;-16
4211;-172;-16
4212;-168;-16
4213;-172;-20
4214;-160;-20
4215;-168;-20
4216;-168;-20
4217;-164;-24
4218;-164;-24
4219;-164;-24
4220;-164;-28
4221;-160;-28
4222;-160;-32
4223;-160;-36
4224;-160;-32
4225;-156;-36
4226;-164;-36
4227;-156;-36
4228;-156;-40
4229;-152;-40
4230;-152;-40
4231;-148;-40
4232;-152;-40
4233;-152;-40
4234;-148;-40
4235;-144;-40
4236;-144;-36
4237;-140;-36
4238;-144;-36
4239;-140;-32
4240;-136;-28
4241;-136;-28
4242;-132;-24
4243;-132;-20
4244;-132;-20
4245;-128;-16
4246;-128;-16
4247;-124;-12
4248;-124;-12
4249;-124;-12
4250;-120;-8
4251;-120;-8
4252;-116;-8
4253;-116;-4
4254;-100;-4
4255;-112;-4
4256;-108;-4
4257;-108;-4
4258;-104;-4
4259;-104;-4
4260;-100;-4
4261;-100;-8
4262;-96;-8
4263;-92;-8
4264;-96;-8
4265;-88;-8
4266;-88;-8
4267;-84;-8
4268;-84;-8
4269;-84;-8
4270;-80;-12
4271;-76;-8
4272;-76;-12
4273;-72;-12
4274;-72;-12
4275;-72;-12
4276;-64;-12
4277;-64;-12
4278;-64;-12
4279;-60;-16
4280;-60;-16
4281;-56;-16
4282;-68;-12
4283;-52;-16
4284;-48;-16
4285;-44;-16
4286;-44;-16
4287;-40;-16
4288;-40;-12
4289;-40;-16
4290;-36;-16
4291;-32;-16
4292;-28;-16
4293;-28;-16
4294;-24;-16
4295;-24;-16
4296;-4;-16
4297;-20;-16
4298;-16;-16
4299;-16;-16
4300;-12;-16
4301;-4;-16
4302;-8;-20
4303;-4;-16
4304;-4;-20
4305;0;-16
4306;0;-20
4307;4;-16
4308;8;-16
4309;8;-16
4310;12;-16
4311;12;-16
4312;16;-16
4313;16;-16
4314;20;-16
4315;24;-16
4316;28;-16
4317;28;-20
4318;32;40
4319;32;40
4320;36;36
4321;40;36
4322;44;32
4323;40;32
4324;44;32
4325;44;24
4326;48;28
4327;52;24
4328;52;24
4329;60;20
4330;56;20
4331;64;20
4332;60;16
4333;64;16
4334;68;16
4335;68;12
4336;68;12
4337;72;12
4338;76;16
4339;76;16
4340;80;16
4341;80;20
4342;84;20
4343;84;20
4344;88;20
4345;88;24
4346;92;28
4347;96;28
4348;96;32
4349;100;32
4350;104;36
4351;104;40
4352;104;44
4353;104;44
4354;108;44
4355;112;44
4356;112;48
4357;116;52
4358;116;52
4359;120;48
4360;120;52
4361;120;52
4362;124;48
4363;128;52
4364;144;52
4365;128;52
4366;132;52
4367;132;48
4368;136;52
4369;136;48
4370;136;48
4371;136;48
4372;140;48
4373;140;48
4374;140;48
4375;144;44
4376;140;44
4377;152;44
4378;152;44
4379;148;44
4380;152;44
4381;156;44
4382;156;44
4383;148;44
4384;160;44
4385;160;44
4386;160;40
4387;164;40
4388;164;40
4389;168;40
4390;168;40
4391;168;40
4392;168;40
4393;168;40
4394;172;40
4395;172;40
4396;172;40
4397;176;40
4398;176;40
4399;176;40
4400;176;40
4401;180;40
4402;180;40
4403;180;40
4404;168;40
4405;180;40
4406;180;40
4407;180;40
4408;184;36
4409;184;36
4410;184;36
4411;196;36
4412;184;32
4413;184;32
4414;188;32
4415;188;28
4416;192;28
4417;188;24
4418;192;24
4419;188;20
4420;192;20
4421;188;20
4422;192;16
4423;192;16
4424;188;16
4425;192;16
4426;188;16
4427;192;16
4428;192;16
4429;192;12
4430;192;16
4431;192;16
4432;188;20
4433;192;20
4434;192;20
4435;192;24
4436;192;28
4437;192;28
4438;192;32
4439;184;36
4440;192;36
4441;192;40
4442;192;40
4443;188;44
4444;192;44
4445;192;48
4446;176;48
4447;188;48
4448;188;48
4449;188;52
4450;188;52
4451;188;52
4452;188;48
4453;204;52
4454;184;52
4455;184;52
4456;184;52
4457;184;48
4458;192;52
4459;180;48
4460;180;48
4461;180;48
4462;180;48
4463;180;44
4464;180;48
4465;176;44
4466;176;44
4467;176;44
4468;176;44
4469;176;44
4470;172;44
4471;172;44
4472;172;44
4473;168;44
4474;168;40
4475;168;40
4476;168;40
4477;164;44
4478;164;40
4479;164;40
4480;164;40
4481;160;40
4482;156;40
4483;160;40
4484;156;40
4485;156;40
4486;152;40
4487;152;40
4488;152;40
4489;152;40
4490;148;40
4491;144;40
4492;148;40
4493;136;40
4494;144;40
4495;144;40
4496;140;40
4497;136;36
4498;136;40
4499;132;36
4500;128;36
4501;132;36
4502;128;36
4503;128;32
4504;128;32
4505;128;28
4506;124;28
4507;124;24
4508;120;24
4509;116;20
4510;116;20
4511;112;20
4512;112;16
4513;112;16
4514;116;16
4515;108;12
4516;108;16
4517;104;12
4518;100;16
4519;100;16
4520;96;16
4521;108;20
4522;92;20
4523;88;24
4524;88;24
4525;88;28
4526;80;-20
4527;80;-16
4528;72;-12
4529;76;-12
4530;76;-8
4531;76;-8
4532;72;-8
4533;60;-4
4534;68;0
4535;64;0
4536;64;4
4537;64;4
4538;60;4
4539;56;4
4540;56;8
4541;52;4
4542;52;4
4543;48;4
4544;48;0
4545;44;4
4546;40;4
4547;40;4
4548;40;4
4549;36;0
4550;36;0
4551;32;0
4552;28;0
4553;24;0
4554;24;-4
4555;24;-4
4556;20;-4
4557;16;-4
4558;16;-4
4559;12;-4
4560;12;-8
4561;12;-4
4562;8;-8
4563;4;-4
4564;0;-4
4565;4;-8
4566;0;-8
4567;-4;-4
4568;-8;-8
4569;-8;-8
4570;-8;-8
4571;-12;-8
4572;-12;-8
4573;-16;-8
4574;-20;-8
4575;-28;-8
4576;-24;-8
4577;-24;-8
4578;-28;-12
4579;-32;-8
4580;-32;-8
4581;-36;-8
4582;-40;-8
4583;-40;-12
4584;-40;-12
4585;-44;-12
4586;-44;-12
4587;-44;-16
4588;-48;-16
4589;-52;-20
4590;-52;-20
4591;-56;-20
4592;-56;-24
4593;-60;-24
4594;-60;-28
4595;-64;-28
4596;-64;-24
4597;-68;-32
4598;-68;-32
4599;-72;-32
4600;-76;-32
4601;-76;-32
4602;-76;-32
4603;-60;-32
4604;-80;-32
4605;-84;-28
4606;-88;-28
4607;-88;-24
4608;-92;-20
4609;-92;-20
4610;-92;-16
4611;-92;-12
4612;-96;-8
4613;-100;-4
4614;-100;-4
4615;-104;-4
4616;-104;0
4617;-104;0
4618;-112;0
4619;-108;4
4620;-112;4
4621;-112;4
4622;-124;4
4623;-116;4
4624;-120;4
4625;-120;4
4626;-124;0
4627;-124;0
4628;-124;0
4629;-128;0
4630;-128;0
4631;-128;0
4632;-132;0
4633;-136;-4
4634;-136;0
4635;-136;0
4636;-140;-4
4637;-140;0
4638;-140;-4
4639;-144;-4
4640;-140;-4
4641;-144;-4
4642;-144;-4
4643;-156;-8
4644;-148;-4
4645;-148;-4
4646;-152;-8
4647;-152;-8
4648;-152;-8
4649;-152;-4
4650;-152;-8
4651;-156;-8
4652;-156;-4
4653;-156;-4
4654;-160;-8
4655;-156;-8
4656;-160;-8
4657;-160;-8
4658;-160;-8
4659;-164;-8
4660;-168;-8
4661;-164;-8
4662;-164;-8
4663;-168;-8
4664;-160;-8
4665;-168;-8
4666;-168;-8
4667;-168;-8
4668;-168;-8
4669;-168;-8
4670;-172;-8
4671;-172;-8
4672;-172;-8
4673;-172;-8
4674;-172;-8
4675;-172;-12
4676;-176;-12
4677;-172;-12
4678;-176;-12
4679;-176;-12
4680;-176;-16
4681;-176;-16
4682;-176;-20
4683;-176;-20
4684;-176;-20
4685;-200;-24
4686;-176;-24
4687;-176;-28
4688;-176;-28
4689;-176;-32
4690;-180;-28
4691;-176;-32
4692;-184;-32
4693;-176;-32
4694;-176;-32
4695;-176;-32
4696;-176;-32
4697;-168;-32
4698;-172;-32
4699;-172;-32
4700;-172;-28
4701;-176;-28
4702;-172;-24
4703;-172;-24
4704;-172;-20
4705;-172;-20
4706;-172;-16
4707;-168;-12
4708;-168;-8
4709;-172;-8
4710;-168;-8
4711;-164;-4
4712;-168;0
4713;-168;0
4714;-168;0
4715;-164;4
4716;-164;4
4717;-164;4
4718;-156;4
4719;-160;0
4720;-160;4
4721;-156;0
4722;-156;0
4723;-156;0
4724;-152;0
4725;-152;4
4726;-152;0
4727;-152;0
4728;-152;4
4729;-152;0
4730;-148;0
4731;-148;0
4732;-152;0
4733;-144;0
4734;-140;0
4735;-140;28
4736;-140;28
4737;-140;28
4738;-136;24
4739;-140;24
4740;-132;24
4741;-132;24
4742;-132;24
4743;-128;24
4744;-128;24
4745;-124;24
4746;-124;24
4747;-124;24
4748;-120;24
4749;-120;24
4750;-120;20
4751;-116;20
4752;-112;20
4753;-108;20
4754;-108;20
4755;-108;20
4756;-104;16
4757;-104;16
4758;-100;12
4759;-100;8
4760;-80;8
4761;-96;8
4762;-96;8
4763;-92;4
4764;-88;4
4765;-92;0
4766;-84;0
4767;-88;-4
4768;-84;-4
4769;-80;-4
4770;-80;-4
4771;-76;-4
4772;-80;-4
4773;-72;-4
4774;-68;-4
4775;-68;-4
4776;-64;0
4777;-64;4
4778;-60;4
4779;-60;4
4780;-56;8
4781;-56;12
4782;-52;16
4783;-48;16
4784;-48;20
4785;-48;24
4786;-40;24
4787;-44;24
4788;-36;28
4789;-36;32
4790;-32;32
4791;-32;32
4792;-32;36
4793;-24;32
4794;-24;32
4795;-24;32
4796;-20;32
4797;-20;36
4798;-16;32
4799;-12;32
4800;-16;32
4801;-8;36
4802;-4;32
4803;-4;32
4804;0;28
4805;0;32
4806;4;28
4807;20;28
4808;8;28
4809;12;28
4810;12;28
4811;16;28
4812;16;24
4813;20;24
4814;20;24
4815;24;24
4816;28;24
4817;32;24
4818;32;24
4819;32;24
4820;36;24
4821;36;20
4822;40;24
4823;44;20
4824;44;24
4825;44;24
4826;48;24
4827;52;20
4828;48;20
4829;56;24
4830;56;20
4831;60;20
4832;64;20
4833;64;20
4834;68;20
4835;56;24
4836;72;20
4837;72;20
4838;80;20
4839;76;20
4840;80;20
4841;80;20
4842;84;24
4843;84;20
4844;88;20
4845;88;20
4846;92;20
4847;96;24
4848;96;20
4849;112;20
4850;100;20
4851;104;20
4852;104;16
4853;108;16
4854;108;12
4855;112;12
4856;112;12
4857;116;8
4858;116;8
4859;116;4
4860;120;4
4861;116;0
4862;124;0
4863;124;-4
4864;128;0
4865;128;-4
4866;128;-4
4867;132;-4
4868;132;-4
4869;136;-4
4870;136;0
4871;136;-4
4872;140;0
4873;144;4
4874;144;4
4875;148;12
4876;148;16
4877;148;20
4878;152;20
4879;152;24
4880;152;24
4881;152;28
4882;152;32
4883;156;32
4884;156;32
4885;160;32
4886;160;32
4887;160;32
4888;164;36
4889;176;32
4890;164;36
4891;168;32
4892;168;32
4893;168;32
4894;168;32
4895;172;32
4896;172;32
4897;176;28
4898;176;28
4899;172;28
4900;176;28
4901;176;28
4902;176;28
4903;180;28
4904;180;28
4905;180;24
4906;180;24
4907;180;28
4908;184;24
4909;184;24
4910;180;24
4911;184;28
4912;180;24
4913;184;24
4914;184;24
4915;184;24
4916;188;24
4917;176;24
4918;184;24
4919;184;24
4920;188;24
4921;188;20
4922;188;20
4923;188;24
4924;180;24
4925;192;20
4926;188;20
4927;188;20
4928;192;20
4929;188;20
4930;192;20
4931;208;20
4932;192;20
4933;192;20
4934;188;20
4935;192;20
4936;200;20
4937;192;20
4938;192;20
4939;192;20
4940;188;24
4941;192;20
4942;188;20
4943;192;16
4944;188;16
4945;188;12
4946;184;12
4947;188;12
4948;184;8
4949;188;8
4950;184;8
4951;188;4
4952;184;4
4953;184;0
4954;180;0
4955;180;0
4956;180;-4
4957;184;-4
4958;180;-4
4959;180;-8
4960;176;-8
4961;180;-8
4962;176;-8
4963;176;-8
4964;184;-8
4965;176;-8
4966;172;-8
4967;172;-8
4968;172;-4
4969;172;-4
4970;168;-4
4971;164;0
4972;164;0
4973;164;8
4974;164;8
4975;164;12
4976;164;12
4977;160;16
4978;160;20
4979;160;20
4980;156;20
4981;156;24
4982;156;28
4983;156;24
4984;152;28
4985;152;28
4986;152;28
4987;152;28
4988;148;32
4989;148;28
4990;148;28
4991;144;28
4992;148;28
4993;140;28
4994;136;28
4995;140;28
4996;136;28
4997;136;24
4998;132;24
4999;152;24
5000;132;24
5001;132;24
5002;128;24
5003;124;20
5004;124;24
5005;124;24
5006;120;20
5007;116;20
5008;120;20
5009;112;20
5010;112;20
5011;108;20
5012;108;16
5013;108;16
5014;104;16
5015;104;16
5016;100;20
5017;100;16
5018;92;16
5019;96;20
5020;96;20
5021;92;16
5022;88;20
5023;88;16
5024;84;16
5025;84;16
5026;80;16
5027;80;16
5028;76;16
5029;76;16
5030;72;16
5031;72;16
5032;68;16
5033;64;16
5034;64;16
5035;64;20
5036;60;16
5037;60;16
5038;56;20
5039;44;16
5040;52;12
5041;52;12
5042;48;12
5043;48;12
5044;44;8
5045;40;8
5046;48;4
5047;36;4
5048;36;4
5049;32;0
5050;32;-4
5051;28;0
5052;24;-4
5053;28;-4
5054;20;-4
5055;20;-8
5056;16;-8
5057;12;-8
5058;16;-8
5059;8;-8
5060;12;-8
5061;8;-8
5062;4;-8
5063;4;-4
5064;0;0
5065;0;0
5066;-4;4
5067;-12;4
5068;-8;8
5069;-12;12
5070;-12;12
5071;-16;16
5072;-20;20
5073;-20;20
5074;-28;20
5075;-24;24
5076;-24;24
5077;-28;28
5078;-32;28
5079;-32;28
5080;-36;28
5081;-56;28
5082;-40;28
5083;-44;28
5084;-44;28
5085;-48;28
5086;-48;28
5087;-52;28
5088;-36;24
5089;-56;28
5090;-56;28
5091;-60;28
5092;-60;24
5093;-56;24
5094;-64;24
5095;-68;24
5096;-68;24
5097;-72;20
5098;-72;20
5099;-76;20
5100;-80;24
5101;-76;20
5102;-80;20
5103;-84;20
5104;-84;20
5105;-88;20
5106;-88;20
5107;-88;20
5108;-92;20
5109;-92;20
5110;-96;20
5111;-100;16
5112;-100;16
5113;-100;20
5114;-100;16
5115;-104;20
5116;-108;20
5117;-108;16
5118;-112;16
5119;-112;20
5120;-112;16
5121;-112;16
5122;-116;20
5123;-120;12
5124;-124;16
5125;-124;16
5126;-124;16
5127;-124;16
5128;-136;16
5129;-128;16
5130;-132;16
5131;-128;12
5132;-132;12
5133;-132;12
5134;-136;8
5135;-140;8
5136;-140;4
5137;-140;0
5138;-144;0
5139;-144;0
5140;-144;-4
5141;-144;-8
5142;-148;-8
5143;-152;-8
5144;-148;-8
5145;-152;-8
5146;-152;-8
5147;-152;-8
5148;-156;-8
5149;-152;-8
5150;-156;-4
5151;-160;-28
5152;-156;-28
5153;-156;-24
5154;-160;-24
5155;-160;-20
5156;-144;-20
5157;-160;-16
5158;-168;-12
5159;-164;-12
5160;-168;-8
5161;-168;-8
5162;-168;-4
5163;-168;-4
5164;-168;0
5165;-172;0
5166;-172;0
5167;-172;0
5168;-176;4
5169;-172;4
5170;-168;4
5171;-172;4
5172;-172;4
5173;-172;4
5174;-172;4
5175;-168;4
5176;-176;0
5177;-176;4
5178;-176;0
5179;-176;0
5180;-176;0
5181;-176;0
5182;-172;-4
5183;-180;-4
5184;-176;-4
5185;-176;-4
5186;-180;-4
5187;-180;-4
5188;-180;-4
5189;-176;-4
5190;-180;-4
5191;-176;-4
5192;-180;-4
5193;-176;-4
5194;-176;-4
5195;-176;-4
5196;-172;-4
5197;-176;-8
5198;-176;-8
5199;-176;-8
5200;-176;-8
5201;-176;-8
5202;-176;-8
5203;-168;-8
5204;-172;-8
5205;-172;-8
5206;-172;-8
5207;-172;-8
5208;-172;-8
5209;-168;-8
5210;-172;-8
5211;-168;-8
5212;-168;-8
5213;-164;-12
5214;-168;-8
5215;-164;-12
5216;-164;-8
5217;-164;-12
5218;-160;-12
5219;-160;-16
5220;-160;-16
5221;-160;-16
5222;-156;-20
5223;-156;-20
5224;-160;-24
5225;-156;-24
5226;-156;-28
5227;-152;-28
5228;-152;-28
5229;-152;-32
5230;-148;-32
5231;-156;-32
5232;-148;-32
5233;-144;-32
5234;-144;-32
5235;-140;-32
5236;-136;-32
5237;-140;-32
5238;-132;-32
5239;-136;-28
5240;-136;-24
5241;-136;-24
5242;-132;-20
5243;-124;-16
5244;-128;-20
5245;-112;-12
5246;-128;-12
5247;-124;-8
5248;-120;-8
5249;-120;-4
5250;-116;0
5251;-116;0
5252;-112;0
5253;-112;0
5254;-108;0
5255;-108;4
5256;-108;4
5257;-112;4
5258;-100;4
5259;-100;4
5260;-100;4
5261;-92;4
5262;-96;4
5263;-92;4
5264;-92;4
5265;-88;0
5266;-84;0
5267;-84;0
5268;-80;0
5269;-80;0
5270;-76;0
5271;-72;-4
5272;-72;0
5273;-68;-4
5274;-64;-4
5275;-68;0
5276;-64;-4
5277;-60;-4
5278;-68;-4
5279;-60;-4
5280;-56;-8
5281;-56;-4
5282;-52;-4
5283;-48;-8
5284;-44;-4
5285;-48;-4
5286;-40;-8
5287;-40;-8
5288;-36;-4
5289;-32;-8
5290;-32;-8
5291;-28;-8
5292;-24;-8
5293;-24;-8
5294;-24;-8
5295;-20;-8
5296;-20;-8
5297;-16;-8
5298;-12;-8
5299;-4;-8
5300;-8;-8
5301;-8;-8
5302;-4;-12
5303;0;-8
5304;0;-8
5305;4;-8
5306;8;-12
5307;8;-8
5308;12;-8
5309;12;-8
5310;12;-12
5311;16;-8
5312;20;-8
5313;20;-8
5314;24;-8
5315;24;-8
5316;28;-8
5317;28;-8
5318;32;-12
5319;32;-12
5320;16;-12
5321;40;-12
5322;44;-16
5323;44;-16
5324;48;-16
5325;44;-20
5326;52;-20
5327;44;-24
5328;56;-28
5329;60;-28
5330;56;-32
5331;64;-28
5332;72;-32
5333;68;-32
5334;68;-32
5335;72;-32
5336;72;-36
5337;76;-32
5338;76;-32
5339;80;-32
5340;80;-32
5341;84;-28
5342;84;-28
5343;88;-24
5344;88;-20
5345;92;-20
5346;96;-12
5347;100;-12
5348;100;-12
5349;100;-8
5350;100;-4
5351;104;0
5352;108;0
5353;112;4
5354;108;0
5355;108;4
5356;112;4
5357;116;4
5358;116;8
5359;120;8
5360;128;44
5361;124;44
5362;124;44
5363;128;44
5364;128;44
5365;132;44
5366;132;40
5367;128;40
5368;132;44
5369;136;40
5370;140;40
5371;136;40
5372;144;40
5373;144;40
5374;140;36
5375;148;36
5376;148;36
5377;148;36
5378;148;36
5379;152;36
5380;156;36
5381;156;36
5382;156;40
5383;156;32
5384;160;36
5385;160;36
5386;164;36
5387;164;32
5388;168;32
5389;168;36
5390;168;32
5391;168;32
5392;168;32
5393;172;32
5394;168;32
5395;192;32
5396;172;32
5397;172;32
5398;176;28
5399;176;28
5400;176;24
5401;176;24
5402;180;24
5403;180;20
5404;180;20
5405;184;16
5406;180;16
5407;176;12
5408;184;12
5409;184;12
5410;184;8
5411;184;8
5412;184;8
5413;184;8
5414;180;8
5415;188;8
5416;184;8
5417;188;8
5418;188;12
5419;188;12
5420;188;16
5421;188;16
5422;188;16
5423;188;20
5424;188;24
5425;188;28
5426;188;28
5427;192;32
5428;188;36
5429;192;36
5430;192;36
5431;188;40
5432;192;40
5433;188;40
5434;192;44
5435;180;44
5436;192;44
5437;192;44
5438;192;44
5439;188;44
5440;192;44
5441;188;44
5442;200;44
5443;188;44
5444;188;44
5445;188;44
5446;188;44
5447;184;40
5448;184;40
5449;184;40
5450;188;40
5451;184;40
5452;184;40
5453;180;36
5454;184;36
5455;184;36
5456;184;36
5457;184;36
5458;180;40
5459;180;36
5460;176;36
5461;176;36
5462;180;36
5463;168;36
5464;176;36
5465;172;32
5466;172;36
5467;172;36
5468;168;36
5469;168;36
5470;156;36
5471;168;36
5472;168;32
5473;164;32
5474;164;32
5475;164;36
5476;164;32
5477;156;32
5478;160;32
5479;156;36
5480;160;32
5481;156;32
5482;160;32
5483;152;32
5484;172;32
5485;156;32
5486;152;32
5487;152;32
5488;148;28
5489;144;28
5490;144;28
5491;144;24
5492;140;24
5493;140;20
5494;140;20
5495;136;16
5496;124;16
5497;132;16
5498;132;12
5499;132;12
5500;132;8
5501;128;8
5502;128;8
5503;120;8
5504;124;8
5505;120;8
5506;120;8
5507;116;8
5508;112;8
5509;112;12
5510;108;16
5511;108;16
5512;108;20
5513;108;20
5514;104;24
5515;100;24
5516;100;24
5517;88;28
5518;96;32
5519;92;36
5520;92;36
5521;88;40
5522;88;40
5523;84;40
5524;96;40
5525;80;44
5526;80;44
5527;72;44
5528;76;44
5529;76;44
5530;72;44
5531;72;44
5532;68;44
5533;64;44
5534;64;44
5535;60;44
5536;60;44
5537;56;44
5538;60;44
5539;52;44
5540;48;40
5541;48;44
5542;44;40
5543;44;40
5544;44;40
5545;40;40
5546;36;36
5547;36;40
5548;32;36
5549;32;36
5550;28;36
5551;28;36
5552;20;36
5553;20;36
5554;20;32
5555;16;32
5556;12;32
5557;12;32
5558;8;32
5559;-16;32
5560;4;36
5561;4;32
5562;0;32
5563;0;32
5564;-8;32
5565;-4;32
5566;-16;36
5567;-8;32
5568;-12;-20
5569;-16;-20
5570;-16;-20
5571;-12;-20
5572;-20;-24
5573;-20;-24
5574;-24;-28
5575;-28;-28
5576;-32;-28
5577;-32;-32
5578;-32;-36
5579;-36;-32
5580;-40;-36
5581;-40;-36
5582;-40;-36
5583;-44;-40
5584;-44;-40
5585;-48;-40
5586;-52;-40
5587;-52;-44
5588;-56;-44
5589;-56;-44
5590;-60;-44
5591;-60;-44
5592;-60;-40
5593;-64;-40
5594;-68;-36
5595;-68;-36
5596;-72;-36
5597;-72;-32
5598;-76;-32
5599;-64;-28
5600;-80;-24
5601;-84;-24
5602;-84;-20
5603;-88;-20
5604;-88;-16
5605;-92;-16
5606;-96;-12
5607;-92;-12
5608;-96;-12
5609;-96;-12
5610;-96;-8
5611;-104;-8
5612;-100;-8
5613;-108;-8
5614;-108;-8
5615;-108;-8
5616;-108;-8
5617;-112;-8
5618;-112;-8
5619;-112;-8
5620;-120;-8
5621;-120;-12
5622;-124;-8
5623;-120;-12
5624;-124;-12
5625;-124;-12
5626;-128;-12
5627;-132;-12
5628;-132;-12
5629;-132;-16
5630;-132;-16
5631;-136;-16
5632;-132;-16
5633;-136;-16
5634;-124;-16
5635;-140;-20
5636;-140;-16
5637;-144;-20
5638;-148;-20
5639;-144;-20
5640;-144;-20
5641;-140;-20
5642;-148;-20
5643;-152;-20
5644;-152;-20
5645;-152;-16
5646;-156;-20
5647;-156;-20
5648;-156;-20
5649;-156;-20
5650;-160;-20
5651;-160;-20
5652;-160;-20
5653;-168;-24
5654;-160;-20
5655;-164;-20
5656;-164;-20
5657;-164;-20
5658;-164;-20
5659;-168;-20
5660;-172;-20
5661;-168;-20
5662;-168;-20
5663;-168;-20
5664;-172;-20
5665;-168;-24
5666;-172;-24
5667;-172;-24
5668;-172;-28
5669;-172;-28
5670;-172;-28
5671;-176;-32
5672;-172;-36
5673;-176;-36
5674;-188;-36
5675;-176;-40
5676;-176;-36
5677;-176;-40
5678;-176;-40
5679;-176;-44
5680;-180;-44
5681;-176;-44
5682;-180;-44
5683;-180;-40
5684;-180;-44
5685;-180;-40
5686;-180;-40
5687;-180;-40
5688;-176;-40
5689;-180;-36
5690;-180;-32
5691;-180;-28
5692;-180;-28
5693;-180;-24
5694;-176;-20
5695;-172;-20
5696;-176;-20
5697;-176;-20
5698;-180;-16
5699;-176;-16
5700;-176;-12
5701;-172;-12
5702;-176;-12
5703;-176;-8
5704;-172;-8
5705;-176;-8
5706;-172;-8
5707;-176;-8
5708;-172;-8
5709;-176;-8
5710;-172;-8
5711;-168;-8
5712;-168;-8
5713;-168;-12
5714;-168;-8
5715;-164;-12
5716;-188;-12
5717;-164;-12
5718;-164;-12
5719;-164;-12
5720;-160;-16
5721;-164;-16
5722;-160;-16
5723;-164;-16
5724;-156;-16
5725;-156;-16
5726;-156;-16
5727;-156;-16
5728;-144;-16
5729;-152;-16
5730;-148;-16
5731;-148;-16
5732;-148;-16
5733;-148;-16
5734;-144;-16
5735;-144;-20
5736;-140;-20
5737;-136;-20
5738;-140;-16
5739;-136;-20
5740;-136;-20
5741;-132;-20
5742;-128;-20
5743;-128;-20
5744;-128;-20
5745;-124;-20
5746;-124;-20
5747;-124;-20
5748;-120;-20
5749;-112;-20
5750;-116;-20
5751;-112;-20
5752;-112;-20
5753;-108;-20
5754;-108;-20
5755;-108;-24
5756;-100;-28
5757;-100;-28
5758;-100;-28
5759;-96;-32
5760;-96;-32
5761;-96;-36
5762;-92;-36
5763;-96;-40
5764;-88;-40
5765;-88;-40
5766;-80;-40
5767;-84;-44
5768;-80;-40
5769;-80;-44
5770;-80;-40
5771;-72;-40
5772;-68;-40
5773;-68;-40
5774;-68;-40
5775;-60;-36
5776;-64;16
5777;-60;16
5778;-56;20
5779;-56;20
5780;-52;20
5781;-48;24
5782;-44;28
5783;-48;28
5784;-40;32
5785;-40;32
5786;-40;36
5787;-36;40
5788;-32;40
5789;-32;40
5790;-32;40
5791;-4;40
5792;-24;40
5793;-20;44
5794;-20;44
5795;-20;44
5796;-16;40
5797;-12;44
5798;-8;40
5799;-8;40
5800;-8;40
5801;-4;40
5802;0;40
5803;0;40
5804;0;36
5805;8;36
5806;8;32
5807;12;32
5808;12;36
5809;16;36
5810;20;36
5811;20;32
5812;20;32
5813;24;36
5814;28;32
5815;28;32
5816;32;32
5817;36;32
5818;36;32
5819;40;32
5820;40;32
5821;44;28
5822;44;32
5823;44;32
5824;52;32
5825;52;32
5826;52;32
5827;60;32
5828;56;28
5829;64;32
5830;60;28
5831;68;32
5832;68;28
5833;72;28
5834;72;32
5835;76;28
5836;76;32
5837;80;28
5838;88;32
5839;84;28
5840;84;28
5841;88;28
5842;92;32
5843;92;28
5844;92;28
5845;96;28
5846;100;28
5847;100;28
5848;104;28
5849;104;28
5850;104;24
5851;108;24
5852;108;24
5853;112;20
5854;112;20
5855;116;20
5856;120;20
5857;120;16
5858;120;16
5859;124;12
5860;124;12
5861;128;8
5862;132;8
5863;128;8
5864;132;8
5865;136;4
5866;128;4
5867;136;4
5868;140;4
5869;144;4
5870;140;4
5871;148;8
5872;148;8
5873;156;12
5874;148;16
5875;148;12
5876;152;20
5877;152;20
5878;160;24
5879;156;24
5880;172;28
5881;156;32
5882;160;32
5883;164;36
5884;164;36
5885;168;40
5886;164;40
5887;164;40
5888;168;40
5889;168;44
5890;172;40
5891;172;44
5892;164;40
5893;176;44
5894;172;44
5895;176;40
5896;176;40
5897;176;40
5898;176;40
5899;176;40
5900;176;36
5901;180;36
5902;180;36
5903;184;36
5904;184;32
5905;184;36
5906;188;36
5907;184;32
5908;184;36
5909;188;32
5910;184;36
5911;188;32
5912;188;36
5913;180;36
5914;188;32
5915;192;32
5916;188;32
5917;188;32
5918;192;32
5919;192;32
5920;188;32
5921;188;32
5922;192;32
5923;192;28
5924;192;32
5925;192;32
5926;192;28
5927;196;32
5928;192;32
5929;192;32
5930;192;32
5931;192;32
5932;192;32
5933;192;32
5934;200;32
5935;192;32
5936;192;28
5937;188;32
5938;192;28
5939;192;32
5940;188;28
5941;192;28
5942;188;28
5943;188;28
5944;192;28
5945;188;28
5946;188;28
5947;188;20
5948;192;20
5949;188;20
5950;188;16
5951;184;16
5952;184;12
5953;180;12
5954;184;12
5955;160;8
5956;184;8
5957;180;8
5958;180;4
5959;180;4
5960;176;4
5961;180;4
5962;164;4
5963;176;4
5964;176;8
5965;176;8
5966;172;8
5967;180;12
5968;172;16
5969;172;16
5970;168;16
5971;168;20
5972;164;20
5973;168;24
5974;168;28
5975;160;32
5976;164;32
5977;160;36
5978;164;36
5979;160;40
5980;156;40
5981;156;40
5982;156;44
5983;152;44
5984;152;44
5985;152;44
5986;148;44
5987;148;12
5988;152;12
5989;144;12
5990;148;12
5991;144;8
5992;140;12
5993;136;12
5994;136;8
5995;144;8
5996;136;8
5997;136;8
5998;132;4
5999;128;4
6000;128;4
6001;128;8
6002;120;4
6003;124;4
6004;124;4
6005;120;0
6006;120;0
6007;116;4
6008;112;0
6009;108;4
6010;108;0
6011;108;0
6012;104;0
6013;104;0
6014;104;0
6015;100;0
6016;96;0
6017;100;0
6018;96;0
6019;92;0
6020;92;0
6021;92;0
6022;84;0
6023;84;0
6024;84;0
6025;80;0
6026;80;0
6027;80;-4
6028;76;-4
6029;72;-4
6030;96;-4
6031;68;-8
6032;64;-8
6033;64;-8
6034;60;-12
6035;60;-12
6036;60;-16
6037;60;-16
6038;56;-20
6039;52;-20
6040;48;-20
6041;48;-20
6042;40;-20
6043;44;-20
6044;44;-24
6045;36;-24
6046;36;-24
6047;32;-28
6048;32;-24
6049;20;-24
6050;28;-24
6051;24;-20
6052;24;-20
6053;20;-16
6054;20;-16
6055;16;-12
6056;12;-12
6057;12;-8
6058;12;-4
6059;8;-4
6060;4;0
6061;4;4
6062;0;4
6063;-4;4
6064;-4;8
6065;-4;4
6066;-8;8
6067;-12;8
6068;-12;8
6069;-16;12
6070;-28;12
6071;-16;12
6072;-20;12
6073;-24;12
6074;-28;8
6075;-28;12
6076;-32;8
6077;-20;12
6078;-36;8
6079;-36;8
6080;-40;8
6081;-40;8
6082;-44;8
6083;-44;8
6084;-48;4
6085;-48;4
6086;-52;4
6087;-52;4
6088;-56;4
6089;-60;4
6090;-60;4
6091;-60;4
6092;-64;4
6093;-64;4
6094;-68;0
6095;-72;0
6096;-72;0
6097;-72;0
6098;-84;0
6099;-80;0
6100;-80;0
6101;-80;0
6102;-84;0
6103;-84;0
6104;-88;0
6105;-104;0
6106;-92;0
6107;-96;0
6108;-96;0
6109;-100;-4
6110;-96;0
6111;-104;-4
6112;-92;-4
6113;-108;0
6114;-108;0
6115;-108;0
6116;-112;0
6117;-112;-4
6118;-116;0
6119;-108;-4
6120;-120;-4
6121;-120;-4
6122;-124;-4
6123;-124;-8
6124;-128;-8
6125;-128;-8
6126;-124;-12
6127;-128;-12
6128;-132;-16
6129;-132;-16
6130;-136;-20
6131;-144;-16
6132;-136;-20
6133;-140;-24
6134;-140;-24
6135;-140;-24
6136;-144;-24
6137;-148;-28
6138;-148;-28
6139;-148;-28
6140;-148;-24
6141;-148;-24
6142;-152;-20
6143;-152;-20
6144;-152;-20
6145;-152;-20
6146;-156;-16
6147;-156;-16
6148;-156;-8
6149;-160;-8
6150;-160;-8
6151;-160;0
6152;-168;0
6153;-164;0
6154;-164;4
6155;-168;4
6156;-168;8
6157;-164;8
6158;-168;8
6159;-176;12
6160;-172;12
6161;-168;12
6162;-172;12
6163;-172;8
6164;-172;12
6165;-172;12
6166;-172;8
6167;-172;8
6168;-176;8
6169;-172;8
6170;-176;8
6171;-172;4
6172;-176;8
6173;-168;8
6174;-176;4
6175;-176;8
6176;-176;4
6177;-180;4
6178;-176;4
6179;-180;4
6180;-176;4
6181;-180;4
6182;-180;0
6183;-180;0
6184;-180;4
6185;-180;0
6186;-180;0
6187;-184;0
6188;-180;0
6189;-180;0
6190;-176;0
6191;-180;4
6192;-184;0
6193;-180;0
6194;-200;8
6195;-180;8
6196;-180;8
6197;-176;8
6198;-180;8
6199;-180;4
6200;-176;0
6201;-184;0
6202;-176;-4
6203;-172;-4
6204;-176;-4
6205;-176;-8
6206;-164;-8
6207;-172;-12
6208;-172;-12
6209;-168;-12
6210;-172;-12
6211;-168;-16
6212;-168;-16
6213;-164;-16
6214;-168;-16
6215;-168;-16
6216;-164;-20
6217;-160;-20
6218;-164;-16
6219;-160;-16
6220;-160;-16
6221;-160;-12
6222;-160;-12
6223;-156;-8
6224;-156;-8
6225;-156;-4
6226;-152;0
6227;-152;0
6228;-152;4
6229;-148;8
6230;-144;8
6231;-144;12
6232;-144;12
6233;-144;16
6234;-132;16
6235;-140;16
6236;-140;16
6237;-136;20
6238;-136;20
6239;-136;20
6240;-132;16
6241;-132;20
6242;-132;20
6243;-128;20
6244;-124;16
6245;-124;16
6246;-124;16
6247;-120;16
6248;-120;16
6249;-116;16
6250;-116;16
6251;-112;16
6252;-112;12
6253;-108;12
6254;-108;12
6255;-108;12
6256;-104;12
6257;-104;8
6258;-100;12
6259;-96;12
6260;-92;12
6261;-92;8
6262;-96;12
6263;-88;8
6264;-84;8
6265;-84;8
6266;-80;8
6267;-76;8
6268;-80;8
6269;-60;8
6270;-72;8
6271;-72;8
6272;-68;8
6273;-68;8
6274;-60;8
6275;-60;8
6276;-52;8
6277;-60;8
6278;-56;8
6279;-52;8
6280;-52;8
6281;-52;8
6282;-48;4
6283;-44;8
6284;-40;8
6285;-36;4
6286;-36;4
6287;-36;4
6288;-40;0
6289;-28;0
6290;-28;-4
6291;-24;-4
6292;-20;-4
6293;-20;-8
6294;-16;-12
6295;-16;-12
6296;-12;-12
6297;-12;-12
6298;-8;-16
6299;-8;-16
6300;-8;-20
6301;0;-16
6302;0;-16
6303;4;-20
6304;4;-16
6305;8;-20
6306;8;-16
6307;12;-16
6308;16;-12
6309;8;-12
6310;20;-8
6311;24;-4
6312;24;0
6313;28;4
6314;28;4
6315;32;8
6316;36;12
6317;36;12
6318;36;12
6319;40;16
6320;40;20
6321;48;20
6322;44;16
6323;56;20
6324;52;20
6325;52;20
6326;52;16
6327;56;16
6328;60;20
6329;64;16
6330;72;16
6331;68;16
6332;68;16
6333;72;16
6334;72;16
6335;76;16
6336;80;12
6337;80;16
6338;80;12
6339;84;12
6340;84;12
6341;88;12
6342;88;12
6343;92;12
6344;92;12
6345;96;8
6346;96;8
6347;100;12
6348;104;12
6349;104;8
6350;108;8
6351;84;8
6352;112;4
6353;108;8
6354;116;8
6355;116;4
6356;116;4
6357;120;8
6358;112;8
6359;124;8
6360;124;8
6361;128;8
6362;128;8
6363;140;8
6364;132;8
6365;132;8
6366;132;4
6367;136;4
6368;136;4
6369;140;0
6370;144;0
6371;144;0
6372;144;-4
6373;148;-8
6374;148;-8
6375;152;-8
6376;152;-12
6377;156;-12
6378;152;-16
6379;156;-12
6380;156;-16
6381;160;-16
6382;160;-16
6383;164;-20
6384;168;-16
6385;164;-20
6386;164;-20
6387;168;-20
6388;168;-20
6389;172;-20
6390;168;-16
6391;180;-12
6392;172;-8
6393;176;-8
6394;176;-4
6395;176;0
6396;176;0
6397;176;4
6398;176;8
6399;180;12
6400;180;12
6401;176;40
6402;180;36
6403;184;40
6404;180;40
6405;180;44
6406;184;40
6407;184;40
6408;188;44
6409;184;40
6410;188;40
6411;188;44
6412;188;44
6413;188;40
6414;188;40
6415;192;40
6416;188;36
6417;192;40
6418;192;40
6419;192;36
6420;192;36
6421;192;36
6422;188;36
6423;192;36
6424;192;36
6425;192;32
6426;212;32
6427;188;32
6428;192;32
6429;192;32
6430;192;32
6431;188;32
6432;192;32
6433;188;32
6434;192;32
6435;192;28
6436;192;32
6437;188;32
6438;184;32
6439;188;32
6440;188;32
6441;188;32
6442;188;32
6443;192;28
6444;188;28
6445;192;28
6446;188;28
6447;188;28
6448;188;28
6449;188;28
6450;184;28
6451;188;24
6452;184;24
6453;184;24
6454;184;20
6455;184;20
6456;180;20
6457;180;16
6458;180;16
6459;180;12
6460;176;12
6461;176;8
6462;176;8
6463;176;8
6464;176;8
6465;176;8
6466;168;4
6467;172;4
6468;168;4
6469;172;4
6470;168;4
6471;168;8
6472;168;8
6473;180;8
6474;164;8
6475;164;12
6476;164;16
6477;164;16
6478;160;20
6479;160;24
6480;156;28
6481;156;28
6482;152;32
6483;152;32
6484;152;32
6485;152;36
6486;148;40
6487;148;40
6488;148;40
6489;144;40
6490;144;40
6491;144;40
6492;144;40
6493;140;44
6494;132;40
6495;136;40
6496;132;40
6497;132;40
6498;128;36
6499;128;40
6500;128;36
6501;112;36
6502;124;40
6503;120;36
6504;120;36
6505;120;36
6506;120;36
6507;112;36
6508;116;36
6509;108;32
6510;108;32
6511;108;32
6512;108;32
6513;108;32
6514;104;32
6515;116;32
6516;96;28
6517;96;32
6518;96;32
6519;92;32
6520;92;32
6521;88;32
6522;84;32
6523;84;32
6524;84;32
6525;80;32
6526;80;28
6527;68;32
6528;72;28
6529;72;32
6530;68;32
6531;68;28
6532;64;28
6533;64;28
6534;60;28
6535;60;28
6536;56;28
6537;56;28
6538;52;28
6539;52;28
6540;48;28
6541;52;28
6542;44;28
6543;40;28
6544;40;28
6545;36;28
6546;36;28
6547;32;28
6548;20;28
6549;24;28
6550;28;28
6551;24;24
6552;20;24
6553;20;24
6554;16;24
6555;16;24
6556;12;20
6557;12;20
6558;8;16
6559;4;12
6560;4;12
6561;0;12
6562;4;12
6563;0;8
6564;-4;8
6565;-8;8
6566;-8;4
6567;-12;4
6568;-16;4
6569;-8;4
6570;-16;4
6571;-20;4
6572;-24;4
6573;-24;8
6574;-24;8
6575;-28;12
6576;-24;16
6577;-32;16
6578;-36;20
6579;-36;24
6580;-40;28
6581;-44;32
6582;-44;32
6583;-44;32
6584;-48;36
6585;-52;40
6586;-52;40
6587;-52;40
6588;-60;40
6589;-56;40
6590;-84;44
6591;-64;40
6592;-64;44
6593;-68;40
6594;-68;40
6595;-76;40
6596;-72;36
6597;-88;36
6598;-76;36
6599;-80;36
6600;-80;36
6601;-84;36
6602;-76;36
6603;-88;36
6604;-88;36
6605;-88;36
6606;-92;36
6607;-96;36
6608;-92;32
6609;-96;32
6610;-100;-8
6611;-100;-8
6612;-104;-12
6613;-104;-12
6614;-108;-12
6615;-108;-12
6616;-108;-12
6617;-112;-16
6618;-116;-16
6619;-116;-20
6620;-116;-20
6621;-120;-20
6622;-124;-24
6623;-116;-24
6624;-124;-28
6625;-128;-28
6626;-124;-28
6627;-128;-32
6628;-128;-32
6629;-132;-32
6630;-128;-36
6631;-136;-36
6632;-136;-36
6633;-140;-36
6634;-136;-40
6635;-140;-40
6636;-140;-36
6637;-152;-36
6638;-144;-32
6639;-148;-32
6640;-148;-32
6641;-148;-28
6642;-148;-28
6643;-152;-20
6644;-156;-20
6645;-152;-16
6646;-152;-16
6647;-156;-12
6648;-156;-12
6649;-156;-8
6650;-156;-8
6651;-160;-4
6652;-160;-4
6653;-160;0
6654;-160;0
6655;-164;-4
6656;-160;0
6657;-164;0
6658;-160;0
6659;-164;0
6660;-168;0
6661;-164;0
6662;-168;-4
6663;-164;-4
6664;-168;-4
6665;-148;-4
6666;-172;-4
6667;-172;-4
6668;-168;-4
6669;-172;-4
6670;-172;-8
6671;-172;-8
6672;-172;-8
6673;-176;-8
6674;-176;-8
6675;-176;-8
6676;-176;-8
6677;-180;-12
6678;-176;-8
6679;-172;-12
6680;-176;-12
6681;-176;-12
6682;-180;-12
6683;-180;-12
6684;-184;-12
6685;-176;-12
6686;-176;-12
6687;-176;-12
6688;-176;-12
6689;-176;-12
6690;-176;-12
6691;-176;-12
6692;-176;-12
6693;-176;-12
6694;-172;-12
6695;-176;-12
6696;-172;-16
6697;-172;-12
6698;-172;-12
6699;-172;-12
6700;-172;-16
6701;-172;-12
6702;-172;-16
6703;-172;-12
6704;-172;-16
6705;-180;-12
6706;-168;-16
6707;-168;-16
6708;-164;-16
6709;-164;-16
6710;-164;-20
6711;-164;-20
6712;-152;-24
6713;-164;-24
6714;-160;-28
6715;-160;-28
6716;-160;-28
6717;-160;-32
6718;-156;-36
6719;-156;-36
6720;-156;-36
6721;-152;-36
6722;-156;-36
6723;-152;-36
6724;-148;-36
6725;-152;-40
6726;-148;-36
6727;-148;-36
6728;-148;-36
6729;-144;-32
6730;-144;-32
6731;-140;-28
6732;-140;-28
6733;-144;-24
6734;-140;-24
6735;-136;-20
6736;-132;-16
6737;-136;-16
6738;-132;-16
6739;-128;-12
6740;-140;-8
6741;-124;-8
6742;-128;-8
6743;-120;-4
6744;-120;-4
6745;-120;-4
6746;-116;-4
6747;-112;-4
6748;-112;0
6749;-116;0
6750;-112;-4
6751;-112;0
6752;-108;-4
6753;-108;-4
6754;-88;-4
6755;-104;-4
6756;-100;-4
6757;-96;-4
6758;-92;-4
6759;-92;-8
6760;-92;-8
6761;-92;-8
6762;-88;-8
6763;-88;-8
6764;-84;-8
6765;-80;-12
6766;-88;-8
6767;-76;-8
6768;-72;-8
6769;-72;-12
6770;-72;-12
6771;-68;-12
6772;-68;-12
6773;-64;-12
6774;-60;-12
6775;-60;-12
6776;-56;-12
6777;-52;-12
6778;-52;-12
6779;-52;-12
6780;-44;-12
6781;-44;-12
6782;-44;-12
6783;-40;-12
6784;-40;-12
6785;-36;-12
6786;-36;-12
6787;-36;-12
6788;-28;-12
6789;-28;-12
6790;-28;-12
6791;-24;-12
6792;-20;-16
6793;-20;-12
6794;-24;-12
6795;-16;-12
6796;-12;-12
6797;-12;-16
6798;-8;-16
6799;-4;-16
6800;-4;-16
6801;-4;-20
6802;4;-20
6803;4;-24
6804;8;-24
6805;8;-28
6806;12;-28
6807;16;-28
6808;24;-32
6809;16;-32
6810;20;-36
6811;24;-36
6812;24;-36
6813;32;-36
6814;28;-36
6815;36;-36
6816;36;-36
6817;40;-36
6818;36;16
6819;44;16
6820;44;16
6821;44;20
6822;60;20
6823;52;24
6824;52;24
6825;56;28
6826;56;32
6827;56;32
6828;60;36
6829;52;40
6830;68;40
6831;68;44
6832;72;44
6833;72;48
6834;68;48
6835;76;48
6836;76;48
6837;80;48
6838;84;48
6839;84;48
6840;88;52
6841;88;48
6842;92;48
6843;92;48
6844;96;48
6845;100;48
6846;100;48
6847;104;48
6848;104;48
6849;104;48
6850;108;44
6851;108;44
6852;112;44
6853;112;44
6854;116;44
6855;116;44
6856;120;44
6857;120;44
6858;124;40
6859;124;44
6860;128;44
6861;128;40
6862;124;40
6863;132;40
6864;132;40
6865;136;40
6866;136;40
6867;140;40
6868;140;40
6869;152;40
6870;144;40
6871;144;36
6872;144;40
6873;148;40
6874;152;40
6875;152;40
6876;152;40
6877;152;36
6878;156;36
6879;156;36
6880;156;40
6881;156;36
6882;160;36
6883;160;40
6884;164;40
6885;164;36
6886;168;36
6887;164;40
6888;168;36
6889;168;36
6890;164;36
6891;172;36
6892;172;32
6893;172;28
6894;172;28
6895;172;28
6896;176;24
6897;164;24
6898;176;20
6899;180;20
6900;180;20
6901;180;20
6902;184;20
6903;180;12
6904;184;12
6905;184;12
6906;184;12
6907;184;16
6908;184;12
6909;188;16
6910;184;16
6911;196;20
6912;188;20
6913;184;24
6914;188;28
6915;184;28
6916;188;32
6917;188;36
6918;188;40
6919;188;40
6920;188;44
6921;188;44
6922;192;48
6923;184;48
6924;192;48
6925;192;48
6926;188;48
6927;188;48
6928;192;48
6929;188;48
6930;188;52
6931;192;48
6932;188;48
6933;188;48
6934;192;48
6935;192;48
6936;188;48
6937;192;48
6938;188;48
6939;188;44
6940;188;44
6941;188;44
6942;188;44
6943;188;44
6944;176;44
6945;184;40
6946;188;44
6947;184;44
6948;184;44
6949;184;40
6950;180;40
6951;184;44
6952;180;40
6953;180;40
6954;180;40
6955;176;40
6956;180;40
6957;176;40
6958;184;40
6959;176;40
6960;176;40
6961;172;40
6962;172;40
6963;172;36
6964;172;36
6965;180;40
6966;168;36
6967;168;36
6968;172;36
6969;168;40
6970;168;36
6971;164;36
6972;168;32
6973;164;32
6974;164;32
6975;160;28
6976;160;28
6977;156;24
6978;156;24
6979;156;20
6980;156;20
6981;152;16
6982;152;16
6983;148;16
6984;148;16
6985;144;12
6986;124;12
6987;144;12
6988;144;12
6989;140;16
6990;140;16
6991;136;12
6992;136;16
6993;124;20
6994;136;20
6995;132;20
6996;128;24
6997;132;28
6998;136;28
6999;124;32
7000;124;36
7001;124;36
7002;120;40
7003;120;44
7004;116;44
7005;120;44
7006;112;48
7007;112;48
7008;108;48
7009;108;48
7010;104;48
7011;104;48
7012;104;48
7013;100;48
7014;100;48
7015;96;48
7016;96;48
7017;92;48
7018;92;48
7019;92;48
7020;88;44
7021;84;48
7022;84;48
7023;80;48
7024;80;48
7025;76;48
7026;88;4
7027;72;-4
7028;72;-8
7029;68;-8
7030;68;-8
7031;64;-8
7032;64;-8
7033;52;-12
7034;60;-12
7035;56;-12
7036;56;-16
7037;52;-20
7038;52;-20
7039;48;-16
7040;44;-24
7041;44;-28
7042;44;-28
7043;40;-28
7044;36;-28
7045;36;-28
7046;32;-32
7047;32;-32
7048;28;-32
7049;24;-36
7050;24;-36
7051;20;-36
7052;20;-36
7053;16;-36
7054;20;-32
7055;12;-32
7056;8;-28
7057;8;-28
7058;4;-24
7059;4;-20
7060;4;-20
7061;20;-20
7062;-4;-16
7063;-4;-12
7064;-8;-8
7065;-8;-8
7066;-16;-8
7067;-16;-4
7068;-20;-4
7069;-16;0
7070;-20;-4
7071;-20;0
7072;-24;0
7073;-36;0
7074;-28;0
7075;-36;0
7076;-32;0
7077;-36;0
7078;-40;-4
7079;-40;-4
7080;-40;-4
7081;-44;0
7082;-44;-4
7083;-48;-4
7084;-52;-4
7085;-52;-4
7086;-52;-4
7087;-56;-8
7088;-56;-4
7089;-60;-4
7090;-60;-4
7091;-64;-8
7092;-68;-8
7093;-68;-8
7094;-72;-8
7095;-72;-8
7096;-76;-12
7097;-76;-8
7098;-80;-12
7099;-80;-12
7100;-84;-12
7101;-96;-8
7102;-88;-8
7103;-88;-12
7104;-92;-12
7105;-92;-8
7106;-96;-12
7107;-96;-12
7108;-88;-8
7109;-100;-8
7110;-104;-12
7111;-104;-12
7112;-108;-12
7113;-108;-12
7114;-108;-12
7115;-108;-12
7116;-112;-12
7117;-112;-12
7118;-116;-12
7119;-120;-12
7120;-120;-12
7121;-124;-12
7122;-120;-12
7123;-124;-12
7124;-128;-16
7125;-128;-16
7126;-128;-12
7127;-132;-16
7128;-132;-20
7129;-140;-20
7130;-136;-24
7131;-136;-24
7132;-140;-24
7133;-140;-24
7134;-144;-28
7135;-144;-32
7136;-156;-32
7137;-144;-32
7138;-148;-32
7139;-144;-36
7140;-152;-32
7141;-152;-36
7142;-152;-36
7143;-160;-36
7144;-152;-36
7145;-156;-36
7146;-156;-32
7147;-156;-32
7148;-156;-28
7149;-156;-28
7150;-140;-24
7151;-160;-20
7152;-160;-16
7153;-164;-16
7154;-164;-12
7155;-156;-8
7156;-164;-8
7157;-168;-4
7158;-168;-4
7159;-168;-4
7160;-168;0
7161;-172;0
7162;-172;0
7163;-172;0
7164;-172;0
7165;-172;0
7166;-172;0
7167;-172;0
7168;-172;0
7169;-172;0
7170;-176;-4
7171;-172;-4
7172;-176;-4
7173;-172;-4
7174;-176;-4
7175;-176;-4
7176;-172;-4
7177;-176;-4
7178;-176;-8
7179;-176;-8
7180;-176;-8
7181;-180;-8
7182;-180;-8
7183;-184;-8
7184;-176;-8
7185;-176;-12
7186;-180;-8
7187;-176;-8
7188;-180;-12
7189;-176;-8
7190;-188;-12
7191;-176;-12
7192;-176;-12
7193;-176;-12
7194;-180;-12
7195;-176;-12
7196;-176;-8
7197;-176;-12
7198;-176;-12
7199;-176;-12
7200;-176;-12
7201;-172;-12
7202;-168;-12
7203;-172;-12
7204;-164;-12
7205;-168;-12
7206;-172;-12
7207;-168;-12
7208;-168;-12
7209;-164;-12
7210;-168;-12
7211;-160;-12
7212;-164;-12
7213;-164;-12
7214;-160;-16
7215;-160;-16
7216;-160;-20
7217;-160;-20
7218;-148;-24
7219;-160;-24
7220;-156;-28
7221;-156;-28
7222;-156;-28
7223;-156;-32
7224;-152;-32
7225;-164;-36
7226;-148;-36
7227;-148;-36
7228;-148;-36
7229;-148;-36
7230;-152;-36
7231;-144;-36
7232;-148;-36
7233;-140;-32
7234;-140;-32
7235;-140;-4
7236;-132;0
7237;-128;0
7238;-136;4
7239;-132;4
7240;-132;8
7241;-128;12
7242;-124;12
7243;-124;16
7244;-120;16
7245;-120;20
7246;-120;24
7247;-116;24
7248;-116;28
7249;-116;24
7250;-112;24
7251;-108;28
7252;-108;28
7253;-104;28
7254;-104;28
7255;-104;28
7256;-100;32
7257;-100;28
7258;-96;28
7259;-88;24
7260;-92;28
7261;-88;24
7262;-84;24
7263;-84;24
7264;-80;24
7265;-72;24
7266;-76;24
7267;-80;24
7268;-72;24
7269;-72;20
7270;-68;24
7271;-68;20
7272;-72;20
7273;-64;20
7274;-60;20
7275;-56;20
7276;-56;20
7277;-52;20
7278;-52;16
7279;-52;20
7280;-48;20
7281;-44;20
7282;-44;20
7283;-40;20
7284;-36;20
7285;-36;20
7286;-36;16
7287;-32;16
7288;-28;20
7289;-28;16
7290;-28;16
7291;-20;16
7292;-20;16
7293;-20;20
7294;-16;16
7295;-12;20
7296;-12;16
7297;-8;16
7298;0;16
7299;-4;12
7300;16;12
7301;0;8
7302;4;8
7303;4;4
7304;8;4
7305;12;4
7306;12;0
7307;20;-4
7308;16;0
7309;16;-4
7310;20;-8
7311;24;-8
7312;24;-8
7313;28;-8
7314;36;-8
7315;32;-8
7316;32;-8
7317;36;-8
7318;40;-8
7319;32;-4
7320;44;-4
7321;48;0
7322;48;0
7323;52;4
7324;52;4
7325;56;8
7326;56;12
7327;60;12
7328;64;16
7329;64;16
7330;68;20
7331;68;24
7332;68;24
7333;72;24
7334;76;28
7335;76;28
7336;80;28
7337;80;28
7338;84;28
7339;88;32
7340;76;28
7341;88;28
7342;92;28
7343;96;28
7344;96;28
7345;100;28
7346;100;28
7347;112;28
7348;104;24
7349;108;24
7350;108;24
7351;108;24
7352;112;24
7353;116;24
7354;116;24
7355;116;20
7356;120;24
7357;124;20
7358;124;20
7359;124;20
7360;124;20
7361;128;20
7362;132;20
7363;132;20
7364;136;20
7365;136;16
7366;136;16
7367;140;20
7368;136;16
7369;140;16
7370;144;16
7371;148;16
7372;148;20
7373;148;20
7374;148;16
7375;140;16
7376;152;16
7377;152;16
7378;152;16
7379;156;16
7380;160;16
7381;156;16
7382;164;16
7383;160;16
7384;164;16
7385;164;16
7386;164;16
7387;168;16
7388;168;16
7389;188;16
7390;168;16
7391;168;16
7392;172;16
7393;172;16
7394;180;16
7395;176;16
7396;176;16
7397;176;12
7398;176;12
7399;176;12
7400;180;8
7401;176;8
7402;184;8
7403;180;4
7404;180;4
7405;184;0
7406;180;0
7407;184;0
7408;184;-4
7409;184;-4
7410;188;-8
7411;188;-8
7412;184;-8
7413;184;-8
7414;188;-8
7415;192;-8
7416;188;-8
7417;188;-8
7418;188;-8
7419;188;-4
7420;192;-4
7421;192;0
7422;192;0
7423;188;4
7424;188;4
7425;192;8
7426;192;8
7427;192;12
7428;192;12
7429;184;16
7430;192;20
7431;188;20
7432;188;24
7433;192;24
7434;192;28
7435;188;28
7436;184;28
7437;188;28
7438;188;32
7439;188;28
7440;188;28
7441;192;28
7442;188;28
7443;192;24
7444;188;20
7445;184;20
7446;184;20
7447;184;20
7448;188;16
7449;184;20
7450;188;20
7451;180;16
7452;180;16
7453;184;12
7454;180;16
7455;180;12
7456;180;12
7457;188;12
7458;176;12
7459;176;12
7460;176;12
7461;176;12
7462;172;12
7463;172;12
7464;156;12
7465;172;12
7466;172;8
7467;168;12
7468;168;12
7469;160;8
7470;164;8
7471;160;8
7472;164;8
7473;164;8
7474;160;8
7475;160;8
7476;156;8
7477;156;8
7478;156;8
7479;156;8
7480;152;12
7481;152;8
7482;152;8
7483;152;8
7484;148;4
7485;144;0
7486;144;4
7487;144;0
7488;144;0
7489;140;0
7490;140;-4
7491;140;-8
7492;136;-8
7493;136;-12
7494;132;-12
7495;132;-12
7496;128;-12
7497;120;-12
7498;128;-16
7499;124;-16
7500;124;-16
7501;120;-16
7502;116;-16
7503;120;-16
7504;128;-16
7505;112;-12
7506;112;-12
7507;112;-8
7508;112;-8
7509;108;-4
7510;104;0
7511;104;0
7512;100;4
7513;100;8
7514;100;8
7515;96;12
7516;92;12
7517;88;12
7518;92;16
7519;84;16
7520;84;20
7521;84;20
7522;80;20
7523;80;20
7524;76;24
7525;68;20
7526;72;20
7527;68;20
7528;68;20
7529;68;16
7530;64;16
7531;60;20
7532;44;16
7533;60;16
7534;56;20
7535;56;16
7536;52;16
7537;52;16
7538;48;16
7539;44;16
7540;44;16
7541;40;16
7542;40;16
7543;36;12
7544;36;12
7545;32;12
7546;48;12
7547;28;12
7548;28;12
7549;24;8
7550;20;12
7551;20;12
7552;16;12
7553;16;12
7554;12;8
7555;8;8
7556;8;8
7557;4;8
7558;-4;8
7559;0;12
7560;0;8
7561;-4;12
7562;-8;8
7563;-8;12
7564;-8;8
7565;-12;8
7566;-16;8
7567;-16;12
7568;-16;8
7569;-20;8
7570;-24;8
7571;-24;8
7572;-24;8
7573;-32;8
7574;-32;8
7575;-32;4
7576;-40;4
7577;-40;0
7578;-40;0
7579;-52;0
7580;-44;-4
7581;-48;-4
7582;-48;-8
7583;-52;-8
7584;-52;-8
7585;-52;-12
7586;-60;-16
7587;-60;-16
7588;-60;-16
7589;-64;-16
7590;-64;-16
7591;-68;-16
7592;-68;-16
7593;-68;-16
7594;-72;-16
7595;-76;-16
7596;-80;-12
7597;-80;-12
7598;-80;-8
7599;-84;-8
7600;-80;-4
7601;-88;-4
7602;-88;0
7603;-92;4
7604;-92;4
7605;-92;8
7606;-96;12
7607;-96;12
7608;-100;12
7609;-104;16
7610;-104;16
7611;-104;20
7612;-112;20
7613;-112;20
7614;-104;24
7615;-112;20
7616;-112;20
7617;-120;20
7618;-120;20
7619;-124;20
7620;-124;16
7621;-144;20
7622;-124;20
7623;-128;16
7624;-128;16
7625;-132;16
7626;-140;16
7627;-132;16
7628;-144;16
7629;-136;12
7630;-140;12
7631;-140;12
7632;-140;16
7633;-136;12
7634;-144;12
7635;-144;12
7636;-148;12
7637;-152;12
7638;-148;12
7639;-148;12
7640;-148;8
7641;-152;8
7642;-152;12
7643;-156;12
7644;-152;8
7645;-160;12
7646;-156;8
7647;-156;12
7648;-160;12
7649;-160;12
7650;-164;12
7651;-160;-12
7652;-164;-8
7653;-164;-12
7654;-164;-12
7655;-168;-12
7656;-168;-12
7657;-168;-16
7658;-168;-16
7659;-168;-20
7660;-172;-20
7661;-180;-20
7662;-168;-24
7663;-172;-24
7664;-176;-28
7665;-172;-28
7666;-176;-32
7667;-172;-32
7668;-176;-32
7669;-176;-32
7670;-176;-32
7671;-176;-36
7672;-176;-36
7673;-176;-36
7674;-176;-36
7675;-180;-32
7676;-180;-32
7677;-180;-32
7678;-176;-28
7679;-180;-28
7680;-176;-24
7681;-180;-24
7682;-176;-20
7683;-180;-16
7684;-180;-16
7685;-180;-12
7686;-180;-12
7687;-180;-8
7688;-180;-4
7689;-172;-4
7690;-180;0
7691;-180;-4
7692;-180;0
7693;-180;4
7694;-176;0
7695;-176;4
7696;-164;0
7697;-176;0
7698;-176;0
7699;-176;0
7700;-176;0
7701;-180;0
7702;-172;0
7703;-180;0
7704;-172;0
7705;-172;0
7706;-172;-4
7707;-168;-4
7708;-180;-4
7709;-172;-4
7710;-172;-4
7711;-164;-4
7712;-168;-4
7713;-168;-8
7714;-164;-8
7715;-168;-8
7716;-164;-8
7717;-160;-4
7718;-160;-4
7719;-156;-8
7720;-160;-8
7721;-156;-8
7722;-156;-12
7723;-156;-8
7724;-156;-8
7725;-152;-8
7726;-152;-8
7727;-148;-8
7728;-148;-8
7729;-148;-8
7730;-144;-8
7731;-144;-8
7732;-140;-12
7733;-140;-8
7734;-140;-8
7735;-136;-8
7736;-148;-12
7737;-132;-8
7738;-132;-12
7739;-132;-8
7740;-132;-12
7741;-128;-8
7742;-124;-12
7743;-112;-12
7744;-124;-12
7745;-120;-12
7746;-116;-16
7747;-116;-16
7748;-112;-16
7749;-112;-20
7750;-112;-20
7751;-108;-20
7752;-108;-24
7753;-108;-24
7754;-104;-28
7755;-100;-28
7756;-100;-32
7757;-96;-32
7758;-92;-32
7759;-92;-32
7760;-88;-32
7761;-88;-36
7762;-84;-36
7763;-84;-32
7764;-84;-32
7765;-80;-32
7766;-76;-32
7767;-72;-32
7768;-72;-28
7769;-68;-28
7770;-68;-24
7771;-80;-24
7772;-64;-20
7773;-64;-16
7774;-56;-16
7775;-56;-12
7776;-52;-8
7777;-52;-8
7778;-52;-4
7779;-48;-4
7780;-44;-4
7781;-44;0
7782;-40;-4
7783;-36;0
7784;-36;0
7785;-16;0
7786;-32;0
7787;-28;0
7788;-28;0
7789;-24;0
7790;-20;0
7791;-20;0
7792;-16;0
7793;-16;0
7794;-12;0
7795;-12;0
7796;-8;-4
7797;-12;-4
7798;-4;-4
7799;0;-4
7800;0;-4
7801;4;-4
7802;4;-8
7803;8;-4
7804;12;-4
7805;16;-8
7806;16;-8
7807;20;-8
7808;20;-8
7809;24;-8
7810;24;-8
7811;32;-8
7812;32;-8
7813;32;-8
7814;36;-8
7815;36;-8
7816;36;-8
7817;40;-12
7818;36;-8
7819;48;-8
7820;48;-8
7821;48;-12
7822;56;-8
7823;56;-8
7824;60;-12
7825;60;-12
7826;64;-12
7827;64;-12
7828;68;-12
7829;68;-12
7830;72;-12
7831;72;-12
7832;80;-12
7833;76;-12
7834;80;-12
7835;80;-12
7836;84;-12
7837;84;-12
7838;84;-12
7839;100;-12
7840;92;-12
7841;96;-16
7842;96;-16
7843;96;-16
7844;100;-20
7845;100;-20
7846;108;-24
7847;104;-24
7848;108;-24
7849;112;-28
7850;112;-28
7851;112;-32
7852;116;-32
7853;116;-32
7854;120;-36
7855;124;-36
7856;124;-32
7857;124;-36
7858;124;-32
7859;132;-32
7860;108;12
7861;132;12
7862;132;12
7863;136;16
7864;136;16
7865;132;20
7866;144;24
7867;132;24
7868;144;28
7869;144;32
7870;148;32
7871;148;36
7872;156;36
7873;152;40
7874;156;40
7875;156;40
7876;156;44
7877;156;44
7878;160;44
7879;160;44
7880;160;48
7881;160;44
7882;164;44
7883;164;44
7884;168;44
7885;164;44
7886;168;40
7887;168;44
7888;168;40
7889;172;44
7890;172;40
7891;172;40
7892;176;40
7893;180;40
7894;176;40
7895;180;40
7896;180;36
7897;180;36
7898;180;36
7899;180;36
7900;188;40
7901;184;36
7902;184;36
7903;184;36
7904;184;36
7905;184;36
7906;184;36
7907;180;36
7908;188;36
7909;188;36
7910;188;36
7911;188;36
7912;188;32
7913;188;32
7914;188;36
7915;192;36
7916;192;36
7917;188;36
7918;192;36
7919;192;32
7920;192;36
7921;188;32
7922;192;32
7923;192;36
7924;192;32
7925;192;36
7926;192;32
7927;192;36
7928;196;32
7929;192;32
7930;192;32
7931;192;32
7932;192;32
7933;196;32
7934;192;28
7935;212;28
7936;192;24
7937;192;24
7938;188;24
7939;188;20
7940;188;20
7941;188;16
7942;188;16
7943;188;12
7944;188;12
7945;188;12
7946;188;12
7947;180;8
7948;184;8
7949;188;8
7950;184;8
7951;184;8
7952;180;8
7953;180;12
7954;176;12
7955;180;16
7956;180;20
7957;176;20
7958;176;24
7959;176;28
7960;176;32
7961;176;36
7962;172;36
7963;172;40
7964;176;44
7965;172;44
7966;168;44
7967;168;44
7968;168;44
7969;168;48
7970;168;48
7971;164;48
7972;164;44
7973;160;44
7974;164;44
7975;164;44
7976;160;44
7977;160;44
7978;156;44
7979;156;40
7980;152;40
7981;152;44
7982;152;40
7983;148;40
7984;148;40
7985;148;40
7986;144;40
7987;144;40
7988;144;36
7989;136;36
7990;140;36
7991;136;36
7992;136;36
7993;136;36
7994;132;36
7995;132;36
7996;128;36
7997;128;36
7998;124;36
7999;124;36
8000;120;36
8001;124;32
8002;116;36
8003;112;36
8004;116;36
8005;116;32
8006;112;36
8007;112;36
8008;108;36
8009;104;32
8010;92;32
8011;104;32
8012;100;32
8013;100;32
8014;96;32
8015;96;32
8016;92;32
8017;96;32
8018;88;32
8019;88;32
8020;84;32
8021;84;32
8022;80;32
8023;76;32
8024;88;32
8025;72;32
8026;72;32
8027;68;32
8028;68;32
8029;68;28
8030;64;28
8031;64;24
8032;60;24
8033;60;20
8034;56;20
8035;52;16
8036;48;20
8037;52;16
8038;48;12
8039;48;12
8040;44;12
8041;40;8
8042;36;8
8043;36;12
8044;32;8
8045;32;8
8046;28;8
8047;24;8
8048;24;8
8049;24;12
8050;24;12
8051;16;12
8052;16;16
8053;12;20
8054;12;20
8055;8;20
8056;4;24
8057;8;28
8058;4;32
8059;0;32
8060;-4;36
8061;-4;40
8062;-8;40
8063;-8;44
8064;-20;44
8065;-12;48
8066;-16;44
8067;-20;48
8068;-20;-4
8069;-20;-4
8070;-24;-4
8071;-32;-4
8072;-28;-4
8073;-32;-4
8074;-32;-4
8075;-36;-4
8076;-36;-4
8077;-40;-4
8078;-36;-8
8079;-44;-8
8080;-48;-8
8081;-52;-8
8082;-48;-12
8083;-48;-8
8084;-52;-8
8085;-52;-12
8086;-56;-12
8087;-60;-12
8088;-60;-12
8089;-64;-12
8090;-64;-16
8091;-68;-16
8092;-56;-16
8093;-72;-16
8094;-72;-16
8095;-76;-16
8096;-80;-16
8097;-84;-16
8098;-84;-16
8099;-92;-16
8100;-88;-16
8101;-88;-16
8102;-92;-16
8103;-92;-16
8104;-104;-16
8105;-96;-16
8106;-100;-16
8107;-100;-16
8108;-104;-16
8109;-104;-16
8110;-108;-16
8111;-112;-16
8112;-112;-16
8113;-112;-16
8114;-112;-16
8115;-116;-16
8116;-116;-24
8117;-120;-20
8118;-120;-28
8119;-120;-24
8120;-120;-28
8121;-124;-32
8122;-124;-32
8123;-128;-36
8124;-132;-36
8125;-136;-36
8126;-132;-36
8127;-136;-36
8128;-136;-40
8129;-136;-40
8130;-140;-40
8131;-140;-40
8132;-152;-40
8133;-144;-40
8134;-144;-40
8135;-144;-36
8136;-148;-36
8137;-148;-32
8138;-148;-32
8139;-140;-28
8140;-152;-28
8141;-156;-28
8142;-156;-20
8143;-156;-20
8144;-152;-16
8145;-156;-16
8146;-160;-12
8147;-160;-8
8148;-160;-8
8149;-164;-8
8150;-160;-8
8151;-164;-4
8152;-164;-4
8153;-164;-4
8154;-168;-4
8155;-168;-4
8156;-168;-4
8157;-168;-4
8158;-168;-4
8159;-172;-4
8160;-176;-4
8161;-172;-4
8162;-172;-8
8163;-168;-8
8164;-172;-8
8165;-176;-8
8166;-176;-8
8167;-188;-8
8168;-176;-8
8169;-176;-12
8170;-176;-8
8171;-176;-12
8172;-172;-12
8173;-176;-12
8174;-172;-12
8175;-180;-12
8176;-180;-12
8177;-180;-12
8178;-180;-16
8179;-176;-16
8180;-180;-16
8181;-168;-12
8182;-180;-16
8183;-180;-16
8184;-180;-16
8185;-180;-16
8186;-180;-12
8187;-180;-16
8188;-180;-12
8189;-176;-16
8190;-180;-16
8191;-180;-16
8192;-180;-16
8193;-188;-16
8194;-176;-16
8195;-176;-16
8196;-176;-16
8197;-176;-16
8198;-176;-16
8199;-176;-16
8200;-176;-16
8201;-172;-16
8202;-172;-16
8203;-172;-16
8204;-172;-16
8205;-172;-16
8206;-168;-16
8207;-168;-16
8208;-164;-16
8209;-168;-16
8210;-168;-16
8211;-164;-16
8212;-164;-20
8213;-164;-16
8214;-172;-20
8215;-160;-20
8216;-160;-20
8217;-160;-24
8218;-160;-24
8219;-156;-28
8220;-156;-28
8221;-152;-28
8222;-152;-32
8223;-152;-32
8224;-152;-32
8225;-148;-32
8226;-148;-36
8227;-148;-36
8228;-140;-36
8229;-144;-40
8230;-144;-40
8231;-140;-40
8232;-140;-40
8233;-136;-40
8234;-136;-40
8235;-128;-36
8236;-136;-36
8237;-132;-36
8238;-128;-36
8239;-128;-32
8240;-124;-28
8241;-124;-28
8242;-124;-24
8243;-120;-20
8244;-120;-16
8245;-120;-12
8246;-116;-16
8247;-116;-12
8248;-112;-12
8249;-116;-8
8250;-108;-4
8251;-108;-8
8252;-108;-8
8253;-104;-4
8254;-100;-4
8255;-100;-4
8256;-120;-4
8257;-96;-4
8258;-88;-4
8259;-88;-4
8260;-88;-4
8261;-88;-4
8262;-84;-8
8263;-88;-8
8264;-80;-8
8265;-76;-8
8266;-76;-8
8267;-72;-8
8268;-60;-8
8269;-68;-8
8270;-68;-12
8271;-68;-12
8272;-60;-8
8273;-60;-8
8274;-56;-8
8275;-56;-12
8276;-52;-8
8277;-52;40
8278;-48;40
8279;-48;40
8280;-44;40
8281;-40;36
8282;-44;36
8283;-36;36
8284;-36;32
8285;-32;32
8286;-32;28
8287;-28;28
8288;-24;24
8289;-20;24
8290;-20;20
8291;-16;20
8292;-16;20
8293;-12;16
8294;-8;16
8295;-8;12
8296;-16;12
8297;-4;12
8298;-4;12
8299;0;12
8300;0;12
8301;4;12
8302;8;12
8303;16;16
8304;12;16
8305;12;20
8306;16;24
8307;20;28
8308;20;28
8309;24;32
8310;28;36
8311;28;40
8312;32;40
8313;36;44
8314;36;44
8315;40;48
8316;40;48
8317;48;44
8318;44;48
8319;48;48
8320;52;48
8321;52;48
8322;56;48
8323;60;48
8324;64;48
8325;60;44
8326;60;44
8327;68;44
8328;68;44
8329;68;44
8330;72;44
8331;76;44
8332;76;44
8333;80;44
8334;80;44
8335;84;40
8336;80;40
8337;88;40
8338;68;40
8339;92;36
8340;96;40
8341;96;40
8342;96;36
8343;92;40
8344;100;36
8345;92;40
8346;108;36
8347;108;36
8348;108;36
8349;112;36
8350;116;36
8351;112;36
8352;116;36
8353;120;36
8354;120;36
8355;120;36
8356;120;36
8357;128;36
8358;128;36
8359;132;36
8360;132;36
8361;132;36
8362;132;36
8363;136;36
8364;140;36
8365;140;32
8366;140;36
8367;144;36
8368;144;32
8369;144;36
8370;148;32
8371;148;32
8372;148;32
8373;152;32
8374;152;28
8375;152;28
8376;152;28
8377;156;20
8378;172;20
8379;160;20
8380;160;16
8381;164;16
8382;164;16
8383;164;16
8384;168;12
8385;168;12
8386;168;12
8387;168;8
8388;168;8
8389;172;12
8390;172;12
8391;176;12
8392;172;12
8393;176;16
8394;176;20
8395;180;20
8396;176;24
8397;180;28
8398;180;32
8399;176;36
8400;180;36
8401;180;40
8402;184;44
8403;184;44
8404;188;44
8405;184;44
8406;184;48
8407;188;48
8408;184;48
8409;188;48
8410;188;48
8411;192;48
8412;192;44
8413;208;48
8414;188;48
8415;188;44
8416;192;44
8417;192;48
8418;192;44
8419;192;44
8420;196;44
8421;192;44
8422;192;40
8423;192;44
8424;192;40
8425;188;40
8426;192;40
8427;196;40
8428;192;40
8429;192;40
8430;192;36
8431;192;36
8432;184;36
8433;188;36
8434;192;36
8435;188;40
8436;192;36
8437;188;36
8438;192;36
8439;188;36
8440;188;36
8441;188;36
8442;188;36
8443;188;36
8444;188;36
8445;184;36
8446;184;36
8447;184;36
8448;184;36
8449;184;36
8450;184;36
8451;184;36
8452;184;32
8453;168;36
8454;180;32
8455;180;32
8456;176;32
8457;176;28
8458;176;28
8459;180;24
8460;184;24
8461;176;24
8462;176;20
8463;172;24
8464;172;16
8465;172;16
8466;172;16
8467;168;12
8468;164;12
8469;164;12
8470;168;12
8471;164;12
8472;160;8
8473;164;8
8474;164;8
8475;160;12
8476;160;12
8477;156;16
8478;156;20
8479;156;20
8480;152;24
8481;144;28
8482;148;32
8483;148;32
8484;144;32
8485;148;4
8486;140;4
8487;144;8
8488;128;8
8489;140;12
8490;140;12
8491;136;12
8492;136;12
8493;136;12
8494;132;12
8495;124;12
8496;128;16
8497;128;16
8498;124;12
8499;124;16
8500;124;12
8501;120;12
8502;136;12
8503;116;12
8504;116;12
8505;112;8
8506;112;12
8507;112;8
8508;108;8
8509;104;8
8510;100;8
8511;100;8
8512;100;4
8513;96;8
8514;88;4
8515;96;4
8516;92;4
8517;88;4
8518;84;4
8519;84;4
8520;84;4
8521;80;4
8522;80;4
8523;76;4
8524;76;4
8525;72;4
8526;68;0
8527;68;4
8528;68;4
8529;64;0
8530;64;4
8531;60;0
8532;56;0
8533;56;0
8534;52;0
8535;44;0
8536;48;4
8537;48;4
8538;44;0
8539;48;0
8540;44;0
8541;36;0
8542;36;0
8543;36;0
8544;32;0
8545;28;0
8546;28;-4
8547;28;-4
8548;24;-4
8549;24;-8
8550;20;-8
8551;16;-12
8552;12;-12
8553;12;-16
8554;8;-16
8555;8;-20
8556;12;-20
8557;4;-20
8558;0;-20
8559;0;-24
8560;-4;-24
8561;-4;-24
8562;-4;-24
8563;-4;-24
8564;-12;-24
8565;-16;-20
8566;-16;-20
8567;-20;-20
8568;-20;-16
8569;-24;-12
8570;-20;-12
8571;-28;-8
8572;-28;-8
8573;-32;-4
8574;-32;0
8575;-40;0
8576;-40;4
8577;-60;4
8578;-40;8
8579;-44;12
8580;-44;12
8581;-48;12
8582;-48;12
8583;-52;12
8584;-64;12
8585;-56;12
8586;-60;12
8587;-60;12
8588;-64;12
8589;-60;12
8590;-64;12
8591;-68;12
8592;-72;12
8593;-72;16
8594;-72;12
8595;-76;12
8596;-84;8
8597;-80;12
8598;-84;8
8599;-84;8
8600;-88;8
8601;-92;8
8602;-92;8
8603;-96;8
8604;-92;8
8605;-96;4
8606;-100;4
8607;-100;4
8608;-100;4
8609;-104;4
8610;-100;4
8611;-108;4
8612;-108;4
8613;-108;4
8614;-112;4
8615;-116;4
8616;-120;4
8617;-120;4
8618;-120;4
8619;-120;0
8620;-124;4
8621;-128;0
8622;-128;4
8623;-128;4
8624;-136;4
8625;-132;4
8626;-132;4
8627;-132;4
8628;-136;0
8629;-136;0
8630;-140;0
8631;-144;4
8632;-140;0
8633;-144;4
8634;-140;0
8635;-144;4
8636;-144;0
8637;-148;0
8638;-144;0
8639;-152;4
8640;-152;4
8641;-152;0
8642;-156;0
8643;-152;-4
8644;-156;-4
8645;-152;-8
8646;-156;-8
8647;-160;-8
8648;-160;-8
8649;-160;-12
8650;-160;-16
8651;-160;-12
8652;-144;-16
8653;-164;-20
8654;-168;-20
8655;-164;-20
8656;-168;-20
8657;-168;-20
8658;-168;-24
8659;-168;-24
8660;-172;-24
8661;-168;-24
8662;-172;-24
8663;-168;-24
8664;-176;-20
8665;-172;-20
8666;-168;-16
8667;-172;-16
8668;-172;-12
8669;-172;-12
8670;-172;-8
8671;-184;-4
8672;-172;-4
8673;-176;0
8674;-176;0
8675;-176;4
8676;-176;8
8677;-176;8
8678;-176;12
8679;-176;12
8680;-180;12
8681;-176;12
8682;-176;16
8683;-180;12
8684;-176;12
8685;-176;16
8686;-176;12
8687;-176;16
8688;-176;16
8689;-176;12
8690;-176;16
8691;-176;16
8692;-188;12
8693;-176;24
8694;-172;20
8695;-172;20
8696;-172;20
8697;-172;16
8698;-172;16
8699;-168;16
8700;-168;12
8701;-168;16
8702;-168;12
8703;-168;12
8704;-164;12
8705;-168;12
8706;-164;12
8707;-164;12
8708;-164;12
8709;-164;12
8710;-164;12
8711;-160;12
8712;-160;12
8713;-156;8
8714;-160;8
8715;-160;4
8716;-156;4
8717;-156;4
8718;-156;4
8719;-152;0
8720;-152;-4
8721;-152;-4
8722;-148;-8
8723;-148;-8
8724;-148;-8
8725;-148;-12
8726;-144;-12
8727;-148;-12
8728;-144;-12
8729;-140;-16
8730;-140;-16
8731;-140;-16
8732;-136;-12
8733;-136;-16
8734;-152;-12
8735;-128;-12
8736;-128;-8
8737;-128;-8
8738;-124;-4
8739;-124;-4
8740;-120;0
8741;-112;4
8742;-120;4
8743;-116;8
8744;-116;8
8745;-116;12
8746;-104;16
8747;-112;16
8748;-108;16
8749;-108;20
8750;-104;20
8751;-104;20
8752;-104;20
8753;-100;20
8754;-96;24
8755;-96;24
8756;-92;24
8757;-92;24
8758;-88;24
8759;-88;20
8760;-84;20
8761;-84;20
8762;-80;20
8763;-80;20
8764;-76;20
8765;-72;16
8766;-72;16
8767;-64;16
8768;-68;16
8769;-68;16
8770;-64;16
8771;-64;16
8772;-60;12
8773;-56;12
8774;-48;16
8775;-52;12
8776;-52;12
8777;-48;12
8778;-44;12
8779;-44;12
8780;-40;12
8781;-44;12
8782;-36;12
8783;-36;8
8784;-32;8
8785;-28;12
8786;-28;12
8787;-28;12
8788;-24;12
8789;-20;12
8790;-20;12
8791;-16;12
8792;-16;12
8793;-8;12
8794;-8;12
8795;-4;12
8796;-4;12
8797;0;12
8798;0;8
8799;4;12
8800;4;8
8801;8;8
8802;12;8
8803;12;8
8804;12;8
8805;16;4
8806;16;4
8807;24;0
8808;24;0
8809;48;0
8810;28;-4
8811;28;-4
8812;32;-8
8813;36;-8
8814;36;-8
8815;40;-12
8816;40;-12
8817;44;-12
8818;44;-16
8819;48;-16
8820;48;-16
8821;48;-16
8822;52;-16
8823;64;-16
8824;56;-12
8825;60;-12
8826;64;-12
8827;64;-8
8828;64;-8
8829;68;-4
8830;76;0
8831;76;0
8832;76;4
8833;80;8
8834;80;8
8835;80;12
8836;84;16
8837;88;16
8838;88;20
8839;92;20
8840;92;24
8841;96;20
8842;96;20
8843;100;20
8844;104;24
8845;104;20
8846;108;20
8847;108;20
8848;108;20
8849;104;20
8850;112;20
8851;112;20
8852;120;20
8853;120;16
8854;124;16
8855;120;16
8856;136;20
8857;128;16
8858;124;16
8859;128;16
8860;132;16
8861;132;12
8862;136;16
8863;136;16
8864;140;16
8865;140;16
8866;144;12
8867;144;12
8868;144;12
8869;148;12
8870;148;12
8871;148;12
8872;152;12
8873;152;12
8874;152;12
8875;156;12
8876;156;12
8877;152;12
8878;160;8
8879;156;12
8880;160;12
8881;164;12
8882;164;8
8883;164;8
8884;152;12
8885;164;8
8886;168;8
8887;168;8
8888;168;8
8889;176;8
8890;172;8
8891;168;8
8892;176;8
8893;176;8
8894;176;8
8895;176;12
8896;184;12
8897;180;12
8898;200;12
8899;180;12
8900;184;12
8901;184;32
8902;184;28
8903;180;24
8904;184;24
8905;184;24
8906;188;20
8907;184;16
8908;184;16
8909;184;16
8910;180;12
8911;188;12
8912;184;8
8913;188;8
8914;184;8
8915;188;8
8916;192;4
8917;188;4
8918;188;4
8919;192;0
8920;188;0
8921;192;0
8922;192;0
8923;192;0
8924;192;0
8925;188;4
8926;192;4
8927;192;8
8928;192;8
8929;192;12
8930;192;12
8931;180;20
8932;188;16
8933;188;20
8934;192;24
8935;188;28
8936;188;28
8937;188;32
8938;200;32
8939;188;36
8940;188;36
8941;184;36
8942;184;36
8943;184;40
8944;184;36
8945;184;40
8946;184;36
8947;184;36
8948;180;40
8949;180;40
8950;180;40
8951;180;36
8952;184;36
8953;176;36
8954;176;36
8955;176;32
8956;176;32
8957;176;36
8958;176;32
8959;168;32
8960;172;32
8961;172;32
8962;172;32
8963;168;32
8964;168;32
8965;168;32
8966;160;28
8967;168;28
8968;164;32
8969;164;28
8970;164;28
8971;160;28
8972;160;28
8973;144;28
8974;160;28
8975;156;28
8976;156;32
8977;152;24
8978;152;28
8979;152;28
8980;168;28
8981;148;32
8982;148;28
8983;144;28
8984;144;28
8985;148;28
8986;140;28
8987;140;24
8988;140;24
8989;136;24
8990;136;24
8991;132;24
8992;128;24
8993;132;24
8994;132;28
8995;128;28
8996;128;24
8997;124;24
8998;120;24
8999;120;24
9000;120;24
9001;116;24
9002;112;24
9003;112;24
9004;112;20
9005;112;20
9006;112;20
9007;104;16
9008;108;16
9009;104;16
9010;100;12
9011;96;12
9012;100;8
9013;96;8
9014;92;8
9015;88;4
9016;88;4
9017;84;4
9018;84;0
9019;84;0
9020;72;0
9021;80;0
9022;76;0
9023;76;4
9024;72;4
9025;68;4
9026;68;8
9027;64;12
9028;64;12
9029;60;12
9030;60;16
9031;56;20
9032;56;20
9033;56;24
9034;56;28
9035;48;28
9036;44;32
9037;44;32
9038;40;32
9039;40;36
9040;40;36
9041;40;40
9042;32;36
9043;28;40
9044;32;36
9045;28;40
9046;28;36
9047;20;36
9048;40;40
9049;20;36
9050;16;36
9051;12;36
9052;12;36
9053;8;36
9054;8;36
9055;4;36
9056;0;32
9057;0;32
9058;-4;32
9059;-4;32
9060;-12;32
9061;-8;28
9062;-8;32
9063;-12;28
9064;-12;32
9065;-16;32
9066;-20;28
9067;-24;32
9068;-20;32
9069;-24;28
9070;-28;28
9071;-32;32
9072;-32;28
9073;-36;28
9074;-36;28
9075;-40;28
9076;-40;28
9077;-44;24
9078;-44;28
9079;-48;28
9080;-52;28
9081;-52;28
9082;-52;28
9083;-56;28
9084;-60;24
9085;-56;28
9086;-60;24
9087;-60;28
9088;-72;28
9089;-68;28
9090;-72;28
9091;-72;28
9092;-72;28
9093;-76;28
9094;-76;24
9095;-68;24
9096;-80;24
9097;-84;24
9098;-88;20
9099;-88;20
9100;-88;20
9101;-92;16
9102;-96;16
9103;-96;12
9104;-96;12
9105;-100;12
9106;-100;8
9107;-104;8
9108;-104;8
9109;-104;4
9110;-108;4
9111;-112;4
9112;-112;-36
9113;-112;-40
9114;-112;-40
9115;-116;-40
9116;-124;-40
9117;-120;-36
9118;-120;-36
9119;-124;-40
9120;-124;-36
9121;-128;-32
9122;-128;-32
9123;-144;-28
9124;-132;-28
9125;-136;-28
9126;-132;-20
9127;-136;-20
9128;-132;-16
9129;-136;-16
9130;-140;-12
9131;-140;-12
9132;-144;-12
9133;-144;-8
9134;-144;-8
9135;-144;-8
9136;-148;-4
9137;-132;-4
9138;-148;-8
9139;-152;-4
9140;-152;-4
9141;-152;-4
9142;-156;-4
9143;-156;-4
9144;-156;-4
9145;-160;-4
9146;-160;-4
9147;-160;-4
9148;-160;-8
9149;-172;-8
9150;-160;-8
9151;-164;-8
9152;-164;-8
9153;-164;-12
9154;-168;-12
9155;-164;-12
9156;-172;-12
9157;-168;-12
9158;-168;-12
9159;-172;-12
9160;-168;-12
9161;-172;-12
9162;-172;-12
9163;-168;-12
9164;-172;-16
9165;-172;-16
9166;-176;-16
9167;-172;-16
9168;-172;-16
9169;-176;-16
9170;-184;-16
9171;-176;-16
9172;-176;-16
9173;-176;-16
9174;-176;-16
9175;-176;-16
9176;-180;-16
9177;-176;-16
9178;-176;-20
9179;-176;-16
9180;-180;-20
9181;-176;-20
9182;-176;-24
9183;-176;-24
9184;-176;-24
9185;-180;-28
9186;-180;-28
9187;-176;-32
9188;-176;-32
9189;-176;-32
9190;-180;-36
9191;-168;-36
9192;-176;-36
9193;-176;-36
9194;-176;-40
9195;-176;-40
9196;-172;-40
9197;-176;-40
9198;-172;-40
9199;-172;-40
9200;-172;-40
9201;-172;-36
9202;-168;-36
9203;-168;-32
9204;-168;-32
9205;-168;-28
9206;-168;-28
9207;-164;-24
9208;-168;-20
9209;-164;-20
9210;-164;-16
9211;-164;-12
9212;-184;-12
9213;-160;-12
9214;-160;-8
9215;-160;-8
9216;-160;-8
9217;-152;-8
9218;-156;-8
9219;-152;-4
9220;-152;-8
9221;-152;-4
9222;-152;-4
9223;-148;-4
9224;-140;-8
9225;-144;-4
9226;-144;-8
9227;-144;-8
9228;-144;-4
9229;-140;-8
9230;-140;-4
9231;-140;-8
9232;-136;-8
9233;-136;-8
9234;-132;-8
9235;-136;-12
9236;-132;-12
9237;-128;-12
9238;-124;-12
9239;-124;-12
9240;-124;-12
9241;-120;-12
9242;-120;-12
9243;-120;-12
9244;-120;-12
9245;-108;-12
9246;-112;-12
9247;-108;-16
9248;-108;-12
9249;-108;-12
9250;-104;-16
9251;-100;-16
9252;-92;-16
9253;-100;-16
9254;-96;-16
9255;-96;-20
9256;-88;-16
9257;-88;-16
9258;-88;-16
9259;-88;-16
9260;-84;-16
9261;-84;-16
9262;-84;-16
9263;-80;-20
9264;-76;-16
9265;-72;-16
9266;-76;-16
9267;-68;-16
9268;-64;-16
9269;-64;-20
9270;-64;-20
9271;-60;-20
9272;-56;-20
9273;-56;-24
9274;-52;-24
9275;-52;-28
9276;-48;-28
9277;-48;-32
9278;-40;-32
9279;-44;-36
9280;-36;-36
9281;-40;-36
9282;-36;-36
9283;-32;-36
9284;-32;-40
9285;-24;-40
9286;-28;-40
9287;-4;-36
9288;-24;-36
9289;-20;-40
9290;-20;-36
9291;-16;-36
9292;-8;-32
9293;-12;-32
9294;-4;-32
9295;-4;-28
9296;-4;-28
9297;0;-24
9298;0;-20
9299;4;-20
9300;4;-16
9301;12;-16
9302;8;-12
9303;12;-8
9304;16;-8
9305;20;-8
9306;12;-8
9307;20;-8
9308;24;-8
9309;28;-4
9310;28;-4
9311;32;-4
9312;36;-4
9313;32;-4
9314;40;-4
9315;44;-4
9316;44;-4
9317;44;-4
9318;48;-4
9319;48;44
9320;52;44
9321;56;44
9322;60;44
9323;56;40
9324;60;44
9325;60;40
9326;64;44
9327;60;40
9328;72;40
9329;72;40
9330;72;40
9331;72;36
9332;80;40
9333;80;40
9334;80;36
9335;84;40
9336;84;40
9337;88;36
9338;92;36
9339;96;36
9340;96;36
9341;100;36
9342;100;40
9343;100;40
9344;100;36
9345;104;36
9346;108;36
9347;108;36
9348;116;36
9349;112;36
9350;116;36
9351;116;36
9352;116;36
9353;120;36
9354;124;36
9355;128;32
9356;128;32
9357;128;32
9358;128;32
9359;132;32
9360;136;32
9361;132;28
9362;140;28
9363;136;24
9364;140;24
9365;140;20
9366;144;20
9367;140;16
9368;148;16
9369;128;16
9370;148;16
9371;148;12
9372;148;12
9373;152;12
9374;148;12
9375;156;12
9376;144;12
9377;156;12
9378;156;12
9379;160;12
9380;160;16
9381;172;20
9382;164;20
9383;168;24
9384;168;28
9385;168;32
9386;168;36
9387;172;40
9388;176;40
9389;176;44
9390;172;40
9391;176;44
9392;176;48
9393;176;44
9394;176;44
9395;180;48
9396;180;48
9397;180;48
9398;180;48
9399;180;44
9400;180;48
9401;184;44
9402;184;44
9403;184;44
9404;184;44
9405;184;44
9406;184;44
9407;188;44
9408;184;40
9409;200;40
9410;188;40
9411;188;40
9412;188;40
9413;188;40
9414;188;40
9415;188;40
9416;188;36
9417;188;36
9418;188;36
9419;192;36
9420;192;36
9421;188;40
9422;192;40
9423;188;40
9424;192;36
9425;192;36
9426;192;36
9427;188;36
9428;192;36
9429;192;36
9430;184;36
9431;188;36
9432;188;36
9433;192;36
9434;188;36
9435;192;36
9436;188;36
9437;180;36
9438;192;36
9439;188;32
9440;188;32
9441;184;32
9442;188;32
9443;184;32
9444;196;28
9445;184;28
9446;184;24
9447;184;24
9448;180;20
9449;184;20
9450;180;16
9451;188;16
9452;180;16
9453;176;12
9454;176;12
9455;180;12
9456;176;12
9457;176;8
9458;176;8
9459;176;12
9460;172;8
9461;168;12
9462;172;16
9463;160;16
9464;168;16
9465;168;20
9466;164;20
9467;168;24
9468;164;24
9469;164;28
9470;160;32
9471;160;32
9472;160;36
9473;160;40
9474;160;40
9475;152;44
9476;156;44
9477;156;44
9478;152;44
9479;152;48
9480;148;48
9481;148;48
9482;148;48
9483;148;48
9484;132;48
9485;144;48
9486;144;48
9487;140;44
9488;136;48
9489;136;44
9490;136;44
9491;140;44
9492;132;44
9493;128;44
9494;128;44
9495;128;44
9496;128;40
9497;124;40
9498;124;40
9499;116;40
9500;120;40
9501;116;36
9502;112;40
9503;112;40
9504;112;36
9505;112;40
9506;108;36
9507;104;36
9508;104;40
9509;100;40
9510;100;32
9511;96;36
9512;96;36
9513;92;32
9514;92;36
9515;88;36
9516;88;36
9517;84;36
9518;84;36
9519;76;36
9520;80;36
9521;76;36
9522;76;36
9523;72;36
9524;72;36
9525;68;36
9526;44;40
9527;64;-16
9528;64;-16
9529;60;-16
9530;60;-20
9531;56;-20
9532;52;-20
9533;72;-24
9534;48;-24
9535;44;-28
9536;44;-28
9537;44;-32
9538;40;-32
9539;40;-36
9540;36;-36
9541;36;-36
9542;32;-36
9543;28;-40
9544;28;-40
9545;16;-40
9546;24;-40
9547;20;-40
9548;16;-40
9549;16;-40
9550;12;-40
9551;12;-36
9552;8;-36
9553;8;-36
9554;4;-32
9555;4;-28
9556;0;-28
9557;0;-28
9558;-4;-24
9559;-4;-20
9560;-8;-16
9561;-12;-16
9562;-12;-16
9563;-12;-12
9564;-16;-8
9565;-20;-8
9566;-28;-8
9567;-24;-4
9568;-24;-8
9569;-28;-8
9570;-28;-4
9571;-32;-4
9572;-36;-4
9573;-44;-4
9574;-36;-4
9575;-40;-4
9576;-44;-8
9577;-48;-4
9578;-44;-8
9579;-52;-8
9580;-52;-8
9581;-52;-8
9582;-56;-8
9583;-56;-8
9584;-60;-12
9585;-60;-8
9586;-60;-12
9587;-60;-8
9588;-68;-12
9589;-72;-12
9590;-72;-12
9591;-72;-12
9592;-72;-12
9593;-76;-12
9594;-76;-12
9595;-84;-16
9596;-84;-16
9597;-88;-16
9598;-88;-12
9599;-92;-16
9600;-92;-16
9601;-84;-16
9602;-96;-16
9603;-96;-16
9604;-100;-16
9605;-100;-16
9606;-108;-16
9607;-104;-16
9608;-120;-16
9609;-108;-16
9610;-108;-16
9611;-112;-16
9612;-112;-16
9613;-124;-20
9614;-120;-20
9615;-124;-16
9616;-120;-20
9617;-124;-20
9618;-124;-20
9619;-124;-24
9620;-124;-28
9621;-128;-28
9622;-132;-32
9623;-136;-32
9624;-136;-36
9625;-136;-36
9626;-136;-40
9627;-136;-40
9628;-140;-36
9629;-140;-40
9630;-144;-40
9631;-144;-40
9632;-144;-40
9633;-148;-40
9634;-144;-40
9635;-148;-40
9636;-152;-36
9637;-152;-32
9638;-152;-32
9639;-152;-28
9640;-156;-28
9641;-156;-20
9642;-156;-20
9643;-160;-16
9644;-160;-12
9645;-160;-12
9646;-160;-8
9647;-164;-8
9648;-152;-8
9649;-164;-4
9650;-164;-4
9651;-164;-4
9652;-168;-4
9653;-168;-4
9654;-168;-4
9655;-172;-4
9656;-168;-4
9657;-168;-4
9658;-168;-8
9659;-172;-8
9660;-172;-8
9661;-172;-8
9662;-176;-8
9663;-172;-8
9664;-172;-8
9665;-176;-12
9666;-176;-8
9667;-172;-12
9668;-176;-12
9669;-180;-12
9670;-176;-12
9671;-180;-12
9672;-180;-12
9673;-180;-12
9674;-176;-12
9675;-180;-16
9676;-188;-12
9677;-176;-12
9678;-180;-16
9679;-180;-16
9680;-180;-16
9681;-176;-16
9682;-180;-16
9683;-164;-16
9684;-180;-16
9685;-180;-16
9686;-180;-16
9687;-180;-16
9688;-176;-16
9689;-180;-16
9690;-172;-16
9691;-180;-16
9692;-176;-16
9693;-176;-16
9694;-176;-16
9695;-180;-16
9696;-172;-16
9697;-172;-20
9698;-176;-20
9699;-172;-20
9700;-172;-24
9701;-172;-24
9702;-180;-24
9703;-172;-28
9704;-168;-28
9705;-168;-32
9706;-168;-32
9707;-168;-32
9708;-168;-36
9709;-168;-36
9710;-168;-36
9711;-160;-40
9712;-164;-40
9713;-160;-40
9714;-160;-40
9715;-160;-40
9716;-156;-40
9717;-156;-40
9718;-156;-40
9719;-156;-40
9720;-152;-36
9721;-152;-36
9722;-152;-32
9723;-164;-32
9724;-148;-28
9725;-148;-24
9726;-148;-24
9727;-144;-20
9728;-144;-16
9729;-140;-12
9730;-132;-12
9731;-140;-12
9732;-140;-8
9733;-136;-8
9734;-132;-8
9735;-132;32
9736;-132;32
9737;-124;32
9738;-124;32
9739;-124;32
9740;-124;32
9741;-124;32
9742;-120;32
9743;-116;32
9744;-112;32
9745;-112;32
9746;-112;32
9747;-108;28
9748;-108;28
9749;-108;32
9750;-104;28
9751;-100;24
9752;-104;24
9753;-100;24
9754;-96;24
9755;-92;24
9756;-92;24
9757;-88;24
9758;-88;24
9759;-84;24
9760;-84;24
9761;-80;20
9762;-80;20
9763;-76;20
9764;-72;20
9765;-92;20
9766;-72;20
9767;-64;20
9768;-64;20
9769;-64;20
9770;-60;20
9771;-60;20
9772;-56;20
9773;-56;20
9774;-52;20
9775;-48;20
9776;-48;20
9777;-36;16
9778;-44;20
9779;-40;16
9780;-36;20
9781;-36;20
9782;-36;16
9783;-28;16
9784;-32;16
9785;-28;16
9786;-24;12
9787;-24;12
9788;-20;8
9789;-16;8
9790;-16;4
9791;-12;4
9792;-4;0
9793;-8;0
9794;-4;0
9795;0;-4
9796;0;-4
9797;4;-4
9798;12;-4
9799;8;-4
9800;8;-4
9801;12;-8
9802;12;-8
9803;16;-4
9804;20;-4
9805;16;0
9806;24;4
9807;24;4
9808;28;8
9809;28;12
9810;32;16
9811;36;20
9812;28;20
9813;36;24
9814;44;24
9815;44;28
9816;48;28
9817;48;32
9818;48;28
9819;52;32
9820;60;32
9821;56;32
9822;60;32
9823;64;32
9824;64;32
9825;64;32
9826;72;32
9827;72;28
9828;72;28
9829;76;28
9830;76;28
9831;80;24
9832;80;24
9833;88;28
9834;88;28
9835;88;28
9836;92;24
9837;92;24
9838;96;24
9839;96;24
9840;108;24
9841;100;20
9842;104;24
9843;104;20
9844;108;20
9845;108;20
9846;112;24
9847;96;20
9848;116;20
9849;116;20
9850;120;24
9851;120;20
9852;120;24
9853;124;20
9854;116;20
9855;128;20
9856;128;20
9857;132;20
9858;132;20
9859;140;20
9860;136;20
9861;140;20
9862;140;20
9863;140;20
9864;144;20
9865;144;20
9866;148;16
9867;152;16
9868;152;16
9869;152;12
9870;152;12
9871;152;8
9872;156;8
9873;160;4
9874;156;0
9875;160;0
9876;160;-4
9877;164;0
9878;164;-4
9879;168;-4
9880;164;-4
9881;168;-8
9882;168;-8
9883;168;-8
9884;172;-8
9885;172;-4
9886;172;-8
9887;188;-4
9888;176;-4
9889;176;0
9890;176;0
9891;176;4
9892;180;8
9893;176;8
9894;180;12
9895;180;12
9896;180;16
9897;180;16
9898;184;20
9899;184;20
9900;184;28
9901;184;28
9902;188;28
9903;184;28
9904;188;32
9905;188;32
9906;188;32
9907;188;32
9908;184;32
9909;188;28
9910;188;28
9911;188;28
9912;192;32
9913;188;32
9914;192;28
9915;180;28
9916;192;28
9917;192;28
9918;192;28
9919;192;28
9920;196;28
9921;192;24
9922;196;24
9923;192;24
9924;192;24
9925;192;24
9926;192;24
9927;196;24
9928;192;24
9929;208;24
9930;192;20
9931;192;20
9932;192;20
9933;192;20
9934;196;20
9935;192;20
9936;192;24
9937;188;20
9938;188;24
9939;188;20
9940;188;24
9941;180;20
9942;188;20
9943;184;12
9944;184;12
9945;188;12
9946;184;12
9947;184;8
9948;184;8
9949;184;4
9950;180;4
9951;180;0
9952;184;-4
9953;180;0
9954;180;-4
9955;180;-8
9956;172;-8
9957;176;-8
9958;176;-8
9959;172;-8
9960;176;-12
9961;172;-16
9962;164;-16
9963;172;-16
9964;172;-12
9965;168;-16
9966;168;-12
9967;164;-12
9968;164;-12
9969;160;-8
9970;160;-4
9971;160;-4
9972;164;-4
9973;160;0
9974;160;4
9975;156;4
9976;156;8
9977;152;8
9978;152;12
9979;148;16
9980;148;16
9981;148;20
9982;144;20
9983;152;20
9984;144;20
9985;144;24
9986;140;24
9987;140;20
9988;140;24
9989;136;24
9990;136;20
9991;132;24
9992;132;20
9993;128;20
9994;128;24
9995;124;20
9996;124;20
9997;124;20
9998;120;20
9999;120;20
10000;116;16
