Column1;Column2;Column3
Channel              :;CH1;CH2
Frequency            :;63,56Hz;63,56Hz
Period               :;15,73ms;15,73ms
PK-PK                :;644,0mV;228,0mV
Probe attenuation    :;1X;1X
Voltage per ADC value:;0,250000mV;0,250000mV
Time interval        :;20,00000uS;20,00000uS
;;
index;CH1_Voltage(mV);CH2_Voltage(mV)
1;160;-92
2;160;-92
3;160;-88
4;164;-80
5;164;-76
6;164;-72
7;168;-68
8;180;-64
9;172;-64
10;172;-64
11;172;-64
12;176;-64
13;180;-64
14;180;-68
15;180;-68
16;184;-72
17;184;-72
18;184;-68
19;188;-72
20;188;-72
21;188;-72
22;176;-72
23;192;-72
24;192;-76
25;196;-72
26;196;-72
27;200;-76
28;200;-76
29;216;-76
30;200;-76
31;200;-76
32;204;-76
33;208;-76
34;208;-76
35;204;-76
36;208;-76
37;212;-72
38;216;-76
39;216;-76
40;216;-52
41;216;-56
42;224;-60
43;220;-60
44;220;-68
45;220;-68
46;224;-72
47;224;-72
48;228;-72
49;220;-76
50;228;-72
51;232;-72
52;232;-68
53;232;-64
54;232;-64
55;236;-56
56;236;-52
57;236;-48
58;240;-44
59;240;-44
60;240;-40
61;240;-40
62;248;-40
63;268;-40
64;248;-40
65;248;-44
66;248;-44
67;248;-44
68;248;-44
69;244;-48
70;252;-44
71;252;-48
72;256;-48
73;256;-48
74;256;-48
75;256;-52
76;256;-52
77;256;-52
78;260;-52
79;260;-52
80;260;-52
81;264;-52
82;264;-48
83;252;-52
84;264;-52
85;264;-52
86;268;-52
87;268;-52
88;268;-52
89;268;-56
90;268;-56
91;272;-60
92;272;-68
93;272;-68
94;272;-72
95;272;-72
96;272;-72
97;276;-72
98;276;-72
99;276;-72
100;276;-68
101;280;-64
102;276;-56
103;276;-52
104;256;-48
105;280;-44
106;280;-40
107;284;-40
108;284;-40
109;284;-40
110;288;-40
111;284;-40
112;284;-40
113;284;-40
114;284;-44
115;284;-44
116;284;-44
117;284;-48
118;288;-48
119;284;-48
120;288;-48
121;288;-48
122;288;-48
123;288;-48
124;300;-48
125;288;-48
126;288;-48
127;288;-48
128;288;-52
129;288;-48
130;288;-52
131;288;-52
132;288;-52
133;288;-52
134;292;-52
135;292;-56
136;292;-60
137;288;-64
138;284;-68
139;288;-68
140;288;-68
141;288;-72
142;292;-72
143;288;-72
144;284;-16
145;280;-16
146;292;-8
147;292;-8
148;292;0
149;288;4
150;292;8
151;288;12
152;288;16
153;288;16
154;288;16
155;288;16
156;288;16
157;288;16
158;292;16
159;288;16
160;288;12
161;288;12
162;288;12
163;284;8
164;284;8
165;280;12
166;284;8
167;280;8
168;280;8
169;284;4
170;280;8
171;280;8
172;272;8
173;276;8
174;276;4
175;276;8
176;276;4
177;272;8
178;276;4
179;264;4
180;272;4
181;272;0
182;272;0
183;268;-4
184;264;-8
185;272;-12
186;268;-16
187;268;-16
188;268;-20
189;264;-20
190;264;-20
191;260;-16
192;264;-12
193;264;-12
194;260;-4
195;256;0
196;260;4
197;256;12
198;256;16
199;260;16
200;252;20
201;252;16
202;252;16
203;248;20
204;252;16
205;248;16
206;244;12
207;248;12
208;244;12
209;248;12
210;244;12
211;244;12
212;240;8
213;224;8
214;240;8
215;236;8
216;236;8
217;232;8
218;232;8
219;232;8
220;236;8
221;228;8
222;228;8
223;224;8
224;224;8
225;220;4
226;216;4
227;216;4
228;216;4
229;216;0
230;212;0
231;212;-4
232;208;-8
233;208;-12
234;208;-16
235;204;-16
236;204;-16
237;204;-20
238;204;-20
239;200;-20
240;196;-16
241;196;-12
242;196;-8
243;192;0
244;192;4
245;192;12
246;192;16
247;196;16
248;184;92
249;184;92
250;184;88
251;180;88
252;180;88
253;180;88
254;188;88
255;176;84
256;176;84
257;172;84
258;172;84
259;168;84
260;160;80
261;164;80
262;164;80
263;164;80
264;160;80
265;156;76
266;156;80
267;152;76
268;152;76
269;152;76
270;148;76
271;148;72
272;144;72
273;140;68
274;128;60
275;140;60
276;140;56
277;136;52
278;132;52
279;132;52
280;132;52
281;132;56
282;128;60
283;124;68
284;124;72
285;120;76
286;120;80
287;116;84
288;120;88
289;116;88
290;112;88
291;112;88
292;112;88
293;108;88
294;104;88
295;80;88
296;100;88
297;104;84
298;100;84
299;96;84
300;96;80
301;100;80
302;92;80
303;88;76
304;88;80
305;84;80
306;80;80
307;80;76
308;80;76
309;80;80
310;76;76
311;76;76
312;72;76
313;68;72
314;68;72
315;80;68
316;64;64
317;60;60
318;60;56
319;56;56
320;56;52
321;56;52
322;52;52
323;52;52
324;48;60
325;44;64
326;44;72
327;44;76
328;40;84
329;28;88
330;36;88
331;32;88
332;28;88
333;28;88
334;24;88
335;24;84
336;32;84
337;16;84
338;16;84
339;12;80
340;12;80
341;8;80
342;-4;80
343;4;80
344;4;80
345;0;76
346;-4;76
347;-4;76
348;-4;76
349;-4;76
350;-8;76
351;-12;80
352;-12;112
353;-16;112
354;-16;108
355;-20;104
356;-28;100
357;-24;96
358;-24;92
359;-28;88
360;-32;88
361;-32;88
362;-32;84
363;-36;88
364;-40;88
365;-44;88
366;-44;96
367;-48;100
368;-48;104
369;-48;112
370;-32;116
371;-56;120
372;-56;120
373;-60;124
374;-60;124
375;-64;124
376;-68;124
377;-64;120
378;-72;120
379;-72;124
380;-76;116
381;-80;120
382;-84;116
383;-80;116
384;-84;116
385;-88;112
386;-88;112
387;-88;112
388;-92;112
389;-96;108
390;-100;112
391;-100;112
392;-100;112
393;-104;112
394;-108;112
395;-108;112
396;-108;108
397;-112;112
398;-116;108
399;-116;112
400;-120;104
401;-120;104
402;-120;100
403;-124;92
404;-124;92
405;-128;88
406;-136;84
407;-136;88
408;-136;84
409;-140;88
410;-140;88
411;-140;92
412;-148;100
413;-148;104
414;-148;108
415;-152;112
416;-152;116
417;-164;120
418;-156;124
419;-160;124
420;-160;124
421;-164;120
422;-164;124
423;-168;120
424;-168;120
425;-172;120
426;-172;116
427;-176;116
428;-180;116
429;-176;116
430;-180;112
431;-188;116
432;-184;112
433;-188;112
434;-188;112
435;-192;112
436;-196;112
437;-196;112
438;-192;112
439;-200;112
440;-204;112
441;-204;108
442;-208;108
443;-208;108
444;-208;108
445;-200;108
446;-216;108
447;-216;108
448;-216;104
449;-220;100
450;-220;92
451;-232;92
452;-220;88
453;-228;84
454;-232;84
455;-228;84
456;-232;80
457;-232;32
458;-232;40
459;-236;44
460;-236;48
461;-236;52
462;-240;56
463;-244;60
464;-244;64
465;-260;68
466;-248;68
467;-248;68
468;-252;68
469;-252;68
470;-256;64
471;-252;64
472;-252;64
473;-256;64
474;-260;60
475;-260;60
476;-260;60
477;-264;60
478;-264;60
479;-264;60
480;-272;60
481;-268;56
482;-268;56
483;-272;56
484;-272;56
485;-272;56
486;-296;56
487;-276;56
488;-280;56
489;-280;56
490;-280;52
491;-280;48
492;-280;48
493;-284;44
494;-284;40
495;-284;36
496;-288;36
497;-292;32
498;-288;32
499;-288;32
500;-292;32
501;-292;32
502;-292;40
503;-296;44
504;-296;52
505;-296;60
506;-288;64
507;-296;68
508;-296;68
509;-300;68
510;-300;68
511;-300;68
512;-304;68
513;-304;64
514;-304;60
515;-304;60
516;-300;60
517;-304;60
518;-304;60
519;-304;64
520;-316;60
521;-308;56
522;-308;56
523;-308;56
524;-304;56
525;-308;56
526;-304;56
527;-288;56
528;-308;56
529;-308;56
530;-308;52
531;-308;56
532;-308;56
533;-312;56
534;-308;52
535;-308;48
536;-308;40
537;-312;36
538;-312;36
539;-308;32
540;-304;32
541;-308;32
542;-308;32
543;-312;32
544;-312;32
545;-312;36
546;-308;40
547;-316;44
548;-308;52
549;-308;56
550;-308;60
551;-308;64
552;-308;64
553;-308;68
554;-308;64
555;-308;64
556;-308;64
557;-304;68
558;-304;64
559;-304;64
560;-300;64
561;-288;-8
562;-300;-12
563;-304;-12
564;-304;-12
565;-300;-12
566;-300;-12
567;-304;-12
568;-300;-16
569;-296;-16
570;-296;-24
571;-300;-24
572;-296;-32
573;-296;-36
574;-296;-36
575;-292;-40
576;-292;-40
577;-288;-40
578;-288;-40
579;-288;-36
580;-288;-32
581;-296;-24
582;-284;-20
583;-284;-16
584;-284;-12
585;-280;-8
586;-280;-4
587;-276;-4
588;-276;-8
589;-276;-4
590;-276;-4
591;-272;-4
592;-272;-8
593;-268;-8
594;-264;-12
595;-264;-12
596;-268;-12
597;-264;-16
598;-264;-12
599;-260;-16
600;-260;-12
601;-260;-16
602;-256;-16
603;-252;-16
604;-252;-16
605;-252;-16
606;-248;-16
607;-244;-16
608;-236;-20
609;-244;-20
610;-240;-20
611;-240;-24
612;-236;-28
613;-236;-32
614;-232;-32
615;-228;-36
616;-228;-40
617;-228;-40
618;-224;-40
619;-224;-40
620;-220;-40
621;-216;-36
622;-204;-32
623;-216;-28
624;-212;-20
625;-212;-16
626;-208;-12
627;-208;-8
628;-200;-8
629;-196;-4
630;-196;-8
631;-196;-4
632;-196;-8
633;-192;-4
634;-188;-8
635;-192;-8
636;-188;-12
637;-184;-12
638;-184;-12
639;-176;-12
640;-176;-12
641;-172;-12
642;-180;-16
643;-184;-16
644;-168;-16
645;-164;-16
646;-164;-16
647;-160;-16
648;-156;-16
649;-156;-16
650;-152;-16
651;-152;-16
652;-148;-16
653;-144;-16
654;-144;-20
655;-140;-20
656;-148;-16
657;-136;-20
658;-132;-20
659;-132;-20
660;-128;-20
661;-124;-16
662;-120;-16
663;-116;-16
664;-116;-20
665;-116;-60
666;-112;-64
667;-112;-68
668;-108;-72
669;-108;-76
670;-108;-76
671;-100;-80
672;-96;-80
673;-96;-84
674;-96;-84
675;-92;-84
676;-88;-80
677;-108;-80
678;-84;-76
679;-80;-72
680;-80;-64
681;-80;-60
682;-76;-60
683;-64;-52
684;-72;-52
685;-68;-48
686;-68;-48
687;-64;-48
688;-60;-48
689;-60;-52
690;-52;-52
691;-52;-52
692;-52;-52
693;-48;-56
694;-52;-56
695;-48;-56
696;-44;-56
697;-32;-60
698;-40;-60
699;-36;-56
700;-36;-60
701;-32;-60
702;-28;-60
703;-28;-60
704;-28;-60
705;-20;-60
706;-20;-60
707;-16;-60
708;-16;-60
709;-12;-60
710;-12;-60
711;-20;-64
712;-4;-64
713;0;-68
714;0;-68
715;4;-72
716;4;-76
717;12;-76
718;32;-80
719;16;-80
720;16;-84
721;20;-80
722;24;-84
723;24;-80
724;24;-76
725;28;-72
726;32;-64
727;32;-60
728;36;-56
729;36;-52
730;40;-52
731;48;-48
732;48;-48
733;48;-48
734;52;-52
735;56;-52
736;56;-48
737;56;-52
738;56;-52
739;64;-52
740;68;-52
741;68;-56
742;72;-56
743;72;-56
744;76;-56
745;76;-56
746;76;-56
747;80;-60
748;84;-60
749;84;-60
750;88;-60
751;84;-60
752;108;-56
753;92;-60
754;96;-60
755;96;-60
756;100;-60
757;100;-60
758;96;-60
759;108;-68
760;104;-68
761;108;-72
762;112;-72
763;112;-80
764;112;-80
765;120;-80
766;120;-80
767;120;-84
768;124;-80
769;128;-84
770;128;-84
771;128;-76
772;120;-72
773;132;-68
774;136;-64
775;136;-60
776;140;-56
777;140;-56
778;148;-56
779;144;-56
780;148;-56
781;148;-56
782;148;-56
783;152;-60
784;152;-56
785;156;-60
786;164;-60
787;156;-64
788;164;-64
789;164;-64
790;164;-64
791;164;-64
792;164;-64
793;160;-64
794;172;-64
795;172;-64
796;176;-68
797;172;-64
798;176;-64
799;172;-64
800;180;-68
801;184;-68
802;184;-68
803;184;-68
804;188;-68
805;188;-72
806;192;-76
807;192;-76
808;192;-80
809;192;-84
810;196;-84
811;196;-88
812;200;-88
813;208;-88
814;200;-84
815;204;-80
816;204;-76
817;204;-68
818;204;-68
819;208;-60
820;216;-56
821;208;-56
822;212;-52
823;216;-52
824;216;-56
825;216;-56
826;216;-56
827;220;-56
828;220;-60
829;224;-60
830;220;-60
831;224;-60
832;224;-64
833;220;-64
834;216;-64
835;228;-64
836;228;-64
837;232;-64
838;232;-64
839;232;-64
840;236;-64
841;232;-64
842;236;-64
843;240;-64
844;240;-64
845;236;-64
846;244;-68
847;240;-64
848;244;-68
849;248;-72
850;248;-72
851;248;-76
852;248;-80
853;252;-80
854;248;-84
855;252;-88
856;252;-88
857;252;-88
858;252;-88
859;256;-84
860;256;-80
861;252;-72
862;260;-64
863;256;-60
864;260;-56
865;260;-52
866;260;-56
867;264;-56
868;248;-52
869;264;-52
870;264;-52
871;264;-56
872;264;-56
873;264;-16
874;276;-20
875;268;-20
876;268;-20
877;272;-20
878;272;-20
879;272;-24
880;272;-24
881;268;-24
882;272;-24
883;276;-28
884;276;-32
885;276;-32
886;276;-36
887;276;-40
888;272;-40
889;276;-44
890;280;-48
891;280;-48
892;280;-48
893;280;-48
894;284;-44
895;280;-40
896;284;-40
897;284;-32
898;288;-24
899;284;-20
900;288;-20
901;288;-16
902;280;-16
903;284;-12
904;284;-12
905;284;-12
906;288;-12
907;288;-16
908;288;-16
909;300;-16
910;288;-20
911;288;-20
912;288;-20
913;288;-24
914;288;-24
915;288;-24
916;288;-24
917;288;-20
918;292;-20
919;288;-24
920;292;-24
921;288;-24
922;292;-24
923;288;-24
924;292;-24
925;292;-24
926;288;-24
927;288;-28
928;288;-32
929;284;-32
930;288;-40
931;288;-40
932;288;-44
933;288;-44
934;292;-48
935;288;-48
936;284;-48
937;288;-44
938;288;-40
939;288;-36
940;288;-32
941;288;-28
942;288;-24
943;292;-20
944;288;-12
945;284;-16
946;284;-12
947;284;-12
948;280;-12
949;284;-16
950;284;-12
951;280;-16
952;280;-20
953;280;-16
954;280;-20
955;276;-20
956;276;-20
957;276;-20
958;276;-20
959;276;-24
960;276;-20
961;272;-24
962;272;-24
963;272;-24
964;272;-24
965;272;-24
966;272;-24
967;272;-24
968;272;-24
969;268;-24
970;260;-28
971;268;-28
972;264;-32
973;264;-32
974;264;-36
975;264;-40
976;264;-40
977;260;12
978;260;12
979;256;12
980;260;12
981;256;12
982;256;16
983;256;20
984;260;24
985;252;28
986;252;32
987;252;36
988;252;40
989;248;44
990;236;44
991;248;48
992;248;48
993;244;44
994;244;44
995;240;44
996;240;44
997;240;40
998;236;40
999;236;40
1000;236;40
1001;236;40
1002;232;36
1003;232;36
1004;240;36
1005;228;36
1006;228;36
1007;224;36
1008;224;36
1009;224;36
1010;220;36
1011;232;36
1012;216;32
1013;216;36
1014;216;36
1015;216;36
1016;212;32
1017;208;36
1018;212;32
1019;208;32
1020;208;32
1021;204;28
1022;200;24
1023;200;24
1024;196;20
1025;188;16
1026;196;12
1027;196;12
1028;196;12
1029;192;12
1030;192;8
1031;192;16
1032;188;20
1033;184;20
1034;184;28
1035;188;32
1036;184;36
1037;180;40
1038;168;40
1039;180;44
1040;176;48
1041;176;48
1042;172;44
1043;172;44
1044;172;44
1045;172;44
1046;168;44
1047;168;40
1048;164;40
1049;160;40
1050;160;36
1051;160;36
1052;156;36
1053;152;36
1054;152;36
1055;148;36
1056;148;36
1057;148;36
1058;144;32
1059;120;36
1060;140;36
1061;140;32
1062;136;36
1063;136;36
1064;136;36
1065;140;32
1066;128;32
1067;128;28
1068;128;24
1069;124;24
1070;120;20
1071;120;16
1072;120;12
1073;116;12
1074;116;8
1075;116;8
1076;112;8
1077;112;12
1078;108;16
1079;116;20
1080;108;28
1081;104;32
1082;104;100
1083;100;104
1084;100;108
1085;96;112
1086;96;112
1087;92;112
1088;92;112
1089;88;112
1090;88;108
1091;84;108
1092;84;108
1093;68;108
1094;80;104
1095;80;104
1096;76;104
1097;76;100
1098;72;100
1099;76;100
1100;80;100
1101;68;100
1102;64;100
1103;64;100
1104;60;100
1105;60;96
1106;56;100
1107;56;100
1108;52;100
1109;52;96
1110;48;100
1111;44;100
1112;44;96
1113;44;96
1114;40;96
1115;36;92
1116;36;88
1117;36;84
1118;32;80
1119;28;76
1120;20;76
1121;24;72
1122;20;72
1123;20;72
1124;16;76
1125;12;76
1126;16;80
1127;8;88
1128;8;92
1129;8;100
1130;4;104
1131;0;104
1132;0;108
1133;4;108
1134;4;112
1135;-8;112
1136;-8;112
1137;-8;108
1138;-12;108
1139;-16;104
1140;-16;104
1141;-16;104
1142;-16;104
1143;-24;104
1144;-24;104
1145;-24;100
1146;-28;100
1147;-32;100
1148;-32;100
1149;-32;100
1150;-36;100
1151;-40;100
1152;-44;100
1153;-44;100
1154;-56;100
1155;-44;100
1156;-52;96
1157;-52;100
1158;-56;96
1159;-60;96
1160;-60;100
1161;-56;96
1162;-64;92
1163;-68;92
1164;-68;88
1165;-72;84
1166;-72;80
1167;-76;76
1168;-72;76
1169;-80;76
1170;-80;72
1171;-84;72
1172;-88;72
1173;-88;76
1174;-92;80
1175;-100;84
1176;-92;88
1177;-96;92
1178;-100;100
1179;-100;104
1180;-104;108
1181;-116;108
1182;-108;112
1183;-112;108
1184;-112;112
1185;-116;112
1186;-116;104
1187;-120;100
1188;-120;100
1189;-124;100
1190;-124;96
1191;-128;96
1192;-128;96
1193;-132;96
1194;-136;92
1195;-140;92
1196;-140;92
1197;-140;88
1198;-140;84
1199;-148;80
1200;-148;76
1201;-148;72
1202;-144;72
1203;-152;68
1204;-152;64
1205;-156;68
1206;-160;68
1207;-160;68
1208;-160;76
1209;-144;84
1210;-164;88
1211;-168;92
1212;-168;96
1213;-172;100
1214;-176;100
1215;-184;100
1216;-176;100
1217;-180;104
1218;-180;100
1219;-184;100
1220;-184;100
1221;-188;96
1222;-188;96
1223;-192;96
1224;-192;92
1225;-196;92
1226;-196;96
1227;-200;96
1228;-200;92
1229;-212;92
1230;-204;92
1231;-208;92
1232;-208;88
1233;-212;92
1234;-212;92
1235;-212;88
1236;-212;88
1237;-216;88
1238;-220;84
1239;-220;80
1240;-224;76
1241;-224;72
1242;-224;72
1243;-224;68
1244;-228;64
1245;-232;64
1246;-232;64
1247;-236;68
1248;-236;68
1249;-240;72
1250;-256;80
1251;-244;84
1252;-244;88
1253;-244;92
1254;-248;96
1255;-248;100
1256;-248;104
1257;-252;100
1258;-252;104
1259;-256;100
1260;-256;100
1261;-260;100
1262;-260;100
1263;-260;96
1264;-260;96
1265;-264;96
1266;-264;96
1267;-268;92
1268;-268;92
1269;-268;88
1270;-260;92
1271;-276;92
1272;-272;88
1273;-276;88
1274;-276;88
1275;-276;92
1276;-280;92
1277;-276;88
1278;-280;92
1279;-280;88
1280;-280;88
1281;-284;84
1282;-288;80
1283;-288;76
1284;-296;72
1285;-288;68
1286;-292;68
1287;-292;64
1288;-292;64
1289;-292;64
1290;-288;68
1291;-280;0
1292;-296;4
1293;-296;12
1294;-296;16
1295;-300;24
1296;-300;24
1297;-300;28
1298;-300;28
1299;-300;28
1300;-300;28
1301;-304;28
1302;-304;28
1303;-304;24
1304;-300;24
1305;-304;24
1306;-308;20
1307;-308;20
1308;-308;20
1309;-308;20
1310;-308;20
1311;-308;20
1312;-308;20
1313;-308;16
1314;-308;20
1315;-308;16
1316;-312;16
1317;-312;16
1318;-316;16
1319;-312;16
1320;-312;12
1321;-312;12
1322;-312;8
1323;-312;4
1324;-312;0
1325;-312;0
1326;-312;-4
1327;-312;-8
1328;-312;-8
1329;-316;-8
1330;-312;-8
1331;-308;-4
1332;-312;0
1333;-308;4
1334;-312;8
1335;-312;16
1336;-312;20
1337;-312;20
1338;-312;28
1339;-308;28
1340;-312;32
1341;-312;28
1342;-312;28
1343;-308;28
1344;-312;28
1345;-312;24
1346;-308;24
1347;-308;24
1348;-308;24
1349;-308;20
1350;-308;20
1351;-308;20
1352;-308;20
1353;-308;16
1354;-304;20
1355;-300;16
1356;-300;16
1357;-300;16
1358;-300;16
1359;-304;16
1360;-300;16
1361;-300;20
1362;-300;16
1363;-296;16
1364;-296;16
1365;-292;16
1366;-284;12
1367;-292;8
1368;-292;4
1369;-288;0
1370;-288;-4
1371;-288;-4
1372;-292;-8
1373;-284;-8
1374;-284;-8
1375;-280;-8
1376;-280;-8
1377;-280;-4
1378;-276;4
1379;-276;8
1380;-276;12
1381;-272;16
1382;-268;20
1383;-272;28
1384;-268;28
1385;-268;28
1386;-268;24
1387;-264;28
1388;-260;24
1389;-260;24
1390;-260;24
1391;-256;24
1392;-252;24
1393;-248;24
1394;-248;-36
1395;-248;-36
1396;-248;-36
1397;-244;-36
1398;-240;-40
1399;-240;-40
1400;-224;-40
1401;-236;-40
1402;-236;-40
1403;-232;-40
1404;-232;-44
1405;-228;-48
1406;-232;-56
1407;-228;-56
1408;-220;-60
1409;-220;-60
1410;-216;-64
1411;-216;-64
1412;-212;-60
1413;-212;-60
1414;-208;-56
1415;-208;-52
1416;-204;-44
1417;-204;-40
1418;-200;-36
1419;-196;-28
1420;-208;-28
1421;-192;-32
1422;-192;-28
1423;-188;-28
1424;-188;-32
1425;-184;-32
1426;-180;-32
1427;-176;-36
1428;-176;-36
1429;-176;-36
1430;-172;-36
1431;-164;-36
1432;-164;-40
1433;-160;-40
1434;-160;-36
1435;-156;-40
1436;-156;-40
1437;-152;-40
1438;-148;-40
1439;-148;-44
1440;-152;-44
1441;-164;-48
1442;-140;-48
1443;-140;-52
1444;-136;-56
1445;-132;-60
1446;-132;-60
1447;-124;-64
1448;-124;-64
1449;-124;-60
1450;-124;-60
1451;-116;-60
1452;-116;-52
1453;-112;-48
1454;-112;-44
1455;-104;-40
1456;-104;-36
1457;-104;-32
1458;-100;-32
1459;-96;-32
1460;-96;-28
1461;-80;-28
1462;-88;-28
1463;-88;-32
1464;-84;-32
1465;-84;-32
1466;-84;-36
1467;-76;-36
1468;-72;-36
1469;-72;-36
1470;-72;-36
1471;-72;-36
1472;-68;-40
1473;-64;-40
1474;-64;-40
1475;-60;-40
1476;-56;-40
1477;-56;-40
1478;-52;-40
1479;-48;-40
1480;-48;-40
1481;-48;-40
1482;-52;-40
1483;-44;-40
1484;-36;-40
1485;-36;-40
1486;-36;-44
1487;-32;-48
1488;-28;-48
1489;-28;-52
1490;-24;-56
1491;-20;-60
1492;-20;-64
1493;-16;-64
1494;-16;-60
1495;-12;-64
1496;-12;-60
1497;-4;-56
1498;-4;-80
1499;0;-76
1500;0;-72
1501;4;-68
1502;4;-64
1503;8;-64
1504;12;-60
1505;12;-60
1506;16;-60
1507;20;-56
1508;20;-56
1509;20;-60
1510;28;-60
1511;28;-60
1512;32;-60
1513;32;-60
1514;36;-64
1515;40;-64
1516;28;-64
1517;44;-64
1518;44;-64
1519;48;-64
1520;52;-64
1521;52;-68
1522;64;-64
1523;60;-68
1524;60;-64
1525;60;-68
1526;64;-68
1527;68;-68
1528;68;-68
1529;72;-72
1530;72;-72
1531;76;-76
1532;76;-80
1533;76;-84
1534;80;-84
1535;84;-88
1536;84;-88
1537;88;-88
1538;88;-88
1539;92;-88
1540;92;-84
1541;96;-80
1542;100;-76
1543;100;-72
1544;104;-64
1545;104;-60
1546;108;-60
1547;108;-56
1548;108;-56
1549;112;-56
1550;108;-56
1551;116;-56
1552;116;-56
1553;116;-60
1554;120;-60
1555;124;-60
1556;128;-60
1557;136;-64
1558;128;-64
1559;132;-64
1560;136;-64
1561;136;-64
1562;136;-68
1563;132;-64
1564;140;-68
1565;144;-64
1566;144;-64
1567;148;-64
1568;148;-68
1569;152;-68
1570;156;-68
1571;152;-72
1572;156;-72
1573;156;-76
1574;156;-80
1575;164;-84
1576;160;-84
1577;156;-88
1578;164;-88
1579;164;-88
1580;168;-88
1581;172;-88
1582;176;-84
1583;176;-76
1584;180;-72
1585;176;-64
1586;180;-60
1587;180;-56
1588;180;-56
1589;188;-56
1590;188;-56
1591;212;-56
1592;192;-60
1593;188;-56
1594;192;-60
1595;192;-64
1596;192;-60
1597;192;-60
1598;200;-64
1599;196;-64
1600;196;-64
1601;200;-60
1602;204;-44
1603;204;-44
1604;204;-48
1605;208;-52
1606;208;-56
1607;208;-56
1608;212;-60
1609;212;-64
1610;212;-68
1611;204;-68
1612;216;-72
1613;216;-72
1614;220;-72
1615;220;-68
1616;220;-64
1617;224;-60
1618;228;-56
1619;224;-48
1620;228;-48
1621;228;-40
1622;228;-40
1623;232;-40
1624;236;-36
1625;240;-36
1626;236;-36
1627;236;-36
1628;240;-36
1629;240;-40
1630;240;-40
1631;240;-40
1632;232;-44
1633;240;-44
1634;248;-44
1635;244;-44
1636;244;-44
1637;248;-44
1638;248;-44
1639;248;-48
1640;252;-48
1641;252;-48
1642;252;-48
1643;252;-48
1644;256;-48
1645;256;-48
1646;256;-48
1647;256;-48
1648;256;-48
1649;260;-52
1650;260;-56
1651;260;-56
1652;272;-60
1653;264;-64
1654;264;-64
1655;268;-68
1656;268;-72
1657;268;-72
1658;268;-72
1659;276;-68
1660;268;-60
1661;268;-60
1662;272;-52
1663;272;-44
1664;272;-44
1665;272;-36
1666;272;-36
1667;276;-32
1668;272;-36
1669;276;-36
1670;276;-40
1671;276;-40
1672;284;-40
1673;280;-40
1674;280;-40
1675;280;-40
1676;280;-44
1677;280;-44
1678;284;-44
1679;280;-44
1680;280;-48
1681;284;-48
1682;284;-48
1683;284;-44
1684;284;-48
1685;284;-48
1686;292;-48
1687;288;-48
1688;288;-48
1689;288;-48
1690;288;-48
1691;288;-48
1692;288;-48
1693;284;-48
1694;292;-52
1695;288;-56
1696;288;-56
1697;288;-60
1698;292;-64
1699;292;-64
1700;284;-68
1701;288;-68
1702;292;-72
1703;288;-68
1704;288;-64
1705;292;-64
1706;292;-56
1707;284;-4
1708;292;0
1709;292;4
1710;288;8
1711;292;8
1712;288;12
1713;300;12
1714;292;12
1715;292;16
1716;288;12
1717;292;12
1718;288;12
1719;288;12
1720;292;8
1721;288;8
1722;292;4
1723;288;4
1724;288;4
1725;288;4
1726;288;4
1727;296;0
1728;284;4
1729;284;0
1730;284;4
1731;288;0
1732;284;4
1733;284;4
1734;280;0
1735;284;0
1736;284;0
1737;280;-4
1738;284;-8
1739;280;-12
1740;280;-16
1741;268;-16
1742;280;-20
1743;276;-24
1744;276;-24
1745;276;-24
1746;276;-24
1747;276;-16
1748;292;-12
1749;276;0
1750;272;4
1751;272;8
1752;268;12
1753;272;12
1754;264;16
1755;268;16
1756;268;12
1757;268;16
1758;268;12
1759;264;12
1760;264;12
1761;268;8
1762;264;8
1763;260;8
1764;260;4
1765;260;8
1766;260;4
1767;260;4
1768;248;0
1769;260;4
1770;256;4
1771;252;4
1772;252;4
1773;252;4
1774;252;0
1775;252;4
1776;252;0
1777;248;0
1778;248;0
1779;244;-4
1780;244;-8
1781;244;-12
1782;260;-16
1783;240;-20
1784;240;-20
1785;236;-24
1786;236;-24
1787;232;-20
1788;232;-20
1789;232;-16
1790;228;-12
1791;232;-4
1792;228;4
1793;224;8
1794;224;12
1795;224;12
1796;220;16
1797;220;16
1798;220;16
1799;220;12
1800;216;12
1801;216;12
1802;212;12
1803;212;8
1804;212;4
1805;208;8
1806;208;4
1807;208;4
1808;208;8
1809;204;4
1810;204;8
1811;200;76
1812;200;72
1813;200;68
1814;196;64
1815;196;60
1816;200;56
1817;192;52
1818;188;52
1819;188;48
1820;184;44
1821;184;44
1822;180;48
1823;164;48
1824;180;52
1825;180;56
1826;176;60
1827;176;68
1828;172;72
1829;172;76
1830;172;80
1831;168;80
1832;168;84
1833;168;84
1834;164;84
1835;160;80
1836;160;80
1837;156;80
1838;156;80
1839;156;76
1840;152;76
1841;148;76
1842;148;76
1843;156;76
1844;144;72
1845;144;72
1846;140;72
1847;140;72
1848;136;72
1849;136;72
1850;140;72
1851;132;72
1852;132;72
1853;128;72
1854;128;72
1855;124;72
1856;120;68
1857;124;68
1858;120;64
1859;116;60
1860;116;56
1861;112;52
1862;112;52
1863;104;48
1864;100;44
1865;108;48
1866;104;44
1867;100;48
1868;100;48
1869;100;52
1870;100;60
1871;96;64
1872;92;72
1873;92;76
1874;92;76
1875;88;80
1876;88;80
1877;80;80
1878;80;80
1879;80;80
1880;76;80
1881;80;80
1882;72;80
1883;76;76
1884;72;80
1885;72;76
1886;68;76
1887;68;72
1888;64;76
1889;68;72
1890;60;72
1891;56;72
1892;56;72
1893;52;72
1894;52;72
1895;48;72
1896;44;72
1897;44;68
1898;20;72
1899;40;72
1900;40;72
1901;36;68
1902;36;68
1903;36;64
1904;40;64
1905;28;60
1906;28;56
1907;24;52
1908;24;48
1909;20;44
1910;16;44
1911;16;44
1912;12;48
1913;8;52
1914;8;56
1915;8;104
1916;4;108
1917;0;116
1918;12;120
1919;-4;120
1920;-4;124
1921;-4;124
1922;-8;124
1923;-8;124
1924;-12;120
1925;-16;120
1926;-20;120
1927;-16;116
1928;-20;116
1929;-24;116
1930;-28;112
1931;-28;116
1932;-44;112
1933;-32;112
1934;-36;112
1935;-36;112
1936;-36;112
1937;-40;112
1938;-40;112
1939;-28;112
1940;-48;112
1941;-48;108
1942;-52;104
1943;-56;104
1944;-52;100
1945;-64;96
1946;-60;92
1947;-60;88
1948;-64;88
1949;-68;84
1950;-68;84
1951;-68;84
1952;-72;88
1953;-76;92
1954;-80;100
1955;-80;104
1956;-80;112
1957;-84;116
1958;-88;120
1959;-96;124
1960;-92;124
1961;-92;124
1962;-96;124
1963;-100;120
1964;-100;124
1965;-100;120
1966;-100;120
1967;-104;116
1968;-108;116
1969;-112;116
1970;-112;116
1971;-116;112
1972;-112;108
1973;-100;112
1974;-124;112
1975;-124;112
1976;-128;112
1977;-128;112
1978;-132;112
1979;-132;112
1980;-132;112
1981;-140;112
1982;-136;112
1983;-140;112
1984;-144;108
1985;-144;104
1986;-148;100
1987;-148;100
1988;-152;92
1989;-152;92
1990;-156;88
1991;-156;88
1992;-160;84
1993;-164;84
1994;-164;84
1995;-164;84
1996;-168;88
1997;-172;92
1998;-172;100
1999;-172;104
2000;-180;112
2001;-180;112
2002;-180;116
2003;-180;120
2004;-184;124
2005;-184;124
2006;-184;124
2007;-188;124
2008;-192;120
2009;-192;120
2010;-196;116
2011;-200;120
2012;-200;116
2013;-204;112
2014;-204;116
2015;-208;112
2016;-208;112
2017;-208;112
2018;-212;112
2019;-212;60
2020;-220;60
2021;-220;60
2022;-220;56
2023;-220;52
2024;-220;48
2025;-224;44
2026;-228;40
2027;-228;40
2028;-228;40
2029;-228;36
2030;-232;32
2031;-232;36
2032;-236;40
2033;-236;40
2034;-236;48
2035;-244;52
2036;-244;56
2037;-244;64
2038;-244;64
2039;-248;68
2040;-248;72
2041;-244;72
2042;-252;72
2043;-252;68
2044;-256;68
2045;-256;68
2046;-260;68
2047;-260;68
2048;-252;68
2049;-260;64
2050;-264;64
2051;-264;64
2052;-268;64
2053;-268;64
2054;-276;60
2055;-272;60
2056;-272;60
2057;-272;60
2058;-272;60
2059;-276;56
2060;-276;60
2061;-276;56
2062;-276;60
2063;-280;60
2064;-280;56
2065;-284;60
2066;-284;56
2067;-284;56
2068;-280;56
2069;-284;56
2070;-288;56
2071;-288;52
2072;-288;52
2073;-292;44
2074;-292;44
2075;-296;40
2076;-292;36
2077;-296;32
2078;-292;32
2079;-296;32
2080;-296;32
2081;-296;36
2082;-304;40
2083;-300;48
2084;-300;56
2085;-304;60
2086;-300;68
2087;-304;68
2088;-300;68
2089;-316;68
2090;-308;72
2091;-304;68
2092;-308;68
2093;-308;68
2094;-308;68
2095;-300;64
2096;-308;68
2097;-308;64
2098;-308;60
2099;-308;60
2100;-308;60
2101;-308;60
2102;-308;60
2103;-308;60
2104;-312;56
2105;-308;60
2106;-308;60
2107;-312;56
2108;-308;60
2109;-300;56
2110;-312;60
2111;-312;56
2112;-308;56
2113;-312;56
2114;-312;52
2115;-308;48
2116;-312;48
2117;-312;40
2118;-312;36
2119;-308;36
2120;-312;36
2121;-308;32
2122;-312;32
2123;-324;-36
2124;-312;-36
2125;-312;-32
2126;-308;-24
2127;-308;-16
2128;-308;-16
2129;-308;-8
2130;-292;-4
2131;-308;-4
2132;-308;-4
2133;-308;-4
2134;-308;-4
2135;-304;-8
2136;-312;-8
2137;-304;-8
2138;-308;-8
2139;-304;-12
2140;-304;-12
2141;-300;-12
2142;-300;-12
2143;-296;-16
2144;-300;-16
2145;-300;-16
2146;-296;-12
2147;-296;-16
2148;-296;-16
2149;-296;-16
2150;-300;-16
2151;-292;-16
2152;-292;-16
2153;-288;-20
2154;-288;-20
2155;-288;-24
2156;-284;-28
2157;-284;-32
2158;-284;-36
2159;-284;-36
2160;-280;-40
2161;-280;-40
2162;-276;-40
2163;-276;-40
2164;-256;-36
2165;-276;-32
2166;-276;-28
2167;-272;-20
2168;-272;-16
2169;-268;-12
2170;-272;-8
2171;-264;-8
2172;-264;-4
2173;-264;-4
2174;-260;-4
2175;-260;-4
2176;-252;-4
2177;-256;-8
2178;-252;-8
2179;-252;-8
2180;-248;-8
2181;-244;-12
2182;-244;-12
2183;-244;-12
2184;-252;-12
2185;-236;-12
2186;-236;-12
2187;-236;-12
2188;-232;-12
2189;-232;-16
2190;-228;-16
2191;-224;-12
2192;-228;-16
2193;-224;-16
2194;-220;-16
2195;-220;-16
2196;-216;-16
2197;-212;-16
2198;-212;-16
2199;-212;-16
2200;-208;-16
2201;-208;-20
2202;-204;-16
2203;-200;-20
2204;-200;-24
2205;-220;-28
2206;-196;-32
2207;-192;-36
2208;-192;-36
2209;-188;-40
2210;-188;-40
2211;-172;-44
2212;-184;-40
2213;-180;-40
2214;-176;-36
2215;-176;-24
2216;-172;-20
2217;-172;-16
2218;-164;-12
2219;-164;-8
2220;-160;-4
2221;-160;-4
2222;-156;-8
2223;-156;-8
2224;-148;-4
2225;-136;-8
2226;-144;-8
2227;-144;-52
2228;-144;-52
2229;-136;-56
2230;-136;-56
2231;-136;-56
2232;-132;-60
2233;-128;-56
2234;-128;-60
2235;-120;-60
2236;-120;-60
2237;-120;-60
2238;-116;-64
2239;-128;-64
2240;-108;-68
2241;-108;-72
2242;-104;-76
2243;-104;-80
2244;-100;-80
2245;-96;-84
2246;-84;-84
2247;-96;-84
2248;-92;-80
2249;-88;-76
2250;-88;-72
2251;-84;-68
2252;-84;-60
2253;-80;-56
2254;-76;-56
2255;-76;-52
2256;-72;-48
2257;-72;-48
2258;-68;-48
2259;-64;-48
2260;-60;-52
2261;-60;-52
2262;-60;-52
2263;-56;-56
2264;-56;-56
2265;-52;-56
2266;-52;-56
2267;-48;-56
2268;-44;-56
2269;-40;-60
2270;-40;-60
2271;-36;-60
2272;-36;-60
2273;-40;-60
2274;-32;-60
2275;-28;-60
2276;-28;-60
2277;-24;-60
2278;-20;-60
2279;-16;-60
2280;-20;-64
2281;-12;-60
2282;-16;-64
2283;-12;-64
2284;-4;-68
2285;-8;-72
2286;0;-76
2287;0;-80
2288;4;-80
2289;4;-80
2290;8;-84
2291;12;-84
2292;12;-80
2293;16;-80
2294;16;-76
2295;20;-72
2296;24;-68
2297;28;-64
2298;28;-56
2299;32;-56
2300;36;-52
2301;36;-48
2302;36;-48
2303;40;-48
2304;44;-48
2305;44;-48
2306;48;-52
2307;44;-52
2308;52;-52
2309;56;-56
2310;60;-56
2311;60;-56
2312;60;-56
2313;64;-56
2314;56;-56
2315;68;-56
2316;72;-56
2317;72;-56
2318;72;-60
2319;76;-56
2320;80;-60
2321;92;-60
2322;84;-60
2323;80;-60
2324;88;-60
2325;88;-60
2326;92;-60
2327;88;-60
2328;92;-60
2329;100;-60
2330;100;-60
2331;100;-60
2332;104;-68
2333;104;-72
2334;108;-76
2335;108;-76
2336;108;-80
2337;112;-84
2338;112;-88
2339;116;-88
2340;116;-88
2341;128;-92
2342;124;-92
2343;128;-88
2344;124;-88
2345;128;-84
2346;132;-80
2347;132;-76
2348;144;-68
2349;136;-68
2350;136;-60
2351;140;-60
2352;140;-56
2353;144;-56
2354;144;-56
2355;160;-56
2356;148;-60
2357;152;-60
2358;152;-60
2359;152;-60
2360;156;-60
2361;152;-64
2362;164;-64
2363;164;-64
2364;164;-64
2365;168;-68
2366;164;-68
2367;168;-64
2368;168;-68
2369;172;-68
2370;168;-68
2371;176;-68
2372;180;-68
2373;176;-68
2374;176;-68
2375;168;-68
2376;180;-68
2377;184;-68
2378;184;-68
2379;188;-68
2380;188;-68
2381;192;-68
2382;196;-72
2383;192;-72
2384;196;-76
2385;196;-76
2386;196;-84
2387;200;-88
2388;200;-84
2389;204;-88
2390;204;-88
2391;204;-92
2392;208;-92
2393;204;-88
2394;208;-84
2395;204;-80
2396;192;-76
2397;216;-72
2398;216;-68
2399;216;-64
2400;216;-60
2401;220;-56
2402;224;-56
2403;220;-56
2404;220;-56
2405;224;-60
2406;224;-56
2407;228;-60
2408;228;-60
2409;232;-60
2410;232;-60
2411;232;-60
2412;236;-64
2413;236;-64
2414;236;-64
2415;236;-64
2416;252;-64
2417;240;-68
2418;240;-68
2419;240;-68
2420;244;-68
2421;248;-68
2422;244;-68
2423;248;-68
2424;248;-68
2425;248;-68
2426;252;-68
2427;252;-68
2428;252;-68
2429;252;-68
2430;244;-68
2431;256;-68
2432;256;-68
2433;256;-68
2434;256;-64
2435;260;-68
2436;260;-28
2437;276;-32
2438;260;-36
2439;260;-36
2440;264;-40
2441;264;-44
2442;268;-48
2443;264;-52
2444;264;-48
2445;268;-52
2446;268;-52
2447;268;-48
2448;272;-48
2449;272;-44
2450;280;-40
2451;272;-32
2452;276;-28
2453;276;-24
2454;276;-20
2455;276;-16
2456;276;-16
2457;280;-16
2458;280;-16
2459;280;-16
2460;280;-16
2461;280;-16
2462;284;-20
2463;284;-20
2464;284;-20
2465;284;-20
2466;284;-24
2467;284;-24
2468;284;-24
2469;288;-24
2470;288;-24
2471;308;-24
2472;288;-24
2473;288;-24
2474;288;-28
2475;288;-24
2476;288;-28
2477;288;-28
2478;292;-28
2479;292;-28
2480;288;-28
2481;288;-28
2482;288;-28
2483;288;-28
2484;292;-28
2485;292;-32
2486;292;-36
2487;288;-40
2488;292;-40
2489;292;-44
2490;288;-44
2491;296;-48
2492;292;-48
2493;292;-52
2494;292;-48
2495;292;-44
2496;288;-40
2497;292;-32
2498;288;-28
2499;292;-24
2500;292;-16
2501;288;-16
2502;292;-16
2503;292;-12
2504;292;-16
2505;296;-16
2506;292;-16
2507;292;-20
2508;288;-20
2509;288;-20
2510;292;-20
2511;292;-24
2512;296;-24
2513;288;-24
2514;288;-20
2515;288;-24
2516;288;-24
2517;288;-24
2518;280;-24
2519;288;-28
2520;284;-24
2521;284;-28
2522;284;-24
2523;284;-24
2524;284;-28
2525;284;-28
2526;284;-24
2527;284;-28
2528;280;-32
2529;280;-32
2530;280;-36
2531;280;-40
2532;272;-40
2533;276;-44
2534;276;-48
2535;276;-48
2536;276;-48
2537;272;-48
2538;276;-48
2539;276;-44
2540;268;24
2541;272;24
2542;268;32
2543;268;32
2544;268;40
2545;268;44
2546;288;44
2547;268;48
2548;264;44
2549;264;44
2550;264;44
2551;260;44
2552;252;44
2553;260;44
2554;260;40
2555;256;44
2556;256;40
2557;256;40
2558;256;36
2559;252;36
2560;252;40
2561;252;36
2562;248;40
2563;252;36
2564;248;36
2565;248;32
2566;236;36
2567;244;32
2568;244;36
2569;244;36
2570;244;36
2571;240;36
2572;240;32
2573;240;32
2574;236;32
2575;232;32
2576;232;28
2577;228;24
2578;232;24
2579;232;20
2580;232;16
2581;228;12
2582;224;8
2583;220;8
2584;224;8
2585;220;12
2586;216;16
2587;208;20
2588;216;20
2589;216;24
2590;212;32
2591;212;40
2592;208;44
2593;216;44
2594;208;48
2595;204;48
2596;204;48
2597;200;44
2598;200;44
2599;200;44
2600;200;44
2601;196;44
2602;196;44
2603;196;44
2604;192;40
2605;192;40
2606;188;36
2607;196;40
2608;188;36
2609;184;36
2610;184;36
2611;180;36
2612;180;32
2613;180;36
2614;176;36
2615;176;36
2616;176;32
2617;176;36
2618;172;36
2619;172;32
2620;168;32
2621;152;36
2622;164;32
2623;164;28
2624;160;24
2625;160;20
2626;156;16
2627;156;16
2628;164;12
2629;152;8
2630;148;12
2631;148;8
2632;148;12
2633;140;16
2634;140;20
2635;140;28
2636;140;32
2637;136;40
2638;132;44
2639;132;44
2640;128;44
2641;132;48
2642;124;48
2643;124;48
2644;124;112
2645;120;112
2646;120;112
2647;120;112
2648;112;112
2649;116;108
2650;112;108
2651;112;108
2652;108;108
2653;108;104
2654;104;104
2655;96;100
2656;104;96
2657;100;92
2658;100;88
2659;96;84
2660;96;84
2661;100;80
2662;92;80
2663;88;76
2664;88;76
2665;84;76
2666;84;80
2667;84;84
2668;80;92
2669;80;96
2670;72;100
2671;72;104
2672;72;112
2673;72;112
2674;68;116
2675;64;116
2676;64;116
2677;64;116
2678;60;112
2679;60;112
2680;56;112
2681;52;112
2682;48;108
2683;52;108
2684;48;108
2685;44;108
2686;44;108
2687;40;104
2688;40;104
2689;36;104
2690;36;104
2691;32;104
2692;32;104
2693;28;104
2694;28;100
2695;24;100
2696;24;104
2697;20;100
2698;16;104
2699;12;100
2700;12;100
2701;12;96
2702;8;92
2703;8;92
2704;4;84
2705;0;84
2706;0;80
2707;-4;80
2708;-8;76
2709;-16;76
2710;-8;76
2711;-12;80
2712;-16;80
2713;-16;84
2714;-16;92
2715;-20;96
2716;-24;100
2717;-24;108
2718;-24;108
2719;-32;112
2720;-32;116
2721;-36;116
2722;-36;112
2723;-36;112
2724;-40;112
2725;-44;112
2726;-44;108
2727;-48;108
2728;-52;108
2729;-52;108
2730;-48;108
2731;-56;104
2732;-60;104
2733;-60;104
2734;-64;104
2735;-64;104
2736;-72;104
2737;-72;100
2738;-72;100
2739;-76;100
2740;-80;100
2741;-84;100
2742;-84;100
2743;-88;96
2744;-96;100
2745;-88;100
2746;-92;100
2747;-92;104
2748;-96;100
2749;-100;100
2750;-96;96
2751;-100;92
2752;-104;88
2753;-108;84
2754;-108;80
2755;-112;76
2756;-116;76
2757;-128;76
2758;-120;72
2759;-120;72
2760;-124;76
2761;-124;80
2762;-128;84
2763;-128;88
2764;-132;92
2765;-136;96
2766;-136;104
2767;-136;108
2768;-144;112
2769;-144;112
2770;-144;112
2771;-152;112
2772;-148;112
2773;-152;112
2774;-156;112
2775;-156;108
2776;-160;108
2777;-160;108
2778;-184;104
2779;-164;104
2780;-164;104
2781;-168;104
2782;-172;100
2783;-172;100
2784;-168;100
2785;-180;100
2786;-176;100
2787;-180;100
2788;-184;100
2789;-184;100
2790;-188;96
2791;-188;96
2792;-188;100
2793;-192;96
2794;-192;92
2795;-196;88
2796;-200;84
2797;-196;80
2798;-192;80
2799;-204;76
2800;-204;72
2801;-208;72
2802;-208;72
2803;-212;76
2804;-212;80
2805;-216;84
2806;-216;88
2807;-220;96
2808;-220;100
2809;-224;104
2810;-224;108
2811;-228;112
2812;-240;112
2813;-232;108
2814;-232;112
2815;-232;112
2816;-236;108
2817;-236;108
2818;-236;104
2819;-224;104
2820;-244;100
2821;-244;104
2822;-248;104
2823;-248;104
2824;-248;100
2825;-252;100
2826;-252;100
2827;-252;100
2828;-252;100
2829;-252;100
2830;-260;100
2831;-260;100
2832;-256;100
2833;-264;100
2834;-264;100
2835;-264;96
2836;-268;96
2837;-268;92
2838;-268;88
2839;-276;84
2840;-272;80
2841;-276;80
2842;-276;76
2843;-276;76
2844;-276;72
2845;-276;72
2846;-288;72
2847;-280;76
2848;-284;84
2849;-284;92
2850;-288;96
2851;-288;100
2852;-288;108
2853;-292;112
2854;-292;36
2855;-292;36
2856;-296;36
2857;-296;36
2858;-296;32
2859;-300;32
2860;-296;32
2861;-296;32
2862;-296;28
2863;-300;28
2864;-300;28
2865;-304;24
2866;-304;24
2867;-300;24
2868;-300;24
2869;-304;20
2870;-304;24
2871;-304;24
2872;-308;24
2873;-316;20
2874;-308;20
2875;-308;20
2876;-308;16
2877;-308;12
2878;-304;8
2879;-308;8
2880;-312;4
2881;-308;0
2882;-308;0
2883;-312;-4
2884;-312;-4
2885;-312;-4
2886;-308;0
2887;-308;4
2888;-316;8
2889;-308;12
2890;-312;20
2891;-312;24
2892;-312;28
2893;-312;32
2894;-312;32
2895;-316;36
2896;-316;36
2897;-316;32
2898;-312;32
2899;-316;32
2900;-320;32
2901;-316;32
2902;-312;24
2903;-316;28
2904;-312;24
2905;-316;24
2906;-316;24
2907;-312;24
2908;-316;24
2909;-312;24
2910;-316;24
2911;-316;24
2912;-312;24
2913;-312;24
2914;-316;24
2915;-312;24
2916;-316;24
2917;-312;20
2918;-312;20
2919;-312;20
2920;-308;16
2921;-304;12
2922;-308;8
2923;-312;4
2924;-308;0
2925;-308;-4
2926;-308;-4
2927;-308;-4
2928;-292;-8
2929;-304;-4
2930;-304;0
2931;-304;4
2932;-304;12
2933;-300;16
2934;-308;20
2935;-296;24
2936;-300;28
2937;-296;32
2938;-296;32
2939;-296;32
2940;-292;32
2941;-292;32
2942;-296;32
2943;-292;32
2944;-288;32
2945;-288;28
2946;-288;28
2947;-284;28
2948;-292;24
2949;-284;24
2950;-280;24
2951;-280;24
2952;-280;24
2953;-276;24
2954;-276;20
2955;-272;24
2956;-272;24
2957;-272;-40
2958;-272;-44
2959;-268;-48
2960;-264;-48
2961;-264;-52
2962;-260;-52
2963;-260;-60
2964;-260;-60
2965;-260;-60
2966;-256;-64
2967;-252;-64
2968;-252;-64
2969;-272;-64
2970;-248;-64
2971;-244;-60
2972;-244;-52
2973;-240;-48
2974;-240;-44
2975;-232;-40
2976;-236;-36
2977;-232;-32
2978;-228;-32
2979;-228;-32
2980;-228;-32
2981;-224;-32
2982;-220;-32
2983;-220;-32
2984;-216;-36
2985;-216;-36
2986;-212;-36
2987;-212;-40
2988;-208;-40
2989;-204;-40
2990;-204;-40
2991;-200;-40
2992;-200;-40
2993;-196;-40
2994;-192;-44
2995;-192;-44
2996;-192;-40
2997;-188;-44
2998;-188;-40
2999;-180;-44
3000;-180;-44
3001;-176;-44
3002;-172;-44
3003;-188;-44
3004;-168;-48
3005;-168;-52
3006;-164;-56
3007;-160;-60
3008;-160;-60
3009;-152;-64
3010;-136;-64
3011;-152;-68
3012;-148;-68
3013;-148;-68
3014;-144;-60
3015;-140;-60
3016;-140;-56
3017;-136;-48
3018;-132;-44
3019;-132;-40
3020;-124;-40
3021;-124;-36
3022;-120;-32
3023;-116;-32
3024;-116;-32
3025;-116;-32
3026;-112;-32
3027;-112;-36
3028;-108;-36
3029;-104;-36
3030;-104;-36
3031;-100;-36
3032;-96;-36
3033;-92;-40
3034;-92;-40
3035;-88;-40
3036;-88;-40
3037;-88;-44
3038;-80;-44
3039;-80;-40
3040;-76;-44
3041;-72;-44
3042;-72;-40
3043;-68;-44
3044;-72;-44
3045;-64;-44
3046;-64;-44
3047;-60;-44
3048;-56;-48
3049;-56;-52
3050;-44;-56
3051;-48;-60
3052;-48;-64
3053;-44;-64
3054;-44;-64
3055;-40;-68
3056;-40;-64
3057;-36;-64
3058;-36;-56
3059;-32;-48
3060;-32;-44
3061;-28;-72
3062;-24;-68
3063;-24;-68
3064;-12;-68
3065;-20;-64
3066;-16;-64
3067;-12;-64
3068;-12;-68
3069;-8;-68
3070;-4;-68
3071;-8;-68
3072;0;-68
3073;4;-68
3074;4;-72
3075;8;-76
3076;12;-72
3077;12;-72
3078;4;-72
3079;20;-76
3080;20;-72
3081;24;-72
3082;28;-76
3083;28;-76
3084;32;-76
3085;52;-76
3086;36;-76
3087;36;-76
3088;44;-76
3089;44;-76
3090;48;-76
3091;44;-80
3092;48;-80
3093;52;-84
3094;56;-88
3095;56;-92
3096;60;-92
3097;60;-96
3098;68;-96
3099;68;-100
3100;68;-96
3101;72;-96
3102;72;-92
3103;72;-88
3104;76;-84
3105;72;-80
3106;84;-76
3107;84;-68
3108;88;-68
3109;88;-64
3110;92;-64
3111;92;-64
3112;92;-64
3113;92;-64
3114;96;-64
3115;100;-68
3116;104;-68
3117;104;-68
3118;108;-68
3119;120;-68
3120;108;-72
3121;112;-72
3122;112;-72
3123;116;-72
3124;116;-72
3125;112;-72
3126;124;-72
3127;120;-76
3128;124;-76
3129;128;-76
3130;128;-72
3131;132;-76
3132;132;-76
3133;136;-76
3134;136;-80
3135;140;-84
3136;140;-84
3137;140;-88
3138;144;-92
3139;132;-92
3140;148;-92
3141;152;-96
3142;152;-96
3143;156;-96
3144;156;-96
3145;160;-92
3146;156;-88
3147;164;-84
3148;164;-80
3149;164;-76
3150;168;-72
3151;168;-68
3152;172;-64
3153;176;-64
3154;172;-64
3155;176;-60
3156;176;-64
3157;176;-68
3158;180;-64
3159;180;-68
3160;180;-68
3161;184;-68
3162;184;-68
3163;188;-68
3164;188;-68
3165;188;-52
3166;184;-52
3167;192;-56
3168;196;-56
3169;196;-64
3170;200;-64
3171;200;-68
3172;200;-72
3173;204;-72
3174;204;-76
3175;204;-80
3176;204;-80
3177;208;-80
3178;208;-76
3179;212;-76
3180;216;-68
3181;212;-56
3182;216;-56
3183;212;-52
3184;216;-48
3185;216;-48
3186;220;-44
3187;228;-44
3188;224;-48
3189;224;-44
3190;228;-48
3191;228;-48
3192;228;-48
3193;228;-48
3194;240;-52
3195;232;-48
3196;232;-52
3197;236;-52
3198;236;-52
3199;236;-56
3200;232;-52
3201;236;-56
3202;240;-56
3203;240;-56
3204;244;-56
3205;244;-56
3206;244;-60
3207;248;-56
3208;244;-56
3209;248;-56
3210;248;-56
3211;252;-60
3212;252;-60
3213;252;-68
3214;240;-68
3215;256;-72
3216;256;-76
3217;256;-80
3218;256;-80
3219;260;-80
3220;256;-80
3221;260;-76
3222;260;-76
3223;260;-68
3224;260;-64
3225;260;-60
3226;264;-56
3227;264;-52
3228;268;-52
3229;268;-48
3230;268;-48
3231;268;-44
3232;268;-44
3233;272;-44
3234;268;-44
3235;248;-48
3236;272;-48
3237;272;-48
3238;272;-52
3239;272;-52
3240;272;-52
3241;284;-52
3242;276;-52
3243;280;-52
3244;276;-52
3245;276;-56
3246;276;-56
3247;280;-56
3248;280;-56
3249;280;-56
3250;284;-56
3251;284;-56
3252;284;-56
3253;284;-56
3254;284;-56
3255;296;-56
3256;284;-56
3257;284;-60
3258;284;-60
3259;288;-64
3260;288;-68
3261;284;-72
3262;288;-76
3263;288;-80
3264;288;-80
3265;288;-80
3266;288;-76
3267;292;-72
3268;292;-72
3269;272;-12
3270;288;-12
3271;288;-4
3272;288;-4
3273;288;4
3274;288;8
3275;292;8
3276;308;8
3277;288;12
3278;288;8
3279;292;8
3280;292;8
3281;288;4
3282;288;4
3283;292;4
3284;292;4
3285;292;0
3286;292;0
3287;292;-4
3288;296;0
3289;296;0
3290;292;0
3291;292;-4
3292;288;-4
3293;292;0
3294;292;-4
3295;292;0
3296;288;0
3297;288;-4
3298;288;-4
3299;288;-4
3300;292;-4
3301;288;-4
3302;288;-4
3303;284;-8
3304;288;-8
3305;284;-12
3306;284;-16
3307;284;-20
3308;284;-20
3309;288;-24
3310;284;-28
3311;284;-28
3312;280;-28
3313;284;-28
3314;280;-20
3315;280;-16
3316;284;-12
3317;280;-4
3318;276;0
3319;276;8
3320;276;8
3321;272;12
3322;272;8
3323;272;8
3324;272;8
3325;268;8
3326;268;8
3327;268;4
3328;268;4
3329;268;0
3330;264;0
3331;268;4
3332;264;0
3333;264;0
3334;264;0
3335;264;0
3336;260;0
3337;256;0
3338;260;0
3339;256;0
3340;256;-4
3341;256;-4
3342;256;-8
3343;252;-12
3344;256;-16
3345;252;-16
3346;252;-20
3347;248;-24
3348;248;-24
3349;248;-24
3350;244;-28
3351;252;-24
3352;244;-24
3353;244;-20
3354;244;-12
3355;236;-8
3356;240;0
3357;228;4
3358;236;8
3359;232;8
3360;236;8
3361;232;12
3362;232;8
3363;228;8
3364;232;8
3365;228;4
3366;224;4
3367;224;0
3368;224;0
3369;220;0
3370;220;4
3371;216;4
3372;220;0
3373;216;72
3374;216;68
3375;212;68
3376;208;64
3377;212;60
3378;212;56
3379;208;52
3380;204;48
3381;204;48
3382;204;44
3383;200;44
3384;200;40
3385;208;44
3386;196;44
3387;192;48
3388;192;52
3389;192;56
3390;192;64
3391;188;68
3392;180;76
3393;188;76
3394;184;80
3395;184;80
3396;180;80
3397;180;80
3398;180;76
3399;176;76
3400;176;76
3401;176;76
3402;172;72
3403;172;72
3404;168;72
3405;172;68
3406;164;68
3407;164;68
3408;160;68
3409;160;68
3410;156;68
3411;156;68
3412;152;68
3413;152;68
3414;152;68
3415;148;68
3416;148;68
3417;148;64
3418;144;68
3419;136;64
3420;140;60
3421;136;56
3422;136;52
3423;132;52
3424;132;48
3425;132;44
3426;120;44
3427;128;40
3428;124;44
3429;124;40
3430;120;44
3431;120;52
3432;128;56
3433;116;64
3434;116;68
3435;112;76
3436;112;76
3437;108;80
3438;108;80
3439;104;76
3440;104;76
3441;100;76
3442;100;76
3443;100;76
3444;96;72
3445;92;68
3446;104;72
3447;88;72
3448;88;72
3449;84;68
3450;84;68
3451;84;68
3452;80;68
3453;76;68
3454;76;68
3455;76;68
3456;72;64
3457;72;64
3458;68;64
3459;68;64
3460;52;64
3461;64;64
3462;60;64
3463;60;64
3464;60;60
3465;56;60
3466;56;56
3467;68;52
3468;48;48
3469;48;44
3470;48;44
3471;44;40
3472;40;40
3473;36;40
3474;40;44
3475;36;52
3476;36;60
3477;32;120
3478;32;120
3479;28;124
3480;28;128
3481;24;128
3482;20;128
3483;20;128
3484;16;128
3485;12;128
3486;12;128
3487;0;124
3488;8;120
3489;8;120
3490;4;120
3491;0;120
3492;-4;120
3493;0;120
3494;-4;116
3495;-4;116
3496;-8;116
3497;-8;116
3498;-12;116
3499;-16;116
3500;-16;116
3501;0;112
3502;-20;112
3503;-24;108
3504;-24;104
3505;-28;100
3506;-32;96
3507;-36;96
3508;-32;92
3509;-36;88
3510;-40;88
3511;-40;88
3512;-44;92
3513;-48;96
3514;-44;100
3515;-52;104
3516;-56;108
3517;-56;116
3518;-56;120
3519;-56;124
3520;-64;128
3521;-72;128
3522;-64;128
3523;-68;128
3524;-72;128
3525;-72;128
3526;-76;128
3527;-76;124
3528;-80;124
3529;-80;124
3530;-84;120
3531;-84;116
3532;-88;120
3533;-92;120
3534;-92;116
3535;-92;116
3536;-96;120
3537;-100;116
3538;-104;116
3539;-104;116
3540;-104;112
3541;-112;116
3542;-128;112
3543;-112;116
3544;-112;116
3545;-116;112
3546;-120;116
3547;-120;116
3548;-128;112
3549;-128;112
3550;-128;108
3551;-128;104
3552;-132;100
3553;-136;96
3554;-136;92
3555;-136;92
3556;-140;88
3557;-140;88
3558;-144;88
3559;-144;88
3560;-148;88
3561;-152;96
3562;-148;100
3563;-156;108
3564;-156;112
3565;-160;116
3566;-160;120
3567;-164;124
3568;-164;124
3569;-160;128
3570;-168;128
3571;-172;128
3572;-172;128
3573;-172;124
3574;-176;124
3575;-180;120
3576;-176;120
3577;-184;120
3578;-184;120
3579;-184;120
3580;-188;120
3581;-188;120
3582;-200;76
3583;-200;76
3584;-196;72
3585;-200;68
3586;-200;64
3587;-204;60
3588;-204;60
3589;-204;56
3590;-208;52
3591;-208;48
3592;-212;48
3593;-212;48
3594;-216;48
3595;-216;52
3596;-228;56
3597;-220;60
3598;-220;64
3599;-224;72
3600;-224;76
3601;-224;80
3602;-228;80
3603;-228;84
3604;-232;84
3605;-236;88
3606;-236;84
3607;-236;84
3608;-240;84
3609;-240;80
3610;-240;80
3611;-244;80
3612;-244;76
3613;-248;76
3614;-248;76
3615;-248;76
3616;-256;76
3617;-276;76
3618;-252;72
3619;-256;72
3620;-256;72
3621;-256;72
3622;-260;72
3623;-252;72
3624;-260;72
3625;-264;72
3626;-264;72
3627;-264;68
3628;-268;68
3629;-268;64
3630;-268;60
3631;-272;56
3632;-272;52
3633;-276;52
3634;-276;48
3635;-276;48
3636;-276;48
3637;-264;48
3638;-280;52
3639;-280;60
3640;-284;68
3641;-284;72
3642;-284;76
3643;-284;80
3644;-284;84
3645;-288;84
3646;-284;84
3647;-292;84
3648;-292;84
3649;-292;80
3650;-296;80
3651;-300;80
3652;-292;80
3653;-296;76
3654;-296;76
3655;-296;76
3656;-296;76
3657;-296;72
3658;-280;72
3659;-300;72
3660;-300;72
3661;-300;72
3662;-300;72
3663;-300;72
3664;-308;72
3665;-304;72
3666;-304;72
3667;-304;68
3668;-308;68
3669;-304;68
3670;-304;64
3671;-300;60
3672;-304;56
3673;-308;52
3674;-304;48
3675;-308;48
3676;-304;44
3677;-308;44
3678;-316;44
3679;-308;48
3680;-308;48
3681;-308;56
3682;-308;60
3683;-308;68
3684;-308;72
3685;-308;76
3686;-308;0
3687;-308;4
3688;-308;4
3689;-308;8
3690;-308;4
3691;-304;4
3692;-292;4
3693;-308;0
3694;-308;4
3695;-308;0
3696;-308;0
3697;-308;0
3698;-308;-4
3699;-308;0
3700;-308;-8
3701;-308;-4
3702;-304;-4
3703;-304;-4
3704;-308;-8
3705;-308;-8
3706;-304;-8
3707;-304;-8
3708;-304;-8
3709;-304;-8
3710;-300;-8
3711;-304;-8
3712;-308;-8
3713;-300;-12
3714;-296;-12
3715;-300;-16
3716;-300;-16
3717;-296;-24
3718;-292;-24
3719;-296;-28
3720;-296;-32
3721;-292;-32
3722;-292;-32
3723;-292;-32
3724;-292;-32
3725;-284;-28
3726;-284;-24
3727;-288;-20
3728;-288;-12
3729;-288;-8
3730;-284;-4
3731;-284;0
3732;-284;0
3733;-276;4
3734;-276;4
3735;-276;0
3736;-276;4
3737;-276;0
3738;-276;0
3739;-276;0
3740;-268;0
3741;-268;-4
3742;-264;-4
3743;-264;-4
3744;-268;-4
3745;-264;-8
3746;-264;-4
3747;-260;-4
3748;-260;-8
3749;-256;-8
3750;-256;-8
3751;-252;-8
3752;-248;-8
3753;-244;-8
3754;-248;-8
3755;-244;-8
3756;-244;-8
3757;-240;-8
3758;-240;-12
3759;-236;-8
3760;-228;-8
3761;-232;-12
3762;-228;-16
3763;-228;-16
3764;-228;-20
3765;-224;-24
3766;-224;-28
3767;-212;-28
3768;-220;-32
3769;-216;-32
3770;-216;-32
3771;-212;-32
3772;-212;-28
3773;-216;-24
3774;-212;-20
3775;-204;-12
3776;-200;-8
3777;-200;0
3778;-200;0
3779;-192;4
3780;-192;4
3781;-188;4
3782;-188;0
3783;-188;4
3784;-184;0
3785;-180;0
3786;-180;-4
3787;-172;-4
3788;-172;-4
3789;-172;0
3790;-168;-52
3791;-168;-56
3792;-164;-56
3793;-160;-60
3794;-160;-64
3795;-156;-64
3796;-152;-68
3797;-152;-72
3798;-152;-76
3799;-148;-76
3800;-144;-80
3801;-144;-80
3802;-140;-80
3803;-136;-76
3804;-132;-76
3805;-128;-72
3806;-128;-68
3807;-124;-64
3808;-144;-56
3809;-120;-52
3810;-120;-52
3811;-112;-48
3812;-112;-44
3813;-112;-48
3814;-100;-44
3815;-104;-48
3816;-104;-48
3817;-100;-48
3818;-96;-48
3819;-96;-52
3820;-96;-52
3821;-92;-52
3822;-88;-52
3823;-84;-52
3824;-84;-56
3825;-84;-56
3826;-80;-56
3827;-76;-56
3828;-64;-56
3829;-72;-56
3830;-72;-56
3831;-64;-56
3832;-64;-56
3833;-64;-56
3834;-60;-56
3835;-56;-56
3836;-56;-56
3837;-52;-56
3838;-52;-56
3839;-52;-60
3840;-44;-60
3841;-48;-60
3842;-52;-64
3843;-40;-68
3844;-40;-72
3845;-36;-72
3846;-32;-76
3847;-32;-76
3848;-32;-80
3849;-32;-80
3850;-24;-80
3851;-20;-76
3852;-20;-72
3853;-16;-68
3854;-16;-60
3855;-8;-56
3856;-8;-52
3857;-8;-48
3858;-4;-44
3859;0;-44
3860;0;-44
3861;4;-48
3862;8;-48
3863;8;-52
3864;12;-48
3865;12;-48
3866;16;-52
3867;20;-52
3868;20;-52
3869;24;-52
3870;28;-56
3871;28;-56
3872;32;-56
3873;32;-56
3874;36;-56
3875;40;-56
3876;36;-56
3877;44;-60
3878;48;-56
3879;48;-56
3880;52;-56
3881;56;-56
3882;56;-60
3883;44;-64
3884;60;-64
3885;64;-68
3886;64;-72
3887;68;-76
3888;68;-80
3889;80;-80
3890;72;-80
3891;76;-80
3892;76;-80
3893;80;-76
3894;80;-84
3895;80;-80
3896;88;-76
3897;88;-76
3898;92;-72
3899;92;-68
3900;96;-64
3901;96;-64
3902;100;-60
3903;108;-64
3904;104;-64
3905;104;-64
3906;108;-64
3907;108;-68
3908;108;-64
3909;112;-68
3910;112;-68
3911;116;-68
3912;116;-68
3913;116;-68
3914;124;-72
3915;124;-72
3916;128;-72
3917;116;-72
3918;128;-72
3919;132;-72
3920;132;-72
3921;136;-72
3922;136;-76
3923;136;-76
3924;148;-76
3925;140;-80
3926;144;-84
3927;144;-84
3928;148;-88
3929;148;-92
3930;144;-92
3931;152;-96
3932;156;-96
3933;156;-92
3934;156;-88
3935;160;-88
3936;160;-80
3937;164;-72
3938;164;-68
3939;168;-64
3940;168;-64
3941;168;-60
3942;172;-64
3943;172;-60
3944;164;-60
3945;176;-64
3946;176;-64
3947;176;-64
3948;180;-68
3949;184;-68
3950;184;-68
3951;192;-68
3952;184;-68
3953;188;-68
3954;192;-72
3955;192;-72
3956;192;-72
3957;196;-72
3958;216;-72
3959;196;-72
3960;196;-72
3961;200;-72
3962;204;-72
3963;204;-72
3964;200;-76
3965;208;-72
3966;204;-72
3967;208;-76
3968;208;-80
3969;208;-80
3970;212;-88
3971;212;-88
3972;216;-88
3973;216;-92
3974;220;-92
3975;220;-92
3976;220;-92
3977;220;-92
3978;212;-92
3979;224;-88
3980;224;-80
3981;228;-76
3982;228;-72
3983;228;-68
3984;236;-64
3985;236;-60
3986;236;-64
3987;236;-60
3988;236;-60
3989;240;-60
3990;240;-64
3991;244;-64
3992;248;-64
3993;244;-64
3994;244;-68
3995;248;-68
3996;244;-68
3997;248;-64
3998;244;-36
3999;236;-36
4000;252;-36
4001;252;-40
4002;252;-44
4003;256;-48
4004;252;-48
4005;260;-56
4006;256;-60
4007;256;-60
4008;260;-60
4009;260;-60
4010;260;-60
4011;260;-56
4012;264;-52
4013;264;-48
4014;264;-44
4015;264;-44
4016;268;-36
4017;264;-32
4018;268;-28
4019;280;-28
4020;272;-24
4021;272;-28
4022;272;-28
4023;272;-28
4024;276;-28
4025;276;-32
4026;280;-28
4027;276;-32
4028;276;-36
4029;280;-32
4030;280;-36
4031;280;-32
4032;280;-36
4033;272;-36
4034;280;-36
4035;280;-36
4036;280;-36
4037;280;-36
4038;284;-36
4039;288;-36
4040;284;-36
4041;288;-36
4042;284;-36
4043;288;-40
4044;284;-40
4045;284;-40
4046;288;-36
4047;288;-40
4048;288;-40
4049;288;-44
4050;288;-44
4051;288;-48
4052;288;-52
4053;292;-56
4054;292;-60
4055;288;-60
4056;288;-60
4057;288;-60
4058;292;-60
4059;292;-60
4060;284;-56
4061;292;-48
4062;292;-48
4063;292;-40
4064;292;-36
4065;292;-32
4066;292;-32
4067;292;-28
4068;292;-28
4069;292;-28
4070;292;-24
4071;292;-28
4072;292;-28
4073;292;-28
4074;304;-32
4075;292;-32
4076;288;-32
4077;292;-32
4078;292;-32
4079;288;-36
4080;292;-36
4081;292;-36
4082;288;-36
4083;288;-36
4084;288;-36
4085;288;-40
4086;288;-40
4087;288;-40
4088;288;-40
4089;288;-36
4090;288;-40
4091;284;-40
4092;284;-36
4093;284;-40
4094;288;-36
4095;284;-40
4096;284;-40
4097;284;-40
4098;284;-40
4099;280;-40
4100;280;-40
4101;272;-40
4102;280;24
4103;276;16
4104;276;12
4105;276;12
4106;276;4
4107;276;4
4108;272;0
4109;276;-4
4110;272;-4
4111;272;-4
4112;272;-8
4113;272;-4
4114;272;-4
4115;276;0
4116;268;4
4117;268;8
4118;268;16
4119;268;20
4120;264;24
4121;252;28
4122;260;28
4123;264;32
4124;260;32
4125;260;32
4126;260;32
4127;256;32
4128;260;28
4129;256;28
4130;256;28
4131;252;28
4132;256;24
4133;252;24
4134;252;24
4135;248;24
4136;248;20
4137;248;24
4138;248;20
4139;244;16
4140;244;20
4141;244;20
4142;248;20
4143;240;20
4144;240;20
4145;236;20
4146;236;20
4147;236;20
4148;236;20
4149;256;20
4150;236;16
4151;228;16
4152;232;12
4153;228;8
4154;228;4
4155;216;0
4156;224;0
4157;220;-4
4158;220;-4
4159;220;-8
4160;220;-8
4161;216;-4
4162;216;0
4163;216;4
4164;212;16
4165;208;20
4166;208;24
4167;208;28
4168;204;28
4169;196;32
4170;204;32
4171;200;32
4172;200;32
4173;200;32
4174;196;28
4175;200;32
4176;188;28
4177;192;24
4178;192;24
4179;188;24
4180;188;24
4181;188;24
4182;184;20
4183;184;24
4184;184;24
4185;180;20
4186;176;20
4187;176;20
4188;176;20
4189;172;20
4190;148;20
4191;172;20
4192;168;16
4193;164;16
4194;164;16
4195;164;12
4196;168;8
4197;160;4
4198;160;0
4199;156;0
4200;152;-4
4201;152;-8
4202;152;-8
4203;148;-4
4204;148;0
4205;144;4
4206;144;8
4207;140;84
4208;140;88
4209;140;92
4210;148;96
4211;136;104
4212;132;104
4213;128;104
4214;124;104
4215;124;104
4216;128;104
4217;120;104
4218;120;104
4219;120;100
4220;116;100
4221;116;96
4222;116;96
4223;108;96
4224;104;96
4225;108;96
4226;108;96
4227;104;96
4228;100;96
4229;104;92
4230;96;92
4231;92;92
4232;96;92
4233;96;92
4234;92;92
4235;88;92
4236;88;92
4237;88;92
4238;84;88
4239;84;88
4240;80;80
4241;80;80
4242;80;76
4243;76;72
4244;76;68
4245;72;68
4246;68;68
4247;68;64
4248;68;68
4249;64;72
4250;60;76
4251;60;80
4252;60;88
4253;52;92
4254;52;96
4255;52;100
4256;52;104
4257;48;104
4258;40;104
4259;44;104
4260;40;104
4261;40;104
4262;36;104
4263;36;100
4264;36;100
4265;28;100
4266;28;100
4267;24;100
4268;20;96
4269;20;96
4270;16;92
4271;16;92
4272;12;92
4273;8;92
4274;8;92
4275;8;92
4276;4;92
4277;0;96
4278;0;92
4279;0;92
4280;0;92
4281;-8;92
4282;-8;92
4283;-8;92
4284;-12;92
4285;-16;92
4286;-16;88
4287;-20;88
4288;-20;84
4289;-24;80
4290;-24;76
4291;-28;76
4292;-36;72
4293;-32;68
4294;-36;68
4295;-36;68
4296;-40;68
4297;-40;68
4298;-40;76
4299;-48;80
4300;-48;88
4301;-52;96
4302;-52;100
4303;-56;100
4304;-56;100
4305;-60;104
4306;-60;104
4307;-68;104
4308;-68;104
4309;-68;104
4310;-72;104
4311;-76;112
4312;-80;112
4313;-80;112
4314;-84;112
4315;-84;112
4316;-88;108
4317;-88;108
4318;-92;108
4319;-92;108
4320;-96;104
4321;-100;104
4322;-100;100
4323;-104;96
4324;-104;92
4325;-108;88
4326;-96;84
4327;-112;84
4328;-112;80
4329;-116;76
4330;-116;80
4331;-120;80
4332;-120;84
4333;-116;88
4334;-124;92
4335;-128;100
4336;-128;104
4337;-136;108
4338;-136;112
4339;-140;116
4340;-136;116
4341;-140;120
4342;-140;116
4343;-144;116
4344;-148;116
4345;-148;112
4346;-160;116
4347;-160;112
4348;-156;112
4349;-156;112
4350;-164;108
4351;-164;108
4352;-164;104
4353;-168;108
4354;-168;108
4355;-172;108
4356;-172;108
4357;-176;108
4358;-180;104
4359;-180;108
4360;-192;104
4361;-180;104
4362;-184;104
4363;-184;104
4364;-188;104
4365;-192;104
4366;-192;100
4367;-192;96
4368;-196;96
4369;-200;92
4370;-200;88
4371;-200;84
4372;-204;80
4373;-204;80
4374;-208;80
4375;-212;76
4376;-212;80
4377;-216;80
4378;-216;84
4379;-220;92
4380;-220;96
4381;-236;104
4382;-224;108
4383;-228;108
4384;-228;116
4385;-228;116
4386;-228;116
4387;-228;116
4388;-232;116
4389;-236;116
4390;-236;112
4391;-236;112
4392;-240;108
4393;-240;108
4394;-244;108
4395;-244;108
4396;-244;108
4397;-244;104
4398;-248;104
4399;-252;104
4400;-252;108
4401;-240;104
4402;-256;104
4403;-256;108
4404;-260;104
4405;-260;104
4406;-260;104
4407;-264;104
4408;-260;100
4409;-264;100
4410;-264;96
4411;-268;92
4412;-268;88
4413;-272;88
4414;-272;84
4415;-272;80
4416;-272;12
4417;-276;8
4418;-276;8
4419;-276;8
4420;-280;16
4421;-284;20
4422;-292;24
4423;-280;32
4424;-284;32
4425;-284;40
4426;-284;40
4427;-288;44
4428;-288;44
4429;-288;44
4430;-292;48
4431;-292;44
4432;-292;44
4433;-292;44
4434;-292;44
4435;-296;44
4436;-296;44
4437;-296;40
4438;-296;36
4439;-300;36
4440;-296;36
4441;-300;36
4442;-300;36
4443;-300;36
4444;-304;32
4445;-304;32
4446;-304;36
4447;-308;32
4448;-304;36
4449;-312;36
4450;-308;32
4451;-308;32
4452;-304;32
4453;-308;32
4454;-308;24
4455;-308;20
4456;-312;20
4457;-308;16
4458;-308;12
4459;-308;8
4460;-308;8
4461;-308;8
4462;-308;8
4463;-312;12
4464;-312;16
4465;-308;20
4466;-312;24
4467;-312;32
4468;-312;32
4469;-312;40
4470;-308;40
4471;-312;44
4472;-312;44
4473;-312;44
4474;-312;44
4475;-312;44
4476;-308;44
4477;-312;44
4478;-312;40
4479;-312;40
4480;-312;40
4481;-312;36
4482;-312;36
4483;-316;40
4484;-312;36
4485;-308;40
4486;-308;36
4487;-312;36
4488;-308;36
4489;-308;36
4490;-312;32
4491;-308;32
4492;-308;32
4493;-312;32
4494;-304;32
4495;-308;36
4496;-304;32
4497;-296;32
4498;-308;32
4499;-304;32
4500;-304;28
4501;-304;28
4502;-304;24
4503;-308;20
4504;-300;16
4505;-300;12
4506;-296;12
4507;-300;8
4508;-300;8
4509;-296;8
4510;-292;12
4511;-292;12
4512;-292;16
4513;-292;24
4514;-292;32
4515;-288;36
4516;-288;44
4517;-292;44
4518;-288;44
4519;-284;-20
4520;-280;-20
4521;-280;-20
4522;-280;-20
4523;-276;-24
4524;-272;-24
4525;-276;-24
4526;-272;-28
4527;-268;-28
4528;-272;-28
4529;-268;-28
4530;-264;-28
4531;-244;-28
4532;-264;-32
4533;-260;-32
4534;-260;-32
4535;-256;-32
4536;-256;-32
4537;-260;-32
4538;-248;-32
4539;-248;-32
4540;-252;-32
4541;-248;-36
4542;-244;-40
4543;-244;-40
4544;-240;-44
4545;-236;-48
4546;-236;-52
4547;-232;-52
4548;-232;-56
4549;-224;-56
4550;-228;-56
4551;-236;-52
4552;-220;-52
4553;-220;-48
4554;-216;-40
4555;-216;-36
4556;-216;-32
4557;-208;-28
4558;-208;-28
4559;-208;-20
4560;-204;-20
4561;-204;-20
4562;-200;-20
4563;-196;-20
4564;-192;-20
4565;-188;-24
4566;-192;-24
4567;-188;-24
4568;-184;-24
4569;-180;-28
4570;-180;-28
4571;-180;-28
4572;-188;-28
4573;-172;-32
4574;-172;-32
4575;-164;-32
4576;-164;-32
4577;-164;-28
4578;-152;-32
4579;-156;-28
4580;-156;-32
4581;-152;-32
4582;-152;-36
4583;-148;-36
4584;-144;-36
4585;-140;-40
4586;-140;-40
4587;-136;-48
4588;-136;-48
4589;-132;-56
4590;-128;-56
4591;-124;-56
4592;-112;-56
4593;-120;-56
4594;-120;-52
4595;-116;-48
4596;-116;-44
4597;-108;-40
4598;-108;-32
4599;-104;-28
4600;-100;-24
4601;-100;-24
4602;-96;-24
4603;-96;-20
4604;-92;-20
4605;-88;-20
4606;-92;-24
4607;-84;-24
4608;-84;-24
4609;-80;-24
4610;-80;-24
4611;-76;-28
4612;-80;-28
4613;-84;-28
4614;-68;-32
4615;-68;-32
4616;-64;-32
4617;-60;-32
4618;-60;-32
4619;-52;-32
4620;-56;-32
4621;-52;-32
4622;-48;-32
4623;-48;-64
4624;-44;-68
4625;-40;-68
4626;-48;-72
4627;-36;-76
4628;-32;-80
4629;-32;-80
4630;-32;-84
4631;-28;-88
4632;-24;-88
4633;-24;-88
4634;-20;-88
4635;-20;-88
4636;-16;-84
4637;-16;-76
4638;-12;-72
4639;-8;-64
4640;-8;-64
4641;-4;-56
4642;-4;-56
4643;0;-56
4644;4;-56
4645;4;-52
4646;8;-56
4647;-12;-56
4648;12;-60
4649;16;-60
4650;16;-60
4651;20;-60
4652;24;-60
4653;32;-64
4654;28;-68
4655;32;-64
4656;32;-64
4657;32;-64
4658;36;-68
4659;40;-68
4660;44;-64
4661;44;-68
4662;48;-68
4663;48;-68
4664;48;-68
4665;52;-68
4666;56;-68
4667;68;-68
4668;60;-68
4669;64;-68
4670;64;-72
4671;68;-76
4672;72;-76
4673;72;-80
4674;72;-84
4675;76;-88
4676;76;-88
4677;80;-88
4678;80;-92
4679;84;-88
4680;88;-88
4681;72;-84
4682;88;-80
4683;92;-76
4684;96;-68
4685;96;-64
4686;96;-60
4687;104;-60
4688;120;-56
4689;104;-56
4690;108;-56
4691;108;-56
4692;108;-56
4693;112;-56
4694;112;-56
4695;112;-56
4696;116;-60
4697;116;-64
4698;124;-60
4699;120;-64
4700;124;-64
4701;132;-64
4702;128;-64
4703;128;-64
4704;136;-64
4705;136;-64
4706;136;-64
4707;136;-64
4708;144;-64
4709;140;-64
4710;144;-68
4711;144;-72
4712;148;-72
4713;148;-72
4714;152;-76
4715;152;-84
4716;152;-84
4717;152;-84
4718;156;-84
4719;160;-88
4720;164;-92
4721;164;-88
4722;188;-88
4723;164;-80
4724;168;-76
4725;168;-72
4726;168;-68
4727;172;-60
4728;168;-52
4729;176;-48
4730;176;-48
4731;176;-44
4732;180;-48
4733;180;-48
4734;184;-48
4735;180;-52
4736;188;-48
4737;188;-52
4738;188;-56
4739;188;-56
4740;192;-56
4741;192;-56
4742;188;-56
4743;196;-60
4744;196;-60
4745;200;-60
4746;200;-60
4747;200;-60
4748;204;-60
4749;200;-60
4750;208;-60
4751;208;-60
4752;208;-60
4753;208;-60
4754;208;-60
4755;212;-60
4756;216;-64
4757;212;-68
4758;216;-72
4759;220;-72
4760;216;-76
4761;220;-80
4762;220;-80
4763;220;-84
4764;224;-80
4765;224;-80
4766;224;-76
4767;228;-76
4768;228;-68
4769;224;-64
4770;232;-60
4771;232;-56
4772;232;-52
4773;236;-52
4774;236;-48
4775;236;-48
4776;240;-48
4777;240;-48
4778;240;-48
4779;244;-52
4780;244;-52
4781;244;-52
4782;244;-52
4783;252;-56
4784;248;-56
4785;248;-56
4786;248;-56
4787;252;-56
4788;252;-56
4789;252;-56
4790;260;-56
4791;252;-60
4792;252;-60
4793;256;-60
4794;256;-56
4795;256;-60
4796;256;-60
4797;268;-60
4798;260;-64
4799;264;-72
4800;264;-76
4801;264;-76
4802;264;-80
4803;256;-80
4804;260;-80
4805;268;-84
4806;268;-80
4807;268;-80
4808;272;-72
4809;272;-68
4810;272;-60
4811;272;-56
4812;272;-52
4813;272;-48
4814;276;-48
4815;272;-48
4816;276;-48
4817;272;-48
4818;276;-48
4819;280;-52
4820;280;-52
4821;280;-52
4822;280;-52
4823;280;-52
4824;280;-52
4825;284;-56
4826;280;-56
4827;284;-56
4828;284;-56
4829;284;-56
4830;284;-56
4831;284;-56
4832;284;-12
4833;284;-12
4834;284;-16
4835;288;-20
4836;288;-24
4837;288;-24
4838;268;-28
4839;288;-32
4840;288;-32
4841;288;-36
4842;288;-36
4843;288;-36
4844;292;-32
4845;288;-28
4846;288;-24
4847;288;-20
4848;288;-12
4849;292;-8
4850;288;-4
4851;292;-4
4852;288;0
4853;292;4
4854;292;0
4855;292;4
4856;292;0
4857;288;0
4858;292;-4
4859;292;-4
4860;292;-4
4861;288;-4
4862;292;-4
4863;292;-8
4864;288;-8
4865;288;-8
4866;288;-8
4867;288;-8
4868;288;-8
4869;288;-8
4870;288;-12
4871;288;-12
4872;276;-12
4873;288;-12
4874;288;-12
4875;284;-12
4876;288;-12
4877;284;-12
4878;284;-12
4879;300;-12
4880;284;-12
4881;280;-12
4882;284;-16
4883;280;-20
4884;280;-24
4885;276;-28
4886;280;-28
4887;280;-32
4888;276;-36
4889;276;-32
4890;276;-36
4891;276;-32
4892;284;-32
4893;272;-24
4894;272;-16
4895;272;-12
4896;272;-8
4897;272;-4
4898;272;0
4899;268;0
4900;268;0
4901;268;0
4902;268;0
4903;264;0
4904;268;-4
4905;264;-4
4906;260;-4
4907;264;-4
4908;264;-4
4909;264;-4
4910;260;-8
4911;260;-8
4912;260;-8
4913;260;-12
4914;256;-8
4915;256;-8
4916;256;-12
4917;252;-12
4918;252;-12
4919;252;-8
4920;248;-8
4921;248;-8
4922;248;-12
4923;244;-12
4924;244;-16
4925;244;-20
4926;244;-24
4927;240;-28
4928;240;-28
4929;236;-32
4930;236;-36
4931;236;-36
4932;236;-36
4933;228;-36
4934;232;-28
4935;228;-24
4936;228;44
4937;228;48
4938;228;52
4939;224;56
4940;216;60
4941;220;64
4942;220;64
4943;216;68
4944;216;68
4945;216;64
4946;216;64
4947;216;64
4948;208;64
4949;212;60
4950;208;60
4951;208;60
4952;204;56
4953;204;60
4954;204;60
4955;200;56
4956;196;60
4957;200;56
4958;196;56
4959;192;56
4960;184;56
4961;192;56
4962;192;52
4963;188;52
4964;188;52
4965;184;48
4966;184;48
4967;184;44
4968;180;36
4969;180;36
4970;176;32
4971;176;32
4972;172;32
4973;172;28
4974;180;32
4975;172;36
4976;168;40
4977;164;44
4978;164;52
4979;164;60
4980;160;64
4981;164;64
4982;156;68
4983;156;68
4984;152;64
4985;148;68
4986;152;64
4987;144;64
4988;148;64
4989;144;60
4990;144;60
4991;144;60
4992;140;56
4993;136;56
4994;128;56
4995;120;56
4996;132;56
4997;132;56
4998;128;56
4999;128;56
5000;124;56
5001;124;56
5002;120;56
5003;120;52
5004;120;48
5005;116;48
5006;116;44
5007;116;40
5008;100;36
5009;112;32
5010;108;32
5011;104;32
5012;104;28
5013;104;28
5014;100;32
5015;100;36
5016;96;36
5017;92;44
5018;96;48
5019;92;56
5020;92;56
5021;88;64
5022;84;64
5023;84;68
5024;84;64
5025;80;68
5026;80;64
5027;80;64
5028;72;64
5029;52;60
5030;72;60
5031;68;60
5032;68;60
5033;68;60
5034;64;56
5035;68;56
5036;60;56
5037;60;56
5038;56;56
5039;56;56
5040;52;108
5041;52;108
5042;52;104
5043;44;100
5044;44;100
5045;44;96
5046;36;88
5047;40;88
5048;36;88
5049;40;84
5050;32;80
5051;28;80
5052;28;80
5053;24;84
5054;24;88
5055;20;92
5056;16;96
5057;12;104
5058;16;108
5059;12;112
5060;8;112
5061;8;116
5062;4;116
5063;-12;120
5064;0;116
5065;0;116
5066;-4;116
5067;-4;120
5068;-8;116
5069;-4;112
5070;8;112
5071;-16;112
5072;-16;112
5073;-20;112
5074;-20;112
5075;-24;108
5076;-32;108
5077;-24;108
5078;-28;108
5079;-32;108
5080;-36;108
5081;-36;108
5082;-40;108
5083;-40;108
5084;-44;104
5085;-44;108
5086;-48;108
5087;-52;104
5088;-52;104
5089;-52;104
5090;-68;100
5091;-60;100
5092;-60;92
5093;-64;92
5094;-64;88
5095;-68;84
5096;-68;80
5097;-72;80
5098;-76;80
5099;-76;80
5100;-80;80
5101;-80;88
5102;-84;96
5103;-88;100
5104;-68;104
5105;-88;112
5106;-92;116
5107;-96;116
5108;-100;116
5109;-100;116
5110;-112;120
5111;-104;116
5112;-108;116
5113;-112;112
5114;-112;112
5115;-112;112
5116;-116;112
5117;-116;108
5118;-120;108
5119;-120;108
5120;-124;108
5121;-124;108
5122;-128;108
5123;-132;104
5124;-144;108
5125;-136;108
5126;-140;108
5127;-140;104
5128;-140;104
5129;-144;108
5130;-144;104
5131;-148;108
5132;-148;104
5133;-152;104
5134;-156;104
5135;-156;100
5136;-156;96
5137;-156;92
5138;-156;88
5139;-164;84
5140;-164;84
5141;-168;80
5142;-168;80
5143;-168;80
5144;-176;48
5145;-180;52
5146;-176;56
5147;-180;60
5148;-180;68
5149;-180;72
5150;-184;76
5151;-192;76
5152;-188;80
5153;-192;84
5154;-192;84
5155;-192;84
5156;-196;84
5157;-200;84
5158;-204;80
5159;-200;80
5160;-204;80
5161;-208;80
5162;-208;80
5163;-208;76
5164;-212;76
5165;-208;76
5166;-216;76
5167;-220;76
5168;-220;76
5169;-220;72
5170;-224;72
5171;-224;72
5172;-220;72
5173;-228;72
5174;-232;72
5175;-232;72
5176;-232;72
5177;-236;72
5178;-240;72
5179;-232;72
5180;-236;72
5181;-244;68
5182;-244;64
5183;-244;60
5184;-244;60
5185;-256;52
5186;-252;48
5187;-252;48
5188;-252;48
5189;-252;48
5190;-256;48
5191;-256;48
5192;-260;56
5193;-260;64
5194;-260;68
5195;-260;76
5196;-264;80
5197;-264;84
5198;-268;84
5199;-280;84
5200;-268;84
5201;-268;84
5202;-268;80
5203;-272;80
5204;-272;80
5205;-276;80
5206;-272;80
5207;-276;76
5208;-276;76
5209;-280;76
5210;-280;76
5211;-280;76
5212;-284;72
5213;-280;72
5214;-288;72
5215;-288;72
5216;-288;72
5217;-288;72
5218;-292;72
5219;-292;72
5220;-308;72
5221;-292;72
5222;-296;68
5223;-296;68
5224;-296;68
5225;-296;64
5226;-296;64
5227;-300;56
5228;-296;52
5229;-300;52
5230;-300;48
5231;-300;44
5232;-304;48
5233;-304;48
5234;-304;48
5235;-304;52
5236;-304;52
5237;-304;60
5238;-304;64
5239;-304;72
5240;-304;76
5241;-308;80
5242;-308;80
5243;-308;80
5244;-308;84
5245;-308;84
5246;-308;84
5247;-308;84
5248;-304;8
5249;-308;8
5250;-312;4
5251;-308;4
5252;-312;4
5253;-312;4
5254;-320;0
5255;-308;4
5256;-312;0
5257;-308;-4
5258;-312;-4
5259;-308;-4
5260;-312;-8
5261;-296;-12
5262;-312;-20
5263;-312;-20
5264;-308;-20
5265;-312;-24
5266;-312;-28
5267;-308;-28
5268;-312;-28
5269;-308;-24
5270;-312;-20
5271;-312;-16
5272;-308;-12
5273;-308;-4
5274;-308;0
5275;-308;0
5276;-308;4
5277;-308;8
5278;-308;8
5279;-308;8
5280;-304;8
5281;-308;8
5282;-304;8
5283;-304;4
5284;-304;4
5285;-304;4
5286;-304;4
5287;-304;0
5288;-308;0
5289;-304;0
5290;-300;-4
5291;-296;0
5292;-300;-4
5293;-296;-4
5294;-292;-4
5295;-300;-4
5296;-296;-8
5297;-296;-4
5298;-292;-4
5299;-292;-4
5300;-288;-4
5301;-284;-4
5302;-288;-4
5303;-288;-4
5304;-288;-8
5305;-284;-8
5306;-284;-8
5307;-284;-12
5308;-280;-16
5309;-280;-20
5310;-276;-24
5311;-276;-28
5312;-272;-28
5313;-272;-28
5314;-272;-28
5315;-276;-28
5316;-268;-28
5317;-272;-24
5318;-264;-16
5319;-264;-12
5320;-264;-8
5321;-264;-4
5322;-264;0
5323;-256;4
5324;-252;8
5325;-252;8
5326;-252;8
5327;-248;8
5328;-244;8
5329;-244;8
5330;-244;4
5331;-244;8
5332;-240;4
5333;-236;4
5334;-236;4
5335;-236;-4
5336;-228;0
5337;-228;0
5338;-228;0
5339;-228;0
5340;-224;-4
5341;-220;-4
5342;-228;-4
5343;-216;-4
5344;-216;-4
5345;-212;-4
5346;-212;-4
5347;-208;-4
5348;-204;-4
5349;-204;-4
5350;-200;-4
5351;-200;-4
5352;-196;-4
5353;-196;-56
5354;-192;-56
5355;-188;-56
5356;-180;-64
5357;-184;-64
5358;-184;-68
5359;-180;-72
5360;-176;-72
5361;-176;-76
5362;-172;-72
5363;-164;-76
5364;-168;-72
5365;-164;-68
5366;-160;-64
5367;-160;-60
5368;-160;-56
5369;-156;-48
5370;-144;-48
5371;-148;-44
5372;-148;-40
5373;-144;-40
5374;-140;-40
5375;-140;-40
5376;-136;-40
5377;-140;-44
5378;-132;-40
5379;-128;-44
5380;-128;-44
5381;-120;-48
5382;-120;-48
5383;-116;-48
5384;-116;-48
5385;-112;-48
5386;-108;-52
5387;-108;-48
5388;-104;-48
5389;-100;-52
5390;-96;-48
5391;-100;-52
5392;-96;-52
5393;-92;-52
5394;-88;-52
5395;-88;-56
5396;-88;-56
5397;-84;-60
5398;-80;-64
5399;-80;-68
5400;-72;-72
5401;-72;-72
5402;-72;-76
5403;-68;-76
5404;-72;-72
5405;-64;-72
5406;-60;-68
5407;-60;-64
5408;-56;-56
5409;-52;-52
5410;-52;-48
5411;-68;-44
5412;-48;-40
5413;-48;-40
5414;-44;-40
5415;-40;-40
5416;-36;-40
5417;-28;-44
5418;-32;-44
5419;-32;-44
5420;-32;-48
5421;-24;-48
5422;-28;-48
5423;-24;-48
5424;-20;-48
5425;-16;-48
5426;-16;-48
5427;-12;-48
5428;-8;-48
5429;-8;-52
5430;-4;-52
5431;12;-48
5432;0;-52
5433;4;-48
5434;8;-52
5435;12;-52
5436;12;-52
5437;12;-52
5438;16;-56
5439;20;-60
5440;20;-64
5441;24;-64
5442;28;-68
5443;32;-72
5444;28;-72
5445;24;-76
5446;36;-76
5447;40;-76
5448;40;-72
5449;44;-68
5450;44;-60
5451;48;-56
5452;64;-48
5453;52;-44
5454;56;-40
5455;60;-36
5456;60;-40
5457;60;-60
5458;64;-56
5459;68;-60
5460;68;-60
5461;72;-64
5462;76;-64
5463;76;-64
5464;76;-64
5465;84;-68
5466;84;-68
5467;84;-68
5468;88;-68
5469;88;-68
5470;92;-68
5471;96;-72
5472;92;-68
5473;96;-72
5474;100;-72
5475;100;-72
5476;104;-72
5477;104;-72
5478;112;-76
5479;104;-80
5480;112;-84
5481;112;-84
5482;112;-88
5483;116;-92
5484;120;-92
5485;124;-92
5486;124;-92
5487;128;-88
5488;128;-88
5489;128;-84
5490;132;-80
5491;132;-76
5492;140;-72
5493;136;-64
5494;140;-60
5495;140;-60
5496;140;-60
5497;144;-56
5498;144;-56
5499;148;-60
5500;148;-60
5501;152;-60
5502;152;-64
5503;152;-64
5504;160;-64
5505;156;-64
5506;148;-64
5507;160;-64
5508;164;-64
5509;168;-64
5510;168;-68
5511;168;-68
5512;172;-68
5513;172;-68
5514;172;-68
5515;176;-68
5516;176;-68
5517;176;-68
5518;176;-72
5519;184;-72
5520;188;-72
5521;184;-72
5522;184;-72
5523;184;-72
5524;188;-72
5525;192;-76
5526;188;-76
5527;192;-80
5528;192;-84
5529;196;-88
5530;196;-88
5531;196;-88
5532;200;-92
5533;192;-92
5534;204;-92
5535;204;-88
5536;204;-80
5537;204;-76
5538;208;-72
5539;208;-64
5540;212;-56
5541;212;-60
5542;212;-56
5543;216;-56
5544;216;-60
5545;216;-56
5546;220;-60
5547;216;-60
5548;224;-64
5549;224;-60
5550;224;-64
5551;228;-64
5552;224;-64
5553;228;-68
5554;236;-68
5555;232;-68
5556;232;-68
5557;232;-68
5558;236;-68
5559;236;-68
5560;236;-68
5561;256;-36
5562;240;-40
5563;240;-40
5564;240;-44
5565;244;-48
5566;248;-52
5567;236;-52
5568;248;-56
5569;248;-60
5570;248;-60
5571;248;-60
5572;248;-60
5573;252;-60
5574;256;-52
5575;252;-52
5576;252;-44
5577;256;-36
5578;256;-36
5579;256;-32
5580;260;-28
5581;248;-28
5582;260;-24
5583;264;-24
5584;264;-24
5585;264;-24
5586;264;-24
5587;264;-28
5588;264;-28
5589;268;-32
5590;268;-28
5591;268;-32
5592;268;-32
5593;272;-32
5594;272;-32
5595;272;-32
5596;272;-32
5597;272;-36
5598;276;-32
5599;276;-36
5600;276;-36
5601;276;-36
5602;256;-36
5603;276;-36
5604;280;-36
5605;280;-36
5606;280;-36
5607;280;-36
5608;288;-36
5609;284;-36
5610;284;-36
5611;284;-40
5612;284;-40
5613;284;-44
5614;284;-48
5615;288;-52
5616;284;-52
5617;288;-56
5618;288;-60
5619;288;-60
5620;288;-60
5621;288;-60
5622;300;-56
5623;288;-52
5624;292;-48
5625;292;-44
5626;292;-36
5627;292;-36
5628;292;-28
5629;292;-24
5630;292;-24
5631;292;-24
5632;292;-24
5633;292;-24
5634;292;-24
5635;292;-24
5636;276;-28
5637;292;-28
5638;292;-28
5639;288;-28
5640;292;-32
5641;288;-32
5642;296;-32
5643;312;-32
5644;292;-32
5645;292;-36
5646;292;-32
5647;296;-36
5648;288;-36
5649;288;-36
5650;288;-32
5651;292;-36
5652;292;-36
5653;292;-36
5654;292;-36
5655;292;-36
5656;296;-36
5657;288;-40
5658;284;-40
5659;288;-44
5660;292;-48
5661;288;-52
5662;288;-56
5663;284;-56
5664;288;-56
5665;288;-4
5666;288;-4
5667;284;-4
5668;284;0
5669;280;4
5670;276;8
5671;284;16
5672;280;20
5673;280;24
5674;280;28
5675;280;32
5676;280;32
5677;276;32
5678;276;32
5679;276;36
5680;276;32
5681;272;32
5682;272;28
5683;280;28
5684;272;28
5685;272;28
5686;268;24
5687;268;24
5688;268;24
5689;264;24
5690;268;24
5691;264;20
5692;264;20
5693;264;20
5694;264;20
5695;260;20
5696;260;20
5697;264;20
5698;260;20
5699;260;20
5700;256;20
5701;256;20
5702;260;20
5703;256;20
5704;248;20
5705;256;16
5706;252;20
5707;248;16
5708;252;12
5709;248;8
5710;248;4
5711;240;0
5712;248;-4
5713;244;-4
5714;244;-4
5715;240;-4
5716;240;-4
5717;240;0
5718;248;8
5719;236;16
5720;236;20
5721;236;24
5722;232;28
5723;232;32
5724;220;36
5725;228;36
5726;228;32
5727;224;32
5728;224;32
5729;220;32
5730;220;28
5731;220;28
5732;216;28
5733;216;24
5734;216;24
5735;212;24
5736;212;24
5737;208;24
5738;200;24
5739;208;20
5740;204;20
5741;204;20
5742;204;24
5743;200;20
5744;200;20
5745;200;20
5746;196;20
5747;192;20
5748;192;20
5749;192;16
5750;188;16
5751;192;12
5752;208;8
5753;184;4
5754;184;0
5755;184;-4
5756;180;-8
5757;180;-8
5758;172;-4
5759;176;-4
5760;172;0
5761;172;4
5762;168;8
5763;168;12
5764;168;20
5765;164;24
5766;160;28
5767;160;32
5768;160;32
5769;156;100
5770;152;104
5771;152;100
5772;152;104
5773;148;100
5774;144;100
5775;144;96
5776;144;96
5777;140;96
5778;140;92
5779;136;92
5780;132;92
5781;132;92
5782;132;92
5783;128;92
5784;128;88
5785;124;88
5786;124;88
5787;124;88
5788;120;88
5789;120;88
5790;116;84
5791;116;84
5792;112;80
5793;84;76
5794;108;72
5795;108;68
5796;108;64
5797;104;64
5798;100;64
5799;108;64
5800;96;64
5801;96;68
5802;96;72
5803;92;80
5804;88;88
5805;88;96
5806;88;96
5807;84;100
5808;84;100
5809;84;100
5810;80;100
5811;76;100
5812;76;100
5813;88;100
5814;72;96
5815;72;96
5816;72;96
5817;68;92
5818;68;92
5819;64;92
5820;64;96
5821;60;92
5822;56;88
5823;56;88
5824;56;88
5825;56;88
5826;48;88
5827;40;88
5828;48;88
5829;44;88
5830;44;88
5831;44;84
5832;40;80
5833;40;80
5834;52;76
5835;36;76
5836;28;72
5837;28;68
5838;28;64
5839;24;64
5840;20;60
5841;20;64
5842;16;68
5843;16;72
5844;12;76
5845;8;84
5846;8;92
5847;12;92
5848;4;96
5849;4;100
5850;0;100
5851;0;100
5852;-4;100
5853;-4;100
5854;-12;96
5855;-8;100
5856;-12;96
5857;-12;92
5858;-16;96
5859;-20;92
5860;-20;92
5861;-28;88
5862;-24;92
5863;-24;92
5864;-32;88
5865;-32;92
5866;-32;88
5867;-32;88
5868;-36;88
5869;-40;88
5870;-40;88
5871;-44;92
5872;-48;88
5873;-52;104
5874;-48;104
5875;-52;100
5876;-56;96
5877;-56;92
5878;-60;88
5879;-60;88
5880;-64;84
5881;-64;80
5882;-68;80
5883;-72;76
5884;-72;76
5885;-76;80
5886;-80;80
5887;-84;88
5888;-84;92
5889;-84;96
5890;-88;100
5891;-88;108
5892;-92;108
5893;-92;112
5894;-96;116
5895;-100;116
5896;-100;116
5897;-104;120
5898;-104;116
5899;-108;116
5900;-104;112
5901;-112;112
5902;-112;112
5903;-116;112
5904;-116;112
5905;-120;108
5906;-120;108
5907;-124;108
5908;-128;108
5909;-124;108
5910;-132;104
5911;-136;104
5912;-136;104
5913;-136;104
5914;-140;104
5915;-152;104
5916;-144;104
5917;-148;104
5918;-148;100
5919;-148;100
5920;-156;96
5921;-156;88
5922;-156;88
5923;-160;84
5924;-160;80
5925;-164;80
5926;-164;76
5927;-168;76
5928;-172;80
5929;-180;84
5930;-176;88
5931;-172;92
5932;-180;96
5933;-180;104
5934;-180;108
5935;-184;112
5936;-180;116
5937;-188;116
5938;-192;112
5939;-192;116
5940;-196;116
5941;-196;116
5942;-196;116
5943;-180;112
5944;-200;112
5945;-200;108
5946;-208;108
5947;-208;108
5948;-212;108
5949;-212;108
5950;-212;108
5951;-216;108
5952;-220;104
5953;-220;104
5954;-220;104
5955;-224;104
5956;-228;104
5957;-228;104
5958;-228;104
5959;-232;100
5960;-228;100
5961;-236;100
5962;-232;96
5963;-244;92
5964;-240;88
5965;-236;84
5966;-240;80
5967;-244;80
5968;-244;76
5969;-244;76
5970;-248;80
5971;-248;80
5972;-252;84
5973;-252;92
5974;-256;100
5975;-256;108
5976;-252;112
5977;-252;116
5978;-260;116
5979;-260;48
5980;-264;48
5981;-264;48
5982;-264;44
5983;-268;44
5984;-268;44
5985;-272;44
5986;-272;40
5987;-272;40
5988;-276;40
5989;-276;40
5990;-284;36
5991;-280;36
5992;-280;36
5993;-284;36
5994;-284;36
5995;-284;36
5996;-284;36
5997;-288;36
5998;-284;32
5999;-288;32
6000;-288;28
6001;-288;28
6002;-292;24
6003;-292;20
6004;-288;16
6005;-296;12
6006;-296;12
6007;-296;8
6008;-296;8
6009;-300;12
6010;-296;12
6011;-292;16
6012;-300;20
6013;-300;28
6014;-304;32
6015;-300;36
6016;-304;40
6017;-304;44
6018;-292;44
6019;-304;48
6020;-304;48
6021;-304;48
6022;-304;48
6023;-308;44
6024;-316;44
6025;-304;40
6026;-308;44
6027;-308;44
6028;-308;40
6029;-308;36
6030;-308;40
6031;-308;36
6032;-308;40
6033;-308;36
6034;-312;36
6035;-312;36
6036;-312;36
6037;-308;36
6038;-308;36
6039;-312;36
6040;-312;32
6041;-312;32
6042;-312;28
6043;-308;24
6044;-312;20
6045;-312;16
6046;-312;12
6047;-312;12
6048;-312;12
6049;-316;8
6050;-308;12
6051;-312;8
6052;-316;12
6053;-312;20
6054;-312;24
6055;-312;28
6056;-312;36
6057;-312;40
6058;-312;40
6059;-328;44
6060;-312;44
6061;-308;44
6062;-308;44
6063;-312;44
6064;-308;44
6065;-300;44
6066;-308;40
6067;-308;40
6068;-308;40
6069;-304;40
6070;-308;40
6071;-308;36
6072;-304;36
6073;-304;36
6074;-304;36
6075;-304;32
6076;-300;36
6077;-300;36
6078;-300;36
6079;-288;36
6080;-300;36
6081;-296;36
6082;-296;-36
6083;-296;-32
6084;-292;-36
6085;-292;-40
6086;-292;-44
6087;-292;-48
6088;-288;-52
6089;-288;-52
6090;-284;-52
6091;-284;-56
6092;-284;-56
6093;-296;-56
6094;-284;-56
6095;-280;-52
6096;-276;-44
6097;-276;-40
6098;-272;-36
6099;-272;-28
6100;-256;-24
6101;-272;-24
6102;-268;-24
6103;-268;-24
6104;-268;-24
6105;-264;-24
6106;-264;-28
6107;-260;-28
6108;-260;-28
6109;-256;-28
6110;-256;-32
6111;-256;-32
6112;-252;-32
6113;-248;-32
6114;-248;-32
6115;-248;-36
6116;-244;-32
6117;-240;-32
6118;-240;-32
6119;-236;-32
6120;-244;-36
6121;-236;-32
6122;-232;-36
6123;-228;-36
6124;-228;-32
6125;-228;-32
6126;-224;-36
6127;-224;-36
6128;-220;-40
6129;-216;-40
6130;-216;-44
6131;-212;-48
6132;-208;-48
6133;-204;-52
6134;-188;-56
6135;-200;-56
6136;-200;-56
6137;-200;-56
6138;-196;-56
6139;-196;-52
6140;-196;-48
6141;-188;-44
6142;-188;-36
6143;-184;-32
6144;-180;-28
6145;-176;-24
6146;-176;-20
6147;-176;-24
6148;-172;-24
6149;-168;-24
6150;-164;-24
6151;-164;-24
6152;-160;-28
6153;-160;-28
6154;-164;-32
6155;-152;-28
6156;-152;-32
6157;-144;-32
6158;-144;-32
6159;-144;-32
6160;-140;-32
6161;-140;-36
6162;-132;-36
6163;-132;-32
6164;-128;-36
6165;-128;-36
6166;-124;-32
6167;-120;-36
6168;-112;-36
6169;-116;-40
6170;-112;-44
6171;-108;-48
6172;-108;-52
6173;-104;-52
6174;-104;-56
6175;-116;-60
6176;-96;-56
6177;-96;-56
6178;-92;-56
6179;-92;-48
6180;-88;-44
6181;-84;-36
6182;-84;-28
6183;-80;-28
6184;-80;-24
6185;-76;-20
6186;-76;-56
6187;-72;-60
6188;-68;-60
6189;-64;-60
6190;-64;-60
6191;-60;-64
6192;-60;-64
6193;-56;-64
6194;-52;-64
6195;-52;-68
6196;-52;-68
6197;-48;-68
6198;-44;-68
6199;-44;-68
6200;-40;-68
6201;-36;-68
6202;-28;-72
6203;-36;-68
6204;-32;-72
6205;-32;-72
6206;-24;-72
6207;-24;-72
6208;-24;-76
6209;-16;-80
6210;-16;-84
6211;-12;-88
6212;-12;-88
6213;-12;-92
6214;-8;-92
6215;-12;-92
6216;-8;-92
6217;0;-92
6218;4;-84
6219;8;-84
6220;8;-80
6221;8;-72
6222;16;-68
6223;16;-64
6224;20;-64
6225;20;-60
6226;24;-60
6227;24;-56
6228;28;-56
6229;20;-56
6230;32;-60
6231;36;-60
6232;36;-64
6233;40;-64
6234;44;-64
6235;48;-64
6236;52;-64
6237;52;-68
6238;52;-68
6239;56;-68
6240;60;-68
6241;60;-68
6242;64;-68
6243;68;-68
6244;64;-68
6245;68;-72
6246;72;-68
6247;72;-68
6248;72;-68
6249;72;-72
6250;56;-72
6251;80;-72
6252;84;-76
6253;84;-80
6254;88;-84
6255;88;-84
6256;96;-88
6257;92;-88
6258;96;-92
6259;100;-92
6260;96;-92
6261;100;-88
6262;100;-84
6263;104;-80
6264;108;-72
6265;108;-68
6266;112;-64
6267;112;-60
6268;112;-60
6269;116;-60
6270;132;-60
6271;120;-60
6272;120;-60
6273;124;-60
6274;128;-60
6275;128;-60
6276;128;-64
6277;132;-64
6278;136;-68
6279;136;-64
6280;140;-68
6281;140;-68
6282;140;-68
6283;140;-72
6284;132;-72
6285;148;-68
6286;148;-68
6287;152;-68
6288;152;-68
6289;156;-68
6290;156;-60
6291;164;-64
6292;156;-64
6293;160;-68
6294;160;-72
6295;164;-76
6296;164;-80
6297;160;-80
6298;168;-84
6299;168;-80
6300;172;-84
6301;176;-84
6302;176;-84
6303;176;-80
6304;180;-76
6305;180;-72
6306;180;-68
6307;184;-60
6308;184;-56
6309;184;-56
6310;188;-52
6311;180;-52
6312;192;-52
6313;192;-48
6314;192;-52
6315;192;-52
6316;196;-52
6317;196;-52
6318;196;-56
6319;200;-56
6320;200;-56
6321;204;-56
6322;204;-60
6323;208;-60
6324;208;-60
6325;228;-60
6326;208;-60
6327;212;-60
6328;212;-60
6329;212;-60
6330;212;-60
6331;216;-60
6332;216;-60
6333;220;-60
6334;220;-60
6335;220;-60
6336;220;-64
6337;220;-64
6338;224;-68
6339;224;-72
6340;228;-72
6341;228;-76
6342;228;-80
6343;232;-84
6344;232;-84
6345;228;-84
6346;236;-84
6347;236;-84
6348;236;-80
6349;236;-76
6350;240;-72
6351;244;-68
6352;236;-64
6353;240;-56
6354;244;-56
6355;248;-52
6356;248;-52
6357;248;-48
6358;248;-52
6359;252;-52
6360;248;-52
6361;248;-48
6362;252;-52
6363;252;-56
6364;252;-52
6365;252;-56
6366;256;-56
6367;256;-56
6368;256;-60
6369;256;-60
6370;256;-60
6371;260;-60
6372;256;-60
6373;260;-60
6374;264;-60
6375;264;-60
6376;268;-60
6377;268;-60
6378;268;-60
6379;268;-60
6380;268;-60
6381;272;-60
6382;272;-60
6383;272;-60
6384;272;-64
6385;272;-64
6386;284;-64
6387;276;-68
6388;276;-72
6389;276;-76
6390;276;-76
6391;276;-80
6392;280;-80
6393;288;-84
6394;280;-36
6395;280;-36
6396;284;-36
6397;284;-32
6398;284;-28
6399;280;-20
6400;288;-16
6401;284;-12
6402;284;-8
6403;284;-4
6404;284;0
6405;288;-4
6406;280;0
6407;276;0
6408;288;0
6409;288;0
6410;288;0
6411;288;-4
6412;288;-8
6413;292;-8
6414;288;-8
6415;288;-8
6416;288;-8
6417;288;-8
6418;288;-12
6419;288;-12
6420;288;-12
6421;288;-12
6422;292;-8
6423;292;-12
6424;292;-12
6425;292;-12
6426;292;-12
6427;292;-12
6428;292;-12
6429;292;-16
6430;292;-16
6431;288;-20
6432;292;-24
6433;292;-28
6434;288;-28
6435;288;-32
6436;292;-32
6437;292;-36
6438;292;-36
6439;284;-36
6440;292;-36
6441;284;-28
6442;288;-20
6443;288;-16
6444;288;-8
6445;288;-4
6446;288;-4
6447;292;0
6448;288;0
6449;284;0
6450;284;0
6451;284;0
6452;284;-4
6453;280;-4
6454;284;-4
6455;284;-8
6456;284;-8
6457;284;-8
6458;280;-8
6459;280;-8
6460;280;-12
6461;288;-8
6462;280;-8
6463;276;-12
6464;276;-12
6465;276;-8
6466;276;-12
6467;276;-12
6468;268;-16
6469;272;-20
6470;272;-24
6471;272;-28
6472;268;-32
6473;272;-32
6474;268;-36
6475;256;-36
6476;268;-36
6477;264;-36
6478;268;-36
6479;264;-28
6480;264;-24
6481;264;-20
6482;276;-12
6483;260;-8
6484;260;-8
6485;260;0
6486;260;0
6487;256;0
6488;256;0
6489;256;0
6490;252;0
6491;252;-4
6492;252;-4
6493;252;-4
6494;248;-4
6495;252;-8
6496;248;-4
6497;248;-4
6498;248;56
6499;244;56
6500;244;56
6501;240;52
6502;232;52
6503;240;44
6504;236;40
6505;236;40
6506;232;36
6507;236;32
6508;236;32
6509;228;28
6510;228;28
6511;228;28
6512;228;32
6513;228;36
6514;224;40
6515;224;44
6516;236;48
6517;216;56
6518;220;60
6519;216;60
6520;216;64
6521;212;64
6522;208;64
6523;208;64
6524;204;64
6525;208;64
6526;208;60
6527;204;60
6528;200;60
6529;200;60
6530;200;56
6531;200;56
6532;196;56
6533;196;56
6534;192;52
6535;192;56
6536;180;56
6537;184;56
6538;188;52
6539;184;52
6540;180;52
6541;184;52
6542;184;52
6543;176;52
6544;176;52
6545;176;52
6546;172;48
6547;172;48
6548;172;48
6549;172;44
6550;172;40
6551;164;40
6552;160;32
6553;164;28
6554;160;28
6555;156;28
6556;152;28
6557;152;28
6558;152;32
6559;152;40
6560;148;44
6561;148;48
6562;144;52
6563;148;56
6564;140;60
6565;136;60
6566;136;64
6567;132;64
6568;132;64
6569;132;64
6570;132;64
6571;128;60
6572;124;64
6573;124;60
6574;120;60
6575;120;60
6576;120;60
6577;128;56
6578;116;56
6579;112;56
6580;108;56
6581;108;52
6582;108;52
6583;104;52
6584;108;52
6585;104;52
6586;100;52
6587;100;52
6588;92;52
6589;96;52
6590;92;52
6591;88;52
6592;88;52
6593;88;52
6594;84;52
6595;84;52
6596;84;52
6597;76;52
6598;72;52
6599;76;52
6600;72;52
6601;76;52
6602;72;52
6603;68;108
6604;68;104
6605;68;96
6606;68;96
6607;60;92
6608;64;92
6609;60;88
6610;56;88
6611;56;84
6612;52;84
6613;52;88
6614;48;88
6615;48;92
6616;44;100
6617;44;104
6618;40;108
6619;40;112
6620;40;116
6621;36;120
6622;36;124
6623;32;124
6624;28;124
6625;20;124
6626;24;124
6627;24;120
6628;20;120
6629;20;116
6630;16;120
6631;16;116
6632;0;116
6633;8;116
6634;8;116
6635;8;112
6636;0;112
6637;0;112
6638;4;112
6639;-4;112
6640;-4;112
6641;-8;112
6642;-8;108
6643;-12;108
6644;-16;108
6645;-20;104
6646;-20;96
6647;-20;96
6648;-20;92
6649;-24;92
6650;-24;88
6651;-32;84
6652;-32;80
6653;-36;84
6654;-36;88
6655;-40;92
6656;-40;100
6657;-40;104
6658;-48;108
6659;-52;112
6660;-52;116
6661;-52;120
6662;-52;124
6663;-60;124
6664;-60;124
6665;-60;124
6666;-64;120
6667;-68;120
6668;-68;120
6669;-72;116
6670;-72;116
6671;-76;116
6672;-76;116
6673;-72;116
6674;-80;112
6675;-84;112
6676;-88;112
6677;-88;112
6678;-92;112
6679;-104;112
6680;-96;112
6681;-100;112
6682;-100;112
6683;-104;112
6684;-108;108
6685;-112;112
6686;-108;112
6687;-112;108
6688;-116;108
6689;-116;108
6690;-116;108
6691;-120;108
6692;-120;104
6693;-116;100
6694;-128;96
6695;-128;92
6696;-132;88
6697;-136;88
6698;-136;84
6699;-136;84
6700;-132;80
6701;-144;84
6702;-144;88
6703;-148;92
6704;-152;100
6705;-152;108
6706;-152;108
6707;-152;88
6708;-160;92
6709;-160;96
6710;-160;96
6711;-164;96
6712;-164;100
6713;-176;96
6714;-172;96
6715;-172;92
6716;-176;92
6717;-172;92
6718;-180;88
6719;-180;88
6720;-180;88
6721;-184;88
6722;-188;88
6723;-188;84
6724;-188;84
6725;-192;84
6726;-192;84
6727;-208;84
6728;-196;84
6729;-200;84
6730;-200;84
6731;-204;84
6732;-204;84
6733;-208;80
6734;-208;76
6735;-212;72
6736;-212;68
6737;-216;68
6738;-216;64
6739;-216;60
6740;-220;60
6741;-220;56
6742;-224;56
6743;-224;60
6744;-228;64
6745;-232;72
6746;-232;76
6747;-236;84
6748;-252;88
6749;-240;92
6750;-240;92
6751;-240;96
6752;-240;96
6753;-244;92
6754;-248;92
6755;-248;92
6756;-248;92
6757;-252;88
6758;-252;88
6759;-252;88
6760;-256;88
6761;-256;84
6762;-256;84
6763;-260;84
6764;-260;84
6765;-264;84
6766;-264;84
6767;-264;84
6768;-256;84
6769;-268;84
6770;-268;84
6771;-268;84
6772;-272;80
6773;-272;80
6774;-272;80
6775;-272;80
6776;-276;76
6777;-276;72
6778;-280;68
6779;-280;64
6780;-280;64
6781;-284;60
6782;-284;60
6783;-284;60
6784;-284;56
6785;-288;56
6786;-288;64
6787;-288;64
6788;-296;68
6789;-304;72
6790;-292;80
6791;-292;84
6792;-292;88
6793;-296;92
6794;-296;92
6795;-292;96
6796;-296;92
6797;-300;92
6798;-300;92
6799;-300;92
6800;-300;92
6801;-304;88
6802;-304;88
6803;-304;84
6804;-304;84
6805;-304;84
6806;-304;84
6807;-304;84
6808;-304;88
6809;-308;84
6810;-304;84
6811;-308;4
6812;-308;4
6813;-308;4
6814;-308;0
6815;-308;-4
6816;-308;-8
6817;-308;-12
6818;-308;-16
6819;-308;-16
6820;-308;-20
6821;-312;-20
6822;-308;-20
6823;-332;-20
6824;-312;-20
6825;-312;-16
6826;-312;-12
6827;-312;-4
6828;-312;0
6829;-308;4
6830;-312;8
6831;-312;12
6832;-312;16
6833;-312;16
6834;-312;16
6835;-312;16
6836;-316;12
6837;-312;12
6838;-312;12
6839;-312;12
6840;-312;8
6841;-312;8
6842;-312;8
6843;-308;4
6844;-312;4
6845;-308;4
6846;-308;4
6847;-308;4
6848;-308;4
6849;-308;4
6850;-316;4
6851;-308;4
6852;-308;4
6853;-304;4
6854;-308;0
6855;-304;4
6856;-304;0
6857;-308;0
6858;-300;0
6859;-308;-4
6860;-304;-4
6861;-300;-12
6862;-300;-12
6863;-296;-20
6864;-284;-20
6865;-300;-20
6866;-296;-24
6867;-296;-24
6868;-296;-24
6869;-292;-20
6870;-300;-16
6871;-292;-12
6872;-288;-8
6873;-288;-4
6874;-288;4
6875;-288;8
6876;-288;12
6877;-280;12
6878;-284;12
6879;-280;16
6880;-280;12
6881;-280;12
6882;-276;12
6883;-276;12
6884;-280;8
6885;-272;8
6886;-272;8
6887;-272;8
6888;-268;8
6889;-268;8
6890;-264;4
6891;-264;4
6892;-260;4
6893;-260;4
6894;-260;0
6895;-256;4
6896;-256;4
6897;-252;4
6898;-228;0
6899;-248;0
6900;-248;0
6901;-244;4
6902;-244;0
6903;-240;0
6904;-244;0
6905;-236;0
6906;-236;0
6907;-232;0
6908;-232;0
6909;-228;0
6910;-228;0
6911;-224;0
6912;-220;0
6913;-220;0
6914;-220;4
6915;-216;-56
6916;-212;-56
6917;-212;-60
6918;-220;-64
6919;-208;-68
6920;-208;-68
6921;-204;-72
6922;-204;-72
6923;-200;-76
6924;-196;-76
6925;-188;-76
6926;-192;-76
6927;-188;-72
6928;-188;-68
6929;-184;-64
6930;-180;-60
6931;-180;-56
6932;-172;-48
6933;-176;-48
6934;-172;-44
6935;-172;-40
6936;-168;-40
6937;-164;-40
6938;-168;-44
6939;-168;-44
6940;-156;-44
6941;-152;-44
6942;-152;-48
6943;-148;-48
6944;-144;-48
6945;-144;-48
6946;-144;-48
6947;-136;-48
6948;-136;-48
6949;-132;-52
6950;-132;-52
6951;-128;-52
6952;-124;-48
6953;-124;-52
6954;-120;-52
6955;-116;-52
6956;-112;-56
6957;-112;-52
6958;-112;-52
6959;-96;-56
6960;-104;-56
6961;-100;-56
6962;-100;-60
6963;-96;-64
6964;-92;-68
6965;-92;-72
6966;-92;-72
6967;-88;-72
6968;-84;-76
6969;-84;-76
6970;-80;-76
6971;-80;-72
6972;-76;-64
6973;-88;-60
6974;-68;-52
6975;-68;-48
6976;-64;-44
6977;-64;-44
6978;-64;-40
6979;-60;-44
6980;-36;-44
6981;-56;-40
6982;-52;-44
6983;-48;-44
6984;-48;-44
6985;-44;-48
6986;-40;-48
6987;-40;-48
6988;-40;-48
6989;-36;-48
6990;-32;-48
6991;-32;-52
6992;-32;-52
6993;-28;-52
6994;-20;-52
6995;-20;-48
6996;-20;-52
6997;-16;-52
6998;-16;-56
6999;-12;-56
7000;-8;-56
7001;-8;-60
7002;-4;-60
7003;-4;-64
7004;4;-64
7005;4;-68
7006;4;-72
7007;4;-76
7008;12;-76
7009;16;-76
7010;16;-76
7011;20;-72
7012;20;-68
7013;28;-60
7014;16;-56
7015;28;-48
7016;32;-44
7017;36;-44
7018;36;-40
7019;40;-64
7020;48;-60
7021;44;-64
7022;48;-68
7023;52;-68
7024;52;-68
7025;52;-68
7026;56;-68
7027;60;-72
7028;64;-72
7029;64;-72
7030;68;-76
7031;68;-76
7032;68;-76
7033;72;-76
7034;80;-76
7035;76;-76
7036;80;-76
7037;80;-76
7038;80;-76
7039;84;-76
7040;84;-80
7041;84;-76
7042;88;-80
7043;92;-84
7044;96;-84
7045;96;-92
7046;100;-92
7047;100;-96
7048;92;-96
7049;108;-96
7050;108;-100
7051;108;-96
7052;112;-96
7053;112;-92
7054;116;-88
7055;132;-84
7056;116;-80
7057;120;-76
7058;124;-68
7059;124;-68
7060;124;-68
7061;120;-68
7062;128;-64
7063;132;-68
7064;136;-64
7065;136;-68
7066;136;-68
7067;140;-68
7068;144;-72
7069;140;-72
7070;144;-72
7071;144;-72
7072;148;-72
7073;148;-76
7074;148;-72
7075;144;-76
7076;156;-76
7077;156;-76
7078;160;-76
7079;160;-76
7080;160;-76
7081;168;-76
7082;164;-76
7083;168;-76
7084;168;-76
7085;168;-76
7086;172;-76
7087;172;-76
7088;172;-80
7089;200;-84
7090;176;-84
7091;176;-88
7092;180;-92
7093;184;-92
7094;184;-96
7095;176;-96
7096;188;-96
7097;188;-96
7098;188;-96
7099;192;-92
7100;192;-88
7101;192;-88
7102;192;-80
7103;196;-80
7104;196;-72
7105;200;-72
7106;200;-68
7107;200;-64
7108;200;-64
7109;192;-64
7110;204;-64
7111;208;-64
7112;208;-68
7113;208;-68
7114;212;-72
7115;212;-72
7116;216;-72
7117;216;-72
7118;216;-72
7119;216;-72
7120;216;-72
7121;220;-72
7122;224;-72
7123;224;-48
7124;224;-48
7125;224;-48
7126;224;-48
7127;228;-52
7128;228;-56
7129;228;-60
7130;216;-60
7131;232;-68
7132;236;-68
7133;236;-72
7134;236;-72
7135;240;-68
7136;240;-68
7137;240;-64
7138;240;-60
7139;240;-52
7140;244;-52
7141;244;-44
7142;244;-44
7143;248;-40
7144;244;-36
7145;248;-36
7146;252;-36
7147;248;-36
7148;252;-36
7149;252;-36
7150;264;-36
7151;256;-40
7152;256;-44
7153;260;-40
7154;256;-44
7155;260;-40
7156;260;-44
7157;264;-44
7158;260;-48
7159;264;-44
7160;264;-44
7161;264;-44
7162;264;-44
7163;264;-48
7164;268;-44
7165;268;-44
7166;268;-48
7167;272;-48
7168;272;-48
7169;272;-48
7170;268;-48
7171;264;-48
7172;272;-48
7173;276;-48
7174;276;-48
7175;276;-48
7176;276;-48
7177;280;-52
7178;280;-52
7179;280;-52
7180;280;-60
7181;280;-64
7182;280;-64
7183;280;-68
7184;288;-68
7185;280;-68
7186;284;-68
7187;284;-64
7188;284;-64
7189;284;-56
7190;284;-48
7191;284;-44
7192;284;-44
7193;288;-40
7194;288;-36
7195;288;-36
7196;288;-36
7197;288;-36
7198;280;-36
7199;288;-36
7200;288;-40
7201;288;-40
7202;288;-40
7203;288;-40
7204;288;-44
7205;280;-40
7206;288;-44
7207;288;-44
7208;288;-44
7209;288;-44
7210;288;-44
7211;296;-44
7212;288;-44
7213;292;-48
7214;288;-44
7215;288;-48
7216;288;-48
7217;292;-44
7218;292;-44
7219;288;-48
7220;288;-52
7221;288;-52
7222;288;-56
7223;288;-60
7224;288;-60
7225;280;-68
7226;288;-64
7227;288;-68
7228;288;-12
7229;284;-16
7230;288;-12
7231;288;-12
7232;284;-4
7233;288;0
7234;284;4
7235;284;8
7236;284;16
7237;284;20
7238;284;20
7239;288;24
7240;284;24
7241;280;24
7242;284;24
7243;280;24
7244;280;20
7245;280;20
7246;284;20
7247;276;16
7248;276;16
7249;276;16
7250;276;16
7251;276;16
7252;268;16
7253;272;12
7254;272;12
7255;272;12
7256;276;12
7257;272;12
7258;268;12
7259;272;12
7260;268;12
7261;268;12
7262;264;12
7263;268;12
7264;268;12
7265;264;12
7266;256;12
7267;264;8
7268;260;4
7269;260;4
7270;260;0
7271;256;-4
7272;260;-8
7273;256;-8
7274;256;-12
7275;252;-12
7276;256;-16
7277;252;-12
7278;252;-8
7279;252;-4
7280;272;0
7281;248;4
7282;244;12
7283;248;12
7284;244;20
7285;244;20
7286;236;24
7287;244;24
7288;240;20
7289;236;24
7290;240;24
7291;236;24
7292;236;24
7293;232;20
7294;232;20
7295;232;16
7296;228;20
7297;228;16
7298;228;16
7299;224;16
7300;212;16
7301;220;16
7302;216;16
7303;216;12
7304;216;12
7305;216;12
7306;212;16
7307;216;12
7308;208;12
7309;208;12
7310;208;12
7311;204;12
7312;204;12
7313;204;12
7314;204;12
7315;200;8
7316;200;8
7317;196;4
7318;196;0
7319;196;-4
7320;188;-8
7321;180;-8
7322;188;-12
7323;188;-16
7324;184;-16
7325;184;-12
7326;180;-12
7327;180;-4
7328;180;0
7329;176;4
7330;176;12
7331;176;16
7332;172;88
7333;168;92
7334;168;96
7335;168;96
7336;164;96
7337;160;92
7338;160;92
7339;160;92
7340;156;92
7341;168;92
7342;152;88
7343;152;88
7344;148;88
7345;148;84
7346;144;84
7347;144;84
7348;144;84
7349;136;84
7350;136;84
7351;136;84
7352;132;84
7353;132;84
7354;128;80
7355;116;80
7356;124;80
7357;124;84
7358;124;80
7359;124;80
7360;120;76
7361;120;72
7362;132;68
7363;112;68
7364;112;64
7365;108;60
7366;108;60
7367;104;56
7368;100;56
7369;104;60
7370;100;60
7371;100;68
7372;96;72
7373;96;76
7374;92;80
7375;100;84
7376;92;88
7377;88;92
7378;88;92
7379;88;96
7380;84;92
7381;80;96
7382;76;92
7383;80;92
7384;76;88
7385;76;92
7386;72;88
7387;72;88
7388;68;88
7389;64;88
7390;64;84
7391;64;84
7392;64;84
7393;64;84
7394;60;84
7395;60;84
7396;56;84
7397;52;84
7398;48;84
7399;48;84
7400;48;84
7401;44;80
7402;44;84
7403;44;84
7404;40;80
7405;36;80
7406;36;80
7407;32;80
7408;32;80
7409;32;80
7410;24;80
7411;24;76
7412;24;72
7413;20;68
7414;20;64
7415;12;60
7416;8;60
7417;12;56
7418;8;56
7419;8;56
7420;4;60
7421;4;64
7422;0;72
7423;-4;76
7424;-4;84
7425;-4;88
7426;-8;92
7427;-8;92
7428;-12;92
7429;-12;92
7430;-12;92
7431;-16;92
7432;-20;92
7433;-24;92
7434;-24;92
7435;-24;88
7436;-28;120
7437;-28;116
7438;-32;116
7439;-36;116
7440;-36;116
7441;-40;112
7442;-44;116
7443;-52;112
7444;-48;112
7445;-48;112
7446;-52;112
7447;-56;108
7448;-56;104
7449;-60;100
7450;-64;96
7451;-60;92
7452;-64;88
7453;-68;88
7454;-72;88
7455;-72;88
7456;-72;88
7457;-72;92
7458;-76;96
7459;-80;104
7460;-84;108
7461;-84;116
7462;-88;124
7463;-88;124
7464;-84;124
7465;-92;128
7466;-92;128
7467;-96;124
7468;-100;124
7469;-100;124
7470;-108;120
7471;-96;120
7472;-108;116
7473;-108;116
7474;-112;116
7475;-112;116
7476;-116;116
7477;-128;116
7478;-128;112
7479;-124;112
7480;-124;116
7481;-128;112
7482;-132;112
7483;-132;112
7484;-132;112
7485;-136;108
7486;-140;108
7487;-140;104
7488;-144;100
7489;-144;96
7490;-148;92
7491;-144;88
7492;-148;88
7493;-152;84
7494;-156;84
7495;-156;88
7496;-156;88
7497;-160;92
7498;-164;96
7499;-164;100
7500;-168;108
7501;-168;112
7502;-168;116
7503;-172;120
7504;-176;124
7505;-180;124
7506;-176;124
7507;-180;120
7508;-184;124
7509;-184;120
7510;-188;120
7511;-184;120
7512;-196;120
7513;-192;116
7514;-192;116
7515;-192;116
7516;-200;116
7517;-200;116
7518;-192;112
7519;-204;112
7520;-208;112
7521;-208;112
7522;-208;112
7523;-212;112
7524;-212;112
7525;-216;112
7526;-216;112
7527;-220;112
7528;-220;112
7529;-224;112
7530;-224;108
7531;-224;108
7532;-216;108
7533;-228;108
7534;-232;104
7535;-232;104
7536;-232;96
7537;-240;92
7538;-236;92
7539;-240;88
7540;-240;84
7541;-240;24
7542;-244;24
7543;-244;28
7544;-248;28
7545;-248;32
7546;-264;36
7547;-252;40
7548;-252;48
7549;-252;52
7550;-256;56
7551;-256;60
7552;-252;60
7553;-240;64
7554;-260;64
7555;-264;64
7556;-264;60
7557;-268;60
7558;-268;60
7559;-272;60
7560;-268;56
7561;-272;56
7562;-272;56
7563;-276;52
7564;-276;52
7565;-276;52
7566;-268;52
7567;-276;52
7568;-276;52
7569;-280;52
7570;-280;52
7571;-284;48
7572;-284;48
7573;-292;48
7574;-284;52
7575;-288;52
7576;-288;48
7577;-288;48
7578;-288;44
7579;-288;40
7580;-296;40
7581;-292;36
7582;-292;32
7583;-296;28
7584;-292;28
7585;-296;24
7586;-292;24
7587;-292;24
7588;-296;28
7589;-300;36
7590;-296;44
7591;-300;48
7592;-304;52
7593;-300;56
7594;-304;60
7595;-304;60
7596;-304;60
7597;-304;60
7598;-304;60
7599;-308;60
7600;-308;56
7601;-308;60
7602;-304;56
7603;-308;56
7604;-308;52
7605;-308;52
7606;-308;52
7607;-308;52
7608;-308;52
7609;-308;52
7610;-312;52
7611;-308;48
7612;-312;52
7613;-308;48
7614;-316;48
7615;-312;52
7616;-312;48
7617;-312;48
7618;-312;48
7619;-312;44
7620;-308;44
7621;-308;40
7622;-312;36
7623;-312;32
7624;-312;28
7625;-308;28
7626;-312;24
7627;-312;24
7628;-316;24
7629;-312;24
7630;-308;28
7631;-308;32
7632;-308;36
7633;-308;44
7634;-304;48
7635;-304;52
7636;-304;56
7637;-308;56
7638;-304;60
7639;-304;60
7640;-304;60
7641;-300;60
7642;-304;60
7643;-300;60
7644;-300;-16
7645;-300;-12
7646;-300;-16
7647;-296;-16
7648;-292;-16
7649;-296;-20
7650;-296;-20
7651;-296;-20
7652;-296;-24
7653;-292;-20
7654;-292;-24
7655;-284;-28
7656;-288;-28
7657;-288;-32
7658;-288;-36
7659;-288;-40
7660;-284;-44
7661;-284;-44
7662;-276;-48
7663;-280;-48
7664;-276;-48
7665;-276;-44
7666;-276;-40
7667;-276;-32
7668;-280;-28
7669;-276;-20
7670;-268;-16
7671;-272;-12
7672;-272;-12
7673;-264;-12
7674;-268;-12
7675;-264;-12
7676;-264;-12
7677;-260;-16
7678;-260;-16
7679;-256;-16
7680;-256;-20
7681;-252;-20
7682;-260;-20
7683;-252;-20
7684;-248;-20
7685;-244;-20
7686;-244;-20
7687;-244;-20
7688;-240;-24
7689;-240;-24
7690;-232;-24
7691;-236;-24
7692;-232;-24
7693;-228;-24
7694;-228;-24
7695;-224;-24
7696;-224;-28
7697;-220;-28
7698;-220;-32
7699;-216;-36
7700;-216;-36
7701;-212;-40
7702;-212;-40
7703;-228;-44
7704;-204;-48
7705;-204;-48
7706;-204;-48
7707;-200;-48
7708;-200;-44
7709;-188;-40
7710;-196;-36
7711;-192;-32
7712;-188;-24
7713;-188;-20
7714;-184;-16
7715;-184;-12
7716;-180;-12
7717;-176;-12
7718;-176;-12
7719;-172;-12
7720;-168;-12
7721;-168;-12
7722;-164;-16
7723;-152;-16
7724;-160;-16
7725;-156;-20
7726;-156;-16
7727;-152;-20
7728;-144;-20
7729;-144;-24
7730;-144;-20
7731;-140;-24
7732;-140;-24
7733;-136;-24
7734;-136;-24
7735;-132;-24
7736;-128;-24
7737;-140;-24
7738;-124;-24
7739;-120;-28
7740;-120;-24
7741;-116;-28
7742;-112;-28
7743;-112;-32
7744;-88;-36
7745;-108;-36
7746;-104;-40
7747;-104;-44
7748;-100;-72
7749;-96;-88
7750;-104;-88
7751;-92;-84
7752;-88;-88
7753;-84;-84
7754;-84;-80
7755;-80;-76
7756;-80;-72
7757;-76;-68
7758;-76;-64
7759;-72;-60
7760;-68;-56
7761;-68;-52
7762;-64;-56
7763;-60;-56
7764;-68;-56
7765;-56;-56
7766;-56;-56
7767;-56;-56
7768;-56;-60
7769;-52;-60
7770;-48;-60
7771;-44;-60
7772;-44;-64
7773;-40;-64
7774;-40;-64
7775;-36;-64
7776;-36;-64
7777;-28;-64
7778;-8;-64
7779;-28;-64
7780;-24;-64
7781;-20;-64
7782;-20;-64
7783;-20;-68
7784;-16;-68
7785;-8;-68
7786;-8;-68
7787;-8;-72
7788;-4;-76
7789;-4;-80
7790;0;-84
7791;4;-84
7792;8;-84
7793;8;-88
7794;12;-88
7795;12;-88
7796;16;-84
7797;20;-80
7798;20;-72
7799;24;-68
7800;28;-60
7801;28;-56
7802;28;-56
7803;36;-56
7804;36;-52
7805;32;-52
7806;40;-56
7807;44;-56
7808;44;-56
7809;48;-56
7810;52;-56
7811;56;-60
7812;60;-60
7813;60;-60
7814;60;-64
7815;60;-64
7816;64;-64
7817;68;-64
7818;68;-64
7819;72;-64
7820;72;-64
7821;72;-68
7822;80;-64
7823;80;-64
7824;80;-68
7825;76;-68
7826;84;-72
7827;88;-76
7828;88;-80
7829;92;-84
7830;96;-84
7831;92;-84
7832;100;-88
7833;100;-88
7834;100;-88
7835;104;-84
7836;104;-80
7837;108;-76
7838;108;-72
7839;108;-64
7840;116;-64
7841;116;-60
7842;116;-56
7843;120;-56
7844;120;-56
7845;124;-56
7846;132;-56
7847;128;-56
7848;132;-56
7849;132;-56
7850;132;-56
7851;136;-56
7852;140;-60
7853;160;-60
7854;140;-64
7855;144;-64
7856;144;-64
7857;144;-64
7858;148;-64
7859;144;-68
7860;152;-68
7861;152;-68
7862;152;-72
7863;152;-72
7864;160;-76
7865;160;-80
7866;160;-84
7867;164;-84
7868;164;-88
7869;164;-88
7870;168;-92
7871;168;-88
7872;168;-84
7873;160;-80
7874;176;-72
7875;176;-68
7876;176;-64
7877;180;-60
7878;180;-56
7879;184;-56
7880;180;-56
7881;184;-56
7882;188;-56
7883;188;-56
7884;188;-60
7885;188;-60
7886;192;-60
7887;196;-60
7888;192;-64
7889;192;-60
7890;196;-64
7891;200;-64
7892;200;-68
7893;204;-64
7894;180;-64
7895;200;-64
7896;204;-68
7897;208;-64
7898;208;-64
7899;208;-68
7900;216;-72
7901;212;-72
7902;212;-76
7903;212;-80
7904;216;-84
7905;216;-84
7906;216;-88
7907;220;-88
7908;220;-88
7909;224;-88
7910;220;-84
7911;224;-84
7912;228;-80
7913;228;-76
7914;240;-72
7915;228;-64
7916;228;-60
7917;228;-60
7918;232;-56
7919;232;-56
7920;236;-56
7921;236;-56
7922;236;-56
7923;236;-56
7924;236;-56
7925;240;-60
7926;240;-60
7927;240;-60
7928;236;-60
7929;244;-60
7930;244;-64
7931;248;-64
7932;244;-64
7933;248;-64
7934;248;-64
7935;240;-68
7936;252;-64
7937;252;-64
7938;252;-64
7939;252;-64
7940;252;-64
7941;256;-68
7942;256;-64
7943;256;-68
7944;256;-68
7945;260;-68
7946;260;-72
7947;260;-72
7948;268;-80
7949;260;-84
7950;264;-84
7951;264;-88
7952;264;-88
7953;264;-88
7954;268;-84
7955;268;-84
7956;268;-80
7957;268;-32
7958;268;-28
7959;272;-24
7960;272;-20
7961;276;-16
7962;268;-12
7963;276;-12
7964;276;-12
7965;276;-12
7966;276;-8
7967;276;-12
7968;280;-12
7969;276;-16
7970;276;-16
7971;280;-16
7972;280;-16
7973;280;-20
7974;280;-20
7975;288;-20
7976;280;-16
7977;284;-20
7978;284;-20
7979;280;-20
7980;284;-20
7981;280;-24
7982;284;-24
7983;284;-24
7984;284;-20
7985;284;-24
7986;284;-20
7987;284;-24
7988;288;-24
7989;284;-24
7990;288;-28
7991;288;-28
7992;284;-32
7993;288;-36
7994;288;-40
7995;288;-44
7996;280;-44
7997;292;-44
7998;288;-48
7999;292;-44
8000;288;-40
8001;292;-36
8002;292;-32
8003;288;-24
8004;292;-20
8005;288;-12
8006;288;-12
8007;288;-12
8008;292;-8
8009;288;-12
8010;300;-12
8011;288;-8
8012;288;-12
8013;288;-12
8014;288;-12
8015;284;-16
8016;280;-16
8017;288;-16
8018;288;-20
8019;288;-20
8020;288;-20
8021;284;-20
8022;288;-20
8023;284;-24
8024;284;-20
8025;284;-20
8026;284;-24
8027;284;-20
8028;280;-20
8029;280;-20
8030;276;-24
8031;280;-24
8032;280;-24
8033;280;-24
8034;280;-28
8035;276;-32
8036;276;-36
8037;280;-40
8038;276;-40
8039;272;-44
8040;268;-48
8041;272;-48
8042;272;-48
8043;276;-44
8044;288;-40
8045;268;-40
8046;264;-32
8047;264;-28
8048;268;-20
8049;264;-16
8050;260;-16
8051;268;-12
8052;264;-12
8053;264;-12
8054;260;-12
8055;260;-12
8056;260;-12
8057;256;-12
8058;260;-12
8059;256;-12
8060;256;-16
8061;256;44
8062;256;44
8063;252;44
8064;240;44
8065;248;40
8066;248;40
8067;248;44
8068;248;40
8069;248;40
8070;248;40
8071;244;36
8072;244;36
8073;244;32
8074;240;24
8075;240;24
8076;236;20
8077;240;16
8078;240;16
8079;236;16
8080;232;16
8081;232;16
8082;228;20
8083;224;28
8084;224;36
8085;216;40
8086;224;44
8087;224;48
8088;220;52
8089;216;52
8090;216;52
8091;212;52
8092;212;52
8093;212;48
8094;212;48
8095;208;48
8096;208;48
8097;204;44
8098;204;44
8099;204;44
8100;204;40
8101;200;44
8102;200;40
8103;196;40
8104;196;40
8105;204;40
8106;192;40
8107;192;40
8108;188;36
8109;184;40
8110;184;40
8111;184;40
8112;188;36
8113;180;40
8114;176;36
8115;176;36
8116;176;32
8117;176;28
8118;168;28
8119;168;20
8120;168;20
8121;164;16
8122;164;16
8123;164;12
8124;160;12
8125;152;16
8126;148;20
8127;156;28
8128;152;32
8129;148;40
8130;148;44
8131;148;48
8132;148;52
8133;144;52
8134;140;52
8135;140;52
8136;136;52
8137;136;48
8138;132;48
8139;128;48
8140;132;48
8141;128;44
8142;128;44
8143;128;44
8144;124;44
8145;120;44
8146;116;40
8147;120;40
8148;116;40
8149;116;40
8150;112;40
8151;112;40
8152;112;40
8153;100;36
8154;104;40
8155;104;40
8156;104;40
8157;100;36
8158;100;36
8159;104;32
8160;96;32
8161;92;28
8162;96;24
8163;88;24
8164;92;20
8165;88;80
8166;88;76
8167;84;76
8168;80;80
8169;80;80
8170;76;84
8171;76;88
8172;76;92
8173;72;96
8174;72;100
8175;72;108
8176;68;112
8177;68;116
8178;68;116
8179;64;116
8180;68;116
8181;60;116
8182;56;116
8183;56;112
8184;52;112
8185;52;112
8186;52;108
8187;44;108
8188;44;108
8189;44;108
8190;40;104
8191;40;104
8192;40;104
8193;36;104
8194;24;104
8195;32;104
8196;28;104
8197;24;104
8198;28;104
8199;24;104
8200;24;100
8201;32;104
8202;16;104
8203;12;104
8204;12;96
8205;8;96
8206;8;92
8207;-4;88
8208;4;88
8209;4;80
8210;0;80
8211;0;80
8212;-4;76
8213;-8;76
8214;-4;80
8215;-12;80
8216;-12;84
8217;-12;92
8218;-16;96
8219;-20;100
8220;-20;104
8221;-28;108
8222;-24;112
8223;-28;116
8224;-32;116
8225;-32;116
8226;-32;116
8227;-36;116
8228;-32;112
8229;-40;112
8230;-44;112
8231;-44;112
8232;-44;108
8233;-52;108
8234;-52;104
8235;-36;104
8236;-56;108
8237;-56;104
8238;-60;104
8239;-60;104
8240;-68;104
8241;-76;104
8242;-68;104
8243;-72;104
8244;-72;104
8245;-76;100
8246;-80;104
8247;-84;104
8248;-84;104
8249;-84;104
8250;-88;100
8251;-88;100
8252;-88;100
8253;-96;92
8254;-96;88
8255;-112;84
8256;-104;84
8257;-104;80
8258;-108;80
8259;-108;76
8260;-112;76
8261;-116;76
8262;-112;76
8263;-120;80
8264;-124;84
8265;-124;92
8266;-124;100
8267;-124;104
8268;-128;112
8269;-128;100
8270;-136;100
8271;-136;100
8272;-140;100
8273;-140;104
8274;-144;100
8275;-144;100
8276;-168;96
8277;-148;100
8278;-152;96
8279;-152;96
8280;-156;92
8281;-156;96
8282;-152;92
8283;-160;92
8284;-164;88
8285;-164;88
8286;-164;88
8287;-168;88
8288;-172;92
8289;-172;92
8290;-176;88
8291;-180;88
8292;-180;84
8293;-180;84
8294;-184;80
8295;-188;76
8296;-172;72
8297;-188;68
8298;-192;64
8299;-192;64
8300;-196;64
8301;-200;64
8302;-200;68
8303;-204;68
8304;-204;72
8305;-208;80
8306;-208;84
8307;-208;92
8308;-212;92
8309;-216;96
8310;-228;100
8311;-216;100
8312;-220;104
8313;-220;104
8314;-224;100
8315;-224;100
8316;-224;100
8317;-208;96
8318;-228;96
8319;-232;96
8320;-232;96
8321;-236;92
8322;-236;92
8323;-240;92
8324;-240;92
8325;-240;88
8326;-244;92
8327;-244;88
8328;-244;88
8329;-248;88
8330;-244;88
8331;-252;88
8332;-252;88
8333;-256;88
8334;-256;88
8335;-256;88
8336;-260;88
8337;-264;88
8338;-264;88
8339;-260;88
8340;-268;88
8341;-268;88
8342;-268;84
8343;-268;88
8344;-276;84
8345;-272;80
8346;-272;80
8347;-272;76
8348;-276;72
8349;-276;68
8350;-276;64
8351;-276;64
8352;-284;60
8353;-284;64
8354;-284;64
8355;-284;68
8356;-288;72
8357;-284;76
8358;-288;80
8359;-292;88
8360;-292;92
8361;-296;92
8362;-292;96
8363;-296;100
8364;-292;100
8365;-296;100
8366;-296;100
8367;-296;96
8368;-300;96
8369;-304;96
8370;-300;96
8371;-304;96
8372;-304;96
8373;-304;4
8374;-304;20
8375;-308;16
8376;-304;16
8377;-308;12
8378;-312;8
8379;-308;4
8380;-308;0
8381;-308;-4
8382;-308;-8
8383;-308;-12
8384;-308;-12
8385;-308;-12
8386;-312;-12
8387;-312;-8
8388;-312;-8
8389;-312;-4
8390;-312;4
8391;-312;8
8392;-304;12
8393;-312;16
8394;-312;20
8395;-316;24
8396;-312;24
8397;-316;24
8398;-320;24
8399;-316;24
8400;-312;24
8401;-312;20
8402;-316;20
8403;-316;20
8404;-316;20
8405;-312;20
8406;-316;20
8407;-316;16
8408;-312;16
8409;-316;16
8410;-316;12
8411;-316;12
8412;-304;12
8413;-312;16
8414;-316;12
8415;-312;12
8416;-312;12
8417;-316;12
8418;-312;12
8419;-304;12
8420;-312;12
8421;-312;12
8422;-312;12
8423;-312;8
8424;-312;4
8425;-312;0
8426;-308;-4
8427;-312;-8
8428;-308;-8
8429;-308;-12
8430;-304;-16
8431;-304;-12
8432;-312;-12
8433;-312;-8
8434;-304;-4
8435;-300;4
8436;-300;8
8437;-300;16
8438;-300;20
8439;-296;24
8440;-296;24
8441;-296;24
8442;-296;24
8443;-296;24
8444;-292;24
8445;-292;24
8446;-300;24
8447;-288;20
8448;-288;16
8449;-288;16
8450;-288;16
8451;-284;16
8452;-284;16
8453;-280;12
8454;-280;12
8455;-280;12
8456;-276;12
8457;-276;12
8458;-276;12
8459;-272;12
8460;-276;12
8461;-268;12
8462;-268;12
8463;-264;8
8464;-268;12
8465;-264;12
8466;-260;12
8467;-280;12
8468;-256;8
8469;-256;8
8470;-252;0
8471;-252;-4
8472;-248;-8
8473;-240;-12
8474;-248;-12
8475;-244;-12
8476;-240;-12
8477;-240;-12
8478;-240;-60
8479;-236;-56
8480;-232;-52
8481;-232;-48
8482;-228;-44
8483;-228;-40
8484;-224;-36
8485;-220;-32
8486;-220;-32
8487;-212;-32
8488;-216;-32
8489;-216;-32
8490;-212;-32
8491;-208;-32
8492;-204;-32
8493;-204;-36
8494;-204;-40
8495;-200;-36
8496;-200;-40
8497;-196;-40
8498;-192;-40
8499;-192;-40
8500;-188;-44
8501;-200;-40
8502;-184;-40
8503;-184;-44
8504;-176;-44
8505;-180;-44
8506;-172;-44
8507;-172;-44
8508;-148;-44
8509;-168;-44
8510;-164;-48
8511;-160;-52
8512;-156;-52
8513;-156;-56
8514;-156;-60
8515;-152;-64
8516;-148;-64
8517;-144;-68
8518;-144;-68
8519;-136;-64
8520;-136;-60
8521;-128;-56
8522;-132;-48
8523;-132;-44
8524;-128;-40
8525;-124;-36
8526;-120;-32
8527;-120;-32
8528;-124;-32
8529;-112;-32
8530;-112;-32
8531;-108;-32
8532;-104;-36
8533;-104;-36
8534;-100;-36
8535;-100;-36
8536;-96;-40
8537;-92;-40
8538;-92;-40
8539;-88;-40
8540;-84;-40
8541;-80;-40
8542;-68;-40
8543;-80;-40
8544;-76;-44
8545;-76;-44
8546;-68;-40
8547;-72;-40
8548;-76;-44
8549;-64;-44
8550;-64;-44
8551;-60;-44
8552;-60;-44
8553;-52;-44
8554;-52;-44
8555;-52;-48
8556;-48;-52
8557;-48;-52
8558;-48;-56
8559;-40;-60
8560;-40;-64
8561;-36;-64
8562;-48;-64
8563;-32;-64
8564;-32;-64
8565;-28;-64
8566;-24;-60
8567;-24;-56
8568;-20;-52
8569;-16;-48
8570;-12;-44
8571;-12;-40
8572;-12;-36
8573;-8;-32
8574;-4;-32
8575;0;-32
8576;4;-32
8577;4;-28
8578;4;-32
8579;4;-32
8580;8;-32
8581;12;-32
8582;12;-64
8583;16;-64
8584;20;-64
8585;24;-68
8586;28;-68
8587;32;-72
8588;32;-76
8589;24;-80
8590;32;-80
8591;36;-84
8592;40;-88
8593;44;-88
8594;48;-92
8595;48;-88
8596;52;-88
8597;52;-84
8598;52;-80
8599;60;-76
8600;60;-72
8601;64;-68
8602;68;-64
8603;68;-60
8604;68;-56
8605;72;-56
8606;72;-56
8607;76;-56
8608;76;-60
8609;80;-56
8610;88;-60
8611;84;-60
8612;84;-60
8613;88;-64
8614;92;-64
8615;92;-64
8616;92;-64
8617;104;-64
8618;100;-68
8619;100;-68
8620;104;-68
8621;104;-68
8622;104;-68
8623;100;-68
8624;108;-68
8625;112;-68
8626;116;-68
8627;116;-68
8628;120;-64
8629;120;-68
8630;124;-72
8631;124;-68
8632;128;-68
8633;128;-72
8634;128;-72
8635;132;-76
8636;132;-80
8637;124;-80
8638;136;-84
8639;136;-88
8640;140;-88
8641;140;-92
8642;144;-92
8643;144;-88
8644;148;-84
8645;148;-84
8646;152;-80
8647;152;-76
8648;156;-72
8649;156;-68
8650;156;-64
8651;160;-60
8652;164;-56
8653;164;-56
8654;164;-56
8655;164;-56
8656;168;-60
8657;168;-60
8658;148;-60
8659;172;-60
8660;176;-60
8661;176;-64
8662;176;-64
8663;176;-64
8664;188;-64
8665;180;-68
8666;184;-68
8667;184;-68
8668;184;-64
8669;188;-68
8670;188;-68
8671;188;-64
8672;192;-68
8673;192;-68
8674;192;-68
8675;192;-68
8676;196;-68
8677;200;-68
8678;196;-68
8679;204;-72
8680;204;-68
8681;204;-68
8682;204;-68
8683;204;-68
8684;208;-64
8685;208;-68
8686;208;-48
8687;212;-52
8688;212;-56
8689;216;-60
8690;216;-60
8691;220;-64
8692;208;-64
8693;220;-68
8694;220;-68
8695;220;-72
8696;224;-68
8697;224;-68
8698;228;-64
8699;240;-60
8700;232;-60
8701;232;-52
8702;232;-48
8703;232;-40
8704;232;-40
8705;228;-40
8706;236;-36
8707;236;-36
8708;240;-36
8709;236;-32
8710;240;-36
8711;240;-36
8712;244;-40
8713;244;-40
8714;244;-40
8715;244;-40
8716;244;-44
8717;248;-44
8718;248;-44
8719;240;-44
8720;248;-44
8721;252;-44
8722;256;-44
8723;252;-44
8724;256;-44
8725;256;-44
8726;256;-44
8727;260;-48
8728;256;-44
8729;256;-48
8730;260;-48
8731;264;-48
8732;264;-48
8733;284;-48
8734;264;-48
8735;264;-44
8736;268;-48
8737;268;-48
8738;268;-48
8739;264;-52
8740;272;-52
8741;268;-56
8742;272;-60
8743;272;-60
8744;272;-64
8745;272;-68
8746;272;-68
8747;276;-72
8748;276;-72
8749;276;-68
8750;276;-60
8751;280;-56
8752;276;-48
8753;268;-44
8754;280;-40
8755;280;-36
8756;280;-36
8757;284;-36
8758;280;-36
8759;284;-36
8760;284;-36
8761;284;-40
8762;284;-40
8763;284;-40
8764;284;-40
8765;284;-44
8766;288;-40
8767;292;-44
8768;288;-44
8769;288;-44
8770;288;-44
8771;288;-44
8772;288;-44
8773;284;-44
8774;280;-44
8775;288;-44
8776;292;-44
8777;288;-44
8778;292;-48
8779;288;-48
8780;292;-44
8781;292;-48
8782;292;-48
8783;288;-52
8784;292;-52
8785;288;-56
8786;292;-60
8787;292;-64
8788;292;-64
8789;292;-68
8790;292;-20
8791;288;-20
8792;288;-20
8793;292;-16
8794;304;-16
8795;292;-12
8796;288;-8
8797;292;0
8798;288;4
8799;292;12
8800;288;12
8801;292;16
8802;292;16
8803;288;16
8804;288;20
8805;288;16
8806;288;16
8807;284;12
8808;276;16
8809;284;12
8810;284;12
8811;284;12
8812;284;8
8813;284;8
8814;284;8
8815;296;8
8816;284;8
8817;280;8
8818;280;8
8819;280;8
8820;280;4
8821;280;4
8822;276;4
8823;276;4
8824;276;4
8825;272;4
8826;272;4
8827;272;4
8828;268;4
8829;272;4
8830;272;4
8831;268;4
8832;268;4
8833;272;0
8834;268;0
8835;268;-4
8836;268;-8
8837;268;-12
8838;268;-16
8839;264;-16
8840;260;-20
8841;264;-20
8842;256;-20
8843;260;-20
8844;260;-16
8845;260;-12
8846;256;-8
8847;256;-4
8848;256;0
8849;240;8
8850;256;12
8851;252;12
8852;252;16
8853;252;16
8854;248;16
8855;256;16
8856;248;16
8857;244;16
8858;244;16
8859;244;12
8860;240;12
8861;240;12
8862;240;12
8863;236;8
8864;236;8
8865;236;8
8866;236;8
8867;232;8
8868;228;8
8869;240;8
8870;228;8
8871;228;8
8872;224;4
8873;220;8
8874;220;8
8875;224;8
8876;216;4
8877;216;4
8878;216;4
8879;212;0
8880;212;-4
8881;208;-8
8882;208;-12
8883;192;-16
8884;204;-20
8885;204;-20
8886;204;-20
8887;200;-20
8888;200;-20
8889;200;-16
8890;216;-12
8891;192;-4
8892;192;0
8893;192;8
8894;192;80
8895;188;84
8896;184;88
8897;184;88
8898;184;88
8899;180;84
8900;180;88
8901;176;84
8902;176;80
8903;180;84
8904;172;80
8905;172;80
8906;168;80
8907;164;80
8908;164;76
8909;164;72
8910;160;76
8911;160;76
8912;156;76
8913;156;76
8914;152;76
8915;156;76
8916;152;72
8917;144;76
8918;148;72
8919;144;72
8920;144;68
8921;144;68
8922;140;64
8923;140;60
8924;132;56
8925;132;56
8926;132;52
8927;128;52
8928;128;48
8929;124;48
8930;132;52
8931;124;56
8932;120;64
8933;120;68
8934;120;76
8935;116;80
8936;112;84
8937;108;84
8938;108;88
8939;108;88
8940;108;84
8941;104;88
8942;104;84
8943;100;84
8944;88;80
8945;96;80
8946;96;80
8947;92;80
8948;92;80
8949;88;80
8950;88;76
8951;88;76
8952;84;76
8953;84;76
8954;80;76
8955;80;76
8956;76;76
8957;80;76
8958;76;76
8959;72;76
8960;72;76
8961;68;72
8962;68;72
8963;64;72
8964;60;76
8965;60;72
8966;60;68
8967;52;68
8968;56;64
8969;52;60
8970;52;56
8971;40;52
8972;48;52
8973;44;48
8974;40;48
8975;40;48
8976;40;52
8977;36;52
8978;36;60
8979;32;64
8980;32;68
8981;32;72
8982;28;76
8983;24;80
8984;20;84
8985;16;84
8986;16;88
8987;16;88
8988;12;84
8989;8;84
8990;8;84
8991;8;84
8992;12;80
8993;0;76
8994;0;76
8995;-4;80
8996;-4;80
8997;-4;80
8998;-8;80
8999;8;112
9000;-12;112
9001;-12;108
9002;-16;108
9003;-20;104
9004;-20;100
9005;-28;96
9006;-20;92
9007;-28;88
9008;-28;88
9009;-28;84
9010;-32;84
9011;-36;84
9012;-40;84
9013;-40;88
9014;-40;96
9015;-44;100
9016;-48;104
9017;-48;108
9018;-52;112
9019;-64;116
9020;-56;120
9021;-56;120
9022;-60;124
9023;-64;124
9024;-68;120
9025;-64;120
9026;-68;120
9027;-72;116
9028;-72;120
9029;-76;116
9030;-80;112
9031;-76;112
9032;-80;112
9033;-84;112
9034;-88;112
9035;-88;112
9036;-92;108
9037;-92;108
9038;-92;112
9039;-100;108
9040;-120;108
9041;-100;112
9042;-104;108
9043;-104;112
9044;-108;108
9045;-112;108
9046;-108;104
9047;-116;104
9048;-120;100
9049;-120;96
9050;-124;92
9051;-124;88
9052;-128;84
9053;-128;84
9054;-132;84
9055;-132;84
9056;-136;84
9057;-136;92
9058;-140;96
9059;-140;100
9060;-132;104
9061;-148;112
9062;-148;116
9063;-152;120
9064;-152;120
9065;-156;124
9066;-160;120
9067;-156;120
9068;-164;120
9069;-164;116
9070;-164;116
9071;-168;116
9072;-172;112
9073;-172;112
9074;-188;112
9075;-176;112
9076;-180;112
9077;-180;112
9078;-180;112
9079;-184;108
9080;-184;108
9081;-168;112
9082;-192;108
9083;-192;108
9084;-192;108
9085;-196;104
9086;-196;104
9087;-204;100
9088;-204;96
9089;-204;96
9090;-208;92
9091;-208;88
9092;-208;84
9093;-212;80
9094;-208;80
9095;-216;80
9096;-216;84
9097;-220;88
9098;-220;92
9099;-220;92
9100;-224;100
9101;-228;108
9102;-228;112
9103;-232;116
9104;-232;60
9105;-232;64
9106;-236;64
9107;-236;60
9108;-240;64
9109;-240;64
9110;-240;60
9111;-244;60
9112;-244;60
9113;-248;60
9114;-244;56
9115;-244;56
9116;-252;52
9117;-256;52
9118;-256;52
9119;-260;52
9120;-260;52
9121;-260;52
9122;-264;52
9123;-264;52
9124;-264;52
9125;-268;52
9126;-268;52
9127;-268;52
9128;-272;52
9129;-272;48
9130;-272;48
9131;-272;44
9132;-276;40
9133;-276;40
9134;-280;32
9135;-280;32
9136;-280;28
9137;-280;28
9138;-280;24
9139;-284;24
9140;-284;28
9141;-288;32
9142;-292;36
9143;-288;44
9144;-292;48
9145;-292;52
9146;-292;56
9147;-292;60
9148;-292;64
9149;-300;64
9150;-296;60
9151;-296;64
9152;-296;64
9153;-296;64
9154;-300;60
9155;-296;60
9156;-288;60
9157;-300;60
9158;-304;56
9159;-304;56
9160;-304;52
9161;-304;52
9162;-312;52
9163;-304;52
9164;-304;52
9165;-304;52
9166;-308;52
9167;-308;52
9168;-304;52
9169;-304;52
9170;-308;52
9171;-308;52
9172;-312;52
9173;-308;52
9174;-308;52
9175;-308;48
9176;-316;52
9177;-308;52
9178;-312;48
9179;-312;44
9180;-312;40
9181;-312;36
9182;-312;32
9183;-312;28
9184;-312;28
9185;-312;24
9186;-312;24
9187;-312;24
9188;-312;28
9189;-312;32
9190;-292;36
9191;-308;40
9192;-312;44
9193;-312;48
9194;-312;56
9195;-312;60
9196;-316;60
9197;-308;60
9198;-316;64
9199;-312;60
9200;-312;64
9201;-316;60
9202;-312;60
9203;-312;60
9204;-312;56
9205;-312;56
9206;-312;56
9207;-312;-16
9208;-308;-16
9209;-312;-16
9210;-312;-20
9211;-308;-24
9212;-308;-28
9213;-308;-32
9214;-308;-36
9215;-308;-36
9216;-308;-40
9217;-304;-44
9218;-304;-44
9219;-308;-44
9220;-304;-44
9221;-304;-40
9222;-300;-36
9223;-300;-28
9224;-300;-24
9225;-300;-20
9226;-300;-16
9227;-300;-12
9228;-300;-12
9229;-296;-8
9230;-300;-8
9231;-316;-8
9232;-296;-8
9233;-292;-8
9234;-288;-12
9235;-288;-12
9236;-288;-12
9237;-284;-16
9238;-288;-16
9239;-284;-20
9240;-284;-16
9241;-284;-16
9242;-280;-20
9243;-280;-16
9244;-276;-20
9245;-276;-20
9246;-272;-16
9247;-272;-20
9248;-272;-20
9249;-268;-20
9250;-268;-20
9251;-252;-20
9252;-264;-20
9253;-260;-24
9254;-260;-24
9255;-260;-28
9256;-260;-32
9257;-256;-32
9258;-252;-36
9259;-252;-40
9260;-252;-44
9261;-248;-44
9262;-248;-44
9263;-244;-44
9264;-244;-44
9265;-244;-40
9266;-236;-32
9267;-236;-24
9268;-232;-20
9269;-232;-16
9270;-228;-12
9271;-228;-8
9272;-232;-8
9273;-224;-8
9274;-220;-8
9275;-216;-12
9276;-216;-12
9277;-212;-12
9278;-212;-12
9279;-208;-16
9280;-208;-16
9281;-204;-16
9282;-200;-20
9283;-200;-20
9284;-200;-20
9285;-188;-20
9286;-192;-20
9287;-188;-20
9288;-188;-20
9289;-184;-20
9290;-184;-20
9291;-180;-24
9292;-180;-20
9293;-172;-20
9294;-172;-20
9295;-168;-20
9296;-164;-28
9297;-164;-28
9298;-160;-32
9299;-164;-36
9300;-152;-40
9301;-152;-44
9302;-148;-44
9303;-144;-48
9304;-148;-48
9305;-140;-48
9306;-140;-44
9307;-140;-40
9308;-136;-36
9309;-132;-28
9310;-132;-20
9311;-124;-56
9312;-120;-52
9313;-120;-52
9314;-120;-48
9315;-116;-48
9316;-112;-48
9317;-112;-48
9318;-108;-52
9319;-108;-52
9320;-104;-52
9321;-100;-56
9322;-96;-56
9323;-92;-56
9324;-92;-56
9325;-88;-60
9326;-92;-60
9327;-84;-60
9328;-80;-60
9329;-76;-60
9330;-76;-60
9331;-76;-60
9332;-72;-60
9333;-76;-60
9334;-68;-60
9335;-64;-60
9336;-64;-60
9337;-60;-60
9338;-56;-60
9339;-52;-60
9340;-48;-60
9341;-48;-60
9342;-48;-64
9343;-44;-64
9344;-44;-68
9345;-40;-72
9346;-40;-72
9347;-48;-80
9348;-36;-80
9349;-32;-84
9350;-28;-84
9351;-28;-84
9352;-24;-84
9353;-20;-80
9354;-20;-76
9355;-16;-76
9356;-16;-68
9357;-12;-68
9358;-8;-60
9359;-4;-56
9360;-4;-52
9361;0;-48
9362;0;-48
9363;4;-48
9364;8;-48
9365;8;-48
9366;12;-48
9367;16;-52
9368;16;-56
9369;20;-52
9370;24;-52
9371;24;-56
9372;28;-56
9373;32;-56
9374;36;-56
9375;32;-56
9376;40;-56
9377;40;-60
9378;44;-60
9379;44;-60
9380;44;-60
9381;52;-60
9382;52;-60
9383;52;-60
9384;56;-60
9385;60;-60
9386;64;-60
9387;56;-60
9388;60;-60
9389;68;-64
9390;68;-68
9391;72;-72
9392;76;-76
9393;76;-76
9394;80;-80
9395;80;-80
9396;84;-84
9397;80;-84
9398;84;-84
9399;88;-80
9400;92;-76
9401;84;-72
9402;92;-68
9403;100;-64
9404;100;-60
9405;100;-56
9406;104;-52
9407;108;-52
9408;108;-48
9409;108;-52
9410;112;-48
9411;112;-48
9412;112;-48
9413;120;-52
9414;120;-48
9415;116;-60
9416;120;-60
9417;124;-60
9418;128;-60
9419;128;-60
9420;128;-60
9421;132;-60
9422;116;-64
9423;136;-64
9424;140;-64
9425;140;-68
9426;140;-72
9427;144;-72
9428;156;-76
9429;144;-80
9430;148;-80
9431;148;-84
9432;152;-88
9433;152;-88
9434;156;-88
9435;160;-84
9436;160;-84
9437;160;-80
9438;160;-76
9439;164;-72
9440;164;-68
9441;168;-60
9442;180;-56
9443;168;-56
9444;172;-52
9445;172;-52
9446;176;-56
9447;180;-56
9448;176;-56
9449;176;-56
9450;180;-56
9451;184;-56
9452;180;-60
9453;184;-60
9454;188;-60
9455;184;-60
9456;176;-60
9457;188;-60
9458;196;-60
9459;192;-64
9460;196;-64
9461;200;-64
9462;200;-64
9463;220;-64
9464;200;-68
9465;200;-64
9466;204;-64
9467;208;-64
9468;208;-64
9469;200;-64
9470;212;-68
9471;212;-64
9472;212;-68
9473;216;-68
9474;216;-68
9475;216;-72
9476;216;-76
9477;220;-76
9478;220;-80
9479;224;-80
9480;224;-84
9481;224;-84
9482;228;-88
9483;228;-88
9484;228;-88
9485;228;-80
9486;228;-76
9487;232;-68
9488;232;-60
9489;236;-60
9490;244;-52
9491;236;-52
9492;240;-52
9493;236;-56
9494;240;-52
9495;240;-56
9496;244;-56
9497;260;-56
9498;244;-60
9499;244;-60
9500;248;-60
9501;248;-60
9502;248;-60
9503;244;-60
9504;256;-60
9505;252;-64
9506;252;-64
9507;252;-64
9508;256;-64
9509;256;-64
9510;256;-64
9511;256;-64
9512;256;-68
9513;256;-68
9514;260;-68
9515;260;-64
9516;260;-64
9517;252;-64
9518;264;-64
9519;264;-24
9520;264;-24
9521;268;-28
9522;268;-32
9523;268;-32
9524;272;-36
9525;268;-40
9526;272;-44
9527;272;-44
9528;272;-44
9529;272;-48
9530;276;-48
9531;280;-44
9532;272;-40
9533;276;-36
9534;276;-32
9535;276;-28
9536;276;-20
9537;276;-20
9538;260;-12
9539;280;-12
9540;280;-12
9541;280;-8
9542;280;-12
9543;280;-12
9544;288;-16
9545;284;-12
9546;284;-16
9547;280;-16
9548;284;-16
9549;284;-20
9550;284;-20
9551;288;-16
9552;284;-20
9553;284;-16
9554;284;-20
9555;284;-20
9556;284;-20
9557;284;-20
9558;296;-20
9559;284;-20
9560;284;-20
9561;288;-20
9562;284;-20
9563;288;-24
9564;284;-24
9565;288;-20
9566;288;-24
9567;288;-24
9568;288;-28
9569;288;-32
9570;288;-32
9571;284;-36
9572;276;-40
9573;288;-44
9574;288;-48
9575;288;-44
9576;288;-44
9577;288;-44
9578;288;-40
9579;304;-40
9580;288;-36
9581;288;-28
9582;288;-24
9583;288;-20
9584;284;-16
9585;284;-12
9586;288;-12
9587;284;-12
9588;288;-12
9589;284;-12
9590;284;-12
9591;284;-12
9592;288;-12
9593;284;-12
9594;284;-16
9595;284;-16
9596;284;-16
9597;284;-20
9598;284;-16
9599;284;-20
9600;280;-16
9601;280;-20
9602;280;-20
9603;280;-20
9604;280;-20
9605;280;-20
9606;276;-20
9607;276;-20
9608;276;-24
9609;276;-20
9610;276;-24
9611;272;-24
9612;276;-24
9613;296;-24
9614;272;-28
9615;272;-32
9616;268;-36
9617;272;-40
9618;268;-44
9619;264;-44
9620;268;-44
9621;268;-48
9622;264;-44
9623;264;16
9624;264;16
9625;260;24
9626;260;28
9627;260;32
9628;260;40
9629;260;40
9630;260;48
9631;256;48
9632;256;48
9633;252;48
9634;256;48
9635;252;48
9636;252;48
9637;252;44
9638;252;44
9639;248;40
9640;244;44
9641;248;44
9642;244;44
9643;244;44
9644;240;40
9645;240;36
9646;240;40
9647;240;40
9648;240;40
9649;236;36
9650;232;36
9651;236;40
9652;232;40
9653;232;36
9654;228;36
9655;228;36
9656;228;36
9657;224;36
9658;224;36
9659;220;32
9660;208;28
9661;220;24
9662;216;20
9663;216;16
9664;216;16
9665;212;12
9666;208;12
9667;208;12
9668;204;12
9669;208;16
9670;204;20
9671;204;24
9672;200;32
9673;200;36
9674;200;40
9675;196;44
9676;196;48
9677;192;48
9678;192;48
9679;192;48
9680;188;48
9681;196;48
9682;184;48
9683;184;48
9684;184;48
9685;180;44
9686;184;44
9687;176;44
9688;192;40
9689;176;40
9690;172;40
9691;172;40
9692;172;40
9693;168;40
9694;160;40
9695;168;40
9696;164;40
9697;160;40
9698;160;36
9699;156;36
9700;156;40
9701;152;36
9702;152;36
9703;148;36
9704;148;36
9705;148;36
9706;140;36
9707;140;36
9708;128;32
9709;140;28
9710;136;24
9711;136;20
9712;132;20
9713;132;16
9714;132;16
9715;132;12
9716;124;12
9717;124;16
9718;124;20
9719;120;24
9720;120;32
9721;120;36
9722;120;44
9723;116;44
9724;112;48
9725;112;52
9726;108;52
9727;108;52
9728;104;112
9729;88;112
9730;104;112
9731;100;108
9732;100;108
9733;96;104
9734;96;104
9735;100;104
9736;92;104
9737;88;104
9738;88;104
9739;88;100
9740;84;100
9741;84;100
9742;84;100
9743;80;100
9744;76;100
9745;76;100
9746;72;100
9747;72;96
9748;68;92
9749;76;88
9750;68;88
9751;64;80
9752;64;80
9753;60;76
9754;56;76
9755;56;76
9756;52;76
9757;52;76
9758;52;80
9759;48;84
9760;44;88
9761;48;92
9762;40;100
9763;28;100
9764;36;108
9765;36;108
9766;32;112
9767;32;112
9768;32;112
9769;28;112
9770;36;112
9771;24;112
9772;20;112
9773;16;108
9774;16;108
9775;12;104
9776;12;104
9777;12;104
9778;8;104
9779;4;100
9780;4;100
9781;0;104
9782;0;104
9783;0;104
9784;-4;100
9785;-8;104
9786;-12;100
9787;-8;100
9788;-12;100
9789;-12;100
9790;-20;96
9791;-20;92
9792;-20;92
9793;-20;84
9794;-24;80
9795;-24;80
9796;-28;76
9797;-36;76
9798;-32;72
9799;-36;72
9800;-40;76
9801;-40;80
9802;-40;88
9803;-40;92
9804;-44;100
9805;-52;108
9806;-52;108
9807;-52;112
9808;-56;112
9809;-56;108
9810;-52;112
9811;-60;108
9812;-64;108
9813;-68;108
9814;-68;108
9815;-72;108
9816;-72;104
9817;-76;104
9818;-76;104
9819;-80;104
9820;-84;100
9821;-84;100
9822;-88;100
9823;-88;100
9824;-88;100
9825;-96;100
9826;-96;100
9827;-96;96
9828;-100;100
9829;-100;100
9830;-104;100
9831;-112;100
9832;-112;92
9833;-112;88
9834;-116;88
9835;-116;84
9836;-116;80
9837;-120;76
9838;-120;72
9839;-124;72
9840;-124;72
9841;-128;64
9842;-128;68
9843;-132;64
9844;-132;72
9845;-128;72
9846;-140;76
9847;-140;84
9848;-140;88
9849;-144;96
9850;-148;100
9851;-156;100
9852;-152;104
9853;-152;104
9854;-156;108
9855;-156;104
9856;-160;104
9857;-164;104
9858;-164;100
9859;-164;100
9860;-168;100
9861;-172;100
9862;-172;100
9863;-172;96
9864;-180;96
9865;-168;96
9866;-180;96
9867;-180;92
9868;-184;92
9869;-184;92
9870;-188;92
9871;-188;92
9872;-184;92
9873;-196;92
9874;-196;92
9875;-200;92
9876;-204;92
9877;-200;92
9878;-208;92
9879;-200;88
9880;-208;88
9881;-212;88
9882;-212;80
9883;-212;76
9884;-216;76
9885;-224;72
9886;-220;68
9887;-220;68
9888;-220;64
9889;-224;68
9890;-228;68
9891;-228;72
9892;-232;80
9893;-232;84
9894;-232;92
9895;-236;92
9896;-236;100
9897;-240;104
9898;-240;104
9899;-252;104
9900;-244;104
9901;-244;104
9902;-248;104
9903;-252;104
9904;-248;100
9905;-252;100
9906;-252;96
9907;-256;96
9908;-256;92
9909;-260;96
9910;-260;92
9911;-264;96
9912;-260;92
9913;-260;92
9914;-264;92
9915;-264;88
9916;-268;92
9917;-272;92
9918;-272;92
9919;-276;92
9920;-276;88
9921;-276;88
9922;-276;88
9923;-280;84
9924;-280;80
9925;-284;76
9926;-288;72
9927;-284;68
9928;-284;68
9929;-288;64
9930;-288;64
9931;-288;64
9932;-292;68
9933;-292;72
9934;-292;76
9935;-292;80
9936;-296;12
9937;-296;16
9938;-296;24
9939;-296;24
9940;-292;28
9941;-296;28
9942;-300;28
9943;-300;28
9944;-304;28
9945;-304;28
9946;-300;24
9947;-296;24
9948;-304;24
9949;-304;20
9950;-308;20
9951;-308;20
9952;-304;20
9953;-308;20
9954;-304;20
9955;-308;16
9956;-308;16
9957;-308;16
9958;-308;16
9959;-312;16
9960;-316;16
9961;-316;16
9962;-308;16
9963;-312;16
9964;-312;20
9965;-308;16
9966;-312;16
9967;-308;12
9968;-312;12
9969;-312;8
9970;-312;4
9971;-312;0
9972;-312;-4
9973;-312;-8
9974;-324;-8
9975;-312;-8
9976;-312;-8
9977;-312;-12
9978;-312;-8
9979;-312;-4
9980;-312;4
9981;-312;12
9982;-312;16
9983;-312;24
9984;-308;24
9985;-312;24
9986;-312;24
9987;-312;28
9988;-312;24
9989;-312;24
9990;-312;24
9991;-308;24
9992;-308;24
9993;-312;20
9994;-308;20
9995;-332;20
9996;-312;20
9997;-312;20
9998;-308;16
9999;-308;16
10000;-308;16
