Column1;Column2;Column3
Channel              :;CH1;CH2
Frequency            :;48,58Hz;48,52Hz
Period               :;20,58ms;20,61ms
PK-PK                :;302,0mV;146,0mV
Probe attenuation    :;1X;1X
Voltage per ADC value:;0,125000mV;0,125000mV
Time interval        :;100,00000uS;100,00000uS
;;
index;CH1_Voltage(mV);CH2_Voltage(mV)
1;-52;-30
2;-52;-30
3;-48;-34
4;-44;-48
5;-48;-56
6;-34;-36
7;-28;-22
8;-24;-24
9;-20;-28
10;-14;-30
11;-10;-40
12;-4;-56
13;-8;-60
14;4;-34
15;8;-26
16;12;-32
17;20;-36
18;24;-38
19;28;-40
20;14;-46
21;34;-60
22;38;-56
23;42;-34
24;58;-28
25;50;-32
26;54;-36
27;56;-38
28;64;-40
29;64;-42
30;68;-58
31;72;-58
32;74;-32
33;78;-20
34;80;-26
35;106;-28
36;86;-32
37;90;-32
38;94;-34
39;92;-42
40;96;-54
41;98;-46
42;104;-26
43;102;-22
44;106;-26
45;110;-30
46;112;-32
47;114;-32
48;114;-34
49;114;-48
50;102;-54
51;116;-34
52;118;-18
53;120;0
54;124;-6
55;122;-8
56;120;-8
57;122;-26
58;124;-32
59;124;-14
60;124;4
61;124;2
62;124;-2
63;126;-6
64;128;-8
65;124;-10
66;128;-22
67;126;-32
68;126;-20
69;128;2
70;126;4
71;124;-2
72;124;-6
73;124;38
74;120;20
75;120;6
76;118;20
77;118;42
78;114;40
79;114;34
80;120;32
81;110;30
82;108;22
83;104;6
84;106;12
85;102;36
86;100;40
87;98;36
88;96;32
89;92;30
90;90;30
91;90;30
92;84;18
93;80;4
94;78;50
95;76;70
96;72;70
97;70;66
98;68;62
99;66;60
100;62;58
101;58;44
102;56;34
103;54;50
104;52;70
105;50;70
106;58;66
107;44;62
108;40;60
109;38;58
110;34;58
111;36;42
112;34;34
113;30;54
114;22;72
115;26;76
116;24;70
117;22;66
118;20;64
119;16;60
120;14;42
121;-12;44
122;8;68
123;6;76
124;4;70
125;6;68
126;-2;64
127;-6;64
128;-10;64
129;-12;56
130;-16;40
131;-20;44
132;-24;68
133;-28;76
134;-30;70
135;-36;68
136;-30;38
137;-42;22
138;-44;16
139;-48;42
140;-46;50
141;-58;46
142;-60;42
143;-62;38
144;-66;38
145;-70;38
146;-74;24
147;-76;12
148;-80;26
149;-82;48
150;-88;48
151;-88;44
152;-94;40
153;-96;38
154;-100;38
155;-102;36
156;-104;38
157;-106;-8
158;-110;-20
159;-114;-16
160;-114;10
161;-118;14
162;-122;10
163;-122;6
164;-124;4
165;-126;2
166;-128;-6
167;-130;-20
168;-130;-10
169;-132;14
170;-134;14
171;-134;8
172;-134;4
173;-136;2
174;-136;2
175;-138;-2
176;-138;-20
177;-138;-14
178;-138;-24
179;-138;-24
180;-136;-26
181;-136;-28
182;-134;-22
183;-132;-14
184;-132;-16
185;-136;-22
186;-128;-22
187;-126;-22
188;-124;-22
189;-120;-22
190;-116;-24
191;-116;-30
192;-116;-44
193;-110;-40
194;-106;-14
195;-104;-12
196;-96;-18
197;-98;-22
198;-94;-22
199;-90;-46
200;-80;-58
201;-84;-48
202;-78;-28
203;-76;-26
204;-70;-30
205;-66;-34
206;-62;-34
207;-40;-36
208;-54;-38
209;-48;-54
210;-44;-56
211;-30;-36
212;-34;-24
213;-30;-28
214;-24;-32
215;-26;-34
216;-16;-36
217;-10;-36
218;-6;-38
219;0;-38
220;4;-58
221;8;-64
222;-6;-46
223;16;-30
224;22;-32
225;26;-38
226;38;-40
227;36;-42
228;40;-48
229;42;-64
230;48;-60
231;48;-36
232;56;-30
233;58;-34
234;62;-38
235;66;-40
236;68;-42
237;72;-44
238;74;-58
239;78;-64
240;82;-32
241;76;-20
242;88;-24
243;88;-28
244;90;-28
245;96;-30
246;98;-34
247;100;-48
248;102;-54
249;104;-34
250;106;-20
251;108;-22
252;110;-28
253;110;-28
254;114;-30
255;116;-30
256;118;-46
257;116;-54
258;118;-36
259;120;-20
260;122;-20
261;120;0
262;124;-4
263;122;-14
264;122;-28
265;124;-18
266;126;6
267;120;6
268;128;2
269;126;-4
270;126;-4
271;128;-12
272;128;-26
273;126;-20
274;126;6
275;128;8
276;124;2
277;124;-2
278;124;-4
279;122;-4
280;122;-8
281;122;-24
282;120;10
283;118;32
284;114;46
285;112;44
286;104;38
287;110;36
288;108;34
289;106;30
290;106;14
291;102;12
292;100;34
293;100;46
294;92;44
295;90;38
296;88;36
297;90;34
298;84;28
299;80;12
300;76;14
301;80;42
302;72;48
303;70;70
304;68;66
305;64;50
306;62;40
307;60;56
308;76;76
309;54;74
310;52;70
311;50;68
312;54;66
313;46;62
314;40;46
315;42;40
316;30;62
317;38;76
318;34;74
319;32;68
320;30;66
321;26;64
322;24;64
323;-2;64
324;18;48
325;16;38
326;14;52
327;18;72
328;8;74
329;8;70
330;2;66
331;2;64
332;-4;64
333;-6;52
334;-10;38
335;-12;46
336;-16;70
337;-20;74
338;-24;68
339;-28;66
340;-30;64
341;-34;64
342;-48;62
343;-40;60
344;-46;32
345;-50;16
346;-50;12
347;-56;30
348;-60;46
349;-62;44
350;-66;38
351;-70;36
352;-74;34
353;-82;24
354;-82;8
355;-84;28
356;-86;48
357;-88;44
358;-94;38
359;-96;34
360;-100;36
361;-106;30
362;-106;14
363;-108;12
364;-110;40
365;-114;12
366;-116;6
367;-118;-2
368;-124;-16
369;-122;-24
370;-124;-6
371;-126;12
372;-132;10
373;-132;4
374;-132;0
375;-134;-2
376;-132;-6
377;-136;-22
378;-136;-22
379;-136;8
380;-136;10
381;-138;6
382;-138;2
383;-134;0
384;-136;-2
385;-136;-2
386;-136;-32
387;-140;-46
388;-134;-44
389;-130;-22
390;-130;-12
391;-128;-18
392;-126;-22
393;-124;-24
394;-120;-26
395;-120;-42
396;-118;-48
397;-114;-30
398;-112;-14
399;-110;-16
400;-106;-20
401;-102;-22
402;-102;-24
403;-96;-26
404;-94;-26
405;-90;-38
406;-86;-48
407;-82;-46
408;-80;-28
409;-68;-28
410;-72;-34
411;-68;-36
412;-60;-38
413;-62;-38
414;-52;-50
415;-48;-60
416;-42;-44
417;-44;-26
418;-34;-28
419;-30;-34
420;-26;-38
421;-18;-38
422;-14;-38
423;-8;-40
424;-26;-52
425;0;-60
426;6;-40
427;10;-24
428;24;-32
429;22;-38
430;24;-40
431;28;-40
432;34;-54
433;36;-64
434;40;-48
435;42;-30
436;48;-30
437;52;-36
438;54;-38
439;64;-38
440;64;-40
441;66;-50
442;68;-62
443;58;-50
444;74;-26
445;78;-30
446;82;-36
447;84;-40
448;86;-38
449;90;-40
450;92;-52
451;96;-42
452;96;-20
453;100;-18
454;90;-22
455;104;-26
456;104;-26
457;108;-28
458;114;-32
459;112;-46
460;114;-50
461;116;-24
462;114;-16
463;120;-22
464;120;-26
465;122;-26
466;124;-28
467;124;-28
468;124;-36
469;120;-24
470;126;-18
471;124;6
472;126;14
473;126;8
474;126;4
475;128;0
476;128;0
477;130;-4
478;126;-20
479;126;-20
480;126;0
481;126;12
482;124;8
483;124;6
484;126;2
485;122;0
486;120;0
487;120;-6
488;112;-22
489;116;-20
490;116;44
491;114;50
492;112;46
493;110;42
494;108;40
495;106;38
496;102;36
497;100;18
498;98;18
499;98;40
500;94;52
501;90;48
502;88;42
503;92;40
504;82;40
505;82;38
506;78;34
507;74;16
508;72;20
509;68;46
510;74;52
511;62;72
512;62;68
513;60;56
514;48;42
515;56;50
516;52;74
517;50;78
518;38;72
519;46;68
520;42;66
521;40;64
522;38;58
523;34;42
524;32;46
525;16;70
526;28;78
527;26;72
528;24;68
529;26;66
530;18;64
531;16;66
532;14;52
533;12;38
534;8;40
535;4;64
536;0;74
537;0;68
538;-4;64
539;-6;62
540;-14;62
541;-14;56
542;-18;38
543;-20;38
544;-28;68
545;-28;72
546;-32;66
547;-34;62
548;-38;60
549;-42;46
550;-44;34
551;-50;46
552;-54;70
553;-56;44
554;-60;38
555;-66;34
556;-68;32
557;-70;28
558;-74;10
559;-74;10
560;-82;40
561;-84;42
562;-88;38
563;-94;34
564;-96;32
565;-98;28
566;-100;12
567;-104;6
568;-108;28
569;-110;42
570;-116;40
571;-114;36
572;-116;32
573;-118;32
574;-122;-18
575;-124;-28
576;-126;-16
577;-126;6
578;-128;6
579;-132;2
580;-132;-2
581;-134;-4
582;-136;-6
583;-136;-18
584;-136;-28
585;-138;-14
586;-136;8
587;-136;4
588;-136;0
589;-138;-4
590;-136;-4
591;-136;-6
592;-136;-18
593;-134;-30
594;-134;-36
595;-132;-16
596;-128;-16
597;-128;-24
598;-126;-26
599;-124;-26
600;-120;-30
601;-120;-46
602;-118;-48
603;-112;-20
604;-114;-16
605;-108;-20
606;-104;-24
607;-104;-26
608;-100;-28
609;-96;-44
610;-92;-48
611;-74;-28
612;-86;-14
613;-84;-18
614;-78;-22
615;-82;-36
616;-70;-50
617;-68;-62
618;-62;-40
619;-62;-26
620;-54;-30
621;-48;-34
622;-44;-36
623;-38;-38
624;-34;-44
625;-28;-60
626;-42;-56
627;-18;-32
628;-12;-26
629;-10;-30
630;10;-34
631;2;-36
632;6;-38
633;10;-50
634;16;-62
635;20;-42
636;24;-28
637;28;-32
638;34;-38
639;34;-40
640;40;-42
641;66;-58
642;48;-62
643;52;-42
644;56;-28
645;46;-32
646;64;-36
647;66;-38
648;70;-40
649;70;-42
650;76;-54
651;78;-64
652;82;-46
653;84;-28
654;86;-30
655;90;-38
656;78;-36
657;94;-28
658;98;-44
659;100;-44
660;102;-22
661;104;-12
662;108;-16
663;110;-20
664;112;-24
665;114;-24
666;116;-28
667;118;-44
668;118;-44
669;120;-16
670;122;-12
671;120;-18
672;124;-22
673;124;-24
674;124;-24
675;124;-34
676;126;-48
677;124;-32
678;126;18
679;128;16
680;126;10
681;126;8
682;128;6
683;126;6
684;126;-10
685;126;-20
686;130;-2
687;126;16
688;124;16
689;122;12
690;124;8
691;122;6
692;120;6
693;120;0
694;118;-16
695;114;-14
696;112;16
697;112;18
698;108;14
699;108;44
700;106;24
701;104;22
702;102;50
703;100;56
704;98;50
705;94;46
706;92;44
707;92;42
708;88;24
709;84;18
710;82;42
711;80;56
712;88;54
713;74;48
714;72;46
715;70;44
716;58;42
717;64;42
718;64;26
719;62;42
720;48;60
721;54;80
722;52;76
723;48;72
724;48;68
725;44;66
726;40;66
727;32;62
728;36;46
729;36;44
730;32;66
731;32;78
732;30;76
733;28;70
734;22;68
735;18;66
736;16;66
737;16;52
738;12;40
739;10;64
740;8;72
741;6;68
742;4;64
743;-2;60
744;-4;58
745;-8;40
746;-16;36
747;-14;58
748;-16;72
749;-20;68
750;-22;62
751;-28;60
752;-32;60
753;-34;56
754;-38;58
755;-42;48
756;-48;34
757;-52;44
758;-52;70
759;-56;68
760;-60;64
761;-66;28
762;-66;12
763;-72;0
764;-76;22
765;-82;38
766;-82;34
767;-88;28
768;-90;26
769;-92;26
770;-96;24
771;-100;16
772;-106;2
773;-106;8
774;-108;32
775;-110;38
776;-114;34
777;-114;28
778;-118;26
779;-120;26
780;-120;16
781;-124;2
782;-126;-28
783;-128;-4
784;-130;2
785;-130;-2
786;-130;-8
787;-136;-10
788;-132;-10
789;-134;-10
790;-134;-24
791;-140;-36
792;-136;-20
793;-136;0
794;-136;0
795;-134;-6
796;-136;-8
797;-136;-10
798;-134;-10
799;-132;-16
800;-134;-32
801;-132;-30
802;-126;-4
803;-128;-16
804;-126;-22
805;-124;-26
806;-116;-28
807;-120;-28
808;-118;-28
809;-114;-40
810;-110;-52
811;-108;-36
812;-106;-16
813;-96;-20
814;-100;-24
815;-96;-28
816;-94;-28
817;-98;-28
818;-88;-38
819;-82;-50
820;-78;-42
821;-82;-22
822;-72;-18
823;-66;-20
824;-60;-36
825;-56;-40
826;-52;-56
827;-48;-62
828;-46;-38
829;-38;-28
830;-32;-32
831;-26;-36
832;-34;-38
833;-16;-38
834;-12;-46
835;-8;-60
836;-6;-54
837;2;-30
838;6;-28
839;12;-34
840;16;-36
841;20;-38
842;26;-42
843;26;-58
844;34;-58
845;36;-38
846;42;-28
847;46;-32
848;50;-38
849;52;-38
850;56;-40
851;64;-50
852;64;-62
853;66;-52
854;68;-32
855;72;-28
856;74;-34
857;78;-36
858;86;-38
859;84;-38
860;88;-44
861;92;-60
862;96;-54
863;98;-30
864;100;-30
865;102;-14
866;102;-24
867;108;-42
868;110;-40
869;110;-16
870;112;-10
871;114;-14
872;114;-18
873;118;-20
874;120;-22
875;120;-30
876;120;-44
877;122;-36
878;122;-14
879;124;-10
880;124;-16
881;126;-20
882;124;-20
883;124;-22
884;124;-30
885;124;-44
886;126;-6
887;128;18
888;122;22
889;128;16
890;126;10
891;126;12
892;116;10
893;124;-2
894;124;-16
895;122;-2
896;124;20
897;120;22
898;120;16
899;112;14
900;116;12
901;116;10
902;112;8
903;110;-8
904;110;-14
905;108;10
906;106;24
907;102;56
908;100;50
909;100;48
910;98;46
911;96;32
912;92;22
913;90;42
914;82;60
915;86;56
916;84;52
917;80;48
918;90;46
919;76;36
920;72;22
921;70;32
922;66;54
923;64;60
924;62;52
925;60;50
926;56;46
927;54;48
928;50;58
929;72;44
930;46;50
931;44;74
932;42;80
933;32;74
934;36;70
935;34;68
936;34;66
937;26;54
938;30;42
939;24;62
940;24;78
941;20;76
942;18;70
943;14;68
944;0;66
945;10;66
946;8;64
947;4;46
948;6;42
949;-2;52
950;-2;66
951;-8;66
952;-10;60
953;-14;56
954;-18;56
955;-22;50
956;-26;34
957;-28;32
958;-32;62
959;-40;68
960;-38;62
961;-44;58
962;-48;54
963;-50;50
964;-54;34
965;-58;32
966;-62;58
967;-66;68
968;-70;62
969;-74;26
970;-76;14
971;-80;-2
972;-82;4
973;-86;28
974;-86;32
975;-96;28
976;-96;24
977;-100;22
978;-102;20
979;-106;16
980;-110;-2
981;-112;-4
982;-112;20
983;-116;32
984;-118;28
985;-116;24
986;-122;20
987;-124;20
988;-126;18
989;-130;0
990;-128;-36
991;-130;-16
992;-132;-2
993;-138;-4
994;-132;-10
995;-134;-12
996;-136;-12
997;-134;-20
998;-134;-36
999;-136;-28
1000;-146;-4
1001;-136;-2
1002;-136;-8
1003;-136;-12
1004;-136;-12
1005;-132;-16
1006;-134;-28
1007;-132;-38
1008;-134;-22
1009;-126;-4
1010;-126;-2
1011;-124;-26
1012;-122;-28
1013;-120;-40
1014;-118;-52
1015;-120;-42
1016;-110;-20
1017;-110;-22
1018;-106;-26
1019;-92;-30
1020;-98;-30
1021;-96;-38
1022;-94;-54
1023;-88;-48
1024;-86;-26
1025;-82;-20
1026;-80;-24
1027;-74;-28
1028;-70;-30
1029;-64;-30
1030;-36;-32
1031;-56;-30
1032;-52;-50
1033;-46;-64
1034;-54;-60
1035;-36;-38
1036;-32;-30
1037;-26;-34
1038;-24;-40
1039;-16;-40
1040;-12;-42
1041;-8;-44
1042;-2;-58
1043;2;-64
1044;6;-44
1045;-2;-30
1046;14;-32
1047;20;-36
1048;24;-40
1049;34;-40
1050;34;-42
1051;38;-56
1052;40;-64
1053;48;-42
1054;48;-26
1055;52;-32
1056;56;-36
1057;60;-38
1058;62;-38
1059;66;-48
1060;68;-62
1061;74;-48
1062;76;-26
1063;78;-30
1064;84;-36
1065;86;-36
1066;88;-38
1067;94;-40
1068;96;-52
1069;98;-62
1070;100;-46
1071;102;-28
1072;104;-28
1073;106;-30
1074;110;-20
1075;118;-36
1076;112;-40
1077;116;-14
1078;116;-8
1079;118;-12
1080;118;-16
1081;120;-20
1082;122;-20
1083;124;-22
1084;124;-38
1085;124;-42
1086;124;-22
1087;124;-6
1088;126;-8
1089;124;-16
1090;118;-16
1091;124;-20
1092;124;-20
1093;126;-22
1094;118;-4
1095;126;-8
1096;126;12
1097;124;26
1098;124;24
1099;122;20
1100;122;16
1101;112;16
1102;120;14
1103;122;-2
1104;118;-8
1105;112;20
1106;118;26
1107;114;22
1108;112;18
1109;112;16
1110;110;16
1111;108;4
1112;106;-10
1113;106;0
1114;102;24
1115;102;64
1116;90;58
1117;94;50
1118;92;32
1119;90;28
1120;100;50
1121;86;64
1122;84;58
1123;78;56
1124;80;54
1125;74;50
1126;72;50
1127;70;50
1128;68;40
1129;66;26
1130;64;34
1131;70;58
1132;56;62
1133;54;58
1134;52;52
1135;42;52
1136;46;64
1137;44;48
1138;40;42
1139;40;66
1140;36;80
1141;34;76
1142;34;70
1143;32;68
1144;30;66
1145;28;66
1146;22;50
1147;20;40
1148;18;60
1149;16;78
1150;12;76
1151;10;72
1152;6;68
1153;4;68
1154;0;66
1155;-2;62
1156;-6;44
1157;-6;28
1158;-10;52
1159;-14;64
1160;-18;62
1161;-26;56
1162;-26;54
1163;-30;52
1164;-34;48
1165;-38;30
1166;-40;28
1167;-44;52
1168;-46;64
1169;-50;58
1170;-56;54
1171;-60;52
1172;-64;52
1173;-68;52
1174;-70;44
1175;-74;30
1176;-76;28
1177;-82;54
1178;-84;28
1179;-88;24
1180;-100;18
1181;-96;16
1182;-98;16
1183;-100;6
1184;-102;-6
1185;-106;-4
1186;-110;20
1187;-108;26
1188;-114;22
1189;-114;18
1190;-116;16
1191;-122;16
1192;-120;6
1193;-124;-10
1194;-124;-4
1195;-132;20
1196;-130;26
1197;-130;20
1198;-130;20
1199;-132;-22
1200;-134;-38
1201;-134;-26
1202;-144;-4
1203;-136;-6
1204;-136;-10
1205;-136;-14
1206;-144;-14
1207;-134;-16
1208;-136;-30
1209;-134;-40
1210;-138;-22
1211;-132;-4
1212;-132;-6
1213;-132;-10
1214;-128;-14
1215;-130;-16
1216;-126;-18
1217;-146;-32
1218;-124;-40
1219;-118;-26
1220;-118;-20
1221;-104;-24
1222;-110;-28
1223;-110;-30
1224;-106;-30
1225;-100;-36
1226;-100;-50
1227;-96;-52
1228;-92;-30
1229;-90;-20
1230;-86;-22
1231;-82;-28
1232;-78;-30
1233;-74;-30
1234;-68;-44
1235;-64;-54
1236;-72;-38
1237;-54;-20
1238;-52;-22
1239;-46;-26
1240;-40;-38
1241;-36;-52
1242;-30;-62
1243;-26;-46
1244;-22;-28
1245;-16;-32
1246;-12;-36
1247;-4;-38
1248;-2;-40
1249;2;-42
1250;8;-56
1251;12;-64
1252;16;-46
1253;20;-30
1254;26;-30
1255;28;-36
1256;34;-40
1257;38;-40
1258;42;-40
1259;44;-42
1260;50;-50
1261;54;-58
1262;52;-48
1263;60;-26
1264;64;-26
1265;68;-32
1266;72;-36
1267;74;-36
1268;78;-40
1269;80;-54
1270;88;-60
1271;88;-40
1272;90;-24
1273;92;-28
1274;96;-32
1275;100;-36
1276;102;-36
1277;106;-38
1278;106;-54
1279;108;-60
1280;110;-40
1281;102;-22
1282;112;-4
1283;114;-10
1284;116;-18
1285;118;-34
1286;118;-32
1287;120;-4
1288;124;-2
1289;122;-10
1290;122;-10
1291;124;-14
1292;126;-22
1293;124;-36
1294;124;-28
1295;124;-8
1296;130;-2
1297;124;-6
1298;126;-12
1299;126;-12
1300;126;-14
1301;126;-14
1302;126;-14
1303;142;8
1304;124;-6
1305;124;4
1306;124;28
1307;122;32
1308;120;26
1309;120;22
1310;120;20
1311;110;20
1312;118;8
1313;116;-4
1314;112;8
1315;114;32
1316;112;30
1317;108;24
1318;88;22
1319;104;20
1320;102;20
1321;100;6
1322;100;-6
1323;96;16
1324;92;66
1325;90;62
1326;88;56
1327;84;54
1328;84;50
1329;80;34
1330;76;30
1331;74;52
1332;72;66
1333;64;62
1334;66;58
1335;64;54
1336;60;54
1337;52;52
1338;56;50
1339;52;34
1340;50;28
1341;52;54
1342;48;64
1343;44;60
1344;40;72
1345;38;64
1346;36;48
1347;34;46
1348;38;76
1349;28;80
1350;28;76
1351;24;70
1352;20;68
1353;20;66
1354;18;54
1355;16;42
1356;12;54
1357;10;76
1358;8;80
1359;4;74
1360;0;68
1361;-4;68
1362;-6;66
1363;-8;56
1364;-10;42
1365;-16;34
1366;-20;48
1367;-24;46
1368;-30;44
1369;-32;44
1370;-34;52
1371;-36;56
1372;-42;52
1373;-44;48
1374;-50;46
1375;-54;48
1376;-56;46
1377;-60;46
1378;-68;38
1379;-68;22
1380;-70;32
1381;-74;56
1382;-84;58
1383;-80;50
1384;-84;48
1385;-88;48
1386;-90;6
1387;-94;-10
1388;-96;-12
1389;-98;10
1390;-104;22
1391;-104;20
1392;-108;14
1393;-106;10
1394;-112;10
1395;-114;10
1396;-118;8
1397;-114;-6
1398;-122;-16
1399;-124;2
1400;-124;20
1401;-130;20
1402;-130;14
1403;-130;12
1404;-120;10
1405;-134;8
1406;-134;10
1407;-134;-26
1408;-144;-40
1409;-136;-38
1410;-136;-14
1411;-136;-6
1412;-144;-12
1413;-138;-16
1414;-136;-18
1415;-136;-18
1416;-134;-26
1417;-134;-42
1418;-134;-32
1419;-154;-6
1420;-132;-10
1421;-130;-14
1422;-126;-18
1423;-122;-18
1424;-122;-20
1425;-122;-36
1426;-118;-44
1427;-118;-24
1428;-112;-22
1429;-108;-24
1430;-106;-28
1431;-102;-32
1432;-100;-34
1433;-96;-34
1434;-92;-40
1435;-90;-54
1436;-84;-48
1437;-80;-24
1438;-88;-22
1439;-74;-28
1440;-68;-32
1441;-62;-32
1442;-60;-34
1443;-56;-36
1444;-50;-52
1445;-46;-56
1446;-40;-36
1447;-36;-22
1448;-32;-24
1449;-28;-38
1450;-20;-40
1451;-16;-58
1452;-10;-64
1453;-6;-46
1454;-2;-30
1455;2;-34
1456;8;-38
1457;10;-40
1458;16;-40
1459;20;-42
1460;26;-44
1461;30;-58
1462;36;-64
1463;38;-38
1464;38;-28
1465;46;-34
1466;50;-38
1467;54;-40
1468;58;-42
1469;60;-42
1470;66;-50
1471;70;-56
1472;74;-44
1473;76;-24
1474;80;-24
1475;82;-30
1476;84;-34
1477;86;-32
1478;92;-34
1479;94;-44
1480;98;-56
1481;98;-46
1482;100;-26
1483;100;-24
1484;104;-28
1485;108;-32
1486;108;-32
1487;110;-34
1488;112;-44
1489;116;-58
1490;116;-22
1491;118;-4
1492;118;0
1493;120;-6
1494;124;-8
1495;122;-10
1496;122;-12
1497;124;-24
1498;126;-34
1499;122;-16
1500;122;0
1501;124;-2
1502;124;-6
1503;124;-10
1504;126;-10
1505;130;-18
1506;124;-32
1507;126;-30
1508;126;-6
1509;116;2
1510;126;-2
1511;124;28
1512;126;12
1513;116;0
1514;120;18
1515;122;36
1516;120;36
1517;118;30
1518;116;26
1519;116;24
1520;102;24
1521;112;14
1522;110;0
1523;108;10
1524;104;34
1525;104;36
1526;102;32
1527;102;26
1528;96;26
1529;94;16
1530;94;0
1531;90;10
1532;88;68
1533;86;72
1534;84;64
1535;74;60
1536;78;60
1537;74;58
1538;70;56
1539;70;40
1540;66;36
1541;64;62
1542;62;72
1543;62;66
1544;56;62
1545;54;58
1546;52;58
1547;48;52
1548;46;36
1549;44;38
1550;46;62
1551;40;70
1552;38;68
1553;34;72
1554;34;70
1555;30;56
1556;28;44
1557;26;62
1558;22;82
1559;20;76
1560;16;72
1561;14;70
1562;12;68
1563;8;64
1564;6;48
1565;4;44
1566;-2;74
1567;-4;80
1568;-8;76
1569;-10;70
1570;-14;68
1571;-18;68
1572;-20;58
1573;-24;44
1574;-30;22
1575;-32;46
1576;-36;58
1577;-40;52
1578;-42;46
1579;-46;44
1580;-54;44
1581;-54;36
1582;-56;20
1583;-60;26
1584;-74;54
1585;-68;54
1586;-72;48
1587;-74;46
1588;-76;44
1589;-80;42
1590;-86;30
1591;-92;18
1592;-92;38
1593;-94;56
1594;-98;16
1595;-98;8
1596;-102;2
1597;-106;-16
1598;-108;-16
1599;-102;8
1600;-112;18
1601;-114;12
1602;-116;8
1603;-118;6
1604;-122;4
1605;-124;0
1606;-124;-16
1607;-130;-18
1608;-130;4
1609;-132;16
1610;-138;14
1611;-134;10
1612;-134;6
1613;-136;6
1614;-144;4
1615;-136;-26
1616;-136;-42
1617;-136;-46
1618;-136;-26
1619;-136;-12
1620;-136;-16
1621;-144;-20
1622;-136;-22
1623;-134;-22
1624;-134;-30
1625;-134;-44
1626;-130;-38
1627;-128;-14
1628;-126;-12
1629;-128;-18
1630;-122;-22
1631;-118;-22
1632;-116;-22
1633;-114;-30
1634;-110;-46
1635;-108;-40
1636;-108;-32
1637;-102;-26
1638;-96;-30
1639;-96;-34
1640;-88;-36
1641;-88;-36
1642;-84;-44
1643;-80;-58
1644;-72;-54
1645;-72;-32
1646;-68;-24
1647;-64;-30
1648;-60;-32
1649;-56;-36
1650;-50;-36
1651;-40;-36
1652;-42;-44
1653;-36;-60
1654;-32;-50
1655;-24;-30
1656;-22;-24
1657;-18;-34
1658;-10;-38
1659;-8;-46
1660;-2;-62
1661;4;-58
1662;10;-38
1663;14;-30
1664;18;-36
1665;22;-38
1666;28;-42
1667;34;-42
1668;36;-44
1669;40;-58
1670;42;-64
1671;48;-38
1672;52;-30
1673;56;-34
1674;62;-38
1675;62;-40
1676;66;-42
1677;70;-42
1678;72;-40
1679;76;-52
1680;80;-46
1681;76;-24
1682;86;-18
1683;88;-22
1684;92;-28
1685;86;-30
1686;96;-30
1687;98;-32
1688;100;-48
1689;104;-52
1690;104;-30
1691;106;-18
1692;100;-22
1693;110;-26
1694;112;-28
1695;114;-30
1696;116;-30
1697;118;-38
1698;118;-50
1699;120;-26
1700;118;-2
1701;120;6
1702;122;0
1703;124;-2
1704;124;-6
1705;124;-8
1706;124;-8
1707;106;-10
1708;126;-26
1709;126;-30
1710;124;-8
1711;138;4
1712;126;4
1713;126;-2
1714;128;-6
1715;128;-6
1716;126;-8
1717;124;-22
1718;122;-32
1719;122;30
1720;122;40
1721;122;36
1722;138;30
1723;118;28
1724;118;22
1725;116;6
1726;116;8
1727;114;32
1728;110;40
1729;108;34
1730;108;32
1731;104;28
1732;102;28
1733;100;28
1734;98;24
1735;94;10
1736;90;2
1737;84;26
1738;88;40
1739;84;38
1740;82;64
1741;80;62
1742;76;56
1743;74;38
1744;72;40
1745;68;62
1746;66;74
1747;64;68
1748;62;64
1749;58;62
1750;56;60
1751;54;52
1752;44;38
1753;48;40
1754;46;68
1755;44;70
1756;42;66
1757;38;62
1758;36;60
1759;34;58
1760;34;44
1761;30;42
1762;24;58
1763;22;76
1764;20;78
1765;18;72
1766;16;70
1767;16;68
1768;10;68
1769;8;60
1770;4;44
1771;0;46
1772;-2;72
1773;-4;80
1774;-8;74
1775;-10;70
1776;-14;68
1777;-18;66
1778;-18;64
1779;-26;46
1780;-28;42
1781;-34;72
1782;-36;54
1783;-38;48
1784;-42;42
1785;-46;24
1786;-50;16
1787;-54;38
1788;-58;54
1789;-60;50
1790;-64;44
1791;-66;42
1792;-70;40
1793;-74;34
1794;-78;18
1795;-80;22
1796;-84;50
1797;-90;52
1798;-90;46
1799;-96;42
1800;-98;42
1801;-106;28
1802;-104;16
1803;-106;-8
1804;-108;14
1805;-108;14
1806;-114;8
1807;-116;4
1808;-136;2
1809;-122;-6
1810;-124;-22
1811;-126;-14
1812;-114;8
1813;-128;14
1814;-130;8
1815;-132;6
1816;-132;4
1817;-136;2
1818;-136;-4
1819;-136;-20
1820;-138;-16
1821;-136;12
1822;-138;12
1823;-116;10
1824;-136;-26
1825;-138;-42
1826;-136;-44
1827;-140;-20
1828;-136;-10
1829;-136;-14
1830;-132;-22
1831;-134;-22
1832;-130;-24
1833;-128;-24
1834;-126;-40
1835;-124;-48
1836;-120;-28
1837;-118;-12
1838;-132;-14
1839;-112;-20
1840;-110;-22
1841;-108;-24
1842;-100;-32
1843;-102;-46
1844;-98;-48
1845;-96;-28
1846;-90;-26
1847;-88;-30
1848;-86;-34
1849;-82;-36
1850;-78;-36
1851;-72;-42
1852;-68;-56
1853;-68;-54
1854;-58;-32
1855;-54;-24
1856;-50;-28
1857;-44;-32
1858;-40;-34
1859;-36;-36
1860;-30;-36
1861;-26;-52
1862;-20;-58
1863;-14;-40
1864;-10;-24
1865;-4;-30
1866;2;-36
1867;4;-42
1868;18;-58
1869;14;-60
1870;20;-40
1871;24;-28
1872;32;-32
1873;34;-36
1874;36;-38
1875;40;-40
1876;44;-54
1877;50;-62
1878;52;-38
1879;56;-28
1880;58;-32
1881;64;-36
1882;66;-38
1883;66;-38
1884;74;-48
1885;74;-62
1886;80;-40
1887;74;-20
1888;84;-20
1889;88;-22
1890;92;-28
1891;96;-30
1892;94;-30
1893;98;-38
1894;98;-50
1895;102;-42
1896;104;-18
1897;108;-18
1898;106;-24
1899;110;-26
1900;112;-28
1901;114;-32
1902;108;-46
1903;116;-52
1904;118;-32
1905;120;-20
1906;122;-18
1907;122;0
1908;122;-2
1909;100;-14
1910;122;-28
1911;126;-14
1912;124;8
1913;136;6
1914;126;0
1915;126;-2
1916;126;-4
1917;130;-8
1918;126;-22
1919;126;-28
1920;126;-2
1921;126;8
1922;126;2
1923;124;0
1924;134;-4
1925;122;-4
1926;122;-6
1927;122;-4
1928;122;22
1929;116;10
1930;116;16
1931;114;40
1932;114;46
1933;110;42
1934;108;38
1935;108;34
1936;106;34
1937;102;20
1938;102;8
1939;98;22
1940;96;44
1941;94;44
1942;92;38
1943;88;34
1944;86;34
1945;86;34
1946;82;28
1947;76;12
1948;74;12
1949;74;64
1950;72;72
1951;68;74
1952;66;70
1953;62;66
1954;62;66
1955;60;64
1956;56;64
1957;54;48
1958;48;40
1959;50;62
1960;46;76
1961;42;72
1962;42;68
1963;38;66
1964;34;62
1965;34;60
1966;28;42
1967;28;40
1968;26;62
1969;22;78
1970;20;72
1971;16;68
1972;14;64
1973;8;62
1974;10;48
1975;6;38
1976;4;58
1977;2;74
1978;-2;72
1979;-4;68
1980;-14;66
1981;-10;64
1982;-14;62
1983;-18;62
1984;-18;50
1985;-26;38
1986;-28;54
1987;-32;74
1988;-26;72
1989;-40;66
1990;-44;36
1991;-46;22
1992;-50;10
1993;-54;22
1994;-56;44
1995;-46;44
1996;-64;38
1997;-68;36
1998;-70;36
1999;-66;34
2000;-76;22
2001;-82;8
2002;-86;22
2003;-96;42
2004;-90;44
2005;-94;38
2006;-98;38
2007;-100;34
2008;-104;34
2009;-108;32
2010;-112;18
2011;-112;-26
2012;-112;-14
2013;-116;8
2014;-124;10
2015;-118;4
2016;-124;0
2017;-126;-2
2018;-128;-2
2019;-130;-8
2020;-132;-24
2021;-132;-20
2022;-132;8
2023;-136;10
2024;-136;4
2025;-144;-2
2026;-136;-2
2027;-136;-4
2028;-138;-4
2029;-134;-16
2030;-136;-28
2031;-138;-14
2032;-136;-16
2033;-132;-16
2034;-136;-22
2035;-134;-24
2036;-132;-26
2037;-132;-26
2038;-130;-36
2039;-126;-48
2040;-122;-42
2041;-124;-20
2042;-120;-16
2043;-118;-22
2044;-116;-24
2045;-114;-26
2046;-110;-26
2047;-108;-28
2048;-108;-32
2049;-102;-46
2050;-98;-48
2051;-96;-28
2052;-92;-14
2053;-86;-30
2054;-84;-34
2055;-80;-36
2056;-76;-38
2057;-72;-46
2058;-68;-58
2059;-64;-52
2060;-58;-30
2061;-54;-26
2062;-48;-30
2063;-42;-34
2064;-38;-34
2065;-32;-38
2066;-28;-38
2067;-24;-48
2068;-18;-60
2069;-12;-50
2070;-10;-28
2071;-2;-26
2072;2;-32
2073;6;-34
2074;10;-48
2075;14;-62
2076;20;-52
2077;24;-30
2078;30;-30
2079;34;-36
2080;38;-38
2081;30;-40
2082;46;-42
2083;50;-52
2084;52;-64
2085;58;-50
2086;60;-30
2087;64;-30
2088;66;-34
2089;76;-38
2090;72;-40
2091;76;-40
2092;78;-44
2093;82;-60
2094;84;-60
2095;88;-28
2096;92;-16
2097;92;-18
2098;96;-24
2099;98;-26
2100;110;-28
2101;104;-30
2102;104;-44
2103;106;-50
2104;106;-24
2105;110;-18
2106;112;-20
2107;114;-24
2108;116;-26
2109;116;-26
2110;120;-34
2111;132;-48
2112;120;-42
2113;122;-20
2114;122;-16
2115;112;10
2116;124;4
2117;124;-4
2118;126;-20
2119;122;-24
2120;124;0
2121;126;12
2122;126;8
2123;126;4
2124;126;2
2125;126;0
2126;114;-2
2127;126;-18
2128;126;-24
2129;124;-4
2130;128;12
2131;124;10
2132;122;4
2133;120;2
2134;122;0
2135;118;0
2136;116;32
2137;114;16
2138;112;16
2139;110;38
2140;110;50
2141;112;46
2142;106;40
2143;104;38
2144;102;38
2145;100;38
2146;98;26
2147;94;12
2148;92;28
2149;92;50
2150;86;46
2151;84;40
2152;82;40
2153;80;38
2154;78;26
2155;74;12
2156;76;26
2157;70;74
2158;66;76
2159;64;70
2160;60;64
2161;56;66
2162;56;62
2163;54;44
2164;50;40
2165;48;66
2166;44;76
2167;40;74
2168;38;68
2169;36;66
2170;34;64
2171;28;62
2172;32;46
2173;26;40
2174;24;66
2175;14;76
2176;22;70
2177;16;68
2178;12;56
2179;14;40
2180;10;40
2181;6;62
2182;-2;72
2183;0;70
2184;-4;64
2185;-6;60
2186;-6;60
2187;-10;52
2188;-14;36
2189;-18;44
2190;-12;70
2191;-26;70
2192;-30;64
2193;-32;62
2194;-36;60
2195;-40;58
2196;-42;42
2197;-36;34
2198;-50;62
2199;-54;42
2200;-56;36
2201;-52;30
2202;-66;30
2203;-68;28
2204;-72;16
2205;-84;4
2206;-78;16
2207;-82;38
2208;-86;38
2209;-88;34
2210;-94;30
2211;-96;30
2212;-106;24
2213;-102;6
2214;-104;6
2215;-106;30
2216;-112;40
2217;-112;36
2218;-114;30
2219;-116;-2
2220;-120;-16
2221;-122;-30
2222;-122;-16
2223;-126;6
2224;-128;4
2225;-130;0
2226;-130;-4
2227;-140;-6
2228;-134;-6
2229;-134;-18
2230;-136;-30
2231;-140;-12
2232;-136;8
2233;-136;4
2234;-138;-2
2235;-136;-4
2236;-138;-6
2237;-138;-16
2238;-136;-30
2239;-136;-20
2240;-134;-20
2241;-134;-18
2242;-128;-22
2243;-132;-26
2244;-130;-28
2245;-126;-28
2246;-126;-30
2247;-124;-46
2248;-120;-52
2249;-118;-34
2250;-116;-18
2251;-114;-20
2252;-110;-24
2253;-106;-28
2254;-104;-28
2255;-102;-28
2256;-98;-38
2257;-98;-52
2258;-90;-38
2259;-90;-18
2260;-82;-18
2261;-82;-36
2262;-74;-48
2263;-70;-62
2264;-66;-48
2265;-60;-28
2266;-56;-28
2267;-52;-34
2268;-48;-38
2269;-42;-40
2270;-36;-40
2271;-30;-50
2272;-28;-62
2273;-20;-50
2274;-16;-30
2275;-12;-28
2276;-16;-34
2277;-2;-38
2278;2;-38
2279;8;-40
2280;12;-46
2281;18;-60
2282;22;-54
2283;30;-36
2284;30;-28
2285;34;-32
2286;38;-36
2287;44;-38
2288;46;-38
2289;50;-44
2290;52;-60
2291;64;-52
2292;58;-28
2293;62;-28
2294;66;-34
2295;68;-36
2296;74;-38
2297;74;-46
2298;82;-58
2299;84;-50
2300;84;-32
2301;86;-28
2302;94;-30
2303;94;-20
2304;94;-36
2305;98;-46
2306;94;-24
2307;102;-10
2308;106;-14
2309;106;-20
2310;108;-22
2311;112;-22
2312;114;-22
2313;110;-24
2314;116;-36
2315;118;-46
2316;120;-34
2317;114;-14
2318;122;-12
2319;124;-18
2320;124;-20
2321;122;-22
2322;124;-24
2323;124;-22
2324;124;-10
2325;124;-20
2326;128;-8
2327;126;16
2328;114;16
2329;126;10
2330;126;8
2331;126;6
2332;130;4
2333;124;4
2334;124;-12
2335;124;-22
2336;128;-4
2337;122;16
2338;122;14
2339;120;10
2340;118;6
2341;118;6
2342;118;4
2343;120;-6
2344;114;20
2345;112;28
2346;110;54
2347;110;54
2348;106;48
2349;104;44
2350;100;44
2351;98;42
2352;98;30
2353;96;16
2354;92;34
2355;88;54
2356;88;52
2357;84;46
2358;80;44
2359;80;44
2360;76;40
2361;74;24
2362;68;18
2363;66;36
2364;66;56
2365;64;80
2366;60;72
2367;56;68
2368;54;50
2369;52;42
2370;50;64
2371;48;80
2372;42;78
2373;36;72
2374;38;70
2375;34;68
2376;34;68
2377;28;66
2378;30;54
2379;26;42
2380;24;56
2381;22;76
2382;18;78
2383;16;72
2384;18;68
2385;10;68
2386;10;58
2387;6;40
2388;6;34
2389;2;54
2390;-2;72
2391;-6;68
2392;-6;62
2393;-12;60
2394;-14;58
2395;-18;56
2396;-22;50
2397;-24;32
2398;-28;46
2399;-12;70
2400;-38;68
2401;-38;62
2402;-42;60
2403;-52;58
2404;-50;56
2405;-54;44
2406;-58;32
2407;-68;12
2408;-66;34
2409;-68;34
2410;-72;30
2411;-76;26
2412;-80;24
2413;-84;22
2414;-108;8
2415;-90;-2
2416;-94;20
2417;-96;36
2418;-88;32
2419;-100;26
2420;-106;24
2421;-106;24
2422;-110;18
2423;-112;2
2424;-114;0
2425;-118;24
2426;-122;36
2427;-124;32
2428;-124;-6
2429;-112;-22
2430;-128;-34
2431;-130;-20
2432;-132;0
2433;-146;0
2434;-134;-4
2435;-136;-8
2436;-136;-10
2437;-138;-10
2438;-136;-12
2439;-136;-26
2440;-136;-34
2441;-136;-10
2442;-138;2
2443;-136;-2
2444;-150;-8
2445;-136;-8
2446;-134;-12
2447;-134;-28
2448;-132;-34
2449;-132;-36
2450;-132;-22
2451;-128;-24
2452;-126;-28
2453;-122;-30
2454;-122;-32
2455;-120;-38
2456;-118;-54
2457;-112;-50
2458;-110;-28
2459;-110;-20
2460;-104;-24
2461;-98;-28
2462;-96;-30
2463;-92;-34
2464;-88;-50
2465;-86;-54
2466;-82;-26
2467;-76;-22
2468;-74;-26
2469;-68;-34
2470;-64;-46
2471;-60;-60
2472;-54;-48
2473;-50;-26
2474;-46;-30
2475;-42;-34
2476;-36;-36
2477;-30;-38
2478;-26;-46
2479;-22;-60
2480;-16;-54
2481;-12;-32
2482;-6;-28
2483;-2;-32
2484;4;-36
2485;8;-36
2486;12;-44
2487;16;-58
2488;20;-56
2489;20;-34
2490;30;-26
2491;34;-30
2492;38;-34
2493;36;-36
2494;46;-46
2495;50;-60
2496;54;-48
2497;54;-26
2498;60;-28
2499;62;-32
2500;84;-36
2501;68;-36
2502;72;-44
2503;76;-58
2504;72;-56
2505;84;-34
2506;84;-26
2507;88;-30
2508;88;-34
2509;92;-36
2510;96;-38
2511;100;-24
2512;102;-40
2513;104;-44
2514;106;-22
2515;86;-8
2516;110;-12
2517;112;-18
2518;114;-20
2519;126;-20
2520;118;-28
2521;118;-44
2522;120;-32
2523;120;-12
2524;120;-12
2525;122;-18
2526;124;-20
2527;124;-20
2528;124;-22
2529;124;-36
2530;134;-44
2531;126;-26
2532;126;22
2533;126;22
2534;114;16
2535;126;12
2536;126;10
2537;126;8
2538;126;-6
2539;126;-14
2540;126;12
2541;124;22
2542;124;18
2543;124;14
2544;120;12
2545;116;8
2546;120;-10
2547;118;-14
2548;116;10
2549;114;24
2550;112;20
2551;110;14
2552;108;14
2553;104;42
2554;104;26
2555;104;26
2556;104;50
2557;98;60
2558;98;56
2559;94;50
2560;86;48
2561;90;46
2562;88;46
2563;84;34
2564;80;22
2565;78;34
2566;76;56
2567;72;58
2568;72;52
2569;68;50
2570;64;48
2571;62;46
2572;58;44
2573;54;30
2574;54;40
2575;50;64
2576;48;78
2577;44;74
2578;42;70
2579;42;68
2580;38;66
2581;34;60
2582;34;44
2583;32;46
2584;28;70
2585;28;78
2586;24;72
2587;20;68
2588;20;66
2589;16;66
2590;14;64
2591;12;52
2592;8;40
2593;6;52
2594;0;66
2595;-2;66
2596;-2;60
2597;-6;56
2598;-8;54
2599;-12;54
2600;-16;50
2601;-4;32
2602;-22;30
2603;-24;54
2604;-30;66
2605;-40;64
2606;-34;58
2607;-40;56
2608;-44;54
2609;-54;54
2610;-52;42
2611;-54;28
2612;-58;40
2613;-60;62
2614;-66;64
2615;-70;28
2616;-94;24
2617;-78;16
2618;-80;0
2619;-84;-2
2620;-92;24
2621;-90;34
2622;-94;28
2623;-98;24
2624;-98;22
2625;-104;20
2626;-106;20
2627;-108;20
2628;-110;14
2629;-114;-4
2630;-116;0
2631;-104;28
2632;-120;30
2633;-122;26
2634;-124;22
2635;-140;20
2636;-128;-16
2637;-128;-32
2638;-132;-36
2639;-134;-14
2640;-134;-2
2641;-136;-4
2642;-136;-10
2643;-136;-12
2644;-136;-12
2645;-136;-12
2646;-142;-16
2647;-138;-32
2648;-138;-36
2649;-138;-8
2650;-136;0
2651;-136;-6
2652;-136;-10
2653;-134;-12
2654;-134;-12
2655;-132;-18
2656;-130;-34
2657;-126;-52
2658;-124;-30
2659;-124;-20
2660;-122;-22
2661;-122;-26
2662;-114;-30
2663;-112;-30
2664;-110;-36
2665;-104;-50
2666;-102;-54
2667;-98;-32
2668;-96;-20
2669;-90;-22
2670;-88;-28
2671;-84;-30
2672;-80;-30
2673;-78;-30
2674;-72;-38
2675;-68;-52
2676;-60;-48
2677;-58;-20
2678;-56;-30
2679;-50;-36
2680;-42;-40
2681;-40;-40
2682;-36;-40
2683;-30;-50
2684;-26;-62
2685;-20;-50
2686;-16;-30
2687;-10;-30
2688;-8;-36
2689;-2;-38
2690;0;-40
2691;4;-40
2692;14;-52
2693;16;-62
2694;22;-50
2695;28;-30
2696;28;-30
2697;34;-34
2698;36;-34
2699;42;-42
2700;44;-56
2701;48;-54
2702;56;-30
2703;56;-24
2704;60;-30
2705;62;-34
2706;64;-34
2707;70;-36
2708;72;-38
2709;76;-54
2710;78;-58
2711;82;-30
2712;86;-24
2713;90;-30
2714;92;-34
2715;96;-34
2716;98;-36
2717;80;-36
2718;100;-50
2719;104;-60
2720;108;-28
2721;104;-6
2722;110;-6
2723;112;-12
2724;114;-16
2725;118;-16
2726;118;-20
2727;120;-34
2728;120;-40
2729;122;-14
2730;122;-4
2731;124;-10
2732;146;-14
2733;124;-16
2734;126;-18
2735;126;-30
2736;114;-42
2737;124;-26
2738;126;-6
2739;126;-8
2740;124;-10
2741;128;14
2742;128;-4
2743;126;-8
2744;126;16
2745;128;26
2746;126;24
2747;108;20
2748;124;16
2749;122;16
2750;122;12
2751;126;-6
2752;118;-10
2753;118;14
2754;116;28
2755;116;24
2756;114;20
2757;112;18
2758;110;16
2759;108;12
2760;106;-4
2761;102;26
2762;98;46
2763;98;62
2764;96;62
2765;92;54
2766;90;52
2767;88;50
2768;84;50
2769;82;36
2770;80;22
2771;78;48
2772;74;62
2773;72;58
2774;68;54
2775;66;52
2776;64;46
2777;66;28
2778;56;28
2779;54;50
2780;54;62
2781;54;60
2782;48;72
2783;44;68
2784;42;54
2785;40;42
2786;38;56
2787;34;76
2788;34;78
2789;30;72
2790;32;68
2791;28;66
2792;18;66
2793;22;52
2794;18;42
2795;18;64
2796;14;78
2797;12;76
2798;10;70
2799;8;68
2800;6;66
2801;0;64
2802;-2;66
2803;-16;40
2804;-8;26
2805;-12;34
2806;-16;58
2807;-20;64
2808;-22;58
2809;-26;54
2810;-30;52
2811;-30;50
2812;-36;40
2813;-42;28
2814;-44;34
2815;-48;60
2816;-52;62
2817;-56;58
2818;-60;54
2819;-64;50
2820;-66;50
2821;-72;44
2822;-60;26
2823;-78;34
2824;-82;24
2825;-84;28
2826;-94;24
2827;-92;20
2828;-94;18
2829;-96;16
2830;-100;16
2831;-104;0
2832;-106;-10
2833;-114;16
2834;-112;30
2835;-112;24
2836;-116;20
2837;-114;18
2838;-116;18
2839;-122;12
2840;-124;-4
2841;-126;-6
2842;-128;18
2843;-130;28
2844;-132;-6
2845;-132;-12
2846;-134;-16
2847;-136;-32
2848;-144;-40
2849;-136;-16
2850;-136;-4
2851;-138;-8
2852;-136;-14
2853;-138;-14
2854;-140;-16
2855;-138;-24
2856;-132;-40
2857;-134;-32
2858;-134;-10
2859;-134;-6
2860;-134;-8
2861;-130;-14
2862;-128;-16
2863;-122;-16
2864;-124;-18
2865;-122;-36
2866;-120;-52
2867;-114;-54
2868;-112;-34
2869;-110;-22
2870;-108;-24
2871;-104;-28
2872;-100;-32
2873;-98;-32
2874;-94;-36
2875;-92;-52
2876;-88;-52
2877;-84;-30
2878;-78;-22
2879;-76;-24
2880;-74;-28
2881;-68;-30
2882;-64;-32
2883;-60;-34
2884;-54;-46
2885;-50;-54
2886;-44;-44
2887;-40;-36
2888;-36;-40
2889;-32;-42
2890;-26;-36
2891;-22;-30
2892;-16;-36
2893;-8;-38
2894;-6;-38
2895;-2;-38
2896;2;-42
2897;0;-56
2898;12;-62
2899;16;-34
2900;20;-28
2901;26;-32
2902;28;-36
2903;34;-38
2904;40;-40
2905;40;-40
2906;46;-40
2907;50;-42
2908;54;-56
2909;58;-52
2910;60;-28
2911;66;-22
2912;76;-28
2913;72;-32
2914;74;-32
2915;78;-36
2916;80;-46
2917;82;-56
2918;88;-44
2919;98;-24
2920;92;-24
2921;96;-28
2922;98;-32
2923;110;-32
2924;100;-34
2925;104;-36
2926;106;-50
2927;104;-54
2928;110;-18
2929;112;-4
2930;116;-6
2931;116;-10
2932;116;-12
2933;120;-14
2934;118;-14
2935;120;-20
2936;122;-34
2937;124;-36
2938;120;-6
2939;126;-2
2940;124;-6
2941;126;-12
2942;124;-12
2943;126;-14
2944;128;-18
2945;126;-34
2946;128;-32
2947;126;-12
2948;126;0
2949;112;26
2950;126;22
2951;126;12
2952;126;-4
2953;130;4
2954;122;30
2955;122;30
2956;124;24
2957;124;22
2958;120;20
2959;118;20
2960;116;12
2961;114;-6
2962;112;2
2963;110;26
2964;108;32
2965;106;26
2966;104;22
2967;102;22
2968;96;18
2969;98;54
2970;96;38
2971;90;28
2972;90;44
2973;88;64
2974;84;66
2975;80;60
2976;78;56
2977;76;54
2978;72;54
2979;74;40
2980;68;30
2981;64;44
2982;64;64
2983;60;66
2984;58;58
2985;54;56
2986;54;54
2987;50;54
2988;48;54
2989;46;52
2990;44;64
2991;40;46
2992;38;42
2993;34;64
2994;34;78
2995;32;76
2996;32;70
2997;28;68
2998;16;66
2999;22;66
3000;20;64
3001;18;48
3002;16;40
3003;12;70
3004;8;80
3005;8;70
3006;4;68
3007;0;66
3008;-2;66
3009;-4;54
3010;-8;40
3011;-12;32
3012;-16;56
3013;-12;60
3014;-24;54
3015;-28;50
3016;-32;50
3017;-34;46
3018;-36;42
3019;-42;24
3020;-42;26
3021;-48;54
3022;-52;58
3023;-56;54
3024;-70;50
3025;-62;46
3026;-66;46
3027;-70;40
3028;-80;24
3029;-78;26
3030;-80;48
3031;-82;60
3032;-86;20
3033;-92;16
3034;-94;4
3035;-118;-12
3036;-100;-4
3037;-104;20
3038;-106;22
3039;-98;16
3040;-110;14
3041;-114;10
3042;-116;10
3043;-120;-6
3044;-120;-14
3045;-122;4
3046;-124;22
3047;-126;20
3048;-128;16
3049;-132;12
3050;-130;12
3051;-134;8
3052;-134;-6
3053;-134;-42
3054;-138;-26
3055;-138;-8
3056;-138;-8
3057;-138;-14
3058;-134;-18
3059;-138;-18
3060;-138;-18
3061;-136;-30
3062;-136;-42
3063;-136;-32
3064;-134;-10
3065;-128;-6
3066;-130;-14
3067;-130;-16
3068;-126;-18
3069;-122;-20
3070;-124;-32
3071;-120;-42
3072;-118;-26
3073;-118;-6
3074;-110;-24
3075;-108;-28
3076;-108;-32
3077;-104;-34
3078;-102;-46
3079;-98;-56
3080;-96;-36
3081;-90;-22
3082;-88;-26
3083;-84;-30
3084;-80;-32
3085;-74;-34
3086;-72;-34
3087;-68;-42
3088;-62;-56
3089;-60;-46
3090;-54;-24
3091;-50;-20
3092;-46;-26
3093;-40;-32
3094;-36;-36
3095;-32;-50
3096;-26;-60
3097;-20;-50
3098;-16;-28
3099;-14;-26
3100;-6;-32
3101;-2;-36
3102;4;-38
3103;10;-36
3104;12;-44
3105;18;-58
3106;26;-56
3107;26;-34
3108;30;-26
3109;34;-32
3110;44;-36
3111;44;-36
3112;48;-38
3113;50;-38
3114;62;-48
3115;58;-52
3116;62;-46
3117;64;-24
3118;68;-20
3119;72;-24
3120;76;-28
3121;82;-30
3122;80;-30
3123;84;-44
3124;86;-54
3125;80;-40
3126;92;-22
3127;98;-20
3128;98;-26
3129;92;-28
3130;102;-30
3131;104;-32
3132;108;-34
3133;110;-48
3134;112;-52
3135;114;-32
3136;94;2
3137;116;-2
3138;116;-8
3139;118;-10
3140;130;-10
3141;120;-12
3142;122;-28
3143;124;-34
3144;122;-16
3145;126;2
3146;124;-2
3147;126;-8
3148;126;-8
3149;126;-10
3150;128;-14
3151;126;-30
3152;126;-30
3153;128;-8
3154;128;0
3155;130;-2
3156;128;-6
3157;128;22
3158;126;4
3159;128;0
3160;124;22
3161;124;36
3162;122;32
3163;118;26
3164;118;24
3165;116;24
3166;120;24
3167;114;18
3168;110;2
3169;108;2
3170;108;32
3171;104;34
3172;104;30
3173;102;26
3174;96;24
3175;96;22
3176;94;10
3177;90;0
3178;88;50
3179;86;66
3180;82;64
3181;78;60
3182;78;58
3183;78;56
3184;72;54
3185;70;40
3186;68;30
3187;66;48
3188;64;66
3189;62;66
3190;60;60
3191;56;58
3192;52;56
3193;50;54
3194;48;46
3195;44;32
3196;42;38
3197;40;62
3198;38;68
3199;36;72
3200;32;68
3201;32;56
3202;30;42
3203;28;54
3204;26;74
3205;22;76
3206;20;72
3207;18;68
3208;14;68
3209;12;64
3210;8;64
3211;10;54
3212;4;40
3213;0;54
3214;-4;76
3215;-4;74
3216;-10;70
3217;-14;64
3218;-16;64
3219;-22;44
3220;-24;28
3221;-28;18
3222;-14;32
3223;-36;52
3224;-40;54
3225;-44;48
3226;-48;44
3227;-48;44
3228;-52;40
3229;-56;26
3230;-58;16
3231;-64;42
3232;-68;54
3233;-70;50
3234;-74;44
3235;-78;42
3236;-80;42
3237;-100;40
3238;-90;26
3239;-94;16
3240;-94;-2
3241;-84;16
3242;-102;14
3243;-104;10
3244;-104;6
3245;-108;6
3246;-112;0
3247;-112;-16
3248;-116;-16
3249;-118;8
3250;-120;18
3251;-122;14
3252;-108;8
3253;-126;6
3254;-130;6
3255;-130;6
3256;-144;4
3257;-134;-8
3258;-134;-20
3259;-136;-10
3260;-136;14
3261;-136;-8
3262;-138;-14
3263;-136;-20
3264;-138;-20
3265;-138;-22
3266;-136;-38
3267;-140;-44
3268;-136;-18
3269;-134;-10
3270;-132;-14
3271;-132;-18
3272;-130;-18
3273;-128;-20
3274;-128;-24
3275;-126;-40
3276;-122;-42
3277;-120;-18
3278;-118;-8
3279;-114;-12
3280;-112;-18
3281;-110;-18
3282;-110;-38
3283;-104;-54
3284;-100;-50
3285;-98;-26
3286;-92;-22
3287;-92;-28
3288;-88;-32
3289;-84;-34
3290;-78;-34
3291;-76;-40
3292;-72;-54
3293;-68;-50
3294;-66;-30
3295;-58;-20
3296;-54;-26
3297;-46;-30
3298;-44;-32
3299;-40;-32
3300;-34;-34
3301;-28;-52
3302;-24;-54
3303;-20;-42
3304;-16;-28
3305;-8;-30
3306;-4;-36
3307;0;-38
3308;4;-40
3309;8;-40
3310;14;-46
3311;18;-60
3312;26;-54
3313;28;-34
3314;32;-28
3315;36;-32
3316;44;-36
3317;44;-38
3318;48;-40
3319;50;-40
3320;54;-44
3321;58;-58
3322;62;-58
3323;76;-34
3324;68;-20
3325;72;-24
3326;74;-28
3327;72;-30
3328;84;-30
3329;84;-30
3330;88;-42
3331;90;-54
3332;94;-42
3333;96;-22
3334;98;-20
3335;102;-24
3336;102;-28
3337;106;-30
3338;92;-30
3339;110;-30
3340;110;-42
3341;114;-54
3342;114;-40
3343;116;-22
3344;118;-18
3345;120;-2
3346;122;-4
3347;122;-18
3348;122;-30
3349;124;-20
3350;124;4
3351;124;4
3352;124;-2
3353;142;-4
3354;126;-6
3355;126;-8
3356;126;-24
3357;120;-30
3358;128;-6
3359;128;6
3360;128;0
3361;128;-4
3362;126;-6
3363;128;-8
3364;124;-22
3365;122;-30
3366;122;18
3367;122;38
3368;124;38
3369;120;32
3370;118;30
3371;116;26
3372;118;14
3373;112;2
3374;110;24
3375;108;40
3376;106;36
3377;106;32
3378;102;28
3379;102;26
3380;98;12
3381;98;0
3382;94;20
3383;92;38
3384;90;38
3385;88;32
3386;84;60
3387;82;42
3388;78;34
3389;76;52
3390;74;70
3391;72;68
3392;68;64
3393;66;60
3394;62;60
3395;60;54
3396;58;36
3397;56;38
3398;60;68
3399;52;72
3400;48;64
3401;46;62
3402;44;60
3403;40;58
3404;38;50
3405;36;34
3406;34;42
3407;32;74
3408;28;74
3409;26;68
3410;24;64
3411;20;64
3412;18;62
3413;12;44
3414;14;36
3415;10;60
3416;8;76
3417;6;72
3418;0;68
3419;0;64
3420;-4;64
3421;-6;58
3422;-10;42
3423;-14;42
3424;-28;66
3425;-24;76
3426;-26;70
3427;-28;66
3428;-30;38
3429;-36;20
3430;-38;16
3431;-42;38
3432;-36;52
3433;-50;48
3434;-52;42
3435;-56;38
3436;-60;38
3437;-64;36
3438;-68;24
3439;-60;12
3440;-76;30
3441;-80;48
3442;-82;48
3443;-74;42
3444;-88;40
3445;-92;38
3446;-96;38
3447;-104;28
3448;-100;16
3449;-104;-14
3450;-108;10
3451;-108;14
3452;-112;10
3453;-116;4
3454;-118;2
3455;-120;2
3456;-122;0
3457;-122;-14
3458;-130;-22
3459;-128;4
3460;-130;14
3461;-132;10
3462;-134;4
3463;-132;2
3464;-134;2
3465;-134;-10
3466;-136;-22
3467;-136;-16
3468;-136;8
3469;-144;-10
3470;-136;-18
3471;-136;-22
3472;-134;-24
3473;-136;-30
3474;-134;-44
3475;-132;-44
3476;-132;-20
3477;-130;-12
3478;-130;-16
3479;-128;-22
3480;-126;-22
3481;-126;-30
3482;-122;-46
3483;-120;-38
3484;-118;-14
3485;-114;-14
3486;-110;-18
3487;-110;-22
3488;-106;-24
3489;-102;-24
3490;-100;-38
3491;-98;-52
3492;-98;-58
3493;-90;-40
3494;-86;-24
3495;-86;-26
3496;-80;-30
3497;-78;-34
3498;-74;-34
3499;-72;-36
3500;-62;-48
3501;-58;-60
3502;-56;-40
3503;-50;-24
3504;-44;-26
3505;-38;-30
3506;-34;-32
3507;-28;-34
3508;-26;-38
3509;-20;-54
3510;-14;-54
3511;-10;-32
3512;-6;-28
3513;0;-34
3514;8;-36
3515;10;-38
3516;14;-40
3517;20;-50
3518;18;-62
3519;30;-50
3520;34;-30
3521;38;-28
3522;42;-34
3523;42;-36
3524;48;-38
3525;54;-38
3526;56;-46
3527;60;-60
3528;64;-54
3529;68;-32
3530;70;-28
3531;72;-30
3532;76;-26
3533;82;-42
3534;82;-54
3535;84;-34
3536;86;-18
3537;90;-20
3538;94;-26
3539;96;-28
3540;118;-30
3541;102;-42
3542;104;-52
3543;106;-40
3544;112;-20
3545;108;-18
3546;112;-24
3547;114;-26
3548;108;-28
3549;118;-30
3550;118;-40
3551;120;-54
3552;122;-38
3553;122;6
3554;122;6
3555;100;0
3556;124;-2
3557;126;-4
3558;126;-6
3559;132;-22
3560;128;-28
3561;128;-4
3562;126;8
3563;128;4
3564;128;0
3565;126;-4
3566;126;-4
3567;126;-8
3568;126;-26
3569;124;-24
3570;130;-2
3571;122;8
3572;122;4
3573;120;2
3574;106;26
3575;120;8
3576;116;12
3577;116;40
3578;110;42
3579;114;36
3580;110;32
3581;108;32
3582;108;30
3583;106;18
3584;104;6
3585;86;18
3586;98;40
3587;96;40
3588;94;36
3589;98;32
3590;90;32
3591;86;32
3592;84;30
3593;80;16
3594;80;36
3595;76;42
3596;76;68
3597;72;72
3598;68;66
3599;66;62
3600;64;60
3601;62;58
3602;58;58
3603;56;44
3604;54;32
3605;50;52
3606;48;72
3607;46;68
3608;44;62
3609;42;60
3610;38;60
3611;36;56
3612;32;40
3613;32;32
3614;28;60
3615;32;74
3616;24;70
3617;22;62
3618;18;44
3619;18;36
3620;14;58
3621;10;74
3622;6;70
3623;4;66
3624;2;62
3625;-2;62
3626;-6;60
3627;-8;50
3628;-10;36
3629;-14;44
3630;-20;68
3631;-22;72
3632;-24;66
3633;-30;64
3634;-38;62
3635;-36;60
3636;-40;30
3637;-44;14
3638;-44;12
3639;-50;32
3640;-52;46
3641;-66;44
3642;-62;38
3643;-66;36
3644;-68;34
3645;-72;34
3646;-76;32
3647;-78;16
3648;-82;10
3649;-80;36
3650;-88;44
3651;-92;42
3652;-96;36
3653;-98;34
3654;-102;34
3655;-104;26
3656;-106;12
3657;-110;-22
3658;-112;2
3659;-114;10
3660;-110;6
3661;-118;2
3662;-120;0
3663;-122;-2
3664;-126;-10
3665;-128;-24
3666;-128;-16
3667;-128;8
3668;-130;8
3669;-132;4
3670;-132;0
3671;-110;0
3672;-134;-4
3673;-136;-20
3674;-136;-26
3675;-142;-6
3676;-134;10
3677;-136;8
3678;-136;-20
3679;-138;-22
3680;-136;-36
3681;-132;-48
3682;-134;-34
3683;-130;-16
3684;-130;-14
3685;-128;-20
3686;-134;-22
3687;-124;-24
3688;-122;-26
3689;-120;-26
3690;-118;-42
3691;-116;-48
3692;-114;-24
3693;-110;-12
3694;-106;-16
3695;-102;-22
3696;-100;-22
3697;-98;-24
3698;-96;-24
3699;-92;-48
3700;-88;-58
3701;-84;-48
3702;-80;-26
3703;-76;-24
3704;-72;-28
3705;-66;-34
3706;-62;-34
3707;-58;-36
3708;-54;-38
3709;-48;-52
3710;-44;-60
3711;-38;-32
3712;-34;-24
3713;-30;-28
3714;-24;-32
3715;-18;-34
3716;-4;-36
3717;-8;-52
3718;-4;-58
3719;-2;-40
3720;6;-26
3721;10;-30
3722;14;-36
3723;20;-38
3724;24;-36
3725;28;-44
3726;34;-58
3727;38;-56
3728;40;-34
3729;44;-26
3730;50;-32
3731;48;-34
3732;58;-36
3733;58;-38
3734;64;-40
3735;58;-56
3736;70;-60
3737;74;-40
3738;76;-26
3739;80;-30
3740;84;-20
3741;86;-32
3742;78;-46
3743;90;-36
3744;94;-14
3745;98;-14
3746;98;-20
3747;100;-22
3748;104;-24
3749;106;-28
3750;114;-44
3751;110;-46
3752;112;-24
3753;114;-12
3754;116;-16
3755;118;-20
3756;118;-24
3757;120;-24
3758;120;-26
3759;124;-40
3760;126;-46
3761;134;-6
3762;126;12
3763;124;10
3764;124;6
3765;128;2
3766;124;0
3767;126;-4
3768;126;-20
3769;126;-20
3770;126;10
3771;124;12
3772;130;8
3773;126;4
3774;126;2
3775;126;-4
3776;124;-20
3777;124;-18
3778;122;6
3779;120;12
3780;120;8
3781;118;6
3782;118;36
3783;116;18
3784;114;14
3785;112;36
3786;110;50
3787;108;44
3788;106;40
3789;104;38
3790;104;38
3791;104;32
3792;98;18
3793;98;14
3794;94;36
3795;94;48
3796;90;46
3797;86;40
3798;84;38
3799;82;36
3800;80;36
3801;76;24
3802;78;12
3803;72;56
3804;68;74
3805;66;70
3806;62;66
3807;60;64
3808;58;62
3809;54;48
3810;50;38
3811;50;52
3812;48;74
3813;44;74
3814;42;68
3815;40;64
3816;38;62
3817;32;62
3818;34;56
3819;30;38
3820;28;42
3821;26;66
3822;22;74
3823;20;70
3824;16;64
3825;18;60
3826;10;42
3827;10;34
3828;6;54
3829;4;72
3830;2;70
3831;-2;64
3832;4;60
3833;-8;60
3834;-10;52
3835;-14;36
3836;-16;40
3837;-20;64
3838;-26;72
3839;-28;66
3840;-32;62
3841;-34;60
3842;-40;60
3843;-42;56
3844;-48;28
3845;-50;14
3846;-52;4
3847;-62;18
3848;-62;40
3849;-64;40
3850;-70;34
3851;-78;30
3852;-76;30
3853;-78;28
3854;-82;12
3855;-86;4
3856;-88;24
3857;-92;38
3858;-110;38
3859;-100;34
3860;-102;30
3861;-104;30
3862;-110;28
3863;-110;28
3864;-112;16
3865;-114;-28
3866;-122;-20
3867;-118;4
3868;-118;6
3869;-122;0
3870;-122;-2
3871;-126;-6
3872;-128;-6
3873;-146;-22
3874;-130;-30
3875;-132;-12
3876;-132;6
3877;-122;6
3878;-136;0
3879;-136;-4
3880;-134;-4
3881;-136;-6
3882;-136;-8
3883;-136;-20
3884;-136;-32
3885;-136;-16
3886;-134;-14
3887;-134;-14
3888;-116;-20
3889;-132;-24
3890;-130;-24
3891;-130;-30
3892;-132;-46
3893;-124;-44
3894;-124;-24
3895;-120;-14
3896;-120;-18
3897;-116;-22
3898;-114;-24
3899;-110;-26
3900;-106;-24
3901;-102;-26
3902;-100;-42
3903;-110;-50
3904;-94;-24
3905;-92;-12
3906;-88;-18
3907;-82;-32
3908;-80;-48
3909;-74;-58
3910;-70;-34
3911;-66;-22
3912;-60;-26
3913;-56;-32
3914;-52;-34
3915;-46;-36
3916;-42;-36
3917;-36;-44
3918;-38;-56
3919;-28;-52
3920;-22;-28
3921;-18;-24
3922;-12;-26
3923;-8;-32
3924;-4;-34
3925;2;-34
3926;8;-36
3927;12;-34
3928;16;-50
3929;22;-60
3930;24;-52
3931;30;-30
3932;34;-28
3933;46;-32
3934;42;-36
3935;48;-38
3936;48;-38
3937;54;-40
3938;58;-56
3939;60;-60
3940;64;-40
3941;68;-26
3942;70;-28
3943;72;-34
3944;76;-36
3945;78;-38
3946;82;-38
3947;86;-48
3948;84;-60
3949;92;-36
3950;94;-16
3951;96;-10
3952;94;-16
3953;102;-20
3954;104;-22
3955;108;-22
3956;110;-30
3957;110;-46
3958;114;-36
3959;122;-12
3960;116;-12
3961;118;-18
3962;118;-20
3963;112;-22
3964;122;-22
3965;122;-26
3966;122;-42
3967;116;-44
3968;124;-18
3969;122;-8
3970;122;10
3971;126;6
3972;124;-4
3973;124;-20
3974;106;-12
3975;124;10
3976;126;16
3977;126;12
3978;140;6
3979;126;4
3980;124;4
3981;124;-8
3982;126;-22
3983;122;-8
3984;122;16
3985;120;14
3986;120;10
3987;118;6
3988;118;4
3989;138;-4
3990;114;-18
3991;112;20
3992;110;44
3993;100;52
3994;108;46
3995;106;42
3996;104;40
3997;98;40
3998;98;30
3999;98;16
4000;94;24
4001;90;50
4002;90;50
4003;86;44
4004;70;40
4005;82;40
4006;78;38
4007;76;30
4008;76;14
4009;70;24
4010;68;50
4011;64;78
4012;62;70
4013;60;64
4014;58;64
4015;54;50
4016;52;38
4017;48;52
4018;48;74
4019;40;74
4020;42;70
4021;40;66
4022;38;64
4023;36;64
4024;32;52
4025;30;38
4026;26;50
4027;24;72
4028;22;74
4029;20;70
4030;18;66
4031;16;64
4032;12;54
4033;10;38
4034;12;34
4035;4;58
4036;2;70
4037;-2;68
4038;-6;60
4039;-10;60
4040;-12;58
4041;-14;56
4042;-18;44
4043;-22;34
4044;-26;50
4045;-30;68
4046;-34;66
4047;-36;60
4048;-40;58
4049;-48;56
4050;-48;56
4051;-52;40
4052;-54;32
4053;-66;18
4054;-62;30
4055;-66;36
4056;-70;32
4057;-72;28
4058;-76;26
4059;-80;26
4060;-94;14
4061;-86;0
4062;-88;14
4063;-92;32
4064;-102;34
4065;-98;30
4066;-102;28
4067;-106;26
4068;-110;24
4069;-110;10
4070;-112;0
4071;-112;24
4072;-114;36
4073;-118;34
4074;-120;-2
4075;-128;-6
4076;-124;-22
4077;-126;-32
4078;-128;-8
4079;-120;6
4080;-132;2
4081;-132;-2
4082;-132;-6
4083;-140;-6
4084;-132;-14
4085;-134;-28
4086;-136;-26
4087;-136;-2
4088;-136;4
4089;-136;2
4090;-130;-4
4091;-136;-6
4092;-136;-8
4093;-134;-8
4094;-136;-26
4095;-134;-42
4096;-130;-50
4097;-128;-34
4098;-130;-16
4099;-122;-16
4100;-122;-20
4101;-120;-24
4102;-118;-26
4103;-114;-32
4104;-114;-46
4105;-114;-44
4106;-106;-20
4107;-104;-16
4108;-100;-18
4109;-92;-22
4110;-92;-24
4111;-90;-26
4112;-86;-26
4113;-78;-36
4114;-80;-50
4115;-74;-46
4116;-68;-26
4117;-64;-26
4118;-60;-30
4119;-56;-34
4120;-48;-36
4121;-44;-36
4122;-42;-52
4123;-36;-60
4124;-34;-36
4125;-26;-24
4126;-22;-28
4127;-16;-32
4128;-14;-34
4129;-6;-36
4130;-2;-40
4131;4;-56
4132;8;-54
4133;12;-32
4134;18;-24
4135;16;-28
4136;26;-32
4137;30;-48
4138;34;-60
4139;38;-46
4140;40;-26
4141;46;-26
4142;50;-30
4143;56;-34
4144;56;-36
4145;62;-38
4146;64;-40
4147;68;-56
4148;72;-58
4149;76;-30
4150;78;-26
4151;80;-30
4152;84;-34
4153;88;-36
4154;86;-36
4155;92;-42
4156;96;-58
4157;98;-40
4158;102;-18
4159;102;-8
4160;104;-12
4161;110;-18
4162;108;-20
4163;110;-20
4164;114;-30
4165;114;-42
4166;116;-30
4167;116;-8
4168;118;-10
4169;122;-16
4170;118;-18
4171;120;-20
4172;122;-20
4173;122;-24
4174;122;-40
4175;124;-42
4176;140;-16
4177;122;-8
4178;124;14
4179;124;12
4180;118;-2
4181;124;-16
4182;126;-8
4183;126;14
4184;124;20
4185;126;14
4186;124;10
4187;124;8
4188;124;8
4189;124;4
4190;122;-12
4191;98;-16
4192;120;6
4193;118;20
4194;116;16
4195;130;10
4196;114;8
4197;112;6
4198;112;8
4199;110;32
4200;106;20
4201;106;30
4202;102;52
4203;102;56
4204;100;50
4205;96;44
4206;118;44
4207;92;42
4208;88;38
4209;84;22
4210;74;20
4211;80;42
4212;78;56
4213;76;52
4214;76;46
4215;70;44
4216;68;44
4217;64;42
4218;62;36
4219;60;42
4220;58;42
4221;38;66
4222;52;76
4223;48;72
4224;46;66
4225;50;64
4226;42;64
4227;40;62
4228;36;62
4229;36;54
4230;32;40
4231;32;46
4232;28;70
4233;26;76
4234;24;70
4235;20;66
4236;22;64
4237;14;64
4238;14;58
4239;10;40
4240;8;34
4241;4;58
4242;4;66
4243;-2;62
4244;-6;56
4245;-8;56
4246;-12;54
4247;-16;54
4248;-20;44
4249;-20;28
4250;-26;38
4251;-28;60
4252;-34;66
4253;-36;60
4254;-42;56
4255;-44;54
4256;-48;54
4257;-52;50
4258;-56;32
4259;-58;30
4260;-62;52
4261;-66;38
4262;-68;32
4263;-74;26
4264;-76;22
4265;-78;22
4266;-86;22
4267;-86;20
4268;-88;6
4269;-90;-2
4270;-102;24
4271;-98;34
4272;-100;30
4273;-104;24
4274;-104;22
4275;-110;22
4276;-112;20
4277;-116;2
4278;-116;-4
4279;-118;18
4280;-118;34
4281;-120;32
4282;-124;-6
4283;-128;-18
4284;-126;-34
4285;-122;-20
4286;-132;2
4287;-132;0
4288;-134;-6
4289;-134;-10
4290;-134;-10
4291;-136;-12
4292;-140;-24
4293;-136;-36
4294;-138;-22
4295;-136;2
4296;-132;0
4297;-136;-6
4298;-134;-8
4299;-134;-12
4300;-136;-10
4301;-132;-24
4302;-130;-36
4303;-128;-38
4304;-126;-18
4305;-124;-18
4306;-122;-22
4307;-100;-26
4308;-116;-26
4309;-114;-28
4310;-112;-38
4311;-120;-50
4312;-106;-36
4313;-104;-16
4314;-100;-20
4315;-96;-24
4316;-94;-26
4317;-88;-28
4318;-86;-28
4319;-80;-40
4320;-76;-50
4321;-74;-40
4322;-80;-20
4323;-66;-16
4324;-60;-30
4325;-58;-32
4326;-46;-40
4327;-46;-56
4328;-40;-56
4329;-36;-28
4330;-28;-24
4331;-26;-30
4332;-20;-34
4333;-16;-34
4334;-12;-40
4335;-8;-56
4336;-2;-56
4337;6;-34
4338;8;-24
4339;12;-28
4340;16;-32
4341;20;-34
4342;26;-36
4343;30;-40
4344;36;-52
4345;40;-56
4346;42;-36
4347;46;-24
4348;52;-24
4349;54;-30
4350;58;-34
4351;60;-34
4352;72;-44
4353;68;-58
4354;70;-48
4355;76;-28
4356;80;-20
4357;82;-28
4358;84;-32
4359;88;-34
4360;92;-34
4361;92;-42
4362;96;-56
4363;96;-46
4364;100;-24
4365;102;-8
4366;104;-12
4367;100;-16
4368;108;-18
4369;110;-24
4370;112;-38
4371;104;-38
4372;114;-16
4373;116;-6
4374;118;-8
4375;118;-14
4376;120;-16
4377;122;-18
4378;116;-26
4379;122;-40
4380;124;-30
4381;122;-6
4382;124;-8
4383;124;-14
4384;124;-16
4385;124;-16
4386;130;8
4387;128;-8
4388;128;-16
4389;126;14
4390;128;24
4391;126;18
4392;126;14
4393;108;10
4394;124;10
4395;124;2
4396;122;-14
4397;136;-8
4398;120;20
4399;120;20
4400;118;16
4401;118;12
4402;114;12
4403;114;6
4404;110;-10
4405;110;-14
4406;106;12
4407;106;58
4408;120;54
4409;100;48
4410;98;46
4411;98;46
4412;88;40
4413;90;24
4414;88;24
4415;84;44
4416;80;56
4417;80;54
4418;78;48
4419;74;46
4420;72;44
4421;68;46
4422;66;40
4423;64;24
4424;60;24
4425;58;52
4426;56;56
4427;48;52
4428;50;66
4429;48;48
4430;46;40
4431;46;62
4432;40;78
4433;40;74
4434;36;68
4435;32;66
4436;34;64
4437;30;62
4438;30;44
4439;24;40
4440;22;62
4441;20;76
4442;16;74
4443;14;70
4444;12;66
4445;8;64
4446;6;64
4447;4;64
4448;0;64
4449;-4;40
4450;-6;26
4451;-8;36
4452;-12;60
4453;-20;64
4454;-18;58
4455;-24;54
4456;-28;52
4457;-30;50
4458;-34;50
4459;-38;32
4460;-42;28
4461;-44;54
4462;-48;64
4463;-52;60
4464;-54;54
4465;-60;52
4466;-62;52
4467;-66;46
4468;-68;28
4469;-70;-4
4470;-76;20
4471;-78;30
4472;-80;26
4473;-84;20
4474;-88;20
4475;-92;18
4476;-94;6
4477;-98;-8
4478;-100;6
4479;-102;28
4480;-106;28
4481;-108;24
4482;-110;20
4483;-116;18
4484;-116;18
4485;-118;16
4486;-122;4
4487;-116;-8
4488;-126;4
4489;-126;26
4490;-128;-2
4491;-130;-8
4492;-132;-12
4493;-134;-14
4494;-114;-18
4495;-136;-34
4496;-134;-34
4497;-136;-6
4498;-144;-2
4499;-138;-8
4500;-138;-12
4501;-138;-12
4502;-144;-14
4503;-136;-24
4504;-136;-36
4505;-134;-28
4506;-132;-6
4507;-130;-2
4508;-130;-8
4509;-152;-12
4510;-126;-12
4511;-124;-32
4512;-122;-46
4513;-126;-54
4514;-116;-28
4515;-114;-18
4516;-110;-22
4517;-106;-28
4518;-104;-28
4519;-102;-30
4520;-98;-36
4521;-96;-50
4522;-92;-50
4523;-88;-26
4524;-74;-18
4525;-82;-24
4526;-78;-26
4527;-72;-28
4528;-78;-30
4529;-64;-30
4530;-58;-46
4531;-52;-52
4532;-52;-42
4533;-44;-26
4534;-40;-30
4535;-34;-34
4536;-30;-36
4537;-26;-38
4538;-20;-38
4539;-16;-42
4540;-10;-58
4541;-6;-56
4542;-2;-36
4543;2;-26
4544;10;-28
4545;12;-34
4546;18;-36
4547;20;-36
4548;28;-40
4549;30;-54
4550;36;-60
4551;40;-42
4552;44;-24
4553;48;-24
4554;46;-28
4555;58;-32
4556;60;-34
4557;62;-32
4558;66;-42
4559;70;-56
4560;74;-48
4561;76;-26
4562;82;-22
4563;80;-26
4564;84;-30
4565;88;-30
4566;88;-34
4567;92;-34
4568;94;-42
4569;102;-56
4570;100;-42
4571;102;-22
4572;104;-24
4573;108;-28
4574;108;-22
4575;110;-36
4576;112;-34
4577;114;-6
4578;114;-4
4579;116;-8
4580;118;-14
4581;118;-16
4582;118;-16
4583;124;-26
4584;118;-40
4585;124;-26
4586;124;-4
4587;122;-6
4588;128;-10
4589;124;-14
4590;124;-16
4591;126;-20
4592;124;-36
4593;126;-38
4594;126;-12
4595;126;26
4596;126;22
4597;126;16
4598;124;14
4599;122;14
4600;124;-2
4601;122;-12
4602;122;4
4603;120;22
4604;118;24
4605;120;18
4606;118;14
4607;116;14
4608;114;12
4609;112;-2
4610;106;-12
4611;108;8
4612;106;26
4613;104;22
4614;114;16
4615;100;16
4616;98;38
4617;96;26
4618;88;34
4619;90;58
4620;88;60
4621;84;56
4622;82;52
4623;80;50
4624;78;50
4625;70;40
4626;72;26
4627;70;32
4628;66;56
4629;64;60
4630;62;56
4631;58;52
4632;56;48
4633;54;48
4634;50;36
4635;48;24
4636;46;56
4637;42;66
4638;42;62
4639;40;60
4640;30;68
4641;34;72
4642;32;70
4643;30;68
4644;30;64
4645;24;64
4646;22;64
4647;20;62
4648;20;52
4649;14;38
4650;12;54
4651;8;76
4652;6;72
4653;2;66
4654;0;64
4655;0;62
4656;-6;64
4657;-10;42
4658;-12;26
4659;-18;28
4660;-20;58
4661;-22;60
4662;-26;52
4663;-30;50
4664;-34;48
4665;-38;44
4666;-40;30
4667;-44;22
4668;-48;42
4669;-50;58
4670;-56;56
4671;-58;52
4672;-62;50
4673;-64;48
4674;-68;40
4675;-72;24
4676;-76;28
4677;-78;58
4678;-80;28
4679;-84;22
4680;-88;16
4681;-92;14
4682;-96;8
4683;-100;-8
4684;-100;-4
4685;-96;20
4686;-106;26
4687;-110;22
4688;-112;18
4689;-118;16
4690;-116;12
4691;-120;-6
4692;-122;-8
4693;-122;14
4694;-126;26
4695;-126;24
4696;-128;18
4697;-132;16
4698;-132;16
4699;-132;-24
4700;-132;-36
4701;-132;-30
4702;-136;-4
4703;-138;-4
4704;-132;-10
4705;-138;-14
4706;-136;-16
4707;-138;-18
4708;-136;-36
4709;-136;-38
4710;-134;-16
4711;-116;-2
4712;-134;-6
4713;-130;-12
4714;-130;-14
4715;-120;-14
4716;-126;-18
4717;-122;-34
4718;-122;-40
4719;-126;-16
4720;-116;-18
4721;-114;-22
4722;-110;-26
4723;-106;-28
4724;-104;-30
4725;-102;-30
4726;-120;-36
4727;-96;-50
4728;-90;-50
4729;-88;-28
4730;-70;-18
4731;-80;-22
4732;-76;-26
4733;-72;-28
4734;-64;-28
4735;-64;-30
4736;-58;-36
4737;-56;-52
4738;-50;-48
4739;-44;-24
4740;-40;-24
4741;-24;-30
4742;-30;-34
4743;-26;-36
4744;-20;-36
4745;-28;-40
4746;-10;-54
4747;-4;-58
4748;0;-30
4749;4;-26
4750;10;-30
4751;14;-36
4752;18;-34
4753;24;-38
4754;30;-50
4755;32;-60
4756;30;-44
4757;40;-26
4758;44;-26
4759;48;-32
4760;54;-36
4761;56;-32
4762;60;-48
4763;64;-56
4764;62;-32
4765;68;-20
4766;72;-24
4767;74;-30
4768;76;-30
4769;80;-32
4770;84;-44
4771;80;-56
4772;90;-42
4773;92;-22
4774;92;-22
4775;96;-28
4776;98;-30
4777;100;-30
4778;104;-34
4779;108;-48
4780;108;-56
4781;110;-36
4782;112;-2
4783;112;-4
4784;116;-10
4785;116;-12
4786;124;-14
4787;120;-16
4788;120;-28
4789;122;-38
4790;124;-24
4791;124;-4
4792;124;-6
4793;124;-10
4794;124;-12
4795;124;-14
4796;124;-14
4797;126;-16
4798;126;-28
4799;128;-38
4800;128;-24
4801;120;-4
4802;126;-2
4803;126;26
4804;124;22
4805;118;12
4806;124;-4
4807;124;2
4808;122;26
4809;122;28
4810;120;26
4811;118;20
4812;108;22
4813;116;20
4814;114;16
4815;112;0
4816;110;-4
4817;108;24
4818;106;30
4819;104;26
4820;110;20
4821;100;20
4822;98;20
4823;94;20
4824;90;40
4825;90;28
4826;86;38
4827;96;60
4828;82;66
4829;80;62
4830;78;56
4831;66;56
4832;70;52
4833;68;40
4834;66;26
4835;56;48
4836;60;64
4837;58;62
4838;56;58
4839;54;54
4840;50;54
4841;48;52
4842;38;38
4843;42;26
4844;40;46
4845;38;76
4846;40;76
4847;34;70
4848;30;68
4849;30;66
4850;28;64
4851;26;60
4852;22;44
4853;18;42
4854;16;72
4855;14;76
4856;10;72
4857;14;66
4858;4;66
4859;2;64
4860;-2;52
4861;-4;38
4862;-8;56
4863;-10;76
4864;-12;74
4865;-12;50
4866;-18;40
4867;-22;24
4868;-26;28
4869;-30;52
4870;-32;58
4871;-36;52
4872;-40;48
4873;-42;46
4874;-48;44
4875;-52;42
4876;-54;24
4877;-58;22
4878;-60;46
4879;-66;58
4880;-70;54
4881;-72;50
4882;-76;46
4883;-80;46
4884;-84;44
4885;-86;36
4886;-90;-10
4887;-100;-4
4888;-96;24
4889;-100;22
4890;-102;18
4891;-106;14
4892;-108;12
4893;-112;12
4894;-114;2
4895;-114;-12
4896;-118;2
4897;-122;24
4898;-122;20
4899;-126;16
4900;-126;14
4901;-128;12
4902;-124;10
4903;-132;-10
4904;-132;-12
4905;-134;8
4906;-136;24
4907;-136;-6
4908;-136;-12
4909;-136;-22
4910;-136;-36
4911;-138;-38
4912;-138;-16
4913;-134;-4
4914;-136;-10
4915;-136;-14
4916;-134;-16
4917;-128;-16
4918;-132;-26
4919;-132;-40
4920;-128;-28
4921;-122;-6
4922;-126;-8
4923;-122;-12
4924;-122;-16
4925;-118;-16
4926;-114;-22
4927;-112;-38
4928;-90;-52
4929;-106;-28
4930;-104;-18
4931;-100;-24
4932;-104;-26
4933;-92;-28
4934;-90;-30
4935;-88;-38
4936;-84;-52
4937;-80;-44
4938;-76;-20
4939;-70;-20
4940;-66;-26
4941;-64;-28
4942;-58;-30
4943;-76;-36
4944;-48;-50
4945;-42;-46
4946;-38;-20
4947;-22;-20
4948;-26;-24
4949;-24;-40
4950;-18;-56
4951;-10;-58
4952;-8;-36
4953;-4;-24
4954;2;-30
4955;6;-32
4956;10;-36
4957;16;-36
4958;38;-42
4959;26;-56
4960;28;-58
4961;32;-36
4962;38;-26
4963;42;-28
4964;44;-34
4965;48;-36
4966;48;-38
4967;56;-38
4968;60;-44
4969;62;-58
4970;66;-50
4971;68;-28
4972;70;-20
4973;58;-24
4974;78;-28
4975;82;-30
4976;84;-32
4977;92;-40
4978;90;-54
4979;90;-40
4980;94;-20
4981;100;-22
4982;100;-28
4983;102;-30
4984;104;-30
4985;106;-32
4986;108;-44
4987;110;-54
4988;116;-38
4989;114;-20
4990;116;0
4991;118;-6
4992;120;-14
4993;120;-30
4994;122;-32
4995;122;-10
4996;122;2
4997;124;-2
4998;124;-8
4999;124;-12
5000;122;-10
5001;126;-12
5002;126;-28
5003;124;-36
5004;128;-14
5005;128;2
5006;126;-2
5007;126;-8
5008;126;-10
5009;128;-10
5010;126;-12
5011;126;20
5012;124;2
5013;124;-2
5014;120;22
5015;120;34
5016;120;32
5017;118;28
5018;114;24
5019;114;22
5020;112;22
5021;110;10
5022;108;-2
5023;108;10
5024;106;34
5025;104;34
5026;102;30
5027;100;26
5028;96;24
5029;96;24
5030;92;8
5031;90;-2
5032;86;48
5033;82;66
5034;82;64
5035;80;58
5036;76;56
5037;78;54
5038;72;52
5039;68;36
5040;66;30
5041;64;58
5042;60;66
5043;58;62
5044;70;58
5045;52;54
5046;50;54
5047;48;34
5048;40;30
5049;42;50
5050;40;68
5051;38;64
5052;30;60
5053;32;64
5054;32;46
5055;28;40
5056;26;60
5057;24;76
5058;20;72
5059;-4;66
5060;14;64
5061;14;66
5062;10;64
5063;8;54
5064;4;38
5065;2;48
5066;0;70
5067;0;74
5068;-8;68
5069;-8;66
5070;-10;66
5071;-16;64
5072;-18;62
5073;-22;62
5074;-4;28
5075;-30;16
5076;-32;30
5077;-36;52
5078;-54;52
5079;-44;48
5080;-48;44
5081;-50;42
5082;-58;36
5083;-58;18
5084;-64;24
5085;-66;52
5086;-70;52
5087;-74;46
5088;-76;44
5089;-84;42
5090;-84;34
5091;-90;18
5092;-92;26
5093;-90;52
5094;-96;54
5095;-100;12
5096;-104;8
5097;-106;-10
5098;-108;-18
5099;-112;12
5100;-114;20
5101;-116;16
5102;-118;10
5103;-120;8
5104;-128;6
5105;-124;0
5106;-126;-16
5107;-128;-12
5108;-130;16
5109;-132;18
5110;-132;12
5111;-134;10
5112;-134;6
5113;-134;8
5114;-136;6
5115;-136;-20
5116;-138;-36
5117;-138;-42
5118;-136;-24
5119;-130;-6
5120;-134;-8
5121;-134;-12
5122;-134;-16
5123;-132;-18
5124;-134;-18
5125;-132;-30
5126;-130;-42
5127;-126;-30
5128;-124;-10
5129;-122;-6
5130;-120;-12
5131;-118;-14
5132;-114;-18
5133;-112;-18
5134;-112;-24
5135;-106;-38
5136;-104;-48
5137;-100;-28
5138;-98;-20
5139;-92;-24
5140;-90;-30
5141;-86;-30
5142;-82;-32
5143;-78;-44
5144;-74;-54
5145;-82;-36
5146;-66;-20
5147;-64;-24
5148;-56;-28
5149;-56;-30
5150;-46;-30
5151;-44;-32
5152;-38;-32
5153;-32;-46
5154;-28;-54
5155;-24;-38
5156;-18;-20
5157;-12;-30
5158;-8;-34
5159;-2;-42
5160;-4;-56
5161;6;-56
5162;12;-32
5163;14;-26
5164;34;-32
5165;24;-36
5166;26;-38
5167;32;-40
5168;34;-44
5169;40;-58
5170;42;-58
5171;46;-32
5172;52;-28
5173;56;-32
5174;60;-34
5175;60;-38
5176;64;-42
5177;68;-54
5178;72;-56
5179;74;-34
5180;80;-20
5181;80;-22
5182;84;-26
5183;88;-30
5184;88;-30
5185;92;-30
5186;94;-34
5187;98;-48
5188;100;-54
5189;102;-34
5190;96;-20
5191;108;-22
5192;108;-26
5193;112;-28
5194;114;-30
5195;114;-30
5196;116;-30
5197;118;-42
5198;122;-52
5199;120;-22
5200;122;0
5201;122;2
5202;124;-2
5203;124;-8
5204;124;-8
5205;128;-8
5206;124;-16
5207;124;-30
5208;126;-28
5209;124;-6
5210;126;4
5211;126;-2
5212;128;-6
5213;126;-8
5214;124;-10
5215;126;-10
5216;126;-12
5217;124;-28
5218;124;-34
5219;122;-4
5220;116;38
5221;120;32
5222;118;28
5223;118;26
5224;118;24
5225;116;10
5226;112;0
5227;112;20
5228;110;38
5229;108;36
5230;104;30
5231;102;28
5232;102;26
5233;100;24
5234;98;8
5235;102;2
5236;94;20
5237;88;36
5238;88;34
5239;84;28
5240;82;28
5241;78;48
5242;78;32
5243;74;40
5244;70;66
5245;68;70
5246;66;64
5247;64;60
5248;60;58
5249;58;56
5250;52;52
5251;54;36
5252;50;34
5253;48;62
5254;40;68
5255;40;62
5256;40;58
5257;38;56
5258;36;56
5259;32;46
5260;30;32
5261;20;48
5262;24;62
5263;24;60
5264;22;56
5265;12;62
5266;16;70
5267;14;68
5268;12;64
5269;12;62
5270;6;62
5271;4;60
5272;2;46
5273;0;34
5274;-6;60
5275;-8;72
5276;-14;68
5277;-16;64
5278;-20;62
5279;-24;60
5280;-16;60
5281;-30;48
5282;-34;14
5283;-38;24
5284;-44;46
5285;-44;50
5286;-48;44
5287;-52;40
5288;-56;38
5289;-60;38
5290;-62;28
5291;-44;14
5292;-70;26
5293;-74;50
5294;-78;48
5295;-92;42
5296;-86;42
5297;-88;38
5298;-92;36
5299;-98;20
5300;-98;12
5301;-100;38
5302;-104;50
5303;-108;12
5304;-110;8
5305;-112;-4
5306;-128;-20
5307;-116;-14
5308;-120;10
5309;-122;16
5310;-118;10
5311;-126;6
5312;-126;4
5313;-126;4
5314;-132;-12
5315;-130;-22
5316;-130;-6
5317;-132;14
5318;-134;14
5319;-134;8
5320;-136;6
5321;-140;4
5322;-136;2
5323;-136;4
5324;-136;-32
5325;-134;-44
5326;-134;-32
5327;-136;-10
5328;-132;-12
5329;-132;-18
5330;-130;-20
5331;-130;-22
5332;-130;-22
5333;-128;-32
5334;-126;-44
5335;-122;-36
5336;-112;-14
5337;-118;-10
5338;-116;-16
5339;-112;-20
5340;-106;-20
5341;-106;-22
5342;-102;-24
5343;-100;-40
5344;-96;-42
5345;-94;-34
5346;-88;-22
5347;-86;-26
5348;-84;-28
5349;-78;-32
5350;-74;-32
5351;-76;-32
5352;-66;-42
5353;-60;-56
5354;-58;-44
5355;-58;-22
5356;-48;-24
5357;-42;-28
5358;-36;-32
5359;-30;-32
5360;-26;-32
5361;-22;-40
5362;2;-56
5363;-14;-48
5364;-8;-26
5365;-4;-24
5366;-2;-30
5367;6;-34
5368;10;-36
5369;16;-42
5370;24;-56
5371;24;-56
5372;26;-32
5373;32;-26
5374;38;-32
5375;38;-34
5376;44;-36
5377;46;-48
5378;50;-60
5379;54;-48
5380;58;-28
5381;72;-26
5382;64;-30
5383;68;-34
5384;72;-36
5385;70;-36
5386;78;-30
5387;82;-46
5388;84;-52
5389;88;-34
5390;90;-16
5391;92;-18
5392;114;-24
5393;98;-26
5394;100;-28
5395;104;-28
5396;100;-42
5397;108;-52
5398;110;-32
5399;112;-16
5400;112;-20
5401;114;-24
5402;118;-26
5403;118;-28
5404;118;-28
5405;122;-30
5406;122;-46
5407;118;-28
5408;124;-6
5409;124;8
5410;124;6
5411;128;-2
5412;126;-4
5413;126;-4
5414;126;-8
5415;130;-24
5416;124;-26
5417;126;2
5418;128;8
5419;126;2
5420;126;-2
5421;126;-4
5422;128;-4
5423;124;-18
5424;122;-28
5425;122;-10
5426;118;8
5427;120;4
5428;118;36
5429;118;20
5430;114;6
5431;114;24
5432;112;44
5433;110;42
5434;110;38
5435;108;34
5436;106;32
5437;100;30
5438;102;28
5439;100;12
5440;98;8
5441;94;30
5442;92;44
5443;88;40
5444;88;36
5445;86;34
5446;82;32
5447;78;32
5448;76;32
5449;72;46
5450;70;34
5451;70;42
5452;68;66
5453;64;72
5454;60;66
5455;56;62
5456;48;60
5457;52;58
5458;50;56
5459;46;38
5460;44;34
5461;42;56
5462;40;70
5463;38;66
5464;34;62
5465;34;60
5466;30;60
5467;32;52
5468;28;34
5469;24;42
5470;22;66
5471;18;70
5472;16;64
5473;14;62
5474;12;58
5475;10;58
5476;6;58
5477;4;48
5478;8;34
5479;-4;44
5480;-6;68
5481;-8;70
5482;-18;64
5483;-14;60
5484;-20;58
5485;-24;58
5486;-36;54
5487;-30;36
5488;-34;36
5489;-40;60
5490;-40;46
5491;-48;42
5492;-50;38
5493;-64;36
5494;-58;32
5495;-60;32
5496;-66;16
5497;-64;8
5498;-70;36
5499;-76;46
5500;-78;40
5501;-82;36
5502;-86;36
5503;-90;34
5504;-94;28
5505;-96;12
5506;-100;14
5507;-102;42
5508;-106;44
5509;-106;40
5510;-110;36
5511;-112;2
5512;-110;-16
5513;-116;-24
5514;-118;-6
5515;-122;12
5516;-120;12
5517;-124;6
5518;-126;4
5519;-128;2
5520;-130;0
5521;-130;0
5522;-132;-16
5523;-130;-24
5524;-134;-8
5525;-136;12
5526;-136;12
5527;-136;6
5528;-136;2
5529;-134;2
5530;-136;-2
5531;-136;2
5532;-136;-30
5533;-136;-44
5534;-134;-42
5535;-132;-16
5536;-132;-10
5537;-130;-18
5538;-134;-20
5539;-128;-22
5540;-126;-22
5541;-120;-30
5542;-118;-44
5543;-116;-40
5544;-114;-18
5545;-110;-12
5546;-106;-16
5547;-104;-20
5548;-102;-22
5549;-100;-22
5550;-98;-24
5551;-94;-40
5552;-88;-46
5553;-78;-36
5554;-82;-22
5555;-78;-26
5556;-74;-30
5557;-66;-34
5558;-66;-34
5559;-60;-34
5560;-56;-46
5561;-50;-58
5562;-46;-38
5563;-42;-22
5564;-36;-24
5565;-34;-30
5566;-26;-32
5567;-24;-34
5568;-22;-42
5569;-14;-56
5570;-10;-48
5571;-4;-26
5572;-8;-24
5573;6;-26
5574;8;-34
5575;14;-40
5576;20;-58
5577;24;-60
5578;28;-34
5579;24;-26
5580;36;-32
5581;40;-36
5582;44;-38
5583;48;-42
5584;52;-56
5585;56;-60
5586;58;-40
5587;60;-26
5588;64;-30
5589;70;-34
5590;74;-38
5591;78;-38
5592;78;-38
5593;82;-44
5594;76;-56
5595;88;-46
5596;90;-26
5597;94;-16
5598;108;-18
5599;98;-24
5600;102;-24
5601;104;-26
5602;104;-32
5603;108;-46
5604;110;-46
5605;110;-20
5606;114;-16
5607;116;-20
5608;118;-24
5609;130;-26
5610;120;-30
5611;122;-46
5612;122;-46
5613;110;-20
5614;124;-16
5615;122;8
5616;124;-6
5617;122;-22
5618;124;-14
5619;124;12
5620;126;10
5621;124;6
5622;126;2
5623;124;0
5624;124;-10
5625;126;-24
5626;126;-16
5627;126;10
5628;128;12
5629;124;6
5630;122;2
5631;122;0
5632;124;-2
5633;120;-18
5634;120;-24
5635;116;-4
5636;114;48
5637;116;44
5638;112;40
5639;116;38
5640;108;36
5641;106;32
5642;104;16
5643;102;12
5644;102;34
5645;100;48
5646;94;44
5647;92;40
5648;92;36
5649;88;34
5650;86;34
5651;82;20
5652;80;10
5653;76;36
5654;72;48
5655;74;44
5656;70;38
5657;66;62
5658;64;44
5659;60;36
5660;58;62
5661;56;74
5662;54;68
5663;52;64
5664;50;62
5665;48;60
5666;44;44
5667;42;34
5668;40;54
5669;40;72
5670;36;72
5671;34;64
5672;32;64
5673;30;60
5674;26;60
5675;26;58
5676;22;42
5677;20;36
5678;18;52
5679;14;62
5680;12;58
5681;8;56
5682;4;66
5683;4;68
5684;-4;64
5685;-4;62
5686;-6;60
5687;-10;60
5688;-8;60
5689;-18;48
5690;-20;34
5691;-26;46
5692;-28;68
5693;-32;70
5694;-36;64
5695;-18;60
5696;-44;60
5697;-48;58
5698;-52;60
5699;-62;20
5700;-58;6
5701;-62;16
5702;-66;38
5703;-76;40
5704;-74;36
5705;-76;34
5706;-80;32
5707;-82;30
5708;-88;20
5709;-88;6
5710;-110;20
5711;-96;42
5712;-100;40
5713;-100;34
5714;-110;30
5715;-106;30
5716;-110;28
5717;-112;16
5718;-114;2
5719;-116;22
5720;-120;6
5721;-120;6
5722;-122;0
5723;-126;-2
5724;-128;-4
5725;-124;-4
5726;-130;-18
5727;-130;-30
5728;-132;-16
5729;-136;6
5730;-134;6
5731;-134;2
5732;-134;-2
5733;-134;-4
5734;-136;-4
5735;-136;-14
5736;-136;-28
5737;-136;-20
5738;-134;4
5739;-134;6
5740;-128;-16
5741;-132;-22
5742;-132;-26
5743;-128;-42
5744;-128;-46
5745;-126;-20
5746;-126;-14
5747;-120;-18
5748;-122;-22
5749;-116;-24
5750;-114;-24
5751;-110;-24
5752;-108;-34
5753;-106;-48
5754;-102;-40
5755;-102;-18
5756;-96;-14
5757;-92;-18
5758;-88;-22
5759;-84;-24
5760;-80;-24
5761;-76;-36
5762;-72;-52
5763;-68;-58
5764;-66;-38
5765;-62;-24
5766;-54;-24
5767;-52;-28
5768;-46;-32
5769;-44;-34
5770;-34;-34
5771;-32;-36
5772;-28;-52
5773;-22;-56
5774;-16;-36
5775;-14;-22
5776;-8;-26
5777;-4;-30
5778;2;-32
5779;6;-34
5780;10;-36
5781;14;-46
5782;18;-60
5783;24;-50
5784;28;-30
5785;26;-28
5786;36;-32
5787;40;-36
5788;44;-38
5789;56;-38
5790;52;-38
5791;56;-50
5792;60;-62
5793;62;-44
5794;66;-26
5795;70;-28
5796;92;-34
5797;76;-36
5798;80;-36
5799;84;-38
5800;80;-48
5801;86;-60
5802;92;-52
5803;96;-18
5804;94;-14
5805;100;-20
5806;102;-24
5807;104;-24
5808;106;-24
5809;108;-30
5810;110;-46
5811;90;-44
5812;114;-22
5813;116;-14
5814;116;-18
5815;130;-22
5816;118;-24
5817;120;-24
5818;120;-24
5819;118;-32
5820;122;-46
5821;122;-42
5822;124;-16
5823;124;-14
5824;124;10
5825;122;6
5826;132;-6
5827;124;-20
5828;126;-12
5829;128;12
5830;124;14
5831;126;10
5832;126;6
5833;126;4
5834;126;4
5835;124;-6
5836;122;-20
5837;122;-8
5838;122;16
5839;120;14
5840;118;8
5841;114;4
5842;116;4
5843;116;0
5844;112;4
5845;110;22
5846;108;12
5847;106;24
5848;104;48
5849;106;48
5850;100;44
5851;100;40
5852;96;38
5853;92;36
5854;90;26
5855;88;12
5856;90;22
5857;82;44
5858;80;46
5859;78;44
5860;74;40
5861;72;38
5862;70;38
5863;68;32
5864;62;14
5865;64;20
5866;60;62
5867;58;62
5868;56;60
5869;52;60
5870;50;64
5871;44;70
5872;46;68
5873;44;66
5874;40;64
5875;38;64
5876;38;62
5877;36;54
5878;30;38
5879;30;50
5880;26;72
5881;26;70
5882;20;66
5883;18;64
5884;16;62
5885;12;60
5886;12;52
5887;8;38
5888;4;32
5889;2;62
5890;-4;68
5891;-4;64
5892;-6;58
5893;-10;56
5894;-14;54
5895;-20;40
5896;-22;32
5897;-24;56
5898;-30;68
5899;-32;64
5900;-36;60
5901;-36;56
5902;-42;56
5903;-48;46
5904;-52;32
5905;-50;36
5906;-60;62
5907;-62;38
5908;-64;32
5909;-70;28
5910;-72;26
5911;-74;24
5912;-64;10
5913;-82;0
5914;-86;16
5915;-90;36
5916;-100;36
5917;-96;30
5918;-100;26
5919;-102;26
5920;-110;24
5921;-106;8
5922;-110;-2
5923;-112;20
5924;-114;36
5925;-118;34
5926;-118;28
5927;-140;26
5928;-124;-8
5929;-124;-24
5930;-126;-30
5931;-114;-8
5932;-130;6
5933;-132;2
5934;-132;-4
5935;-132;-4
5936;-134;-6
5937;-134;-10
5938;-134;-28
5939;-136;-26
5940;-136;2
5941;-136;6
5942;-116;-2
5943;-136;-4
5944;-134;-6
5945;-134;-8
5946;-146;-24
5947;-132;-32
5948;-132;-10
5949;-130;-16
5950;-128;-18
5951;-124;-24
5952;-122;-26
5953;-120;-26
5954;-118;-30
5955;-114;-42
5956;-112;-52
5957;-118;-36
5958;-106;-16
5959;-104;-18
5960;-100;-22
5961;-98;-26
5962;-96;-26
5963;-92;-28
5964;-86;-30
5965;-84;-46
5966;-82;-52
5967;-76;-30
5968;-74;-18
5969;-70;-16
5970;-66;-32
5971;-60;-36
5972;-56;-50
5973;-52;-60
5974;-48;-40
5975;-42;-26
5976;-34;-28
5977;-34;-32
5978;-30;-34
5979;-22;-36
5980;-16;-38
5981;-14;-44
5982;-8;-58
5983;-4;-50
5984;0;-26
5985;6;-26
5986;12;-32
5987;24;-34
5988;20;-36
5989;24;-36
5990;30;-38
5991;36;-54
5992;40;-62
5993;40;-44
5994;46;-28
5995;50;-26
5996;54;-32
5997;56;-36
5998;60;-36
5999;64;-42
6000;68;-58
6001;72;-56
6002;68;-36
6003;78;-26
6004;80;-30
6005;82;-34
6006;80;-36
6007;88;-36
6008;92;-38
6009;96;-44
6010;96;-60
6011;100;-36
6012;100;-14
6013;102;-12
6014;106;-16
6015;108;-18
6016;108;-20
6017;112;-22
6018;112;-34
6019;114;-46
6020;116;-32
6021;126;-12
6022;118;-12
6023;118;-16
6024;122;-20
6025;122;-22
6026;122;-22
6027;122;-32
6028;130;-44
6029;124;-32
6030;124;-10
6031;124;-10
6032;116;12
6033;124;-2
6034;124;-18
6035;128;-2
6036;124;18
6037;126;16
6038;126;12
6039;126;8
6040;124;8
6041;124;-6
6042;124;-18
6043;114;-2
6044;120;18
6045;122;16
6046;118;10
6047;120;8
6048;116;6
6049;114;6
6050;110;-12
6051;112;-20
6052;108;2
6053;106;54
6054;104;52
6055;102;44
6056;100;44
6057;98;42
6058;100;28
6059;92;16
6060;90;32
6061;88;52
6062;90;52
6063;84;48
6064;80;44
6065;78;42
6066;76;42
6067;72;40
6068;72;24
6069;68;16
6070;66;42
6071;64;54
6072;62;50
6073;56;46
6074;56;60
6075;54;42
6076;50;44
6077;48;68
6078;46;76
6079;42;72
6080;40;68
6081;38;66
6082;36;64
6083;32;64
6084;32;48
6085;26;38
6086;26;62
6087;22;76
6088;18;72
6089;18;66
6090;16;66
6091;12;64
6092;10;56
6093;8;38
6094;4;48
6095;2;62
6096;0;68
6097;-6;62
6098;-10;58
6099;-14;56
6100;-16;56
6101;-20;54
6102;-22;50
6103;-20;34
6104;-30;32
6105;-34;54
6106;-36;66
6107;-42;64
6108;-44;58
6109;-48;56
6110;-50;56
6111;-54;56
6112;-58;38
6113;-62;28
6114;-62;54
6115;-70;36
6116;-70;30
6117;-76;26
6118;-76;24
6119;-82;20
6120;-86;4
6121;-88;-4
6122;-94;16
6123;-94;34
6124;-98;32
6125;-102;28
6126;-106;24
6127;-108;22
6128;-108;20
6129;-102;8
6130;-114;-4
6131;-116;18
6132;-118;34
6133;-126;30
6134;-122;26
6135;-126;22
6136;-126;-10
6137;-136;-26
6138;-130;-34
6139;-132;-14
6140;-132;4
6141;-130;2
6142;-134;-4
6143;-134;-6
6144;-156;-8
6145;-136;-12
6146;-136;-28
6147;-136;-32
6148;-126;-4
6149;-134;4
6150;-136;0
6151;-134;-6
6152;-130;-8
6153;-130;-10
6154;-130;-14
6155;-128;-32
6156;-124;-28
6157;-124;-22
6158;-122;-12
6159;-106;-20
6160;-116;-24
6161;-116;-26
6162;-112;-26
6163;-118;-28
6164;-106;-44
6165;-106;-50
6166;-102;-30
6167;-98;-16
6168;-96;-16
6169;-92;-22
6170;-90;-24
6171;-86;-26
6172;-82;-26
6173;-78;-38
6174;-86;-50
6175;-70;-38
6176;-64;-18
6177;-60;-18
6178;-52;-32
6179;-50;-36
6180;-48;-42
6181;-42;-58
6182;-36;-58
6183;-32;-30
6184;-26;-28
6185;-22;-32
6186;-16;-36
6187;-12;-38
6188;-8;-38
6189;-8;-46
6190;4;-60
6191;8;-54
6192;14;-32
6193;18;-28
6194;20;-32
6195;26;-36
6196;30;-36
6197;38;-38
6198;40;-38
6199;44;-48
6200;48;-60
6201;50;-54
6202;54;-32
6203;58;-26
6204;68;-30
6205;64;-36
6206;68;-36
6207;72;-38
6208;76;-46
6209;76;-60
6210;80;-52
6211;84;-30
6212;88;-26
6213;90;-32
6214;90;-34
6215;92;-36
6216;96;-38
6217;100;-50
6218;102;-62
6219;100;-40
6220;106;-8
6221;108;-10
6222;108;-16
6223;102;-18
6224;112;-20
6225;114;-36
6226;116;-44
6227;118;-24
6228;118;-8
6229;120;-10
6230;116;-14
6231;122;-18
6232;122;-18
6233;124;-20
6234;118;-22
6235;122;-38
6236;124;-40
6237;124;-16
6238;124;-8
6239;126;-12
6240;126;14
6241;126;2
6242;126;-12
6243;126;-6
6244;126;18
6245;122;22
6246;122;18
6247;124;12
6248;124;10
6249;134;10
6250;122;4
6251;120;-12
6252;118;-10
6253;116;14
6254;116;24
6255;112;18
6256;110;12
6257;110;12
6258;108;10
6259;106;8
6260;126;-8
6261;102;22
6262;100;40
6263;98;58
6264;82;56
6265;96;52
6266;90;48
6267;88;48
6268;84;46
6269;84;38
6270;82;24
6271;78;30
6272;76;56
6273;74;58
6274;72;52
6275;58;48
6276;66;46
6277;64;46
6278;60;38
6279;64;22
6280;54;28
6281;52;52
6282;50;78
6283;50;72
6284;46;68
6285;42;66
6286;40;64
6287;38;62
6288;34;48
6289;32;38
6290;28;58
6291;26;76
6292;24;76
6293;22;70
6294;22;66
6295;18;64
6296;14;64
6297;12;62
6298;10;48
6299;6;38
6300;4;58
6301;-2;74
6302;-2;74
6303;-8;58
6304;-10;54
6305;-8;42
6306;-16;28
6307;-22;40
6308;-24;62
6309;-28;64
6310;-32;58
6311;-34;54
6312;-38;54
6313;-40;52
6314;-44;48
6315;-46;32
6316;-50;28
6317;-56;50
6318;-58;64
6319;-60;60
6320;-70;56
6321;-70;54
6322;-72;52
6323;-76;52
6324;-88;12
6325;-84;-4
6326;-86;2
6327;-90;26
6328;-92;32
6329;-96;26
6330;-98;24
6331;-108;20
6332;-104;20
6333;-106;10
6334;-110;-4
6335;-114;6
6336;-114;30
6337;-116;30
6338;-118;24
6339;-116;20
6340;-122;20
6341;-126;16
6342;-126;0
6343;-130;-6
6344;-128;20
6345;-132;0
6346;-128;-4
6347;-132;-8
6348;-134;-10
6349;-134;-10
6350;-128;-14
6351;-134;-28
6352;-136;-36
6353;-134;-16
6354;-140;0
6355;-134;-4
6356;-134;-8
6357;-134;-10
6358;-130;-12
6359;-132;-12
6360;-130;-24
6361;-114;-36
6362;-126;-22
6363;-124;0
6364;-122;-2
6365;-116;-22
6366;-118;-34
6367;-116;-48
6368;-112;-44
6369;-110;-20
6370;-108;-16
6371;-106;-20
6372;-100;-24
6373;-100;-26
6374;-94;-28
6375;-92;-28
6376;-82;-40
6377;-86;-52
6378;-84;-38
6379;-78;-20
6380;-78;-16
6381;-70;-22
6382;-66;-26
6383;-60;-26
6384;-56;-28
6385;-52;-28
6386;-46;-40
6387;-42;-56
6388;-36;-60
6389;-30;-40
6390;-26;-26
6391;-18;-30
6392;-16;-34
6393;-12;-36
6394;-6;-38
6395;-2;-38
6396;4;-46
6397;8;-60
6398;14;-54
6399;16;-32
6400;22;-26
6401;26;-32
6402;32;-36
6403;36;-38
6404;40;-38
6405;44;-40
6406;42;-52
6407;52;-60
6408;54;-44
6409;58;-26
6410;58;-26
6411;64;-30
6412;68;-36
6413;70;-36
6414;76;-38
6415;76;-48
6416;80;-60
6417;82;-42
6418;84;-24
6419;88;-28
6420;92;-32
6421;102;-34
6422;96;-36
6423;98;-38
6424;100;-52
6425;106;-58
6426;106;-42
6427;106;-24
6428;110;-8
6429;112;-14
6430;114;-16
6431;116;-18
6432;116;-18
6433;116;-30
6434;118;-40
6435;120;-24
6436;118;-6
6437;122;-8
6438;124;-14
6439;124;-16
6440;114;-16
6441;124;-22
6442;124;-38
6443;126;-38
6444;128;-14
6445;126;-4
6446;126;-8
6447;118;-14
6448;126;-16
6449;126;8
6450;126;-8
6451;124;-2
6452;124;26
6453;124;26
6454;122;22
6455;126;16
6456;120;16
6457;120;12
6458;118;-4
6459;116;-10
6460;114;14
6461;114;28
6462;102;24
6463;110;18
6464;108;16
6465;106;16
6466;110;16
6467;104;12
6468;100;-4
6469;98;-8
6470;90;46
6471;94;64
6472;90;60
6473;88;54
6474;86;52
6475;84;52
6476;82;44
6477;70;30
6478;76;32
6479;74;56
6480;70;64
6481;70;58
6482;66;54
6483;62;52
6484;60;52
6485;56;48
6486;54;30
6487;52;26
6488;50;56
6489;46;62
6490;44;60
6491;42;66
6492;42;46
6493;38;46
6494;34;74
6495;32;80
6496;26;72
6497;28;70
6498;24;68
6499;20;64
6500;22;46
6501;16;42
6502;14;64
6503;12;80
6504;8;74
6505;8;70
6506;2;68
6507;2;66
6508;-4;66
6509;-8;60
6510;-10;42
6511;-10;28
6512;-16;52
6513;-20;60
6514;-22;56
6515;-28;52
6516;-30;50
6517;-34;48
6518;-38;42
6519;-40;24
6520;-44;30
6521;-48;52
6522;-56;60
6523;-54;54
6524;-58;52
6525;-64;48
6526;-66;48
6527;-70;42
6528;-72;26
6529;-76;30
6530;-76;56
6531;-82;60
6532;-86;20
6533;-90;16
6534;-94;2
6535;-96;-10
6536;-98;-2
6537;-98;22
6538;-104;24
6539;-108;20
6540;-110;16
6541;-114;14
6542;-114;14
6543;-116;4
6544;-120;-12
6545;-120;-2
6546;-124;20
6547;-126;24
6548;-122;18
6549;-130;16
6550;-130;14
6551;-130;12
6552;-128;14
6553;-132;-22
6554;-134;-36
6555;-134;-36
6556;-128;-14
6557;-136;-2
6558;-134;-6
6559;-136;-12
6560;-134;-14
6561;-134;-14
6562;-134;-20
6563;-120;-36
6564;-134;-34
6565;-132;-8
6566;-132;-4
6567;-132;-8
6568;-126;-12
6569;-126;-14
6570;-124;-14
6571;-122;-20
6572;-120;-36
6573;-116;-34
6574;-114;-28
6575;-110;-20
6576;-108;-24
6577;-104;-28
6578;-116;-28
6579;-102;-30
6580;-94;-34
6581;-92;-50
6582;-78;-50
6583;-84;-22
6584;-82;-18
6585;-78;-24
6586;-70;-28
6587;-68;-28
6588;-64;-32
6589;-60;-48
6590;-56;-50
6591;-50;-22
6592;-48;-18
6593;-18;-24
6594;-34;-26
6595;-30;-46
6596;-22;-60
6597;-32;-56
6598;-16;-34
6599;-10;-28
6600;-6;-32
6601;-4;-36
6602;4;-38
6603;10;-38
6604;14;-46
6605;20;-62
6606;24;-50
6607;28;-30
6608;18;-28
6609;34;-34
6610;40;-36
6611;42;-38
6612;48;-40
6613;50;-54
6614;54;-62
6615;56;-32
6616;62;-24
6617;64;-28
6618;68;-32
6619;72;-36
6620;72;-50
6621;76;-58
6622;80;-42
6623;86;-24
6624;84;-24
6625;88;-30
6626;92;-32
6627;96;-34
6628;96;-34
6629;98;-38
6630;102;-50
6631;102;-58
6632;106;-38
6633;108;-24
6634;112;-26
6635;112;-30
6636;114;-12
6637;116;-24
6638;120;-38
6639;118;-24
6640;120;-2
6641;120;-4
6642;120;-10
6643;122;-14
6644;124;-14
6645;122;-14
6646;126;-28
6647;124;-40
6648;124;-22
6649;124;-4
6650;124;-4
6651;124;-10
6652;126;-12
6653;126;-14
6654;126;-14
6655;124;-20
6656;126;-36
6657;116;2
6658;122;26
6659;124;30
6660;122;26
6661;122;22
6662;120;20
6663;120;20
6664;110;18
6665;116;2
6666;116;-6
6667;114;22
6668;116;32
6669;112;28
6670;110;22
6671;106;22
6672;112;20
6673;104;18
6674;102;4
6675;98;-8
6676;96;8
6677;94;30
6678;90;68
6679;106;60
6680;86;56
6681;84;56
6682;80;54
6683;68;38
6684;74;30
6685;74;58
6686;70;68
6687;62;64
6688;64;60
6689;62;56
6690;60;56
6691;58;50
6692;52;32
6693;50;34
6694;30;60
6695;44;68
6696;44;62
6697;40;58
6698;42;58
6699;36;62
6700;32;46
6701;30;50
6702;28;74
6703;26;80
6704;24;76
6705;22;72
6706;18;70
6707;16;68
6708;14;68
6709;14;60
6710;8;44
6711;6;52
6712;2;74
6713;6;80
6714;-2;76
6715;-4;70
6716;-12;70
6717;-10;68
6718;-16;66
6719;-18;68
6720;-24;34
6721;-26;22
6722;-30;40
6723;-34;58
6724;-40;56
6725;-42;50
6726;-46;48
6727;-48;46
6728;-48;46
6729;-56;34
6730;-58;20
6731;-60;34
6732;-66;56
6733;-70;58
6734;-72;54
6735;-76;48
6736;-80;46
6737;-82;46
6738;-86;46
6739;-96;40
6740;-92;-8
6741;-96;-12
6742;-98;10
6743;-100;24
6744;-106;20
6745;-106;14
6746;-110;12
6747;-110;12
6748;-114;12
6749;-116;10
6750;-118;-2
6751;-122;-14
6752;-122;2
6753;-124;22
6754;-120;20
6755;-128;16
6756;-130;12
6757;-132;12
6758;-134;10
6759;-134;-2
6760;-134;-16
6761;-132;-26
6762;-134;-14
6763;-136;-18
6764;-136;-20
6765;-136;-14
6766;-136;-8
6767;-136;-12
6768;-134;-14
6769;-140;-16
6770;-134;-16
6771;-132;-18
6772;-130;-18
6773;-136;-18
6774;-128;-30
6775;-126;-42
6776;-124;-20
6777;-120;-4
6778;-118;-8
6779;-116;-14
6780;-122;-16
6781;-110;-16
6782;-106;-36
6783;-104;-50
6784;-102;-52
6785;-96;-26
6786;-94;-22
6787;-92;-26
6788;-88;-30
6789;-86;-32
6790;-80;-32
6791;-76;-38
6792;-70;-52
6793;-68;-50
6794;-64;-28
6795;-56;-20
6796;-56;-24
6797;-48;-28
6798;-44;-30
6799;-32;-32
6800;-34;-40
6801;-30;-56
6802;-24;-48
6803;-24;-34
6804;-14;-28
6805;-10;-34
6806;-4;-38
6807;0;-38
6808;4;-40
6809;10;-48
6810;14;-60
6811;18;-56
6812;22;-34
6813;28;-28
6814;28;-32
6815;34;-36
6816;38;-38
6817;42;-40
6818;48;-44
6819;50;-58
6820;54;-58
6821;58;-32
6822;62;-30
6823;66;-32
6824;68;-30
6825;78;-34
6826;76;-50
6827;76;-56
6828;78;-38
6829;74;-20
6830;86;-24
6831;90;-28
6832;92;-30
6833;94;-32
6834;98;-36
6835;100;-54
6836;102;-52
6837;104;-30
6838;108;-22
6839;108;-26
6840;116;-28
6841;114;-32
6842;114;-32
6843;116;-34
6844;116;-32
6845;118;-24
6846;118;-36
6847;120;-24
6848;118;-2
6849;124;0
6850;122;-6
6851;124;-8
6852;124;-10
6853;124;-14
6854;124;-28
6855;116;-36
6856;126;-14
6857;126;0
6858;124;-2
6859;124;-6
6860;126;-10
6861;126;-10
6862;126;-12
6863;126;-12
6864;124;-26
6865;124;0
6866;124;16
6867;122;34
6868;122;34
6869;120;30
6870;124;26
6871;118;26
6872;118;24
6873;114;18
6874;114;2
6875;110;8
6876;110;34
6877;108;36
6878;106;30
6879;102;26
6880;100;26
6881;100;26
6882;96;14
6883;94;2
6884;92;6
6885;88;30
6886;84;72
6887;82;68
6888;80;62
6889;74;60
6890;74;58
6891;72;42
6892;68;32
6893;66;52
6894;62;70
6895;60;70
6896;56;64
6897;54;60
6898;52;60
6899;50;58
6900;38;42
6901;44;34
6902;42;58
6903;40;72
6904;32;66
6905;34;60
6906;32;60
6907;30;64
6908;30;44
6909;26;42
6910;24;64
6911;0;80
6912;18;74
6913;14;70
6914;12;68
6915;22;68
6916;8;62
6917;6;44
6918;2;44
6919;2;72
6920;-2;78
6921;-6;72
6922;-8;68
6923;-14;68
6924;-18;66
6925;-20;58
6926;-6;42
6927;-26;46
6928;-30;48
6929;-34;56
6930;-46;50
6931;-40;46
6932;-44;44
6933;-48;42
6934;-54;36
6935;-54;20
6936;-58;26
6937;-62;52
6938;-68;54
6939;-70;48
6940;-74;44
6941;-88;42
6942;-80;42
6943;-84;32
6944;-86;18
6945;-86;26
6946;-94;50
6947;-96;52
6948;-100;52
6949;-100;10
6950;-104;-6
6951;-106;-18
6952;-110;-2
6953;-110;18
6954;-114;18
6955;-118;14
6956;-120;10
6957;-118;8
6958;-122;4
6959;-124;-14
6960;-128;-16
6961;-128;8
6962;-128;18
6963;-130;16
6964;-132;10
6965;-134;10
6966;-134;8
6967;-134;6
6968;-136;6
6969;-136;8
6970;-136;-36
6971;-134;-46
6972;-136;-26
6973;-136;-8
6974;-136;-14
6975;-136;-18
6976;-134;-20
6977;-132;-22
6978;-132;-28
6979;-128;-44
6980;-128;-40
6981;-126;-18
6982;-124;-10
6983;-120;-14
6984;-118;-20
6985;-116;-20
6986;-116;-22
6987;-110;-22
6988;-106;-32
6989;-106;-46
6990;-110;-46
6991;-98;-28
6992;-94;-26
6993;-90;-30
6994;-86;-34
6995;-82;-36
6996;-80;-40
6997;-74;-54
6998;-72;-56
6999;-66;-28
7000;-62;-24
7001;-56;-30
7002;-52;-32
7003;-48;-34
7004;-42;-36
7005;-28;-46
7006;-32;-58
7007;-28;-44
7008;-24;-24
7009;-20;-26
7010;-14;-30
7011;-10;-38
7012;4;-52
7013;-2;-62
7014;4;-50
7015;8;-28
7016;8;-30
7017;18;-34
7018;22;-36
7019;26;-38
7020;26;-48
7021;36;-62
7022;40;-50
7023;42;-26
7024;48;-30
7025;50;-34
7026;54;-36
7027;36;-38
7028;62;-42
7029;64;-56
7030;68;-62
7031;84;-40
7032;76;-18
7033;76;-22
7034;80;-26
7035;88;-30
7036;88;-30
7037;90;-44
7038;92;-52
7039;96;-40
7040;98;-20
7041;102;-20
7042;124;-24
7043;104;-28
7044;106;-28
7045;108;-30
7046;98;-34
7047;112;-50
7048;114;-50
7049;114;-22
7050;114;-18
7051;118;-24
7052;120;-26
7053;120;-12
7054;122;-28
7055;122;-30
7056;124;-10
7057;108;2
7058;124;2
7059;124;-4
7060;124;-6
7061;122;-8
7062;124;-10
7063;124;-16
7064;126;-30
7065;128;-24
7066;128;2
7067;128;2
7068;126;-2
7069;124;-6
7070;126;-8
7071;124;-8
7072;128;-20
7073;124;-32
7074;120;16
7075;122;38
7076;120;40
7077;118;36
7078;116;32
7079;116;30
7080;110;30
7081;110;26
7082;108;12
7083;106;4
7084;104;24
7085;104;40
7086;100;38
7087;104;32
7088;96;30
7089;92;30
7090;90;30
7091;88;20
7092;84;6
7093;82;10
7094;78;34
7095;76;72
7096;72;68
7097;72;64
7098;68;62
7099;64;60
7100;62;56
7101;62;38
7102;52;40
7103;54;68
7104;52;72
7105;50;66
7106;38;64
7107;44;62
7108;42;60
7109;40;50
7110;38;34
7111;36;46
7112;34;68
7113;26;72
7114;28;66
7115;26;64
7116;24;58
7117;22;40
7118;18;46
7119;18;72
7120;14;76
7121;16;72
7122;10;68
7123;6;64
7124;4;64
7125;0;48
7126;-4;36
7127;-6;54
7128;-4;74
7129;-12;74
7130;-16;68
7131;-20;66
7132;-26;64
7133;-28;60
7134;-30;44
7135;-34;38
7136;-36;44
7137;-42;50
7138;-46;44
7139;-48;40
7140;-52;38
7141;-54;38
7142;-60;34
7143;-62;18
7144;-66;16
7145;-70;44
7146;-74;50
7147;-82;46
7148;-80;40
7149;-84;38
7150;-86;38
7151;-94;26
7152;-94;14
7153;-96;22
7154;-100;46
7155;-102;48
7156;-104;44
7157;-106;6
7158;-114;-8
7159;-112;-22
7160;-114;-2
7161;-116;16
7162;-112;12
7163;-120;6
7164;-124;4
7165;-124;4
7166;-124;-12
7167;-130;-22
7168;-130;-8
7169;-130;14
7170;-134;14
7171;-134;8
7172;-134;6
7173;-130;2
7174;-136;2
7175;-136;0
7176;-138;-16
7177;-138;-20
7178;-136;-22
7179;-136;-10
7180;-136;-14
7181;-138;-18
7182;-134;-22
7183;-132;-22
7184;-130;-28
7185;-130;-42
7186;-128;-42
7187;-124;-20
7188;-126;-10
7189;-122;-14
7190;-116;-20
7191;-116;-20
7192;-112;-22
7193;-110;-32
7194;-106;-44
7195;-104;-36
7196;-98;-14
7197;-98;-12
7198;-94;-16
7199;-90;-36
7200;-86;-50
7201;-84;-60
7202;-78;-40
7203;-66;-24
7204;-70;-28
7205;-68;-32
7206;-62;-34
7207;-56;-36
7208;-52;-36
7209;-48;-42
7210;-42;-58
7211;-38;-52
7212;-34;-26
7213;-30;-26
7214;-24;-30
7215;-22;-34
7216;-14;-38
7217;-10;-36
7218;-8;-46
7219;0;-58
7220;4;-56
7221;8;-36
7222;8;-30
7223;18;-36
7224;22;-40
7225;26;-42
7226;32;-42
7227;34;-50
7228;38;-64
7229;44;-58
7230;46;-36
7231;52;-32
7232;56;-36
7233;62;-38
7234;62;-42
7235;66;-42
7236;68;-42
7237;80;-56
7238;76;-64
7239;76;-46
7240;82;-18
7241;84;-22
7242;88;-28
7243;90;-30
7244;104;-32
7245;96;-40
7246;98;-54
7247;100;-46
7248;96;-24
7249;104;-20
7250;108;-26
7251;110;-28
7252;102;-30
7253;114;-30
7254;116;-42
7255;116;-54
7256;118;-44
7257;118;-24
7258;120;-20
7259;106;-26
7260;120;-28
7261;122;-4
7262;122;-20
7263;120;-30
7264;124;-16
7265;124;6
7266;124;6
7267;128;0
7268;126;-2
7269;126;-4
7270;128;-6
7271;128;-16
7272;126;-28
7273;128;-20
7274;140;4
7275;126;6
7276;126;0
7277;124;-2
7278;114;-4
7279;122;-6
7280;122;-22
7281;120;-28
7282;118;38
7283;116;46
7284;116;40
7285;114;36
7286;112;34
7287;110;34
7288;108;26
7289;110;12
7290;104;14
7291;102;38
7292;100;46
7293;98;44
7294;96;36
7295;92;34
7296;90;34
7297;82;26
7298;84;10
7299;82;16
7300;76;40
7301;76;44
7302;72;40
7303;68;66
7304;62;50
7305;64;38
7306;62;58
7307;58;76
7308;56;74
7309;54;68
7310;52;64
7311;50;64
7312;48;64
7313;44;54
7314;42;40
7315;40;48
7316;38;74
7317;36;74
7318;34;68
7319;34;64
7320;30;64
7321;26;62
7322;24;62
7323;20;62
7324;18;50
7325;16;38
7326;12;44
7327;12;68
7328;8;72
7329;6;68
7330;4;64
7331;0;62
7332;-4;58
7333;-6;42
7334;-14;38
7335;-14;66
7336;-16;72
7337;-20;68
7338;-16;64
7339;-28;62
7340;-30;60
7341;-34;56
7342;-38;40
7343;-42;34
7344;-46;58
7345;-36;46
7346;-52;44
7347;-56;38
7348;-60;34
7349;-68;34
7350;-68;32
7351;-70;18
7352;-74;8
7353;-84;30
7354;-80;46
7355;-82;42
7356;-88;36
7357;-90;34
7358;-94;34
7359;-96;34
7360;-106;32
7361;-102;16
7362;-106;8
7363;-108;26
7364;-102;44
7365;-114;10
7366;-116;4
7367;-118;0
7368;-118;0
7369;-122;-4
7370;-126;-20
7371;-128;-22
7372;-128;-2
7373;-130;12
7374;-132;8
7375;-122;4
7376;-134;0
7377;-134;-2
7378;-136;0
7379;-150;-2
7380;-136;-12
7381;-138;-26
7382;-138;-16
7383;-138;8
7384;-136;10
7385;-136;4
7386;-134;-24
7387;-134;-36
7388;-132;-48
7389;-132;-38
7390;-128;-18
7391;-130;-14
7392;-126;-20
7393;-124;-24
7394;-122;-26
7395;-120;-26
7396;-116;-26
7397;-114;-38
7398;-114;-50
7399;-110;-30
7400;-106;-14
7401;-104;-18
7402;-98;-22
7403;-96;-26
7404;-92;-26
7405;-94;-26
7406;-86;-26
7407;-82;-42
7408;-78;-56
7409;-76;-58
7410;-72;-38
7411;-66;-26
7412;-62;-28
7413;-56;-32
7414;-54;-36
7415;-46;-38
7416;-44;-40
7417;-38;-56
7418;-34;-58
7419;-30;-38
7420;-24;-26
7421;-18;-28
7422;-14;-34
7423;-10;-34
7424;-6;-36
7425;0;-38
7426;4;-52
7427;10;-58
7428;16;-44
7429;18;-30
7430;22;-34
7431;26;-36
7432;30;-40
7433;36;-40
7434;40;-42
7435;42;-56
7436;48;-64
7437;52;-40
7438;54;-28
7439;54;-34
7440;62;-38
7441;66;-40
7442;70;-40
7443;74;-46
7444;74;-62
7445;78;-58
7446;84;-36
7447;84;-30
7448;88;-32
7449;92;-28
7450;94;-42
7451;96;-52
7452;98;-34
7453;100;-18
7454;110;-20
7455;104;-24
7456;108;-28
7457;108;-28
7458;110;-28
7459;110;-42
7460;114;-50
7461;122;-30
7462;114;-16
7463;118;-20
7464;120;-26
7465;112;-28
7466;122;-28
7467;124;-40
7468;126;-54
7469;118;-34
7470;126;12
7471;124;12
7472;126;6
7473;126;4
7474;126;2
7475;128;2
7476;106;-12
7477;128;-24
7478;126;-8
7479;128;10
7480;136;12
7481;128;6
7482;126;4
7483;126;2
7484;122;2
7485;122;-10
7486;122;-22
7487;120;-12
7488;120;10
7489;118;12
7490;114;48
7491;120;38
7492;110;20
7493;110;20
7494;106;46
7495;96;50
7496;102;44
7497;100;42
7498;98;40
7499;98;38
7500;92;28
7501;90;14
7502;88;22
7503;84;46
7504;84;52
7505;80;46
7506;82;42
7507;74;40
7508;72;38
7509;70;32
7510;68;16
7511;64;46
7512;62;70
7513;60;78
7514;54;72
7515;56;68
7516;54;66
7517;48;66
7518;48;58
7519;46;40
7520;44;50
7521;36;76
7522;38;76
7523;34;68
7524;34;68
7525;30;66
7526;28;64
7527;26;54
7528;24;40
7529;24;50
7530;18;74
7531;18;76
7532;14;70
7533;10;64
7534;8;56
7535;6;38
7536;4;42
7537;0;70
7538;-4;72
7539;-8;68
7540;-10;64
7541;-14;62
7542;-16;56
7543;-20;40
7544;-24;36
7545;-28;60
7546;-32;72
7547;-32;70
7548;-40;64
7549;-40;62
7550;-46;60
7551;-48;60
7552;-50;60
7553;-56;22
7554;-60;8
7555;-60;10
7556;-68;34
7557;-70;42
7558;-74;38
7559;-76;34
7560;-80;30
7561;-84;32
7562;-78;24
7563;-92;8
7564;-94;12
7565;-96;38
7566;-108;40
7567;-104;36
7568;-106;32
7569;-110;30
7570;-114;30
7571;-114;24
7572;-118;6
7573;-118;12
7574;-120;-4
7575;-124;4
7576;-126;0
7577;-148;-4
7578;-130;-6
7579;-130;-8
7580;-132;-22
7581;-120;-30
7582;-134;-14
7583;-134;4
7584;-136;4
7585;-134;-2
7586;-136;-4
7587;-136;-8
7588;-136;-8
7589;-136;-16
7590;-136;-30
7591;-134;-20
7592;-114;4
7593;-134;2
7594;-132;0
7595;-132;-32
7596;-142;-48
7597;-130;-46
7598;-126;-18
7599;-124;-16
7600;-126;-22
7601;-120;-26
7602;-116;-28
7603;-114;-30
7604;-110;-48
7605;-108;-50
7606;-106;-22
7607;-116;-18
7608;-100;-22
7609;-96;-26
7610;-94;-28
7611;-90;-28
7612;-86;-40
7613;-84;-52
7614;-80;-40
7615;-70;-28
7616;-70;-28
7617;-68;-34
7618;-62;-36
7619;-58;-38
7620;-52;-40
7621;-48;-52
7622;-38;-60
7623;-38;-44
7624;-32;-26
7625;-28;-30
7626;-24;-34
7627;-20;-36
7628;-16;-38
7629;-8;-40
7630;-8;-56
7631;0;-60
7632;6;-40
7633;10;-28
7634;14;-28
7635;20;-34
7636;24;-40
7637;30;-52
7638;34;-64
7639;36;-44
7640;42;-30
7641;42;-32
7642;48;-36
7643;52;-40
7644;54;-40
7645;62;-42
7646;62;-52
7647;66;-64
7648;70;-48
7649;72;-28
7650;76;-32
7651;78;-36
7652;82;-38
7653;86;-40
7654;88;-40
7655;90;-46
7656;86;-60
7657;94;-42
7658;98;-20
7659;100;-12
7660;104;-18
7661;104;-22
7662;106;-24
7663;102;-26
7664;112;-26
7665;114;-36
7666;114;-46
7667;120;-34
7668;118;-14
7669;120;-16
7670;120;-22
7671;130;-22
7672;122;-24
7673;124;-24
7674;126;-38
7675;124;-48
7676;126;-30
7677;126;-12
7678;146;16
7679;124;10
7680;128;4
7681;128;-12
7682;122;-18
7683;128;10
7684;128;20
7685;126;14
7686;118;10
7687;126;8
7688;124;6
7689;124;-2
7690;124;-18
7691;122;-12
7692;120;14
7693;98;18
7694;118;14
7695;116;10
7696;114;8
7697;124;6
7698;110;8
7699;110;32
7700;106;20
7701;108;24
7702;102;50
7703;100;56
7704;96;52
7705;96;46
7706;94;44
7707;90;42
7708;100;36
7709;84;20
7710;84;28
7711;78;54
7712;78;54
7713;76;48
7714;72;46
7715;70;44
7716;66;42
7717;64;30
7718;64;16
7719;60;40
7720;58;80
7721;54;74
7722;54;68
7723;46;66
7724;46;64
7725;44;48
7726;42;40
7727;42;60
7728;38;76
7729;36;76
7730;34;70
7731;30;66
7732;28;64
7733;24;64
7734;24;46
7735;22;40
7736;18;60
7737;18;76
7738;8;76
7739;10;68
7740;8;68
7741;6;52
7742;2;36
7743;-2;36
7744;-4;60
7745;-6;70
7746;-8;66
7747;-14;60
7748;-16;58
7749;-20;58
7750;-26;52
7751;-28;34
7752;-32;36
7753;-30;60
7754;-38;70
7755;-42;64
7756;-44;60
7757;-56;58
7758;-54;56
7759;-56;48
7760;-60;32
7761;-62;8
7762;-68;30
7763;-70;38
7764;-76;32
7765;-80;28
7766;-82;26
7767;-86;24
7768;-92;16
7769;-92;0
7770;-94;14
7771;-98;36
7772;-108;34
7773;-104;28
7774;-106;26
7775;-110;24
7776;-112;20
7777;-114;2
7778;-116;0
7779;-126;24
7780;-122;36
7781;-126;32
7782;-126;-4
7783;-132;-20
7784;-130;-34
7785;-130;-14
7786;-132;4
7787;-134;0
7788;-134;-6
7789;-134;-8
7790;-136;-8
7791;-136;-16
7792;-136;-32
7793;-136;-28
7794;-134;-4
7795;-136;2
7796;-136;-2
7797;-136;-6
7798;-128;-8
7799;-134;-10
7800;-134;-10
7801;-132;-20
7802;-136;-32
7803;-130;-40
7804;-126;-20
7805;-124;-18
7806;-122;-22
7807;-120;-26
7808;-116;-28
7809;-116;-28
7810;-112;-40
7811;-110;-50
7812;-104;-40
7813;-94;-20
7814;-100;-18
7815;-96;-22
7816;-94;-26
7817;-86;-26
7818;-86;-30
7819;-82;-44
7820;-80;-50
7821;-74;-32
7822;-70;-18
7823;-68;-18
7824;-38;-34
7825;-56;-38
7826;-52;-50
7827;-48;-62
7828;-54;-44
7829;-38;-26
7830;-32;-30
7831;-28;-36
7832;-26;-36
7833;-18;-38
7834;-14;-38
7835;-10;-48
7836;-4;-62
7837;2;-52
7838;6;-32
7839;-4;-28
7840;16;-32
7841;20;-36
7842;24;-38
7843;34;-40
7844;34;-38
7845;38;-52
7846;40;-62
7847;44;-52
7848;50;-30
7849;54;-30
7850;56;-34
7851;58;-36
7852;64;-38
7853;66;-40
7854;72;-44
7855;74;-60
7856;78;-56
7857;80;-36
7858;80;-26
7859;84;-30
7860;88;-36
7861;88;-38
7862;92;-38
7863;94;-40
7864;98;-56
7865;100;-44
7866;104;-16
7867;106;-10
7868;108;-16
7869;110;-20
7870;114;-20
7871;114;-22
7872;118;-36
7873;114;-44
7874;120;-28
7875;120;-10
7876;120;-10
7877;124;-16
7878;124;-20
7879;124;-20
7880;124;-22
7881;124;-22
7882;126;-34
7883;126;-44
7884;122;-32
7885;128;-12
7886;126;24
7887;128;16
7888;120;14
7889;126;12
7890;126;8
7891;126;-8
7892;128;-12
7893;124;8
7894;124;24
7895;126;22
7896;120;16
7897;122;14
7898;118;12
7899;120;12
7900;118;4
7901;116;-12
7902;114;-2
7903;118;24
7904;110;22
7905;108;16
7906;106;14
7907;106;44
7908;100;30
7909;100;24
7910;104;44
7911;96;62
7912;94;58
7913;90;52
7914;78;48
7915;86;48
7916;84;44
7917;80;28
7918;70;22
7919;76;44
7920;74;60
7921;70;56
7922;68;52
7923;64;48
7924;60;48
7925;38;48
7926;56;32
7927;54;22
7928;52;60
7929;62;68
7930;48;64
7931;44;62
7932;42;70
7933;40;74
7934;38;72
7935;34;68
7936;32;68
7937;30;66
7938;26;66
7939;26;66
7940;38;64
7941;20;60
7942;18;44
7943;16;46
7944;0;68
7945;10;78
7946;8;72
7947;6;68
7948;0;68
7949;-2;50
7950;-6;34
7951;-6;38
7952;-12;66
7953;-12;68
7954;-16;62
7955;-34;56
7956;-24;56
7957;-26;56
7958;-32;42
7959;-36;30
7960;-40;46
7961;-42;68
7962;-46;64
7963;-50;60
7964;-56;56
7965;-58;54
7966;-62;54
7967;-66;50
7968;-70;32
7969;-72;34
7970;-74;20
7971;-78;22
7972;-84;18
7973;-86;18
7974;-90;28
7975;-94;30
7976;-96;24
7977;-100;22
7978;-106;20
7979;-106;20
7980;-108;18
7981;-110;2
7982;-114;-4
7983;-116;24
7984;-116;32
7985;-114;26
7986;-122;24
7987;-124;22
7988;-126;20
7989;-130;20
7990;-130;-14
7991;-132;-28
7992;-132;-38
7993;-132;-24
7994;-134;-4
7995;-136;-2
7996;-136;-10
7997;-136;-14
7998;-138;-10
7999;-138;-14
8000;-140;-22
8001;-138;-36
8002;-136;-32
8003;-134;-10
8004;-142;-2
8005;-134;-6
8006;-134;-12
8007;-130;-14
8008;-130;-14
8009;-128;-16
8010;-126;-28
8011;-136;-54
8012;-122;-44
8013;-118;-22
8014;-116;-22
8015;-110;-26
8016;-112;-30
8017;-108;-30
8018;-106;-30
8019;-94;-32
8020;-100;-32
8021;-96;-46
8022;-94;-56
8023;-92;-40
8024;-86;-20
8025;-84;-20
8026;-58;-26
8027;-76;-28
8028;-70;-30
8029;-66;-32
8030;-68;-34
8031;-56;-48
8032;-52;-62
8033;-46;-44
8034;-50;-28
8035;-38;-30
8036;-32;-34
8037;-28;-36
8038;-22;-38
8039;-18;-38
8040;-12;-50
8041;-30;-62
8042;-2;-50
8043;2;-30
8044;6;-28
8045;18;-34
8046;18;-36
8047;22;-38
8048;24;-38
8049;30;-44
8050;34;-58
8051;38;-56
8052;42;-30
8053;46;-26
8054;50;-34
8055;54;-36
8056;62;-36
8057;58;-40
8058;64;-56
8059;64;-60
8060;74;-40
8061;72;-26
8062;76;-28
8063;80;-34
8064;84;-36
8065;86;-38
8066;88;-46
8067;92;-60
8068;96;-50
8069;98;-28
8070;98;-26
8071;98;-32
8072;104;-36
8073;106;-34
8074;108;-24
8075;114;-40
8076;112;-36
8077;114;-14
8078;116;-6
8079;116;-10
8080;120;-16
8081;120;-18
8082;122;-18
8083;122;-18
8084;124;-30
8085;124;-42
8086;118;-28
8087;124;-10
8088;124;-6
8089;124;-12
8090;126;-14
8091;126;-16
8092;128;-20
8093;126;-38
8094;130;-38
8095;126;18
8096;126;28
8097;126;24
8098;124;20
8099;124;16
8100;122;16
8101;128;10
8102;120;-6
8103;122;2
8104;122;26
8105;118;28
8106;116;22
8107;116;18
8108;114;16
8109;114;10
8110;110;-6
8111;108;0
8112;108;26
8113;104;28
8114;102;22
8115;100;54
8116;98;42
8117;96;28
8118;94;36
8119;90;60
8120;86;64
8121;86;58
8122;84;54
8123;80;52
8124;78;52
8125;76;44
8126;72;28
8127;82;32
8128;68;56
8129;64;64
8130;62;58
8131;56;54
8132;58;52
8133;54;52
8134;52;52
8135;40;42
8136;48;46
8137;44;48
8138;42;72
8139;40;80
8140;38;76
8141;34;72
8142;10;70
8143;30;68
8144;26;52
8145;26;42
8146;34;62
8147;22;80
8148;18;78
8149;14;72
8150;14;70
8151;10;68
8152;8;68
8153;4;68
8154;2;56
8155;-2;42
8156;-4;54
8157;14;62
8158;-10;64
8159;-14;58
8160;-16;54
8161;-30;52
8162;-26;52
8163;-28;38
8164;-34;28
8165;-40;42
8166;-40;62
8167;-42;62
8168;-48;56
8169;-52;54
8170;-56;52
8171;-60;52
8172;-72;48
8173;-68;30
8174;-68;28
8175;-74;52
8176;-72;62
8177;-80;60
8178;-84;20
8179;-88;4
8180;-88;-8
8181;-94;16
8182;-98;28
8183;-100;24
8184;-104;20
8185;-104;18
8186;-108;16
8187;-106;4
8188;-112;-8
8189;-116;8
8190;-118;28
8191;-120;24
8192;-120;20
8193;-124;18
8194;-126;16
8195;-128;16
8196;-130;8
8197;-132;-8
8198;-132;-2
8199;-134;-10
8200;-134;-4
8201;-134;-10
8202;-138;-14
8203;-134;-14
8204;-136;-16
8205;-134;-24
8206;-138;-38
8207;-136;-34
8208;-136;-10
8209;-136;-4
8210;-134;-10
8211;-134;-14
8212;-132;-16
8213;-132;-16
8214;-132;-20
8215;-130;-36
8216;-126;-38
8217;-122;-16
8218;-122;-4
8219;-120;-6
8220;-116;-28
8221;-114;-32
8222;-112;-46
8223;-108;-56
8224;-104;-38
8225;-102;-22
8226;-100;-22
8227;-96;-28
8228;-94;-30
8229;-90;-30
8230;-86;-32
8231;-82;-34
8232;-82;-46
8233;-74;-54
8234;-70;-36
8235;-66;-20
8236;-58;-24
8237;-56;-30
8238;-52;-32
8239;-46;-32
8240;-42;-40
8241;-36;-54
8242;-32;-64
8243;-14;-52
8244;-22;-30
8245;-16;-30
8246;-12;-34
8247;-16;-38
8248;-4;-40
8249;2;-40
8250;8;-44
8251;6;-58
8252;14;-62
8253;22;-40
8254;26;-28
8255;30;-32
8256;34;-36
8257;36;-38
8258;16;-40
8259;46;-42
8260;48;-58
8261;52;-58
8262;68;-40
8263;60;-26
8264;64;-26
8265;68;-30
8266;72;-34
8267;74;-36
8268;78;-36
8269;80;-40
8270;84;-54
8271;86;-56
8272;88;-34
8273;116;-24
8274;96;-28
8275;100;-34
8276;102;-34
8277;92;-36
8278;106;-36
8279;108;-44
8280;110;-58
8281;114;-50
8282;114;-6
8283;114;-2
8284;116;-8
8285;118;-12
8286;118;-14
8287;120;-16
8288;108;-30
8289;122;-38
8290;124;-20
8291;124;-2
8292;128;-6
8293;126;-10
8294;124;-12
8295;126;-14
8296;126;-14
8297;124;-26
8298;124;-38
8299;124;-22
8300;126;-2
8301;126;-6
8302;126;-10
8303;124;18
8304;126;2
8305;126;-6
8306;124;18
8307;120;32
8308;122;28
8309;120;24
8310;118;22
8311;120;20
8312;116;20
8313;114;18
8314;114;2
8315;114;-6
8316;110;12
8317;108;30
8318;114;30
8319;104;24
8320;102;22
8321;102;20
8322;100;20
8323;96;20
8324;92;44
8325;88;32
8326;88;34
8327;84;60
8328;84;66
8329;80;62
8330;78;58
8331;74;56
8332;74;54
8333;68;52
8334;68;38
8335;64;28
8336;62;46
8337;56;66
8338;56;64
8339;54;58
8340;52;56
8341;50;54
8342;46;54
8343;42;50
8344;30;38
8345;38;42
8346;36;70
8347;34;80
8348;30;76
8349;30;70
8350;26;70
8351;26;68
8352;24;56
8353;20;42
8354;18;58
8355;14;80
8356;16;78
8357;10;72
8358;8;68
8359;-18;68
8360;2;60
8361;-2;44
8362;-4;48
8363;0;72
8364;-12;80
8365;-16;76
8366;-18;52
8367;-28;46
8368;-26;28
8369;-30;26
8370;-34;48
8371;-38;62
8372;-42;56
8373;-46;50
8374;-52;50
8375;-52;46
8376;-56;36
8377;-60;22
8378;-64;40
8379;-66;60
8380;-70;56
8381;-76;52
8382;-80;48
8383;-80;46
8384;-84;32
8385;-88;22
8386;-90;6
8387;-96;24
8388;-96;20
8389;-106;16
8390;-104;12
8391;-106;12
8392;-108;10
8393;-106;-6
8394;-110;-16
8395;-114;6
8396;-116;22
8397;-114;20
8398;-122;16
8399;-124;12
8400;-126;10
8401;-128;10
8402;-130;0
8403;-130;-12
8404;-126;-2
8405;-134;20
8406;-134;22
8407;-134;-12
8408;-134;-24
8409;-136;-40
8410;-136;-32
8411;-136;-10
8412;-138;-6
8413;-138;-12
8414;-138;-16
8415;-136;-18
8416;-136;-18
8417;-134;-30
8418;-134;-42
8419;-138;-24
8420;-130;-6
8421;-130;-10
8422;-126;-14
8423;-124;-16
8424;-124;-20
8425;-118;-20
8426;-116;-24
8427;-112;-38
8428;-112;-56
8429;-108;-36
8430;-104;-22
8431;-104;-26
8432;-100;-32
8433;-96;-34
8434;-92;-34
8435;-90;-38
8436;-84;-54
8437;-82;-54
8438;-78;-28
8439;-74;-22
8440;-68;-28
8441;-64;-32
8442;-60;-34
8443;-54;-42
8444;-50;-56
8445;-46;-48
8446;-42;-24
8447;-36;-26
8448;-30;-28
8449;-24;-42
8450;-20;-58
8451;-16;-64
8452;-10;-44
8453;0;-30
8454;-2;-32
8455;4;-38
8456;6;-38
8457;12;-42
8458;14;-44
8459;20;-60
8460;36;-64
8461;30;-42
8462;34;-28
8463;38;-34
8464;34;-38
8465;48;-40
8466;50;-42
8467;54;-42
8468;56;-50
8469;62;-62
8470;64;-48
8471;68;-24
8472;72;-20
8473;74;-26
8474;78;-30
8475;66;-32
8476;84;-32
8477;88;-42
8478;92;-56
8479;106;-42
8480;96;-20
8481;98;-22
8482;100;-28
8483;104;-30
8484;104;-32
8485;106;-34
8486;108;-50
8487;112;-54
8488;114;-34
8489;114;-22
8490;130;0
8491;118;-6
8492;120;-10
8493;120;-26
8494;108;-34
8495;122;-16
8496;122;2
8497;122;0
8498;120;-6
8499;124;-8
8500;124;-10
8501;126;-10
8502;124;-12
8503;124;-26
8504;126;-34
8505;112;-18
8506;126;0
8507;126;0
8508;126;-6
8509;126;-8
8510;124;-10
8511;124;24
8512;124;8
8513;124;0
8514;122;18
8515;122;36
8516;120;34
8517;120;30
8518;118;28
8519;116;26
8520;112;24
8521;112;14
8522;110;0
8523;108;16
8524;108;36
8525;104;34
8526;102;30
8527;100;26
8528;98;24
8529;96;16
8530;92;0
8531;92;8
8532;88;68
8533;86;70
8534;82;66
8535;88;60
8536;78;60
8537;74;58
8538;74;46
8539;70;34
8540;66;52
8541;64;72
8542;62;68
8543;60;62
8544;56;60
8545;54;60
8546;50;58
8547;46;46
8548;44;32
8549;42;44
8550;36;66
8551;40;70
8552;36;66
8553;34;70
8554;24;56
8555;30;44
8556;28;58
8557;24;78
8558;24;78
8559;20;74
8560;18;68
8561;4;68
8562;12;68
8563;10;66
8564;6;48
8565;6;44
8566;0;70
8567;-2;80
8568;-6;74
8569;0;68
8570;-14;68
8571;-18;68
8572;-20;54
8573;-26;40
8574;-28;32
8575;-30;52
8576;-24;54
8577;-40;48
8578;-44;46
8579;-46;44
8580;-58;42
8581;-54;42
8582;-58;32
8583;-60;18
8584;-68;34
8585;-66;54
8586;-70;52
8587;-72;48
8588;-76;44
8589;-82;42
8590;-84;38
8591;-102;22
8592;-92;20
8593;-94;42
8594;-98;56
8595;-98;16
8596;-102;10
8597;-106;6
8598;-108;6
8599;-110;-6
8600;-112;-20
8601;-116;-6
8602;-118;16
8603;-118;16
8604;-122;10
8605;-122;6
8606;-124;6
8607;-128;4
8608;-130;-12
8609;-132;-20
8610;-142;-2
8611;-132;16
8612;-132;14
8613;-136;10
8614;-138;6
8615;-138;-20
8616;-136;-32
8617;-138;-44
8618;-138;-36
8619;-136;-12
8620;-136;-10
8621;-148;-16
8622;-136;-20
8623;-134;-20
8624;-134;-20
8625;-128;-28
8626;-130;-44
8627;-130;-40
8628;-126;-16
8629;-122;-10
8630;-122;-14
8631;-120;-20
8632;-118;-20
8633;-114;-22
8634;-110;-22
8635;-110;-30
8636;-108;-56
8637;-102;-50
8638;-100;-24
8639;-96;-24
8640;-90;-30
8641;-90;-34
8642;-86;-34
8643;-82;-34
8644;-76;-44
8645;-74;-58
8646;-68;-52
8647;-64;-30
8648;-60;-24
8649;-56;-28
8650;-50;-32
8651;-38;-34
8652;-42;-34
8653;-38;-36
8654;-30;-40
8655;-24;-56
8656;-22;-52
8657;-16;-36
8658;-12;-30
8659;-6;-34
8660;-2;-38
8661;4;-40
8662;8;-40
8663;12;-44
8664;18;-58
8665;22;-64
8666;22;-38
8667;32;-30
8668;36;-36
8669;40;-38
8670;38;-40
8671;46;-40
8672;52;-52
8673;56;-64
8674;60;-52
8675;64;-32
8676;66;-30
8677;66;-34
8678;72;-28
8679;74;-44
8680;80;-54
8681;78;-30
8682;86;-18
8683;88;-22
8684;90;-28
8685;98;-30
8686;96;-32
8687;98;-42
8688;100;-54
8689;104;-42
8690;104;-20
8691;106;-20
8692;114;-24
8693;108;-28
8694;112;-28
8695;114;-32
8696;122;-48
8697;118;-52
8698;118;-30
8699;120;6
8700;116;2
8701;122;-4
8702;122;-6
8703;122;-4
8704;124;-10
8705;124;-26
8706;124;-28
8707;142;0
8708;124;6
8709;124;0
8710;126;-4
8711;120;-6
8712;124;-6
8713;126;-10
8714;126;-26
8715;124;-28
8716;126;-6
8717;126;6
8718;124;2
8719;124;-2
8720;122;28
8721;122;10
8722;116;8
8723;120;36
8724;116;42
8725;116;36
8726;118;32
8727;112;30
8728;110;28
8729;110;14
8730;110;4
8731;104;28
8732;102;42
8733;100;38
8734;98;34
8735;96;30
8736;92;30
8737;92;24
8738;88;8
8739;86;6
8740;82;36
8741;78;74
8742;78;70
8743;74;64
8744;72;62
8745;68;60
8746;66;46
8747;62;34
8748;60;54
8749;58;72
8750;56;72
8751;54;66
8752;46;64
8753;50;60
8754;48;60
8755;44;54
8756;40;36
8757;40;38
8758;36;62
8759;36;72
8760;34;66
8761;32;70
8762;28;56
8763;24;40
8764;22;54
8765;18;76
8766;16;76
8767;20;70
8768;12;68
8769;8;66
8770;6;64
8771;4;48
8772;-2;38
8773;-4;56
8774;-8;76
8775;-10;74
8776;-14;68
8777;-18;66
8778;-20;64
8779;-26;62
8780;-28;62
8781;-32;48
8782;-34;14
8783;-40;30
8784;-42;50
8785;-46;50
8786;-52;44
8787;-52;40
8788;-56;40
8789;-60;38
8790;-64;24
8791;-68;12
8792;-70;30
8793;-80;50
8794;-78;48
8795;-80;44
8796;-84;40
8797;-92;38
8798;-90;38
8799;-94;36
8800;-98;18
8801;-102;12
8802;-104;36
8803;-104;14
8804;-108;10
8805;-110;4
8806;-112;2
8807;-116;2
8808;-138;-2
8809;-120;-18
8810;-122;-22
8811;-124;0
8812;-116;12
8813;-128;10
8814;-130;4
8815;-132;4
8816;-136;2
8817;-136;0
8818;-134;-4
8819;-136;-20
8820;-136;-22
8821;-136;8
8822;-138;12
8823;-132;8
8824;-138;-24
8825;-136;-40
8826;-136;-44
8827;-142;-24
8828;-134;-12
8829;-134;-14
8830;-136;-20
8831;-132;-22
8832;-132;-24
8833;-128;-24
8834;-126;-36
8835;-124;-48
8836;-122;-28
8837;-118;-12
8838;-128;-14
8839;-112;-20
8840;-112;-22
8841;-108;-22
8842;-98;-24
8843;-100;-40
8844;-98;-46
8845;-94;-36
8846;-88;-24
8847;-88;-28
8848;-84;-32
8849;-80;-34
8850;-78;-44
8851;-72;-58
8852;-68;-50
8853;-60;-28
8854;-60;-24
8855;-56;-28
8856;-50;-32
8857;-44;-34
8858;-42;-36
8859;-36;-42
8860;-30;-56
8861;-26;-54
8862;-20;-30
8863;-16;-24
8864;-10;-28
8865;-6;-36
8866;0;-46
8867;6;-62
8868;10;-52
8869;14;-30
8870;20;-28
8871;24;-34
8872;26;-36
8873;34;-38
8874;38;-40
8875;40;-40
8876;46;-42
8877;48;-56
8878;52;-60
8879;56;-40
8880;58;-28
8881;62;-30
8882;66;-36
8883;66;-38
8884;72;-38
8885;76;-40
8886;78;-28
8887;76;-44
8888;84;-52
8889;88;-36
8890;92;-18
8891;96;-18
8892;96;-22
8893;98;-26
8894;102;-28
8895;100;-28
8896;106;-40
8897;108;-52
8898;110;-32
8899;112;-16
8900;114;-20
8901;114;-22
8902;124;-26
8903;118;-26
8904;118;-26
8905;118;-36
8906;122;-50
8907;122;-20
8908;122;2
8909;124;8
8910;122;2
8911;122;0
8912;122;-4
8913;116;-4
8914;126;-12
8915;126;-26
8916;126;-18
8917;118;8
8918;126;8
8919;128;2
8920;128;-2
8921;126;-2
8922;126;-4
8923;126;-4
8924;114;-20
8925;124;-28
8926;122;-12
8927;120;8
8928;126;46
8929;120;38
8930;116;34
8931;116;34
8932;112;32
8933;112;16
8934;110;10
8935;110;36
8936;108;46
8937;104;40
8938;102;38
8939;98;34
8940;98;32
8941;94;26
8942;92;10
8943;90;16
8944;88;44
8945;84;44
8946;82;38
8947;82;34
8948;76;34
8949;74;56
8950;72;40
8951;68;44
8952;66;68
8953;64;76
8954;66;72
8955;58;68
8956;56;64
8957;54;64
8958;50;60
8959;48;44
8960;46;38
8961;44;64
8962;40;76
8963;38;72
8964;36;68
8965;34;66
8966;32;64
8967;30;62
8968;26;46
8969;18;38
8970;22;58
8971;18;76
8972;16;74
8973;14;70
8974;10;64
8975;6;64
8976;4;64
8977;2;60
8978;-2;44
8979;-4;38
8980;-8;60
8981;-12;76
8982;-14;72
8983;-16;68
8984;-20;64
8985;-24;64
8986;-28;60
8987;-32;42
8988;-38;38
8989;-40;58
8990;-42;76
8991;-46;44
8992;-48;38
8993;-54;36
8994;-56;34
8995;-58;22
8996;-66;10
8997;-68;24
8998;-70;44
8999;-72;44
9000;-76;40
9001;-82;36
9002;-84;34
9003;-82;34
9004;-92;30
9005;-94;12
9006;-98;10
9007;-100;34
9008;-102;46
9009;-106;42
9010;-90;36
9011;-112;0
9012;-112;-14
9013;-116;-26
9014;-122;-10
9015;-120;10
9016;-124;8
9017;-126;2
9018;-128;0
9019;-128;0
9020;-132;-4
9021;-132;-20
9022;-134;-26
9023;-136;-6
9024;-136;10
9025;-138;6
9026;-138;2
9027;-136;-2
9028;-138;-2
9029;-134;-10
9030;-138;-26
9031;-136;-18
9032;-136;-18
9033;-132;-14
9034;-136;-20
9035;-134;-24
9036;-132;-26
9037;-132;-26
9038;-130;-28
9039;-128;-44
9040;-104;-50
9041;-124;-22
9042;-120;-14
9043;-118;-20
9044;-128;-24
9045;-114;-24
9046;-110;-34
9047;-106;-48
9048;-106;-36
9049;-100;-14
9050;-100;-16
9051;-96;-20
9052;-92;-24
9053;-88;-40
9054;-84;-56
9055;-84;-60
9056;-76;-40
9057;-72;-26
9058;-68;-30
9059;-58;-34
9060;-60;-36
9061;-56;-38
9062;-50;-38
9063;-42;-44
9064;-40;-58
9065;-34;-56
9066;-30;-36
9067;-24;-26
9068;-18;-30
9069;-14;-36
9070;-6;-36
9071;-4;-38
9072;0;-40
9073;6;-54
9074;10;-62
9075;14;-36
9076;20;-28
9077;26;-32
9078;30;-38
9079;32;-38
9080;38;-42
9081;40;-56
9082;44;-62
9083;50;-44
9084;52;-28
9085;58;-30
9086;60;-34
9087;62;-38
9088;68;-38
9089;68;-40
9090;72;-50
9091;76;-62
9092;80;-46
9093;84;-28
9094;84;-28
9095;88;-20
9096;90;-24
9097;92;-40
9098;96;-48
9099;98;-28
9100;100;-12
9101;100;-16
9102;104;-20
9103;108;-22
9104;102;-24
9105;110;-26
9106;112;-40
9107;114;-48
9108;116;-24
9109;118;-12
9110;118;-18
9111;114;-22
9112;120;-22
9113;122;-24
9114;124;-34
9115;128;-44
9116;124;-16
9117;126;6
9118;126;16
9119;134;10
9120;126;6
9121;126;4
9122;128;4
9123;128;-4
9124;128;-20
9125;128;-18
9126;138;12
9127;126;14
9128;126;8
9129;124;6
9130;134;2
9131;124;2
9132;122;-2
9133;120;-18
9134;112;-22
9135;118;0
9136;116;52
9137;116;48
9138;114;42
9139;110;38
9140;110;38
9141;102;30
9142;106;16
9143;102;20
9144;102;46
9145;98;48
9146;98;44
9147;94;40
9148;92;40
9149;88;38
9150;88;34
9151;84;18
9152;82;14
9153;80;36
9154;78;50
9155;74;46
9156;60;40
9157;68;66
9158;66;52
9159;62;40
9160;60;56
9161;58;76
9162;56;76
9163;54;70
9164;54;68
9165;50;66
9166;44;64
9167;42;60
9168;40;42
9169;38;44
9170;36;66
9171;38;76
9172;30;72
9173;28;70
9174;26;66
9175;22;64
9176;20;64
9177;18;64
9178;14;54
9179;12;38
9180;10;40
9181;8;64
9182;4;72
9183;0;70
9184;-2;64
9185;-6;62
9186;-12;62
9187;-10;60
9188;-14;56
9189;-18;40
9190;-22;38
9191;-24;66
9192;-28;72
9193;-32;66
9194;-32;62
9195;-38;60
9196;-44;60
9197;-46;54
9198;-50;38
9199;-52;6
9200;-58;30
9201;-56;40
9202;-64;38
9203;-66;32
9204;-70;30
9205;-80;28
9206;-78;28
9207;-82;18
9208;-86;4
9209;-88;12
9210;-92;36
9211;-94;40
9212;-98;34
9213;-102;30
9214;-104;28
9215;-106;28
9216;-112;24
9217;-110;8
9218;-114;4
9219;-114;36
9220;-124;6
9221;-122;0
9222;-122;-6
9223;-126;-6
9224;-128;-12
9225;-130;-28
9226;-130;-24
9227;-142;-2
9228;-134;8
9229;-134;2
9230;-136;-4
9231;-144;-4
9232;-136;-8
9233;-138;-8
9234;-138;-10
9235;-136;-24
9236;-138;-30
9237;-138;-4
9238;-136;6
9239;-134;0
9240;-134;-2
9241;-134;-34
9242;-144;-48
9243;-132;-44
9244;-130;-20
9245;-126;-16
9246;-112;-20
9247;-124;-24
9248;-120;-26
9249;-120;-26
9250;-112;-34
9251;-114;-46
9252;-110;-44
9253;-108;-22
9254;-104;-14
9255;-100;-20
9256;-98;-24
9257;-86;-26
9258;-90;-26
9259;-86;-32
9260;-86;-48
9261;-94;-54
9262;-76;-34
9263;-72;-28
9264;-68;-30
9265;-66;-36
9266;-58;-38
9267;-52;-38
9268;-46;-42
9269;-42;-58
9270;-38;-58
9271;-32;-30
9272;-42;-26
9273;-24;-32
9274;-18;-34
9275;-10;-36
9276;-2;-38
9277;-2;-44
9278;2;-58
9279;6;-58
9280;10;-34
9281;18;-26
9282;22;-30
9283;26;-36
9284;30;-44
9285;34;-60
9286;38;-58
9287;42;-32
9288;46;-30
9289;48;-34
9290;54;-38
9291;58;-38
9292;60;-40
9293;64;-54
9294;66;-62
9295;70;-48
9296;72;-30
9297;74;-28
9298;78;-34
9299;82;-36
9300;84;-38
9301;88;-40
9302;98;-52
9303;92;-48
9304;94;-36
9305;96;-16
9306;98;-14
9307;102;-20
9308;106;-22
9309;106;-24
9310;108;-24
9311;110;-26
9312;114;-34
9313;114;-46
9314;116;-40
9315;116;-18
9316;120;-14
9317;116;-18
9318;124;-22
9319;122;-22
9320;124;-24
9321;116;-30
9322;124;-46
9323;124;-40
9324;124;10
9325;126;16
9326;126;12
9327;126;8
9328;118;6
9329;128;4
9330;128;-6
9331;126;-18
9332;124;-10
9333;128;12
9334;126;18
9335;124;12
9336;130;8
9337;126;6
9338;124;4
9339;122;0
9340;120;-16
9341;118;-18
9342;118;4
9343;120;16
9344;112;16
9345;114;46
9346;110;44
9347;118;30
9348;106;18
9349;104;38
9350;102;56
9351;102;52
9352;98;46
9353;96;42
9354;92;44
9355;88;34
9356;86;20
9357;84;24
9358;86;46
9359;80;54
9360;76;48
9361;76;46
9362;78;44
9363;70;42
9364;66;34
9365;64;20
9366;62;48
9367;56;70
9368;54;80
9369;54;74
9370;50;70
9371;46;68
9372;44;66
9373;54;66
9374;38;52
9375;36;40
9376;34;58
9377;20;78
9378;30;74
9379;28;70
9380;24;66
9381;26;64
9382;18;64
9383;18;52
9384;14;40
9385;12;48
9386;8;68
9387;6;70
9388;8;64
9389;0;60
9390;-2;58
9391;-4;58
9392;-8;52
9393;-10;36
9394;-14;36
9395;-18;66
9396;-24;70
9397;-26;64
9398;-28;60
9399;-34;56
9400;-34;58
9401;-40;54
9402;-42;38
9403;-52;32
9404;-50;52
9405;-54;70
9406;-56;66
9407;-62;28
9408;-64;24
9409;-68;4
9410;-72;2
9411;-74;22
9412;-80;26
9413;-82;22
9414;-84;20
9415;-90;26
9416;-92;32
9417;-96;30
9418;-90;26
9419;-102;24
9420;-106;24
9421;-106;22
9422;-110;22
9423;-112;24
9424;-114;20
9425;-118;4
9426;-118;0
9427;-122;30
9428;-124;0
9429;-126;-4
9430;-128;-10
9431;-130;-10
9432;-130;-12
9433;-136;-22
9434;-132;-36
9435;-134;-22
9436;-136;2
9437;-146;-2
9438;-136;-6
9439;-138;-10
9440;-136;-10
9441;-136;-14
9442;-136;-30
9443;-136;-36
9444;-150;-16
9445;-136;0
9446;-136;-2
9447;-132;-6
9448;-134;-8
9449;-132;-36
9450;-128;-52
9451;-128;-50
9452;-126;-28
9453;-124;-20
9454;-120;-24
9455;-120;-28
9456;-114;-30
9457;-112;-32
9458;-110;-42
9459;-116;-56
9460;-106;-40
9461;-102;-22
9462;-98;-22
9463;-86;-28
9464;-92;-30
9465;-88;-32
9466;-82;-32
9467;-80;-38
9468;-74;-54
9469;-70;-48
9470;-66;-34
9471;-62;-28
9472;-56;-34
9473;-52;-36
9474;-44;-38
9475;-42;-40
9476;-36;-48
9477;-32;-62
9478;-34;-52
9479;-22;-32
9480;-16;-28
9481;-12;-34
9482;-10;-36
9483;-2;-38
9484;2;-38
9485;8;-38
9486;12;-50
9487;16;-62
9488;20;-48
9489;12;-30
9490;30;-26
9491;34;-32
9492;38;-36
9493;44;-38
9494;44;-40
9495;50;-56
9496;54;-60
9497;56;-40
9498;60;-26
9499;60;-30
9500;66;-34
9501;70;-36
9502;72;-38
9503;76;-38
9504;74;-46
9505;82;-60
9506;84;-52
9507;88;-30
9508;92;-26
9509;94;-30
9510;96;-36
9511;96;-20
9512;102;-34
9513;102;-44
9514;106;-32
9515;108;-12
9516;108;-10
9517;112;-14
9518;112;-18
9519;122;-20
9520;118;-20
9521;120;-20
9522;120;-36
9523;122;-44
9524;122;-26
9525;124;-8
9526;124;-10
9527;124;-16
9528;124;-18
9529;124;-20
9530;126;-20
9531;122;-20
9532;126;4
9533;126;-12
9534;122;-16
9535;126;8
9536;126;20
9537;126;16
9538;118;12
9539;126;10
9540;124;10
9541;122;8
9542;124;0
9543;124;-16
9544;120;-4
9545;112;20
9546;120;20
9547;118;14
9548;116;10
9549;110;10
9550;112;8
9551;112;-6
9552;110;-16
9553;100;40
9554;106;56
9555;104;54
9556;100;50
9557;100;48
9558;96;46
9559;96;44
9560;84;44
9561;90;30
9562;88;20
9563;84;40
9564;90;58
9565;78;54
9566;76;50
9567;74;48
9568;66;46
9569;66;46
9570;64;42
9571;62;26
9572;58;22
9573;58;52
9574;54;80
9575;50;74
9576;48;70
9577;46;68
9578;44;66
9579;28;48
9580;38;42
9581;38;70
9582;34;80
9583;28;74
9584;30;68
9585;28;68
9586;24;68
9587;24;62
9588;20;44
9589;18;46
9590;16;74
9591;12;78
9592;10;74
9593;8;68
9594;8;68
9595;2;46
9596;0;32
9597;-4;36
9598;-4;62
9599;-10;66
9600;-14;62
9601;-16;58
9602;-22;54
9603;-26;44
9604;-28;30
9605;-28;38
9606;-34;62
9607;-40;66
9608;-42;60
9609;-44;56
9610;-50;56
9611;-54;54
9612;-58;46
9613;-62;30
9614;-66;34
9615;-70;60
9616;-72;32
9617;-76;26
9618;-80;22
9619;-82;20
9620;-92;20
9621;-90;16
9622;-94;4
9623;-98;-8
9624;-98;8
9625;-102;30
9626;-104;30
9627;-108;22
9628;-110;20
9629;-112;18
9630;-116;16
9631;-116;0
9632;-120;-6
9633;-122;22
9634;-122;30
9635;-122;24
9636;-128;-10
9637;-130;-22
9638;-130;-36
9639;-132;-28
9640;-134;-6
9641;-136;-2
9642;-136;-8
9643;-134;-10
9644;-138;-14
9645;-136;-14
9646;-136;-22
9647;-138;-36
9648;-138;-32
9649;-138;-10
9650;-132;-2
9651;-134;-6
9652;-136;-10
9653;-134;-14
9654;-126;-14
9655;-130;-20
9656;-130;-36
9657;-126;-48
9658;-126;-28
9659;-124;-22
9660;-120;-26
9661;-102;-28
9662;-116;-32
9663;-114;-32
9664;-110;-38
9665;-112;-52
9666;-102;-52
9667;-100;-24
9668;-96;-20
9669;-98;-26
9670;-90;-30
9671;-86;-32
9672;-80;-32
9673;-76;-46
9674;-74;-56
9675;-68;-40
9676;-86;-22
9677;-62;-20
9678;-56;-34
9679;-50;-38
9680;-40;-48
9681;-42;-62
9682;-38;-52
9683;-32;-30
9684;-24;-32
9685;-20;-34
9686;-16;-38
9687;-10;-40
9688;-6;-42
9689;0;-56
9690;2;-64
9691;18;-44
9692;10;-28
9693;16;-32
9694;22;-36
9695;22;-38
9696;30;-40
9697;32;-48
9698;36;-60
9699;42;-54
9700;44;-32
9701;48;-24
9702;52;-30
9703;56;-32
9704;60;-34
9705;64;-36
9706;70;-44
9707;70;-56
9708;72;-52
9709;76;-30
9710;78;-24
9711;82;-28
9712;84;-34
9713;88;-34
9714;88;-36
9715;92;-34
9716;96;-40
9717;98;-56
9718;102;-58
9719;104;-32
9720;108;-6
9721;104;-10
9722;110;-16
9723;112;-18
9724;114;-18
9725;116;-24
9726;116;-38
9727;118;-36
9728;118;-10
9729;124;-8
9730;122;-12
9731;124;-16
9732;124;-18
9733;124;-16
9734;126;-20
9735;124;-36
9736;126;-42
9737;124;-20
9738;126;-6
9739;126;-10
9740;120;-12
9741;126;8
9742;128;-6
9743;128;-4
9744;128;24
9745;126;26
9746;126;20
9747;128;16
9748;122;16
9749;122;14
9750;122;4
9751;116;-10
9752;120;-2
9753;118;20
9754;118;24
9755;122;22
9756;114;18
9757;112;14
9758;110;14
9759;108;8
9760;106;-8
9761;104;32
9762;110;54
9763;100;64
9764;98;58
9765;96;54
9766;90;52
9767;90;50
9768;84;36
9769;84;26
9770;72;50
9771;78;64
9772;76;60
9773;72;54
9774;70;52
9775;66;50
9776;64;40
9777;52;26
9778;58;36
9779;56;58
9780;52;62
9781;48;56
9782;48;70
9783;44;54
9784;42;42
9785;40;60
9786;38;78
9787;36;78
9788;34;72
9789;32;70
9790;30;68
9791;26;68
9792;26;66
9793;22;50
9794;20;40
9795;16;56
9796;18;76
9797;14;78
9798;10;72
9799;6;68
9800;6;66
9801;2;66
9802;-2;66
9803;-4;44
9804;-10;28
9805;-10;30
9806;-14;54
9807;-12;64
9808;-20;58
9809;-24;54
9810;-30;52
9811;-30;50
9812;-34;50
9813;-42;38
9814;-44;26
9815;-46;40
9816;-52;62
9817;-54;60
9818;-60;56
9819;-64;50
9820;-66;50
9821;-70;46
9822;-74;28
9823;-76;30
9824;-80;16
9825;-84;26
9826;-92;22
9827;-92;18
9828;-92;14
9829;-96;14
9830;-98;8
9831;-104;-8
9832;-104;-8
9833;-108;24
9834;-110;24
9835;-112;18
9836;-114;16
9837;-110;16
9838;-120;10
9839;-120;-8
9840;-124;-8
9841;-126;22
9842;-130;26
9843;-130;18
9844;-132;18
9845;-132;-24
9846;-134;-38
9847;-136;-34
9848;-136;-12
9849;-136;-6
9850;-136;-10
9851;-138;-14
9852;-140;-16
9853;-140;-18
9854;-138;-20
9855;-138;-36
9856;-140;-40
9857;-136;-18
9858;-134;-4
9859;-134;-8
9860;-132;-12
9861;-132;-16
9862;-130;-16
9863;-138;-16
9864;-126;-20
9865;-124;-32
9866;-120;-56
9867;-118;-34
9868;-112;-22
9869;-112;-26
9870;-108;-32
9871;-102;-32
9872;-102;-34
9873;-98;-40
9874;-96;-54
9875;-88;-52
9876;-88;-32
9877;-84;-24
9878;-94;-24
9879;-78;-30
9880;-72;-32
9881;-68;-32
9882;-56;-36
9883;-60;-50
9884;-54;-56
9885;-50;-36
9886;-48;-28
9887;-40;-32
9888;-36;-36
9889;-32;-40
9890;-26;-40
9891;-22;-42
9892;-16;-48
9893;-4;-62
9894;-8;-58
9895;-2;-36
9896;4;-30
9897;-4;-34
9898;12;-38
9899;16;-38
9900;20;-40
9901;26;-48
9902;28;-60
9903;34;-56
9904;38;-34
9905;40;-30
9906;46;-34
9907;50;-32
9908;38;-46
9909;54;-60
9910;60;-48
9911;64;-26
9912;72;-26
9913;70;-30
9914;74;-34
9915;76;-34
9916;84;-36
9917;84;-48
9918;86;-60
9919;90;-40
9920;90;-24
9921;94;-26
9922;98;-32
9923;104;-34
9924;102;-36
9925;104;-36
9926;106;-48
9927;110;-58
9928;110;-26
9929;114;-6
9930;114;-6
9931;118;-10
9932;118;-16
9933;120;-16
9934;120;-16
9935;122;-32
9936;122;-40
9937;124;-18
9938;128;-4
9939;126;-8
9940;124;-14
9941;124;-16
9942;124;-16
9943;126;-28
9944;126;-40
9945;128;-28
9946;128;-8
9947;128;-6
9948;126;-8
9949;126;20
9950;126;4
9951;126;-8
9952;128;18
9953;118;30
9954;124;28
9955;122;22
9956;122;20
9957;114;18
9958;120;12
9959;120;-6
9960;118;0
9961;116;28
9962;114;30
9963;112;24
9964;112;20
9965;106;18
9966;104;6
9967;104;-8
9968;102;6
9969;98;30
9970;96;64
9971;94;60
9972;100;54
9973;88;54
9974;84;44
9975;82;30
9976;80;36
9977;76;60
9978;74;66
9979;74;60
9980;68;56
9981;66;54
9982;64;54
9983;58;40
9984;58;28
9985;56;42
9986;52;64
9987;44;64
9988;48;58
9989;46;54
9990;42;56
9991;40;56
9992;40;42
9993;38;50
9994;34;74
9995;32;78
9996;30;72
9997;28;68
9998;20;66
9999;22;66
10000;20;56
