Column1;Column2;Column3
Channel              :;CH1;CH2
Frequency            :;72,57Hz;72,78Hz
Period               :;13,78ms;13,74ms
PK-PK                :;856,0mV;280,0mV
Probe attenuation    :;1X;1X
Voltage per ADC value:;0,500000mV;0,500000mV
Time interval        :;20,00000uS;20,00000uS
;;
index;CH1_Voltage(mV);CH2_Voltage(mV)
1;376;-112
2;376;-112
3;376;-112
4;384;-112
5;376;-104
6;376;-56
7;384;-56
8;384;-48
9;384;-48
10;384;-48
11;384;-40
12;384;-40
13;384;-40
14;384;-40
15;392;-32
16;392;-40
17;384;-40
18;384;-40
19;392;-48
20;392;-40
21;392;-48
22;392;-48
23;392;-48
24;400;-48
25;392;-48
26;392;-48
27;400;-48
28;392;-48
29;400;-48
30;400;-48
31;400;-48
32;408;-48
33;400;-48
34;400;-56
35;392;-48
36;400;-56
37;400;-56
38;400;-56
39;376;-56
40;400;-56
41;400;-64
42;400;-64
43;400;-72
44;400;-72
45;408;-72
46;400;-80
47;400;-72
48;400;-72
49;408;-72
50;408;-64
51;400;-64
52;400;-64
53;400;-56
54;408;-56
55;400;-48
56;400;-40
57;408;-40
58;400;-40
59;416;-40
60;408;-40
61;400;-40
62;400;-40
63;400;-40
64;400;-40
65;400;-40
66;400;-40
67;400;-48
68;400;-48
69;400;-48
70;400;-48
71;400;-48
72;400;-48
73;392;-48
74;392;-48
75;392;-48
76;392;-48
77;392;-48
78;392;-48
79;392;-48
80;400;-56
81;392;-48
82;384;-56
83;384;-56
84;384;-64
85;384;-64
86;376;-72
87;384;-64
88;376;-72
89;376;-72
90;376;-72
91;368;-72
92;376;-72
93;376;-64
94;368;-56
95;368;-56
96;368;-48
97;368;-48
98;368;-40
99;368;-40
100;360;-40
101;368;-40
102;360;-40
103;360;-40
104;352;-40
105;360;-40
106;352;-40
107;360;-40
108;352;-40
109;352;-48
110;352;-40
111;352;56
112;344;56
113;344;56
114;336;48
115;336;48
116;336;48
117;328;48
118;336;40
119;328;40
120;328;32
121;312;32
122;328;24
123;328;24
124;320;24
125;320;24
126;312;32
127;312;40
128;312;40
129;304;48
130;304;48
131;304;56
132;304;64
133;304;64
134;304;64
135;296;64
136;296;64
137;296;64
138;288;64
139;288;64
140;280;56
141;280;56
142;280;56
143;280;56
144;272;56
145;272;56
146;264;56
147;272;56
148;264;48
149;264;56
150;264;56
151;264;48
152;256;56
153;256;56
154;248;48
155;272;56
156;248;48
157;240;48
158;232;56
159;232;48
160;240;48
161;224;48
162;224;48
163;224;40
164;224;32
165;216;32
166;216;32
167;208;24
168;208;24
169;208;24
170;208;24
171;200;24
172;192;32
173;200;32
174;192;40
175;176;48
176;184;48
177;184;56
178;184;56
179;176;64
180;168;64
181;176;64
182;168;64
183;160;64
184;160;64
185;152;64
186;152;56
187;160;56
188;152;56
189;144;56
190;144;56
191;144;56
192;144;56
193;136;56
194;136;56
195;128;48
196;120;48
197;128;56
198;120;48
199;120;56
200;120;56
201;112;48
202;112;48
203;104;56
204;104;48
205;104;48
206;104;48
207;96;56
208;88;48
209;80;48
210;80;48
211;80;48
212;72;48
213;72;48
214;72;48
215;64;136
216;56;128
217;56;136
218;56;120
219;56;120
220;48;112
221;48;112
222;40;112
223;40;112
224;32;112
225;32;112
226;24;112
227;24;120
228;16;120
229;16;120
230;16;128
231;8;136
232;0;136
233;0;144
234;-8;144
235;-8;144
236;-8;152
237;-32;152
238;-16;152
239;-24;144
240;-24;144
241;-32;144
242;-32;144
243;-32;144
244;-40;144
245;-40;144
246;-48;136
247;-56;136
248;-56;136
249;-64;136
250;-64;136
251;-64;136
252;-72;136
253;-72;136
254;-80;136
255;-80;136
256;-88;136
257;-80;136
258;-96;136
259;-104;128
260;-104;136
261;-112;128
262;-112;120
263;-112;120
264;-120;120
265;-120;112
266;-128;112
267;-136;104
268;-128;112
269;-136;104
270;-136;112
271;-144;120
272;-152;120
273;-160;120
274;-160;128
275;-160;136
276;-168;144
277;-168;144
278;-168;152
279;-176;144
280;-176;152
281;-184;144
282;-184;144
283;-192;144
284;-200;144
285;-200;144
286;-200;144
287;-208;144
288;-208;136
289;-216;136
290;-216;144
291;-224;136
292;-224;136
293;-224;136
294;-232;136
295;-240;136
296;-248;136
297;-248;136
298;-240;136
299;-248;136
300;-256;136
301;-256;128
302;-256;136
303;-264;136
304;-264;136
305;-264;136
306;-280;136
307;-280;136
308;-280;128
309;-288;128
310;-280;120
311;-288;120
312;-304;112
313;-296;112
314;-304;112
315;-304;104
316;-304;104
317;-312;112
318;-312;120
319;-296;96
320;-320;96
321;-320;96
322;-328;104
323;-328;104
324;-336;112
325;-344;120
326;-336;120
327;-344;120
328;-344;120
329;-352;120
330;-352;120
331;-352;112
332;-352;112
333;-360;112
334;-360;112
335;-368;112
336;-368;112
337;-368;112
338;-376;104
339;-368;112
340;-376;104
341;-376;112
342;-384;104
343;-384;112
344;-384;104
345;-384;104
346;-376;104
347;-384;104
348;-384;104
349;-384;104
350;-392;104
351;-392;112
352;-400;104
353;-392;104
354;-392;104
355;-392;96
356;-392;96
357;-400;88
358;-392;96
359;-400;88
360;-408;88
361;-400;80
362;-400;72
363;-400;80
364;-408;88
365;-400;96
366;-408;96
367;-408;104
368;-408;112
369;-408;112
370;-408;112
371;-408;112
372;-408;120
373;-400;120
374;-408;120
375;-408;120
376;-408;112
377;-408;112
378;-416;112
379;-408;112
380;-408;112
381;-416;112
382;-408;104
383;-408;112
384;-416;112
385;-408;104
386;-416;104
387;-408;104
388;-408;104
389;-408;104
390;-416;104
391;-416;104
392;-416;104
393;-416;112
394;-408;104
395;-416;104
396;-416;104
397;-416;104
398;-416;104
399;-408;96
400;-416;96
401;-424;88
402;-416;88
403;-416;88
404;-408;88
405;-408;80
406;-408;80
407;-408;80
408;-416;80
409;-408;88
410;-416;88
411;-408;96
412;-408;104
413;-408;112
414;-408;112
415;-408;112
416;-408;120
417;-408;120
418;-400;120
419;-400;120
420;-400;120
421;-400;120
422;-400;120
423;-400;16
424;-400;8
425;-400;8
426;-400;8
427;-392;8
428;-400;0
429;-400;8
430;-400;8
431;-400;8
432;-392;0
433;-392;0
434;-392;-8
435;-376;-8
436;-384;-8
437;-392;-16
438;-392;-16
439;-384;-16
440;-384;-16
441;-384;-24
442;-376;-24
443;-384;-16
444;-384;-16
445;-384;-8
446;-376;-8
447;-376;0
448;-376;8
449;-376;8
450;-368;16
451;-368;16
452;-368;16
453;-368;16
454;-360;16
455;-376;16
456;-360;16
457;-360;16
458;-352;8
459;-352;8
460;-352;8
461;-344;8
462;-336;8
463;-344;8
464;-344;8
465;-336;8
466;-336;8
467;-336;8
468;-328;0
469;-320;0
470;-320;8
471;-320;0
472;-312;0
473;-312;0
474;-304;0
475;-304;0
476;-320;-8
477;-296;-8
478;-288;-16
479;-288;-16
480;-280;-16
481;-280;-16
482;-264;-24
483;-272;-24
484;-264;-24
485;-264;-24
486;-256;-16
487;-256;-8
488;-248;-8
489;-240;0
490;-240;0
491;-232;8
492;-232;16
493;-232;8
494;-224;16
495;-216;16
496;-216;16
497;-208;16
498;-208;16
499;-208;16
500;-200;8
501;-192;8
502;-192;8
503;-184;16
504;-184;8
505;-176;8
506;-168;8
507;-168;8
508;-160;8
509;-152;8
510;-152;0
511;-152;8
512;-144;8
513;-144;8
514;-144;8
515;-136;8
516;-128;0
517;-120;0
518;-120;8
519;-112;0
520;-112;-8
521;-104;-8
522;-104;-8
523;-96;-8
524;-96;-8
525;-96;-16
526;-88;-16
527;-80;-88
528;-80;-88
529;-72;-96
530;-72;-96
531;-64;-88
532;-64;-88
533;-64;-80
534;-56;-80
535;-56;-72
536;-48;-72
537;-32;-64
538;-40;-64
539;-40;-64
540;-40;-64
541;-32;-56
542;-32;-56
543;-24;-64
544;-24;-64
545;-16;-64
546;-16;-64
547;-8;-64
548;0;-64
549;0;-64
550;0;-64
551;0;-72
552;8;-72
553;16;-72
554;16;-64
555;24;-72
556;24;-72
557;24;-72
558;40;-64
559;40;-72
560;40;-72
561;40;-72
562;48;-72
563;56;-72
564;56;-72
565;56;-72
566;64;-72
567;72;-80
568;72;-80
569;80;-80
570;80;-80
571;88;-88
572;88;-96
573;88;-88
574;96;-88
575;104;-96
576;104;-96
577;112;-88
578;128;-88
579;112;-80
580;120;-72
581;128;-72
582;128;-64
583;128;-56
584;128;-56
585;136;-56
586;136;-56
587;144;-64
588;144;-56
589;144;-64
590;152;-64
591;152;-64
592;144;-64
593;160;-64
594;160;-64
595;160;-64
596;168;-64
597;168;-72
598;176;-64
599;192;-72
600;184;-72
601;176;-72
602;192;-72
603;184;-72
604;192;-72
605;184;-72
606;192;-72
607;200;-72
608;200;-64
609;200;-72
610;208;-72
611;208;-80
612;216;-80
613;216;-80
614;216;-80
615;216;-88
616;216;-88
617;224;-96
618;224;-88
619;232;-96
620;232;-88
621;232;-88
622;240;-88
623;240;-80
624;248;-80
625;248;-80
626;256;-72
627;248;-72
628;256;-64
629;256;-64
630;264;-56
631;264;-80
632;256;-80
633;264;-80
634;264;-80
635;272;-80
636;272;-80
637;280;-80
638;280;-88
639;272;-80
640;272;-88
641;280;-80
642;280;-88
643;288;-88
644;288;-88
645;288;-88
646;296;-88
647;296;-88
648;296;-88
649;296;-88
650;304;-88
651;304;-88
652;304;-96
653;312;-96
654;312;-104
655;312;-104
656;320;-104
657;312;-112
658;320;-112
659;320;-112
660;312;-104
661;320;-112
662;328;-104
663;328;-96
664;328;-96
665;328;-88
666;336;-80
667;336;-80
668;336;-80
669;336;-72
670;336;-80
671;344;-72
672;344;-80
673;352;-80
674;368;-80
675;352;-80
676;352;-80
677;352;-80
678;352;-88
679;352;-88
680;352;-88
681;352;-80
682;360;-88
683;360;-88
684;360;-88
685;360;-88
686;360;-88
687;368;-88
688;368;-88
689;368;-88
690;368;-88
691;376;-88
692;376;-88
693;376;-88
694;376;-88
695;376;-88
696;376;-88
697;376;-96
698;384;-96
699;384;-96
700;384;-96
701;384;-104
702;384;-104
703;384;-104
704;384;-112
705;384;-112
706;392;-112
707;392;-104
708;392;-104
709;400;-96
710;392;-96
711;392;-88
712;392;-88
713;392;-80
714;400;-80
715;408;-72
716;392;-72
717;392;-72
718;400;-80
719;400;-80
720;392;-80
721;392;-80
722;400;-80
723;400;-80
724;400;-80
725;400;-88
726;400;-80
727;400;-88
728;400;-88
729;400;-88
730;400;-88
731;400;-88
732;400;-88
733;400;-88
734;400;-80
735;400;-88
736;400;-8
737;400;-16
738;400;-16
739;400;-16
740;400;-24
741;408;-24
742;400;-24
743;408;-32
744;400;-32
745;400;-32
746;400;-32
747;400;-32
748;400;-32
749;400;-24
750;400;-24
751;400;-16
752;408;-16
753;400;-16
754;400;-8
755;400;0
756;408;-8
757;400;-8
758;400;-8
759;392;-8
760;392;-8
761;392;-8
762;400;-8
763;392;-8
764;392;-8
765;392;-8
766;392;-16
767;392;-16
768;384;-16
769;384;-16
770;384;-8
771;384;-16
772;384;-8
773;384;-8
774;376;-8
775;384;-8
776;376;0
777;376;0
778;376;0
779;376;0
780;376;0
781;376;0
782;376;0
783;376;0
784;376;0
785;368;0
786;368;0
787;368;-8
788;360;-8
789;368;-8
790;360;-8
791;360;-8
792;360;0
793;360;-8
794;352;-8
795;352;-8
796;352;-8
797;336;-8
798;352;-8
799;352;-8
800;344;-8
801;344;-8
802;336;-16
803;352;-8
804;336;-8
805;336;-8
806;336;-8
807;336;-8
808;336;-8
809;328;-8
810;328;-8
811;328;-8
812;320;-8
813;320;-16
814;320;-16
815;320;-24
816;312;-24
817;320;-24
818;312;-32
819;312;-32
820;304;-32
821;304;-32
822;304;-32
823;304;-32
824;296;-24
825;296;-16
826;296;-8
827;288;-8
828;288;0
829;288;0
830;288;0
831;288;8
832;280;0
833;272;0
834;272;0
835;272;0
836;272;-8
837;264;0
838;248;0
839;256;0
840;256;96
841;256;96
842;248;96
843;248;96
844;248;88
845;240;88
846;240;80
847;240;80
848;240;72
849;232;72
850;232;72
851;224;72
852;224;72
853;224;72
854;224;72
855;216;80
856;208;80
857;208;88
858;224;96
859;208;104
860;200;104
861;192;104
862;192;104
863;192;104
864;192;104
865;184;112
866;184;112
867;176;104
868;176;96
869;176;104
870;168;96
871;168;96
872;160;96
873;160;96
874;160;96
875;152;96
876;160;96
877;152;96
878;144;96
879;152;96
880;136;96
881;136;96
882;136;96
883;128;96
884;128;96
885;120;96
886;120;96
887;128;96
888;120;88
889;112;96
890;112;88
891;112;88
892;104;80
893;104;80
894;96;72
895;96;72
896;96;72
897;88;72
898;88;72
899;88;72
900;72;72
901;72;80
902;72;88
903;72;88
904;72;96
905;64;104
906;64;104
907;56;104
908;56;104
909;48;104
910;40;104
911;40;104
912;40;104
913;16;104
914;32;104
915;24;104
916;24;96
917;16;96
918;16;96
919;16;96
920;24;96
921;0;96
922;0;96
923;0;96
924;-8;96
925;-8;96
926;-24;96
927;-16;96
928;-24;96
929;-32;96
930;-32;96
931;-32;96
932;-32;88
933;-32;96
934;-40;96
935;-48;96
936;-48;96
937;-56;96
938;-56;96
939;-64;96
940;-80;96
941;-72;96
942;-72;96
943;-72;96
944;-80;144
945;-88;136
946;-88;136
947;-88;136
948;-96;128
949;-104;120
950;-104;120
951;-112;120
952;-112;120
953;-120;120
954;-112;120
955;-120;120
956;-120;128
957;-128;128
958;-128;136
959;-136;136
960;-144;144
961;-160;152
962;-152;152
963;-152;160
964;-160;152
965;-160;160
966;-160;152
967;-168;152
968;-168;152
969;-176;152
970;-176;152
971;-184;152
972;-184;152
973;-192;144
974;-192;144
975;-200;152
976;-200;152
977;-208;144
978;-208;144
979;-208;144
980;-224;144
981;-224;144
982;-224;144
983;-232;144
984;-232;144
985;-232;144
986;-240;144
987;-248;152
988;-248;144
989;-248;144
990;-256;144
991;-256;144
992;-264;144
993;-256;144
994;-264;136
995;-256;144
996;-272;136
997;-280;128
998;-288;128
999;-288;128
1000;-288;120
1001;-296;120
1002;-296;120
1003;-304;120
1004;-304;120
1005;-304;120
1006;-312;120
1007;-312;120
1008;-320;128
1009;-320;136
1010;-320;144
1011;-320;144
1012;-328;152
1013;-328;152
1014;-336;152
1015;-344;152
1016;-344;152
1017;-344;152
1018;-344;152
1019;-352;152
1020;-352;152
1021;-352;152
1022;-360;152
1023;-360;152
1024;-360;152
1025;-368;144
1026;-368;144
1027;-368;144
1028;-376;144
1029;-376;144
1030;-376;144
1031;-376;144
1032;-384;144
1033;-384;144
1034;-384;144
1035;-384;144
1036;-400;144
1037;-392;144
1038;-384;144
1039;-400;136
1040;-392;136
1041;-400;128
1042;-392;128
1043;-400;120
1044;-400;120
1045;-400;120
1046;-392;112
1047;-400;120
1048;-400;48
1049;-400;48
1050;-408;56
1051;-400;64
1052;-408;64
1053;-400;80
1054;-400;80
1055;-400;80
1056;-416;80
1057;-408;80
1058;-408;80
1059;-408;80
1060;-408;80
1061;-408;72
1062;-416;72
1063;-408;80
1064;-408;72
1065;-408;72
1066;-408;72
1067;-416;72
1068;-408;72
1069;-408;72
1070;-408;72
1071;-408;72
1072;-408;72
1073;-416;64
1074;-416;72
1075;-408;64
1076;-408;72
1077;-432;72
1078;-416;72
1079;-408;64
1080;-408;64
1081;-416;64
1082;-416;64
1083;-408;56
1084;-408;56
1085;-416;48
1086;-408;48
1087;-408;48
1088;-408;40
1089;-416;40
1090;-416;48
1091;-408;48
1092;-408;48
1093;-408;56
1094;-408;64
1095;-408;64
1096;-408;72
1097;-408;80
1098;-408;80
1099;-408;80
1100;-408;80
1101;-408;80
1102;-408;80
1103;-408;80
1104;-408;80
1105;-400;80
1106;-408;72
1107;-408;72
1108;-400;72
1109;-400;72
1110;-400;72
1111;-400;72
1112;-400;72
1113;-400;64
1114;-408;72
1115;-400;72
1116;-400;72
1117;-400;72
1118;-408;72
1119;-400;72
1120;-392;64
1121;-400;72
1122;-400;72
1123;-392;64
1124;-400;64
1125;-392;64
1126;-392;64
1127;-392;64
1128;-392;56
1129;-392;56
1130;-392;48
1131;-384;48
1132;-384;48
1133;-384;40
1134;-384;40
1135;-384;48
1136;-384;48
1137;-376;56
1138;-368;64
1139;-376;64
1140;-376;72
1141;-376;72
1142;-368;80
1143;-368;80
1144;-368;80
1145;-368;80
1146;-368;80
1147;-360;80
1148;-360;80
1149;-360;72
1150;-360;72
1151;-352;72
1152;-360;72
1153;-344;-24
1154;-344;-24
1155;-336;-32
1156;-344;-32
1157;-336;-32
1158;-328;-40
1159;-312;-40
1160;-328;-48
1161;-320;-48
1162;-312;-48
1163;-312;-56
1164;-312;-56
1165;-312;-56
1166;-304;-48
1167;-296;-48
1168;-296;-48
1169;-288;-40
1170;-280;-40
1171;-280;-32
1172;-272;-32
1173;-280;-24
1174;-264;-16
1175;-264;-24
1176;-264;-16
1177;-256;-24
1178;-256;-16
1179;-256;-16
1180;-240;-24
1181;-240;-24
1182;-232;-24
1183;-224;-24
1184;-224;-24
1185;-224;-24
1186;-208;-32
1187;-216;-32
1188;-208;-32
1189;-208;-32
1190;-200;-32
1191;-192;-32
1192;-192;-32
1193;-176;-32
1194;-184;-32
1195;-176;-32
1196;-176;-32
1197;-168;-32
1198;-160;-32
1199;-168;-32
1200;-168;-40
1201;-152;-40
1202;-144;-40
1203;-144;-40
1204;-136;-48
1205;-136;-48
1206;-128;-56
1207;-128;-56
1208;-120;-56
1209;-112;-56
1210;-104;-56
1211;-112;-48
1212;-104;-48
1213;-96;-40
1214;-88;-40
1215;-88;-32
1216;-88;-32
1217;-80;-24
1218;-72;-24
1219;-72;-16
1220;-72;-24
1221;-64;-24
1222;-64;-24
1223;-64;-24
1224;-48;-24
1225;-48;-24
1226;-40;-24
1227;-48;-32
1228;-48;-24
1229;-40;-24
1230;-24;-24
1231;-32;-32
1232;-24;-32
1233;-16;-32
1234;0;-32
1235;-16;-24
1236;-16;-32
1237;-8;-32
1238;0;-32
1239;0;-32
1240;0;-40
1241;8;-40
1242;16;-40
1243;16;-40
1244;24;-48
1245;24;-48
1246;24;-56
1247;32;-48
1248;32;-56
1249;40;-56
1250;40;-56
1251;48;-56
1252;56;-48
1253;56;-40
1254;64;-32
1255;64;-32
1256;64;-24
1257;72;-24
1258;80;-80
1259;80;-80
1260;80;-80
1261;88;-80
1262;88;-80
1263;96;-80
1264;96;-88
1265;104;-88
1266;112;-80
1267;112;-88
1268;112;-88
1269;120;-88
1270;120;-88
1271;128;-88
1272;128;-88
1273;128;-88
1274;144;-88
1275;152;-88
1276;136;-88
1277;144;-88
1278;144;-88
1279;152;-96
1280;152;-96
1281;152;-88
1282;160;-96
1283;160;-96
1284;160;-96
1285;160;-96
1286;168;-104
1287;176;-104
1288;176;-112
1289;176;-112
1290;176;-112
1291;184;-112
1292;184;-112
1293;192;-112
1294;192;-104
1295;184;-104
1296;192;-96
1297;200;-96
1298;200;-80
1299;208;-80
1300;208;-80
1301;208;-80
1302;216;-80
1303;216;-80
1304;216;-80
1305;216;-80
1306;224;-80
1307;224;-80
1308;232;-80
1309;232;-80
1310;232;-88
1311;232;-88
1312;240;-88
1313;248;-88
1314;248;-88
1315;248;-96
1316;232;-88
1317;256;-88
1318;256;-88
1319;264;-88
1320;256;-88
1321;264;-88
1322;272;-96
1323;264;-96
1324;264;-104
1325;272;-104
1326;272;-104
1327;280;-104
1328;280;-112
1329;280;-112
1330;288;-112
1331;288;-112
1332;288;-112
1333;288;-104
1334;296;-104
1335;296;-96
1336;288;-96
1337;296;-88
1338;304;-80
1339;304;-80
1340;304;-80
1341;312;-80
1342;312;-80
1343;312;-80
1344;312;-80
1345;312;-80
1346;320;-80
1347;320;-80
1348;320;-80
1349;328;-88
1350;336;-88
1351;328;-80
1352;328;-88
1353;328;-88
1354;328;-88
1355;336;-88
1356;336;-88
1357;328;-88
1358;344;-80
1359;344;-88
1360;352;-88
1361;344;-72
1362;344;-80
1363;352;-72
1364;352;-80
1365;352;-88
1366;352;-88
1367;352;-88
1368;360;-88
1369;360;-96
1370;360;-96
1371;360;-88
1372;360;-88
1373;360;-88
1374;368;-80
1375;368;-80
1376;368;-80
1377;376;-72
1378;368;-64
1379;376;-64
1380;376;-56
1381;376;-56
1382;376;-64
1383;384;-56
1384;376;-56
1385;384;-64
1386;384;-64
1387;384;-64
1388;384;-64
1389;384;-64
1390;392;-64
1391;384;-64
1392;384;-64
1393;392;-64
1394;392;-64
1395;392;-72
1396;392;-64
1397;392;-64
1398;400;-72
1399;392;-72
1400;392;-72
1401;392;-72
1402;400;-64
1403;400;-72
1404;392;-72
1405;392;-72
1406;400;-72
1407;400;-72
1408;400;-72
1409;400;-80
1410;400;-80
1411;400;-80
1412;400;-88
1413;400;-88
1414;400;-96
1415;400;-88
1416;400;-88
1417;400;-88
1418;400;-88
1419;408;-88
1420;408;-80
1421;408;-72
1422;408;-72
1423;400;-64
1424;400;-64
1425;400;-56
1426;408;-64
1427;400;-56
1428;400;-64
1429;408;-56
1430;408;-64
1431;400;-64
1432;400;-64
1433;408;-64
1434;408;-64
1435;400;-64
1436;408;-64
1437;408;-64
1438;408;-64
1439;408;-64
1440;400;-64
1441;400;-72
1442;400;-64
1443;400;-64
1444;400;-72
1445;392;-64
1446;400;-72
1447;400;-64
1448;400;-72
1449;400;-72
1450;392;-72
1451;400;-72
1452;400;-80
1453;392;-80
1454;392;-88
1455;392;-88
1456;392;-88
1457;392;-88
1458;392;-96
1459;384;-88
1460;392;-88
1461;384;-80
1462;384;-80
1463;384;-72
1464;384;-64
1465;384;40
1466;392;40
1467;376;40
1468;384;40
1469;376;40
1470;376;40
1471;376;40
1472;376;40
1473;368;40
1474;368;40
1475;376;32
1476;368;32
1477;368;32
1478;368;32
1479;352;32
1480;352;32
1481;360;32
1482;360;32
1483;352;24
1484;360;32
1485;352;24
1486;352;24
1487;352;32
1488;352;32
1489;344;32
1490;344;32
1491;344;24
1492;344;32
1493;344;32
1494;344;24
1495;336;24
1496;336;24
1497;336;24
1498;328;16
1499;328;16
1500;320;16
1501;320;8
1502;320;8
1503;320;8
1504;312;8
1505;320;0
1506;312;8
1507;312;8
1508;312;8
1509;312;16
1510;304;16
1511;296;32
1512;296;32
1513;304;40
1514;320;40
1515;296;40
1516;288;40
1517;288;40
1518;280;40
1519;280;40
1520;272;40
1521;280;40
1522;272;40
1523;264;40
1524;264;32
1525;264;32
1526;256;32
1527;256;32
1528;256;32
1529;256;32
1530;248;32
1531;248;32
1532;248;24
1533;248;32
1534;232;32
1535;240;32
1536;232;32
1537;232;24
1538;232;32
1539;232;24
1540;224;32
1541;224;32
1542;216;24
1543;216;24
1544;216;24
1545;208;16
1546;208;16
1547;208;16
1548;200;8
1549;200;8
1550;192;8
1551;192;8
1552;192;0
1553;192;8
1554;192;8
1555;176;16
1556;176;16
1557;176;24
1558;168;24
1559;168;32
1560;168;32
1561;168;40
1562;160;40
1563;160;40
1564;152;40
1565;152;40
1566;144;40
1567;144;40
1568;144;40
1569;136;136
1570;144;136
1571;136;136
1572;136;136
1573;128;128
1574;128;128
1575;120;128
1576;120;128
1577;120;128
1578;112;128
1579;104;128
1580;112;128
1581;104;120
1582;104;112
1583;96;112
1584;96;112
1585;96;104
1586;88;104
1587;88;104
1588;80;104
1589;80;104
1590;72;104
1591;72;112
1592;72;112
1593;72;120
1594;64;128
1595;64;136
1596;32;136
1597;56;136
1598;48;136
1599;48;136
1600;48;136
1601;32;136
1602;32;136
1603;32;136
1604;24;136
1605;24;136
1606;16;128
1607;16;136
1608;8;128
1609;8;128
1610;0;128
1611;0;128
1612;-8;128
1613;-8;128
1614;-8;128
1615;-16;128
1616;-24;128
1617;-24;128
1618;-24;128
1619;-32;128
1620;-40;128
1621;-40;120
1622;-40;128
1623;-40;120
1624;-48;120
1625;-56;112
1626;-56;112
1627;-56;104
1628;-64;104
1629;-64;104
1630;-64;96
1631;-72;96
1632;-80;96
1633;-80;104
1634;-80;112
1635;-80;112
1636;-88;112
1637;-112;120
1638;-104;128
1639;-104;128
1640;-112;136
1641;-120;136
1642;-112;136
1643;-120;136
1644;-128;136
1645;-128;136
1646;-136;144
1647;-136;136
1648;-136;136
1649;-144;136
1650;-144;136
1651;-144;128
1652;-152;128
1653;-160;128
1654;-168;128
1655;-168;128
1656;-168;128
1657;-160;128
1658;-176;128
1659;-176;128
1660;-184;128
1661;-184;128
1662;-192;128
1663;-208;128
1664;-200;128
1665;-208;128
1666;-208;120
1667;-208;120
1668;-216;120
1669;-216;128
1670;-216;128
1671;-232;120
1672;-224;128
1673;-224;128
1674;-232;128
1675;-240;128
1676;-240;120
1677;-240;120
1678;-240;112
1679;-248;104
1680;-248;104
1681;-256;104
1682;-264;104
1683;-264;104
1684;-280;104
1685;-264;104
1686;-272;112
1687;-280;112
1688;-280;120
1689;-280;128
1690;-288;128
1691;-288;136
1692;-296;144
1693;-296;136
1694;-296;144
1695;-304;136
1696;-312;136
1697;-312;136
1698;-304;136
1699;-320;136
1700;-320;136
1701;-320;136
1702;-328;136
1703;-328;136
1704;-328;128
1705;-328;136
1706;-336;136
1707;-344;136
1708;-344;128
1709;-344;128
1710;-352;128
1711;-360;128
1712;-360;128
1713;-352;136
1714;-360;128
1715;-368;128
1716;-376;128
1717;-376;128
1718;-376;128
1719;-352;128
1720;-376;120
1721;-384;120
1722;-384;112
1723;-384;120
1724;-384;104
1725;-392;104
1726;-392;104
1727;-392;104
1728;-392;96
1729;-392;104
1730;-392;104
1731;-392;112
1732;-392;120
1733;-400;128
1734;-400;136
1735;-400;136
1736;-400;144
1737;-400;144
1738;-408;144
1739;-408;136
1740;-400;144
1741;-400;136
1742;-408;136
1743;-400;136
1744;-408;136
1745;-408;136
1746;-400;136
1747;-408;136
1748;-400;128
1749;-408;128
1750;-408;128
1751;-408;128
1752;-416;128
1753;-400;128
1754;-408;128
1755;-408;128
1756;-408;136
1757;-408;128
1758;-408;120
1759;-416;128
1760;-424;128
1761;-408;128
1762;-408;120
1763;-400;120
1764;-408;120
1765;-408;112
1766;-408;112
1767;-408;112
1768;-408;104
1769;-408;104
1770;-408;104
1771;-408;104
1772;-408;104
1773;-408;104
1774;-408;104
1775;-408;112
1776;-408;120
1777;-400;24
1778;-416;32
1779;-408;32
1780;-408;40
1781;-408;40
1782;-408;40
1783;-408;40
1784;-408;40
1785;-408;40
1786;-408;40
1787;-400;40
1788;-400;32
1789;-408;40
1790;-400;32
1791;-408;32
1792;-400;32
1793;-400;32
1794;-392;32
1795;-400;32
1796;-400;32
1797;-400;32
1798;-392;24
1799;-400;32
1800;-408;24
1801;-408;24
1802;-400;24
1803;-400;24
1804;-392;24
1805;-392;24
1806;-392;16
1807;-392;16
1808;-392;8
1809;-392;8
1810;-392;8
1811;-384;0
1812;-384;0
1813;-384;0
1814;-400;8
1815;-384;8
1816;-384;24
1817;-384;24
1818;-384;32
1819;-384;40
1820;-376;40
1821;-376;40
1822;-376;40
1823;-376;40
1824;-376;40
1825;-376;40
1826;-368;32
1827;-376;32
1828;-376;32
1829;-368;32
1830;-360;32
1831;-360;32
1832;-360;32
1833;-360;32
1834;-352;32
1835;-360;24
1836;-352;32
1837;-344;32
1838;-344;24
1839;-344;24
1840;-344;24
1841;-336;24
1842;-336;24
1843;-328;24
1844;-328;16
1845;-320;8
1846;-320;8
1847;-320;8
1848;-312;8
1849;-312;0
1850;-312;0
1851;-304;0
1852;-304;8
1853;-296;8
1854;-296;16
1855;-296;16
1856;-280;24
1857;-280;32
1858;-280;32
1859;-272;40
1860;-272;40
1861;-264;40
1862;-264;40
1863;-256;40
1864;-256;40
1865;-248;40
1866;-248;40
1867;-240;32
1868;-232;32
1869;-232;32
1870;-224;32
1871;-224;32
1872;-216;32
1873;-216;24
1874;-208;32
1875;-208;32
1876;-224;24
1877;-200;32
1878;-192;24
1879;-192;32
1880;-184;24
1881;-184;32
1882;-168;-56
1883;-168;-56
1884;-168;-64
1885;-168;-64
1886;-152;-72
1887;-152;-64
1888;-152;-72
1889;-144;-72
1890;-144;-80
1891;-136;-80
1892;-136;-80
1893;-128;-80
1894;-128;-80
1895;-120;-80
1896;-112;-72
1897;-112;-64
1898;-112;-64
1899;-104;-56
1900;-104;-56
1901;-96;-48
1902;-96;-48
1903;-96;-40
1904;-80;-40
1905;-80;-48
1906;-80;-48
1907;-72;-48
1908;-72;-40
1909;-64;-48
1910;-56;-48
1911;-56;-48
1912;-56;-48
1913;-48;-56
1914;-48;-56
1915;-40;-48
1916;-40;-56
1917;-40;-56
1918;-32;-56
1919;-32;-56
1920;-24;-56
1921;-24;-56
1922;-24;-56
1923;-16;-56
1924;-8;-56
1925;-8;-56
1926;0;-56
1927;8;-56
1928;0;-56
1929;8;-56
1930;8;-64
1931;16;-72
1932;24;-72
1933;16;-72
1934;24;-80
1935;32;-80
1936;32;-80
1937;48;-80
1938;40;-80
1939;48;-80
1940;56;-72
1941;56;-64
1942;56;-64
1943;56;-56
1944;64;-56
1945;64;-56
1946;72;-48
1947;80;-48
1948;80;-40
1949;88;-40
1950;88;-48
1951;88;-40
1952;96;-48
1953;96;-48
1954;104;-48
1955;112;-48
1956;112;-48
1957;112;-48
1958;120;-56
1959;120;-56
1960;128;-56
1961;128;-56
1962;136;-56
1963;136;-56
1964;128;-56
1965;136;-56
1966;144;-56
1967;144;-56
1968;152;-56
1969;152;-56
1970;152;-56
1971;152;-56
1972;160;-56
1973;160;-56
1974;168;-56
1975;168;-64
1976;168;-64
1977;176;-72
1978;184;-72
1979;176;-80
1980;176;-80
1981;184;-80
1982;192;-80
1983;192;-80
1984;192;-72
1985;200;-72
1986;192;-104
1987;200;-96
1988;208;-96
1989;208;-96
1990;216;-88
1991;208;-80
1992;200;-80
1993;216;-88
1994;224;-88
1995;224;-88
1996;224;-88
1997;232;-80
1998;232;-88
1999;248;-88
2000;240;-88
2001;240;-88
2002;240;-88
2003;248;-88
2004;248;-96
2005;240;-96
2006;248;-88
2007;256;-96
2008;256;-96
2009;256;-96
2010;264;-96
2011;256;-88
2012;272;-96
2013;264;-96
2014;272;-96
2015;272;-104
2016;272;-104
2017;280;-104
2018;280;-112
2019;272;-112
2020;288;-120
2021;288;-112
2022;288;-120
2023;288;-112
2024;288;-112
2025;296;-104
2026;304;-104
2027;296;-96
2028;304;-96
2029;304;-88
2030;304;-88
2031;312;-80
2032;312;-88
2033;320;-80
2034;312;-80
2035;312;-88
2036;320;-88
2037;320;-80
2038;320;-88
2039;312;-88
2040;320;-88
2041;328;-88
2042;336;-88
2043;328;-88
2044;328;-88
2045;336;-96
2046;336;-88
2047;336;-88
2048;336;-96
2049;344;-96
2050;336;-96
2051;344;-96
2052;344;-88
2053;352;-96
2054;352;-96
2055;352;-88
2056;352;-96
2057;352;-96
2058;352;-96
2059;352;-96
2060;352;-96
2061;360;-104
2062;360;-104
2063;360;-112
2064;360;-112
2065;368;-112
2066;368;-112
2067;368;-112
2068;368;-112
2069;368;-112
2070;368;-104
2071;376;-104
2072;376;-96
2073;376;-88
2074;400;-88
2075;376;-88
2076;376;-88
2077;376;-80
2078;384;-88
2079;384;-80
2080;376;-80
2081;384;-88
2082;384;-88
2083;384;-88
2084;384;-88
2085;384;-88
2086;392;-88
2087;392;-88
2088;392;-96
2089;384;-88
2090;384;-32
2091;392;-40
2092;392;-32
2093;392;-40
2094;384;-40
2095;392;-48
2096;392;-48
2097;392;-56
2098;392;-56
2099;392;-56
2100;400;-56
2101;400;-56
2102;392;-56
2103;392;-56
2104;392;-56
2105;392;-48
2106;400;-48
2107;400;-40
2108;392;-32
2109;400;-32
2110;400;-32
2111;400;-24
2112;400;-24
2113;400;-24
2114;400;-24
2115;400;-24
2116;400;-24
2117;400;-24
2118;400;-24
2119;400;-32
2120;400;-24
2121;392;-32
2122;400;-32
2123;400;-32
2124;400;-32
2125;400;-32
2126;400;-32
2127;400;-32
2128;400;-32
2129;400;-32
2130;400;-32
2131;400;-32
2132;392;-32
2133;392;-32
2134;392;-32
2135;384;-40
2136;400;-40
2137;400;-40
2138;392;-40
2139;392;-48
2140;392;-48
2141;392;-56
2142;392;-56
2143;392;-56
2144;384;-56
2145;392;-64
2146;384;-56
2147;384;-56
2148;384;-56
2149;384;-48
2150;384;-40
2151;384;-32
2152;376;-32
2153;376;-24
2154;376;-24
2155;376;-24
2156;360;-24
2157;376;-16
2158;368;-24
2159;368;-24
2160;368;-24
2161;368;-24
2162;376;-32
2163;368;-32
2164;368;-32
2165;368;-32
2166;360;-32
2167;360;-32
2168;360;-32
2169;360;-32
2170;360;-32
2171;352;-32
2172;352;-32
2173;352;-32
2174;352;-32
2175;352;-32
2176;360;-32
2177;344;-32
2178;344;-40
2179;344;-40
2180;344;-32
2181;344;-32
2182;336;-32
2183;328;-40
2184;336;-32
2185;336;-40
2186;328;-40
2187;328;-48
2188;328;-48
2189;328;-48
2190;328;-56
2191;320;-56
2192;320;-56
2193;320;-64
2194;312;40
2195;312;40
2196;312;48
2197;304;48
2198;304;56
2199;304;64
2200;296;64
2201;296;72
2202;296;80
2203;288;72
2204;288;80
2205;288;80
2206;288;80
2207;288;80
2208;280;80
2209;272;80
2210;272;80
2211;272;72
2212;272;72
2213;264;72
2214;264;72
2215;264;72
2216;264;72
2217;272;72
2218;256;64
2219;256;72
2220;256;64
2221;248;64
2222;240;64
2223;248;64
2224;240;64
2225;240;64
2226;232;64
2227;232;64
2228;232;56
2229;224;64
2230;224;56
2231;208;48
2232;224;48
2233;216;48
2234;208;40
2235;208;40
2236;208;40
2237;208;40
2238;224;48
2239;200;48
2240;200;56
2241;192;64
2242;192;64
2243;184;72
2244;176;72
2245;176;72
2246;184;80
2247;176;80
2248;176;80
2249;168;72
2250;160;72
2251;168;72
2252;160;72
2253;160;80
2254;152;72
2255;152;72
2256;144;72
2257;144;72
2258;136;72
2259;144;72
2260;136;64
2261;136;64
2262;136;72
2263;128;64
2264;128;72
2265;128;64
2266;112;64
2267;120;64
2268;112;64
2269;112;64
2270;112;64
2271;104;64
2272;112;64
2273;96;64
2274;96;64
2275;96;64
2276;96;64
2277;88;64
2278;80;64
2279;72;64
2280;72;56
2281;72;56
2282;64;48
2283;64;48
2284;64;48
2285;56;40
2286;56;40
2287;56;40
2288;48;40
2289;48;40
2290;40;48
2291;40;48
2292;32;56
2293;24;64
2294;24;64
2295;24;72
2296;16;72
2297;16;80
2298;8;152
2299;8;152
2300;8;152
2301;0;152
2302;0;152
2303;-8;152
2304;-8;152
2305;-8;144
2306;-16;144
2307;-16;144
2308;-24;144
2309;-32;144
2310;-32;144
2311;-32;136
2312;-40;136
2313;-40;144
2314;-48;136
2315;-48;136
2316;-56;136
2317;-64;144
2318;-64;136
2319;-80;144
2320;-80;136
2321;-72;136
2322;-80;136
2323;-80;128
2324;-88;128
2325;-88;128
2326;-88;128
2327;-96;120
2328;-104;120
2329;-104;112
2330;-112;112
2331;-112;120
2332;-120;112
2333;-120;112
2334;-128;128
2335;-128;128
2336;-128;144
2337;-136;144
2338;-136;152
2339;-144;152
2340;-144;152
2341;-152;152
2342;-152;144
2343;-160;152
2344;-168;152
2345;-168;144
2346;-176;152
2347;-176;152
2348;-184;144
2349;-184;144
2350;-192;144
2351;-184;144
2352;-192;144
2353;-192;136
2354;-184;144
2355;-200;144
2356;-216;144
2357;-208;144
2358;-216;136
2359;-216;136
2360;-224;136
2361;-224;136
2362;-232;136
2363;-232;136
2364;-232;136
2365;-240;136
2366;-240;128
2367;-248;128
2368;-248;120
2369;-248;120
2370;-256;112
2371;-256;120
2372;-256;112
2373;-264;112
2374;-280;112
2375;-272;120
2376;-280;120
2377;-280;128
2378;-288;128
2379;-288;136
2380;-296;136
2381;-296;144
2382;-304;152
2383;-304;152
2384;-312;152
2385;-312;152
2386;-312;152
2387;-312;152
2388;-320;144
2389;-312;144
2390;-320;144
2391;-320;144
2392;-328;144
2393;-320;144
2394;-336;144
2395;-360;144
2396;-336;144
2397;-344;144
2398;-344;136
2399;-352;136
2400;-352;136
2401;-344;144
2402;-352;96
2403;-360;96
2404;-360;88
2405;-360;88
2406;-360;88
2407;-368;80
2408;-376;80
2409;-376;72
2410;-376;72
2411;-376;64
2412;-376;64
2413;-376;64
2414;-384;64
2415;-384;64
2416;-384;72
2417;-384;80
2418;-384;88
2419;-392;96
2420;-384;88
2421;-384;96
2422;-392;104
2423;-392;104
2424;-384;104
2425;-392;104
2426;-392;104
2427;-392;104
2428;-392;104
2429;-392;104
2430;-400;104
2431;-400;96
2432;-392;96
2433;-400;96
2434;-400;96
2435;-408;96
2436;-416;96
2437;-400;88
2438;-400;96
2439;-400;88
2440;-400;96
2441;-400;96
2442;-400;88
2443;-408;88
2444;-400;88
2445;-400;96
2446;-408;96
2447;-408;88
2448;-408;88
2449;-408;88
2450;-408;88
2451;-400;96
2452;-408;88
2453;-408;88
2454;-408;88
2455;-408;88
2456;-392;88
2457;-400;80
2458;-408;72
2459;-408;72
2460;-408;64
2461;-408;64
2462;-408;64
2463;-408;64
2464;-408;72
2465;-408;72
2466;-408;80
2467;-408;88
2468;-408;88
2469;-408;96
2470;-408;104
2471;-400;104
2472;-408;104
2473;-408;104
2474;-408;104
2475;-408;96
2476;-408;104
2477;-424;96
2478;-408;96
2479;-400;96
2480;-408;96
2481;-408;96
2482;-408;96
2483;-392;96
2484;-400;88
2485;-400;96
2486;-400;88
2487;-400;96
2488;-400;88
2489;-400;96
2490;-400;88
2491;-400;88
2492;-392;88
2493;-400;88
2494;-400;88
2495;-400;88
2496;-400;80
2497;-384;80
2498;-392;72
2499;-392;72
2500;-392;64
2501;-392;64
2502;-392;64
2503;-392;64
2504;-392;72
2505;-392;80
2506;-392;72
2507;-384;-24
2508;-384;-16
2509;-384;-8
2510;-384;-8
2511;-392;0
2512;-384;0
2513;-384;0
2514;-376;0
2515;-376;0
2516;-376;0
2517;-376;0
2518;-368;0
2519;-376;0
2520;-376;-8
2521;-368;0
2522;-368;-8
2523;-368;-8
2524;-368;-8
2525;-360;-8
2526;-360;-8
2527;-360;-8
2528;-352;-8
2529;-352;-8
2530;-352;-8
2531;-344;-8
2532;-344;-16
2533;-336;-16
2534;-336;-16
2535;-336;-16
2536;-336;-16
2537;-328;-16
2538;-320;-16
2539;-320;-24
2540;-320;-32
2541;-312;-32
2542;-304;-32
2543;-304;-32
2544;-296;-32
2545;-296;-32
2546;-288;-32
2547;-288;-32
2548;-288;-24
2549;-288;-24
2550;-280;-16
2551;-272;-16
2552;-272;-8
2553;-264;0
2554;-264;0
2555;-256;0
2556;-248;8
2557;-240;0
2558;-248;0
2559;-240;0
2560;-232;0
2561;-232;0
2562;-224;0
2563;-224;0
2564;-216;-8
2565;-216;0
2566;-208;-8
2567;-208;-8
2568;-200;-8
2569;-192;-8
2570;-192;-8
2571;-192;-8
2572;-176;-8
2573;-176;-8
2574;-176;-16
2575;-168;-8
2576;-168;-8
2577;-160;-8
2578;-152;-8
2579;-160;-16
2580;-144;-16
2581;-144;-16
2582;-136;-8
2583;-128;-8
2584;-128;-16
2585;-120;-16
2586;-120;-16
2587;-112;-16
2588;-112;-24
2589;-104;-24
2590;-104;-32
2591;-96;-32
2592;-88;-40
2593;-80;-32
2594;-88;-40
2595;-80;-32
2596;-72;-32
2597;-80;-24
2598;-72;-24
2599;-80;-8
2600;-72;-8
2601;-56;0
2602;-56;-8
2603;-56;0
2604;-48;0
2605;-48;0
2606;-40;0
2607;-40;0
2608;-32;0
2609;-32;-8
2610;-24;-8
2611;-24;-72
2612;-16;-72
2613;-16;-72
2614;-8;-80
2615;-8;-80
2616;0;-80
2617;0;-88
2618;0;-88
2619;8;-96
2620;8;-96
2621;16;-96
2622;16;-96
2623;24;-104
2624;24;-96
2625;32;-96
2626;32;-96
2627;40;-88
2628;40;-88
2629;40;-80
2630;48;-72
2631;56;-72
2632;56;-72
2633;72;-72
2634;72;-72
2635;72;-72
2636;80;-64
2637;72;-64
2638;80;-72
2639;88;-72
2640;80;-72
2641;96;-72
2642;96;-72
2643;96;-72
2644;104;-80
2645;104;-80
2646;112;-80
2647;120;-80
2648;120;-80
2649;128;-80
2650;128;-80
2651;128;-80
2652;128;-80
2653;136;-80
2654;136;-72
2655;144;-80
2656;144;-80
2657;144;-80
2658;152;-80
2659;152;-80
2660;152;-80
2661;160;-80
2662;160;-80
2663;160;-80
2664;168;-88
2665;168;-88
2666;176;-96
2667;176;-96
2668;168;-96
2669;176;-104
2670;176;-96
2671;184;-96
2672;192;-96
2673;192;-96
2674;200;-96
2675;200;-88
2676;200;-80
2677;208;-72
2678;208;-72
2679;208;-72
2680;216;-64
2681;216;-64
2682;216;-72
2683;216;-64
2684;224;-64
2685;224;-72
2686;232;-72
2687;224;-72
2688;232;-72
2689;232;-80
2690;240;-80
2691;240;-72
2692;240;-72
2693;240;-72
2694;248;-72
2695;240;-80
2696;256;-80
2697;256;-80
2698;256;-80
2699;256;-80
2700;264;-80
2701;272;-80
2702;264;-80
2703;272;-80
2704;272;-80
2705;272;-72
2706;280;-80
2707;280;-80
2708;288;-80
2709;288;-88
2710;280;-88
2711;288;-96
2712;288;-96
2713;296;-96
2714;296;-96
2715;296;-104
2716;280;-104
2717;304;-104
2718;304;-96
2719;304;-96
2720;304;-88
2721;304;-88
2722;320;-80
2723;312;-80
2724;320;-72
2725;320;-72
2726;312;-72
2727;320;-72
2728;320;-64
2729;328;-72
2730;328;-72
2731;328;-72
2732;328;-72
2733;328;-72
2734;336;-72
2735;336;-72
2736;336;-80
2737;344;-80
2738;344;-80
2739;352;-80
2740;344;-80
2741;352;-80
2742;352;-80
2743;352;-80
2744;352;-80
2745;352;-80
2746;352;-80
2747;352;-80
2748;352;-80
2749;360;-88
2750;368;-80
2751;360;-88
2752;368;-88
2753;360;-96
2754;360;-88
2755;368;-96
2756;368;-96
2757;352;-104
2758;376;-96
2759;376;-104
2760;376;-104
2761;376;-96
2762;376;-96
2763;384;-88
2764;376;-80
2765;384;-72
2766;384;-72
2767;384;-72
2768;384;-72
2769;384;-72
2770;384;-64
2771;384;-64
2772;384;-72
2773;384;-72
2774;392;-72
2775;400;-80
2776;392;-72
2777;400;-72
2778;392;-72
2779;392;-72
2780;392;-80
2781;392;-72
2782;400;-80
2783;392;-80
2784;392;-80
2785;400;-80
2786;392;-80
2787;400;-80
2788;400;-80
2789;400;-80
2790;400;-80
2791;400;-80
2792;400;-80
2793;400;-80
2794;400;-80
2795;400;-88
2796;400;-88
2797;400;-96
2798;408;-96
2799;400;-96
2800;400;-96
2801;400;-104
2802;400;-104
2803;400;-104
2804;408;-96
2805;408;-96
2806;400;-96
2807;400;-80
2808;400;-80
2809;408;-72
2810;400;-72
2811;408;-72
2812;400;-64
2813;400;-72
2814;400;-72
2815;408;-64
2816;400;-72
2817;400;-72
2818;416;-72
2819;400;-72
2820;400;16
2821;400;8
2822;400;8
2823;400;16
2824;400;16
2825;400;8
2826;400;8
2827;392;8
2828;400;8
2829;400;8
2830;400;0
2831;392;-8
2832;384;-8
2833;392;-8
2834;392;-16
2835;392;-16
2836;392;-16
2837;392;-24
2838;392;-16
2839;392;-16
2840;384;-16
2841;384;-16
2842;384;-8
2843;384;0
2844;376;0
2845;376;8
2846;384;16
2847;376;16
2848;376;16
2849;376;16
2850;376;16
2851;376;24
2852;376;16
2853;368;16
2854;368;16
2855;360;16
2856;360;16
2857;368;8
2858;360;8
2859;352;16
2860;352;8
2861;360;8
2862;360;8
2863;352;8
2864;352;8
2865;352;8
2866;360;8
2867;344;8
2868;344;8
2869;344;8
2870;344;8
2871;344;0
2872;336;0
2873;344;0
2874;328;-8
2875;328;-8
2876;328;-8
2877;328;-16
2878;328;-16
2879;312;-24
2880;312;-16
2881;320;-16
2882;320;-16
2883;320;-8
2884;312;-8
2885;312;8
2886;312;8
2887;304;16
2888;304;16
2889;296;24
2890;304;24
2891;296;24
2892;296;16
2893;288;16
2894;288;16
2895;288;16
2896;280;16
2897;280;8
2898;280;16
2899;280;16
2900;272;8
2901;272;8
2902;264;8
2903;264;8
2904;264;8
2905;256;8
2906;256;8
2907;256;8
2908;256;8
2909;248;0
2910;256;8
2911;248;0
2912;248;0
2913;240;-8
2914;256;-8
2915;232;-8
2916;232;-16
2917;224;-16
2918;232;-24
2919;224;-16
2920;216;-16
2921;224;-16
2922;216;-8
2923;208;96
2924;208;104
2925;208;112
2926;200;112
2927;200;120
2928;200;120
2929;192;120
2930;192;120
2931;184;120
2932;184;120
2933;184;120
2934;168;120
2935;176;112
2936;168;112
2937;168;112
2938;168;112
2939;160;112
2940;152;112
2941;160;104
2942;160;112
2943;160;112
2944;152;104
2945;152;104
2946;144;104
2947;144;104
2948;136;104
2949;136;104
2950;136;104
2951;128;104
2952;128;96
2953;128;96
2954;120;88
2955;112;88
2956;112;88
2957;112;80
2958;104;80
2959;104;80
2960;104;80
2961;104;80
2962;96;88
2963;96;96
2964;88;104
2965;88;104
2966;88;120
2967;80;120
2968;72;120
2969;72;120
2970;72;120
2971;72;120
2972;64;120
2973;64;120
2974;56;120
2975;40;112
2976;48;112
2977;48;112
2978;48;112
2979;40;112
2980;32;112
2981;32;104
2982;24;112
2983;24;104
2984;16;112
2985;16;104
2986;16;104
2987;16;112
2988;8;112
2989;0;104
2990;0;104
2991;0;104
2992;-8;96
2993;-8;96
2994;-16;88
2995;-16;88
2996;-32;88
2997;-24;88
2998;-32;80
2999;-40;80
3000;-40;80
3001;-40;88
3002;-40;88
3003;-48;88
3004;-48;96
3005;-56;96
3006;-64;104
3007;-64;112
3008;-64;112
3009;-72;120
3010;-72;120
3011;-80;120
3012;-80;120
3013;-88;120
3014;-88;120
3015;-88;120
3016;-96;120
3017;-104;112
3018;-104;112
3019;-112;112
3020;-112;112
3021;-112;104
3022;-120;104
3023;-128;104
3024;-120;104
3025;-120;112
3026;-136;112
3027;-136;136
3028;-136;136
3029;-144;136
3030;-144;136
3031;-152;128
3032;-160;128
3033;-160;120
3034;-168;120
3035;-176;112
3036;-176;112
3037;-192;112
3038;-184;112
3039;-184;120
3040;-184;120
3041;-192;120
3042;-200;128
3043;-200;128
3044;-200;144
3045;-208;144
3046;-208;144
3047;-216;152
3048;-224;144
3049;-224;152
3050;-224;152
3051;-224;152
3052;-224;152
3053;-232;144
3054;-240;144
3055;-240;144
3056;-240;144
3057;-232;144
3058;-248;144
3059;-248;144
3060;-256;136
3061;-256;144
3062;-264;144
3063;-264;136
3064;-272;144
3065;-272;136
3066;-280;136
3067;-280;144
3068;-288;136
3069;-288;144
3070;-288;136
3071;-304;136
3072;-296;136
3073;-304;136
3074;-304;136
3075;-304;128
3076;-304;128
3077;-312;128
3078;-312;120
3079;-320;120
3080;-328;112
3081;-328;112
3082;-328;112
3083;-336;112
3084;-344;112
3085;-336;120
3086;-344;128
3087;-344;136
3088;-344;136
3089;-344;144
3090;-352;144
3091;-352;152
3092;-360;152
3093;-360;144
3094;-368;152
3095;-368;152
3096;-376;152
3097;-376;152
3098;-368;152
3099;-376;144
3100;-376;144
3101;-376;144
3102;-384;144
3103;-384;136
3104;-384;144
3105;-384;136
3106;-384;136
3107;-392;136
3108;-392;136
3109;-392;136
3110;-392;136
3111;-400;136
3112;-400;136
3113;-400;136
3114;-392;136
3115;-400;136
3116;-400;128
3117;-400;120
3118;-400;120
3119;-384;120
3120;-400;112
3121;-400;112
3122;-400;112
3123;-408;112
3124;-408;120
3125;-408;120
3126;-408;128
3127;-400;136
3128;-408;144
3129;-408;144
3130;-408;152
3131;-408;152
3132;-400;64
3133;-416;64
3134;-408;64
3135;-408;64
3136;-408;64
3137;-400;64
3138;-416;56
3139;-416;56
3140;-408;56
3141;-408;56
3142;-408;56
3143;-408;56
3144;-408;48
3145;-408;48
3146;-400;56
3147;-408;48
3148;-400;48
3149;-408;48
3150;-408;56
3151;-408;48
3152;-408;48
3153;-408;48
3154;-408;40
3155;-408;32
3156;-408;32
3157;-408;24
3158;-416;32
3159;-400;24
3160;-416;24
3161;-408;24
3162;-408;24
3163;-408;32
3164;-408;32
3165;-408;40
3166;-400;48
3167;-408;48
3168;-408;56
3169;-400;56
3170;-400;56
3171;-408;64
3172;-408;64
3173;-400;64
3174;-400;64
3175;-408;64
3176;-400;56
3177;-400;56
3178;-400;56
3179;-400;56
3180;-400;56
3181;-400;56
3182;-400;48
3183;-400;56
3184;-392;48
3185;-392;48
3186;-392;48
3187;-392;56
3188;-392;48
3189;-392;48
3190;-392;48
3191;-392;48
3192;-384;48
3193;-384;48
3194;-368;48
3195;-384;48
3196;-384;40
3197;-384;40
3198;-384;32
3199;-376;32
3200;-384;32
3201;-376;24
3202;-376;24
3203;-376;24
3204;-376;24
3205;-376;32
3206;-368;32
3207;-368;40
3208;-368;40
3209;-368;40
3210;-360;48
3211;-360;56
3212;-360;56
3213;-360;56
3214;-368;64
3215;-352;64
3216;-352;64
3217;-344;64
3218;-344;64
3219;-344;56
3220;-336;56
3221;-336;56
3222;-336;56
3223;-336;64
3224;-328;56
3225;-320;56
3226;-320;48
3227;-312;56
3228;-320;48
3229;-312;48
3230;-312;48
3231;-304;48
3232;-304;48
3233;-296;56
3234;-288;56
3235;-288;48
3236;-280;-40
3237;-280;-48
3238;-272;-48
3239;-272;-56
3240;-272;-56
3241;-264;-56
3242;-256;-56
3243;-256;-72
3244;-248;-72
3245;-248;-64
3246;-240;-72
3247;-240;-64
3248;-232;-64
3249;-224;-64
3250;-224;-56
3251;-224;-48
3252;-216;-48
3253;-208;-40
3254;-200;-40
3255;-208;-32
3256;-200;-40
3257;-192;-32
3258;-192;-40
3259;-184;-32
3260;-176;-32
3261;-176;-32
3262;-168;-40
3263;-168;-32
3264;-160;-40
3265;-160;-40
3266;-160;-40
3267;-152;-40
3268;-144;-40
3269;-136;-40
3270;-136;-40
3271;-136;-48
3272;-128;-40
3273;-120;-40
3274;-120;-40
3275;-120;-40
3276;-136;-40
3277;-104;-48
3278;-104;-48
3279;-96;-40
3280;-96;-40
3281;-88;-40
3282;-80;-48
3283;-80;-48
3284;-80;-48
3285;-72;-48
3286;-72;-56
3287;-64;-56
3288;-64;-64
3289;-64;-64
3290;-56;-64
3291;-56;-64
3292;-48;-72
3293;-48;-72
3294;-40;-64
3295;-40;-64
3296;-32;-56
3297;-32;-56
3298;-24;-48
3299;-24;-40
3300;-24;-40
3301;-16;-32
3302;-16;-40
3303;-16;-32
3304;-8;-32
3305;-8;-32
3306;0;-32
3307;0;-40
3308;8;-32
3309;16;-40
3310;16;-40
3311;16;-40
3312;16;-40
3313;24;-40
3314;24;-40
3315;24;-40
3316;32;-40
3317;40;-40
3318;40;-40
3319;48;-40
3320;56;-48
3321;56;-48
3322;56;-48
3323;64;-48
3324;64;-48
3325;72;-48
3326;72;-40
3327;72;-40
3328;88;-40
3329;88;-48
3330;88;-48
3331;96;-48
3332;96;-48
3333;104;-56
3334;104;-64
3335;104;-64
3336;112;-64
3337;112;-64
3338;120;-64
3339;128;-64
3340;128;-112
3341;128;-112
3342;136;-104
3343;136;-104
3344;136;-96
3345;144;-88
3346;144;-88
3347;144;-88
3348;144;-80
3349;152;-80
3350;152;-80
3351;160;-80
3352;160;-80
3353;160;-80
3354;168;-88
3355;176;-88
3356;168;-88
3357;168;-88
3358;176;-88
3359;184;-96
3360;184;-88
3361;184;-96
3362;184;-88
3363;192;-88
3364;184;-96
3365;192;-96
3366;200;-88
3367;200;-96
3368;200;-88
3369;208;-96
3370;208;-96
3371;216;-96
3372;216;-96
3373;216;-96
3374;224;-104
3375;224;-104
3376;232;-104
3377;232;-104
3378;248;-112
3379;232;-112
3380;240;-112
3381;240;-112
3382;248;-112
3383;240;-112
3384;248;-104
3385;248;-96
3386;256;-96
3387;256;-88
3388;256;-88
3389;264;-88
3390;264;-80
3391;264;-80
3392;256;-88
3393;272;-80
3394;272;-80
3395;280;-80
3396;280;-80
3397;280;-80
3398;288;-80
3399;304;-80
3400;288;-88
3401;288;-88
3402;288;-88
3403;296;-88
3404;304;-88
3405;296;-88
3406;304;-96
3407;296;-88
3408;304;-88
3409;304;-88
3410;312;-88
3411;312;-88
3412;312;-88
3413;320;-96
3414;312;-96
3415;320;-96
3416;320;-96
3417;320;-104
3418;320;-104
3419;320;-104
3420;328;-104
3421;336;-112
3422;328;-112
3423;336;-112
3424;328;-112
3425;336;-112
3426;344;-104
3427;344;-96
3428;344;-96
3429;344;-96
3430;344;-88
3431;352;-88
3432;352;-80
3433;352;-80
3434;360;-80
3435;352;-80
3436;352;-80
3437;352;-80
3438;360;-80
3439;352;-80
3440;344;-88
3441;360;-80
3442;360;-80
3443;360;-88
3444;368;-48
3445;368;-48
3446;368;-56
3447;368;-56
3448;368;-56
3449;368;-56
3450;376;-64
3451;376;-64
3452;376;-64
3453;384;-72
3454;384;-80
3455;376;-72
3456;376;-80
3457;384;-80
3458;384;-72
3459;384;-72
3460;384;-72
3461;384;-64
3462;392;-56
3463;392;-56
3464;392;-48
3465;392;-48
3466;392;-40
3467;392;-48
3468;392;-48
3469;392;-40
3470;392;-48
3471;392;-40
3472;392;-40
3473;400;-48
3474;416;-48
3475;400;-48
3476;400;-48
3477;392;-48
3478;400;-48
3479;400;-48
3480;392;-56
3481;400;-56
3482;400;-56
3483;400;-56
3484;400;-56
3485;400;-56
3486;400;-56
3487;400;-56
3488;400;-56
3489;400;-56
3490;408;-56
3491;400;-56
3492;400;-56
3493;400;-56
3494;400;-64
3495;400;-72
3496;400;-72
3497;400;-80
3498;400;-72
3499;400;-80
3500;400;-80
3501;400;-80
3502;400;-80
3503;400;-72
3504;400;-64
3505;392;-64
3506;400;-56
3507;400;-56
3508;392;-48
3509;400;-48
3510;392;-40
3511;400;-40
3512;400;-40
3513;400;-40
3514;400;-40
3515;416;-40
3516;392;-48
3517;400;-48
3518;392;-48
3519;392;-48
3520;392;-48
3521;384;-48
3522;392;-48
3523;392;-48
3524;392;-48
3525;384;-48
3526;392;-48
3527;384;-48
3528;384;-56
3529;384;-56
3530;384;-56
3531;384;-56
3532;384;-48
3533;376;-56
3534;376;-56
3535;368;-56
3536;376;-56
3537;376;-56
3538;368;-56
3539;368;-56
3540;368;-64
3541;368;-64
3542;368;-64
3543;368;-64
3544;360;-72
3545;368;-72
3546;360;-72
3547;360;-80
3548;360;24
3549;360;24
3550;360;24
3551;352;24
3552;352;32
3553;352;40
3554;352;40
3555;352;48
3556;328;48
3557;344;56
3558;344;56
3559;336;56
3560;344;56
3561;336;56
3562;344;56
3563;336;56
3564;328;56
3565;336;56
3566;328;48
3567;328;56
3568;320;48
3569;328;48
3570;320;56
3571;320;48
3572;312;56
3573;312;48
3574;312;48
3575;312;48
3576;312;48
3577;304;48
3578;304;48
3579;304;48
3580;296;40
3581;296;48
3582;296;40
3583;288;48
3584;288;40
3585;288;40
3586;280;40
3587;280;32
3588;280;24
3589;280;24
3590;272;24
3591;272;16
3592;264;16
3593;264;24
3594;264;24
3595;264;24
3596;256;32
3597;264;40
3598;256;40
3599;256;48
3600;248;48
3601;240;56
3602;240;64
3603;232;56
3604;232;64
3605;232;56
3606;232;64
3607;224;56
3608;232;56
3609;224;56
3610;224;56
3611;224;48
3612;216;56
3613;216;48
3614;216;48
3615;208;48
3616;208;48
3617;208;48
3618;200;48
3619;192;48
3620;192;48
3621;192;48
3622;192;48
3623;184;48
3624;184;48
3625;184;48
3626;176;48
3627;168;48
3628;168;48
3629;168;40
3630;160;40
3631;152;40
3632;160;40
3633;160;32
3634;152;32
3635;144;24
3636;144;32
3637;152;24
3638;160;24
3639;144;24
3640;136;24
3641;136;24
3642;128;32
3643;120;32
3644;120;40
3645;120;48
3646;120;48
3647;120;48
3648;112;56
3649;112;56
3650;104;64
3651;104;56
3652;96;152
3653;96;152
3654;96;144
3655;88;152
3656;80;144
3657;80;144
3658;72;144
3659;72;144
3660;72;136
3661;72;136
3662;64;136
3663;64;136
3664;56;136
3665;64;136
3666;56;136
3667;48;136
3668;48;136
3669;40;136
3670;32;136
3671;32;136
3672;40;136
3673;24;136
3674;24;136
3675;16;136
3676;16;128
3677;16;128
3678;8;120
3679;-8;120
3680;0;112
3681;0;112
3682;0;112
3683;-8;104
3684;-16;112
3685;-24;112
3686;-24;112
3687;-24;120
3688;-32;120
3689;-32;128
3690;-32;136
3691;-40;144
3692;-40;144
3693;-48;144
3694;-48;144
3695;-56;152
3696;-64;152
3697;-64;152
3698;-64;152
3699;-80;144
3700;-72;144
3701;-80;144
3702;-80;136
3703;-80;144
3704;-88;136
3705;-88;136
3706;-88;136
3707;-104;136
3708;-104;136
3709;-104;136
3710;-112;136
3711;-112;136
3712;-120;136
3713;-112;136
3714;-128;128
3715;-128;136
3716;-136;136
3717;-136;136
3718;-144;136
3719;-160;136
3720;-152;136
3721;-152;136
3722;-160;128
3723;-168;128
3724;-176;120
3725;-168;120
3726;-176;112
3727;-176;112
3728;-184;104
3729;-184;112
3730;-192;112
3731;-192;112
3732;-200;112
3733;-208;120
3734;-208;120
3735;-208;128
3736;-216;136
3737;-224;136
3738;-224;136
3739;-232;144
3740;-232;144
3741;-232;144
3742;-232;152
3743;-240;144
3744;-248;152
3745;-240;144
3746;-248;144
3747;-256;144
3748;-256;144
3749;-264;144
3750;-264;136
3751;-272;136
3752;-272;136
3753;-272;136
3754;-272;136
3755;-272;136
3756;-280;136
3757;-288;120
3758;-288;120
3759;-288;120
3760;-296;112
3761;-296;104
3762;-304;104
3763;-304;96
3764;-312;96
3765;-312;96
3766;-312;96
3767;-320;88
3768;-320;96
3769;-320;96
3770;-328;104
3771;-328;104
3772;-336;112
3773;-344;112
3774;-352;120
3775;-344;128
3776;-344;128
3777;-352;128
3778;-352;128
3779;-352;128
3780;-352;136
3781;-360;128
3782;-360;128
3783;-368;128
3784;-368;128
3785;-368;128
3786;-368;120
3787;-368;128
3788;-368;120
3789;-384;120
3790;-384;120
3791;-376;120
3792;-384;120
3793;-384;120
3794;-376;120
3795;-408;120
3796;-384;120
3797;-384;120
3798;-392;120
3799;-392;120
3800;-392;120
3801;-384;120
3802;-400;120
3803;-392;112
3804;-392;112
3805;-400;112
3806;-392;112
3807;-400;112
3808;-400;104
3809;-400;96
3810;-400;96
3811;-400;96
3812;-400;96
3813;-400;88
3814;-408;88
3815;-408;96
3816;-408;96
3817;-400;104
3818;-408;104
3819;-408;112
3820;-408;120
3821;-408;128
3822;-408;128
3823;-408;128
3824;-408;128
3825;-408;128
3826;-408;128
3827;-408;128
3828;-408;128
3829;-408;128
3830;-408;128
3831;-408;120
3832;-408;120
3833;-408;120
3834;-408;120
3835;-416;120
3836;-424;120
3837;-408;120
3838;-408;120
3839;-408;120
3840;-400;112
3841;-408;120
3842;-408;112
3843;-408;112
3844;-408;112
3845;-416;120
3846;-408;112
3847;-408;112
3848;-408;112
3849;-408;112
3850;-408;112
3851;-408;104
3852;-408;104
3853;-408;96
3854;-408;96
3855;-408;96
3856;-408;88
3857;-408;96
3858;-408;96
3859;-408;96
3860;-408;96
3861;-408;0
3862;-408;0
3863;-408;8
3864;-408;8
3865;-408;16
3866;-400;16
3867;-408;24
3868;-400;24
3869;-400;24
3870;-400;24
3871;-400;24
3872;-400;24
3873;-400;24
3874;-400;16
3875;-400;16
3876;-400;16
3877;-416;16
3878;-400;16
3879;-400;16
3880;-392;16
3881;-392;16
3882;-392;16
3883;-400;16
3884;-392;16
3885;-392;8
3886;-384;16
3887;-384;16
3888;-384;8
3889;-392;16
3890;-392;8
3891;-384;16
3892;-384;8
3893;-384;8
3894;-376;0
3895;-376;0
3896;-376;-8
3897;-368;-8
3898;-376;-16
3899;-368;-16
3900;-368;-16
3901;-368;-8
3902;-368;-8
3903;-368;0
3904;-368;0
3905;-360;8
3906;-360;16
3907;-352;16
3908;-352;24
3909;-352;24
3910;-344;24
3911;-360;24
3912;-336;24
3913;-336;24
3914;-336;24
3915;-328;16
3916;-328;16
3917;-320;24
3918;-304;16
3919;-320;16
3920;-312;16
3921;-312;16
3922;-304;16
3923;-304;16
3924;-304;16
3925;-296;16
3926;-288;16
3927;-288;16
3928;-288;16
3929;-280;8
3930;-272;16
3931;-272;8
3932;-264;8
3933;-264;16
3934;-256;8
3935;-248;0
3936;-256;0
3937;-248;0
3938;-240;-8
3939;-240;-8
3940;-232;-16
3941;-224;-16
3942;-224;-16
3943;-216;-16
3944;-208;-8
3945;-200;-8
3946;-208;0
3947;-200;0
3948;-192;8
3949;-192;16
3950;-184;16
3951;-184;16
3952;-176;24
3953;-176;24
3954;-168;24
3955;-168;24
3956;-168;24
3957;-160;24
3958;-160;24
3959;-160;16
3960;-144;16
3961;-144;16
3962;-136;16
3963;-136;16
3964;-120;16
3965;-120;-64
3966;-120;-64
3967;-112;-64
3968;-104;-72
3969;-104;-72
3970;-96;-80
3971;-96;-80
3972;-88;-88
3973;-88;-88
3974;-80;-88
3975;-72;-88
3976;-72;-88
3977;-72;-88
3978;-72;-88
3979;-64;-88
3980;-56;-80
3981;-56;-72
3982;-48;-72
3983;-48;-64
3984;-48;-64
3985;-40;-56
3986;-32;-56
3987;-32;-56
3988;-32;-56
3989;-24;-56
3990;-24;-56
3991;-16;-56
3992;-16;-56
3993;8;-56
3994;0;-64
3995;-8;-64
3996;0;-64
3997;0;-56
3998;8;-64
3999;8;-64
4000;16;-64
4001;16;-64
4002;24;-64
4003;32;-72
4004;32;-64
4005;32;-72
4006;40;-72
4007;40;-64
4008;48;-64
4009;48;-64
4010;56;-72
4011;64;-72
4012;64;-64
4013;56;-72
4014;72;-72
4015;72;-72
4016;80;-72
4017;88;-72
4018;88;-72
4019;96;-72
4020;104;-80
4021;104;-80
4022;104;-88
4023;104;-80
4024;112;-88
4025;120;-88
4026;120;-88
4027;120;-88
4028;128;-88
4029;128;-80
4030;136;-72
4031;136;-72
4032;136;-64
4033;144;-64
4034;160;-56
4035;144;-56
4036;152;-56
4037;160;-56
4038;152;-56
4039;152;-56
4040;152;-56
4041;168;-64
4042;168;-56
4043;168;-64
4044;176;-64
4045;176;-64
4046;176;-64
4047;176;-64
4048;184;-64
4049;184;-64
4050;184;-64
4051;192;-72
4052;192;-72
4053;192;-64
4054;192;-64
4055;208;-72
4056;208;-64
4057;208;-64
4058;208;-64
4059;216;-72
4060;216;-72
4061;224;-80
4062;224;-80
4063;224;-80
4064;232;-88
4065;224;-88
4066;232;-88
4067;240;-88
4068;232;-88
4069;240;-112
4070;248;-112
4071;248;-104
4072;248;-96
4073;248;-96
4074;256;-96
4075;240;-88
4076;256;-88
4077;264;-80
4078;264;-80
4079;264;-80
4080;272;-80
4081;280;-80
4082;272;-80
4083;280;-80
4084;280;-80
4085;280;-80
4086;280;-88
4087;288;-88
4088;288;-88
4089;288;-88
4090;296;-88
4091;288;-88
4092;296;-88
4093;296;-96
4094;304;-88
4095;296;-88
4096;304;-88
4097;304;-88
4098;312;-88
4099;312;-96
4100;312;-88
4101;312;-88
4102;312;-96
4103;320;-96
4104;320;-88
4105;320;-88
4106;320;-96
4107;328;-88
4108;328;-96
4109;336;-96
4110;328;-104
4111;336;-104
4112;336;-112
4113;336;-104
4114;344;-112
4115;336;-112
4116;336;-112
4117;336;-112
4118;344;-104
4119;352;-104
4120;352;-96
4121;352;-88
4122;352;-80
4123;360;-80
4124;352;-80
4125;360;-80
4126;352;-80
4127;360;-80
4128;360;-80
4129;368;-80
4130;360;-88
4131;360;-88
4132;368;-80
4133;368;-88
4134;368;-88
4135;368;-88
4136;384;-88
4137;376;-88
4138;376;-88
4139;376;-96
4140;376;-88
4141;376;-88
4142;384;-88
4143;376;-88
4144;384;-88
4145;384;-88
4146;384;-88
4147;384;-88
4148;384;-88
4149;384;-96
4150;392;-96
4151;384;-104
4152;392;-104
4153;392;-104
4154;392;-112
4155;392;-112
4156;392;-112
4157;400;-112
4158;400;-112
4159;400;-112
4160;400;-112
4161;400;-104
4162;392;-96
4163;392;-88
4164;400;-88
4165;400;-80
4166;400;-88
4167;400;-80
4168;400;-80
4169;400;-80
4170;400;-80
4171;400;-80
4172;400;-80
4173;400;-8
4174;400;-16
4175;400;-8
4176;400;-8
4177;408;-16
4178;400;-16
4179;408;-16
4180;408;-16
4181;400;-24
4182;400;-16
4183;400;-24
4184;408;-24
4185;400;-24
4186;408;-32
4187;408;-32
4188;400;-32
4189;400;-40
4190;400;-40
4191;384;-40
4192;400;-40
4193;408;-40
4194;408;-40
4195;400;-40
4196;400;-40
4197;400;-24
4198;408;-24
4199;400;-16
4200;400;-16
4201;400;-8
4202;400;-8
4203;400;-8
4204;392;-8
4205;400;-8
4206;400;-8
4207;392;-16
4208;392;-16
4209;400;-16
4210;392;-16
4211;392;-16
4212;400;-16
4213;392;-16
4214;392;-24
4215;392;-16
4216;384;-16
4217;392;-24
4218;376;-24
4219;384;-16
4220;384;-16
4221;384;-16
4222;384;-16
4223;384;-16
4224;376;-24
4225;384;-24
4226;376;-24
4227;376;-24
4228;376;-24
4229;376;-32
4230;376;-40
4231;368;-40
4232;368;-40
4233;368;-40
4234;368;-40
4235;368;-40
4236;360;-40
4237;360;-40
4238;352;-40
4239;352;-32
4240;352;-32
4241;352;-24
4242;352;-16
4243;352;-16
4244;352;-8
4245;352;-8
4246;352;-8
4247;352;0
4248;344;-8
4249;344;-8
4250;344;-8
4251;336;-8
4252;336;-8
4253;336;-8
4254;336;-8
4255;328;-16
4256;328;-16
4257;328;-16
4258;328;-16
4259;320;-24
4260;320;-24
4261;320;-24
4262;320;-16
4263;312;-16
4264;312;-16
4265;312;-24
4266;304;-24
4267;304;-16
4268;304;-16
4269;296;-24
4270;296;-24
4271;288;-24
4272;296;-24
4273;312;-24
4274;280;-32
4275;288;-32
4276;288;-40
4277;280;-40
4278;280;80
4279;272;64
4280;272;64
4281;272;56
4282;264;64
4283;264;64
4284;264;64
4285;264;72
4286;256;80
4287;256;88
4288;248;88
4289;248;88
4290;248;96
4291;240;96
4292;240;96
4293;224;88
4294;232;88
4295;232;96
4296;232;96
4297;224;96
4298;224;88
4299;224;88
4300;216;88
4301;216;88
4302;216;88
4303;208;88
4304;208;88
4305;200;88
4306;200;88
4307;192;88
4308;192;80
4309;192;88
4310;184;80
4311;184;88
4312;176;88
4313;184;88
4314;160;88
4315;168;88
4316;168;80
4317;168;80
4318;160;72
4319;160;72
4320;160;64
4321;152;64
4322;152;64
4323;144;56
4324;144;56
4325;144;56
4326;136;64
4327;136;64
4328;136;72
4329;128;72
4330;128;80
4331;120;88
4332;120;88
4333;120;96
4334;112;96
4335;112;96
4336;104;96
4337;104;96
4338;104;96
4339;96;96
4340;96;88
4341;96;96
4342;88;88
4343;88;88
4344;88;88
4345;80;88
4346;80;88
4347;80;88
4348;80;88
4349;64;88
4350;64;88
4351;64;88
4352;56;80
4353;56;80
4354;48;88
4355;32;80
4356;48;80
4357;40;80
4358;40;80
4359;32;80
4360;32;72
4361;24;72
4362;24;72
4363;24;64
4364;16;64
4365;16;64
4366;8;64
4367;0;56
4368;0;56
4369;0;64
4370;-8;72
4371;-8;72
4372;-16;80
4373;-16;80
4374;-24;88
4375;-32;88
4376;-32;96
4377;-32;96
4378;-32;96
4379;-40;96
4380;-40;96
4381;-48;96
4382;-48;96
4383;-56;152
4384;-56;160
4385;-64;144
4386;-64;152
4387;-72;152
4388;-72;152
4389;-72;144
4390;-80;144
4391;-88;144
4392;-88;152
4393;-96;144
4394;-96;136
4395;-104;136
4396;-120;136
4397;-112;128
4398;-112;128
4399;-120;128
4400;-120;120
4401;-120;120
4402;-128;120
4403;-136;120
4404;-136;120
4405;-144;128
4406;-144;128
4407;-136;136
4408;-152;136
4409;-152;144
4410;-160;152
4411;-160;152
4412;-168;152
4413;-168;152
4414;-168;152
4415;-176;152
4416;-168;160
4417;-184;152
4418;-184;152
4419;-192;152
4420;-200;144
4421;-200;144
4422;-208;152
4423;-208;152
4424;-208;144
4425;-216;152
4426;-224;144
4427;-224;144
4428;-224;144
4429;-224;144
4430;-240;144
4431;-232;144
4432;-240;144
4433;-248;144
4434;-240;144
4435;-248;144
4436;-248;144
4437;-248;144
4438;-256;144
4439;-264;144
4440;-264;136
4441;-264;136
4442;-272;128
4443;-280;128
4444;-280;128
4445;-280;120
4446;-288;120
4447;-288;120
4448;-296;120
4449;-296;120
4450;-296;120
4451;-304;128
4452;-304;136
4453;-312;136
4454;-320;152
4455;-312;152
4456;-320;152
4457;-312;152
4458;-328;152
4459;-336;160
4460;-328;160
4461;-336;152
4462;-336;152
4463;-336;152
4464;-336;152
4465;-344;152
4466;-344;144
4467;-352;152
4468;-360;144
4469;-360;144
4470;-360;144
4471;-376;136
4472;-368;144
4473;-368;144
4474;-368;144
4475;-376;144
4476;-376;144
4477;-376;136
4478;-360;136
4479;-384;128
4480;-384;128
4481;-384;120
4482;-384;120
4483;-392;120
4484;-392;120
4485;-392;120
4486;-392;48
4487;-392;56
4488;-392;56
4489;-392;64
4490;-392;72
4491;-392;72
4492;-400;80
4493;-400;80
4494;-400;88
4495;-392;88
4496;-400;88
4497;-400;96
4498;-408;88
4499;-408;88
4500;-400;88
4501;-408;80
4502;-408;88
4503;-408;88
4504;-408;80
4505;-400;80
4506;-408;80
4507;-408;80
4508;-408;80
4509;-408;80
4510;-408;80
4511;-416;80
4512;-408;80
4513;-408;80
4514;-408;80
4515;-416;80
4516;-408;72
4517;-416;80
4518;-416;80
4519;-416;80
4520;-416;72
4521;-416;72
4522;-416;72
4523;-416;64
4524;-416;64
4525;-416;64
4526;-416;64
4527;-416;56
4528;-416;56
4529;-416;48
4530;-416;56
4531;-416;48
4532;-408;56
4533;-408;56
4534;-416;64
4535;-416;72
4536;-416;72
4537;-408;80
4538;-416;80
4539;-408;88
4540;-408;96
4541;-408;88
4542;-408;88
4543;-416;88
4544;-408;88
4545;-408;88
4546;-400;88
4547;-408;88
4548;-408;88
4549;-408;80
4550;-408;80
4551;-408;80
4552;-408;80
4553;-400;80
4554;-400;80
4555;-408;80
4556;-408;80
4557;-408;80
4558;-400;72
4559;-400;80
4560;-408;80
4561;-400;80
4562;-400;72
4563;-400;72
4564;-400;80
4565;-400;72
4566;-392;80
4567;-392;72
4568;-392;72
4569;-400;72
4570;-392;64
4571;-392;64
4572;-392;56
4573;-392;64
4574;-392;56
4575;-392;48
4576;-384;56
4577;-392;48
4578;-376;56
4579;-384;56
4580;-384;64
4581;-384;72
4582;-376;72
4583;-376;80
4584;-376;80
4585;-368;80
4586;-368;88
4587;-368;88
4588;-368;88
4589;-368;96
4590;-360;-8
4591;-360;-8
4592;-360;-16
4593;-360;-16
4594;-336;-16
4595;-352;-16
4596;-352;-16
4597;-344;-24
4598;-344;-16
4599;-336;-16
4600;-336;-24
4601;-336;-24
4602;-328;-16
4603;-328;-24
4604;-320;-24
4605;-320;-16
4606;-320;-24
4607;-312;-24
4608;-312;-24
4609;-304;-24
4610;-304;-32
4611;-296;-32
4612;-296;-32
4613;-288;-32
4614;-296;-40
4615;-280;-40
4616;-272;-48
4617;-280;-40
4618;-272;-48
4619;-264;-40
4620;-264;-40
4621;-256;-32
4622;-256;-32
4623;-248;-32
4624;-248;-24
4625;-240;-24
4626;-232;-16
4627;-232;-16
4628;-232;-8
4629;-216;-8
4630;-216;-8
4631;-208;-8
4632;-208;-16
4633;-200;-8
4634;-200;-16
4635;-208;-16
4636;-192;-16
4637;-192;-16
4638;-184;-16
4639;-176;-16
4640;-176;-16
4641;-160;-24
4642;-168;-16
4643;-160;-24
4644;-160;-24
4645;-152;-24
4646;-152;-24
4647;-144;-24
4648;-136;-24
4649;-136;-24
4650;-128;-24
4651;-128;-24
4652;-120;-24
4653;-120;-24
4654;-120;-24
4655;-112;-24
4656;-104;-32
4657;-104;-40
4658;-96;-40
4659;-88;-40
4660;-88;-40
4661;-88;-48
4662;-88;-48
4663;-80;-48
4664;-72;-40
4665;-64;-40
4666;-64;-32
4667;-64;-32
4668;-56;-24
4669;-48;-24
4670;-56;-16
4671;-48;-16
4672;-40;-8
4673;-40;-8
4674;-40;-8
4675;-32;-8
4676;-40;-16
4677;-24;-8
4678;-24;-16
4679;-24;-16
4680;-16;-16
4681;-16;-16
4682;-8;-16
4683;-8;-24
4684;0;-24
4685;0;-24
4686;8;-24
4687;0;-16
4688;8;-24
4689;16;-24
4690;16;-24
4691;24;-24
4692;24;-16
4693;32;-16
4694;32;-80
4695;40;-80
4696;56;-88
4697;48;-88
4698;56;-96
4699;56;-104
4700;56;-104
4701;56;-104
4702;64;-104
4703;72;-104
4704;80;-104
4705;80;-104
4706;80;-104
4707;88;-96
4708;88;-96
4709;96;-96
4710;88;-88
4711;104;-80
4712;104;-80
4713;112;-72
4714;112;-72
4715;120;-80
4716;120;-72
4717;128;-72
4718;128;-72
4719;128;-80
4720;128;-80
4721;136;-80
4722;136;-80
4723;144;-80
4724;144;-80
4725;144;-80
4726;144;-80
4727;152;-80
4728;160;-80
4729;152;-80
4730;160;-80
4731;160;-88
4732;168;-80
4733;168;-88
4734;176;-80
4735;176;-80
4736;176;-88
4737;192;-88
4738;184;-88
4739;184;-88
4740;192;-96
4741;192;-96
4742;192;-104
4743;200;-104
4744;200;-104
4745;200;-104
4746;208;-104
4747;208;-104
4748;216;-96
4749;208;-96
4750;216;-96
4751;208;-88
4752;224;-80
4753;224;-80
4754;232;-80
4755;232;-72
4756;232;-72
4757;240;-72
4758;256;-72
4759;240;-80
4760;248;-80
4761;248;-72
4762;248;-80
4763;256;-80
4764;248;-80
4765;256;-80
4766;256;-80
4767;264;-80
4768;264;-80
4769;264;-80
4770;264;-80
4771;272;-80
4772;272;-80
4773;272;-80
4774;272;-80
4775;280;-80
4776;280;-80
4777;280;-88
4778;288;-80
4779;288;-80
4780;288;-88
4781;296;-88
4782;296;-88
4783;296;-88
4784;304;-96
4785;312;-96
4786;304;-104
4787;304;-104
4788;312;-104
4789;312;-104
4790;312;-104
4791;312;-104
4792;320;-96
4793;320;-96
4794;320;-96
4795;320;-88
4796;328;-80
4797;328;-80
4798;328;-64
4799;320;-64
4800;328;-64
4801;336;-56
4802;336;-56
4803;336;-56
4804;344;-64
4805;336;-64
4806;344;-64
4807;344;-64
4808;344;-64
4809;352;-64
4810;352;-64
4811;352;-72
4812;360;-64
4813;360;-72
4814;352;-72
4815;352;-72
4816;352;-72
4817;352;-72
4818;360;-72
4819;352;-72
4820;368;-72
4821;368;-72
4822;368;-72
4823;368;-72
4824;368;-72
4825;376;-72
4826;376;-72
4827;376;-80
4828;376;-80
4829;376;-88
4830;376;-88
4831;384;-88
4832;384;-96
4833;400;-88
4834;384;-96
4835;384;-88
4836;384;-88
4837;392;-88
4838;384;-80
4839;384;-72
4840;384;-72
4841;392;-64
4842;392;-56
4843;392;-64
4844;392;-64
4845;392;-64
4846;392;-64
4847;392;-56
4848;400;-56
4849;392;-72
4850;400;-72
4851;392;-64
4852;400;-64
4853;400;-64
4854;392;-72
4855;392;-72
4856;400;-72
4857;400;-72
4858;400;-72
4859;400;-72
4860;400;-64
4861;400;-72
4862;400;-72
4863;400;-72
4864;400;-72
4865;400;-72
4866;400;-80
4867;400;-80
4868;408;-80
4869;400;-88
4870;408;-88
4871;400;-96
4872;400;-96
4873;408;-96
4874;424;-96
4875;400;-88
4876;400;-88
4877;400;-88
4878;400;-80
4879;400;-72
4880;400;-72
4881;400;-64
4882;400;-72
4883;400;-56
4884;400;-56
4885;400;-56
4886;400;-56
4887;400;-56
4888;400;-64
4889;400;-64
4890;400;-64
4891;400;-64
4892;400;-64
4893;392;-64
4894;400;-64
4895;400;-64
4896;392;-64
4897;400;-72
4898;392;-64
4899;392;-72
4900;392;-72
4901;384;-72
4902;392;24
4903;392;24
4904;384;24
4905;384;16
4906;384;8
4907;384;8
4908;384;0
4909;384;0
4910;384;0
4911;384;0
4912;384;0
4913;376;0
4914;384;0
4915;392;0
4916;376;0
4917;368;8
4918;368;16
4919;368;16
4920;368;24
4921;376;24
4922;360;32
4923;360;32
4924;360;32
4925;360;24
4926;368;32
4927;360;32
4928;360;32
4929;360;32
4930;352;24
4931;352;32
4932;360;24
4933;352;32
4934;352;24
4935;336;24
4936;344;24
4937;344;24
4938;344;24
4939;344;24
4940;336;24
4941;336;24
4942;336;24
4943;336;24
4944;328;24
4945;328;24
4946;328;16
4947;328;24
4948;328;24
4949;328;16
4950;320;16
4951;320;16
4952;312;8
4953;312;0
4954;312;0
4955;304;0
4956;288;0
4957;304;0
4958;296;0
4959;296;0
4960;296;0
4961;296;0
4962;296;8
4963;288;16
4964;288;16
4965;280;24
4966;280;32
4967;280;32
4968;272;32
4969;272;32
4970;264;32
4971;264;32
4972;264;32
4973;264;32
4974;256;32
4975;264;24
4976;264;24
4977;256;32
4978;248;24
4979;248;24
4980;248;24
4981;248;24
4982;232;24
4983;232;24
4984;232;24
4985;232;24
4986;232;24
4987;224;24
4988;224;24
4989;224;24
4990;216;16
4991;216;24
4992;216;24
4993;208;16
4994;208;16
4995;208;24
4996;208;16
4997;200;16
4998;192;16
4999;192;8
5000;192;8
5001;184;8
5002;184;-8
5003;168;-8
5004;176;0
5005;176;-8
5006;168;0
5007;168;96
5008;160;96
5009;160;112
5010;160;112
5011;160;112
5012;152;120
5013;144;120
5014;152;128
5015;144;128
5016;144;128
5017;144;128
5018;136;128
5019;136;128
5020;128;128
5021;128;128
5022;128;128
5023;120;120
5024;120;120
5025;120;120
5026;104;120
5027;112;120
5028;112;120
5029;104;120
5030;96;120
5031;88;120
5032;88;120
5033;88;120
5034;88;120
5035;80;120
5036;80;120
5037;72;112
5038;88;120
5039;72;112
5040;72;112
5041;64;104
5042;64;104
5043;56;104
5044;48;96
5045;48;96
5046;40;96
5047;40;88
5048;40;88
5049;32;88
5050;32;96
5051;32;104
5052;24;112
5053;16;112
5054;16;128
5055;8;128
5056;0;128
5057;0;128
5058;8;128
5059;0;128
5060;-8;128
5061;-8;128
5062;-16;128
5063;-16;128
5064;-24;120
5065;-24;120
5066;-32;120
5067;-32;120
5068;-40;120
5069;-40;120
5070;-40;120
5071;-48;120
5072;-64;120
5073;-56;120
5074;-56;120
5075;-64;120
5076;-72;120
5077;-72;120
5078;-72;120
5079;-64;120
5080;-88;120
5081;-88;112
5082;-88;112
5083;-96;112
5084;-96;112
5085;-104;104
5086;-104;104
5087;-112;104
5088;-112;96
5089;-120;96
5090;-120;88
5091;-120;96
5092;-120;96
5093;-128;96
5094;-136;96
5095;-136;104
5096;-144;104
5097;-144;112
5098;-152;120
5099;-168;120
5100;-160;128
5101;-168;120
5102;-168;128
5103;-176;128
5104;-176;128
5105;-176;128
5106;-176;128
5107;-184;128
5108;-192;128
5109;-200;128
5110;-200;128
5111;-200;136
5112;-208;136
5113;-192;136
5114;-216;136
5115;-224;136
5116;-224;136
5117;-232;136
5118;-232;136
5119;-240;136
5120;-240;136
5121;-240;120
5122;-248;120
5123;-248;112
5124;-248;112
5125;-256;104
5126;-256;104
5127;-256;104
5128;-264;104
5129;-264;112
5130;-272;112
5131;-272;112
5132;-280;120
5133;-288;128
5134;-280;128
5135;-288;136
5136;-288;144
5137;-296;144
5138;-296;136
5139;-304;144
5140;-304;144
5141;-304;144
5142;-312;144
5143;-320;144
5144;-320;144
5145;-328;136
5146;-328;144
5147;-336;136
5148;-336;136
5149;-344;136
5150;-336;136
5151;-344;136
5152;-344;136
5153;-336;136
5154;-344;136
5155;-360;136
5156;-360;136
5157;-360;128
5158;-360;136
5159;-368;136
5160;-368;136
5161;-376;128
5162;-376;128
5163;-368;128
5164;-376;128
5165;-376;120
5166;-384;120
5167;-384;120
5168;-384;112
5169;-384;104
5170;-384;104
5171;-384;104
5172;-392;104
5173;-392;112
5174;-400;112
5175;-392;112
5176;-392;120
5177;-392;128
5178;-400;128
5179;-400;136
5180;-392;136
5181;-392;136
5182;-400;144
5183;-400;144
5184;-400;144
5185;-400;144
5186;-400;136
5187;-400;136
5188;-408;144
5189;-408;136
5190;-400;136
5191;-408;136
5192;-408;136
5193;-408;136
5194;-408;136
5195;-424;128
5196;-408;136
5197;-408;128
5198;-400;136
5199;-408;128
5200;-408;128
5201;-408;128
5202;-408;128
5203;-408;136
5204;-408;128
5205;-408;128
5206;-408;128
5207;-416;136
5208;-416;128
5209;-408;128
5210;-416;128
5211;-416;128
5212;-408;128
5213;-416;128
5214;-416;128
5215;-416;32
5216;-416;32
5217;-408;32
5218;-416;24
5219;-416;16
5220;-416;16
5221;-408;16
5222;-416;8
5223;-416;8
5224;-408;8
5225;-416;8
5226;-408;8
5227;-408;16
5228;-408;8
5229;-408;24
5230;-408;24
5231;-408;32
5232;-408;40
5233;-408;40
5234;-416;40
5235;-408;48
5236;-432;48
5237;-408;48
5238;-408;48
5239;-408;48
5240;-408;40
5241;-408;40
5242;-400;40
5243;-408;40
5244;-408;40
5245;-400;40
5246;-400;40
5247;-408;32
5248;-400;40
5249;-400;40
5250;-400;40
5251;-400;40
5252;-400;40
5253;-400;32
5254;-400;40
5255;-400;32
5256;-392;32
5257;-400;40
5258;-400;40
5259;-400;32
5260;-392;32
5261;-392;24
5262;-392;24
5263;-392;24
5264;-392;24
5265;-392;8
5266;-384;8
5267;-384;8
5268;-384;8
5269;-384;8
5270;-384;8
5271;-384;16
5272;-384;24
5273;-384;24
5274;-376;24
5275;-376;32
5276;-376;40
5277;-376;40
5278;-368;48
5279;-368;48
5280;-368;48
5281;-368;48
5282;-360;48
5283;-368;40
5284;-360;40
5285;-360;40
5286;-352;40
5287;-352;40
5288;-344;40
5289;-344;40
5290;-344;40
5291;-344;32
5292;-336;32
5293;-336;32
5294;-328;32
5295;-328;40
5296;-320;32
5297;-312;32
5298;-320;32
5299;-312;32
5300;-304;32
5301;-304;32
5302;-304;32
5303;-296;32
5304;-296;32
5305;-288;32
5306;-288;32
5307;-280;32
5308;-280;24
5309;-280;24
5310;-272;16
5311;-280;16
5312;-264;16
5313;-256;8
5314;-256;8
5315;-248;8
5316;-248;8
5317;-232;16
5318;-216;24
5319;-232;-64
5320;-224;-64
5321;-216;-56
5322;-216;-56
5323;-216;-56
5324;-208;-48
5325;-208;-48
5326;-208;-40
5327;-200;-40
5328;-192;-40
5329;-192;-40
5330;-184;-48
5331;-176;-48
5332;-168;-48
5333;-168;-48
5334;-168;-48
5335;-160;-48
5336;-152;-56
5337;-152;-56
5338;-160;-56
5339;-144;-48
5340;-136;-56
5341;-128;-56
5342;-128;-56
5343;-120;-56
5344;-112;-56
5345;-112;-48
5346;-104;-56
5347;-104;-56
5348;-96;-48
5349;-96;-56
5350;-96;-56
5351;-88;-56
5352;-72;-56
5353;-80;-56
5354;-80;-64
5355;-72;-64
5356;-64;-72
5357;-72;-72
5358;-72;-72
5359;-72;-80
5360;-48;-80
5361;-56;-80
5362;-40;-80
5363;-40;-80
5364;-40;-72
5365;-32;-64
5366;-24;-64
5367;-32;-56
5368;-16;-56
5369;-24;-48
5370;-8;-48
5371;-8;-40
5372;-8;-40
5373;-8;-40
5374;0;-40
5375;0;-48
5376;8;-48
5377;16;-48
5378;16;-48
5379;16;-48
5380;24;-56
5381;24;-56
5382;32;-48
5383;32;-56
5384;40;-48
5385;40;-56
5386;40;-48
5387;48;-56
5388;48;-48
5389;56;-56
5390;64;-56
5391;72;-56
5392;80;-56
5393;96;-56
5394;80;-56
5395;80;-56
5396;88;-56
5397;96;-48
5398;96;-56
5399;96;-56
5400;104;-56
5401;104;-64
5402;112;-64
5403;112;-64
5404;120;-72
5405;120;-72
5406;128;-80
5407;128;-80
5408;136;-80
5409;136;-80
5410;136;-72
5411;144;-72
5412;144;-64
5413;152;-64
5414;144;-56
5415;152;-56
5416;152;-48
5417;160;-48
5418;160;-40
5419;168;-40
5420;160;-48
5421;168;-48
5422;176;-48
5423;176;-88
5424;176;-88
5425;184;-80
5426;176;-88
5427;184;-88
5428;184;-88
5429;192;-88
5430;200;-88
5431;200;-96
5432;200;-96
5433;208;-96
5434;232;-96
5435;208;-104
5436;208;-104
5437;216;-112
5438;216;-112
5439;216;-112
5440;216;-112
5441;224;-120
5442;232;-120
5443;232;-112
5444;232;-112
5445;232;-104
5446;240;-104
5447;240;-96
5448;248;-88
5449;248;-88
5450;248;-88
5451;256;-88
5452;256;-80
5453;256;-88
5454;248;-88
5455;264;-88
5456;264;-88
5457;264;-88
5458;272;-88
5459;272;-96
5460;280;-96
5461;280;-96
5462;280;-96
5463;280;-88
5464;280;-96
5465;280;-88
5466;288;-96
5467;288;-96
5468;288;-96
5469;296;-96
5470;296;-96
5471;296;-96
5472;304;-96
5473;296;-96
5474;304;-96
5475;296;-96
5476;312;-96
5477;312;-96
5478;312;-96
5479;312;-112
5480;320;-104
5481;328;-112
5482;320;-112
5483;320;-112
5484;320;-112
5485;328;-120
5486;328;-112
5487;336;-112
5488;328;-112
5489;336;-104
5490;328;-104
5491;336;-104
5492;344;-96
5493;336;-88
5494;344;-88
5495;344;-88
5496;344;-88
5497;352;-88
5498;352;-80
5499;352;-80
5500;352;-88
5501;352;-88
5502;352;-88
5503;360;-88
5504;360;-88
5505;360;-88
5506;360;-96
5507;368;-88
5508;368;-96
5509;368;-96
5510;368;-96
5511;368;-88
5512;368;-96
5513;368;-88
5514;376;-96
5515;368;-96
5516;360;-96
5517;376;-96
5518;384;-96
5519;384;-96
5520;384;-96
5521;384;-96
5522;392;-96
5523;384;-96
5524;384;-96
5525;384;-96
5526;384;-96
5527;384;-32
5528;392;-48
5529;392;-48
5530;392;-56
5531;392;-56
5532;400;-56
5533;392;-64
5534;392;-64
5535;400;-64
5536;400;-72
5537;400;-72
5538;400;-64
5539;400;-64
5540;400;-64
5541;400;-56
5542;400;-56
5543;392;-48
5544;400;-40
5545;400;-40
5546;400;-32
5547;400;-32
5548;400;-32
5549;400;-32
5550;400;-32
5551;400;-32
5552;400;-32
5553;400;-32
5554;408;-32
5555;400;-32
5556;400;-32
5557;400;-40
5558;408;-40
5559;400;-40
5560;408;-40
5561;408;-40
5562;400;-48
5563;400;-40
5564;400;-48
5565;408;-40
5566;408;-48
5567;400;-40
5568;400;-40
5569;400;-40
5570;408;-40
5571;408;-40
5572;400;-48
5573;400;-48
5574;400;-48
5575;408;-48
5576;400;-48
5577;408;-56
5578;400;-56
5579;400;-64
5580;400;-64
5581;400;-64
5582;400;-72
5583;400;-64
5584;400;-64
5585;400;-56
5586;400;-48
5587;392;-48
5588;392;-40
5589;392;-32
5590;392;-32
5591;384;-32
5592;392;-32
5593;392;-32
5594;392;-32
5595;384;-32
5596;384;-32
5597;392;-32
5598;392;-40
5599;384;-32
5600;384;-32
5601;384;-32
5602;384;-40
5603;376;-40
5604;376;-40
5605;376;-40
5606;376;-40
5607;376;-40
5608;376;-48
5609;368;-40
5610;368;-40
5611;376;-40
5612;368;-40
5613;368;-40
5614;360;-40
5615;368;-40
5616;360;-40
5617;360;-40
5618;352;-40
5619;360;-48
5620;360;-40
5621;352;-40
5622;352;-48
5623;352;-48
5624;352;-56
5625;352;-56
5626;344;-64
5627;344;-64
5628;344;-64
5629;344;-64
5630;336;-64
5631;336;-64
5632;336;40
5633;336;48
5634;336;56
5635;328;56
5636;328;64
5637;328;64
5638;320;72
5639;312;72
5640;320;80
5641;312;80
5642;312;72
5643;312;72
5644;304;72
5645;304;72
5646;304;72
5647;296;64
5648;296;64
5649;296;64
5650;296;64
5651;296;64
5652;296;64
5653;288;64
5654;280;64
5655;280;64
5656;280;64
5657;280;64
5658;272;64
5659;264;64
5660;264;64
5661;264;64
5662;264;64
5663;264;64
5664;256;64
5665;256;64
5666;256;64
5667;248;64
5668;248;64
5669;248;56
5670;240;48
5671;240;48
5672;240;48
5673;256;40
5674;224;40
5675;224;40
5676;232;40
5677;224;32
5678;224;32
5679;208;40
5680;216;48
5681;216;48
5682;208;56
5683;208;64
5684;200;64
5685;200;72
5686;200;72
5687;192;72
5688;192;72
5689;184;72
5690;184;80
5691;184;72
5692;176;72
5693;168;72
5694;176;72
5695;176;72
5696;160;64
5697;160;72
5698;160;64
5699;160;64
5700;152;64
5701;152;64
5702;152;64
5703;152;64
5704;144;64
5705;136;64
5706;136;64
5707;128;64
5708;128;64
5709;128;64
5710;128;64
5711;128;56
5712;120;64
5713;120;64
5714;112;64
5715;112;64
5716;104;64
5717;104;64
5718;104;56
5719;96;56
5720;96;56
5721;96;48
5722;96;48
5723;88;40
5724;80;40
5725;80;40
5726;80;40
5727;64;40
5728;72;40
5729;64;48
5730;64;48
5731;64;48
5732;56;56
5733;48;64
5734;40;72
5735;48;72
5736;40;160
5737;40;160
5738;32;160
5739;24;160
5740;24;152
5741;24;152
5742;16;152
5743;16;152
5744;8;152
5745;0;152
5746;0;144
5747;0;144
5748;-8;152
5749;-16;152
5750;-16;144
5751;-16;144
5752;-24;144
5753;-24;144
5754;-24;144
5755;-48;152
5756;-40;144
5757;-48;144
5758;-48;144
5759;-56;144
5760;-56;144
5761;-64;144
5762;-64;144
5763;-64;144
5764;-64;136
5765;-72;144
5766;-72;136
5767;-80;128
5768;-88;128
5769;-88;128
5770;-88;120
5771;-96;120
5772;-96;120
5773;-104;120
5774;-112;120
5775;-120;120
5776;-112;120
5777;-112;128
5778;-120;136
5779;-120;136
5780;-128;136
5781;-128;152
5782;-136;152
5783;-144;152
5784;-144;152
5785;-152;152
5786;-152;152
5787;-160;152
5788;-160;152
5789;-160;152
5790;-168;152
5791;-168;152
5792;-176;152
5793;-184;152
5794;-184;144
5795;-192;144
5796;-216;152
5797;-200;144
5798;-200;144
5799;-208;144
5800;-208;144
5801;-208;144
5802;-208;144
5803;-216;144
5804;-224;144
5805;-224;144
5806;-224;144
5807;-232;144
5808;-232;136
5809;-232;144
5810;-240;136
5811;-248;136
5812;-248;136
5813;-248;136
5814;-256;136
5815;-256;128
5816;-248;128
5817;-256;120
5818;-264;120
5819;-264;120
5820;-272;120
5821;-272;112
5822;-280;120
5823;-288;120
5824;-280;128
5825;-288;128
5826;-288;136
5827;-296;136
5828;-296;144
5829;-304;152
5830;-296;152
5831;-304;152
5832;-312;152
5833;-312;152
5834;-312;152
5835;-320;152
5836;-328;152
5837;-328;152
5838;-328;152
5839;-328;152
5840;-328;152
5841;-336;112
5842;-336;104
5843;-344;104
5844;-344;104
5845;-352;104
5846;-352;104
5847;-352;104
5848;-352;104
5849;-360;104
5850;-360;104
5851;-360;96
5852;-368;96
5853;-368;96
5854;-376;88
5855;-368;88
5856;-376;80
5857;-360;80
5858;-376;80
5859;-384;80
5860;-376;80
5861;-376;88
5862;-384;88
5863;-384;88
5864;-384;96
5865;-384;96
5866;-384;104
5867;-392;104
5868;-392;112
5869;-400;120
5870;-400;120
5871;-408;120
5872;-400;112
5873;-400;112
5874;-400;112
5875;-400;120
5876;-408;112
5877;-400;112
5878;-392;112
5879;-400;112
5880;-400;104
5881;-408;104
5882;-400;112
5883;-408;112
5884;-416;104
5885;-400;104
5886;-408;104
5887;-408;104
5888;-408;104
5889;-408;104
5890;-408;104
5891;-408;104
5892;-408;104
5893;-408;112
5894;-416;96
5895;-408;104
5896;-408;104
5897;-408;96
5898;-400;96
5899;-416;88
5900;-408;96
5901;-408;80
5902;-416;80
5903;-408;80
5904;-408;80
5905;-408;80
5906;-408;80
5907;-408;72
5908;-408;80
5909;-408;88
5910;-416;88
5911;-416;96
5912;-424;96
5913;-408;104
5914;-416;112
5915;-408;112
5916;-408;112
5917;-408;120
5918;-408;112
5919;-392;120
5920;-408;112
5921;-408;112
5922;-408;112
5923;-408;112
5924;-408;112
5925;-408;104
5926;-408;112
5927;-408;104
5928;-408;104
5929;-400;104
5930;-400;104
5931;-408;104
5932;-400;104
5933;-400;104
5934;-400;104
5935;-400;104
5936;-400;104
5937;-400;104
5938;-400;104
5939;-392;104
5940;-400;96
5941;-400;104
5942;-392;104
5943;-392;104
5944;-392;104
5945;-392;-8
5946;-392;-8
5947;-392;-8
5948;-392;-16
5949;-392;-16
5950;-392;-24
5951;-392;-24
5952;-392;-24
5953;-392;-24
5954;-384;-32
5955;-384;-32
5956;-384;-32
5957;-384;-24
5958;-384;-24
5959;-384;-16
5960;-376;-8
5961;-376;0
5962;-376;8
5963;-368;0
5964;-368;8
5965;-368;8
5966;-368;8
5967;-360;0
5968;-360;8
5969;-360;8
5970;-360;8
5971;-352;0
5972;-352;8
5973;-344;0
5974;-352;0
5975;-344;0
5976;-344;0
5977;-336;-8
5978;-336;0
5979;-336;0
5980;-336;0
5981;-328;-8
5982;-320;-8
5983;-320;0
5984;-312;0
5985;-312;-8
5986;-312;-8
5987;-304;-8
5988;-304;0
5989;-296;-8
5990;-288;-8
5991;-288;-8
5992;-288;0
5993;-272;-16
5994;-256;-16
5995;-272;-16
5996;-272;-24
5997;-264;-24
5998;-256;-32
5999;-256;-32
6000;-256;-24
6001;-248;-32
6002;-240;-32
6003;-240;-24
6004;-232;-16
6005;-232;-16
6006;-224;-16
6007;-224;-8
6008;-224;0
6009;-208;8
6010;-208;8
6011;-208;8
6012;-200;8
6013;-200;8
6014;-208;8
6015;-184;8
6016;-184;8
6017;-184;8
6018;-176;8
6019;-168;0
6020;-168;0
6021;-160;0
6022;-160;0
6023;-160;-8
6024;-152;0
6025;-144;-8
6026;-144;0
6027;-136;-8
6028;-136;-8
6029;-128;-8
6030;-128;-8
6031;-120;-8
6032;-112;-8
6033;-112;-8
6034;-104;-8
6035;-120;-16
6036;-96;-8
6037;-96;-16
6038;-88;-24
6039;-88;-24
6040;-80;-24
6041;-72;-24
6042;-72;-32
6043;-64;-32
6044;-64;-24
6045;-64;-24
6046;-56;-16
6047;-56;-8
6048;-48;-72
6049;-48;-72
6050;-40;-72
6051;-40;-64
6052;-40;-64
6053;-32;-64
6054;-24;-64
6055;-24;-64
6056;-24;-64
6057;-16;-72
6058;-16;-72
6059;-8;-72
6060;-8;-72
6061;0;-72
6062;0;-72
6063;0;-72
6064;8;-72
6065;8;-80
6066;16;-80
6067;16;-72
6068;24;-72
6069;32;-80
6070;32;-80
6071;32;-80
6072;32;-80
6073;40;-88
6074;40;-88
6075;40;-96
6076;40;-96
6077;56;-96
6078;56;-96
6079;64;-104
6080;64;-96
6081;72;-96
6082;80;-96
6083;80;-88
6084;80;-88
6085;88;-80
6086;96;-72
6087;96;-72
6088;96;-72
6089;104;-64
6090;104;-64
6091;112;-64
6092;112;-64
6093;120;-72
6094;120;-72
6095;120;-64
6096;128;-72
6097;128;-72
6098;136;-72
6099;144;-72
6100;144;-72
6101;136;-72
6102;144;-72
6103;144;-72
6104;152;-72
6105;160;-72
6106;160;-80
6107;160;-80
6108;160;-72
6109;160;-80
6110;168;-72
6111;168;-80
6112;168;-80
6113;176;-80
6114;176;-88
6115;184;-88
6116;184;-88
6117;192;-96
6118;184;-96
6119;192;-96
6120;192;-96
6121;200;-96
6122;192;-96
6123;192;-88
6124;200;-80
6125;208;-80
6126;208;-72
6127;216;-72
6128;216;-64
6129;216;-64
6130;224;-64
6131;224;-64
6132;224;-64
6133;224;-64
6134;232;-64
6135;232;-72
6136;240;-72
6137;248;-64
6138;240;-72
6139;248;-72
6140;256;-72
6141;248;-72
6142;248;-80
6143;256;-80
6144;264;-72
6145;256;-80
6146;264;-72
6147;264;-80
6148;264;-72
6149;272;-80
6150;264;-72
6151;264;-72
6152;272;-88
6153;280;-88
6154;280;-96
6155;280;-88
6156;288;-96
6157;288;-104
6158;312;-96
6159;288;-104
6160;296;-104
6161;296;-112
6162;296;-112
6163;304;-104
6164;296;-112
6165;304;-104
6166;304;-96
6167;312;-96
6168;312;-88
6169;312;-88
6170;312;-80
6171;320;-80
6172;320;-80
6173;320;-72
6174;328;-72
6175;328;-72
6176;328;-80
6177;328;-80
6178;328;-80
6179;328;-80
6180;336;-80
6181;336;-88
6182;336;-80
6183;336;-80
6184;344;-88
6185;352;-88
6186;344;-88
6187;352;-88
6188;352;-88
6189;352;-80
6190;352;-88
6191;352;-88
6192;360;-88
6193;352;-88
6194;352;-88
6195;360;-88
6196;360;-80
6197;360;-88
6198;352;-96
6199;352;-96
6200;368;-104
6201;368;-104
6202;368;-104
6203;368;-104
6204;368;-112
6205;376;-104
6206;376;-112
6207;376;-104
6208;376;-112
6209;376;-96
6210;376;-96
6211;376;-88
6212;392;-80
6213;384;-80
6214;384;-80
6215;384;-80
6216;384;-80
6217;384;-72
6218;384;-72
6219;376;-72
6220;392;-72
6221;384;-72
6222;392;-80
6223;392;-80
6224;392;-80
6225;392;-80
6226;392;-80
6227;392;-80
6228;392;-80
6229;392;-80
6230;400;-88
6231;392;-80
6232;400;-80
6233;416;-88
6234;400;-88
6235;400;-88
6236;400;-88
6237;400;-80
6238;400;-88
6239;392;-88
6240;400;-88
6241;400;-88
6242;400;-88
6243;400;-88
6244;400;-96
6245;400;-88
6246;400;-96
6247;400;-96
6248;400;-104
6249;408;-104
6250;400;-104
6251;400;-112
6252;400;-104
6253;400;-112
6254;400;-104
6255;408;-96
6256;400;-96
6257;400;-16
6258;400;-8
6259;408;-8
6260;400;0
6261;408;0
6262;400;8
6263;400;8
6264;400;8
6265;400;8
6266;400;8
6267;392;0
6268;400;0
6269;400;0
6270;400;0
6271;400;0
6272;392;0
6273;400;0
6274;416;0
6275;400;0
6276;392;-8
6277;392;0
6278;392;-8
6279;392;-8
6280;384;-8
6281;392;-8
6282;384;-8
6283;384;-8
6284;384;-8
6285;384;-8
6286;384;-16
6287;384;-16
6288;384;-16
6289;376;-16
6290;384;-24
6291;376;-24
6292;376;-24
6293;376;-24
6294;360;-32
6295;376;-32
6296;376;-32
6297;368;-16
6298;368;-16
6299;368;-8
6300;368;-8
6301;368;0
6302;368;8
6303;360;8
6304;368;8
6305;360;0
6306;360;8
6307;360;8
6308;352;8
6309;352;0
6310;352;0
6311;352;0
6312;352;0
6313;344;0
6314;344;0
6315;328;-8
6316;336;-8
6317;344;-8
6318;344;0
6319;336;-8
6320;336;0
6321;336;-8
6322;328;-8
6323;328;-8
6324;328;-8
6325;328;-8
6326;320;-8
6327;320;-8
6328;320;-16
6329;312;-16
6330;312;-24
6331;312;-24
6332;312;-32
6333;312;-32
6334;304;-32
6335;304;-32
6336;296;-32
6337;296;-24
6338;296;-24
6339;296;-16
6340;288;-8
6341;288;0
6342;280;0
6343;288;8
6344;280;8
6345;280;8
6346;272;8
6347;272;8
6348;272;0
6349;272;8
6350;264;0
6351;264;0
6352;264;0
6353;256;0
6354;256;0
6355;248;0
6356;248;0
6357;248;0
6358;248;0
6359;256;0
6360;240;0
6361;240;96
6362;232;96
6363;232;96
6364;232;88
6365;232;88
6366;224;80
6367;216;80
6368;216;72
6369;216;72
6370;208;72
6371;208;72
6372;208;72
6373;200;72
6374;200;72
6375;200;80
6376;216;88
6377;192;88
6378;192;96
6379;184;104
6380;184;104
6381;184;112
6382;176;112
6383;176;104
6384;168;112
6385;168;112
6386;168;104
6387;160;112
6388;160;104
6389;160;104
6390;144;104
6391;152;104
6392;152;96
6393;144;104
6394;144;96
6395;136;104
6396;144;104
6397;152;96
6398;128;96
6399;128;96
6400;128;96
6401;120;104
6402;120;96
6403;112;96
6404;112;96
6405;112;96
6406;104;88
6407;104;88
6408;104;80
6409;96;80
6410;104;80
6411;96;72
6412;88;72
6413;88;72
6414;80;72
6415;80;72
6416;72;72
6417;64;80
6418;72;88
6419;64;88
6420;64;96
6421;56;96
6422;56;104
6423;48;104
6424;56;104
6425;40;112
6426;40;112
6427;32;104
6428;32;104
6429;24;104
6430;24;104
6431;24;104
6432;16;104
6433;16;104
6434;16;104
6435;8;96
6436;8;96
6437;0;96
6438;-16;96
6439;-8;96
6440;-16;96
6441;-16;96
6442;-24;96
6443;-24;96
6444;-32;96
6445;-32;96
6446;-32;96
6447;-40;96
6448;-40;96
6449;-40;96
6450;-48;96
6451;-48;88
6452;-56;96
6453;-56;88
6454;-64;88
6455;-64;88
6456;-80;80
6457;-80;72
6458;-88;72
6459;-80;72
6460;-88;72
6461;-88;72
6462;-96;72
6463;-96;72
6464;-104;80
6465;-104;128
6466;-112;136
6467;-112;136
6468;-112;144
6469;-120;144
6470;-128;152
6471;-128;152
6472;-128;152
6473;-136;152
6474;-144;152
6475;-144;152
6476;-152;152
6477;-152;152
6478;-168;144
6479;-168;144
6480;-168;152
6481;-176;144
6482;-176;152
6483;-184;144
6484;-192;144
6485;-192;144
6486;-200;136
6487;-200;136
6488;-200;144
6489;-200;136
6490;-208;144
6491;-208;144
6492;-216;144
6493;-224;136
6494;-224;144
6495;-224;136
6496;-232;144
6497;-232;136
6498;-232;144
6499;-240;144
6500;-240;136
6501;-248;128
6502;-248;128
6503;-256;120
6504;-248;120
6505;-256;112
6506;-264;112
6507;-264;112
6508;-272;112
6509;-272;120
6510;-280;120
6511;-280;128
6512;-280;136
6513;-272;136
6514;-288;144
6515;-296;144
6516;-296;152
6517;-304;152
6518;-304;152
6519;-312;152
6520;-312;152
6521;-312;152
6522;-312;152
6523;-320;144
6524;-320;152
6525;-328;144
6526;-328;144
6527;-328;144
6528;-336;144
6529;-336;144
6530;-336;144
6531;-344;144
6532;-352;136
6533;-360;144
6534;-352;144
6535;-352;136
6536;-360;136
6537;-360;144
6538;-360;144
6539;-368;144
6540;-368;136
6541;-368;136
6542;-368;128
6543;-376;128
6544;-376;128
6545;-376;120
6546;-384;120
6547;-384;112
6548;-384;112
6549;-384;112
6550;-392;112
6551;-392;112
6552;-392;120
6553;-384;128
6554;-400;128
6555;-392;136
6556;-392;144
6557;-392;152
6558;-400;152
6559;-400;152
6560;-392;152
6561;-400;152
6562;-392;152
6563;-400;152
6564;-400;144
6565;-400;152
6566;-400;152
6567;-400;144
6568;-408;144
6569;-400;64
6570;-408;64
6571;-408;64
6572;-400;64
6573;-408;56
6574;-416;56
6575;-408;48
6576;-408;40
6577;-408;48
6578;-408;40
6579;-408;40
6580;-400;40
6581;-408;40
6582;-408;40
6583;-408;40
6584;-408;40
6585;-408;56
6586;-408;56
6587;-408;56
6588;-408;64
6589;-408;64
6590;-408;72
6591;-408;72
6592;-408;72
6593;-408;72
6594;-416;72
6595;-424;72
6596;-408;72
6597;-408;72
6598;-408;72
6599;-408;64
6600;-416;64
6601;-400;64
6602;-408;64
6603;-408;64
6604;-416;64
6605;-408;64
6606;-416;64
6607;-408;64
6608;-408;56
6609;-408;64
6610;-408;64
6611;-408;56
6612;-408;64
6613;-408;64
6614;-408;64
6615;-408;56
6616;-408;56
6617;-408;56
6618;-400;56
6619;-400;56
6620;-408;48
6621;-408;48
6622;-408;48
6623;-400;40
6624;-400;40
6625;-400;40
6626;-400;32
6627;-400;32
6628;-400;40
6629;-392;40
6630;-400;48
6631;-400;48
6632;-400;64
6633;-392;64
6634;-392;64
6635;-400;72
6636;-408;72
6637;-392;72
6638;-400;72
6639;-392;72
6640;-384;72
6641;-392;72
6642;-400;72
6643;-392;72
6644;-384;64
6645;-384;64
6646;-384;64
6647;-384;64
6648;-384;64
6649;-376;64
6650;-376;64
6651;-376;64
6652;-376;64
6653;-376;64
6654;-376;64
6655;-368;64
6656;-368;56
6657;-368;64
6658;-368;56
6659;-360;64
6660;-368;64
6661;-360;56
6662;-360;56
6663;-352;56
6664;-352;56
6665;-352;48
6666;-352;48
6667;-344;48
6668;-336;40
6669;-344;40
6670;-344;40
6671;-328;40
6672;-328;40
6673;-320;-56
6674;-320;-56
6675;-320;-56
6676;-312;-48
6677;-296;-48
6678;-312;-40
6679;-296;-32
6680;-304;-24
6681;-296;-24
6682;-288;-24
6683;-288;-32
6684;-280;-24
6685;-280;-24
6686;-272;-24
6687;-272;-24
6688;-264;-24
6689;-264;-32
6690;-248;-24
6691;-248;-24
6692;-248;-32
6693;-248;-24
6694;-240;-32
6695;-240;-32
6696;-232;-32
6697;-232;-32
6698;-224;-32
6699;-216;-32
6700;-216;-32
6701;-208;-32
6702;-200;-32
6703;-200;-32
6704;-192;-32
6705;-192;-32
6706;-192;-32
6707;-184;-32
6708;-184;-32
6709;-176;-40
6710;-168;-32
6711;-152;-40
6712;-160;-40
6713;-160;-40
6714;-160;-48
6715;-144;-48
6716;-144;-48
6717;-144;-56
6718;-144;-56
6719;-128;-56
6720;-128;-64
6721;-120;-56
6722;-120;-56
6723;-120;-48
6724;-104;-40
6725;-104;-40
6726;-96;-32
6727;-96;-24
6728;-96;-24
6729;-88;-24
6730;-80;-24
6731;-80;-16
6732;-80;-16
6733;-72;-24
6734;-64;-24
6735;-64;-24
6736;-56;-24
6737;-56;-24
6738;-56;-32
6739;-48;-32
6740;-40;-32
6741;-48;-32
6742;-40;-32
6743;-32;-32
6744;-32;-32
6745;-24;-32
6746;-16;-32
6747;-16;-32
6748;-16;-32
6749;-8;-32
6750;-8;-32
6751;-8;-32
6752;24;-32
6753;0;-32
6754;8;-32
6755;8;-40
6756;16;-32
6757;16;-40
6758;16;-40
6759;24;-48
6760;32;-48
6761;32;-48
6762;40;-56
6763;40;-56
6764;48;-56
6765;48;-56
6766;48;-56
6767;56;-56
6768;64;-48
6769;64;-48
6770;72;-48
6771;72;-40
6772;64;-32
6773;80;-32
6774;88;-24
6775;88;-24
6776;96;-24
6777;96;-24
6778;104;-80
6779;104;-80
6780;104;-80
6781;112;-80
6782;112;-80
6783;120;-88
6784;120;-80
6785;128;-88
6786;128;-80
6787;136;-88
6788;136;-88
6789;136;-88
6790;144;-88
6791;144;-96
6792;152;-96
6793;144;-96
6794;152;-104
6795;160;-104
6796;160;-112
6797;160;-112
6798;168;-112
6799;160;-104
6800;168;-104
6801;176;-104
6802;168;-96
6803;176;-88
6804;184;-88
6805;184;-80
6806;184;-80
6807;192;-80
6808;200;-80
6809;192;-80
6810;192;-80
6811;200;-80
6812;200;-80
6813;192;-80
6814;208;-80
6815;216;-88
6816;216;-80
6817;216;-80
6818;224;-88
6819;224;-88
6820;232;-88
6821;232;-88
6822;232;-80
6823;240;-88
6824;240;-88
6825;248;-96
6826;240;-88
6827;248;-88
6828;248;-88
6829;256;-88
6830;256;-88
6831;256;-88
6832;264;-96
6833;256;-88
6834;240;-88
6835;264;-96
6836;264;-96
6837;272;-96
6838;272;-104
6839;280;-112
6840;288;-104
6841;280;-112
6842;280;-104
6843;288;-112
6844;288;-104
6845;288;-96
6846;288;-96
6847;296;-96
6848;296;-88
6849;296;-80
6850;296;-80
6851;304;-88
6852;304;-80
6853;304;-72
6854;312;-80
6855;312;-80
6856;312;-72
6857;312;-80
6858;320;-80
6859;320;-80
6860;320;-88
6861;312;-80
6862;320;-80
6863;328;-80
6864;328;-80
6865;328;-88
6866;328;-80
6867;336;-88
6868;336;-88
6869;336;-80
6870;336;-88
6871;344;-88
6872;344;-88
6873;344;-88
6874;344;-88
6875;352;-88
6876;352;-88
6877;352;-88
6878;352;-88
6879;352;-88
6880;352;-88
6881;352;-88
6882;360;-64
6883;360;-72
6884;368;-64
6885;360;-72
6886;360;-72
6887;360;-80
6888;368;-80
6889;368;-80
6890;368;-80
6891;368;-88
6892;376;-80
6893;376;-88
6894;376;-80
6895;384;-72
6896;376;-72
6897;384;-72
6898;384;-64
6899;376;-64
6900;384;-56
6901;384;-56
6902;384;-48
6903;384;-48
6904;384;-48
6905;384;-48
6906;384;-48
6907;384;-56
6908;392;-56
6909;384;-56
6910;392;-56
6911;400;-56
6912;392;-56
6913;392;-56
6914;392;-64
6915;400;-56
6916;408;-56
6917;400;-64
6918;400;-56
6919;400;-64
6920;400;-56
6921;400;-64
6922;392;-56
6923;400;-64
6924;400;-64
6925;400;-64
6926;400;-64
6927;400;-64
6928;400;-56
6929;400;-64
6930;400;-64
6931;400;-64
6932;400;-72
6933;400;-72
6934;408;-80
6935;408;-80
6936;408;-80
6937;400;-80
6938;408;-88
6939;408;-80
6940;400;-80
6941;400;-80
6942;400;-80
6943;408;-72
6944;400;-72
6945;408;-64
6946;408;-64
6947;408;-56
6948;400;-48
6949;408;-48
6950;400;-56
6951;400;-48
6952;400;-56
6953;408;-48
6954;408;-56
6955;400;-56
6956;408;-56
6957;424;-56
6958;400;-56
6959;400;-56
6960;400;-56
6961;400;-56
6962;400;-56
6963;392;-56
6964;392;-64
6965;392;-56
6966;392;-64
6967;400;-64
6968;392;-64
6969;392;-64
6970;392;-56
6971;392;-64
6972;384;-64
6973;384;-64
6974;392;-64
6975;392;-56
6976;384;-56
6977;376;-64
6978;384;-64
6979;384;-64
6980;376;-72
6981;376;-72
6982;376;-72
6983;384;-80
6984;384;-80
6985;376;-80
6986;376;8
6987;368;16
6988;368;8
6989;368;16
6990;368;16
6991;368;16
6992;360;24
6993;360;32
6994;360;40
6995;360;40
6996;360;48
6997;352;48
6998;344;48
6999;352;48
7000;352;48
7001;352;48
7002;352;48
7003;352;40
7004;352;48
7005;344;40
7006;344;48
7007;344;40
7008;336;40
7009;344;40
7010;336;40
7011;328;40
7012;328;40
7013;328;40
7014;328;40
7015;328;40
7016;320;40
7017;320;40
7018;320;40
7019;320;32
7020;320;40
7021;312;32
7022;312;32
7023;304;32
7024;304;32
7025;296;32
7026;296;32
7027;296;24
7028;296;24
7029;296;16
7030;296;16
7031;296;16
7032;288;16
7033;288;8
7034;280;16
7035;280;16
7036;272;16
7037;264;24
7038;272;24
7039;272;24
7040;264;32
7041;256;40
7042;256;40
7043;256;40
7044;256;48
7045;256;48
7046;256;48
7047;248;48
7048;240;48
7049;240;48
7050;240;48
7051;232;48
7052;224;48
7053;232;40
7054;224;40
7055;224;40
7056;224;40
7057;216;40
7058;216;40
7059;216;40
7060;208;40
7061;208;32
7062;200;32
7063;200;40
7064;200;40
7065;192;40
7066;200;40
7067;184;32
7068;184;40
7069;184;32
7070;184;32
7071;176;40
7072;168;32
7073;144;40
7074;168;32
7075;160;40
7076;160;32
7077;152;32
7078;144;24
7079;160;24
7080;152;16
7081;144;16
7082;144;16
7083;144;8
7084;136;8
7085;136;8
7086;136;8
7087;128;16
7088;128;24
7089;120;24
7090;120;128
7091;120;128
7092;112;136
7093;120;136
7094;112;136
7095;112;144
7096;96;144
7097;104;144
7098;96;144
7099;88;136
7100;88;136
7101;88;136
7102;80;136
7103;80;136
7104;72;136
7105;72;128
7106;72;128
7107;72;128
7108;56;136
7109;56;128
7110;56;128
7111;48;136
7112;48;128
7113;40;128
7114;32;128
7115;32;128
7116;32;128
7117;32;128
7118;24;128
7119;24;128
7120;8;120
7121;16;120
7122;8;120
7123;0;112
7124;0;112
7125;0;104
7126;-8;112
7127;-8;104
7128;-16;96
7129;-16;96
7130;-24;104
7131;-32;104
7132;-32;112
7133;-32;120
7134;-32;120
7135;-48;128
7136;-48;128
7137;-48;128
7138;-48;136
7139;-64;144
7140;-64;144
7141;-72;144
7142;-72;136
7143;-72;136
7144;-80;136
7145;-88;136
7146;-88;136
7147;-88;136
7148;-96;136
7149;-96;136
7150;-104;128
7151;-104;128
7152;-112;128
7153;-112;128
7154;-112;128
7155;-112;128
7156;-128;128
7157;-128;136
7158;-136;128
7159;-136;128
7160;-144;128
7161;-152;128
7162;-144;128
7163;-152;128
7164;-152;120
7165;-160;120
7166;-168;120
7167;-168;120
7168;-168;112
7169;-176;112
7170;-176;104
7171;-184;104
7172;-184;104
7173;-192;104
7174;-192;104
7175;-200;104
7176;-208;112
7177;-208;112
7178;-216;120
7179;-216;120
7180;-224;136
7181;-216;136
7182;-224;136
7183;-232;136
7184;-232;136
7185;-232;136
7186;-240;136
7187;-240;136
7188;-248;136
7189;-248;136
7190;-256;136
7191;-256;128
7192;-256;136
7193;-264;136
7194;-264;120
7195;-272;128
7196;-272;128
7197;-272;120
7198;-280;120
7199;-280;112
7200;-280;112
7201;-288;104
7202;-288;104
7203;-288;104
7204;-296;96
7205;-296;96
7206;-296;96
7207;-304;96
7208;-304;96
7209;-304;104
7210;-312;112
7211;-312;112
7212;-320;120
7213;-320;120
7214;-320;128
7215;-328;128
7216;-336;136
7217;-336;136
7218;-336;128
7219;-336;136
7220;-344;136
7221;-344;136
7222;-344;128
7223;-344;128
7224;-352;128
7225;-360;128
7226;-360;128
7227;-360;120
7228;-360;128
7229;-368;120
7230;-360;120
7231;-368;120
7232;-376;128
7233;-368;120
7234;-376;120
7235;-376;120
7236;-384;120
7237;-392;120
7238;-384;120
7239;-384;120
7240;-384;120
7241;-392;120
7242;-392;128
7243;-384;120
7244;-392;120
7245;-392;112
7246;-392;112
7247;-392;104
7248;-392;104
7249;-392;96
7250;-392;96
7251;-392;96
7252;-400;96
7253;-392;96
7254;-392;96
7255;-400;104
7256;-400;104
7257;-408;104
7258;-400;112
7259;-400;120
7260;-400;120
7261;-408;128
7262;-408;128
7263;-400;128
7264;-408;136
7265;-408;136
7266;-400;136
7267;-400;136
7268;-408;128
7269;-408;128
7270;-400;128
7271;-384;128
7272;-400;128
7273;-408;128
7274;-408;128
7275;-408;120
7276;-408;120
7277;-416;120
7278;-408;128
7279;-408;120
7280;-408;120
7281;-408;120
7282;-408;120
7283;-416;120
7284;-408;120
7285;-408;120
7286;-408;120
7287;-408;120
7288;-408;120
7289;-408;120
7290;-416;120
7291;-416;120
7292;-408;120
7293;-408;120
7294;-408;120
7295;-408;120
7296;-408;120
7297;-408;120
7298;-408;16
7299;-408;16
7300;-408;16
7301;-408;8
7302;-408;0
7303;-408;0
7304;-408;-8
7305;-408;0
7306;-408;-8
7307;-400;-8
7308;-400;-8
7309;-400;-8
7310;-400;-8
7311;-400;0
7312;-392;8
7313;-400;8
7314;-400;16
7315;-400;16
7316;-400;24
7317;-400;24
7318;-400;24
7319;-400;32
7320;-392;32
7321;-392;32
7322;-392;32
7323;-392;32
7324;-392;24
7325;-392;24
7326;-392;24
7327;-392;24
7328;-392;24
7329;-384;24
7330;-384;16
7331;-384;24
7332;-392;24
7333;-384;16
7334;-384;16
7335;-384;16
7336;-376;24
7337;-376;16
7338;-376;16
7339;-368;16
7340;-376;16
7341;-368;16
7342;-368;16
7343;-368;16
7344;-368;16
7345;-360;16
7346;-360;8
7347;-360;8
7348;-360;0
7349;-352;-8
7350;-352;-8
7351;-344;-8
7352;-344;-8
7353;-360;-8
7354;-336;-8
7355;-336;0
7356;-336;0
7357;-336;8
7358;-328;8
7359;-320;16
7360;-320;16
7361;-320;24
7362;-312;24
7363;-312;32
7364;-304;32
7365;-312;32
7366;-296;32
7367;-296;32
7368;-296;24
7369;-288;24
7370;-288;32
7371;-280;24
7372;-272;24
7373;-264;24
7374;-272;24
7375;-272;24
7376;-256;24
7377;-256;16
7378;-248;16
7379;-248;24
7380;-248;16
7381;-240;24
7382;-232;16
7383;-232;16
7384;-224;16
7385;-216;16
7386;-216;16
7387;-208;16
7388;-208;24
7389;-208;16
7390;-208;16
7391;-192;16
7392;-192;16
7393;-192;16
7394;-192;16
7395;-184;8
7396;-176;8
7397;-168;0
7398;-168;-8
7399;-160;-8
7400;-160;-8
7401;-160;-8
7402;-152;-8
7403;-144;-8
7404;-144;-80
7405;-144;-72
7406;-136;-72
7407;-128;-64
7408;-128;-56
7409;-112;-56
7410;-120;-56
7411;-112;-56
7412;-104;-56
7413;-104;-48
7414;-80;-56
7415;-96;-56
7416;-96;-56
7417;-88;-56
7418;-88;-56
7419;-80;-56
7420;-72;-56
7421;-72;-56
7422;-64;-56
7423;-64;-64
7424;-64;-56
7425;-56;-64
7426;-56;-64
7427;-48;-64
7428;-64;-64
7429;-40;-56
7430;-40;-64
7431;-40;-64
7432;-32;-64
7433;-32;-64
7434;-24;-64
7435;-8;-56
7436;-24;-64
7437;-8;-64
7438;-8;-64
7439;-8;-72
7440;-8;-72
7441;-8;-72
7442;0;-80
7443;8;-80
7444;8;-80
7445;16;-80
7446;16;-80
7447;16;-88
7448;32;-88
7449;32;-80
7450;32;-80
7451;40;-80
7452;40;-72
7453;48;-56
7454;48;-56
7455;56;-56
7456;56;-56
7457;56;-56
7458;72;-56
7459;72;-48
7460;72;-48
7461;80;-56
7462;88;-56
7463;88;-56
7464;88;-56
7465;96;-56
7466;96;-56
7467;104;-56
7468;104;-56
7469;112;-56
7470;112;-64
7471;120;-64
7472;120;-64
7473;120;-64
7474;128;-64
7475;136;-64
7476;144;-56
7477;136;-64
7478;144;-64
7479;144;-64
7480;144;-64
7481;144;-64
7482;144;-64
7483;160;-64
7484;160;-64
7485;160;-64
7486;160;-72
7487;160;-72
7488;160;-80
7489;160;-88
7490;168;-88
7491;176;-80
7492;176;-88
7493;176;-88
7494;184;-80
7495;184;-80
7496;192;-72
7497;192;-64
7498;192;-64
7499;192;-64
7500;200;-56
7501;200;-56
7502;200;-48
7503;216;-56
7504;216;-48
7505;208;-48
7506;224;-56
7507;216;-48
7508;224;-88
7509;224;-88
7510;224;-88
7511;232;-88
7512;232;-88
7513;232;-88
7514;240;-96
7515;240;-96
7516;232;-88
7517;232;-96
7518;248;-96
7519;248;-96
7520;256;-104
7521;256;-104
7522;256;-112
7523;264;-112
7524;264;-112
7525;264;-112
7526;264;-120
7527;272;-120
7528;272;-112
7529;272;-104
7530;280;-104
7531;280;-96
7532;280;-96
7533;280;-96
7534;280;-88
7535;288;-88
7536;288;-80
7537;288;-80
7538;296;-80
7539;296;-88
7540;304;-88
7541;304;-88
7542;304;-88
7543;304;-88
7544;304;-88
7545;312;-80
7546;312;-88
7547;312;-88
7548;312;-96
7549;312;-96
7550;320;-96
7551;344;-96
7552;320;-96
7553;328;-96
7554;328;-96
7555;328;-96
7556;336;-96
7557;328;-96
7558;336;-96
7559;336;-88
7560;336;-96
7561;336;-96
7562;336;-88
7563;344;-96
7564;344;-96
7565;352;-96
7566;352;-104
7567;352;-104
7568;352;-104
7569;352;-112
7570;352;-112
7571;352;-112
7572;360;-112
7573;360;-120
7574;360;-112
7575;360;-112
7576;360;-104
7577;368;-104
7578;360;-96
7579;368;-96
7580;368;-88
7581;368;-88
7582;368;-80
7583;368;-80
7584;376;-88
7585;368;-80
7586;376;-80
7587;384;-80
7588;376;-88
7589;376;-80
7590;384;-88
7591;384;-88
7592;400;-88
7593;384;-88
7594;384;-88
7595;384;-96
7596;384;-88
7597;384;-88
7598;384;-96
7599;392;-88
7600;392;-88
7601;392;-96
7602;392;-96
7603;400;-88
7604;392;-96
7605;392;-96
7606;400;-96
7607;400;-96
7608;392;-96
7609;400;-88
7610;392;-96
7611;400;-24
7612;384;-32
7613;400;-32
7614;400;-40
7615;400;-40
7616;400;-40
7617;400;-48
7618;400;-48
7619;400;-48
7620;400;-48
7621;400;-48
7622;400;-48
7623;400;-48
7624;408;-40
7625;400;-32
7626;392;-32
7627;400;-32
7628;400;-24
7629;400;-16
7630;400;-16
7631;400;-16
7632;408;-8
7633;400;-16
7634;400;-16
7635;400;-16
7636;408;-16
7637;408;-16
7638;400;-16
7639;408;-16
7640;400;-24
7641;400;-16
7642;400;-24
7643;400;-24
7644;400;-24
7645;400;-24
7646;400;-24
7647;400;-24
7648;400;-24
7649;392;-24
7650;400;-24
7651;400;-24
7652;400;-24
7653;392;-24
7654;392;-24
7655;392;-24
7656;392;-24
7657;392;-24
7658;392;-24
7659;392;-24
7660;392;-32
7661;392;-40
7662;392;-40
7663;384;-48
7664;384;-48
7665;384;-48
7666;384;-48
7667;376;-48
7668;376;-48
7669;384;-48
7670;376;-40
7671;376;-40
7672;376;-32
7673;376;-24
7674;360;-24
7675;368;-16
7676;368;-16
7677;368;-16
7678;368;-16
7679;368;-16
7680;376;-8
7681;368;-16
7682;360;-16
7683;360;-16
7684;360;-24
7685;360;-24
7686;352;-24
7687;352;-16
7688;352;-24
7689;352;-24
7690;352;-24
7691;352;-24
7692;344;-24
7693;344;-24
7694;352;-24
7695;344;-24
7696;344;-24
7697;336;-24
7698;336;-24
7699;336;-24
7700;328;-24
7701;328;-24
7702;328;-24
7703;328;-32
7704;320;-32
7705;320;-40
7706;320;-40
7707;320;-48
7708;320;-48
7709;312;-48
7710;312;-48
7711;304;-48
7712;304;-40
7713;304;-40
7714;296;-40
7715;296;80
7716;296;80
7717;296;80
7718;288;88
7719;288;88
7720;288;88
7721;280;88
7722;280;96
7723;280;88
7724;280;88
7725;272;88
7726;272;80
7727;272;88
7728;264;88
7729;264;80
7730;264;80
7731;256;80
7732;256;80
7733;256;80
7734;256;80
7735;264;80
7736;248;80
7737;240;80
7738;240;80
7739;240;80
7740;240;72
7741;232;80
7742;232;72
7743;224;72
7744;224;72
7745;216;72
7746;216;72
7747;216;64
7748;216;64
7749;200;64
7750;200;56
7751;200;56
7752;200;56
7753;200;56
7754;192;56
7755;192;56
7756;208;56
7757;192;64
7758;184;64
7759;176;72
7760;176;72
7761;176;80
7762;168;80
7763;168;88
7764;168;88
7765;160;88
7766;152;88
7767;152;88
7768;152;88
7769;152;88
7770;144;88
7771;144;88
7772;144;80
7773;136;88
7774;136;80
7775;136;80
7776;128;80
7777;128;80
7778;128;80
7779;120;80
7780;112;80
7781;120;80
7782;112;80
7783;120;72
7784;104;80
7785;104;72
7786;104;72
7787;96;80
7788;96;80
7789;88;72
7790;104;72
7791;88;64
7792;80;64
7793;80;64
7794;72;56
7795;72;56
7796;64;56
7797;56;48
7798;64;48
7799;56;56
7800;56;64
7801;48;64
7802;48;72
7803;40;72
7804;40;88
7805;40;88
7806;32;88
7807;32;88
7808;24;88
7809;24;88
7810;16;88
7811;16;88
7812;8;88
7813;8;88
7814;0;80
7815;0;88
7816;0;80
7817;-8;80
7818;-8;80
7819;-16;152
7820;-24;152
7821;-16;144
7822;-24;136
7823;-24;136
7824;-32;136
7825;-40;136
7826;-40;128
7827;-40;128
7828;-48;120
7829;-48;120
7830;-64;120
7831;-40;120
7832;-64;120
7833;-72;120
7834;-72;128
7835;-80;128
7836;-72;136
7837;-88;144
7838;-88;152
7839;-88;152
7840;-96;160
7841;-96;160
7842;-104;160
7843;-104;160
7844;-104;152
7845;-112;152
7846;-112;152
7847;-120;152
7848;-128;152
7849;-128;152
7850;-136;152
7851;-144;152
7852;-136;152
7853;-144;152
7854;-152;144
7855;-160;152
7856;-160;152
7857;-160;144
7858;-160;152
7859;-176;144
7860;-176;144
7861;-176;144
7862;-184;144
7863;-184;144
7864;-192;136
7865;-200;144
7866;-200;136
7867;-200;136
7868;-208;128
7869;-208;128
7870;-208;128
7871;-216;120
7872;-232;120
7873;-224;120
7874;-224;120
7875;-232;120
7876;-232;120
7877;-240;128
7878;-240;136
7879;-248;144
7880;-256;144
7881;-256;144
7882;-256;152
7883;-264;152
7884;-264;152
7885;-264;152
7886;-272;160
7887;-272;160
7888;-280;152
7889;-280;152
7890;-288;152
7891;-288;152
7892;-296;152
7893;-296;152
7894;-296;152
7895;-304;152
7896;-304;152
7897;-312;144
7898;-312;144
7899;-312;144
7900;-320;144
7901;-320;144
7902;-328;144
7903;-328;144
7904;-328;144
7905;-336;144
7906;-336;144
7907;-336;144
7908;-344;144
7909;-344;144
7910;-344;136
7911;-352;136
7912;-352;128
7913;-376;128
7914;-360;120
7915;-360;120
7916;-360;120
7917;-360;112
7918;-368;120
7919;-360;120
7920;-368;120
7921;-376;128
7922;-376;136
7923;-376;80
7924;-376;88
7925;-384;88
7926;-384;96
7927;-384;96
7928;-384;104
7929;-384;96
7930;-384;96
7931;-384;96
7932;-392;96
7933;-384;96
7934;-392;96
7935;-392;96
7936;-392;96
7937;-392;88
7938;-392;88
7939;-392;88
7940;-400;88
7941;-400;88
7942;-400;88
7943;-400;88
7944;-400;88
7945;-400;88
7946;-400;88
7947;-400;80
7948;-400;88
7949;-408;88
7950;-400;88
7951;-400;88
7952;-400;88
7953;-408;88
7954;-400;80
7955;-408;88
7956;-408;88
7957;-408;80
7958;-408;72
7959;-408;72
7960;-416;72
7961;-408;64
7962;-408;64
7963;-408;64
7964;-408;64
7965;-408;56
7966;-408;64
7967;-408;56
7968;-408;64
7969;-408;72
7970;-400;80
7971;-408;80
7972;-408;80
7973;-408;96
7974;-400;96
7975;-408;96
7976;-408;96
7977;-408;96
7978;-408;104
7979;-408;96
7980;-408;96
7981;-400;96
7982;-408;96
7983;-408;96
7984;-408;96
7985;-408;88
7986;-400;88
7987;-408;88
7988;-416;88
7989;-400;88
7990;-400;88
7991;-400;88
7992;-408;88
7993;-408;88
7994;-400;88
7995;-384;88
7996;-400;88
7997;-400;80
7998;-400;88
7999;-400;88
8000;-400;88
8001;-408;88
8002;-400;80
8003;-400;80
8004;-400;72
8005;-400;72
8006;-400;64
8007;-392;64
8008;-400;64
8009;-392;64
8010;-392;64
8011;-392;56
8012;-392;64
8013;-392;64
8014;-392;72
8015;-384;80
8016;-392;80
8017;-392;88
8018;-384;88
8019;-384;88
8020;-384;96
8021;-384;96
8022;-384;96
8023;-376;96
8024;-384;104
8025;-376;96
8026;-376;96
8027;-376;96
8028;-376;-16
8029;-376;-16
8030;-376;-16
8031;-368;-16
8032;-368;-16
8033;-368;-16
8034;-360;-16
8035;-368;-16
8036;-360;-16
8037;-360;-24
8038;-360;-24
8039;-352;-24
8040;-352;-24
8041;-352;-32
8042;-344;-40
8043;-344;-40
8044;-344;-40
8045;-344;-40
8046;-336;-40
8047;-328;-40
8048;-320;-40
8049;-328;-32
8050;-320;-24
8051;-320;-16
8052;-312;-16
8053;-312;-8
8054;-304;-8
8055;-304;-8
8056;-304;-8
8057;-296;-8
8058;-296;-8
8059;-288;-8
8060;-288;-16
8061;-288;-8
8062;-280;-16
8063;-272;-16
8064;-272;-16
8065;-264;-16
8066;-256;-16
8067;-256;-16
8068;-256;-16
8069;-248;-16
8070;-224;-16
8071;-240;-16
8072;-240;-16
8073;-232;-16
8074;-232;-16
8075;-224;-16
8076;-224;-16
8077;-208;-24
8078;-208;-24
8079;-208;-24
8080;-200;-24
8081;-200;-32
8082;-192;-32
8083;-192;-40
8084;-184;-40
8085;-184;-40
8086;-176;-40
8087;-168;-40
8088;-168;-40
8089;-160;-40
8090;-168;-32
8091;-152;-32
8092;-152;-24
8093;-144;-16
8094;-144;-16
8095;-136;-8
8096;-128;-8
8097;-128;-8
8098;-120;-8
8099;-120;-8
8100;-112;-8
8101;-112;-8
8102;-104;-8
8103;-104;-16
8104;-104;-16
8105;-88;-16
8106;-96;-8
8107;-88;-16
8108;-80;-16
8109;-72;-16
8110;-72;-16
8111;-72;-16
8112;-72;-16
8113;-64;-16
8114;-56;-16
8115;-56;-16
8116;-48;-24
8117;-40;-24
8118;-40;-16
8119;-40;-16
8120;-40;-24
8121;-32;-16
8122;-24;-16
8123;-32;-16
8124;-24;-24
8125;-24;-24
8126;-16;-24
8127;-8;-24
8128;-8;-16
8129;-8;-16
8130;0;-16
8131;-8;-16
8132;8;-88
8133;8;-88
8134;16;-88
8135;16;-96
8136;24;-96
8137;24;-96
8138;32;-96
8139;32;-104
8140;32;-104
8141;40;-104
8142;40;-112
8143;48;-104
8144;56;-96
8145;56;-96
8146;56;-96
8147;64;-88
8148;72;-80
8149;72;-80
8150;80;-72
8151;80;-80
8152;64;-72
8153;96;-72
8154;96;-72
8155;96;-72
8156;104;-72
8157;104;-72
8158;112;-80
8159;112;-72
8160;120;-80
8161;120;-80
8162;120;-80
8163;128;-80
8164;128;-72
8165;128;-80
8166;136;-80
8167;136;-80
8168;136;-80
8169;144;-80
8170;144;-80
8171;152;-80
8172;144;-80
8173;152;-80
8174;160;-88
8175;160;-80
8176;160;-88
8177;160;-88
8178;168;-96
8179;168;-96
8180;168;-96
8181;176;-104
8182;176;-104
8183;176;-104
8184;184;-104
8185;184;-104
8186;192;-104
8187;192;-104
8188;192;-96
8189;200;-88
8190;200;-88
8191;208;-88
8192;208;-80
8193;192;-72
8194;216;-72
8195;216;-72
8196;216;-72
8197;224;-72
8198;224;-72
8199;224;-72
8200;224;-72
8201;232;-80
8202;240;-80
8203;240;-80
8204;240;-80
8205;240;-80
8206;240;-80
8207;248;-80
8208;248;-80
8209;256;-80
8210;248;-80
8211;256;-80
8212;256;-80
8213;280;-80
8214;264;-80
8215;264;-80
8216;272;-80
8217;272;-80
8218;272;-80
8219;272;-88
8220;272;-88
8221;280;-80
8222;280;-80
8223;288;-88
8224;288;-88
8225;288;-88
8226;288;-96
8227;288;-96
8228;296;-96
8229;296;-104
8230;296;-104
8231;296;-104
8232;304;-104
8233;304;-104
8234;312;-104
8235;312;-96
8236;312;-96
8237;320;-88
8238;320;-88
8239;320;-88
8240;312;-80
8241;320;-80
8242;320;-80
8243;328;-80
8244;328;-80
8245;328;-80
8246;328;-80
8247;336;-80
8248;336;-80
8249;336;-88
8250;336;-80
8251;344;-80
8252;344;-80
8253;344;-80
8254;352;-80
8255;352;-80
8256;352;-80
8257;352;-80
8258;352;-80
8259;352;-80
8260;352;-80
8261;360;-80
8262;360;-72
8263;360;-72
8264;360;-72
8265;360;-72
8266;360;-72
8267;360;-72
8268;352;-72
8269;368;-72
8270;368;-72
8271;368;-80
8272;376;-80
8273;368;-80
8274;376;-80
8275;392;-80
8276;384;-72
8277;384;-72
8278;376;-80
8279;384;-80
8280;384;-80
8281;384;-80
8282;384;-80
8283;392;-80
8284;384;-80
8285;384;-80
8286;392;-80
8287;392;-80
8288;392;-80
8289;392;-80
8290;384;-80
8291;392;-80
8292;392;-80
8293;392;-80
8294;400;-80
8295;392;-80
8296;392;-80
8297;392;-80
8298;400;-80
8299;400;-80
8300;400;-80
8301;400;-80
8302;408;-80
8303;400;-88
8304;400;-88
8305;400;-88
8306;400;-96
8307;400;-96
8308;400;-96
8309;400;-96
8310;400;-104
8311;400;-104
8312;400;-104
8313;400;-96
8314;400;-96
8315;400;-88
8316;392;-80
8317;400;-80
8318;400;-72
8319;400;-64
8320;400;-72
8321;400;-72
8322;400;-72
8323;400;-72
8324;400;-72
8325;400;-72
8326;400;-72
8327;400;-80
8328;400;-72
8329;400;-72
8330;400;-80
8331;400;-72
8332;400;-80
8333;400;-72
8334;408;-80
8335;400;-80
8336;400;-80
8337;400;-72
8338;400;-80
8339;392;-72
8340;400;8
8341;400;8
8342;392;0
8343;400;0
8344;392;0
8345;392;-8
8346;392;-8
8347;392;-8
8348;392;-16
8349;384;-16
8350;400;-16
8351;392;-16
8352;384;-16
8353;384;-8
8354;384;-8
8355;384;0
8356;376;8
8357;368;8
8358;376;8
8359;384;16
8360;376;24
8361;376;24
8362;376;24
8363;376;16
8364;376;24
8365;376;16
8366;368;24
8367;368;16
8368;368;16
8369;368;16
8370;360;16
8371;360;16
8372;360;16
8373;360;16
8374;360;16
8375;352;16
8376;360;16
8377;352;8
8378;352;8
8379;352;8
8380;352;8
8381;344;8
8382;352;8
8383;344;8
8384;336;8
8385;344;0
8386;336;8
8387;336;8
8388;336;0
8389;336;0
8390;336;-8
8391;336;-8
8392;328;-16
8393;328;-16
8394;328;-16
8395;320;-16
8396;320;-16
8397;320;-16
8398;320;-8
8399;312;0
8400;312;8
8401;304;16
8402;304;16
8403;304;16
8404;296;24
8405;296;24
8406;296;24
8407;296;24
8408;296;24
8409;288;24
8410;280;16
8411;280;16
8412;280;16
8413;272;16
8414;280;8
8415;272;16
8416;272;8
8417;272;16
8418;264;8
8419;264;16
8420;264;8
8421;256;8
8422;256;8
8423;256;8
8424;248;8
8425;248;16
8426;248;8
8427;248;8
8428;240;8
8429;240;8
8430;232;0
8431;224;8
8432;208;0
8433;224;-8
8434;224;-8
8435;216;-8
8436;216;-16
8437;208;-16
8438;216;-16
8439;208;-16
8440;200;-8
8441;208;-8
8442;200;0
8443;200;0
8444;192;112
8445;192;120
8446;184;120
8447;184;120
8448;184;128
8449;176;128
8450;176;128
8451;168;120
8452;176;120
8453;168;120
8454;160;120
8455;160;120
8456;152;120
8457;160;112
8458;152;120
8459;144;120
8460;152;120
8461;144;112
8462;136;112
8463;136;112
8464;136;112
8465;128;112
8466;136;112
8467;120;112
8468;120;112
8469;120;112
8470;120;104
8471;112;104
8472;112;96
8473;112;96
8474;104;96
8475;104;88
8476;104;88
8477;96;80
8478;88;88
8479;80;88
8480;88;88
8481;80;96
8482;80;96
8483;72;104
8484;72;112
8485;64;120
8486;64;120
8487;56;128
8488;56;120
8489;56;120
8490;48;128
8491;48;128
8492;40;120
8493;48;120
8494;32;120
8495;32;120
8496;24;120
8497;16;120
8498;16;112
8499;16;112
8500;8;112
8501;0;112
8502;0;120
8503;-8;112
8504;-8;112
8505;-8;112
8506;-16;112
8507;-32;112
8508;-24;112
8509;-24;112
8510;-32;112
8511;-40;112
8512;-40;112
8513;-48;112
8514;-32;112
8515;-56;112
8516;-48;112
8517;-64;112
8518;-64;112
8519;-64;112
8520;-72;104
8521;-72;104
8522;-80;96
8523;-80;96
8524;-80;88
8525;-88;88
8526;-88;88
8527;-96;88
8528;-96;88
8529;-104;88
8530;-104;88
8531;-104;96
8532;-112;96
8533;-112;104
8534;-104;112
8535;-120;112
8536;-128;120
8537;-128;120
8538;-136;128
8539;-144;128
8540;-136;128
8541;-144;120
8542;-152;120
8543;-160;128
8544;-160;120
8545;-160;120
8546;-160;120
8547;-168;120
8548;-184;144
8549;-176;144
8550;-184;144
8551;-184;136
8552;-184;136
8553;-192;136
8554;-192;128
8555;-176;128
8556;-208;120
8557;-208;120
8558;-216;112
8559;-216;112
8560;-224;112
8561;-224;112
8562;-224;120
8563;-232;120
8564;-232;128
8565;-240;128
8566;-240;136
8567;-240;136
8568;-240;144
8569;-248;152
8570;-248;152
8571;-248;152
8572;-256;152
8573;-264;152
8574;-264;152
8575;-272;152
8576;-264;144
8577;-272;144
8578;-280;144
8579;-280;144
8580;-280;144
8581;-280;144
8582;-272;136
8583;-288;144
8584;-296;136
8585;-304;136
8586;-296;136
8587;-304;144
8588;-312;136
8589;-312;136
8590;-312;144
8591;-312;136
8592;-320;136
8593;-320;136
8594;-328;144
8595;-328;136
8596;-336;136
8597;-336;136
8598;-336;136
8599;-344;136
8600;-344;136
8601;-344;128
8602;-344;120
8603;-344;120
8604;-352;120
8605;-352;112
8606;-360;112
8607;-360;112
8608;-360;112
8609;-360;112
8610;-368;120
8611;-368;120
8612;-368;136
8613;-368;144
8614;-376;144
8615;-376;144
8616;-384;152
8617;-376;152
8618;-384;152
8619;-384;152
8620;-384;144
8621;-384;152
8622;-384;144
8623;-384;144
8624;-392;144
8625;-392;144
8626;-392;144
8627;-392;136
8628;-392;144
8629;-392;136
8630;-384;144
8631;-392;136
8632;-400;136
8633;-400;136
8634;-400;136
8635;-400;136
8636;-408;136
8637;-408;136
8638;-400;136
8639;-400;136
8640;-400;136
8641;-400;128
8642;-408;128
8643;-400;128
8644;-400;128
8645;-408;120
8646;-400;112
8647;-408;112
8648;-408;112
8649;-408;112
8650;-400;112
8651;-408;112
8652;-408;112
8653;-408;32
8654;-408;32
8655;-408;32
8656;-408;40
8657;-408;48
8658;-408;40
8659;-408;48
8660;-408;48
8661;-408;48
8662;-408;48
8663;-408;48
8664;-408;40
8665;-408;40
8666;-408;40
8667;-400;40
8668;-408;40
8669;-400;40
8670;-400;40
8671;-384;40
8672;-408;48
8673;-408;40
8674;-408;48
8675;-408;48
8676;-408;56
8677;-408;56
8678;-408;48
8679;-400;56
8680;-400;56
8681;-400;56
8682;-400;56
8683;-400;48
8684;-400;48
8685;-400;48
8686;-400;48
8687;-400;48
8688;-392;48
8689;-400;48
8690;-400;48
8691;-392;48
8692;-400;48
8693;-392;48
8694;-392;48
8695;-392;48
8696;-392;48
8697;-392;40
8698;-400;40
8699;-392;48
8700;-392;48
8701;-392;40
8702;-392;40
8703;-384;48
8704;-384;40
8705;-392;48
8706;-384;40
8707;-384;40
8708;-384;48
8709;-384;40
8710;-384;48
8711;-376;48
8712;-368;40
8713;-376;40
8714;-376;32
8715;-376;24
8716;-376;32
8717;-376;24
8718;-368;16
8719;-368;16
8720;-368;16
8721;-368;16
8722;-368;24
8723;-360;24
8724;-360;32
8725;-352;40
8726;-352;48
8727;-352;48
8728;-352;56
8729;-344;56
8730;-344;56
8731;-344;56
8732;-344;56
8733;-336;56
8734;-328;56
8735;-336;56
8736;-320;56
8737;-320;48
8738;-320;48
8739;-312;48
8740;-312;48
8741;-312;48
8742;-304;40
8743;-304;48
8744;-304;48
8745;-296;48
8746;-288;48
8747;-288;48
8748;-288;40
8749;-280;40
8750;-272;40
8751;-272;40
8752;-272;40
8753;-288;40
8754;-264;48
8755;-256;48
8756;-256;48
8757;-248;-48
8758;-240;-48
8759;-232;-56
8760;-240;-56
8761;-224;-64
8762;-224;-64
8763;-224;-64
8764;-216;-64
8765;-216;-72
8766;-208;-72
8767;-208;-72
8768;-200;-72
8769;-192;-64
8770;-192;-64
8771;-192;-56
8772;-184;-56
8773;-168;-48
8774;-176;-40
8775;-168;-40
8776;-168;-32
8777;-168;-32
8778;-160;-40
8779;-152;-32
8780;-152;-40
8781;-144;-40
8782;-136;-40
8783;-136;-40
8784;-136;-40
8785;-128;-40
8786;-120;-40
8787;-120;-40
8788;-112;-40
8789;-112;-40
8790;-112;-48
8791;-104;-48
8792;-96;-40
8793;-96;-40
8794;-88;-40
8795;-88;-40
8796;-80;-48
8797;-80;-48
8798;-72;-48
8799;-72;-48
8800;-80;-48
8801;-64;-48
8802;-56;-48
8803;-56;-48
8804;-56;-48
8805;-48;-48
8806;-48;-48
8807;-40;-48
8808;-40;-48
8809;-32;-48
8810;-24;-56
8811;-24;-56
8812;-24;-64
8813;-16;-64
8814;0;-64
8815;-8;-72
8816;-8;-72
8817;0;-72
8818;0;-72
8819;0;-64
8820;8;-64
8821;16;-64
8822;16;-56
8823;16;-48
8824;24;-40
8825;24;-40
8826;32;-40
8827;32;-32
8828;24;-32
8829;40;-40
8830;40;-32
8831;48;-32
8832;48;-40
8833;56;-40
8834;56;-40
8835;80;-40
8836;64;-40
8837;72;-40
8838;72;-48
8839;80;-40
8840;88;-48
8841;80;-40
8842;96;-48
8843;96;-48
8844;96;-48
8845;104;-48
8846;104;-48
8847;104;-48
8848;120;-48
8849;120;-40
8850;120;-48
8851;120;-48
8852;128;-40
8853;128;-48
8854;136;-48
8855;136;-56
8856;136;-56
8857;144;-56
8858;136;-64
8859;152;-64
8860;152;-64
8861;152;-112
8862;160;-112
8863;152;-112
8864;160;-112
8865;160;-112
8866;168;-112
8867;168;-104
8868;168;-104
8869;168;-96
8870;176;-88
8871;176;-88
8872;184;-80
8873;184;-80
8874;184;-80
8875;184;-80
8876;200;-80
8877;192;-80
8878;200;-80
8879;200;-80
8880;200;-80
8881;208;-80
8882;208;-88
8883;208;-88
8884;216;-88
8885;216;-88
8886;224;-88
8887;224;-88
8888;224;-88
8889;232;-96
8890;224;-88
8891;232;-88
8892;232;-88
8893;240;-88
8894;240;-88
8895;240;-88
8896;240;-88
8897;248;-96
8898;248;-88
8899;256;-96
8900;256;-88
8901;264;-96
8902;264;-96
8903;264;-104
8904;264;-104
8905;264;-104
8906;264;-104
8907;272;-112
8908;272;-112
8909;272;-112
8910;296;-120
8911;280;-112
8912;280;-112
8913;280;-112
8914;288;-104
8915;288;-96
8916;280;-96
8917;288;-88
8918;296;-88
8919;296;-88
8920;296;-80
8921;304;-80
8922;304;-80
8923;312;-80
8924;304;-80
8925;304;-80
8926;312;-80
8927;312;-88
8928;312;-88
8929;312;-88
8930;320;-88
8931;328;-88
8932;320;-88
8933;328;-88
8934;328;-88
8935;328;-88
8936;328;-88
8937;336;-88
8938;336;-96
8939;336;-88
8940;336;-88
8941;336;-96
8942;344;-88
8943;344;-88
8944;328;-88
8945;344;-96
8946;344;-88
8947;352;-88
8948;352;-88
8949;352;-96
8950;352;-96
8951;360;-96
8952;352;-96
8953;360;-104
8954;360;-104
8955;360;-112
8956;360;-112
8957;368;-112
8958;368;-112
8959;368;-112
8960;360;-112
8961;368;-104
8962;368;-96
8963;368;-96
8964;368;-88
8965;376;-88
8966;368;-40
8967;376;-40
8968;376;-40
8969;376;-40
8970;376;-40
8971;368;-40
8972;384;-40
8973;384;-40
8974;384;-40
8975;384;-40
8976;384;-48
8977;384;-40
8978;384;-48
8979;384;-40
8980;392;-48
8981;384;-56
8982;384;-48
8983;392;-48
8984;392;-48
8985;384;-48
8986;392;-56
8987;392;-48
8988;400;-48
8989;400;-48
8990;392;-48
8991;400;-48
8992;384;-48
8993;400;-48
8994;400;-56
8995;400;-56
8996;400;-56
8997;400;-64
8998;400;-64
8999;400;-72
9000;392;-72
9001;400;-72
9002;400;-72
9003;400;-72
9004;392;-72
9005;400;-64
9006;400;-64
9007;400;-56
9008;400;-56
9009;400;-40
9010;408;-40
9011;400;-40
9012;392;-40
9013;400;-40
9014;400;-40
9015;400;-40
9016;400;-40
9017;400;-40
9018;408;-48
9019;400;-40
9020;400;-40
9021;400;-48
9022;400;-48
9023;400;-48
9024;400;-48
9025;400;-48
9026;400;-48
9027;392;-48
9028;392;-48
9029;400;-48
9030;392;-48
9031;392;-48
9032;392;-48
9033;368;-56
9034;392;-48
9035;392;-56
9036;392;-56
9037;392;-64
9038;392;-64
9039;392;-72
9040;384;-72
9041;384;-72
9042;384;-72
9043;384;-72
9044;384;-72
9045;376;-72
9046;376;-64
9047;376;-56
9048;376;-48
9049;376;-48
9050;376;-40
9051;376;-40
9052;368;-40
9053;376;-40
9054;368;-32
9055;368;-40
9056;368;-40
9057;360;-40
9058;368;-40
9059;360;-40
9060;360;-40
9061;352;-48
9062;360;-48
9063;360;-48
9064;352;-48
9065;352;-48
9066;360;-48
9067;352;-48
9068;352;-48
9069;352;-48
9070;344;40
9071;344;48
9072;344;48
9073;344;40
9074;336;32
9075;336;32
9076;336;32
9077;336;32
9078;336;24
9079;336;24
9080;320;24
9081;328;24
9082;328;24
9083;320;32
9084;320;32
9085;320;40
9086;312;48
9087;312;48
9088;304;56
9089;304;64
9090;304;64
9091;304;64
9092;296;64
9093;296;64
9094;304;64
9095;296;64
9096;296;64
9097;288;56
9098;288;64
9099;280;56
9100;280;56
9101;288;56
9102;280;56
9103;272;56
9104;272;48
9105;264;56
9106;264;56
9107;256;48
9108;256;48
9109;256;56
9110;256;56
9111;248;48
9112;256;48
9113;248;48
9114;248;48
9115;256;40
9116;240;40
9117;240;32
9118;232;32
9119;232;32
9120;232;32
9121;232;24
9122;224;24
9123;216;24
9124;216;24
9125;216;32
9126;216;40
9127;208;40
9128;216;40
9129;200;48
9130;200;48
9131;200;56
9132;192;64
9133;200;64
9134;192;64
9135;176;64
9136;184;64
9137;184;64
9138;176;64
9139;176;64
9140;168;56
9141;168;56
9142;168;56
9143;160;64
9144;152;56
9145;160;56
9146;160;56
9147;152;56
9148;152;48
9149;160;48
9150;144;48
9151;136;48
9152;136;48
9153;136;56
9154;128;48
9155;120;48
9156;128;56
9157;120;56
9158;120;48
9159;112;48
9160;112;48
9161;112;48
9162;104;40
9163;104;40
9164;104;32
9165;96;32
9166;96;32
9167;96;24
9168;88;24
9169;80;24
9170;80;24
9171;80;24
9172;80;32
9173;72;120
9174;72;128
9175;64;128
9176;56;136
9177;56;136
9178;56;144
9179;48;144
9180;48;144
9181;48;144
9182;40;144
9183;24;144
9184;32;144
9185;32;144
9186;24;144
9187;24;144
9188;16;136
9189;16;136
9190;16;136
9191;8;136
9192;0;136
9193;0;136
9194;-8;136
9195;-8;136
9196;-8;136
9197;-16;136
9198;-24;136
9199;-24;136
9200;-24;136
9201;-32;136
9202;-32;136
9203;-40;136
9204;-40;128
9205;-40;136
9206;-48;128
9207;-56;128
9208;-56;120
9209;-56;120
9210;-64;120
9211;-64;112
9212;-72;112
9213;-80;112
9214;-72;112
9215;-80;112
9216;-80;112
9217;-96;120
9218;-88;120
9219;-104;128
9220;-104;136
9221;-104;144
9222;-112;144
9223;-112;144
9224;-128;152
9225;-128;152
9226;-128;144
9227;-136;144
9228;-136;144
9229;-136;144
9230;-144;136
9231;-144;136
9232;-152;136
9233;-152;144
9234;-160;136
9235;-160;144
9236;-168;136
9237;-160;136
9238;-176;136
9239;-176;136
9240;-184;136
9241;-184;136
9242;-184;136
9243;-192;136
9244;-192;136
9245;-200;128
9246;-200;136
9247;-208;128
9248;-208;128
9249;-216;120
9250;-216;120
9251;-232;112
9252;-224;112
9253;-224;112
9254;-232;112
9255;-232;104
9256;-240;112
9257;-240;112
9258;-240;112
9259;-248;120
9260;-248;120
9261;-256;136
9262;-256;136
9263;-264;136
9264;-264;144
9265;-272;144
9266;-280;152
9267;-280;144
9268;-280;144
9269;-280;144
9270;-288;144
9271;-296;144
9272;-312;144
9273;-296;144
9274;-296;144
9275;-304;144
9276;-312;136
9277;-312;136
9278;-312;112
9279;-320;112
9280;-320;104
9281;-320;104
9282;-320;96
9283;-328;96
9284;-328;96
9285;-328;88
9286;-336;80
9287;-336;80
9288;-344;80
9289;-344;80
9290;-344;80
9291;-352;88
9292;-344;88
9293;-352;96
9294;-360;104
9295;-360;112
9296;-360;120
9297;-368;120
9298;-368;120
9299;-376;120
9300;-368;120
9301;-376;120
9302;-376;120
9303;-376;120
9304;-376;112
9305;-376;112
9306;-376;112
9307;-376;112
9308;-384;112
9309;-384;112
9310;-384;112
9311;-392;112
9312;-392;104
9313;-384;104
9314;-392;104
9315;-400;104
9316;-392;104
9317;-400;104
9318;-392;104
9319;-400;104
9320;-400;104
9321;-400;104
9322;-400;104
9323;-400;104
9324;-400;96
9325;-400;96
9326;-400;88
9327;-400;88
9328;-400;80
9329;-400;80
9330;-400;80
9331;-400;80
9332;-400;80
9333;-392;88
9334;-400;88
9335;-408;88
9336;-400;96
9337;-408;104
9338;-408;104
9339;-400;112
9340;-400;112
9341;-400;120
9342;-400;120
9343;-408;120
9344;-400;120
9345;-400;112
9346;-400;120
9347;-416;112
9348;-408;112
9349;-408;112
9350;-408;112
9351;-400;112
9352;-408;112
9353;-408;104
9354;-392;104
9355;-400;104
9356;-400;104
9357;-400;104
9358;-400;104
9359;-408;104
9360;-416;104
9361;-400;104
9362;-400;104
9363;-400;104
9364;-400;96
9365;-400;96
9366;-408;96
9367;-400;88
9368;-400;88
9369;-400;80
9370;-400;80
9371;-400;80
9372;-400;80
9373;-400;80
9374;-392;80
9375;-400;80
9376;-400;88
9377;-400;96
9378;-400;96
9379;-392;104
9380;-400;112
9381;-392;112
9382;-392;8
9383;-392;16
9384;-392;16
9385;-392;16
9386;-392;8
9387;-392;8
9388;-400;8
9389;-392;8
9390;-392;8
9391;-392;8
9392;-384;0
9393;-384;8
9394;-384;0
9395;-368;0
9396;-384;0
9397;-384;0
9398;-384;8
9399;-384;0
9400;-376;8
9401;-384;0
9402;-376;0
9403;-376;0
9404;-376;-8
9405;-376;-8
9406;-376;-8
9407;-368;-16
9408;-368;-8
9409;-360;-24
9410;-368;-24
9411;-360;-24
9412;-360;-24
9413;-360;-24
9414;-360;-24
9415;-360;-24
9416;-344;-16
9417;-344;-16
9418;-344;-8
9419;-344;0
9420;-344;0
9421;-336;8
9422;-328;8
9423;-336;8
9424;-328;8
9425;-320;16
9426;-320;16
9427;-320;8
9428;-320;8
9429;-304;8
9430;-312;8
9431;-312;8
9432;-304;8
9433;-304;8
9434;-296;8
9435;-296;0
9436;-296;8
9437;-288;0
9438;-280;0
9439;-280;0
9440;-272;0
9441;-272;0
9442;-264;0
9443;-264;0
9444;-256;0
9445;-256;0
9446;-248;0
9447;-248;0
9448;-240;0
9449;-240;-8
9450;-232;-8
9451;-232;-8
9452;-224;-16
9453;-224;-16
9454;-208;-16
9455;-208;-24
9456;-208;-24
9457;-200;-24
9458;-200;-24
9459;-200;-24
9460;-192;-24
9461;-184;-16
9462;-184;-8
9463;-176;-8
9464;-176;0
9465;-168;0
9466;-168;8
9467;-160;8
9468;-152;8
9469;-152;16
9470;-128;16
9471;-136;16
9472;-136;16
9473;-136;16
9474;-128;8
9475;-128;8
9476;-120;8
9477;-112;8
9478;-112;8
9479;-104;8
9480;-104;8
9481;-104;0
9482;-96;0
9483;-96;0
9484;-88;0
9485;-80;0
9486;-80;-72
9487;-72;-72
9488;-72;-72
9489;-64;-72
9490;-72;-80
9491;-56;-80
9492;-56;-88
9493;-48;-88
9494;-48;-88
9495;-48;-88
9496;-40;-88
9497;-32;-96
9498;-32;-96
9499;-32;-88
9500;-24;-88
9501;-24;-80
9502;-24;-80
9503;-16;-72
9504;-16;-72
9505;-8;-64
9506;-8;-64
9507;0;-64
9508;0;-64
9509;8;-64
9510;8;-64
9511;-8;-64
9512;16;-64
9513;16;-64
9514;24;-64
9515;24;-64
9516;32;-64
9517;40;-72
9518;32;-64
9519;40;-64
9520;48;-72
9521;48;-72
9522;56;-72
9523;56;-72
9524;64;-72
9525;64;-72
9526;72;-72
9527;72;-72
9528;80;-72
9529;80;-72
9530;88;-72
9531;88;-72
9532;88;-72
9533;96;-80
9534;96;-80
9535;104;-80
9536;104;-88
9537;112;-88
9538;112;-96
9539;120;-96
9540;120;-96
9541;128;-96
9542;128;-88
9543;128;-88
9544;144;-80
9545;144;-80
9546;144;-72
9547;144;-72
9548;144;-64
9549;152;-64
9550;152;-64
9551;160;-64
9552;136;-56
9553;160;-64
9554;160;-64
9555;160;-64
9556;160;-64
9557;168;-64
9558;176;-64
9559;176;-72
9560;176;-64
9561;184;-72
9562;184;-72
9563;184;-72
9564;184;-72
9565;184;-72
9566;192;-72
9567;192;-72
9568;200;-72
9569;200;-72
9570;200;-72
9571;208;-72
9572;200;-72
9573;208;-72
9574;216;-72
9575;216;-72
9576;216;-72
9577;224;-72
9578;232;-80
9579;224;-80
9580;232;-88
9581;232;-88
9582;240;-96
9583;240;-96
9584;240;-96
9585;240;-96
9586;256;-88
9587;248;-88
9588;248;-80
9589;256;-72
9590;256;-80
9591;256;-80
9592;264;-80
9593;256;-80
9594;264;-72
9595;272;-80
9596;272;-80
9597;272;-80
9598;272;-80
9599;280;-80
9600;280;-80
9601;280;-80
9602;280;-88
9603;288;-80
9604;288;-80
9605;288;-88
9606;288;-80
9607;296;-88
9608;296;-80
9609;296;-88
9610;296;-88
9611;304;-88
9612;304;-88
9613;320;-88
9614;312;-88
9615;312;-88
9616;312;-96
9617;312;-96
9618;320;-96
9619;320;-96
9620;320;-104
9621;320;-104
9622;320;-104
9623;328;-112
9624;328;-112
9625;336;-112
9626;328;-104
9627;320;-104
9628;336;-96
9629;336;-96
9630;336;-88
9631;336;-88
9632;344;-80
9633;352;-80
9634;352;-80
9635;352;-72
9636;344;-72
9637;344;-72
9638;352;-72
9639;352;-72
9640;344;-80
9641;352;-80
9642;352;-80
9643;352;-80
9644;360;-80
9645;360;-88
9646;368;-80
9647;360;-80
9648;360;-88
9649;368;-88
9650;368;-88
9651;368;-88
9652;368;-88
9653;368;-88
9654;384;-88
9655;376;-88
9656;376;-88
9657;376;-96
9658;384;-96
9659;376;-96
9660;384;-96
9661;384;-104
9662;384;-104
9663;384;-104
9664;384;-112
9665;384;-112
9666;384;-104
9667;384;-104
9668;376;-96
9669;384;-96
9670;392;-88
9671;392;-88
9672;392;-80
9673;392;-80
9674;392;-72
9675;408;-80
9676;392;-80
9677;392;-72
9678;392;-80
9679;392;-80
9680;392;-80
9681;392;-80
9682;392;-80
9683;392;-80
9684;392;-88
9685;392;-80
9686;400;-80
9687;392;-88
9688;400;-80
9689;400;-88
9690;392;-80
9691;400;-80
9692;400;-80
9693;400;-80
9694;400;-16
9695;392;-8
9696;392;-16
9697;400;-16
9698;392;-24
9699;400;-24
9700;392;-24
9701;400;-32
9702;408;-32
9703;400;-32
9704;400;-32
9705;400;-40
9706;400;-40
9707;400;-32
9708;392;-24
9709;400;-24
9710;392;-16
9711;400;-8
9712;400;-8
9713;400;0
9714;392;0
9715;392;0
9716;392;8
9717;392;0
9718;392;0
9719;392;0
9720;392;0
9721;392;0
9722;384;0
9723;392;0
9724;384;-8
9725;392;0
9726;384;-8
9727;384;-8
9728;384;-8
9729;392;-8
9730;384;-8
9731;384;-8
9732;384;-16
9733;384;-8
9734;376;-16
9735;376;-8
9736;368;-8
9737;376;-8
9738;376;-8
9739;376;-8
9740;368;-16
9741;376;-8
9742;368;-8
9743;368;-8
9744;360;-16
9745;368;-16
9746;368;-16
9747;368;-24
9748;360;-24
9749;368;-32
9750;376;-32
9751;352;-32
9752;352;-32
9753;360;-32
9754;352;-32
9755;352;-32
9756;344;-24
9757;352;-16
9758;352;-16
9759;344;-8
9760;352;-8
9761;344;0
9762;336;0
9763;344;0
9764;336;0
9765;336;0
9766;328;0
9767;328;0
9768;328;0
9769;328;0
9770;312;0
9771;320;-8
9772;320;-8
9773;320;-8
9774;320;-8
9775;312;0
9776;312;-8
9777;312;-8
9778;304;-8
9779;304;-8
9780;304;-8
9781;296;-8
9782;296;-8
9783;296;-8
9784;288;-8
9785;288;-8
9786;288;-8
9787;288;-8
9788;280;-8
9789;280;-8
9790;280;-8
9791;264;-16
9792;272;-16
9793;272;-16
9794;264;-24
9795;272;-24
9796;264;-24
9797;272;-32
9798;256;64
9799;256;64
9800;248;64
9801;248;72
9802;248;72
9803;248;80
9804;240;80
9805;240;88
9806;232;96
9807;232;96
9808;232;104
9809;232;104
9810;224;104
9811;224;104
9812;224;104
9813;224;104
9814;224;104
9815;216;104
9816;208;104
9817;208;96
9818;200;96
9819;200;96
9820;200;96
9821;192;96
9822;192;96
9823;192;96
9824;192;96
9825;192;96
9826;176;96
9827;176;96
9828;176;96
9829;176;96
9830;176;96
9831;160;96
9832;152;96
9833;160;96
9834;160;88
9835;152;88
9836;152;88
9837;144;88
9838;144;88
9839;136;88
9840;136;88
9841;136;80
9842;136;72
9843;136;72
9844;128;64
9845;128;72
9846;120;72
9847;120;64
9848;120;64
9849;120;80
9850;112;80
9851;104;88
9852;120;88
9853;104;96
9854;96;96
9855;96;104
9856;88;104
9857;96;104
9858;80;104
9859;80;104
9860;80;104
9861;80;96
9862;72;104
9863;72;104
9864;64;96
9865;56;96
9866;40;96
9867;56;96
9868;40;96
9869;48;96
9870;40;96
9871;40;96
9872;40;88
9873;40;96
9874;24;88
9875;24;88
9876;16;88
9877;16;96
9878;8;88
9879;-8;96
9880;0;96
9881;0;88
9882;0;88
9883;-8;88
9884;-8;88
9885;-16;80
9886;-16;80
9887;-16;72
9888;-24;72
9889;-32;72
9890;-32;64
9891;-40;64
9892;-32;64
9893;-40;72
9894;-48;72
9895;-48;72
9896;-56;80
9897;-56;88
9898;-64;96
9899;-64;96
9900;-72;104
9901;-80;104
9902;-80;104
9903;-80;160
9904;-88;160
9905;-88;152
9906;-96;152
9907;-112;152
9908;-104;152
9909;-104;152
9910;-112;152
9911;-112;152
9912;-112;144
9913;-112;152
9914;-112;144
9915;-120;136
9916;-128;144
9917;-136;136
9918;-136;144
9919;-136;136
9920;-152;144
9921;-144;144
9922;-152;144
9923;-152;136
9924;-160;136
9925;-160;136
9926;-168;128
9927;-168;128
9928;-168;120
9929;-168;120
9930;-168;120
9931;-176;120
9932;-184;120
9933;-184;120
9934;-192;120
9935;-192;120
9936;-192;128
9937;-200;128
9938;-200;136
9939;-208;136
9940;-208;144
9941;-200;152
9942;-216;152
9943;-224;152
9944;-224;152
9945;-224;152
9946;-224;152
9947;-232;152
9948;-240;152
9949;-232;152
9950;-240;152
9951;-240;144
9952;-248;144
9953;-248;144
9954;-256;144
9955;-264;144
9956;-256;144
9957;-264;144
9958;-272;144
9959;-264;144
9960;-272;144
9961;-272;136
9962;-272;144
9963;-280;144
9964;-288;136
9965;-280;144
9966;-288;136
9967;-296;136
9968;-288;136
9969;-296;128
9970;-296;128
9971;-304;128
9972;-312;128
9973;-312;120
9974;-312;120
9975;-328;120
9976;-320;120
9977;-320;112
9978;-328;120
9979;-336;128
9980;-336;128
9981;-336;128
9982;-336;144
9983;-336;144
9984;-336;152
9985;-344;160
9986;-344;152
9987;-344;160
9988;-352;152
9989;-344;152
9990;-360;152
9991;-360;152
9992;-368;152
9993;-360;152
9994;-368;144
9995;-376;144
9996;-376;144
9997;-368;144
9998;-376;136
9999;-376;136
10000;-376;144
