Column1;Column2;Column3
Channel              :;CH1;CH2
Frequency            :;42,13Hz;42,02Hz
Period               :;23,73ms;23,80ms
PK-PK                :;280,0mV;148,0mV
Probe attenuation    :;1X;1X
Voltage per ADC value:;0,250000mV;0,250000mV
Time interval        :;20,00000uS;20,00000uS
;;
index;CH1_Voltage(mV);CH2_Voltage(mV)
1;-68;16
2;-68;16
3;-88;16
4;-88;16
5;-88;12
6;-88;12
7;-88;12
8;-88;8
9;-84;4
10;-92;0
11;-92;-4
12;-92;-8
13;-92;-8
14;-92;-12
15;-96;-12
16;-92;-12
17;-92;-8
18;-92;-4
19;-92;4
20;-96;8
21;-96;12
22;-92;-4
23;-96;0
24;-96;0
25;-96;4
26;-96;8
27;-96;4
28;-96;4
29;-104;4
30;-100;4
31;-100;0
32;-100;0
33;-100;0
34;-100;-4
35;-100;-4
36;-116;-4
37;-100;-4
38;-104;-4
39;-104;-8
40;-104;-8
41;-104;-8
42;-96;-8
43;-104;-8
44;-108;-8
45;-104;-8
46;-108;-8
47;-108;-8
48;-112;-8
49;-108;-8
50;-112;-8
51;-112;-12
52;-112;-16
53;-108;-16
54;-108;-20
55;-108;-24
56;-100;-28
57;-112;-28
58;-112;-32
59;-112;-32
60;-112;-32
61;-112;-32
62;-112;-28
63;-112;-20
64;-112;-16
65;-112;-8
66;-116;-4
67;-116;0
68;-116;4
69;-116;4
70;-128;4
71;-116;4
72;-116;0
73;-120;4
74;-116;0
75;-116;0
76;-116;-4
77;-96;-4
78;-120;-4
79;-120;-4
80;-116;-4
81;-116;-8
82;-120;-8
83;-124;-8
84;-120;-8
85;-120;-8
86;-120;-8
87;-120;-8
88;-120;-8
89;-120;-8
90;-116;-8
91;-124;-8
92;-120;-8
93;-120;-8
94;-120;-8
95;-120;-8
96;-120;-12
97;-120;-16
98;-120;-20
99;-124;-20
100;-120;-24
101;-120;-28
102;-124;-28
103;-120;-32
104;-124;-32
105;-120;-36
106;-124;-32
107;-124;-28
108;-124;-24
109;-124;-16
110;-120;-8
111;-100;-4
112;-124;0
113;-124;4
114;-124;4
115;-124;4
116;-124;4
117;-128;4
118;-120;4
119;-124;0
120;-124;0
121;-124;0
122;-124;0
123;-128;-4
124;-124;-4
125;-124;-4
126;-124;-20
127;-124;-20
128;-124;-24
129;-124;-28
130;-124;-32
131;-128;-36
132;-124;-36
133;-124;-40
134;-124;-44
135;-120;-44
136;-124;-44
137;-120;-44
138;-124;-44
139;-124;-40
140;-120;-40
141;-124;-36
142;-120;-28
143;-124;-24
144;-120;-20
145;-116;-16
146;-124;-12
147;-120;-12
148;-120;-8
149;-120;-12
150;-120;-8
151;-120;-12
152;-116;-12
153;-120;-16
154;-120;-16
155;-116;-16
156;-120;-16
157;-120;-20
158;-124;-16
159;-116;-20
160;-116;-20
161;-116;-20
162;-116;-20
163;-116;-20
164;-116;-20
165;-116;-20
166;-116;-24
167;-116;-20
168;-116;-24
169;-112;-24
170;-116;-24
171;-112;-20
172;-116;-24
173;-116;-28
174;-112;-32
175;-116;-36
176;-112;-40
177;-112;-40
178;-112;-44
179;-104;-44
180;-108;-44
181;-112;-44
182;-112;-44
183;-108;-44
184;-108;-40
185;-108;-36
186;-92;-28
187;-112;-24
188;-108;-20
189;-108;-16
190;-108;-12
191;-104;-12
192;-112;-12
193;-104;-12
194;-104;-12
195;-104;-12
196;-104;-12
197;-104;-12
198;-104;-16
199;-104;-16
200;-100;-16
201;-104;-16
202;-100;-20
203;-100;-20
204;-100;-20
205;-100;-20
206;-108;-20
207;-100;-20
208;-100;-24
209;-96;-24
210;-96;-24
211;-100;-24
212;-92;-20
213;-92;-24
214;-96;-24
215;-92;-24
216;-92;-24
217;-96;-28
218;-92;-28
219;-88;-32
220;-84;-36
221;-92;-40
222;-88;-44
223;-92;-44
224;-88;-44
225;-88;-48
226;-88;-44
227;-96;-44
228;-84;-40
229;-84;-32
230;-84;-40
231;-80;-36
232;-84;-32
233;-76;-28
234;-80;-24
235;-80;-24
236;-80;-24
237;-80;-24
238;-76;-20
239;-76;-24
240;-72;-24
241;-76;-24
242;-76;-28
243;-72;-28
244;-72;-28
245;-72;-28
246;-72;-28
247;-56;-32
248;-68;-32
249;-68;-32
250;-72;-32
251;-68;-32
252;-68;-32
253;-68;-32
254;-64;-32
255;-64;-32
256;-64;-32
257;-64;-32
258;-64;-32
259;-64;-32
260;-64;-36
261;-68;-36
262;-60;-40
263;-60;-40
264;-60;-44
265;-60;-48
266;-56;-48
267;-64;-52
268;-64;-56
269;-56;-56
270;-56;-56
271;-52;-56
272;-52;-52
273;-52;-48
274;-52;-40
275;-52;-36
276;-52;-32
277;-52;-24
278;-48;-24
279;-48;-20
280;-48;-20
281;-52;-20
282;-44;-24
283;-44;-24
284;-44;-24
285;-44;-24
286;-44;-28
287;-40;-28
288;-44;-28
289;-40;-28
290;-40;-32
291;-40;-32
292;-36;-32
293;-36;-32
294;-36;-32
295;-40;-32
296;-32;-32
297;-32;-32
298;-32;-32
299;-32;-32
300;-32;-32
301;-32;-32
302;-52;-32
303;-28;-36
304;-28;-32
305;-28;-36
306;-28;-36
307;-28;-36
308;-16;-36
309;-24;-36
310;-24;-40
311;-20;-44
312;-20;-48
313;-24;-48
314;-20;-52
315;-20;-52
316;-20;-56
317;-16;-56
318;-16;-56
319;-16;-52
320;-16;-48
321;-12;-48
322;0;-40
323;-12;-36
324;-8;-32
325;-8;-28
326;-8;-24
327;-8;-24
328;-8;-24
329;-8;-20
330;-4;-20
331;-4;-20
332;-4;-20
333;-4;-20
334;-4;-24
335;-4;-28
336;-12;-32
337;0;-28
338;0;-32
339;0;-36
340;4;-32
341;4;-32
342;4;-36
343;12;-36
344;8;-36
345;4;-40
346;8;-40
347;8;-44
348;8;-48
349;8;-52
350;12;-56
351;16;-56
352;12;-56
353;16;-56
354;16;-56
355;20;-56
356;20;-52
357;16;-44
358;20;-36
359;20;-36
360;20;-28
361;24;-24
362;24;-24
363;12;-24
364;24;-24
365;24;-24
366;28;-24
367;28;-24
368;28;-28
369;28;-28
370;28;-32
371;28;-32
372;32;-32
373;28;-32
374;32;-32
375;32;-36
376;40;-36
377;40;-32
378;36;-40
379;36;-36
380;36;-36
381;40;-36
382;40;-36
383;48;-36
384;40;-36
385;40;-36
386;44;-32
387;44;-36
388;44;-40
389;44;-40
390;48;-40
391;44;-44
392;48;-48
393;48;-52
394;48;-56
395;52;-60
396;48;-60
397;56;-60
398;52;-60
399;52;-56
400;52;-52
401;52;-44
402;56;-36
403;52;-32
404;52;-28
405;56;-24
406;56;-24
407;56;-24
408;60;-24
409;56;-24
410;56;-24
411;44;-24
412;60;-28
413;64;-28
414;60;-32
415;60;-32
416;60;-32
417;68;-32
418;80;-32
419;64;-32
420;64;-36
421;68;-32
422;68;-36
423;64;-36
424;60;-36
425;68;-36
426;68;-36
427;68;-36
428;68;-36
429;68;-36
430;68;-40
431;72;-40
432;72;-44
433;68;-48
434;72;-48
435;72;-52
436;72;-56
437;72;-56
438;64;-48
439;76;-44
440;76;-48
441;72;-44
442;76;-40
443;76;-36
444;76;-28
445;76;-24
446;76;-20
447;76;-20
448;76;-16
449;76;-12
450;80;-12
451;84;-12
452;100;-12
453;80;-12
454;80;-12
455;80;-16
456;84;-16
457;84;-16
458;80;-16
459;84;-16
460;84;-16
461;84;-20
462;84;-20
463;84;-20
464;84;-20
465;84;-20
466;88;-20
467;88;-24
468;88;-24
469;88;-24
470;92;-24
471;88;-24
472;76;-24
473;88;-28
474;88;-20
475;88;-24
476;88;-24
477;88;-28
478;88;-32
479;92;-36
480;88;-36
481;92;-40
482;92;-44
483;92;-44
484;92;-44
485;96;-44
486;96;-48
487;92;-44
488;96;-40
489;92;-32
490;96;-24
491;96;-20
492;96;-16
493;92;-16
494;96;-12
495;96;-12
496;96;-12
497;96;-12
498;96;-12
499;88;-12
500;100;-16
501;96;-16
502;100;-16
503;96;-20
504;96;-16
505;100;-20
506;104;-20
507;100;-20
508;96;-24
509;100;-20
510;104;-20
511;100;-20
512;100;-24
513;92;-20
514;100;-24
515;100;-24
516;100;-24
517;104;-24
518;104;-24
519;104;-24
520;108;-32
521;100;-32
522;104;-36
523;100;-40
524;104;-44
525;104;-44
526;104;-44
527;124;-48
528;104;-48
529;104;-44
530;104;-40
531;104;-36
532;104;-32
533;100;-28
534;108;-20
535;108;-20
536;104;-16
537;104;-12
538;104;-12
539;108;-12
540;104;-8
541;108;-12
542;108;12
543;108;12
544;108;12
545;108;8
546;108;8
547;100;4
548;108;4
549;108;4
550;108;4
551;108;4
552;108;4
553;112;0
554;112;0
555;112;0
556;112;0
557;108;0
558;108;0
559;112;0
560;112;0
561;112;0
562;112;-4
563;112;-4
564;108;-12
565;108;-16
566;108;-16
567;108;-20
568;108;-24
569;112;-24
570;112;-24
571;112;-24
572;108;-24
573;112;-20
574;104;-12
575;112;-8
576;112;0
577;108;8
578;108;8
579;112;12
580;108;12
581;108;12
582;112;12
583;112;12
584;112;8
585;112;8
586;112;8
587;112;8
588;120;8
589;108;4
590;112;4
591;112;0
592;112;0
593;108;4
594;112;4
595;116;0
596;112;0
597;108;0
598;112;0
599;112;0
600;112;0
601;108;0
602;112;0
603;112;0
604;108;0
605;112;-8
606;108;-12
607;108;-12
608;108;-16
609;96;-20
610;108;-20
611;112;-24
612;108;-24
613;108;-24
614;108;-24
615;112;-20
616;108;-16
617;108;-12
618;108;-8
619;108;0
620;104;4
621;112;8
622;104;8
623;108;12
624;108;12
625;104;12
626;108;12
627;108;12
628;108;12
629;108;8
630;108;8
631;104;8
632;104;4
633;108;4
634;108;4
635;108;4
636;100;4
637;104;4
638;104;0
639;104;0
640;104;0
641;104;0
642;104;0
643;80;0
644;104;0
645;104;0
646;104;0
647;104;28
648;100;24
649;112;24
650;104;20
651;104;16
652;100;12
653;104;8
654;104;4
655;100;4
656;104;4
657;104;4
658;104;4
659;100;4
660;100;12
661;104;16
662;104;20
663;116;24
664;104;32
665;100;36
666;100;40
667;100;40
668;104;40
669;100;40
670;100;40
671;100;40
672;100;36
673;100;40
674;100;36
675;100;36
676;100;32
677;88;32
678;96;32
679;100;32
680;100;28
681;100;32
682;100;32
683;100;32
684;116;28
685;100;28
686;100;28
687;96;28
688;96;28
689;96;28
690;96;28
691;100;28
692;96;28
693;96;28
694;96;28
695;100;28
696;100;28
697;104;28
698;100;28
699;96;24
700;96;24
701;96;20
702;96;16
703;96;12
704;88;8
705;96;8
706;96;4
707;96;4
708;92;4
709;96;0
710;96;8
711;92;12
712;92;16
713;96;20
714;92;24
715;92;28
716;96;36
717;96;36
718;100;40
719;92;40
720;96;40
721;92;40
722;92;40
723;92;40
724;84;36
725;88;36
726;92;36
727;92;32
728;88;32
729;92;32
730;92;28
731;88;32
732;88;28
733;88;28
734;88;28
735;88;32
736;92;32
737;88;28
738;80;28
739;88;28
740;88;32
741;84;28
742;88;28
743;88;24
744;88;20
745;84;16
746;88;16
747;84;8
748;84;8
749;84;4
750;88;8
751;88;4
752;88;36
753;84;36
754;84;40
755;80;44
756;84;52
757;84;56
758;88;60
759;92;64
760;84;68
761;84;68
762;84;72
763;84;68
764;84;68
765;76;72
766;84;72
767;80;68
768;80;68
769;80;64
770;80;64
771;80;64
772;84;64
773;80;60
774;76;60
775;80;60
776;76;60
777;80;60
778;76;60
779;68;60
780;76;60
781;76;60
782;80;60
783;72;60
784;76;60
785;76;56
786;80;56
787;72;60
788;72;60
789;76;56
790;72;52
791;72;52
792;76;48
793;96;44
794;68;40
795;72;36
796;72;32
797;72;32
798;72;32
799;68;32
800;72;36
801;72;40
802;68;44
803;68;52
804;68;56
805;68;56
806;68;64
807;68;68
808;68;68
809;68;72
810;68;72
811;68;68
812;68;68
813;60;68
814;64;68
815;64;68
816;68;64
817;64;64
818;64;60
819;64;60
820;64;60
821;64;60
822;64;60
823;64;60
824;64;60
825;64;60
826;64;60
827;68;56
828;60;56
829;60;60
830;60;60
831;60;56
832;60;56
833;60;56
834;64;56
835;60;52
836;60;52
837;60;48
838;56;44
839;56;36
840;48;36
841;56;36
842;56;36
843;56;36
844;60;32
845;56;36
846;56;44
847;56;48
848;56;56
849;56;60
850;56;64
851;56;68
852;52;68
853;52;68
854;64;72
855;52;68
856;52;80
857;52;80
858;52;76
859;52;76
860;52;76
861;60;76
862;52;72
863;48;72
864;52;72
865;48;72
866;52;68
867;48;68
868;52;68
869;48;68
870;48;60
871;52;60
872;48;52
873;48;52
874;36;48
875;40;44
876;48;44
877;48;44
878;48;44
879;44;48
880;44;52
881;44;56
882;44;60
883;44;64
884;44;72
885;44;76
886;44;80
887;44;80
888;32;80
889;44;80
890;44;80
891;44;80
892;44;80
893;44;80
894;44;80
895;48;76
896;40;72
897;40;72
898;40;72
899;40;72
900;40;72
901;44;72
902;40;72
903;40;68
904;40;68
905;40;68
906;40;68
907;40;68
908;36;68
909;20;68
910;40;68
911;36;68
912;36;68
913;36;68
914;36;64
915;40;64
916;36;56
917;36;52
918;36;52
919;36;48
920;36;44
921;36;44
922;36;44
923;36;44
924;36;48
925;36;52
926;36;60
927;36;64
928;36;72
929;48;76
930;32;76
931;36;76
932;36;80
933;32;80
934;36;80
935;32;80
936;36;80
937;28;76
938;32;76
939;32;76
940;32;76
941;28;76
942;28;72
943;24;72
944;28;68
945;28;68
946;28;68
947;28;68
948;28;68
949;28;68
950;20;68
951;28;68
952;28;68
953;28;64
954;28;60
955;28;60
956;28;56
957;28;52
958;28;48
959;24;36
960;24;32
961;24;32
962;28;32
963;24;32
964;24;36
965;24;40
966;24;44
967;24;48
968;24;56
969;24;60
970;20;60
971;24;64
972;24;68
973;24;68
974;20;68
975;24;64
976;24;64
977;16;64
978;20;64
979;20;64
980;20;60
981;20;60
982;20;60
983;20;60
984;20;56
985;20;60
986;16;60
987;16;56
988;16;56
989;16;56
990;20;56
991;16;56
992;16;56
993;12;56
994;12;56
995;12;52
996;12;52
997;12;48
998;12;48
999;12;40
1000;12;40
1001;8;36
1002;12;32
1003;8;32
1004;20;28
1005;8;32
1006;8;32
1007;12;32
1008;8;36
1009;8;44
1010;8;48
1011;4;52
1012;8;60
1013;8;60
1014;4;64
1015;8;68
1016;4;64
1017;0;68
1018;-8;68
1019;4;64
1020;4;64
1021;4;64
1022;4;64
1023;4;60
1024;4;60
1025;24;60
1026;0;60
1027;0;56
1028;0;60
1029;0;56
1030;0;56
1031;0;56
1032;-4;56
1033;0;56
1034;-4;56
1035;-4;52
1036;-4;52
1037;-4;56
1038;0;56
1039;-4;56
1040;-4;56
1041;-4;56
1042;-4;52
1043;-8;48
1044;-8;48
1045;-12;44
1046;-8;44
1047;-8;36
1048;-8;32
1049;-8;32
1050;-8;28
1051;-8;32
1052;-16;32
1053;-12;32
1054;-12;36
1055;-12;40
1056;-12;44
1057;-12;48
1058;-8;52
1059;-12;60
1060;-16;60
1061;-16;68
1062;-16;68
1063;-16;44
1064;-20;40
1065;-12;40
1066;-20;40
1067;-20;40
1068;-20;36
1069;-20;36
1070;-20;36
1071;-20;32
1072;-20;32
1073;-20;32
1074;-24;32
1075;-24;28
1076;-24;28
1077;-24;28
1078;-28;28
1079;-28;28
1080;-24;28
1081;-24;28
1082;-24;28
1083;-28;28
1084;-24;28
1085;-28;28
1086;-32;28
1087;-28;24
1088;-28;20
1089;-32;16
1090;-32;12
1091;-32;8
1092;-32;8
1093;-36;4
1094;-32;4
1095;-32;4
1096;-32;4
1097;-32;8
1098;-36;12
1099;-36;20
1100;-32;28
1101;-40;32
1102;-36;36
1103;-36;36
1104;-40;40
1105;-40;40
1106;-40;40
1107;-40;40
1108;-40;36
1109;-40;36
1110;-40;36
1111;-44;36
1112;-40;32
1113;-44;32
1114;-44;32
1115;-44;28
1116;-44;28
1117;-48;28
1118;-44;28
1119;-44;32
1120;-48;28
1121;-48;28
1122;-48;28
1123;-48;32
1124;-48;28
1125;-48;24
1126;-48;24
1127;-48;24
1128;-52;16
1129;-52;16
1130;-52;12
1131;-52;8
1132;-52;4
1133;-52;4
1134;-40;0
1135;-56;0
1136;-56;4
1137;-56;8
1138;-56;12
1139;-60;16
1140;-64;20
1141;-56;28
1142;-60;32
1143;-60;32
1144;-60;40
1145;-60;40
1146;-60;40
1147;-64;40
1148;-64;36
1149;-64;36
1150;-64;36
1151;-64;36
1152;-64;36
1153;-64;36
1154;-76;32
1155;-64;32
1156;-68;28
1157;-68;32
1158;-68;32
1159;-68;32
1160;-68;28
1161;-64;28
1162;-68;28
1163;-68;28
1164;-68;28
1165;-72;28
1166;-72;28
1167;-72;28
1168;-68;0
1169;-72;-4
1170;-72;-8
1171;-76;-12
1172;-76;-16
1173;-72;-20
1174;-80;-20
1175;-88;-24
1176;-76;-24
1177;-76;-24
1178;-80;-24
1179;-76;-24
1180;-80;-24
1181;-76;-16
1182;-80;-12
1183;-84;-8
1184;-80;-4
1185;-84;4
1186;-84;8
1187;-84;8
1188;-88;8
1189;-88;8
1190;-84;12
1191;-88;12
1192;-88;12
1193;-88;8
1194;-88;8
1195;-80;8
1196;-88;4
1197;-88;4
1198;-92;4
1199;-88;0
1200;-88;0
1201;-92;0
1202;-88;0
1203;-88;0
1204;-96;0
1205;-96;0
1206;-96;0
1207;-96;0
1208;-100;0
1209;-104;0
1210;-96;-4
1211;-96;0
1212;-92;-4
1213;-100;0
1214;-100;-4
1215;-100;-8
1216;-108;-12
1217;-100;-12
1218;-100;-20
1219;-100;-20
1220;-100;-24
1221;-104;-28
1222;-100;-24
1223;-104;-28
1224;-104;-24
1225;-108;-24
1226;-104;-20
1227;-104;-12
1228;-108;-12
1229;-104;-4
1230;-108;0
1231;-108;4
1232;-108;8
1233;-108;8
1234;-104;12
1235;-108;12
1236;-116;12
1237;-112;12
1238;-112;8
1239;-112;8
1240;-112;8
1241;-112;8
1242;-112;4
1243;-116;4
1244;-112;4
1245;-116;0
1246;-112;0
1247;-116;0
1248;-112;0
1249;-108;0
1250;-112;0
1251;-116;0
1252;-116;0
1253;-116;-4
1254;-120;0
1255;-120;0
1256;-108;-4
1257;-120;-4
1258;-120;-4
1259;-120;-4
1260;-120;-4
1261;-120;-4
1262;-120;-4
1263;-116;-4
1264;-120;-12
1265;-120;-12
1266;-120;-16
1267;-120;-20
1268;-120;-20
1269;-120;-24
1270;-108;-24
1271;-124;-24
1272;-120;-44
1273;-120;-40
1274;-124;-40
1275;-120;-36
1276;-120;-32
1277;-124;-24
1278;-124;-20
1279;-124;-16
1280;-124;-12
1281;-124;-12
1282;-124;-8
1283;-124;-8
1284;-136;-8
1285;-124;-8
1286;-124;-8
1287;-124;-12
1288;-124;-12
1289;-124;-12
1290;-124;-12
1291;-104;-16
1292;-124;-16
1293;-124;-20
1294;-128;-16
1295;-128;-20
1296;-128;-20
1297;-128;-16
1298;-128;-16
1299;-128;-20
1300;-128;-20
1301;-124;-20
1302;-128;-24
1303;-128;-20
1304;-120;-20
1305;-124;-20
1306;-128;-24
1307;-124;-24
1308;-124;-24
1309;-124;-24
1310;-124;-28
1311;-132;-32
1312;-124;-36
1313;-124;-40
1314;-124;-40
1315;-128;-44
1316;-124;-44
1317;-124;-44
1318;-128;-40
1319;-128;-40
1320;-124;-32
1321;-124;-28
1322;-128;-20
1323;-124;-16
1324;-120;-12
1325;-120;-12
1326;-124;-8
1327;-124;-8
1328;-124;-8
1329;-124;-12
1330;-124;-12
1331;-120;-12
1332;-124;-12
1333;-124;-16
1334;-120;-16
1335;-124;-16
1336;-120;-16
1337;-124;-16
1338;-120;-16
1339;-124;-20
1340;-124;-20
1341;-124;-20
1342;-124;-16
1343;-120;-20
1344;-124;-20
1345;-116;-20
1346;-120;-20
1347;-120;-20
1348;-120;-24
1349;-120;-24
1350;-120;-28
1351;-120;-32
1352;-120;-32
1353;-116;-36
1354;-120;-40
1355;-116;-40
1356;-116;-44
1357;-116;-44
1358;-112;-44
1359;-112;-40
1360;-112;-40
1361;-112;-32
1362;-116;-28
1363;-112;-24
1364;-112;-20
1365;-116;-12
1366;-116;-12
1367;-112;-12
1368;-116;-12
1369;-112;-8
1370;-112;-8
1371;-112;-12
1372;-120;-8
1373;-112;-12
1374;-108;-8
1375;-108;-12
1376;-108;-24
1377;-108;-28
1378;-108;-28
1379;-104;-28
1380;-108;-28
1381;-108;-32
1382;-104;-32
1383;-104;-32
1384;-104;-32
1385;-104;-36
1386;-112;-40
1387;-104;-40
1388;-104;-44
1389;-100;-48
1390;-100;-48
1391;-96;-52
1392;-96;-56
1393;-92;-56
1394;-100;-56
1395;-96;-56
1396;-96;-48
1397;-100;-44
1398;-96;-40
1399;-96;-40
1400;-72;-32
1401;-92;-32
1402;-92;-24
1403;-92;-24
1404;-92;-20
1405;-92;-20
1406;-100;-20
1407;-88;-20
1408;-92;-24
1409;-88;-24
1410;-88;-24
1411;-88;-28
1412;-88;-28
1413;-88;-28
1414;-84;-28
1415;-84;-32
1416;-84;-28
1417;-84;-32
1418;-84;-32
1419;-84;-32
1420;-96;-32
1421;-80;-32
1422;-80;-32
1423;-76;-32
1424;-80;-32
1425;-76;-36
1426;-76;-36
1427;-72;-40
1428;-72;-44
1429;-76;-48
1430;-72;-48
1431;-72;-52
1432;-72;-56
1433;-68;-56
1434;-68;-56
1435;-72;-56
1436;-72;-52
1437;-68;-48
1438;-68;-44
1439;-68;-40
1440;-68;-36
1441;-72;-32
1442;-64;-28
1443;-64;-28
1444;-64;-24
1445;-64;-24
1446;-64;-20
1447;-64;-20
1448;-60;-24
1449;-60;-24
1450;-60;-24
1451;-56;-28
1452;-56;-28
1453;-60;-24
1454;-56;-28
1455;-56;-28
1456;-56;-28
1457;-56;-28
1458;-56;-32
1459;-56;-28
1460;-52;-32
1461;-44;-32
1462;-52;-32
1463;-52;-32
1464;-52;-32
1465;-48;-32
1466;-48;-32
1467;-48;-32
1468;-44;-32
1469;-48;-36
1470;-44;-32
1471;-44;-32
1472;-44;-36
1473;-40;-36
1474;-44;-32
1475;-48;-32
1476;-40;-32
1477;-40;-32
1478;-40;-32
1479;-40;-32
1480;-36;-40
1481;-40;-44
1482;-40;-48
1483;-36;-52
1484;-36;-52
1485;-32;-52
1486;-32;-56
1487;-32;-60
1488;-32;-60
1489;-32;-64
1490;-32;-60
1491;-28;-60
1492;-28;-56
1493;-28;-52
1494;-28;-48
1495;-40;-40
1496;-24;-36
1497;-24;-32
1498;-24;-28
1499;-20;-24
1500;-20;-28
1501;-20;-28
1502;-12;-28
1503;-16;-28
1504;-16;-32
1505;-20;-32
1506;-16;-32
1507;-16;-32
1508;-12;-36
1509;-16;-36
1510;-12;-36
1511;-12;-36
1512;-12;-36
1513;-12;-36
1514;-8;-36
1515;-8;-36
1516;-28;-36
1517;-8;-40
1518;-4;-40
1519;-4;-40
1520;-4;-36
1521;-4;-40
1522;0;-40
1523;0;-40
1524;0;-40
1525;0;-44
1526;0;-48
1527;0;-52
1528;4;-56
1529;4;-60
1530;8;-60
1531;4;-60
1532;4;-64
1533;8;-60
1534;8;-60
1535;8;-56
1536;24;-52
1537;12;-48
1538;12;-40
1539;12;-40
1540;12;-36
1541;16;-32
1542;16;-28
1543;20;-28
1544;20;-28
1545;20;-28
1546;20;-28
1547;20;-28
1548;20;-28
1549;20;-32
1550;20;-32
1551;24;-32
1552;24;-36
1553;24;-32
1554;28;-36
1555;28;-36
1556;20;-36
1557;16;-36
1558;28;-36
1559;28;-36
1560;32;-36
1561;32;-36
1562;32;-40
1563;36;-40
1564;36;-40
1565;36;-40
1566;36;-40
1567;36;-36
1568;36;-40
1569;36;-40
1570;32;-36
1571;40;-40
1572;40;-40
1573;40;-40
1574;44;-40
1575;44;-44
1576;44;-48
1577;44;-52
1578;44;-56
1579;48;-56
1580;44;-60
1581;48;-60
1582;52;-60
1583;48;-60
1584;52;-52
1585;52;-48
1586;48;-44
1587;52;-36
1588;52;-32
1589;52;-24
1590;52;-24
1591;32;-20
1592;56;-20
1593;56;-20
1594;56;-20
1595;56;-24
1596;56;-24
1597;60;-24
1598;60;-28
1599;60;-28
1600;60;-28
1601;60;-28
1602;60;-28
1603;60;-32
1604;60;-28
1605;60;-32
1606;64;-32
1607;64;-32
1608;64;-32
1609;64;-32
1610;68;-32
1611;64;-32
1612;64;-32
1613;68;-36
1614;68;-36
1615;68;-40
1616;68;-44
1617;68;-44
1618;68;-48
1619;72;-52
1620;72;-56
1621;72;-56
1622;72;-56
1623;72;-56
1624;72;-52
1625;60;-52
1626;72;-44
1627;76;-40
1628;76;-36
1629;76;-32
1630;76;-28
1631;76;-28
1632;92;-20
1633;76;-20
1634;76;-20
1635;80;-20
1636;76;-20
1637;76;-24
1638;80;-24
1639;80;-28
1640;80;-24
1641;80;-24
1642;84;-28
1643;80;-28
1644;80;-32
1645;84;-28
1646;84;-32
1647;84;-28
1648;84;-32
1649;84;-32
1650;84;-32
1651;84;-28
1652;84;-32
1653;84;-32
1654;88;-32
1655;84;-32
1656;84;-36
1657;88;-32
1658;88;-36
1659;84;-36
1660;88;-40
1661;88;-44
1662;92;-44
1663;88;-52
1664;92;-52
1665;96;-52
1666;92;-56
1667;88;-56
1668;92;-52
1669;92;-52
1670;92;-48
1671;92;-44
1672;96;-36
1673;92;-32
1674;92;-32
1675;92;-24
1676;96;-24
1677;92;-20
1678;96;-20
1679;96;-20
1680;96;-20
1681;96;-20
1682;96;-24
1683;92;-24
1684;96;-28
1685;96;-24
1686;96;-28
1687;96;-20
1688;100;-8
1689;100;-8
1690;96;-12
1691;100;-12
1692;104;-16
1693;96;-16
1694;100;-20
1695;100;-24
1696;100;-28
1697;104;-32
1698;100;-32
1699;104;-36
1700;96;-36
1701;100;-32
1702;104;-32
1703;104;-28
1704;104;-20
1705;104;-16
1706;104;-12
1707;112;-8
1708;104;-4
1709;104;0
1710;104;0
1711;104;0
1712;108;4
1713;96;0
1714;108;0
1715;104;0
1716;104;-4
1717;104;-4
1718;108;-4
1719;104;-4
1720;108;-8
1721;108;-4
1722;108;-8
1723;108;-8
1724;108;-8
1725;108;-8
1726;108;-12
1727;116;-8
1728;108;-12
1729;108;-8
1730;108;-8
1731;108;-12
1732;108;-12
1733;112;-16
1734;116;-20
1735;108;-24
1736;108;-28
1737;112;-32
1738;108;-32
1739;112;-32
1740;108;-36
1741;116;-36
1742;108;-32
1743;112;-28
1744;112;-24
1745;112;-20
1746;112;-16
1747;104;-12
1748;108;-4
1749;112;-4
1750;112;-4
1751;112;0
1752;112;0
1753;112;4
1754;112;0
1755;112;0
1756;112;0
1757;116;-4
1758;112;-4
1759;112;-4
1760;112;-4
1761;100;-4
1762;108;-8
1763;112;-8
1764;112;-8
1765;112;-8
1766;112;-8
1767;112;-8
1768;116;-8
1769;112;-12
1770;112;-8
1771;112;-8
1772;112;-12
1773;112;-12
1774;116;-12
1775;116;-8
1776;108;-12
1777;112;-12
1778;112;-12
1779;112;-12
1780;112;-12
1781;108;-12
1782;100;-16
1783;112;-20
1784;112;-24
1785;112;-24
1786;108;-28
1787;108;-32
1788;104;-36
1789;112;-36
1790;112;-36
1791;112;-32
1792;112;-28
1793;112;4
1794;108;8
1795;112;12
1796;112;16
1797;112;24
1798;108;24
1799;108;28
1800;112;28
1801;112;32
1802;116;32
1803;112;28
1804;108;28
1805;108;28
1806;108;28
1807;108;24
1808;108;24
1809;116;24
1810;108;20
1811;108;24
1812;104;20
1813;108;20
1814;108;20
1815;104;20
1816;116;20
1817;108;20
1818;108;20
1819;104;20
1820;108;16
1821;108;20
1822;100;20
1823;104;16
1824;104;16
1825;108;16
1826;104;12
1827;104;4
1828;104;4
1829;104;0
1830;104;-4
1831;104;-4
1832;104;-8
1833;104;-8
1834;104;-8
1835;104;-4
1836;92;0
1837;104;4
1838;104;8
1839;104;12
1840;104;20
1841;104;24
1842;108;28
1843;108;28
1844;104;28
1845;104;32
1846;104;32
1847;104;32
1848;104;28
1849;104;28
1850;100;28
1851;104;24
1852;100;24
1853;100;24
1854;104;24
1855;104;20
1856;104;20
1857;80;20
1858;104;20
1859;104;20
1860;104;16
1861;100;20
1862;100;20
1863;108;20
1864;100;20
1865;100;20
1866;96;20
1867;100;20
1868;100;16
1869;100;20
1870;100;16
1871;100;16
1872;100;16
1873;96;12
1874;100;12
1875;100;8
1876;96;4
1877;112;0
1878;96;-4
1879;96;-4
1880;96;-8
1881;96;-8
1882;96;-8
1883;96;-4
1884;96;0
1885;96;4
1886;96;12
1887;96;20
1888;96;24
1889;96;28
1890;92;28
1891;84;28
1892;96;32
1893;92;32
1894;92;32
1895;96;28
1896;92;28
1897;96;60
1898;104;56
1899;92;56
1900;92;56
1901;92;52
1902;92;52
1903;92;52
1904;92;52
1905;92;52
1906;92;48
1907;88;44
1908;88;44
1909;92;36
1910;88;36
1911;96;32
1912;88;32
1913;92;28
1914;88;24
1915;92;24
1916;88;24
1917;88;28
1918;84;32
1919;88;36
1920;88;40
1921;88;48
1922;88;48
1923;84;56
1924;84;56
1925;80;60
1926;88;60
1927;88;60
1928;84;60
1929;84;60
1930;84;60
1931;88;60
1932;80;60
1933;84;56
1934;84;56
1935;84;56
1936;84;52
1937;84;52
1938;88;52
1939;84;52
1940;84;52
1941;80;52
1942;80;52
1943;84;52
1944;80;52
1945;84;48
1946;80;48
1947;80;48
1948;80;48
1949;80;48
1950;80;48
1951;80;48
1952;80;48
1953;80;48
1954;80;44
1955;80;44
1956;80;40
1957;80;36
1958;76;32
1959;72;28
1960;80;24
1961;76;24
1962;76;24
1963;76;24
1964;76;28
1965;76;32
1966;72;36
1967;72;44
1968;76;48
1969;76;56
1970;76;60
1971;72;60
1972;72;60
1973;80;60
1974;76;60
1975;72;60
1976;72;56
1977;72;60
1978;72;56
1979;68;56
1980;72;52
1981;72;52
1982;72;52
1983;72;52
1984;68;52
1985;72;52
1986;72;52
1987;68;52
1988;68;52
1989;68;48
1990;68;48
1991;68;48
1992;68;48
1993;64;48
1994;68;48
1995;68;48
1996;64;48
1997;68;48
1998;68;48
1999;68;48
2000;72;48
2001;68;72
2002;64;68
2003;64;64
2004;64;60
2005;64;56
2006;68;52
2007;80;48
2008;64;48
2009;64;48
2010;64;44
2011;64;44
2012;64;44
2013;60;48
2014;64;52
2015;60;56
2016;60;60
2017;64;68
2018;60;72
2019;60;76
2020;60;80
2021;60;80
2022;60;80
2023;60;80
2024;60;80
2025;60;80
2026;56;80
2027;52;80
2028;56;76
2029;56;76
2030;56;76
2031;56;76
2032;56;72
2033;60;72
2034;56;72
2035;56;72
2036;56;72
2037;56;72
2038;56;72
2039;56;72
2040;56;68
2041;60;72
2042;52;72
2043;56;68
2044;52;68
2045;52;68
2046;56;68
2047;48;72
2048;52;64
2049;48;64
2050;52;56
2051;52;56
2052;52;52
2053;48;52
2054;44;48
2055;52;48
2056;48;44
2057;52;48
2058;48;48
2059;48;52
2060;48;56
2061;48;60
2062;48;68
2063;48;72
2064;48;76
2065;44;76
2066;48;80
2067;44;80
2068;52;80
2069;48;80
2070;44;80
2071;44;80
2072;48;76
2073;44;80
2074;48;76
2075;56;76
2076;44;76
2077;44;72
2078;44;76
2079;44;72
2080;44;72
2081;44;72
2082;52;68
2083;44;68
2084;44;72
2085;40;72
2086;44;72
2087;44;68
2088;32;68
2089;36;68
2090;44;72
2091;40;68
2092;40;68
2093;44;68
2094;40;68
2095;40;68
2096;40;68
2097;40;68
2098;40;64
2099;40;60
2100;40;60
2101;36;56
2102;44;52
2103;40;52
2104;40;48
2105;36;40
2106;36;40
2107;40;36
2108;40;40
2109;36;44
2110;36;48
2111;36;48
2112;40;56
2113;36;60
2114;36;68
2115;36;68
2116;32;76
2117;36;76
2118;36;76
2119;32;76
2120;36;76
2121;36;76
2122;36;76
2123;20;72
2124;32;76
2125;32;72
2126;32;68
2127;32;68
2128;32;68
2129;40;68
2130;32;64
2131;28;64
2132;32;68
2133;28;64
2134;32;64
2135;28;64
2136;32;64
2137;28;64
2138;28;64
2139;28;64
2140;28;64
2141;28;64
2142;28;64
2143;40;64
2144;28;64
2145;24;64
2146;28;60
2147;28;56
2148;28;56
2149;24;52
2150;28;48
2151;24;44
2152;24;40
2153;24;40
2154;28;40
2155;24;40
2156;20;40
2157;12;40
2158;24;48
2159;24;56
2160;20;60
2161;20;68
2162;20;72
2163;28;72
2164;36;76
2165;20;76
2166;20;76
2167;20;76
2168;20;72
2169;20;72
2170;16;72
2171;20;68
2172;20;72
2173;16;68
2174;16;68
2175;20;64
2176;16;64
2177;20;68
2178;16;68
2179;20;64
2180;16;64
2181;16;64
2182;16;60
2183;16;64
2184;8;64
2185;16;60
2186;12;64
2187;12;64
2188;12;64
2189;12;60
2190;12;60
2191;8;64
2192;8;60
2193;8;56
2194;8;56
2195;8;52
2196;8;48
2197;12;44
2198;16;44
2199;8;40
2200;8;40
2201;8;36
2202;8;36
2203;4;36
2204;8;44
2205;4;48
2206;4;56
2207;4;60
2208;4;64
2209;4;44
2210;0;48
2211;4;48
2212;0;52
2213;0;52
2214;0;52
2215;0;48
2216;0;52
2217;0;48
2218;-4;44
2219;0;44
2220;-4;44
2221;-4;44
2222;0;40
2223;-4;40
2224;0;40
2225;-4;40
2226;-4;40
2227;-8;40
2228;-8;36
2229;-8;36
2230;-8;36
2231;-8;36
2232;-4;40
2233;-8;40
2234;-8;36
2235;-8;36
2236;-12;36
2237;-8;36
2238;-12;32
2239;-8;32
2240;-12;24
2241;-12;20
2242;-12;20
2243;-12;16
2244;-16;16
2245;-24;12
2246;-16;12
2247;-16;12
2248;-20;16
2249;-16;20
2250;-20;24
2251;-20;28
2252;-12;36
2253;-20;40
2254;-20;44
2255;-20;44
2256;-20;48
2257;-20;48
2258;-20;48
2259;-32;48
2260;-20;48
2261;-24;48
2262;-24;44
2263;-24;44
2264;-24;40
2265;-24;44
2266;-24;44
2267;-28;44
2268;-28;44
2269;-28;40
2270;-28;40
2271;-28;36
2272;-28;40
2273;-8;40
2274;-28;40
2275;-32;40
2276;-32;36
2277;-32;36
2278;-32;36
2279;-36;36
2280;-32;36
2281;-32;36
2282;-36;36
2283;-36;36
2284;-36;36
2285;-40;36
2286;-40;36
2287;-36;32
2288;-40;32
2289;-40;28
2290;-40;24
2291;-40;20
2292;-40;16
2293;-52;16
2294;-40;12
2295;-44;12
2296;-40;12
2297;-44;12
2298;-44;16
2299;-44;20
2300;-44;20
2301;-44;28
2302;-44;32
2303;-44;40
2304;-52;44
2305;-48;44
2306;-44;48
2307;-44;48
2308;-52;48
2309;-52;48
2310;-52;48
2311;-52;44
2312;-52;48
2313;-56;44
2314;-56;8
2315;-52;12
2316;-52;12
2317;-52;12
2318;-52;8
2319;-56;12
2320;-60;8
2321;-56;8
2322;-56;8
2323;-56;8
2324;-60;4
2325;-60;0
2326;-60;-4
2327;-60;-8
2328;-60;-8
2329;-60;-16
2330;-60;-16
2331;-60;-20
2332;-60;-20
2333;-60;-20
2334;-60;-16
2335;-60;-12
2336;-64;-8
2337;-64;0
2338;-64;4
2339;-68;12
2340;-64;16
2341;-60;20
2342;-68;20
2343;-68;20
2344;-68;20
2345;-72;16
2346;-72;16
2347;-72;12
2348;-68;12
2349;-72;12
2350;-72;12
2351;-72;12
2352;-72;12
2353;-72;8
2354;-76;8
2355;-84;8
2356;-76;8
2357;-76;8
2358;-76;4
2359;-76;4
2360;-80;4
2361;-76;4
2362;-80;8
2363;-80;8
2364;-80;4
2365;-80;4
2366;-80;4
2367;-84;4
2368;-84;4
2369;-84;0
2370;-84;-8
2371;-84;-8
2372;-84;-12
2373;-80;-16
2374;-80;-16
2375;-84;-20
2376;-88;-20
2377;-84;-20
2378;-88;-16
2379;-88;-12
2380;-88;-8
2381;-88;0
2382;-92;8
2383;-92;12
2384;-88;16
2385;-88;16
2386;-92;16
2387;-92;16
2388;-96;20
2389;-116;16
2390;-92;16
2391;-96;12
2392;-96;12
2393;-96;12
2394;-96;12
2395;-88;8
2396;-96;12
2397;-96;8
2398;-96;8
2399;-96;8
2400;-100;8
2401;-100;8
2402;-96;8
2403;-100;8
2404;-100;8
2405;-100;4
2406;-100;8
2407;-100;4
2408;-104;0
2409;-88;-4
2410;-104;-8
2411;-104;-12
2412;-104;-16
2413;-104;-16
2414;-104;-20
2415;-104;-20
2416;-104;-20
2417;-108;-20
2418;-108;-12
2419;-108;-32
2420;-108;-28
2421;-112;-20
2422;-112;-20
2423;-116;-16
2424;-108;-12
2425;-112;-8
2426;-108;-4
2427;-112;-4
2428;-108;-8
2429;-112;-8
2430;-120;-8
2431;-112;-8
2432;-112;-12
2433;-112;-12
2434;-112;-12
2435;-112;-12
2436;-112;-12
2437;-116;-12
2438;-116;-12
2439;-116;-16
2440;-116;-16
2441;-116;-16
2442;-120;-16
2443;-112;-16
2444;-116;-16
2445;-120;-16
2446;-120;-16
2447;-120;-16
2448;-120;-16
2449;-120;-20
2450;-120;-20
2451;-120;-20
2452;-120;-24
2453;-120;-28
2454;-120;-32
2455;-120;-36
2456;-120;-40
2457;-128;-40
2458;-124;-44
2459;-124;-40
2460;-120;-40
2461;-124;-36
2462;-124;-28
2463;-124;-24
2464;-132;-20
2465;-124;-12
2466;-124;-12
2467;-124;-4
2468;-124;-4
2469;-128;-4
2470;-124;-4
2471;-128;-8
2472;-124;-4
2473;-124;-8
2474;-124;-8
2475;-128;-8
2476;-128;-12
2477;-128;-12
2478;-124;-12
2479;-128;-16
2480;-124;-12
2481;-128;-16
2482;-128;-16
2483;-128;-16
2484;-128;-16
2485;-128;-16
2486;-128;-16
2487;-128;-16
2488;-128;-16
2489;-132;-16
2490;-128;-16
2491;-132;-20
2492;-128;-20
2493;-128;-24
2494;-128;-28
2495;-128;-32
2496;-124;-32
2497;-128;-36
2498;-136;-40
2499;-128;-40
2500;-128;-40
2501;-124;-40
2502;-124;-40
2503;-128;-36
2504;-124;-32
2505;-108;-24
2506;-128;-20
2507;-128;-16
2508;-128;-12
2509;-124;-12
2510;-128;-8
2511;-128;-4
2512;-124;-4
2513;-124;-8
2514;-124;-8
2515;-128;-8
2516;-128;-8
2517;-124;-8
2518;-124;-8
2519;-124;-12
2520;-124;-12
2521;-124;-12
2522;-124;-24
2523;-124;-28
2524;-124;-28
2525;-124;-28
2526;-124;-32
2527;-124;-36
2528;-124;-40
2529;-124;-44
2530;-124;-48
2531;-124;-48
2532;-128;-52
2533;-124;-52
2534;-120;-52
2535;-120;-52
2536;-120;-48
2537;-120;-48
2538;-116;-44
2539;-124;-36
2540;-120;-32
2541;-120;-28
2542;-120;-24
2543;-120;-20
2544;-120;-20
2545;-112;-16
2546;-116;-20
2547;-116;-20
2548;-116;-20
2549;-116;-20
2550;-116;-20
2551;-116;-20
2552;-116;-24
2553;-116;-24
2554;-116;-24
2555;-112;-28
2556;-112;-28
2557;-112;-28
2558;-116;-28
2559;-104;-28
2560;-112;-28
2561;-112;-32
2562;-112;-28
2563;-112;-32
2564;-108;-28
2565;-112;-28
2566;-112;-32
2567;-108;-32
2568;-108;-32
2569;-108;-32
2570;-108;-32
2571;-108;-32
2572;-104;-36
2573;-120;-40
2574;-104;-44
2575;-104;-48
2576;-104;-52
2577;-100;-52
2578;-100;-52
2579;-96;-56
2580;-80;-52
2581;-104;-48
2582;-96;-48
2583;-100;-40
2584;-100;-40
2585;-100;-32
2586;-100;-28
2587;-96;-24
2588;-96;-24
2589;-96;-24
2590;-96;-20
2591;-96;-16
2592;-92;-20
2593;-88;-20
2594;-92;-20
2595;-92;-20
2596;-92;-20
2597;-88;-24
2598;-92;-24
2599;-88;-24
2600;-80;-28
2601;-88;-28
2602;-88;-28
2603;-84;-28
2604;-88;-28
2605;-84;-28
2606;-84;-28
2607;-84;-32
2608;-80;-28
2609;-84;-28
2610;-80;-28
2611;-80;-28
2612;-80;-32
2613;-76;-32
2614;-56;-36
2615;-76;-40
2616;-76;-44
2617;-76;-48
2618;-76;-48
2619;-72;-52
2620;-76;-52
2621;-68;-56
2622;-68;-52
2623;-72;-48
2624;-68;-40
2625;-68;-36
2626;-68;-40
2627;-72;-36
2628;-68;-32
2629;-64;-28
2630;-64;-28
2631;-64;-28
2632;-64;-28
2633;-64;-28
2634;-64;-28
2635;-64;-32
2636;-60;-32
2637;-60;-32
2638;-60;-32
2639;-56;-36
2640;-56;-36
2641;-60;-36
2642;-56;-36
2643;-56;-36
2644;-56;-40
2645;-56;-36
2646;-52;-40
2647;-52;-36
2648;-48;-44
2649;-52;-44
2650;-48;-48
2651;-52;-48
2652;-52;-52
2653;-48;-56
2654;-48;-60
2655;-40;-60
2656;-48;-60
2657;-44;-60
2658;-44;-60
2659;-44;-56
2660;-44;-52
2661;-52;-44
2662;-44;-36
2663;-40;-32
2664;-40;-28
2665;-40;-28
2666;-36;-28
2667;-40;-28
2668;-40;-28
2669;-36;-28
2670;-36;-28
2671;-32;-32
2672;-36;-28
2673;-32;-32
2674;-32;-32
2675;-28;-32
2676;-32;-36
2677;-28;-36
2678;-28;-36
2679;-28;-36
2680;-28;-36
2681;-24;-36
2682;-20;-36
2683;-28;-36
2684;-24;-36
2685;-24;-36
2686;-24;-40
2687;-20;-40
2688;-20;-40
2689;-4;-44
2690;-16;-48
2691;-20;-48
2692;-16;-52
2693;-16;-56
2694;-16;-56
2695;-20;-60
2696;-12;-60
2697;-12;-64
2698;-12;-60
2699;-8;-56
2700;-12;-52
2701;-4;-48
2702;-8;-48
2703;-4;-40
2704;-4;-36
2705;-4;-32
2706;-4;-28
2707;-4;-28
2708;-4;-28
2709;-12;-28
2710;0;-28
2711;0;-28
2712;4;-28
2713;4;-28
2714;4;-28
2715;8;-32
2716;8;-32
2717;8;-32
2718;8;-36
2719;12;-36
2720;12;-36
2721;12;-36
2722;12;-36
2723;12;-36
2724;12;-40
2725;16;-36
2726;16;-36
2727;16;-40
2728;16;-36
2729;20;-40
2730;-4;-36
2731;20;-36
2732;20;-40
2733;20;-44
2734;20;-48
2735;24;-48
2736;32;-52
2737;24;-56
2738;24;-56
2739;24;-56
2740;28;-56
2741;28;-56
2742;28;-56
2743;32;-52
2744;28;-48
2745;32;-40
2746;32;-36
2747;32;-32
2748;32;-28
2749;36;-24
2750;48;-24
2751;36;-24
2752;36;-24
2753;40;-20
2754;40;-24
2755;40;-24
2756;40;-24
2757;40;-28
2758;40;-28
2759;44;-28
2760;44;-28
2761;40;-28
2762;44;-32
2763;44;-32
2764;40;-32
2765;48;-32
2766;48;-32
2767;48;-32
2768;52;-32
2769;48;-36
2770;48;-32
2771;40;-36
2772;52;-36
2773;52;-36
2774;56;-36
2775;56;-40
2776;52;-40
2777;60;-48
2778;56;-48
2779;56;-48
2780;60;-52
2781;56;-56
2782;60;-56
2783;60;-56
2784;60;-56
2785;60;-56
2786;60;-52
2787;64;-48
2788;60;-40
2789;64;-36
2790;64;-32
2791;64;-32
2792;64;-28
2793;64;-24
2794;68;-24
2795;68;-24
2796;68;-24
2797;68;-24
2798;60;-24
2799;68;-24
2800;68;-24
2801;68;-28
2802;68;-28
2803;72;-28
2804;68;-28
2805;48;-32
2806;68;-32
2807;72;-32
2808;72;-36
2809;76;-32
2810;72;-32
2811;80;-32
2812;76;-36
2813;76;-32
2814;76;-32
2815;76;-36
2816;76;-36
2817;76;-32
2818;80;-36
2819;80;-36
2820;80;-36
2821;80;-36
2822;80;-40
2823;80;-44
2824;80;-48
2825;96;-52
2826;80;-56
2827;80;-56
2828;84;-60
2829;84;-60
2830;80;-56
2831;84;-52
2832;88;-48
2833;84;-44
2834;84;-20
2835;84;-16
2836;84;-12
2837;84;-12
2838;84;-8
2839;80;-4
2840;88;-4
2841;88;-4
2842;88;-8
2843;88;-8
2844;88;-8
2845;92;-8
2846;92;-8
2847;92;-12
2848;88;-12
2849;88;-12
2850;92;-16
2851;88;-16
2852;84;-16
2853;92;-12
2854;92;-12
2855;92;-12
2856;96;-16
2857;92;-16
2858;92;-16
2859;96;-16
2860;96;-16
2861;96;-16
2862;96;-16
2863;96;-16
2864;96;-20
2865;96;-24
2866;88;-28
2867;96;-32
2868;96;-32
2869;96;-36
2870;96;-36
2871;100;-40
2872;100;-40
2873;96;-40
2874;100;-40
2875;96;-36
2876;100;-28
2877;96;-24
2878;96;-16
2879;104;-12
2880;116;-8
2881;100;-8
2882;100;-4
2883;100;-4
2884;100;-4
2885;100;-8
2886;100;-8
2887;100;-8
2888;100;-8
2889;104;-8
2890;100;-8
2891;100;-8
2892;104;-12
2893;104;-12
2894;100;-16
2895;104;-16
2896;104;-16
2897;104;-12
2898;104;-16
2899;104;-16
2900;96;-16
2901;104;-16
2902;104;-20
2903;104;-16
2904;104;-16
2905;108;-20
2906;104;-20
2907;104;-28
2908;104;-28
2909;108;-32
2910;104;-36
2911;108;-40
2912;108;-36
2913;108;-40
2914;108;-40
2915;108;-36
2916;104;-36
2917;108;-32
2918;108;-28
2919;108;-24
2920;108;-20
2921;112;-12
2922;104;-8
2923;108;-8
2924;108;-4
2925;108;-4
2926;108;0
2927;100;-4
2928;108;-8
2929;108;-4
2930;108;-8
2931;108;-8
2932;108;-8
2933;112;-12
2934;108;-16
2935;108;-12
2936;112;-12
2937;112;-12
2938;108;12
2939;108;12
2940;112;8
2941;116;8
2942;112;4
2943;112;0
2944;112;-4
2945;108;-4
2946;112;-8
2947;112;-12
2948;116;-12
2949;112;-16
2950;112;-16
2951;112;-12
2952;112;-8
2953;112;-4
2954;112;4
2955;116;12
2956;112;16
2957;112;16
2958;108;20
2959;112;20
2960;112;20
2961;104;24
2962;108;20
2963;112;20
2964;112;20
2965;112;16
2966;112;16
2967;112;16
2968;112;16
2969;112;12
2970;112;12
2971;112;12
2972;108;12
2973;112;12
2974;108;12
2975;116;12
2976;112;8
2977;112;12
2978;112;8
2979;108;12
2980;108;12
2981;112;8
2982;108;8
2983;108;8
2984;108;8
2985;108;8
2986;108;4
2987;108;0
2988;112;-4
2989;104;-4
2990;108;-12
2991;108;-12
2992;108;-12
2993;108;-12
2994;108;-16
2995;108;-12
2996;88;-8
2997;108;-8
2998;108;-4
2999;104;4
3000;108;8
3001;104;12
3002;112;16
3003;104;20
3004;108;24
3005;108;24
3006;108;20
3007;104;20
3008;108;20
3009;104;20
3010;104;20
3011;104;20
3012;104;16
3013;104;12
3014;108;16
3015;104;12
3016;116;12
3017;108;12
3018;104;12
3019;104;12
3020;104;8
3021;104;12
3022;104;12
3023;108;12
3024;104;12
3025;104;8
3026;104;12
3027;104;8
3028;104;8
3029;100;8
3030;96;8
3031;104;4
3032;104;0
3033;108;-4
3034;104;-4
3035;104;-12
3036;100;-16
3037;100;-16
3038;100;-16
3039;104;-12
3040;104;-12
3041;104;-8
3042;104;0
3043;108;36
3044;104;40
3045;104;44
3046;104;44
3047;100;48
3048;104;52
3049;104;52
3050;100;52
3051;104;52
3052;100;52
3053;100;52
3054;100;52
3055;100;48
3056;96;48
3057;100;48
3058;100;44
3059;100;48
3060;100;44
3061;100;44
3062;96;44
3063;100;44
3064;92;44
3065;100;44
3066;96;44
3067;96;44
3068;96;40
3069;100;44
3070;100;40
3071;88;40
3072;96;36
3073;96;36
3074;100;32
3075;96;28
3076;96;24
3077;104;20
3078;96;16
3079;96;16
3080;96;16
3081;92;16
3082;96;20
3083;96;28
3084;96;32
3085;92;40
3086;96;44
3087;92;48
3088;92;52
3089;96;52
3090;96;52
3091;96;52
3092;92;52
3093;92;52
3094;92;52
3095;92;48
3096;88;48
3097;92;48
3098;92;44
3099;92;48
3100;88;44
3101;92;44
3102;92;44
3103;88;44
3104;88;44
3105;84;44
3106;92;44
3107;88;40
3108;88;40
3109;88;40
3110;88;40
3111;88;40
3112;92;44
3113;88;44
3114;84;40
3115;84;40
3116;84;40
3117;88;36
3118;76;36
3119;84;32
3120;84;28
3121;84;24
3122;84;20
3123;84;16
3124;84;16
3125;88;16
3126;84;16
3127;84;20
3128;84;24
3129;80;28
3130;80;32
3131;80;36
3132;76;44
3133;80;48
3134;80;52
3135;80;52
3136;80;52
3137;80;52
3138;84;52
3139;80;52
3140;80;52
3141;80;48
3142;76;48
3143;80;48
3144;76;48
3145;80;48
3146;100;48
3147;80;68
3148;76;68
3149;76;64
3150;76;64
3151;76;60
3152;72;56
3153;76;52
3154;76;48
3155;76;48
3156;76;44
3157;76;44
3158;76;40
3159;72;44
3160;76;44
3161;72;48
3162;76;52
3163;76;56
3164;72;60
3165;72;64
3166;64;68
3167;72;72
3168;72;76
3169;72;76
3170;72;80
3171;72;80
3172;72;80
3173;72;80
3174;68;76
3175;68;76
3176;68;72
3177;68;72
3178;68;72
3179;72;68
3180;72;68
3181;68;68
3182;68;68
3183;68;68
3184;68;68
3185;64;64
3186;68;68
3187;64;68
3188;64;68
3189;64;68
3190;68;64
3191;64;68
3192;64;68
3193;56;64
3194;64;64
3195;64;64
3196;60;60
3197;64;56
3198;60;52
3199;60;48
3200;60;48
3201;64;44
3202;60;40
3203;60;40
3204;60;40
3205;60;40
3206;60;44
3207;68;48
3208;60;52
3209;60;56
3210;60;60
3211;56;68
3212;56;68
3213;56;72
3214;64;76
3215;56;80
3216;56;76
3217;56;76
3218;56;76
3219;52;76
3220;56;76
3221;68;72
3222;52;72
3223;56;72
3224;52;68
3225;52;68
3226;52;68
3227;52;68
3228;48;68
3229;52;68
3230;52;68
3231;52;64
3232;48;68
3233;52;64
3234;52;64
3235;52;64
3236;52;64
3237;52;64
3238;48;68
3239;48;64
3240;48;64
3241;52;64
3242;48;64
3243;52;64
3244;48;60
3245;48;60
3246;48;56
3247;48;52
3248;48;52
3249;48;48
3250;44;44
3251;48;48
3252;44;44
3253;44;44
3254;44;44
3255;44;44
3256;44;52
3257;44;56
3258;44;60
3259;44;72
3260;48;76
3261;44;76
3262;24;80
3263;44;80
3264;44;80
3265;44;80
3266;44;80
3267;40;76
3268;48;76
3269;40;76
3270;40;72
3271;40;76
3272;40;72
3273;40;72
3274;40;72
3275;40;68
3276;36;68
3277;36;68
3278;40;68
3279;40;68
3280;40;68
3281;40;68
3282;52;68
3283;40;68
3284;40;68
3285;36;64
3286;36;64
3287;36;60
3288;40;56
3289;40;52
3290;36;52
3291;36;48
3292;36;44
3293;36;44
3294;36;44
3295;32;40
3296;32;44
3297;36;44
3298;40;52
3299;32;56
3300;36;60
3301;32;68
3302;28;68
3303;24;76
3304;32;76
3305;36;80
3306;32;80
3307;32;80
3308;32;80
3309;32;80
3310;32;80
3311;32;76
3312;28;76
3313;32;76
3314;28;72
3315;28;72
3316;28;72
3317;28;72
3318;28;72
3319;28;68
3320;28;68
3321;28;72
3322;32;68
3323;28;64
3324;24;68
3325;28;68
3326;28;68
3327;28;68
3328;28;68
3329;28;68
3330;24;64
3331;28;64
3332;24;60
3333;24;56
3334;24;52
3335;24;48
3336;20;44
3337;0;44
3338;24;44
3339;24;40
3340;24;40
3341;24;44
3342;20;44
3343;28;52
3344;24;56
3345;24;64
3346;20;64
3347;20;72
3348;20;72
3349;20;76
3350;20;80
3351;20;76
3352;20;80
3353;20;80
3354;20;80
3355;20;56
3356;16;60
3357;16;60
3358;16;56
3359;20;56
3360;16;56
3361;16;52
3362;16;52
3363;12;52
3364;12;52
3365;16;48
3366;16;44
3367;12;44
3368;12;40
3369;12;36
3370;12;32
3371;0;28
3372;12;24
3373;12;24
3374;8;24
3375;12;24
3376;8;24
3377;12;28
3378;28;32
3379;8;36
3380;8;40
3381;8;48
3382;8;52
3383;8;56
3384;8;56
3385;8;60
3386;8;60
3387;8;60
3388;4;60
3389;4;60
3390;4;60
3391;8;56
3392;0;56
3393;0;52
3394;4;52
3395;4;52
3396;0;52
3397;0;52
3398;0;52
3399;0;48
3400;0;48
3401;0;48
3402;0;48
3403;0;48
3404;0;52
3405;-8;48
3406;-4;48
3407;-4;48
3408;-4;48
3409;-4;48
3410;-4;48
3411;-4;48
3412;-8;48
3413;-4;48
3414;-4;48
3415;-8;48
3416;-8;48
3417;-8;44
3418;-4;44
3419;-8;40
3420;-8;36
3421;-8;32
3422;-8;28
3423;-12;24
3424;-12;24
3425;-12;20
3426;-12;20
3427;-12;24
3428;-12;24
3429;-12;28
3430;-16;36
3431;-12;44
3432;-8;48
3433;-16;56
3434;-16;56
3435;-16;60
3436;-16;60
3437;-16;60
3438;-16;60
3439;-20;56
3440;-20;56
3441;-20;56
3442;-20;56
3443;-24;56
3444;-20;52
3445;-20;52
3446;-36;52
3447;-24;52
3448;-24;52
3449;-24;48
3450;-24;48
3451;-28;48
3452;-24;44
3453;-8;44
3454;-28;48
3455;-28;44
3456;-32;48
3457;-28;44
3458;-28;48
3459;-36;16
3460;-32;16
3461;-32;12
3462;-32;8
3463;-32;4
3464;-32;0
3465;-36;-4
3466;-36;-4
3467;-36;-4
3468;-36;-4
3469;-36;-8
3470;-36;-8
3471;-36;-8
3472;-40;-4
3473;-40;4
3474;-40;8
3475;-40;12
3476;-44;16
3477;-40;20
3478;-40;24
3479;-40;28
3480;-40;28
3481;-40;28
3482;-44;32
3483;-44;24
3484;-44;28
3485;-44;28
3486;-40;24
3487;-24;24
3488;-44;20
3489;-48;20
3490;-52;20
3491;-48;20
3492;-48;16
3493;-48;20
3494;-48;16
3495;-52;16
3496;-52;16
3497;-52;16
3498;-52;16
3499;-52;16
3500;-52;16
3501;-52;16
3502;-56;16
3503;-56;16
3504;-56;16
3505;-56;16
3506;-56;16
3507;-52;16
3508;-56;12
3509;-56;16
3510;-60;12
3511;-60;12
3512;-60;12
3513;-60;8
3514;-68;4
3515;-64;4
3516;-60;-4
3517;-60;-8
3518;-60;-8
3519;-64;-8
3520;-64;-12
3521;-64;-12
3522;-68;-8
3523;-68;-4
3524;-68;0
3525;-68;8
3526;-68;12
3527;-68;20
3528;-60;20
3529;-68;24
3530;-72;24
3531;-72;28
3532;-72;28
3533;-72;28
3534;-80;28
3535;-72;24
3536;-72;28
3537;-80;24
3538;-76;24
3539;-76;24
3540;-76;20
3541;-72;20
3542;-80;20
3543;-76;20
3544;-80;20
3545;-80;16
3546;-80;20
3547;-80;20
3548;-88;16
3549;-80;16
3550;-80;16
3551;-84;16
3552;-84;16
3553;-84;16
3554;-80;16
3555;-80;16
3556;-84;12
3557;-88;12
3558;-84;12
3559;-88;12
3560;-88;16
3561;-84;16
3562;-68;12
3563;-92;-12
3564;-88;-16
3565;-88;-16
3566;-88;-20
3567;-92;-24
3568;-96;-28
3569;-88;-32
3570;-92;-32
3571;-92;-36
3572;-92;-36
3573;-92;-36
3574;-96;-40
3575;-96;-32
3576;-92;-32
3577;-92;-24
3578;-96;-20
3579;-96;-16
3580;-96;-12
3581;-100;-4
3582;-108;-4
3583;-96;0
3584;-96;-4
3585;-100;0
3586;-100;0
3587;-100;0
3588;-100;0
3589;-100;0
3590;-104;-4
3591;-104;-8
3592;-100;-4
3593;-104;-8
3594;-104;-8
3595;-100;-8
3596;-100;-8
3597;-104;-8
3598;-104;-12
3599;-104;-12
3600;-108;-12
3601;-104;-12
3602;-108;-12
3603;-116;-12
3604;-108;-12
3605;-108;-12
3606;-108;-12
3607;-108;-12
3608;-112;-12
3609;-108;-12
3610;-112;-12
3611;-112;-16
3612;-112;-12
3613;-112;-16
3614;-116;-20
3615;-112;-24
3616;-112;-24
3617;-112;-28
3618;-112;-32
3619;-112;-32
3620;-112;-32
3621;-116;-36
3622;-116;-36
3623;-108;-32
3624;-116;-28
3625;-120;-24
3626;-116;-16
3627;-116;-12
3628;-120;-8
3629;-116;-4
3630;-112;0
3631;-120;0
3632;-116;0
3633;-124;0
3634;-120;0
3635;-120;-4
3636;-124;-4
3637;-120;-4
3638;-120;-4
3639;-120;-8
3640;-120;-8
3641;-124;-8
3642;-124;-8
3643;-128;-12
3644;-128;-12
3645;-124;-12
3646;-124;-12
3647;-124;-12
3648;-124;-12
3649;-124;-12
3650;-124;-12
3651;-124;-12
3652;-124;-8
3653;-124;-12
3654;-124;-12
3655;-124;-12
3656;-124;-16
3657;-132;-20
3658;-124;-24
3659;-124;-28
3660;-128;-32
3661;-128;-36
3662;-124;-36
3663;-128;-36
3664;-128;-36
3665;-124;-32
3666;-124;-32
3667;-128;-28
3668;-128;-36
3669;-124;-32
3670;-128;-28
3671;-128;-28
3672;-128;-24
3673;-128;-24
3674;-128;-24
3675;-128;-24
3676;-128;-24
3677;-128;-28
3678;-148;-28
3679;-132;-28
3680;-128;-28
3681;-128;-32
3682;-128;-28
3683;-128;-28
3684;-120;-28
3685;-128;-32
3686;-124;-28
3687;-124;-24
3688;-124;-24
3689;-128;-20
3690;-128;-16
3691;-124;-20
3692;-124;-16
3693;-124;-20
3694;-128;-16
3695;-124;-16
3696;-124;-20
3697;-124;-20
3698;-116;-24
3699;-124;-20
3700;-124;-20
3701;-128;-24
3702;-124;-24
3703;-120;-24
3704;-124;-24
3705;-124;-24
3706;-124;-24
3707;-124;-24
3708;-124;-24
3709;-124;-28
3710;-120;-28
3711;-124;-28
3712;-136;-28
3713;-124;-24
3714;-120;-28
3715;-120;-24
3716;-124;-28
3717;-124;-24
3718;-120;-24
3719;-108;-24
3720;-120;-24
3721;-120;-28
3722;-120;-28
3723;-120;-28
3724;-120;-24
3725;-124;-24
3726;-116;-28
3727;-116;-28
3728;-120;-28
3729;-116;-24
3730;-116;-24
3731;-116;-24
3732;-112;-28
3733;-116;-28
3734;-116;-32
3735;-116;-36
3736;-112;-40
3737;-112;-40
3738;-112;-44
3739;-120;-48
3740;-112;-48
3741;-112;-48
3742;-112;-52
3743;-112;-48
3744;-108;-44
3745;-108;-36
3746;-112;-32
3747;-108;-24
3748;-108;-20
3749;-108;-16
3750;-108;-16
3751;-104;-16
3752;-104;-16
3753;-100;-16
3754;-104;-16
3755;-108;-16
3756;-108;-16
3757;-104;-16
3758;-104;-20
3759;-96;-20
3760;-100;-20
3761;-104;-20
3762;-100;-24
3763;-100;-20
3764;-100;-24
3765;-100;-24
3766;-96;-28
3767;-96;-24
3768;-96;-24
3769;-96;-24
3770;-96;-24
3771;-96;-28
3772;-96;-32
3773;-84;-36
3774;-92;-36
3775;-92;-40
3776;-92;-44
3777;-92;-48
3778;-92;-52
3779;-88;-52
3780;-92;-56
3781;-88;-56
3782;-88;-56
3783;-84;-56
3784;-88;-52
3785;-88;-48
3786;-84;-44
3787;-96;-36
3788;-84;-32
3789;-84;-28
3790;-80;-24
3791;-80;-24
3792;-80;-20
3793;-80;-20
3794;-60;-20
3795;-80;-24
3796;-76;-24
3797;-76;-28
3798;-76;-28
3799;-76;-28
3800;-76;-28
3801;-72;-32
3802;-72;-32
3803;-72;-32
3804;-72;-32
3805;-72;-32
3806;-68;-32
3807;-64;-32
3808;-68;-32
3809;-68;-32
3810;-68;-36
3811;-64;-32
3812;-64;-32
3813;-64;-32
3814;-68;-32
3815;-64;-32
3816;-64;-32
3817;-64;-36
3818;-60;-36
3819;-60;-40
3820;-60;-44
3821;-64;-48
3822;-60;-48
3823;-60;-52
3824;-56;-56
3825;-56;-56
3826;-56;-56
3827;-52;-56
3828;-48;-56
3829;-56;-52
3830;-56;-48
3831;-52;-40
3832;-56;-40
3833;-52;-36
3834;-48;-28
3835;-52;-24
3836;-48;-20
3837;-48;-24
3838;-48;-20
3839;-48;-24
3840;-48;-20
3841;-48;-24
3842;-44;-24
3843;-44;-24
3844;-44;-28
3845;-44;-24
3846;-40;-28
3847;-40;-28
3848;-48;-28
3849;-40;-32
3850;-40;-32
3851;-36;-32
3852;-36;-32
3853;-36;-32
3854;-36;-32
3855;-36;-32
3856;-32;-32
3857;-32;-32
3858;-32;-36
3859;-32;-32
3860;-32;-32
3861;-28;-32
3862;-24;-32
3863;-28;-36
3864;-28;-32
3865;-28;-36
3866;-28;-36
3867;-28;-40
3868;-28;-40
3869;-40;-44
3870;-20;-48
3871;-24;-52
3872;-20;-52
3873;-20;-56
3874;-20;-56
3875;-24;-56
3876;-20;-56
3877;-16;-56
3878;-16;-52
3879;-16;-48
3880;-16;-44
3881;-12;-40
3882;-12;-36
3883;-12;-32
3884;-12;-28
3885;-8;-24
3886;-8;-20
3887;-8;-24
3888;-8;-24
3889;-4;-24
3890;-4;-28
3891;-4;-28
3892;-4;-28
3893;-4;-28
3894;-4;-28
3895;0;-32
3896;8;-32
3897;0;-32
3898;0;-32
3899;0;-32
3900;4;-32
3901;4;-32
3902;4;-36
3903;12;-32
3904;8;-36
3905;8;-32
3906;8;-36
3907;12;-32
3908;12;-36
3909;4;-36
3910;8;-36
3911;12;-36
3912;12;-36
3913;16;-40
3914;16;-40
3915;16;-40
3916;16;-48
3917;16;-48
3918;16;-52
3919;20;-56
3920;20;-56
3921;24;-56
3922;24;-56
3923;12;-56
3924;24;-52
3925;24;-52
3926;28;-48
3927;28;-40
3928;28;-36
3929;28;-32
3930;32;-28
3931;32;-24
3932;32;-24
3933;32;-24
3934;32;-24
3935;36;-24
3936;36;-24
3937;32;-24
3938;36;-24
3939;36;-28
3940;36;-28
3941;36;-32
3942;40;-28
3943;36;-32
3944;20;-28
3945;40;-32
3946;44;-32
3947;40;-32
3948;44;-32
3949;44;-32
3950;52;-36
3951;44;-36
3952;48;-36
3953;48;-36
3954;48;-40
3955;48;-40
3956;48;-44
3957;52;-48
3958;52;-52
3959;52;-56
3960;52;-56
3961;56;-60
3962;56;-60
3963;56;-56
3964;68;-56
3965;56;-48
3966;56;-44
3967;56;-36
3968;56;-32
3969;60;-28
3970;60;-24
3971;60;-24
3972;60;-24
3973;60;-24
3974;60;-24
3975;60;-28
3976;68;-24
3977;64;-28
3978;52;-24
3979;68;-28
3980;64;-28
3981;64;-16
3982;64;-20
3983;68;-20
3984;68;-24
3985;84;-24
3986;68;-28
3987;68;-32
3988;68;-36
3989;68;-40
3990;72;-44
3991;68;-44
3992;68;-44
3993;72;-48
3994;72;-48
3995;72;-44
3996;72;-40
3997;72;-36
3998;76;-32
3999;76;-28
4000;76;-24
4001;76;-20
4002;76;-16
4003;76;-12
4004;80;-12
4005;76;-12
4006;76;-12
4007;80;-12
4008;80;-12
4009;80;-16
4010;80;-16
4011;80;-16
4012;80;-20
4013;80;-20
4014;84;-20
4015;84;-20
4016;84;-20
4017;88;-24
4018;88;-24
4019;96;-24
4020;84;-24
4021;84;-24
4022;88;-24
4023;88;-24
4024;88;-20
4025;92;-24
4026;88;-24
4027;88;-24
4028;88;-24
4029;88;-24
4030;92;-24
4031;88;-28
4032;92;-32
4033;92;-36
4034;88;-40
4035;92;-40
4036;92;-44
4037;92;-44
4038;92;-48
4039;96;-48
4040;96;-48
4041;96;-44
4042;96;-40
4043;92;-32
4044;96;-24
4045;96;-20
4046;88;-16
4047;92;-12
4048;96;-12
4049;100;-12
4050;96;-12
4051;96;-12
4052;100;-12
4053;100;-12
4054;96;-12
4055;96;-16
4056;96;-16
4057;100;-16
4058;100;-20
4059;100;-20
4060;108;-20
4061;100;-20
4062;100;-20
4063;100;-24
4064;100;-20
4065;100;-24
4066;96;-20
4067;100;-24
4068;100;-24
4069;104;-24
4070;100;-28
4071;100;-28
4072;100;-36
4073;108;-40
4074;104;-40
4075;104;-44
4076;104;-44
4077;104;-48
4078;104;-48
4079;104;-48
4080;96;-44
4081;104;-40
4082;104;-36
4083;104;-32
4084;104;0
4085;108;4
4086;108;4
4087;108;12
4088;108;12
4089;108;12
4090;108;12
4091;108;12
4092;108;12
4093;112;12
4094;128;8
4095;108;8
4096;108;4
4097;108;8
4098;112;4
4099;108;4
4100;100;4
4101;112;4
4102;108;4
4103;112;4
4104;112;0
4105;108;4
4106;108;0
4107;108;0
4108;108;0
4109;108;0
4110;108;0
4111;108;0
4112;108;0
4113;112;0
4114;100;0
4115;112;0
4116;108;-4
4117;112;-8
4118;112;-12
4119;112;-16
4120;116;-20
4121;112;-20
4122;112;-24
4123;112;-24
4124;112;-24
4125;112;-20
4126;112;-20
4127;112;-16
4128;116;-12
4129;108;-8
4130;112;-4
4131;112;4
4132;112;8
4133;112;8
4134;108;12
4135;96;16
4136;112;12
4137;112;12
4138;112;12
4139;112;12
4140;112;12
4141;112;8
4142;112;8
4143;112;8
4144;112;8
4145;112;4
4146;112;0
4147;112;4
4148;112;4
4149;112;4
4150;112;4
4151;112;4
4152;112;0
4153;112;0
4154;112;0
4155;124;0
4156;112;0
4157;112;0
4158;112;0
4159;112;-4
4160;108;-8
4161;108;-12
4162;116;-16
4163;112;-20
4164;112;-20
4165;112;-20
4166;112;-24
4167;108;-28
4168;112;-24
4169;108;-20
4170;112;-16
4171;112;-12
4172;112;-8
4173;112;-4
4174;112;4
4175;108;8
4176;100;8
4177;112;12
4178;108;12
4179;112;12
4180;108;12
4181;112;12
4182;112;12
4183;108;8
4184;108;8
4185;108;8
4186;108;8
4187;108;8
4188;108;40
4189;108;32
4190;108;32
4191;108;28
4192;108;32
4193;104;24
4194;108;24
4195;104;20
4196;104;16
4197;108;12
4198;104;8
4199;104;4
4200;104;4
4201;108;4
4202;104;4
4203;100;12
4204;108;16
4205;104;24
4206;104;32
4207;108;36
4208;104;40
4209;108;40
4210;92;40
4211;104;40
4212;100;40
4213;104;40
4214;104;40
4215;108;40
4216;112;40
4217;104;36
4218;104;36
4219;104;32
4220;104;32
4221;104;32
4222;104;32
4223;100;32
4224;104;32
4225;104;32
4226;100;32
4227;104;32
4228;100;32
4229;100;28
4230;96;32
4231;100;28
4232;104;28
4233;100;28
4234;100;28
4235;100;24
4236;100;20
4237;96;20
4238;100;16
4239;100;12
4240;100;8
4241;100;4
4242;100;8
4243;100;4
4244;96;4
4245;96;8
4246;96;12
4247;96;16
4248;100;24
4249;96;24
4250;100;32
4251;108;36
4252;96;36
4253;96;40
4254;96;40
4255;96;44
4256;96;40
4257;92;40
4258;96;40
4259;96;40
4260;96;40
4261;96;40
4262;96;36
4263;92;36
4264;100;32
4265;92;32
4266;96;32
4267;96;32
4268;92;32
4269;92;32
4270;92;32
4271;88;32
4272;88;32
4273;92;32
4274;92;32
4275;88;28
4276;88;28
4277;96;28
4278;84;28
4279;92;32
4280;88;28
4281;92;28
4282;92;28
4283;92;24
4284;92;24
4285;96;20
4286;88;12
4287;88;12
4288;88;8
4289;88;8
4290;88;4
4291;88;4
4292;88;4
4293;84;32
4294;88;36
4295;88;40
4296;88;44
4297;84;48
4298;84;52
4299;88;60
4300;84;60
4301;84;64
4302;84;64
4303;84;64
4304;84;68
4305;84;68
4306;84;64
4307;80;64
4308;84;64
4309;84;60
4310;84;60
4311;80;60
4312;76;60
4313;84;60
4314;80;60
4315;84;56
4316;80;56
4317;80;56
4318;84;56
4319;76;56
4320;80;56
4321;80;56
4322;80;56
4323;80;56
4324;80;52
4325;84;52
4326;92;52
4327;76;48
4328;76;48
4329;76;40
4330;76;36
4331;80;36
4332;68;32
4333;76;32
4334;80;28
4335;76;32
4336;80;32
4337;76;36
4338;76;40
4339;80;40
4340;76;48
4341;76;52
4342;76;56
4343;76;60
4344;72;64
4345;72;64
4346;80;64
4347;72;64
4348;72;68
4349;72;64
4350;72;64
4351;72;64
4352;72;64
4353;76;60
4354;72;60
4355;72;60
4356;68;60
4357;68;56
4358;68;56
4359;68;56
4360;88;56
4361;68;56
4362;68;56
4363;68;56
4364;68;56
4365;68;56
4366;60;52
4367;68;56
4368;68;56
4369;68;56
4370;68;56
4371;68;52
4372;64;52
4373;64;48
4374;64;44
4375;64;44
4376;64;40
4377;64;36
4378;64;32
4379;64;28
4380;52;28
4381;64;28
4382;64;32
4383;64;32
4384;64;36
4385;64;44
4386;60;48
4387;60;52
4388;60;56
4389;60;60
4390;56;60
4391;60;64
4392;60;64
4393;64;68
4394;64;68
4395;60;64
4396;60;64
4397;56;76
4398;56;76
4399;60;72
4400;56;72
4401;52;72
4402;56;68
4403;56;68
4404;56;68
4405;60;68
4406;56;68
4407;52;64
4408;56;64
4409;56;60
4410;56;56
4411;56;52
4412;56;48
4413;52;44
4414;56;44
4415;52;44
4416;56;40
4417;52;40
4418;52;48
4419;52;48
4420;52;60
4421;64;64
4422;52;68
4423;52;76
4424;52;76
4425;52;76
4426;52;76
4427;52;76
4428;56;80
4429;52;76
4430;48;76
4431;48;76
4432;52;72
4433;48;68
4434;48;72
4435;52;72
4436;48;68
4437;48;68
4438;48;68
4439;48;68
4440;48;64
4441;36;68
4442;40;68
4443;48;64
4444;44;64
4445;44;64
4446;48;64
4447;44;64
4448;48;64
4449;44;64
4450;44;64
4451;44;60
4452;44;60
4453;44;56
4454;44;48
4455;32;44
4456;40;44
4457;40;40
4458;44;40
4459;44;40
4460;40;40
4461;40;40
4462;44;48
4463;40;56
4464;40;60
4465;40;68
4466;40;72
4467;40;76
4468;40;76
4469;40;76
4470;40;76
4471;40;76
4472;40;76
4473;36;76
4474;36;76
4475;36;72
4476;16;72
4477;36;72
4478;36;68
4479;36;68
4480;36;68
4481;36;68
4482;44;64
4483;36;64
4484;36;64
4485;36;68
4486;32;68
4487;36;68
4488;32;64
4489;36;64
4490;36;68
4491;32;64
4492;36;64
4493;32;60
4494;36;56
4495;32;56
4496;40;52
4497;32;48
4498;32;44
4499;32;44
4500;32;40
4501;32;28
4502;32;28
4503;32;28
4504;28;32
4505;32;36
4506;28;40
4507;28;48
4508;28;52
4509;28;56
4510;20;60
4511;28;64
4512;28;64
4513;24;64
4514;28;64
4515;28;68
4516;20;68
4517;16;64
4518;24;64
4519;28;60
4520;24;60
4521;24;60
4522;24;60
4523;28;56
4524;24;56
4525;24;56
4526;24;56
4527;24;56
4528;20;52
4529;20;56
4530;12;56
4531;20;52
4532;20;52
4533;20;56
4534;20;52
4535;20;52
4536;20;52
4537;20;48
4538;20;44
4539;16;40
4540;20;36
4541;16;32
4542;20;32
4543;16;32
4544;12;28
4545;20;28
4546;16;32
4547;16;36
4548;16;40
4549;16;44
4550;16;48
4551;-4;52
4552;16;60
4553;16;60
4554;16;60
4555;12;68
4556;12;64
4557;20;64
4558;12;64
4559;12;64
4560;12;64
4561;8;60
4562;8;60
4563;8;60
4564;8;60
4565;8;56
4566;8;56
4567;8;56
4568;8;56
4569;8;56
4570;8;56
4571;16;56
4572;4;52
4573;4;56
4574;4;56
4575;4;52
4576;4;52
4577;0;52
4578;4;52
4579;4;52
4580;4;52
4581;0;52
4582;4;52
4583;0;52
4584;-4;48
4585;-12;44
4586;0;40
4587;0;36
4588;0;32
4589;0;32
4590;-4;28
4591;0;28
4592;8;28
4593;-4;32
4594;-4;32
4595;-4;40
4596;-8;40
4597;-4;48
4598;-12;52
4599;-8;56
4600;-8;60
4601;-8;64
4602;-8;68
4603;-12;68
4604;-8;64
4605;-8;36
4606;-8;36
4607;-8;36
4608;-12;32
4609;-12;36
4610;-12;32
4611;-12;32
4612;-16;28
4613;-12;28
4614;-12;28
4615;-12;24
4616;-16;24
4617;-16;24
4618;-16;24
4619;-16;24
4620;-16;24
4621;-16;24
4622;-16;24
4623;-16;24
4624;-16;24
4625;-12;20
4626;-4;16
4627;-20;16
4628;-20;8
4629;-20;4
4630;-20;4
4631;-24;0
4632;-20;0
4633;-24;0
4634;-24;0
4635;-24;0
4636;-28;4
4637;-28;12
4638;-28;16
4639;-28;20
4640;-28;28
4641;-28;32
4642;-28;36
4643;-28;36
4644;-32;36
4645;-32;36
4646;-28;36
4647;-28;36
4648;-32;32
4649;-32;32
4650;-32;32
4651;-32;28
4652;-32;28
4653;-40;28
4654;-36;28
4655;-36;24
4656;-36;24
4657;-40;24
4658;-36;28
4659;-36;24
4660;-40;24
4661;-44;24
4662;-40;24
4663;-40;24
4664;-40;24
4665;-40;20
4666;-40;20
4667;-32;16
4668;-40;12
4669;-44;8
4670;-44;8
4671;-44;4
4672;-48;0
4673;-56;-4
4674;-48;0
4675;-44;0
4676;-48;0
4677;-48;4
4678;-52;8
4679;-48;12
4680;-48;16
4681;-52;24
4682;-52;28
4683;-52;32
4684;-52;32
4685;-56;36
4686;-52;36
4687;-60;36
4688;-56;36
4689;-56;36
4690;-56;32
4691;-52;32
4692;-56;32
4693;-56;32
4694;-52;28
4695;-60;28
4696;-60;28
4697;-60;28
4698;-60;24
4699;-60;24
4700;-60;28
4701;-40;24
4702;-60;20
4703;-60;24
4704;-60;24
4705;-60;20
4706;-64;20
4707;-68;28
4708;-64;24
4709;-64;-4
4710;-68;-4
4711;-68;-4
4712;-64;-8
4713;-68;-12
4714;-68;-16
4715;-68;-20
4716;-68;-20
4717;-68;-24
4718;-68;-24
4719;-68;-28
4720;-72;-28
4721;-72;-28
4722;-72;-20
4723;-72;-16
4724;-72;-12
4725;-72;-8
4726;-72;-4
4727;-72;0
4728;-76;4
4729;-76;8
4730;-76;12
4731;-76;12
4732;-76;12
4733;-76;12
4734;-76;8
4735;-80;8
4736;-80;8
4737;-80;8
4738;-80;4
4739;-80;4
4740;-80;4
4741;-84;4
4742;-100;0
4743;-84;0
4744;-84;0
4745;-84;-4
4746;-88;0
4747;-84;-4
4748;-88;-4
4749;-88;0
4750;-84;0
4751;-88;-4
4752;-88;0
4753;-84;-4
4754;-88;-4
4755;-88;-12
4756;-88;-12
4757;-88;-16
4758;-92;-20
4759;-88;-24
4760;-92;-24
4761;-92;-24
4762;-88;-28
4763;-92;-24
4764;-92;-24
4765;-96;-16
4766;-96;-12
4767;-96;-4
4768;-92;0
4769;-88;4
4770;-96;8
4771;-96;8
4772;-96;12
4773;-96;12
4774;-96;8
4775;-100;8
4776;-96;8
4777;-100;8
4778;-100;4
4779;-100;4
4780;-100;4
4781;-100;0
4782;-112;0
4783;-108;0
4784;-100;0
4785;-104;0
4786;-104;-4
4787;-104;0
4788;-108;0
4789;-104;0
4790;-104;-4
4791;-108;-4
4792;-108;-4
4793;-108;-4
4794;-108;-4
4795;-108;-4
4796;-120;-4
4797;-108;-4
4798;-108;-4
4799;-108;-8
4800;-112;-8
4801;-112;-12
4802;-112;-16
4803;-112;-16
4804;-112;-20
4805;-112;-24
4806;-112;-28
4807;-112;-28
4808;-112;-28
4809;-112;-24
4810;-116;-24
4811;-116;-12
4812;-116;-8
4813;-116;-16
4814;-116;-12
4815;-116;-8
4816;-116;-8
4817;-140;-4
4818;-120;-8
4819;-120;-8
4820;-120;-4
4821;-120;-8
4822;-120;-12
4823;-116;-12
4824;-120;-12
4825;-120;-12
4826;-120;-12
4827;-120;-16
4828;-120;-16
4829;-120;-16
4830;-120;-16
4831;-120;-16
4832;-124;-16
4833;-124;-16
4834;-124;-20
4835;-124;-16
4836;-120;-20
4837;-108;-20
4838;-120;-20
4839;-124;-20
4840;-124;-28
4841;-128;-32
4842;-124;-36
4843;-124;-36
4844;-124;-40
4845;-124;-40
4846;-124;-40
4847;-124;-40
4848;-124;-40
4849;-124;-36
4850;-124;-32
4851;-140;-28
4852;-124;-24
4853;-128;-20
4854;-124;-16
4855;-124;-12
4856;-128;-8
4857;-124;-4
4858;-108;-4
4859;-124;-4
4860;-128;-4
4861;-124;-8
4862;-128;-8
4863;-128;-8
4864;-132;-12
4865;-124;-12
4866;-124;-12
4867;-124;-16
4868;-124;-16
4869;-128;-16
4870;-128;-16
4871;-124;-16
4872;-124;-16
4873;-128;-16
4874;-124;-16
4875;-124;-16
4876;-128;-16
4877;-124;-16
4878;-128;-16
4879;-128;-16
4880;-124;-20
4881;-124;-24
4882;-128;-28
4883;-128;-28
4884;-128;-32
4885;-124;-32
4886;-124;-40
4887;-124;-36
4888;-124;-40
4889;-124;-40
4890;-128;-40
4891;-120;-40
4892;-124;-36
4893;-124;-32
4894;-124;-24
4895;-124;-20
4896;-124;-16
4897;-124;-12
4898;-120;-8
4899;-124;-4
4900;-124;-8
4901;-120;-4
4902;-124;-8
4903;-120;-8
4904;-124;-8
4905;-120;-8
4906;-124;-8
4907;-120;-8
4908;-120;-12
4909;-120;-12
4910;-120;-16
4911;-120;-12
4912;-120;-16
4913;-120;-16
4914;-120;-16
4915;-120;-16
4916;-120;-12
4917;-116;-16
4918;-116;-24
4919;-120;-24
4920;-120;-32
4921;-116;-32
4922;-112;-32
4923;-116;-36
4924;-112;-44
4925;-112;-48
4926;-120;-48
4927;-112;-48
4928;-112;-52
4929;-112;-52
4930;-112;-48
4931;-112;-44
4932;-112;-40
4933;-100;-36
4934;-112;-32
4935;-112;-28
4936;-108;-24
4937;-108;-20
4938;-108;-16
4939;-116;-16
4940;-104;-16
4941;-108;-16
4942;-104;-16
4943;-104;-20
4944;-108;-16
4945;-100;-20
4946;-100;-20
4947;-100;-20
4948;-100;-20
4949;-100;-20
4950;-100;-24
4951;-100;-24
4952;-100;-24
4953;-104;-28
4954;-100;-24
4955;-96;-24
4956;-96;-24
4957;-96;-28
4958;-96;-24
4959;-92;-28
4960;-88;-24
4961;-92;-28
4962;-92;-24
4963;-92;-24
4964;-92;-28
4965;-88;-28
4966;-88;-32
4967;-72;-36
4968;-88;-36
4969;-88;-40
4970;-88;-40
4971;-84;-44
4972;-84;-48
4973;-88;-48
4974;-80;-52
4975;-80;-48
4976;-80;-48
4977;-84;-44
4978;-80;-40
4979;-80;-36
4980;-76;-32
4981;-80;-24
4982;-80;-24
4983;-76;-20
4984;-76;-16
4985;-72;-16
4986;-72;-12
4987;-80;-16
4988;-72;-16
4989;-72;-16
4990;-72;-16
4991;-72;-20
4992;-72;-20
4993;-68;-24
4994;-64;-24
4995;-68;-24
4996;-68;-24
4997;-68;-24
4998;-64;-24
4999;-64;-24
5000;-64;-24
5001;-64;-24
5002;-64;-28
5003;-64;-24
5004;-60;-28
5005;-60;-24
5006;-60;-28
5007;-60;-28
5008;-80;-28
5009;-56;-28
5010;-56;-24
5011;-56;-28
5012;-56;-28
5013;-56;-32
5014;-56;-32
5015;-52;-32
5016;-52;-36
5017;-52;-40
5018;-52;-40
5019;-48;-44
5020;-48;-48
5021;-52;-48
5022;-48;-56
5023;-48;-56
5024;-48;-56
5025;-48;-52
5026;-48;-48
5027;-44;-40
5028;-36;-36
5029;-44;-28
5030;-40;-28
5031;-44;-24
5032;-40;-24
5033;-40;-20
5034;-40;-20
5035;-32;-20
5036;-36;-24
5037;-36;-24
5038;-36;-24
5039;-32;-28
5040;-32;-28
5041;-36;-24
5042;-28;-28
5043;-32;-28
5044;-32;-32
5045;-32;-32
5046;-28;-32
5047;-28;-32
5048;-36;-32
5049;-36;-32
5050;-24;-32
5051;-24;-36
5052;-24;-32
5053;-28;-32
5054;-24;-36
5055;-20;-36
5056;-20;-36
5057;-24;-40
5058;-20;-44
5059;-20;-48
5060;-16;-48
5061;-16;-52
5062;-24;-52
5063;-16;-52
5064;-16;-56
5065;-12;-56
5066;-12;-56
5067;-12;-52
5068;-12;-48
5069;-8;-40
5070;-8;-36
5071;-8;-32
5072;-8;-28
5073;-8;-28
5074;-4;-24
5075;-4;-24
5076;-4;-24
5077;0;-20
5078;0;-20
5079;0;-24
5080;0;-24
5081;0;-24
5082;0;-24
5083;-20;-28
5084;4;-28
5085;8;-32
5086;8;-28
5087;8;-32
5088;8;-32
5089;16;-32
5090;8;-32
5091;12;-28
5092;12;-32
5093;12;-32
5094;12;-32
5095;16;-32
5096;12;-36
5097;16;-32
5098;16;-32
5099;16;-32
5100;16;-36
5101;16;-36
5102;16;-40
5103;20;-44
5104;20;-48
5105;20;-48
5106;24;-52
5107;24;-56
5108;24;-56
5109;28;-56
5110;24;-56
5111;28;-52
5112;28;-48
5113;28;-44
5114;32;-40
5115;28;-36
5116;32;-32
5117;16;-28
5118;36;-24
5119;32;-24
5120;32;-24
5121;36;-20
5122;36;-20
5123;36;-20
5124;56;-20
5125;36;-24
5126;40;-20
5127;40;-20
5128;40;-24
5129;40;-24
5130;40;-24
5131;44;-24
5132;44;-28
5133;44;-28
5134;48;-28
5135;44;-28
5136;44;-32
5137;52;-36
5138;48;-36
5139;52;-40
5140;48;-40
5141;52;-44
5142;52;-48
5143;52;-48
5144;48;-48
5145;56;-48
5146;52;-48
5147;56;-44
5148;52;-40
5149;56;-32
5150;56;-24
5151;52;-20
5152;60;-20
5153;60;-16
5154;60;-20
5155;60;-16
5156;60;-16
5157;64;-16
5158;68;-20
5159;64;-20
5160;60;-20
5161;64;-20
5162;64;-24
5163;68;-24
5164;68;-24
5165;68;-24
5166;68;-24
5167;68;-28
5168;68;-28
5169;68;-28
5170;68;-28
5171;68;-28
5172;72;-28
5173;68;-28
5174;72;-28
5175;72;-28
5176;76;-28
5177;72;-28
5178;72;-28
5179;72;-28
5180;72;-28
5181;76;-32
5182;76;-32
5183;76;-36
5184;76;-40
5185;72;-44
5186;80;-48
5187;76;-48
5188;76;-52
5189;76;-52
5190;80;-52
5191;80;-52
5192;80;-48
5193;80;-44
5194;80;-40
5195;80;-36
5196;84;-32
5197;80;-28
5198;80;-20
5199;88;-20
5200;80;-20
5201;84;-16
5202;84;-16
5203;84;-16
5204;84;-16
5205;76;-16
5206;84;-20
5207;84;-20
5208;84;-20
5209;88;-20
5210;88;-24
5211;88;-20
5212;88;-24
5213;88;-24
5214;88;-28
5215;92;-28
5216;88;-28
5217;88;-28
5218;92;-28
5219;92;-28
5220;92;-28
5221;88;-28
5222;88;-28
5223;92;-28
5224;92;-28
5225;92;-28
5226;100;-28
5227;92;-28
5228;92;-28
5229;92;-28
5230;96;-12
5231;96;-12
5232;92;-16
5233;100;-20
5234;96;-24
5235;96;-28
5236;92;-32
5237;96;-32
5238;92;-36
5239;92;-36
5240;88;-36
5241;96;-36
5242;96;-32
5243;100;-28
5244;96;-24
5245;96;-20
5246;100;-12
5247;100;-12
5248;96;-4
5249;100;-4
5250;100;0
5251;100;0
5252;100;4
5253;88;4
5254;100;0
5255;100;-4
5256;100;0
5257;100;-4
5258;100;-4
5259;104;-8
5260;104;-4
5261;104;-8
5262;100;-8
5263;100;-8
5264;104;-8
5265;100;-8
5266;104;-12
5267;108;-8
5268;104;-12
5269;104;-12
5270;104;-12
5271;104;-12
5272;104;-12
5273;104;-8
5274;92;-12
5275;104;-12
5276;104;-12
5277;104;-12
5278;108;-12
5279;104;-12
5280;104;-12
5281;108;-12
5282;108;-16
5283;108;-20
5284;108;-24
5285;108;-28
5286;104;-28
5287;108;-32
5288;108;-32
5289;104;-36
5290;108;-36
5291;108;-32
5292;108;-32
5293;108;-28
5294;116;-24
5295;108;-20
5296;108;-12
5297;108;-12
5298;108;-8
5299;108;0
5300;108;0
5301;116;0
5302;108;4
5303;108;4
5304;112;0
5305;108;0
5306;112;0
5307;108;0
5308;112;-4
5309;108;-4
5310;112;-8
5311;112;-8
5312;112;-8
5313;108;-8
5314;104;-8
5315;104;-8
5316;108;-12
5317;112;-8
5318;112;-12
5319;112;-8
5320;108;-8
5321;112;-12
5322;112;-12
5323;108;-8
5324;112;-12
5325;112;-12
5326;112;-12
5327;112;-12
5328;100;-12
5329;112;-12
5330;112;-12
5331;112;-12
5332;112;-12
5333;112;-8
5334;112;12
5335;112;12
5336;112;8
5337;112;4
5338;112;0
5339;108;-4
5340;112;-8
5341;108;-8
5342;112;-8
5343;112;-12
5344;108;-12
5345;112;-12
5346;112;-8
5347;112;-4
5348;112;-4
5349;84;4
5350;112;12
5351;108;16
5352;112;20
5353;112;20
5354;108;24
5355;120;24
5356;112;24
5357;108;24
5358;108;24
5359;108;28
5360;108;24
5361;108;24
5362;112;20
5363;108;20
5364;108;20
5365;108;16
5366;108;16
5367;108;16
5368;108;16
5369;120;16
5370;108;12
5371;108;16
5372;108;16
5373;108;12
5374;104;12
5375;104;12
5376;104;16
5377;108;12
5378;104;12
5379;104;12
5380;108;12
5381;108;12
5382;104;12
5383;96;4
5384;104;4
5385;108;0
5386;104;-4
5387;108;-8
5388;108;-8
5389;108;-8
5390;108;-12
5391;104;-12
5392;104;-12
5393;104;-8
5394;104;-4
5395;104;4
5396;104;8
5397;104;12
5398;108;16
5399;104;20
5400;104;24
5401;108;24
5402;104;24
5403;108;24
5404;104;24
5405;104;20
5406;104;24
5407;104;20
5408;104;20
5409;104;24
5410;100;20
5411;100;16
5412;104;16
5413;104;16
5414;104;16
5415;104;16
5416;104;12
5417;96;16
5418;100;12
5419;104;12
5420;104;16
5421;104;16
5422;104;16
5423;104;16
5424;92;16
5425;100;16
5426;100;12
5427;100;12
5428;100;12
5429;100;8
5430;104;8
5431;100;4
5432;100;0
5433;100;-4
5434;100;-8
5435;100;-8
5436;96;-12
5437;100;-12
5438;96;-12
5439;96;-8
5440;96;24
5441;96;28
5442;100;32
5443;92;36
5444;96;40
5445;100;48
5446;96;48
5447;96;52
5448;96;56
5449;96;56
5450;96;52
5451;92;52
5452;96;52
5453;96;52
5454;92;52
5455;96;52
5456;96;48
5457;96;48
5458;84;48
5459;96;44
5460;96;44
5461;92;44
5462;92;44
5463;92;44
5464;92;44
5465;104;44
5466;92;44
5467;92;44
5468;92;44
5469;88;44
5470;88;40
5471;84;40
5472;88;40
5473;88;44
5474;88;44
5475;88;40
5476;88;40
5477;88;36
5478;88;32
5479;88;28
5480;88;24
5481;88;20
5482;88;20
5483;88;16
5484;88;16
5485;80;16
5486;88;20
5487;84;24
5488;84;28
5489;84;32
5490;84;36
5491;88;40
5492;88;44
5493;84;52
5494;80;52
5495;84;52
5496;84;52
5497;84;56
5498;84;52
5499;100;52
5500;84;52
5501;80;48
5502;80;48
5503;80;48
5504;84;44
5505;80;44
5506;84;44
5507;80;44
5508;80;48
5509;80;48
5510;80;44
5511;80;44
5512;76;44
5513;76;44
5514;76;44
5515;76;40
5516;80;44
5517;76;44
5518;76;44
5519;76;40
5520;76;44
5521;76;40
5522;76;36
5523;76;36
5524;76;32
5525;76;28
5526;68;24
5527;76;20
5528;76;20
5529;72;16
5530;72;16
5531;76;16
5532;76;20
5533;76;24
5534;72;32
5535;76;36
5536;72;44
5537;72;48
5538;72;52
5539;72;52
5540;76;52
5541;72;56
5542;72;52
5543;72;52
5544;72;72
5545;68;72
5546;60;72
5547;68;68
5548;68;68
5549;68;68
5550;68;68
5551;68;64
5552;68;64
5553;68;64
5554;64;64
5555;64;60
5556;64;56
5557;64;52
5558;68;48
5559;64;44
5560;56;44
5561;68;40
5562;64;36
5563;64;36
5564;64;36
5565;60;40
5566;64;48
5567;68;52
5568;64;60
5569;64;64
5570;64;68
5571;60;72
5572;60;72
5573;64;72
5574;80;76
5575;60;76
5576;60;72
5577;60;72
5578;60;76
5579;60;68
5580;56;68
5581;60;68
5582;60;68
5583;60;64
5584;56;68
5585;56;64
5586;56;64
5587;56;64
5588;56;64
5589;56;64
5590;56;60
5591;56;60
5592;56;64
5593;52;64
5594;44;60
5595;52;60
5596;56;60
5597;52;60
5598;52;56
5599;52;52
5600;52;52
5601;52;48
5602;52;44
5603;52;44
5604;52;40
5605;56;36
5606;52;36
5607;52;36
5608;52;40
5609;52;40
5610;52;48
5611;52;52
5612;52;56
5613;48;60
5614;48;64
5615;28;68
5616;48;72
5617;48;72
5618;48;76
5619;48;76
5620;48;76
5621;56;76
5622;48;72
5623;48;72
5624;48;68
5625;44;68
5626;48;68
5627;44;64
5628;44;64
5629;44;64
5630;48;64
5631;48;64
5632;44;64
5633;44;64
5634;44;60
5635;56;64
5636;44;64
5637;44;60
5638;44;60
5639;44;60
5640;40;56
5641;44;52
5642;44;44
5643;44;44
5644;44;44
5645;40;40
5646;40;36
5647;44;36
5648;40;32
5649;32;36
5650;40;40
5651;40;44
5652;40;48
5653;40;52
5654;40;60
5655;36;64
5656;40;68
5657;36;72
5658;40;72
5659;36;72
5660;36;72
5661;36;72
5662;36;72
5663;36;72
5664;36;72
5665;36;68
5666;36;68
5667;36;64
5668;32;68
5669;40;64
5670;36;64
5671;32;64
5672;32;64
5673;36;60
5674;36;60
5675;36;60
5676;28;60
5677;32;60
5678;32;60
5679;32;60
5680;32;60
5681;32;60
5682;32;60
5683;24;60
5684;28;56
5685;28;56
5686;28;52
5687;28;48
5688;28;48
5689;32;40
5690;28;40
5691;28;36
5692;28;36
5693;28;32
5694;28;36
5695;28;40
5696;32;40
5697;28;48
5698;28;52
5699;28;56
5700;28;60
5701;28;64
5702;28;68
5703;28;72
5704;24;72
5705;28;72
5706;28;72
5707;28;68
5708;28;68
5709;24;68
5710;24;68
5711;24;64
5712;24;64
5713;24;64
5714;24;60
5715;24;64
5716;20;64
5717;20;60
5718;20;60
5719;20;60
5720;20;60
5721;24;60
5722;24;60
5723;24;60
5724;24;60
5725;20;60
5726;20;60
5727;16;60
5728;20;60
5729;16;56
5730;16;56
5731;20;56
5732;20;56
5733;16;48
5734;16;48
5735;16;44
5736;16;40
5737;8;40
5738;16;36
5739;16;32
5740;12;32
5741;16;36
5742;12;40
5743;16;44
5744;16;48
5745;12;56
5746;12;64
5747;12;68
5748;12;68
5749;8;72
5750;8;72
5751;4;52
5752;12;52
5753;8;52
5754;8;52
5755;8;48
5756;8;48
5757;8;44
5758;12;44
5759;8;44
5760;4;44
5761;8;40
5762;8;40
5763;8;36
5764;8;32
5765;28;32
5766;4;24
5767;4;24
5768;4;20
5769;4;16
5770;0;16
5771;0;16
5772;0;16
5773;0;20
5774;0;28
5775;0;32
5776;-4;40
5777;0;44
5778;-4;48
5779;0;52
5780;0;52
5781;-4;52
5782;-4;52
5783;-4;52
5784;-4;52
5785;-12;52
5786;-4;48
5787;-4;48
5788;-4;44
5789;-4;44
5790;-8;44
5791;-8;44
5792;-12;44
5793;-8;44
5794;-8;40
5795;-12;40
5796;-12;40
5797;-8;40
5798;-8;40
5799;-8;40
5800;-12;40
5801;-12;40
5802;-12;36
5803;-12;32
5804;-12;28
5805;-16;28
5806;-12;20
5807;-16;20
5808;-16;16
5809;-16;16
5810;-20;12
5811;-16;16
5812;-24;16
5813;-20;16
5814;-20;24
5815;-20;28
5816;-20;32
5817;-20;36
5818;-20;40
5819;-20;48
5820;-20;48
5821;-24;48
5822;-24;52
5823;-20;52
5824;-28;48
5825;-28;52
5826;-28;48
5827;-28;48
5828;-28;48
5829;-28;44
5830;-32;44
5831;-28;44
5832;-28;44
5833;-24;44
5834;-28;44
5835;-32;44
5836;-32;40
5837;-32;40
5838;-32;40
5839;-32;40
5840;-20;40
5841;-36;40
5842;-36;40
5843;-36;40
5844;-40;40
5845;-40;40
5846;-40;40
5847;-44;36
5848;-36;32
5849;-40;28
5850;-40;24
5851;-40;20
5852;-40;20
5853;-40;16
5854;-44;16
5855;-44;-12
5856;-44;-16
5857;-44;-12
5858;-44;-12
5859;-44;-8
5860;-40;0
5861;-44;4
5862;-44;8
5863;-44;12
5864;-52;16
5865;-52;20
5866;-48;24
5867;-52;24
5868;-52;24
5869;-52;24
5870;-52;24
5871;-52;20
5872;-52;20
5873;-52;20
5874;-60;16
5875;-52;16
5876;-56;16
5877;-56;16
5878;-56;12
5879;-60;16
5880;-56;12
5881;-68;12
5882;-56;12
5883;-60;16
5884;-60;12
5885;-56;12
5886;-60;12
5887;-52;12
5888;-60;12
5889;-64;12
5890;-60;12
5891;-64;8
5892;-64;8
5893;-68;4
5894;-64;0
5895;-64;-4
5896;-64;-8
5897;-64;-12
5898;-68;-12
5899;-68;-16
5900;-68;-12
5901;-56;-12
5902;-68;-8
5903;-72;-8
5904;-72;-4
5905;-68;4
5906;-72;8
5907;-72;12
5908;-72;16
5909;-72;20
5910;-72;20
5911;-76;24
5912;-76;24
5913;-76;24
5914;-76;20
5915;-92;20
5916;-80;20
5917;-80;16
5918;-80;20
5919;-80;16
5920;-80;16
5921;-80;12
5922;-60;16
5923;-84;16
5924;-80;12
5925;-84;12
5926;-84;12
5927;-84;12
5928;-88;12
5929;-84;12
5930;-88;12
5931;-88;12
5932;-88;12
5933;-88;12
5934;-88;8
5935;-84;8
5936;-88;12
5937;-88;12
5938;-88;12
5939;-88;8
5940;-88;8
5941;-88;8
5942;-100;4
5943;-92;4
5944;-92;0
5945;-92;0
5946;-92;-8
5947;-96;-8
5948;-92;-12
5949;-96;-12
5950;-96;-16
5951;-96;-16
5952;-96;-16
5953;-92;-12
5954;-96;-8
5955;-92;-4
5956;-88;4
5957;-96;12
5958;-96;16
5959;-96;0
5960;-100;0
5961;-96;0
5962;-104;4
5963;-100;0
5964;-104;0
5965;-104;0
5966;-100;-4
5967;-104;-4
5968;-104;0
5969;-108;-4
5970;-104;-4
5971;-104;-8
5972;-108;-8
5973;-104;-8
5974;-104;-8
5975;-104;-8
5976;-116;-8
5977;-104;-8
5978;-108;-8
5979;-104;-8
5980;-108;-8
5981;-112;-8
5982;-104;-12
5983;-108;-8
5984;-112;-12
5985;-112;-8
5986;-112;-12
5987;-112;-12
5988;-112;-16
5989;-108;-16
5990;-108;-20
5991;-112;-24
5992;-112;-28
5993;-112;-32
5994;-112;-32
5995;-112;-36
5996;-116;-36
5997;-124;-36
5998;-116;-32
5999;-116;-28
6000;-116;-28
6001;-116;-20
6002;-116;-16
6003;-124;-12
6004;-116;-8
6005;-116;0
6006;-116;0
6007;-120;0
6008;-120;4
6009;-120;0
6010;-112;0
6011;-116;0
6012;-120;-4
6013;-120;0
6014;-116;-4
6015;-120;-4
6016;-120;-8
6017;-124;-8
6018;-120;-8
6019;-120;-8
6020;-120;-8
6021;-120;-8
6022;-120;-8
6023;-120;-8
6024;-116;-8
6025;-124;-12
6026;-120;-8
6027;-124;-12
6028;-120;-8
6029;-124;-12
6030;-124;-12
6031;-108;-12
6032;-124;-16
6033;-124;-16
6034;-124;-20
6035;-124;-24
6036;-124;-28
6037;-132;-32
6038;-120;-32
6039;-124;-32
6040;-124;-36
6041;-124;-32
6042;-124;-32
6043;-124;-28
6044;-124;-24
6045;-120;-20
6046;-124;-16
6047;-120;-8
6048;-124;-4
6049;-124;-4
6050;-124;0
6051;-136;0
6052;-124;0
6053;-124;4
6054;-124;0
6055;-124;0
6056;-124;-4
6057;-124;-4
6058;-120;-4
6059;-124;-4
6060;-124;-4
6061;-124;-4
6062;-124;-8
6063;-124;-8
6064;-124;-20
6065;-116;-20
6066;-124;-20
6067;-124;-24
6068;-124;-28
6069;-124;-36
6070;-120;-36
6071;-128;-40
6072;-136;-44
6073;-124;-40
6074;-124;-44
6075;-124;-44
6076;-124;-44
6077;-124;-40
6078;-124;-40
6079;-120;-36
6080;-124;-28
6081;-124;-24
6082;-120;-20
6083;-120;-16
6084;-124;-12
6085;-120;-12
6086;-124;-12
6087;-120;-12
6088;-120;-12
6089;-120;-12
6090;-120;-16
6091;-120;-16
6092;-116;-16
6093;-116;-16
6094;-120;-16
6095;-120;-16
6096;-120;-16
6097;-112;-20
6098;-116;-20
6099;-116;-20
6100;-116;-20
6101;-116;-20
6102;-112;-20
6103;-116;-24
6104;-116;-20
6105;-116;-24
6106;-124;-20
6107;-112;-24
6108;-112;-20
6109;-116;-20
6110;-112;-24
6111;-112;-20
6112;-112;-24
6113;-100;-24
6114;-112;-24
6115;-112;-24
6116;-112;-28
6117;-108;-28
6118;-112;-32
6119;-108;-36
6120;-108;-40
6121;-108;-40
6122;-108;-44
6123;-108;-44
6124;-108;-44
6125;-104;-48
6126;-104;-44
6127;-104;-40
6128;-104;-36
6129;-100;-32
6130;-104;-28
6131;-104;-20
6132;-100;-20
6133;-100;-16
6134;-100;-12
6135;-100;-12
6136;-100;-12
6137;-96;-12
6138;-96;-12
6139;-96;-16
6140;-100;-12
6141;-92;-12
6142;-96;-16
6143;-92;-16
6144;-92;-20
6145;-92;-16
6146;-88;-20
6147;-108;-20
6148;-92;-20
6149;-92;-20
6150;-88;-20
6151;-88;-20
6152;-88;-20
6153;-80;-20
6154;-88;-20
6155;-88;-20
6156;-84;-20
6157;-84;-24
6158;-84;-24
6159;-84;-24
6160;-80;-24
6161;-84;-24
6162;-80;-20
6163;-80;-24
6164;-80;-24
6165;-76;-20
6166;-80;-24
6167;-72;-24
6168;-76;-36
6169;-76;-36
6170;-76;-36
6171;-76;-40
6172;-72;-44
6173;-72;-48
6174;-72;-52
6175;-72;-52
6176;-68;-52
6177;-68;-56
6178;-72;-56
6179;-68;-56
6180;-68;-52
6181;-80;-48
6182;-64;-44
6183;-64;-40
6184;-64;-36
6185;-64;-28
6186;-64;-28
6187;-60;-24
6188;-40;-20
6189;-60;-20
6190;-60;-20
6191;-60;-20
6192;-60;-20
6193;-56;-20
6194;-64;-20
6195;-56;-24
6196;-56;-24
6197;-56;-28
6198;-56;-24
6199;-56;-28
6200;-52;-28
6201;-48;-28
6202;-52;-32
6203;-52;-28
6204;-52;-32
6205;-52;-32
6206;-52;-32
6207;-48;-32
6208;-56;-32
6209;-48;-32
6210;-48;-32
6211;-48;-32
6212;-48;-32
6213;-44;-36
6214;-44;-40
6215;-44;-44
6216;-44;-48
6217;-40;-48
6218;-44;-52
6219;-40;-56
6220;-40;-56
6221;-36;-56
6222;-28;-52
6223;-40;-52
6224;-36;-48
6225;-36;-44
6226;-36;-36
6227;-36;-36
6228;-40;-28
6229;-32;-24
6230;-32;-24
6231;-32;-24
6232;-32;-20
6233;-28;-20
6234;-32;-20
6235;-28;-20
6236;-28;-24
6237;-28;-24
6238;-28;-24
6239;-24;-24
6240;-24;-24
6241;-24;-28
6242;-32;-28
6243;-20;-28
6244;-20;-28
6245;-20;-32
6246;-20;-28
6247;-20;-28
6248;-16;-32
6249;-20;-32
6250;-16;-32
6251;-12;-32
6252;-12;-32
6253;-16;-32
6254;-12;-32
6255;-8;-32
6256;-4;-32
6257;-8;-32
6258;-8;-32
6259;-8;-32
6260;-4;-32
6261;-8;-32
6262;-8;-36
6263;0;-40
6264;-4;-40
6265;-4;-44
6266;0;-48
6267;0;-52
6268;0;-52
6269;-8;-52
6270;0;-52
6271;0;-52
6272;0;-56
6273;4;-52
6274;4;-44
6275;4;-36
6276;8;-32
6277;8;-28
6278;8;-24
6279;8;-24
6280;12;-24
6281;12;-24
6282;12;-24
6283;4;-24
6284;16;-28
6285;16;-28
6286;12;-28
6287;16;-28
6288;20;-32
6289;20;-28
6290;24;-32
6291;20;-32
6292;20;-32
6293;20;-32
6294;20;-36
6295;24;-36
6296;24;-32
6297;48;-32
6298;24;-36
6299;24;-36
6300;28;-36
6301;28;-40
6302;28;-44
6303;28;-44
6304;32;-48
6305;32;-52
6306;32;-56
6307;32;-56
6308;36;-56
6309;36;-60
6310;36;-56
6311;36;-52
6312;36;-44
6313;36;-40
6314;40;-32
6315;40;-28
6316;36;-24
6317;32;-24
6318;44;-24
6319;40;-24
6320;44;-24
6321;44;-24
6322;44;-28
6323;48;-24
6324;44;-28
6325;48;-28
6326;48;-28
6327;48;-28
6328;48;-32
6329;52;-32
6330;52;-32
6331;56;-32
6332;52;-36
6333;52;-32
6334;56;-32
6335;52;-32
6336;52;-36
6337;52;-32
6338;56;-32
6339;56;-36
6340;60;-32
6341;60;-36
6342;60;-36
6343;60;-36
6344;52;-40
6345;60;-44
6346;64;-44
6347;64;-48
6348;60;-52
6349;64;-52
6350;64;-56
6351;68;-60
6352;68;-56
6353;68;-56
6354;64;-56
6355;64;-52
6356;68;-48
6357;68;-44
6358;80;-40
6359;68;-36
6360;68;-32
6361;72;-28
6362;68;-24
6363;72;-24
6364;72;-24
6365;76;-24
6366;72;-24
6367;72;-24
6368;72;-28
6369;72;-28
6370;72;-28
6371;72;-28
6372;72;-28
6373;76;-32
6374;76;-28
6375;76;-32
6376;76;-20
6377;80;-20
6378;72;-24
6379;68;-24
6380;80;-28
6381;80;-32
6382;76;-36
6383;80;-40
6384;80;-40
6385;84;-44
6386;80;-44
6387;80;-48
6388;84;-48
6389;84;-44
6390;84;-40
6391;84;-36
6392;76;-32
6393;84;-24
6394;88;-20
6395;84;-16
6396;88;-12
6397;88;-12
6398;88;-12
6399;92;-12
6400;92;-12
6401;88;-12
6402;88;-12
6403;88;-12
6404;88;-16
6405;92;-16
6406;92;-16
6407;92;-20
6408;92;-20
6409;92;-20
6410;92;-20
6411;92;-20
6412;92;-24
6413;68;-20
6414;92;-20
6415;96;-24
6416;92;-20
6417;92;-20
6418;96;-20
6419;100;-20
6420;96;-20
6421;96;-24
6422;96;-24
6423;100;-24
6424;96;-28
6425;96;-32
6426;100;-32
6427;100;-36
6428;100;-40
6429;96;-44
6430;100;-44
6431;100;-44
6432;100;-48
6433;112;-48
6434;100;-44
6435;100;-40
6436;100;-32
6437;100;-24
6438;100;-20
6439;100;-16
6440;104;-12
6441;100;-12
6442;100;-12
6443;100;-12
6444;104;-12
6445;100;-12
6446;100;-12
6447;96;-16
6448;104;-16
6449;100;-16
6450;104;-16
6451;100;-20
6452;104;-20
6453;104;-20
6454;96;-20
6455;104;-20
6456;104;-24
6457;108;-20
6458;104;-20
6459;104;-20
6460;108;-24
6461;108;-24
6462;104;-24
6463;104;-28
6464;104;-36
6465;108;-36
6466;108;-40
6467;108;-44
6468;108;-44
6469;104;-44
6470;104;-48
6471;108;-48
6472;108;-44
6473;108;-40
6474;100;-36
6475;104;-28
6476;108;-20
6477;108;-16
6478;108;-12
6479;104;-12
6480;112;12
6481;104;12
6482;108;12
6483;108;8
6484;108;12
6485;108;8
6486;108;8
6487;112;4
6488;112;4
6489;108;0
6490;108;0
6491;108;0
6492;108;-4
6493;108;-4
6494;116;-8
6495;108;-12
6496;108;-16
6497;112;-20
6498;112;-20
6499;108;-24
6500;108;-24
6501;112;-28
6502;108;-24
6503;112;-20
6504;108;-20
6505;108;-12
6506;108;-8
6507;108;-4
6508;124;4
6509;108;4
6510;112;8
6511;108;12
6512;112;12
6513;108;12
6514;108;12
6515;112;12
6516;112;8
6517;108;8
6518;112;8
6519;112;4
6520;112;4
6521;108;4
6522;96;4
6523;112;4
6524;112;0
6525;108;0
6526;108;0
6527;108;0
6528;112;0
6529;132;0
6530;108;0
6531;108;0
6532;108;-4
6533;108;0
6534;112;0
6535;112;0
6536;108;0
6537;112;0
6538;108;-4
6539;108;-4
6540;108;0
6541;104;-4
6542;112;-4
6543;108;-4
6544;108;-8
6545;108;-12
6546;108;-16
6547;112;-20
6548;108;-24
6549;104;-24
6550;108;-28
6551;108;-28
6552;108;-24
6553;108;-24
6554;108;-20
6555;108;-16
6556;100;-8
6557;108;-4
6558;104;0
6559;108;4
6560;104;8
6561;108;12
6562;108;12
6563;112;12
6564;104;12
6565;108;12
6566;104;8
6567;104;8
6568;104;8
6569;108;8
6570;108;4
6571;104;8
6572;104;4
6573;104;4
6574;104;0
6575;104;0
6576;104;0
6577;104;0
6578;104;-4
6579;104;0
6580;104;0
6581;104;0
6582;104;0
6583;108;0
6584;104;32
6585;104;28
6586;104;28
6587;104;24
6588;104;20
6589;104;16
6590;100;16
6591;104;12
6592;104;8
6593;104;8
6594;104;4
6595;104;4
6596;104;4
6597;100;8
6598;104;12
6599;104;20
6600;100;24
6601;104;28
6602;100;32
6603;100;36
6604;104;40
6605;100;40
6606;104;44
6607;100;40
6608;100;44
6609;104;40
6610;96;40
6611;100;36
6612;100;40
6613;100;36
6614;100;36
6615;100;36
6616;100;32
6617;100;32
6618;100;32
6619;100;32
6620;96;32
6621;100;32
6622;100;32
6623;100;32
6624;92;32
6625;100;28
6626;96;32
6627;96;28
6628;96;32
6629;100;32
6630;96;32
6631;104;32
6632;96;28
6633;96;24
6634;96;24
6635;92;20
6636;96;16
6637;92;12
6638;108;12
6639;96;8
6640;96;4
6641;92;8
6642;92;4
6643;92;8
6644;84;12
6645;96;20
6646;92;28
6647;92;32
6648;92;40
6649;92;40
6650;92;44
6651;92;44
6652;88;40
6653;88;40
6654;92;40
6655;92;40
6656;92;40
6657;88;40
6658;76;36
6659;88;36
6660;88;36
6661;88;36
6662;88;36
6663;88;36
6664;88;36
6665;88;32
6666;88;32
6667;88;32
6668;88;32
6669;84;32
6670;92;32
6671;88;28
6672;88;28
6673;84;32
6674;84;32
6675;84;28
6676;84;32
6677;80;32
6678;80;28
6679;68;28
6680;80;24
6681;84;20
6682;84;20
6683;84;16
6684;80;12
6685;88;12
6686;84;8
6687;80;4
6688;80;4
6689;84;32
6690;80;32
6691;84;40
6692;84;44
6693;80;52
6694;80;56
6695;80;60
6696;80;60
6697;80;64
6698;80;68
6699;92;68
6700;80;68
6701;80;68
6702;80;68
6703;80;68
6704;80;68
6705;80;64
6706;80;64
6707;76;64
6708;80;64
6709;76;60
6710;76;60
6711;72;60
6712;72;60
6713;72;56
6714;76;56
6715;76;60
6716;76;56
6717;76;56
6718;72;56
6719;76;60
6720;72;56
6721;72;56
6722;72;56
6723;76;56
6724;76;56
6725;72;56
6726;72;52
6727;72;48
6728;72;44
6729;68;40
6730;72;36
6731;68;36
6732;68;32
6733;76;32
6734;68;32
6735;68;32
6736;72;36
6737;68;40
6738;68;44
6739;72;48
6740;68;52
6741;68;60
6742;68;64
6743;68;64
6744;68;68
6745;68;68
6746;68;68
6747;60;68
6748;68;68
6749;64;68
6750;64;64
6751;64;64
6752;68;64
6753;64;60
6754;60;60
6755;64;60
6756;64;60
6757;68;60
6758;64;60
6759;60;60
6760;72;60
6761;64;60
6762;64;56
6763;64;60
6764;64;56
6765;60;60
6766;60;56
6767;64;56
6768;60;56
6769;60;56
6770;56;56
6771;60;56
6772;60;56
6773;60;56
6774;68;52
6775;60;52
6776;60;44
6777;56;44
6778;56;40
6779;56;36
6780;56;36
6781;52;32
6782;56;32
6783;60;32
6784;56;32
6785;52;32
6786;56;40
6787;52;44
6788;40;48
6789;52;56
6790;56;60
6791;56;64
6792;56;64
6793;52;80
6794;52;80
6795;72;80
6796;52;76
6797;52;80
6798;52;76
6799;48;76
6800;52;76
6801;48;76
6802;52;72
6803;52;72
6804;52;68
6805;48;72
6806;52;72
6807;48;64
6808;52;68
6809;48;68
6810;48;68
6811;48;68
6812;44;68
6813;48;68
6814;48;68
6815;44;68
6816;48;68
6817;44;64
6818;44;68
6819;44;64
6820;48;68
6821;44;64
6822;40;64
6823;44;60
6824;44;56
6825;44;52
6826;44;52
6827;44;48
6828;48;44
6829;48;40
6830;44;40
6831;44;40
6832;44;44
6833;44;44
6834;40;52
6835;44;52
6836;44;60
6837;40;64
6838;40;68
6839;40;72
6840;40;76
6841;40;76
6842;36;80
6843;40;80
6844;36;80
6845;36;76
6846;36;76
6847;36;76
6848;36;76
6849;28;72
6850;36;72
6851;36;72
6852;36;68
6853;36;68
6854;36;68
6855;36;68
6856;36;68
6857;36;68
6858;36;68
6859;36;68
6860;32;68
6861;36;64
6862;36;64
6863;36;64
6864;32;64
6865;32;64
6866;36;64
6867;32;64
6868;32;60
6869;32;60
6870;32;52
6871;28;48
6872;32;48
6873;32;44
6874;28;44
6875;28;40
6876;20;40
6877;28;44
6878;28;44
6879;28;48
6880;28;52
6881;28;60
6882;28;64
6883;28;68
6884;28;72
6885;24;72
6886;24;76
6887;24;76
6888;28;76
6889;24;76
6890;20;76
6891;24;76
6892;24;72
6893;24;72
6894;24;72
6895;24;72
6896;24;72
6897;28;56
6898;24;60
6899;24;56
6900;24;56
6901;20;52
6902;24;48
6903;20;44
6904;36;40
6905;20;36
6906;16;32
6907;20;32
6908;20;32
6909;20;28
6910;12;28
6911;20;32
6912;16;36
6913;16;40
6914;16;44
6915;16;52
6916;16;56
6917;16;60
6918;16;64
6919;16;64
6920;16;64
6921;16;64
6922;16;64
6923;16;64
6924;0;64
6925;12;64
6926;12;60
6927;12;60
6928;12;60
6929;12;60
6930;12;56
6931;12;56
6932;12;56
6933;12;56
6934;8;52
6935;8;52
6936;8;56
6937;12;52
6938;8;52
6939;8;52
6940;8;52
6941;4;52
6942;8;52
6943;8;52
6944;8;52
6945;-16;48
6946;4;52
6947;8;44
6948;4;44
6949;0;40
6950;4;36
6951;12;32
6952;4;32
6953;4;28
6954;0;28
6955;0;28
6956;0;28
6957;0;32
6958;4;40
6959;0;48
6960;0;56
6961;0;60
6962;0;60
6963;0;64
6964;-4;64
6965;8;64
6966;0;64
6967;0;64
6968;-4;60
6969;-8;60
6970;-4;60
6971;-4;60
6972;-4;60
6973;-4;56
6974;-8;56
6975;-8;56
6976;-8;56
6977;-4;52
6978;-4;52
6979;-20;56
6980;-8;52
6981;-12;52
6982;-8;56
6983;-8;52
6984;-12;52
6985;-8;52
6986;4;52
6987;-12;48
6988;-12;44
6989;-12;40
6990;-16;40
6991;-16;32
6992;-20;28
6993;-16;28
6994;-16;24
6995;-16;28
6996;-16;28
6997;-16;28
6998;-20;36
6999;-16;40
7000;-20;44
7001;-16;48
7002;-20;28
7003;-20;32
7004;-20;32
7005;-20;36
7006;-24;36
7007;-20;36
7008;-24;40
7009;-24;36
7010;-24;36
7011;-24;32
7012;-24;32
7013;-32;32
7014;-28;28
7015;-24;32
7016;-28;28
7017;-28;28
7018;-28;28
7019;-24;28
7020;-28;28
7021;-28;28
7022;-32;24
7023;-32;28
7024;-32;24
7025;-32;24
7026;-28;24
7027;-32;24
7028;-36;24
7029;-36;24
7030;-36;24
7031;-36;24
7032;-40;24
7033;-36;20
7034;-36;20
7035;-36;16
7036;-36;12
7037;-40;12
7038;-40;8
7039;-40;4
7040;-36;0
7041;-40;0
7042;-40;-4
7043;-40;0
7044;-44;4
7045;-44;8
7046;-44;12
7047;-48;12
7048;-44;20
7049;-48;24
7050;-44;28
7051;-48;32
7052;-48;36
7053;-44;36
7054;-56;36
7055;-48;36
7056;-48;36
7057;-48;36
7058;-52;32
7059;-52;32
7060;-48;32
7061;-40;32
7062;-52;28
7063;-52;28
7064;-52;28
7065;-56;24
7066;-56;28
7067;-60;24
7068;-60;28
7069;-56;28
7070;-60;28
7071;-60;28
7072;-60;28
7073;-60;24
7074;-56;24
7075;-60;24
7076;-64;24
7077;-64;20
7078;-60;24
7079;-60;24
7080;-64;20
7081;-72;16
7082;-64;12
7083;-64;8
7084;-64;8
7085;-64;0
7086;-68;0
7087;-68;0
7088;-68;0
7089;-68;0
7090;-68;4
7091;-68;8
7092;-72;16
7093;-72;20
7094;-72;28
7095;-52;32
7096;-72;36
7097;-72;36
7098;-72;36
7099;-72;36
7100;-76;36
7101;-84;36
7102;-72;32
7103;-76;32
7104;-76;32
7105;-76;32
7106;-76;-4
7107;-80;4
7108;-80;0
7109;-80;0
7110;-80;-4
7111;-80;-8
7112;-80;-8
7113;-80;-12
7114;-80;-16
7115;-92;-20
7116;-84;-20
7117;-84;-24
7118;-84;-28
7119;-84;-24
7120;-84;-24
7121;-84;-20
7122;-84;-16
7123;-84;-12
7124;-88;-4
7125;-88;0
7126;-88;4
7127;-88;8
7128;-88;12
7129;-84;12
7130;-88;12
7131;-88;12
7132;-92;8
7133;-88;8
7134;-92;8
7135;-92;8
7136;-100;4
7137;-92;4
7138;-92;4
7139;-92;4
7140;-96;0
7141;-92;0
7142;-100;0
7143;-96;0
7144;-96;0
7145;-96;0
7146;-92;0
7147;-96;0
7148;-100;0
7149;-100;0
7150;-96;0
7151;-100;0
7152;-96;-4
7153;-100;-4
7154;-104;-4
7155;-100;-8
7156;-92;-12
7157;-104;-16
7158;-104;-20
7159;-104;-20
7160;-104;-24
7161;-104;-24
7162;-104;-28
7163;-100;-24
7164;-108;-24
7165;-104;-24
7166;-104;-16
7167;-108;-12
7168;-108;-8
7169;-108;-4
7170;-104;0
7171;-108;4
7172;-108;8
7173;-112;8
7174;-112;12
7175;-112;12
7176;-116;8
7177;-116;8
7178;-112;8
7179;-112;4
7180;-112;4
7181;-112;4
7182;-112;4
7183;-112;4
7184;-112;4
7185;-112;4
7186;-112;0
7187;-112;0
7188;-116;4
7189;-116;0
7190;-120;0
7191;-116;0
7192;-116;0
7193;-116;0
7194;-116;0
7195;-120;0
7196;-116;-4
7197;-120;0
7198;-120;-4
7199;-120;-4
7200;-120;-8
7201;-120;-12
7202;-116;-16
7203;-120;-20
7204;-124;-20
7205;-120;-24
7206;-124;-24
7207;-120;-24
7208;-120;-24
7209;-120;-40
7210;-124;-36
7211;-144;-32
7212;-124;-28
7213;-124;-24
7214;-124;-20
7215;-124;-16
7216;-124;-12
7217;-116;-8
7218;-124;-8
7219;-124;-8
7220;-124;-8
7221;-120;-8
7222;-124;-12
7223;-124;-12
7224;-128;-12
7225;-124;-12
7226;-124;-16
7227;-124;-16
7228;-124;-16
7229;-124;-16
7230;-124;-16
7231;-128;-20
7232;-124;-20
7233;-124;-20
7234;-124;-16
7235;-124;-20
7236;-124;-20
7237;-128;-20
7238;-132;-20
7239;-128;-20
7240;-124;-20
7241;-128;-20
7242;-124;-24
7243;-124;-24
7244;-124;-24
7245;-132;-28
7246;-124;-32
7247;-124;-36
7248;-124;-40
7249;-124;-40
7250;-128;-44
7251;-124;-44
7252;-108;-44
7253;-124;-40
7254;-128;-36
7255;-128;-32
7256;-124;-24
7257;-124;-16
7258;-128;-16
7259;-124;-12
7260;-124;-12
7261;-124;-4
7262;-124;-8
7263;-124;-8
7264;-124;-8
7265;-116;-12
7266;-124;-12
7267;-124;-12
7268;-124;-16
7269;-124;-16
7270;-124;-12
7271;-124;-12
7272;-128;-16
7273;-120;-16
7274;-120;-20
7275;-120;-20
7276;-120;-20
7277;-120;-20
7278;-120;-20
7279;-128;-20
7280;-120;-20
7281;-120;-20
7282;-116;-20
7283;-120;-20
7284;-120;-24
7285;-112;-24
7286;-116;-32
7287;-120;-32
7288;-116;-36
7289;-116;-40
7290;-120;-40
7291;-120;-44
7292;-112;-44
7293;-116;-44
7294;-116;-40
7295;-116;-36
7296;-112;-32
7297;-112;-28
7298;-116;-24
7299;-112;-20
7300;-112;-12
7301;-112;-12
7302;-112;-8
7303;-112;-8
7304;-112;-8
7305;-108;-8
7306;-108;-12
7307;-108;-12
7308;-108;-8
7309;-108;-12
7310;-108;-12
7311;-104;-12
7312;-104;-12
7313;-112;-12
7314;-104;-32
7315;-104;-32
7316;-104;-32
7317;-104;-32
7318;-104;-36
7319;-100;-40
7320;-100;-40
7321;-104;-44
7322;-100;-48
7323;-100;-52
7324;-100;-52
7325;-100;-56
7326;-96;-56
7327;-88;-56
7328;-96;-56
7329;-96;-52
7330;-96;-44
7331;-96;-36
7332;-96;-32
7333;-104;-28
7334;-92;-24
7335;-92;-24
7336;-92;-24
7337;-92;-20
7338;-88;-20
7339;-92;-20
7340;-84;-24
7341;-88;-28
7342;-88;-28
7343;-84;-28
7344;-88;-28
7345;-84;-28
7346;-84;-28
7347;-72;-32
7348;-84;-32
7349;-80;-32
7350;-80;-32
7351;-80;-32
7352;-80;-32
7353;-80;-32
7354;-72;-32
7355;-80;-36
7356;-80;-36
7357;-76;-36
7358;-76;-36
7359;-72;-32
7360;-76;-36
7361;-68;-40
7362;-72;-40
7363;-72;-44
7364;-72;-48
7365;-72;-52
7366;-72;-52
7367;-76;-56
7368;-72;-56
7369;-68;-56
7370;-68;-60
7371;-64;-52
7372;-68;-52
7373;-64;-44
7374;-64;-44
7375;-60;-36
7376;-64;-32
7377;-64;-28
7378;-60;-24
7379;-60;-24
7380;-60;-24
7381;-72;-24
7382;-60;-24
7383;-56;-24
7384;-60;-24
7385;-56;-24
7386;-52;-24
7387;-52;-28
7388;-52;-28
7389;-52;-28
7390;-52;-28
7391;-52;-32
7392;-52;-32
7393;-52;-32
7394;-48;-32
7395;-44;-32
7396;-48;-32
7397;-44;-32
7398;-44;-32
7399;-44;-32
7400;-44;-32
7401;-44;-36
7402;-60;-36
7403;-44;-36
7404;-40;-32
7405;-40;-32
7406;-40;-36
7407;-40;-36
7408;-36;-36
7409;-36;-40
7410;-36;-44
7411;-36;-44
7412;-36;-48
7413;-32;-52
7414;-32;-52
7415;-32;-56
7416;-32;-56
7417;-28;-56
7418;-32;-60
7419;-28;-60
7420;-32;-56
7421;-24;-52
7422;-16;-48
7423;-28;-40
7424;-24;-40
7425;-24;-32
7426;-24;-28
7427;-24;-28
7428;-20;-28
7429;-20;-28
7430;-20;-28
7431;-20;-32
7432;-16;-28
7433;-16;-32
7434;-20;-32
7435;-20;-32
7436;-20;-32
7437;-16;-32
7438;-12;-36
7439;-16;-36
7440;-12;-36
7441;-12;-36
7442;-16;-36
7443;-20;-40
7444;-8;-40
7445;-8;-36
7446;-8;-40
7447;-8;-36
7448;-8;-36
7449;-4;-40
7450;-4;-40
7451;-4;-40
7452;0;-40
7453;-4;-44
7454;0;-48
7455;0;-52
7456;4;-56
7457;0;-60
7458;4;-60
7459;0;-60
7460;4;-60
7461;4;-60
7462;4;-60
7463;0;-52
7464;8;-48
7465;8;-44
7466;12;-36
7467;12;-32
7468;12;-32
7469;12;-28
7470;8;-28
7471;12;-28
7472;16;-28
7473;16;-28
7474;16;-28
7475;16;-28
7476;20;-32
7477;24;-32
7478;20;-32
7479;20;-32
7480;20;-36
7481;20;-36
7482;20;-36
7483;28;-36
7484;24;-36
7485;24;-36
7486;28;-36
7487;28;-36
7488;28;-40
7489;28;-40
7490;28;-40
7491;28;-40
7492;32;-40
7493;32;-44
7494;32;-48
7495;32;-48
7496;32;-52
7497;44;-56
7498;36;-56
7499;36;-60
7500;36;-60
7501;36;-64
7502;36;-60
7503;36;-60
7504;36;-56
7505;40;-48
7506;40;-48
7507;40;-44
7508;44;-40
7509;44;-32
7510;44;-32
7511;36;-28
7512;48;-28
7513;48;-28
7514;48;-28
7515;48;-28
7516;52;-28
7517;52;-32
7518;68;-32
7519;52;-32
7520;52;-32
7521;52;-32
7522;52;-28
7523;52;-28
7524;52;-28
7525;56;-32
7526;56;-32
7527;56;-36
7528;56;-44
7529;60;-44
7530;60;-48
7531;64;-52
7532;60;-52
7533;60;-52
7534;60;-52
7535;60;-52
7536;64;-48
7537;64;-40
7538;60;-36
7539;64;-28
7540;64;-24
7541;64;-20
7542;68;-20
7543;68;-20
7544;68;-20
7545;64;-20
7546;68;-20
7547;68;-20
7548;68;-24
7549;68;-24
7550;72;-24
7551;76;-24
7552;80;-28
7553;72;-28
7554;72;-28
7555;72;-28
7556;72;-28
7557;76;-32
7558;76;-32
7559;72;-32
7560;76;-28
7561;76;-32
7562;76;-32
7563;76;-28
7564;76;-32
7565;76;-32
7566;76;-32
7567;80;-36
7568;76;-36
7569;80;-40
7570;80;-44
7571;80;-48
7572;76;-52
7573;80;-52
7574;80;-52
7575;84;-52
7576;84;-56
7577;84;-52
7578;84;-48
7579;80;-40
7580;84;-36
7581;84;-28
7582;88;-24
7583;84;-24
7584;84;-20
7585;84;-20
7586;88;-20
7587;88;-20
7588;84;-20
7589;88;-20
7590;88;-24
7591;88;-24
7592;88;-24
7593;96;-28
7594;92;-28
7595;88;-24
7596;92;-28
7597;92;-28
7598;88;-28
7599;88;-32
7600;92;-32
7601;92;-28
7602;96;-32
7603;96;-32
7604;92;-28
7605;92;-32
7606;96;-32
7607;96;-32
7608;96;-32
7609;96;-32
7610;96;-36
7611;96;-40
7612;96;-40
7613;104;-44
7614;96;-48
7615;96;-52
7616;96;-52
7617;100;-52
7618;96;-52
7619;100;-56
7620;104;-52
7621;100;-48
7622;100;-44
7623;96;-40
7624;100;-32
7625;100;-32
7626;100;-4
7627;104;-4
7628;100;0
7629;100;0
7630;100;4
7631;100;0
7632;100;0
7633;92;0
7634;96;0
7635;104;-4
7636;104;-8
7637;104;-4
7638;100;-8
7639;100;-8
7640;104;-8
7641;100;-8
7642;104;-8
7643;108;-8
7644;104;-12
7645;104;-12
7646;104;-12
7647;92;-12
7648;108;-16
7649;104;-16
7650;108;-24
7651;104;-24
7652;108;-28
7653;108;-32
7654;104;-32
7655;108;-36
7656;104;-36
7657;108;-32
7658;104;-32
7659;108;-28
7660;108;-24
7661;112;-20
7662;108;-16
7663;104;-12
7664;104;-4
7665;108;0
7666;108;0
7667;104;0
7668;88;0
7669;108;0
7670;108;0
7671;108;0
7672;108;-4
7673;108;0
7674;112;-4
7675;108;-4
7676;108;-8
7677;112;-8
7678;108;-8
7679;108;-8
7680;108;-12
7681;108;-8
7682;108;-12
7683;112;-12
7684;108;-12
7685;112;-12
7686;108;-12
7687;112;-12
7688;120;-8
7689;108;-12
7690;112;-12
7691;112;-12
7692;112;-12
7693;112;-12
7694;112;-16
7695;112;-16
7696;112;-16
7697;116;-16
7698;108;-20
7699;112;-24
7700;112;-28
7701;108;-32
7702;104;-32
7703;112;-32
7704;112;-36
7705;112;-36
7706;112;-32
7707;112;-28
7708;112;-24
7709;100;-16
7710;112;-12
7711;112;-4
7712;112;-4
7713;112;0
7714;108;0
7715;104;0
7716;112;0
7717;112;0
7718;112;-4
7719;112;0
7720;108;-4
7721;108;-4
7722;116;-4
7723;112;-8
7724;112;-8
7725;108;-8
7726;108;-8
7727;108;-8
7728;112;-8
7729;104;-8
7730;112;20
7731;112;20
7732;112;16
7733;108;12
7734;108;8
7735;112;4
7736;108;0
7737;108;0
7738;108;-4
7739;108;-8
7740;108;-8
7741;108;-8
7742;112;-8
7743;112;-4
7744;108;0
7745;108;8
7746;104;12
7747;108;16
7748;108;20
7749;116;24
7750;104;28
7751;108;28
7752;108;32
7753;108;32
7754;108;28
7755;104;32
7756;108;28
7757;104;28
7758;108;24
7759;104;24
7760;108;24
7761;108;24
7762;108;24
7763;116;20
7764;108;20
7765;108;20
7766;108;20
7767;108;20
7768;108;20
7769;104;16
7770;100;16
7771;108;20
7772;104;20
7773;104;20
7774;104;20
7775;104;16
7776;104;16
7777;92;12
7778;104;8
7779;104;4
7780;104;0
7781;108;-4
7782;104;-4
7783;108;-8
7784;120;-8
7785;104;-8
7786;104;-4
7787;104;-4
7788;104;4
7789;100;4
7790;100;12
7791;100;16
7792;100;20
7793;104;24
7794;104;28
7795;104;28
7796;104;32
7797;108;32
7798;100;32
7799;104;28
7800;100;28
7801;100;24
7802;100;28
7803;100;24
7804;96;24
7805;100;24
7806;100;24
7807;100;20
7808;100;20
7809;100;20
7810;100;20
7811;96;20
7812;100;20
7813;96;20
7814;100;20
7815;96;20
7816;100;16
7817;100;20
7818;112;20
7819;100;16
7820;96;16
7821;96;16
7822;96;12
7823;96;8
7824;96;4
7825;96;0
7826;96;0
7827;92;-8
7828;96;-8
7829;96;-8
7830;92;-8
7831;92;-4
7832;96;4
7833;96;12
7834;92;48
7835;92;52
7836;92;60
7837;92;64
7838;84;64
7839;92;64
7840;92;64
7841;92;64
7842;92;60
7843;88;60
7844;88;60
7845;84;56
7846;92;56
7847;88;52
7848;88;52
7849;88;52
7850;88;52
7851;88;52
7852;92;52
7853;88;48
7854;88;48
7855;84;48
7856;88;52
7857;84;52
7858;84;52
7859;72;52
7860;84;48
7861;84;48
7862;84;48
7863;84;44
7864;84;40
7865;84;40
7866;84;36
7867;84;32
7868;84;28
7869;80;28
7870;84;24
7871;80;24
7872;80;28
7873;80;32
7874;80;32
7875;80;40
7876;80;44
7877;80;48
7878;80;52
7879;88;56
7880;80;56
7881;80;60
7882;80;64
7883;80;64
7884;80;64
7885;80;64
7886;84;60
7887;76;60
7888;76;60
7889;80;56
7890;80;56
7891;76;56
7892;76;56
7893;80;52
7894;76;52
7895;76;52
7896;76;56
7897;76;48
7898;72;52
7899;68;52
7900;68;52
7901;72;52
7902;72;52
7903;76;48
7904;72;48
7905;72;48
7906;72;48
7907;72;48
7908;68;48
7909;72;48
7910;68;48
7911;72;48
7912;68;44
7913;64;40
7914;68;36
7915;68;32
7916;68;28
7917;68;28
7918;68;28
7919;68;24
7920;68;28
7921;68;28
7922;68;32
7923;68;36
7924;68;40
7925;68;44
7926;68;52
7927;68;56
7928;68;60
7929;68;60
7930;64;60
7931;64;60
7932;64;64
7933;60;64
7934;40;60
7935;64;60
7936;64;60
7937;64;60
7938;64;60
7939;64;76
7940;68;76
7941;64;76
7942;64;76
7943;64;76
7944;60;72
7945;60;72
7946;60;68
7947;64;68
7948;60;68
7949;60;64
7950;60;60
7951;60;56
7952;60;52
7953;60;52
7954;68;44
7955;60;48
7956;60;48
7957;56;48
7958;56;52
7959;56;56
7960;56;60
7961;56;72
7962;56;76
7963;56;80
7964;56;80
7965;56;84
7966;56;80
7967;56;80
7968;44;80
7969;56;80
7970;56;80
7971;56;76
7972;56;76
7973;56;76
7974;56;76
7975;72;72
7976;52;72
7977;52;72
7978;52;72
7979;52;72
7980;52;68
7981;48;72
7982;52;68
7983;52;72
7984;52;68
7985;52;68
7986;52;60
7987;48;56
7988;56;52
7989;52;48
7990;48;48
7991;48;44
7992;48;44
7993;48;44
7994;48;44
7995;44;48
7996;48;56
7997;44;60
7998;48;64
7999;48;68
8000;44;72
8001;48;76
8002;44;80
8003;48;80
8004;44;80
8005;44;80
8006;44;80
8007;44;80
8008;48;80
8009;48;76
8010;44;76
8011;44;76
8012;44;76
8013;44;76
8014;40;76
8015;48;76
8016;44;72
8017;44;72
8018;44;72
8019;44;72
8020;44;68
8021;44;68
8022;44;68
8023;44;68
8024;40;72
8025;40;72
8026;40;68
8027;40;68
8028;40;68
8029;44;68
8030;40;68
8031;40;68
8032;40;68
8033;36;68
8034;40;68
8035;36;68
8036;36;68
8037;36;68
8038;36;64
8039;36;68
8040;36;68
8041;36;68
8042;36;68
8043;28;60
8044;36;56
8045;36;52
8046;36;52
8047;36;48
8048;36;44
8049;40;40
8050;48;40
8051;32;40
8052;36;36
8053;36;40
8054;32;44
8055;32;44
8056;28;48
8057;32;52
8058;32;60
8059;32;64
8060;32;68
8061;28;72
8062;32;76
8063;36;76
8064;28;76
8065;32;76
8066;32;76
8067;28;76
8068;28;72
8069;28;72
8070;20;68
8071;28;68
8072;28;68
8073;28;64
8074;28;68
8075;28;68
8076;28;68
8077;24;64
8078;28;64
8079;28;64
8080;24;64
8081;24;64
8082;24;64
8083;28;64
8084;44;64
8085;24;64
8086;20;64
8087;24;64
8088;24;60
8089;20;60
8090;16;60
8091;24;56
8092;20;52
8093;20;48
8094;20;44
8095;20;44
8096;20;40
8097;20;36
8098;20;36
8099;20;36
8100;20;40
8101;16;48
8102;20;52
8103;16;60
8104;8;68
8105;16;68
8106;12;72
8107;16;76
8108;16;76
8109;16;76
8110;16;72
8111;16;72
8112;16;72
8113;12;68
8114;12;72
8115;12;68
8116;12;68
8117;12;68
8118;16;68
8119;12;64
8120;12;64
8121;12;64
8122;12;64
8123;12;64
8124;8;64
8125;-8;60
8126;12;64
8127;8;60
8128;12;64
8129;8;60
8130;4;64
8131;8;60
8132;4;60
8133;8;60
8134;4;56
8135;4;56
8136;4;52
8137;4;44
8138;4;40
8139;4;40
8140;4;40
8141;0;36
8142;0;40
8143;4;36
8144;0;44
8145;12;44
8146;0;48
8147;0;32
8148;0;36
8149;0;40
8150;-4;44
8151;0;44
8152;4;48
8153;0;48
8154;-4;48
8155;0;48
8156;-4;48
8157;-4;48
8158;-4;48
8159;-4;48
8160;-4;44
8161;-4;44
8162;-4;44
8163;-8;44
8164;-8;40
8165;-12;40
8166;-16;40
8167;-8;40
8168;-8;40
8169;-8;36
8170;-8;40
8171;-8;40
8172;-8;36
8173;-12;40
8174;-12;40
8175;-12;36
8176;-12;36
8177;-12;36
8178;-16;36
8179;-16;32
8180;-12;32
8181;-12;24
8182;-16;24
8183;-16;20
8184;-16;16
8185;-16;16
8186;-16;16
8187;-20;12
8188;-16;12
8189;-20;16
8190;-20;20
8191;-20;24
8192;-20;28
8193;-24;32
8194;-20;40
8195;-24;44
8196;-20;44
8197;-24;48
8198;-28;48
8199;-24;52
8200;-48;48
8201;-28;48
8202;-28;48
8203;-28;48
8204;-32;44
8205;-28;44
8206;-20;44
8207;-32;44
8208;-32;40
8209;-32;40
8210;-32;44
8211;-32;40
8212;-36;40
8213;-32;40
8214;-36;40
8215;-32;36
8216;-36;40
8217;-40;40
8218;-36;40
8219;-36;36
8220;-32;36
8221;-40;40
8222;-40;36
8223;-40;40
8224;-40;36
8225;-40;32
8226;-40;32
8227;-44;28
8228;-44;24
8229;-44;16
8230;-40;16
8231;-48;16
8232;-48;12
8233;-44;12
8234;-60;12
8235;-48;16
8236;-44;24
8237;-48;24
8238;-48;36
8239;-48;40
8240;-48;44
8241;-36;48
8242;-52;48
8243;-52;52
8244;-52;48
8245;-56;48
8246;-52;48
8247;-56;44
8248;-52;48
8249;-52;48
8250;-56;44
8251;-56;16
8252;-56;12
8253;-56;12
8254;-56;8
8255;-60;8
8256;-60;0
8257;-56;0
8258;-60;-8
8259;-64;-8
8260;-60;-8
8261;-60;-16
8262;-60;-12
8263;-60;-16
8264;-64;-16
8265;-64;-16
8266;-64;-12
8267;-64;-8
8268;-72;0
8269;-68;4
8270;-68;8
8271;-68;12
8272;-68;16
8273;-68;20
8274;-68;20
8275;-72;20
8276;-72;20
8277;-68;20
8278;-72;20
8279;-72;16
8280;-72;16
8281;-68;12
8282;-72;12
8283;-76;12
8284;-76;12
8285;-72;12
8286;-76;12
8287;-76;8
8288;-76;8
8289;-76;12
8290;-80;8
8291;-76;8
8292;-80;8
8293;-80;8
8294;-80;8
8295;-76;8
8296;-84;8
8297;-80;8
8298;-84;8
8299;-84;8
8300;-84;8
8301;-84;8
8302;-88;4
8303;-88;4
8304;-88;0
8305;-88;-4
8306;-88;-8
8307;-88;-12
8308;-88;-16
8309;-92;-16
8310;-88;-20
8311;-88;-20
8312;-88;-16
8313;-92;-12
8314;-88;-8
8315;-88;-4
8316;-76;0
8317;-92;8
8318;-92;12
8319;-92;16
8320;-92;20
8321;-96;20
8322;-100;20
8323;-96;20
8324;-96;20
8325;-96;16
8326;-96;20
8327;-96;16
8328;-100;16
8329;-92;12
8330;-100;16
8331;-100;12
8332;-100;12
8333;-100;12
8334;-100;12
8335;-100;8
8336;-108;8
8337;-100;8
8338;-104;8
8339;-104;8
8340;-104;8
8341;-104;8
8342;-104;8
8343;-104;8
8344;-104;8
8345;-108;8
8346;-108;8
8347;-108;8
8348;-108;8
8349;-108;4
8350;-88;4
8351;-108;8
8352;-108;8
8353;-108;8
8354;-108;8
8355;-108;-16
8356;-120;-20
8357;-108;-20
8358;-112;-24
8359;-112;-28
8360;-108;-32
8361;-112;-36
8362;-112;-36
8363;-112;-40
8364;-112;-40
8365;-112;-40
8366;-112;-40
8367;-112;-40
8368;-112;-36
8369;-112;-32
8370;-128;-24
8371;-116;-20
8372;-116;-16
8373;-116;-12
8374;-116;-8
8375;-116;-4
8376;-116;-4
8377;-116;-4
8378;-120;-4
8379;-120;-8
8380;-120;-4
8381;-120;-8
8382;-120;-8
8383;-116;-8
8384;-116;-8
8385;-120;-12
8386;-120;-12
8387;-120;-12
8388;-120;-16
8389;-120;-16
8390;-120;-12
8391;-124;-16
8392;-120;-16
8393;-120;-16
8394;-120;-12
8395;-124;-16
8396;-124;-16
8397;-128;-16
8398;-124;-16
8399;-124;-16
8400;-124;-16
8401;-124;-20
8402;-120;-20
8403;-124;-24
8404;-124;-28
8405;-124;-28
8406;-120;-32
8407;-124;-36
8408;-124;-40
8409;-124;-40
8410;-124;-40
8411;-124;-40
8412;-124;-40
8413;-124;-32
8414;-124;-32
8415;-124;-24
8416;-124;-20
8417;-124;-16
8418;-120;-12
8419;-124;-8
8420;-124;-8
8421;-124;-8
8422;-128;-4
8423;-128;-4
8424;-124;-4
8425;-116;-4
8426;-124;-4
8427;-124;-8
8428;-124;-8
8429;-124;-12
8430;-124;-12
8431;-132;-12
8432;-128;-12
8433;-128;-12
8434;-124;-16
8435;-124;-12
8436;-128;-16
8437;-128;-16
8438;-124;-16
8439;-128;-16
8440;-124;-16
8441;-124;-16
8442;-124;-16
8443;-124;-16
8444;-124;-16
8445;-136;-16
8446;-124;-16
8447;-124;-16
8448;-128;-16
8449;-124;-16
8450;-128;-16
8451;-124;-20
8452;-120;-20
8453;-128;-24
8454;-124;-28
8455;-124;-32
8456;-124;-32
8457;-120;-36
8458;-124;-40
8459;-120;-56
8460;-124;-56
8461;-124;-52
8462;-124;-52
8463;-120;-48
8464;-124;-44
8465;-120;-40
8466;-144;-36
8467;-120;-28
8468;-120;-28
8469;-120;-20
8470;-120;-20
8471;-120;-20
8472;-112;-20
8473;-120;-16
8474;-120;-20
8475;-120;-20
8476;-120;-20
8477;-120;-24
8478;-120;-20
8479;-116;-28
8480;-116;-24
8481;-112;-24
8482;-116;-28
8483;-116;-28
8484;-116;-28
8485;-116;-28
8486;-104;-28
8487;-116;-28
8488;-116;-28
8489;-112;-28
8490;-112;-32
8491;-112;-28
8492;-112;-28
8493;-112;-28
8494;-112;-32
8495;-112;-32
8496;-112;-32
8497;-108;-32
8498;-108;-32
8499;-112;-32
8500;-116;-36
8501;-108;-36
8502;-108;-40
8503;-108;-44
8504;-104;-44
8505;-104;-52
8506;-108;-52
8507;-108;-52
8508;-104;-56
8509;-104;-52
8510;-100;-52
8511;-100;-48
8512;-100;-44
8513;-100;-36
8514;-100;-32
8515;-100;-28
8516;-100;-28
8517;-96;-20
8518;-96;-20
8519;-96;-20
8520;-100;-20
8521;-92;-20
8522;-92;-20
8523;-92;-20
8524;-92;-20
8525;-92;-24
8526;-88;-20
8527;-92;-24
8528;-88;-24
8529;-88;-28
8530;-88;-28
8531;-88;-28
8532;-88;-28
8533;-84;-28
8534;-88;-28
8535;-84;-28
8536;-84;-28
8537;-84;-28
8538;-80;-28
8539;-80;-32
8540;-80;-28
8541;-100;-32
8542;-76;-32
8543;-80;-28
8544;-80;-32
8545;-76;-28
8546;-76;-36
8547;-68;-36
8548;-76;-36
8549;-72;-40
8550;-72;-44
8551;-72;-48
8552;-72;-52
8553;-72;-52
8554;-68;-52
8555;-68;-52
8556;-68;-52
8557;-68;-48
8558;-68;-44
8559;-68;-40
8560;-64;-32
8561;-52;-32
8562;-60;-24
8563;-64;-20
8564;-64;-20
8565;-60;-24
8566;-60;-24
8567;-60;-24
8568;-60;-24
8569;-60;-28
8570;-60;-28
8571;-56;-28
8572;-56;-32
8573;-56;-32
8574;-56;-32
8575;-64;-36
8576;-52;-36
8577;-52;-36
8578;-52;-36
8579;-52;-36
8580;-52;-36
8581;-48;-36
8582;-36;-36
8583;-48;-36
8584;-48;-36
8585;-48;-36
8586;-48;-36
8587;-48;-36
8588;-48;-36
8589;-44;-36
8590;-44;-36
8591;-44;-40
8592;-40;-40
8593;-40;-40
8594;-40;-44
8595;-36;-52
8596;-40;-52
8597;-36;-56
8598;-36;-56
8599;-36;-60
8600;-36;-60
8601;-36;-60
8602;-36;-56
8603;-32;-52
8604;-32;-48
8605;-32;-40
8606;-32;-36
8607;-32;-28
8608;-28;-28
8609;-28;-24
8610;-28;-24
8611;-24;-24
8612;-24;-28
8613;-24;-24
8614;-24;-28
8615;-16;-28
8616;0;-28
8617;-20;-32
8618;-20;-32
8619;-20;-32
8620;-20;-36
8621;-16;-36
8622;-16;-36
8623;-16;-36
8624;-16;-36
8625;-16;-36
8626;-12;-36
8627;-12;-36
8628;-12;-36
8629;-16;-36
8630;-8;-40
8631;-8;-40
8632;-12;-44
8633;-8;-44
8634;-8;-48
8635;-8;-52
8636;-12;-56
8637;-4;-56
8638;-4;-60
8639;-4;-60
8640;0;-60
8641;0;-56
8642;0;-52
8643;-4;-48
8644;4;-44
8645;4;-40
8646;0;-36
8647;4;-32
8648;8;-28
8649;8;-28
8650;8;-28
8651;8;-24
8652;8;-24
8653;12;-24
8654;12;-24
8655;12;-28
8656;12;-28
8657;20;-28
8658;12;-32
8659;12;-32
8660;16;-32
8661;12;-32
8662;16;-36
8663;12;-36
8664;20;-36
8665;20;-36
8666;20;-32
8667;20;-36
8668;20;-32
8669;24;-36
8670;24;-36
8671;24;-40
8672;24;-40
8673;28;-44
8674;28;-48
8675;28;-52
8676;28;-52
8677;28;-56
8678;32;-56
8679;32;-60
8680;32;-60
8681;32;-56
8682;32;-56
8683;36;-52
8684;40;-44
8685;36;-40
8686;36;-36
8687;40;-32
8688;40;-28
8689;40;-24
8690;40;-24
8691;52;-24
8692;40;-24
8693;44;-24
8694;44;-24
8695;44;-24
8696;44;-28
8697;36;-28
8698;48;-28
8699;44;-28
8700;48;-32
8701;48;-32
8702;48;-32
8703;48;-32
8704;48;-32
8705;52;-32
8706;52;-32
8707;52;-36
8708;52;-36
8709;52;-36
8710;56;-32
8711;40;-36
8712;56;-36
8713;56;-32
8714;56;-36
8715;60;-36
8716;60;-36
8717;60;-44
8718;56;-48
8719;60;-48
8720;64;-52
8721;60;-52
8722;64;-60
8723;64;-56
8724;64;-60
8725;64;-56
8726;68;-56
8727;68;-52
8728;68;-48
8729;68;-44
8730;68;-40
8731;68;-32
8732;48;-28
8733;68;-28
8734;72;-24
8735;68;-24
8736;72;-24
8737;68;-24
8738;80;-24
8739;72;-24
8740;76;-28
8741;76;-32
8742;72;-32
8743;72;-28
8744;76;-28
8745;76;-32
8746;76;-32
8747;76;-32
8748;76;-32
8749;76;-32
8750;76;-32
8751;80;-32
8752;92;-36
8753;80;-36
8754;80;-36
8755;80;-36
8756;80;-36
8757;84;-36
8758;80;-36
8759;84;-36
8760;84;-36
8761;84;-32
8762;84;-36
8763;84;-40
8764;84;-40
8765;84;-44
8766;80;-48
8767;88;-52
8768;88;-56
8769;88;-56
8770;88;-56
8771;88;-56
8772;84;-40
8773;80;-40
8774;88;-32
8775;88;-32
8776;92;-28
8777;88;-20
8778;92;-16
8779;96;-12
8780;92;-8
8781;96;-8
8782;92;-4
8783;96;-4
8784;96;-4
8785;92;-4
8786;92;-4
8787;92;-8
8788;92;-8
8789;96;-8
8790;96;-8
8791;96;-12
8792;100;-12
8793;96;-12
8794;96;-12
8795;100;-16
8796;96;-16
8797;100;-16
8798;100;-16
8799;96;-16
8800;96;-16
8801;100;-16
8802;100;-16
8803;96;-16
8804;100;-16
8805;100;-16
8806;100;-20
8807;76;-20
8808;100;-28
8809;100;-28
8810;100;-28
8811;104;-32
8812;100;-36
8813;112;-36
8814;104;-40
8815;100;-40
8816;100;-40
8817;104;-36
8818;104;-32
8819;104;-28
8820;108;-24
8821;104;-20
8822;100;-16
8823;104;-8
8824;104;-8
8825;104;-4
8826;104;-4
8827;116;-4
8828;108;-4
8829;104;-4
8830;104;-8
8831;104;-8
8832;108;-8
8833;104;-8
8834;104;-12
8835;104;-12
8836;108;-12
8837;108;-12
8838;108;-12
8839;108;-12
8840;108;-12
8841;92;-12
8842;108;-16
8843;108;-16
8844;108;-16
8845;112;-16
8846;108;-16
8847;112;-16
8848;128;-16
8849;108;-16
8850;108;-20
8851;108;-20
8852;108;-24
8853;108;-28
8854;100;-32
8855;108;-32
8856;108;-36
8857;112;-40
8858;108;-40
8859;108;-40
8860;108;-36
8861;112;-36
8862;108;-28
8863;112;-24
8864;108;-16
8865;108;-12
8866;108;-8
8867;108;-4
8868;100;-4
8869;108;-4
8870;112;-4
8871;112;-4
8872;108;-4
8873;112;-8
8874;112;-4
8875;112;-8
8876;112;16
8877;108;16
8878;112;16
8879;108;16
8880;108;12
8881;116;8
8882;120;4
8883;108;0
8884;112;-4
8885;112;-4
8886;112;-8
8887;112;-12
8888;112;-12
8889;108;-16
8890;112;-16
8891;108;-12
8892;108;-8
8893;108;0
8894;108;4
8895;112;12
8896;112;12
8897;108;16
8898;112;20
8899;108;20
8900;108;24
8901;108;24
8902;108;20
8903;108;24
8904;112;24
8905;108;20
8906;108;20
8907;108;16
8908;112;16
8909;104;16
8910;108;16
8911;108;16
8912;112;12
8913;104;12
8914;108;12
8915;112;12
8916;108;12
8917;108;12
8918;108;12
8919;108;12
8920;108;12
8921;108;12
8922;108;8
8923;116;12
8924;108;8
8925;108;8
8926;108;4
8927;108;4
8928;108;-4
8929;96;-4
8930;104;-12
8931;104;-12
8932;104;-12
8933;104;-12
8934;104;-16
8935;104;-12
8936;108;-12
8937;104;-4
8938;104;0
8939;104;4
8940;104;8
8941;104;16
8942;108;20
8943;100;20
8944;108;20
8945;104;24
8946;108;24
8947;104;24
8948;104;24
8949;108;24
8950;112;20
8951;104;20
8952;104;16
8953;104;16
8954;104;16
8955;108;16
8956;108;16
8957;120;12
8958;104;12
8959;108;12
8960;104;12
8961;108;12
8962;104;12
8963;96;12
8964;108;12
8965;104;12
8966;104;12
8967;104;12
8968;104;12
8969;100;12
8970;108;12
8971;104;8
8972;104;8
8973;100;12
8974;104;8
8975;104;8
8976;104;12
8977;100;12
8978;100;12
8979;100;12
8980;104;40
8981;100;40
8982;100;40
8983;104;36
8984;104;28
8985;100;28
8986;100;24
8987;100;20
8988;100;20
8989;100;20
8990;100;16
8991;100;16
8992;100;20
8993;100;24
8994;100;28
8995;96;32
8996;100;40
8997;92;44
8998;76;44
8999;100;52
9000;96;52
9001;96;52
9002;96;56
9003;96;56
9004;96;52
9005;96;56
9006;96;52
9007;96;52
9008;96;48
9009;96;48
9010;92;48
9011;96;48
9012;96;48
9013;96;44
9014;96;44
9015;96;44
9016;92;44
9017;96;44
9018;100;44
9019;92;44
9020;92;44
9021;92;40
9022;96;40
9023;92;40
9024;92;40
9025;96;36
9026;92;32
9027;92;32
9028;88;28
9029;92;24
9030;92;20
9031;88;20
9032;88;16
9033;88;20
9034;88;20
9035;88;24
9036;88;24
9037;88;32
9038;84;32
9039;80;40
9040;88;44
9041;88;48
9042;88;48
9043;84;52
9044;88;56
9045;92;52
9046;84;52
9047;84;56
9048;84;52
9049;84;52
9050;84;52
9051;84;48
9052;76;48
9053;84;48
9054;84;48
9055;84;44
9056;80;44
9057;84;44
9058;84;44
9059;84;44
9060;84;44
9061;80;44
9062;80;44
9063;84;44
9064;84;44
9065;80;40
9066;80;44
9067;80;44
9068;80;44
9069;80;40
9070;80;44
9071;80;40
9072;76;40
9073;56;40
9074;80;32
9075;80;32
9076;80;28
9077;76;24
9078;76;20
9079;84;16
9080;76;16
9081;76;16
9082;76;16
9083;72;24
9084;76;48
9085;72;52
9086;76;60
9087;76;64
9088;72;68
9089;72;72
9090;72;76
9091;76;76
9092;72;80
9093;68;80
9094;76;76
9095;72;72
9096;72;76
9097;72;76
9098;72;72
9099;72;72
9100;68;72
9101;72;68
9102;72;68
9103;72;68
9104;68;68
9105;72;68
9106;68;68
9107;60;68
9108;72;68
9109;68;64
9110;68;68
9111;68;68
9112;68;64
9113;68;64
9114;76;64
9115;68;64
9116;68;68
9117;68;64
9118;64;60
9119;64;56
9120;64;52
9121;64;48
9122;68;44
9123;64;44
9124;64;40
9125;68;40
9126;64;40
9127;68;40
9128;64;48
9129;64;52
9130;60;60
9131;64;68
9132;60;72
9133;60;76
9134;56;76
9135;60;76
9136;60;76
9137;60;76
9138;60;76
9139;60;72
9140;60;72
9141;60;72
9142;60;72
9143;60;72
9144;56;68
9145;56;68
9146;60;68
9147;64;68
9148;68;68
9149;56;68
9150;60;68
9151;56;68
9152;56;64
9153;52;64
9154;56;64
9155;56;64
9156;52;60
9157;52;56
9158;56;52
9159;52;48
9160;52;44
9161;56;44
9162;52;44
9163;52;40
9164;56;40
9165;56;40
9166;52;44
9167;52;48
9168;48;52
9169;52;60
9170;52;64
9171;52;68
9172;52;72
9173;52;76
9174;52;76
9175;48;76
9176;52;76
9177;52;76
9178;52;76
9179;48;76
9180;52;72
9181;52;72
9182;52;72
9183;48;68
9184;48;68
9185;48;68
9186;48;72
9187;48;68
9188;44;68
9189;48;72
9190;48;72
9191;48;68
9192;48;64
9193;44;60
9194;44;56
9195;40;52
9196;44;52
9197;44;48
9198;44;44
9199;44;44
9200;44;44
9201;44;48
9202;40;48
9203;44;56
9204;40;60
9205;40;68
9206;44;76
9207;44;76
9208;40;80
9209;48;80
9210;44;84
9211;40;80
9212;40;80
9213;44;80
9214;40;76
9215;40;76
9216;48;76
9217;36;72
9218;40;72
9219;40;72
9220;36;72
9221;40;72
9222;36;68
9223;40;72
9224;36;72
9225;36;68
9226;36;68
9227;36;68
9228;36;68
9229;36;68
9230;24;68
9231;32;68
9232;32;68
9233;36;64
9234;36;60
9235;32;56
9236;36;52
9237;32;48
9238;32;48
9239;32;44
9240;32;44
9241;32;40
9242;28;44
9243;28;44
9244;32;52
9245;32;60
9246;28;64
9247;28;72
9248;28;76
9249;32;76
9250;32;80
9251;28;80
9252;28;80
9253;28;80
9254;28;80
9255;28;80
9256;28;76
9257;24;72
9258;28;76
9259;28;72
9260;28;72
9261;24;68
9262;28;68
9263;20;68
9264;0;68
9265;24;68
9266;24;68
9267;24;68
9268;24;68
9269;24;68
9270;32;68
9271;24;64
9272;24;68
9273;20;64
9274;20;60
9275;20;56
9276;20;52
9277;20;52
9278;20;48
9279;20;44
9280;20;44
9281;20;40
9282;20;44
9283;20;40
9284;32;48
9285;16;48
9286;16;52
9287;20;60
9288;16;64
9289;16;72
9290;16;76
9291;16;76
9292;16;80
9293;16;60
9294;12;60
9295;12;60
9296;16;56
9297;12;56
9298;0;56
9299;12;52
9300;12;52
9301;12;52
9302;12;52
9303;8;52
9304;12;44
9305;12;48
9306;12;48
9307;8;48
9308;8;48
9309;8;48
9310;8;48
9311;8;48
9312;8;48
9313;8;48
9314;8;48
9315;8;48
9316;8;48
9317;4;44
9318;4;44
9319;8;40
9320;4;36
9321;0;36
9322;4;32
9323;0;28
9324;0;28
9325;0;24
9326;0;24
9327;4;20
9328;0;20
9329;0;20
9330;0;28
9331;0;32
9332;-8;36
9333;-4;44
9334;-4;48
9335;0;52
9336;0;56
9337;0;56
9338;-4;60
9339;-16;60
9340;-4;56
9341;-4;60
9342;-4;56
9343;-8;56
9344;-4;52
9345;-4;52
9346;-4;52
9347;-8;48
9348;-8;52
9349;-8;52
9350;-8;48
9351;-8;48
9352;-12;48
9353;-8;48
9354;-12;48
9355;-8;48
9356;-12;48
9357;-12;48
9358;-12;44
9359;-16;44
9360;-12;48
9361;-16;44
9362;-12;44
9363;-12;44
9364;-12;44
9365;-16;44
9366;-24;44
9367;-16;44
9368;-20;44
9369;-20;44
9370;-20;44
9371;-16;40
9372;-20;36
9373;-20;32
9374;-20;28
9375;-20;28
9376;-20;24
9377;-20;20
9378;-20;20
9379;-20;20
9380;-8;20
9381;-20;28
9382;-24;32
9383;-24;40
9384;-24;48
9385;-28;48
9386;-32;52
9387;-24;56
9388;-28;56
9389;-28;56
9390;-28;56
9391;-28;52
9392;-32;56
9393;-24;52
9394;-32;52
9395;-32;52
9396;-32;52
9397;-32;20
9398;-32;20
9399;-36;16
9400;-40;16
9401;-36;16
9402;-36;12
9403;-36;16
9404;-36;16
9405;-36;16
9406;-36;12
9407;-36;8
9408;-36;4
9409;-36;0
9410;-40;-4
9411;-40;-8
9412;-40;-8
9413;-36;-8
9414;-20;-12
9415;-40;-12
9416;-44;-8
9417;-44;-8
9418;-44;-4
9419;-48;4
9420;-52;8
9421;-44;12
9422;-48;16
9423;-48;20
9424;-48;20
9425;-52;24
9426;-52;24
9427;-52;28
9428;-48;24
9429;-52;28
9430;-52;24
9431;-48;24
9432;-52;20
9433;-56;20
9434;-60;20
9435;-56;20
9436;-56;16
9437;-52;16
9438;-56;16
9439;-56;16
9440;-60;16
9441;-60;16
9442;-60;12
9443;-60;16
9444;-60;12
9445;-60;16
9446;-60;12
9447;-60;12
9448;-56;12
9449;-64;4
9450;-64;0
9451;-64;-4
9452;-64;-4
9453;-64;-8
9454;-68;-12
9455;-68;-12
9456;-64;-12
9457;-68;-12
9458;-68;-8
9459;-68;0
9460;-68;4
9461;-68;12
9462;-72;16
9463;-72;24
9464;-72;24
9465;-72;24
9466;-72;28
9467;-72;24
9468;-76;24
9469;-76;24
9470;-76;24
9471;-76;24
9472;-76;20
9473;-80;20
9474;-72;20
9475;-72;16
9476;-80;16
9477;-80;16
9478;-80;16
9479;-80;12
9480;-80;16
9481;-80;12
9482;-72;16
9483;-84;16
9484;-84;16
9485;-84;12
9486;-84;12
9487;-80;12
9488;-80;12
9489;-76;12
9490;-88;12
9491;-88;8
9492;-88;4
9493;-88;0
9494;-88;-4
9495;-96;-8
9496;-88;-8
9497;-88;-12
9498;-92;-12
9499;-88;-12
9500;-92;-8
9501;-92;-28
9502;-92;-24
9503;-92;-16
9504;-96;-12
9505;-92;-12
9506;-96;-4
9507;-92;-4
9508;-96;0
9509;-104;4
9510;-96;4
9511;-96;4
9512;-96;0
9513;-96;0
9514;-96;-4
9515;-96;-4
9516;-100;-4
9517;-100;-4
9518;-100;-4
9519;-100;-4
9520;-100;-8
9521;-100;-8
9522;-100;-8
9523;-96;-8
9524;-104;-8
9525;-104;-12
9526;-104;-8
9527;-104;-8
9528;-108;-8
9529;-108;-8
9530;-116;-12
9531;-108;-12
9532;-108;-16
9533;-108;-16
9534;-108;-20
9535;-112;-24
9536;-116;-28
9537;-108;-28
9538;-108;-32
9539;-108;-32
9540;-112;-32
9541;-112;-32
9542;-112;-28
9543;-108;-20
9544;-112;-20
9545;-112;-12
9546;-112;-4
9547;-112;0
9548;-116;0
9549;-112;0
9550;-108;4
9551;-112;4
9552;-116;4
9553;-116;0
9554;-116;0
9555;-116;0
9556;-116;-4
9557;-112;-4
9558;-116;-4
9559;-116;-8
9560;-116;-4
9561;-120;-8
9562;-120;-8
9563;-120;-8
9564;-112;-8
9565;-120;-8
9566;-116;-8
9567;-120;-8
9568;-120;-8
9569;-120;-12
9570;-128;-8
9571;-128;-8
9572;-120;-12
9573;-120;-12
9574;-120;-12
9575;-124;-12
9576;-124;-12
9577;-120;-12
9578;-120;-16
9579;-124;-20
9580;-124;-24
9581;-124;-24
9582;-124;-32
9583;-124;-32
9584;-136;-36
9585;-124;-36
9586;-124;-36
9587;-124;-32
9588;-124;-28
9589;-124;-24
9590;-124;-16
9591;-128;-16
9592;-124;-8
9593;-124;-4
9594;-124;0
9595;-124;0
9596;-124;0
9597;-128;4
9598;-128;4
9599;-124;0
9600;-124;4
9601;-128;0
9602;-124;0
9603;-124;0
9604;-124;-4
9605;-144;-20
9606;-128;-20
9607;-128;-24
9608;-128;-24
9609;-128;-28
9610;-124;-32
9611;-120;-36
9612;-128;-40
9613;-128;-44
9614;-124;-44
9615;-124;-48
9616;-128;-48
9617;-128;-48
9618;-124;-48
9619;-124;-48
9620;-124;-40
9621;-128;-36
9622;-124;-32
9623;-124;-28
9624;-128;-24
9625;-112;-20
9626;-124;-16
9627;-124;-16
9628;-124;-16
9629;-124;-16
9630;-128;-16
9631;-128;-16
9632;-124;-16
9633;-124;-16
9634;-124;-16
9635;-124;-20
9636;-124;-20
9637;-128;-20
9638;-128;-24
9639;-136;-24
9640;-124;-24
9641;-124;-24
9642;-124;-24
9643;-124;-24
9644;-128;-24
9645;-120;-24
9646;-116;-24
9647;-124;-28
9648;-124;-24
9649;-124;-24
9650;-124;-24
9651;-124;-28
9652;-120;-28
9653;-120;-24
9654;-120;-28
9655;-120;-28
9656;-120;-28
9657;-120;-28
9658;-120;-32
9659;-116;-36
9660;-120;-40
9661;-120;-44
9662;-120;-48
9663;-120;-48
9664;-116;-48
9665;-116;-48
9666;-120;-48
9667;-116;-44
9668;-116;-40
9669;-116;-36
9670;-116;-32
9671;-116;-28
9672;-112;-20
9673;-120;-20
9674;-112;-16
9675;-112;-16
9676;-116;-16
9677;-112;-16
9678;-112;-16
9679;-108;-16
9680;-108;-16
9681;-112;-20
9682;-112;-16
9683;-112;-20
9684;-108;-20
9685;-112;-20
9686;-108;-24
9687;-108;-24
9688;-108;-20
9689;-108;-24
9690;-104;-24
9691;-104;-24
9692;-104;-24
9693;-104;-24
9694;-100;-24
9695;-100;-24
9696;-100;-24
9697;-100;-24
9698;-96;-24
9699;-100;-24
9700;-100;-24
9701;-96;-28
9702;-96;-28
9703;-92;-28
9704;-96;-28
9705;-96;-32
9706;-92;-36
9707;-100;-40
9708;-92;-40
9709;-92;-44
9710;-92;-56
9711;-92;-56
9712;-88;-56
9713;-88;-60
9714;-92;-60
9715;-88;-56
9716;-88;-52
9717;-84;-48
9718;-84;-44
9719;-84;-40
9720;-88;-36
9721;-80;-32
9722;-84;-28
9723;-84;-24
9724;-80;-24
9725;-80;-24
9726;-80;-24
9727;-84;-28
9728;-80;-28
9729;-76;-28
9730;-76;-28
9731;-76;-32
9732;-76;-32
9733;-76;-32
9734;-68;-32
9735;-72;-32
9736;-72;-32
9737;-72;-36
9738;-72;-36
9739;-68;-36
9740;-68;-36
9741;-76;-36
9742;-68;-40
9743;-64;-36
9744;-68;-36
9745;-64;-36
9746;-64;-36
9747;-60;-36
9748;-56;-36
9749;-64;-36
9750;-60;-36
9751;-60;-36
9752;-60;-40
9753;-56;-40
9754;-56;-44
9755;-36;-48
9756;-56;-52
9757;-56;-52
9758;-56;-56
9759;-52;-56
9760;-56;-60
9761;-56;-60
9762;-52;-60
9763;-52;-56
9764;-52;-56
9765;-48;-48
9766;-48;-44
9767;-52;-40
9768;-48;-36
9769;-48;-32
9770;-48;-28
9771;-44;-24
9772;-44;-24
9773;-44;-24
9774;-40;-24
9775;-48;-24
9776;-40;-28
9777;-44;-28
9778;-40;-32
9779;-40;-28
9780;-36;-32
9781;-36;-32
9782;-40;-32
9783;-36;-32
9784;-36;-36
9785;-32;-36
9786;-32;-32
9787;-32;-32
9788;-28;-36
9789;-28;-36
9790;-32;-36
9791;-32;-36
9792;-32;-36
9793;-28;-36
9794;-28;-36
9795;-28;-36
9796;-28;-40
9797;-24;-40
9798;-24;-40
9799;-20;-36
9800;-20;-36
9801;-20;-40
9802;-24;-40
9803;-20;-48
9804;-16;-48
9805;-16;-52
9806;-16;-56
9807;-16;-56
9808;-16;-60
9809;-12;-60
9810;-12;-60
9811;-12;-56
9812;-12;-52
9813;-12;-48
9814;-12;-44
9815;-8;-40
9816;-4;-40
9817;-8;-36
9818;-8;-36
9819;-8;-40
9820;-4;-36
9821;-8;-36
9822;0;-36
9823;4;-40
9824;0;-36
9825;-4;-40
9826;0;-36
9827;0;-40
9828;0;-40
9829;0;-40
9830;8;-40
9831;4;-40
9832;4;-36
9833;4;-36
9834;8;-32
9835;4;-32
9836;0;-32
9837;4;-28
9838;12;-28
9839;12;-32
9840;12;-32
9841;12;-32
9842;12;-32
9843;16;-32
9844;12;-32
9845;16;-32
9846;16;-32
9847;16;-32
9848;20;-36
9849;20;-32
9850;24;-36
9851;24;-36
9852;24;-36
9853;24;-36
9854;24;-36
9855;24;-36
9856;24;-40
9857;24;-36
9858;24;-36
9859;28;-36
9860;24;-40
9861;28;-36
9862;28;-36
9863;32;-36
9864;28;-40
9865;32;-36
9866;32;-36
9867;36;-40
9868;32;-40
9869;32;-40
9870;36;-40
9871;28;-40
9872;36;-40
9873;36;-44
9874;36;-44
9875;40;-48
9876;40;-52
9877;48;-56
9878;44;-56
9879;40;-56
9880;44;-60
9881;44;-60
9882;44;-56
9883;44;-52
9884;48;-48
9885;48;-44
9886;48;-36
9887;48;-32
9888;48;-28
9889;52;-28
9890;48;-28
9891;60;-24
9892;56;-24
9893;52;-28
9894;52;-28
9895;56;-28
9896;56;-32
9897;56;-28
9898;52;-32
9899;60;-32
9900;56;-32
9901;56;-32
9902;56;-36
9903;56;-32
9904;60;-36
9905;44;-36
9906;60;-36
9907;60;-36
9908;60;-36
9909;64;-36
9910;64;-36
9911;68;-36
9912;80;-40
9913;64;-40
9914;64;-40
9915;68;-40
9916;68;-36
9917;68;-36
9918;64;-24
9919;68;-28
9920;68;-28
9921;68;-32
9922;68;-36
9923;68;-40
9924;68;-44
9925;76;-44
9926;72;-48
9927;72;-44
9928;72;-48
9929;76;-48
9930;72;-44
9931;76;-36
9932;68;-32
9933;76;-28
9934;76;-24
9935;76;-20
9936;76;-16
9937;76;-12
9938;80;-12
9939;80;-12
9940;80;-12
9941;80;-12
9942;80;-12
9943;80;-16
9944;80;-16
9945;84;-16
9946;104;-16
9947;84;-16
9948;84;-20
9949;84;-16
9950;84;-20
9951;84;-20
9952;80;-20
9953;84;-20
9954;88;-24
9955;88;-24
9956;88;-24
9957;84;-20
9958;88;-20
9959;88;-24
9960;88;-24
9961;92;-24
9962;88;-28
9963;92;-28
9964;88;-36
9965;92;-40
9966;92;-40
9967;92;-44
9968;92;-44
9969;92;-48
9970;92;-48
9971;92;-44
9972;96;-40
9973;92;-32
9974;96;-28
9975;96;-24
9976;96;-16
9977;96;-12
9978;96;-12
9979;96;-12
9980;92;-12
9981;96;-12
9982;96;-12
9983;96;-12
9984;96;-12
9985;100;-16
9986;96;-16
9987;76;-20
9988;96;-20
9989;100;-20
9990;100;-20
9991;100;-20
9992;100;-20
9993;96;-24
9994;100;-20
9995;100;-24
9996;100;-20
9997;100;-20
9998;104;-24
9999;100;-20
10000;100;-24
