Column1;Column2;Column3
Channel              :;CH1;CH2
Frequency            :;92,20Hz;91,94Hz
Period               :;10,85ms;10,88ms
PK-PK                :;912,0mV;216,0mV
Probe attenuation    :;1X;1X
Voltage per ADC value:;0,500000mV;0,500000mV
Time interval        :;20,00000uS;20,00000uS
;;
index;CH1_Voltage(mV);CH2_Voltage(mV)
1;416;-48
2;416;-48
3;424;-48
4;416;-56
5;424;-48
6;424;-48
7;424;-48
8;424;-56
9;424;-56
10;424;-48
11;432;-56
12;432;-56
13;432;-56
14;432;-64
15;432;-64
16;432;-64
17;440;-72
18;432;-72
19;432;-72
20;432;-72
21;432;-72
22;440;-72
23;432;-72
24;440;-64
25;432;-56
26;440;-48
27;440;-48
28;440;-40
29;440;-40
30;432;-40
31;432;-40
32;440;-40
33;432;-40
34;440;-40
35;432;-40
36;432;-40
37;440;-40
38;432;-40
39;432;-48
40;440;-48
41;432;-40
42;432;-48
43;432;-48
44;432;-48
45;432;-56
46;432;-48
47;432;-48
48;432;-48
49;432;-48
50;432;-48
51;432;-48
52;424;-48
53;432;-48
54;424;-48
55;424;-48
56;424;-48
57;424;-56
58;416;-48
59;416;-40
60;416;-48
61;416;-48
62;416;-56
63;408;-56
64;416;-56
65;424;-64
66;408;-56
67;408;-64
68;408;-64
69;408;-64
70;400;-64
71;392;-64
72;400;-56
73;392;-56
74;392;-40
75;392;-40
76;392;-40
77;384;-32
78;384;-32
79;384;-32
80;376;-32
81;376;-32
82;376;-32
83;368;-32
84;376;-32
85;352;-32
86;368;-32
87;360;-40
88;360;-32
89;360;-40
90;352;-40
91;352;-32
92;352;-40
93;344;-40
94;344;-40
95;336;-40
96;336;-40
97;336;-40
98;336;-40
99;328;-40
100;328;-40
101;320;-40
102;320;-40
103;320;-48
104;312;-40
105;304;-40
106;280;-40
107;304;-40
108;296;-48
109;296;-48
110;296;-48
111;288;-48
112;296;-56
113;280;-56
114;280;-64
115;272;-64
116;272;-64
117;264;-64
118;264;-64
119;256;-64
120;256;-64
121;248;-56
122;248;-48
123;240;-40
124;240;-40
125;240;-32
126;240;-32
127;224;-32
128;224;-24
129;216;-24
130;216;-32
131;208;-32
132;208;-32
133;200;-32
134;192;-32
135;192;-32
136;192;-40
137;184;-40
138;184;-40
139;176;-40
140;168;-40
141;168;-40
142;168;-40
143;160;-40
144;160;-40
145;152;-40
146;144;-40
147;152;-40
148;136;-40
149;136;-40
150;136;-40
151;128;-40
152;120;-40
153;120;-40
154;112;-40
155;112;-40
156;104;-48
157;96;-48
158;96;-56
159;88;-56
160;88;-56
161;80;-56
162;72;-64
163;72;48
164;72;48
165;64;40
166;56;48
167;64;48
168;56;56
169;48;64
170;32;64
171;32;64
172;32;80
173;24;72
174;16;80
175;16;80
176;16;80
177;0;88
178;0;80
179;-8;80
180;-16;80
181;-32;80
182;-16;80
183;-24;80
184;-40;80
185;-40;80
186;-40;72
187;-48;72
188;-32;72
189;-56;72
190;-64;72
191;-72;72
192;-72;72
193;-80;72
194;-88;72
195;-88;72
196;-96;72
197;-104;72
198;-104;64
199;-104;72
200;-112;72
201;-112;72
202;-120;72
203;-128;72
204;-136;72
205;-136;72
206;-136;72
207;-152;64
208;-160;64
209;-160;64
210;-160;64
211;-168;56
212;-176;56
213;-176;48
214;-176;48
215;-184;48
216;-192;48
217;-200;48
218;-200;48
219;-208;48
220;-216;56
221;-208;56
222;-200;64
223;-224;64
224;-232;72
225;-232;72
226;-240;80
227;-240;80
228;-248;88
229;-248;80
230;-256;88
231;-256;80
232;-264;80
233;-272;80
234;-280;80
235;-280;80
236;-280;80
237;-288;80
238;-296;72
239;-296;72
240;-296;72
241;-304;72
242;-320;72
243;-312;72
244;-312;72
245;-320;72
246;-320;72
247;-328;72
248;-328;64
249;-336;64
250;-336;72
251;-336;72
252;-344;64
253;-352;72
254;-352;64
255;-352;56
256;-352;56
257;-360;48
258;-368;56
259;-368;48
260;-368;48
261;-376;40
262;-376;40
263;-400;48
264;-384;48
265;-384;64
266;-384;64
267;-392;112
268;-400;112
269;-392;112
270;-400;120
271;-400;120
272;-400;120
273;-408;120
274;-408;120
275;-408;120
276;-416;120
277;-416;112
278;-416;120
279;-416;112
280;-424;112
281;-424;112
282;-424;112
283;-416;112
284;-424;112
285;-432;112
286;-432;112
287;-432;112
288;-432;112
289;-440;112
290;-440;112
291;-440;112
292;-440;104
293;-440;112
294;-440;112
295;-440;104
296;-440;112
297;-456;104
298;-440;104
299;-440;112
300;-440;104
301;-448;104
302;-448;96
303;-440;96
304;-432;88
305;-448;88
306;-448;88
307;-448;80
308;-448;88
309;-448;80
310;-456;80
311;-440;88
312;-440;96
313;-448;96
314;-440;104
315;-440;104
316;-448;112
317;-440;112
318;-440;120
319;-440;120
320;-440;120
321;-440;120
322;-440;120
323;-440;120
324;-424;120
325;-440;120
326;-432;120
327;-432;112
328;-432;112
329;-432;112
330;-424;120
331;-424;112
332;-432;112
333;-424;104
334;-424;112
335;-416;104
336;-416;112
337;-416;112
338;-416;112
339;-416;104
340;-408;112
341;-408;112
342;-400;112
343;-400;104
344;-400;112
345;-400;104
346;-392;104
347;-400;104
348;-392;104
349;-384;96
350;-376;96
351;-376;88
352;-376;88
353;-376;80
354;-368;88
355;-368;80
356;-368;80
357;-360;80
358;-360;88
359;-352;96
360;-352;104
361;-344;104
362;-344;112
363;-344;112
364;-336;112
365;-336;120
366;-328;120
367;-328;120
368;-320;120
369;-320;120
370;-312;120
371;-312;32
372;-312;32
373;-304;32
374;-296;24
375;-296;24
376;-288;24
377;-280;24
378;-280;24
379;-272;24
380;-272;24
381;-264;24
382;-264;16
383;-256;16
384;-248;16
385;-248;8
386;-240;8
387;-240;0
388;-232;0
389;-224;0
390;-224;-8
391;-224;0
392;-216;0
393;-208;0
394;-200;8
395;-192;16
396;-192;16
397;-192;24
398;-184;24
399;-184;32
400;-176;32
401;-168;32
402;-168;32
403;-160;32
404;-152;32
405;-144;32
406;-144;24
407;-136;32
408;-128;24
409;-120;24
410;-120;24
411;-112;24
412;-112;24
413;-104;24
414;-104;24
415;-96;24
416;-96;24
417;-88;24
418;-80;24
419;-80;24
420;-88;24
421;-64;24
422;-56;24
423;-56;24
424;-48;24
425;-48;24
426;-32;24
427;-32;24
428;-24;24
429;-16;24
430;-16;24
431;-8;16
432;0;8
433;0;8
434;8;8
435;16;0
436;16;0
437;24;0
438;32;-8
439;32;0
440;56;-8
441;40;0
442;56;8
443;56;8
444;64;16
445;72;24
446;72;24
447;80;32
448;80;32
449;88;32
450;88;32
451;96;32
452;104;32
453;104;32
454;104;32
455;120;24
456;128;24
457;128;24
458;136;24
459;136;24
460;144;24
461;160;24
462;152;24
463;152;24
464;160;24
465;160;24
466;168;24
467;168;24
468;176;24
469;184;16
470;192;16
471;192;24
472;200;16
473;200;24
474;208;24
475;208;16
476;216;-48
477;216;-56
478;224;-56
479;224;-56
480;232;-64
481;240;-64
482;240;-64
483;248;-72
484;248;-72
485;248;-72
486;256;-72
487;264;-64
488;272;-64
489;272;-64
490;272;-56
491;280;-56
492;280;-48
493;288;-40
494;288;-40
495;296;-32
496;296;-40
497;296;-40
498;304;-40
499;304;-40
500;304;-40
501;312;-40
502;304;-40
503;320;-40
504;320;-40
505;328;-40
506;328;-40
507;328;-40
508;328;-48
509;336;-48
510;336;-48
511;344;-48
512;344;-48
513;352;-48
514;352;-48
515;360;-48
516;360;-48
517;360;-48
518;360;-56
519;368;-56
520;376;-56
521;368;-64
522;368;-64
523;376;-72
524;376;-72
525;384;-72
526;384;-72
527;384;-64
528;384;-72
529;392;-56
530;392;-56
531;392;-56
532;392;-48
533;392;-48
534;400;-40
535;400;-40
536;416;-40
537;408;-40
538;408;-40
539;400;-40
540;408;-40
541;408;-40
542;416;-40
543;416;-40
544;416;-40
545;416;-40
546;416;-40
547;424;-40
548;424;-48
549;424;-40
550;424;-48
551;424;-48
552;424;-48
553;424;-48
554;432;-48
555;432;-48
556;424;-48
557;432;-48
558;432;-48
559;432;-48
560;432;-48
561;432;-48
562;432;-56
563;440;-56
564;432;-56
565;440;-56
566;432;-64
567;432;-72
568;432;-64
569;432;-72
570;432;-72
571;432;-72
572;440;-64
573;440;-64
574;432;-64
575;432;-64
576;432;-56
577;408;-48
578;432;-40
579;432;-40
580;440;-40
581;432;-48
582;432;-48
583;440;-48
584;432;-48
585;432;-48
586;432;-48
587;432;-48
588;432;-56
589;432;-56
590;432;-48
591;424;-64
592;424;-56
593;424;-56
594;432;-56
595;424;-56
596;416;-56
597;432;-56
598;416;-64
599;424;-64
600;424;-56
601;424;-64
602;416;-64
603;416;-56
604;416;-64
605;408;-56
606;408;-64
607;408;-64
608;408;-72
609;408;-72
610;408;-72
611;384;-80
612;400;-80
613;392;-80
614;392;-80
615;392;-88
616;392;-80
617;392;-80
618;408;-80
619;392;-72
620;384;-64
621;384;-64
622;376;-56
623;384;-56
624;368;-56
625;368;-48
626;368;-48
627;368;-48
628;360;-48
629;360;-48
630;360;-48
631;360;-48
632;360;-56
633;352;-56
634;352;-56
635;352;-56
636;344;-56
637;344;-56
638;344;-56
639;336;-56
640;336;-56
641;328;-56
642;328;-64
643;320;-56
644;320;-56
645;328;-56
646;320;-64
647;312;-56
648;304;-56
649;304;-56
650;304;-64
651;296;-56
652;296;-56
653;288;-64
654;288;-56
655;288;-64
656;280;-72
657;280;-72
658;264;-72
659;264;-72
660;264;-80
661;264;-80
662;256;-80
663;256;-80
664;248;-80
665;240;-80
666;240;-72
667;232;-72
668;232;-64
669;232;-56
670;224;-56
671;224;-48
672;224;-40
673;216;-48
674;216;-48
675;200;-48
676;200;-48
677;200;-56
678;192;-48
679;184;-56
680;192;-56
681;184;-48
682;176;-56
683;176;-56
684;168;40
685;160;48
686;160;40
687;160;32
688;152;32
689;152;32
690;144;24
691;144;24
692;136;24
693;152;16
694;128;16
695;128;16
696;120;16
697;112;24
698;112;24
699;96;32
700;104;40
701;96;40
702;88;40
703;80;48
704;80;56
705;72;56
706;72;56
707;64;56
708;64;56
709;56;56
710;48;48
711;48;48
712;48;48
713;24;48
714;32;48
715;32;48
716;24;48
717;16;48
718;8;48
719;16;40
720;8;48
721;0;40
722;-8;40
723;-16;40
724;-16;40
725;-24;40
726;-24;40
727;-32;40
728;-40;40
729;-40;40
730;-48;40
731;-56;40
732;-64;40
733;-64;40
734;-88;32
735;-80;32
736;-80;24
737;-80;24
738;-88;24
739;-96;24
740;-88;16
741;-104;16
742;-104;16
743;-112;16
744;-120;24
745;-120;32
746;-128;40
747;-136;40
748;-144;48
749;-144;48
750;-152;56
751;-152;56
752;-160;56
753;-168;56
754;-160;48
755;-176;56
756;-176;48
757;-184;48
758;-192;48
759;-192;48
760;-200;48
761;-208;48
762;-208;48
763;-216;48
764;-224;48
765;-224;40
766;-224;48
767;-232;40
768;-240;40
769;-248;48
770;-248;40
771;-248;40
772;-256;40
773;-264;32
774;-264;32
775;-264;32
776;-272;24
777;-280;24
778;-280;24
779;-288;24
780;-296;16
781;-304;16
782;-296;16
783;-304;16
784;-304;24
785;-312;24
786;-312;32
787;-320;40
788;-320;120
789;-328;120
790;-328;128
791;-336;128
792;-336;128
793;-344;128
794;-344;128
795;-336;128
796;-352;128
797;-352;128
798;-360;128
799;-360;120
800;-368;120
801;-368;120
802;-360;120
803;-368;120
804;-376;120
805;-384;120
806;-384;120
807;-384;120
808;-392;120
809;-392;112
810;-392;120
811;-400;120
812;-400;112
813;-400;120
814;-400;112
815;-408;112
816;-400;112
817;-408;104
818;-416;104
819;-416;96
820;-416;96
821;-424;96
822;-424;88
823;-424;88
824;-424;88
825;-424;88
826;-432;96
827;-432;104
828;-440;104
829;-432;112
830;-432;120
831;-432;120
832;-440;128
833;-440;120
834;-440;128
835;-440;128
836;-432;128
837;-440;128
838;-440;128
839;-440;120
840;-440;120
841;-440;120
842;-440;120
843;-440;120
844;-440;120
845;-448;120
846;-448;120
847;-448;120
848;-448;120
849;-448;120
850;-440;120
851;-448;112
852;-440;112
853;-448;112
854;-448;112
855;-448;120
856;-456;112
857;-448;112
858;-440;112
859;-440;104
860;-440;104
861;-440;96
862;-440;96
863;-440;96
864;-440;88
865;-440;88
866;-440;88
867;-432;88
868;-432;96
869;-432;96
870;-448;104
871;-432;112
872;-432;112
873;-424;120
874;-424;120
875;-424;120
876;-416;128
877;-416;128
878;-416;128
879;-416;136
880;-416;128
881;-408;128
882;-408;128
883;-408;120
884;-408;120
885;-400;120
886;-400;120
887;-400;120
888;-392;120
889;-392;120
890;-392;120
891;-408;120
892;-384;48
893;-376;48
894;-376;40
895;-376;40
896;-376;40
897;-360;40
898;-360;32
899;-360;32
900;-360;24
901;-352;24
902;-352;24
903;-352;16
904;-344;24
905;-344;24
906;-336;32
907;-328;40
908;-328;40
909;-320;48
910;-320;48
911;-304;56
912;-312;56
913;-304;64
914;-312;56
915;-304;64
916;-296;64
917;-296;64
918;-296;56
919;-288;56
920;-280;56
921;-272;56
922;-272;48
923;-264;48
924;-264;48
925;-256;48
926;-248;48
927;-248;48
928;-248;48
929;-240;48
930;-232;48
931;-224;48
932;-216;48
933;-208;48
934;-208;48
935;-208;48
936;-200;48
937;-200;48
938;-200;48
939;-184;40
940;-184;32
941;-176;32
942;-168;32
943;-168;24
944;-160;24
945;-160;24
946;-152;16
947;-144;24
948;-144;24
949;-136;32
950;-136;40
951;-128;40
952;-120;48
953;-120;48
954;-112;56
955;-104;56
956;-104;56
957;-96;56
958;-88;56
959;-80;64
960;-80;56
961;-72;56
962;-72;56
963;-64;56
964;-64;56
965;-56;48
966;-56;48
967;-40;48
968;-40;48
969;-32;48
970;-32;48
971;-16;48
972;-16;48
973;-8;48
974;-8;48
975;0;48
976;8;48
977;16;48
978;16;48
979;24;48
980;32;48
981;32;48
982;40;48
983;48;40
984;48;48
985;56;40
986;64;40
987;64;40
988;72;32
989;80;32
990;88;24
991;96;24
992;88;16
993;88;16
994;96;24
995;104;24
996;112;-48
997;120;-48
998;128;-40
999;128;-40
1000;128;-32
1001;136;-24
1002;136;-24
1003;152;-16
1004;152;-16
1005;152;-16
1006;160;-16
1007;192;-24
1008;168;-16
1009;168;-16
1010;176;-24
1011;184;-24
1012;184;-24
1013;184;-24
1014;200;-24
1015;200;-24
1016;208;-24
1017;216;-24
1018;216;-24
1019;224;-32
1020;224;-32
1021;232;-32
1022;232;-32
1023;232;-32
1024;240;-32
1025;240;-24
1026;248;-32
1027;240;-32
1028;256;-32
1029;256;-32
1030;264;-40
1031;272;-40
1032;272;-40
1033;280;-40
1034;288;-40
1035;280;-48
1036;288;-56
1037;288;-56
1038;296;-56
1039;296;-48
1040;304;-48
1041;296;-48
1042;304;-48
1043;312;-40
1044;312;-32
1045;320;-32
1046;320;-24
1047;328;-24
1048;312;-24
1049;328;-16
1050;336;-16
1051;336;-16
1052;336;-16
1053;344;-16
1054;352;-24
1055;344;-24
1056;352;-24
1057;360;-32
1058;360;-24
1059;352;-24
1060;360;-24
1061;368;-24
1062;368;-24
1063;376;-24
1064;368;-24
1065;376;-32
1066;376;-32
1067;376;-24
1068;384;-24
1069;376;-32
1070;384;-24
1071;384;-24
1072;384;-32
1073;392;-32
1074;400;-32
1075;392;-32
1076;400;-32
1077;400;-32
1078;400;-32
1079;408;-40
1080;408;-48
1081;408;-40
1082;408;-48
1083;408;-56
1084;416;-56
1085;408;-48
1086;416;-56
1087;424;-48
1088;416;-48
1089;416;-40
1090;424;-32
1091;424;-32
1092;424;-32
1093;424;-24
1094;424;-24
1095;424;-16
1096;432;-16
1097;432;-16
1098;432;-16
1099;432;-16
1100;440;-56
1101;432;-56
1102;432;-48
1103;432;-56
1104;432;-56
1105;440;-56
1106;440;-56
1107;440;-56
1108;440;-56
1109;448;-64
1110;432;-56
1111;440;-64
1112;432;-64
1113;440;-64
1114;432;-72
1115;432;-72
1116;440;-80
1117;432;-80
1118;432;-80
1119;440;-80
1120;440;-80
1121;432;-80
1122;432;-80
1123;432;-80
1124;440;-72
1125;432;-72
1126;432;-64
1127;440;-64
1128;432;-56
1129;432;-56
1130;440;-56
1131;432;-48
1132;432;-48
1133;432;-48
1134;432;-48
1135;424;-48
1136;424;-56
1137;424;-56
1138;424;-48
1139;424;-56
1140;424;-64
1141;416;-56
1142;416;-56
1143;424;-64
1144;416;-56
1145;416;-56
1146;408;-56
1147;416;-64
1148;408;-64
1149;408;-56
1150;400;-64
1151;408;-64
1152;400;-64
1153;400;-64
1154;400;-64
1155;400;-64
1156;400;-64
1157;392;-64
1158;392;-64
1159;392;-56
1160;392;-64
1161;384;-64
1162;376;-64
1163;384;-64
1164;400;-64
1165;376;-64
1166;376;-72
1167;368;-72
1168;368;-80
1169;368;-80
1170;360;-80
1171;360;-80
1172;360;-88
1173;360;-80
1174;352;-80
1175;360;-72
1176;352;-64
1177;344;-64
1178;344;-56
1179;344;-56
1180;336;-48
1181;336;-48
1182;328;-48
1183;336;-48
1184;328;-48
1185;328;-48
1186;320;-56
1187;312;-48
1188;312;-56
1189;312;-56
1190;312;-56
1191;304;-56
1192;296;-56
1193;296;-56
1194;288;-64
1195;296;-56
1196;288;-56
1197;288;-56
1198;272;-56
1199;272;-64
1200;272;-56
1201;264;-56
1202;264;-64
1203;256;-56
1204;248;-8
1205;248;16
1206;248;16
1207;240;8
1208;240;8
1209;240;0
1210;232;0
1211;240;-8
1212;224;-8
1213;216;-8
1214;216;-8
1215;208;-8
1216;208;-8
1217;200;0
1218;200;8
1219;200;8
1220;192;16
1221;192;24
1222;184;24
1223;176;32
1224;176;32
1225;176;32
1226;168;32
1227;160;32
1228;160;24
1229;160;24
1230;152;24
1231;144;24
1232;136;24
1233;136;24
1234;128;24
1235;136;24
1236;128;24
1237;128;24
1238;120;16
1239;112;16
1240;112;16
1241;104;16
1242;104;16
1243;96;24
1244;96;16
1245;88;16
1246;88;16
1247;80;16
1248;72;8
1249;64;0
1250;56;-8
1251;56;0
1252;48;-8
1253;48;-8
1254;48;-8
1255;40;-8
1256;32;-8
1257;32;0
1258;24;8
1259;16;16
1260;16;16
1261;8;24
1262;8;32
1263;0;24
1264;-8;32
1265;-8;32
1266;-16;32
1267;-24;32
1268;-24;24
1269;-32;32
1270;-32;24
1271;-40;24
1272;-48;24
1273;-48;24
1274;-56;24
1275;-64;24
1276;-64;24
1277;-72;24
1278;-72;16
1279;-88;24
1280;-88;16
1281;-96;16
1282;-96;16
1283;-104;16
1284;-104;16
1285;-112;24
1286;-128;24
1287;-136;16
1288;-120;16
1289;-136;16
1290;-136;24
1291;-136;16
1292;-144;16
1293;-152;16
1294;-152;8
1295;-160;8
1296;-168;8
1297;-176;-8
1298;-176;-8
1299;-184;-8
1300;-184;-8
1301;-192;-16
1302;-192;-8
1303;-200;-8
1304;-208;0
1305;-216;0
1306;-216;8
1307;-224;16
1308;-224;16
1309;-232;112
1310;-232;120
1311;-240;120
1312;-240;120
1313;-248;120
1314;-264;120
1315;-256;128
1316;-264;120
1317;-272;120
1318;-272;128
1319;-272;120
1320;-272;120
1321;-288;120
1322;-288;120
1323;-288;120
1324;-304;120
1325;-304;112
1326;-304;120
1327;-304;112
1328;-312;112
1329;-312;112
1330;-320;112
1331;-320;120
1332;-320;112
1333;-336;120
1334;-336;112
1335;-336;112
1336;-344;112
1337;-344;112
1338;-344;112
1339;-352;104
1340;-360;104
1341;-360;104
1342;-368;96
1343;-368;96
1344;-368;88
1345;-376;88
1346;-376;88
1347;-384;88
1348;-384;88
1349;-384;88
1350;-384;96
1351;-392;96
1352;-392;104
1353;-400;112
1354;-400;120
1355;-400;120
1356;-408;128
1357;-408;120
1358;-408;120
1359;-408;120
1360;-416;120
1361;-416;120
1362;-432;120
1363;-416;120
1364;-424;120
1365;-424;120
1366;-424;120
1367;-424;120
1368;-424;120
1369;-432;112
1370;-432;112
1371;-432;120
1372;-432;120
1373;-432;112
1374;-440;112
1375;-432;112
1376;-440;112
1377;-440;120
1378;-440;112
1379;-440;112
1380;-440;112
1381;-448;112
1382;-432;112
1383;-440;112
1384;-448;104
1385;-448;104
1386;-448;96
1387;-448;96
1388;-448;96
1389;-448;88
1390;-448;88
1391;-448;88
1392;-448;88
1393;-448;88
1394;-448;96
1395;-448;96
1396;-456;104
1397;-448;104
1398;-448;120
1399;-448;120
1400;-440;120
1401;-448;120
1402;-440;120
1403;-424;128
1404;-448;120
1405;-440;120
1406;-440;120
1407;-440;120
1408;-440;120
1409;-440;120
1410;-440;120
1411;-432;120
1412;-432;112
1413;-432;72
1414;-432;72
1415;-432;64
1416;-424;56
1417;-424;56
1418;-424;48
1419;-416;48
1420;-424;48
1421;-416;40
1422;-416;40
1423;-416;32
1424;-416;32
1425;-408;40
1426;-408;40
1427;-408;48
1428;-400;48
1429;-400;56
1430;-392;56
1431;-392;64
1432;-392;64
1433;-392;72
1434;-384;80
1435;-384;72
1436;-384;72
1437;-368;72
1438;-376;72
1439;-376;64
1440;-368;72
1441;-368;72
1442;-368;64
1443;-368;64
1444;-360;64
1445;-352;72
1446;-344;56
1447;-344;64
1448;-344;64
1449;-336;64
1450;-328;64
1451;-328;64
1452;-320;64
1453;-320;64
1454;-320;64
1455;-312;64
1456;-312;64
1457;-304;64
1458;-304;56
1459;-296;64
1460;-296;56
1461;-288;56
1462;-280;48
1463;-280;40
1464;-272;40
1465;-264;40
1466;-264;40
1467;-264;32
1468;-256;32
1469;-248;32
1470;-248;40
1471;-248;40
1472;-240;48
1473;-232;56
1474;-224;56
1475;-224;64
1476;-216;64
1477;-208;72
1478;-200;72
1479;-200;72
1480;-192;72
1481;-192;72
1482;-184;72
1483;-176;72
1484;-176;72
1485;-168;64
1486;-168;72
1487;-160;64
1488;-152;64
1489;-152;64
1490;-152;64
1491;-144;64
1492;-136;64
1493;-136;64
1494;-128;64
1495;-120;64
1496;-112;64
1497;-112;64
1498;-112;64
1499;-96;64
1500;-88;56
1501;-88;56
1502;-88;64
1503;-80;64
1504;-72;64
1505;-72;56
1506;-64;64
1507;-56;64
1508;-48;64
1509;-48;56
1510;-40;48
1511;-32;48
1512;-24;40
1513;-24;40
1514;-24;40
1515;-16;40
1516;-8;32
1517;0;-48
1518;8;-40
1519;-16;-40
1520;16;-40
1521;24;-32
1522;32;-24
1523;32;-24
1524;32;-16
1525;48;-16
1526;48;-8
1527;56;-8
1528;56;-8
1529;64;-8
1530;64;-8
1531;72;-16
1532;88;-8
1533;88;-16
1534;88;-16
1535;96;-16
1536;104;-16
1537;104;-16
1538;112;-16
1539;120;-16
1540;120;-24
1541;128;-16
1542;128;-16
1543;136;-16
1544;136;-24
1545;144;-24
1546;144;-16
1547;152;-16
1548;160;-24
1549;160;-24
1550;168;-24
1551;176;-24
1552;176;-24
1553;168;-24
1554;184;-24
1555;192;-24
1556;192;-32
1557;200;-32
1558;208;-32
1559;216;-40
1560;224;-40
1561;216;-48
1562;224;-48
1563;224;-48
1564;232;-48
1565;232;-40
1566;232;-40
1567;240;-32
1568;248;-24
1569;248;-16
1570;256;-16
1571;256;-16
1572;264;-8
1573;264;-8
1574;264;-8
1575;272;-8
1576;280;-16
1577;280;-16
1578;288;-16
1579;288;-16
1580;280;-16
1581;296;-16
1582;296;-16
1583;304;-16
1584;304;-24
1585;312;-24
1586;312;-24
1587;320;-16
1588;320;-16
1589;320;-24
1590;320;-24
1591;328;-24
1592;328;-16
1593;336;-24
1594;360;-24
1595;344;-24
1596;344;-24
1597;344;-24
1598;352;-24
1599;352;-24
1600;352;-32
1601;352;-32
1602;360;-32
1603;360;-32
1604;368;-40
1605;368;-40
1606;368;-40
1607;376;-48
1608;368;-48
1609;376;-48
1610;384;-40
1611;384;-40
1612;384;-32
1613;384;-24
1614;376;-16
1615;392;-16
1616;392;-16
1617;392;-8
1618;400;-8
1619;392;-8
1620;400;-8
1621;400;-56
1622;408;-56
1623;408;-56
1624;408;-56
1625;416;-56
1626;408;-56
1627;416;-56
1628;408;-64
1629;416;-64
1630;416;-64
1631;416;-64
1632;424;-64
1633;424;-72
1634;432;-80
1635;424;-80
1636;432;-80
1637;432;-80
1638;424;-88
1639;424;-88
1640;424;-88
1641;440;-80
1642;432;-80
1643;432;-80
1644;432;-80
1645;440;-72
1646;440;-64
1647;432;-64
1648;432;-56
1649;440;-56
1650;440;-56
1651;432;-56
1652;440;-56
1653;440;-56
1654;440;-56
1655;432;-56
1656;440;-56
1657;440;-56
1658;440;-56
1659;440;-56
1660;440;-64
1661;432;-64
1662;432;-64
1663;432;-64
1664;432;-64
1665;440;-64
1666;440;-64
1667;432;-64
1668;440;-64
1669;440;-64
1670;432;-72
1671;432;-64
1672;432;-64
1673;432;-64
1674;432;-64
1675;424;-64
1676;424;-64
1677;432;-72
1678;432;-72
1679;432;-72
1680;424;-80
1681;424;-80
1682;432;-88
1683;424;-88
1684;424;-88
1685;416;-88
1686;416;-80
1687;424;-80
1688;416;-80
1689;416;-72
1690;416;-72
1691;408;-64
1692;416;-56
1693;408;-56
1694;408;-56
1695;400;-48
1696;408;-56
1697;400;-56
1698;400;-56
1699;400;-56
1700;392;-56
1701;392;-56
1702;392;-64
1703;384;-56
1704;384;-56
1705;384;-56
1706;384;-56
1707;384;-56
1708;376;-64
1709;368;-64
1710;360;-64
1711;368;-64
1712;368;-64
1713;368;-64
1714;360;-64
1715;360;-64
1716;360;-64
1717;368;-64
1718;352;-64
1719;352;-64
1720;352;-64
1721;344;-64
1722;344;-72
1723;328;-64
1724;336;-64
1725;336;-8
1726;328;-8
1727;320;-16
1728;328;-16
1729;320;-16
1730;328;-24
1731;312;-24
1732;312;-32
1733;312;-32
1734;304;-32
1735;304;-32
1736;296;-32
1737;288;-32
1738;288;-24
1739;288;-24
1740;280;-24
1741;280;-16
1742;272;-8
1743;272;-8
1744;272;0
1745;264;0
1746;256;8
1747;256;0
1748;248;0
1749;248;0
1750;248;8
1751;256;0
1752;232;0
1753;232;0
1754;224;0
1755;224;-8
1756;216;-8
1757;208;-8
1758;208;-8
1759;208;-8
1760;200;0
1761;200;-8
1762;200;-8
1763;192;-8
1764;192;-8
1765;184;-8
1766;184;-8
1767;176;-16
1768;168;-8
1769;168;-8
1770;160;-8
1771;152;-8
1772;160;-8
1773;152;-16
1774;144;-16
1775;144;-16
1776;144;-24
1777;136;-24
1778;128;-32
1779;128;-24
1780;120;-32
1781;120;-32
1782;112;-32
1783;104;-32
1784;104;-32
1785;88;-24
1786;88;-24
1787;88;-24
1788;80;-8
1789;72;-8
1790;80;0
1791;72;0
1792;56;0
1793;56;0
1794;56;8
1795;48;0
1796;40;8
1797;40;0
1798;40;0
1799;24;0
1800;24;0
1801;16;0
1802;16;0
1803;8;0
1804;0;0
1805;0;-8
1806;-8;-8
1807;-16;-8
1808;-16;-8
1809;-24;-8
1810;-24;0
1811;-32;-8
1812;-40;-8
1813;-40;-8
1814;-40;-8
1815;-48;-8
1816;-56;-8
1817;-64;-8
1818;-64;-8
1819;-72;-8
1820;-80;-8
1821;-80;-8
1822;-88;-8
1823;-96;-16
1824;-96;-8
1825;-104;-16
1826;-104;-24
1827;-112;-24
1828;-120;-24
1829;-120;88
1830;-120;80
1831;-136;80
1832;-136;80
1833;-152;80
1834;-144;88
1835;-160;88
1836;-160;88
1837;-160;96
1838;-168;104
1839;-168;112
1840;-176;112
1841;-184;112
1842;-184;120
1843;-192;112
1844;-192;112
1845;-200;120
1846;-208;120
1847;-208;120
1848;-216;112
1849;-224;112
1850;-224;120
1851;-232;112
1852;-240;112
1853;-240;104
1854;-240;104
1855;-248;104
1856;-256;104
1857;-264;104
1858;-264;104
1859;-264;104
1860;-272;104
1861;-272;104
1862;-280;104
1863;-280;104
1864;-280;104
1865;-296;104
1866;-296;104
1867;-304;104
1868;-304;104
1869;-312;104
1870;-312;104
1871;-312;104
1872;-320;104
1873;-320;104
1874;-320;104
1875;-328;104
1876;-336;96
1877;-336;104
1878;-344;96
1879;-344;96
1880;-352;88
1881;-352;80
1882;-352;80
1883;-360;80
1884;-360;80
1885;-368;80
1886;-368;80
1887;-368;88
1888;-376;88
1889;-376;96
1890;-384;104
1891;-384;112
1892;-384;112
1893;-392;112
1894;-400;112
1895;-392;112
1896;-392;112
1897;-400;112
1898;-400;112
1899;-400;112
1900;-408;112
1901;-400;112
1902;-408;112
1903;-416;112
1904;-416;112
1905;-416;104
1906;-416;104
1907;-424;104
1908;-416;104
1909;-424;104
1910;-424;104
1911;-432;104
1912;-424;104
1913;-432;104
1914;-440;104
1915;-440;104
1916;-432;104
1917;-440;104
1918;-440;104
1919;-440;104
1920;-440;104
1921;-440;104
1922;-440;96
1923;-440;96
1924;-448;88
1925;-440;88
1926;-448;80
1927;-448;80
1928;-448;72
1929;-440;80
1930;-448;80
1931;-440;80
1932;-440;88
1933;-448;88
1934;-448;72
1935;-440;80
1936;-440;80
1937;-448;80
1938;-440;88
1939;-440;88
1940;-440;88
1941;-440;88
1942;-448;80
1943;-440;80
1944;-440;88
1945;-440;80
1946;-440;80
1947;-440;80
1948;-440;80
1949;-440;80
1950;-440;80
1951;-440;80
1952;-432;88
1953;-432;88
1954;-432;88
1955;-424;88
1956;-432;88
1957;-424;96
1958;-424;96
1959;-424;88
1960;-424;88
1961;-424;88
1962;-416;96
1963;-416;88
1964;-416;88
1965;-408;96
1966;-408;88
1967;-408;88
1968;-408;80
1969;-400;88
1970;-400;88
1971;-400;88
1972;-392;88
1973;-392;88
1974;-392;88
1975;-384;88
1976;-384;88
1977;-384;88
1978;-376;88
1979;-376;88
1980;-376;88
1981;-368;88
1982;-360;80
1983;-360;88
1984;-360;88
1985;-352;80
1986;-352;80
1987;-344;80
1988;-352;80
1989;-344;80
1990;-344;80
1991;-336;80
1992;-328;80
1993;-320;80
1994;-320;80
1995;-320;72
1996;-312;64
1997;-312;64
1998;-304;64
1999;-304;64
2000;-296;56
2001;-296;56
2002;-288;56
2003;-280;64
2004;-280;72
2005;-280;72
2006;-272;80
2007;-264;88
2008;-256;96
2009;-256;96
2010;-240;96
2011;-248;88
2012;-248;96
2013;-240;96
2014;-240;88
2015;-224;88
2016;-224;96
2017;-224;88
2018;-216;88
2019;-208;88
2020;-208;88
2021;-200;88
2022;-192;80
2023;-184;88
2024;-200;88
2025;-176;80
2026;-176;88
2027;-176;80
2028;-168;80
2029;-160;80
2030;-160;80
2031;-136;80
2032;-144;80
2033;-136;80
2034;-136;88
2035;-136;80
2036;-128;80
2037;-128;88
2038;-112;88
2039;-112;-8
2040;-104;-8
2041;-96;-16
2042;-96;-16
2043;-88;-16
2044;-88;-24
2045;-80;-24
2046;-72;-24
2047;-72;-24
2048;-56;-24
2049;-56;-24
2050;-56;-24
2051;-48;-24
2052;-40;-16
2053;-32;-8
2054;-32;0
2055;-24;0
2056;-16;8
2057;-8;8
2058;0;8
2059;0;8
2060;8;8
2061;8;16
2062;16;8
2063;24;8
2064;24;8
2065;32;8
2066;40;8
2067;40;8
2068;48;0
2069;56;0
2070;56;0
2071;56;-8
2072;64;0
2073;72;0
2074;80;0
2075;80;-8
2076;88;0
2077;96;0
2078;104;-8
2079;104;-8
2080;112;0
2081;120;0
2082;120;0
2083;128;-8
2084;128;-8
2085;136;-8
2086;136;-16
2087;144;-16
2088;152;-24
2089;152;-24
2090;160;-24
2091;160;-24
2092;168;-24
2093;176;-32
2094;176;-24
2095;184;-16
2096;184;-8
2097;192;-8
2098;192;0
2099;192;0
2100;200;8
2101;208;8
2102;216;8
2103;216;8
2104;224;8
2105;232;8
2106;232;8
2107;240;8
2108;240;8
2109;240;8
2110;248;0
2111;248;0
2112;256;0
2113;264;0
2114;264;0
2115;264;0
2116;272;-8
2117;272;0
2118;272;0
2119;272;0
2120;280;0
2121;288;0
2122;296;0
2123;296;0
2124;296;0
2125;304;-8
2126;296;-8
2127;312;-8
2128;312;-8
2129;312;-16
2130;320;-16
2131;320;-24
2132;328;-24
2133;328;-24
2134;336;-24
2135;336;-32
2136;336;-32
2137;344;-24
2138;344;-24
2139;352;-16
2140;360;-8
2141;352;0
2142;352;0
2143;360;-56
2144;352;-48
2145;360;-48
2146;360;-48
2147;352;-48
2148;368;-40
2149;368;-48
2150;376;-48
2151;376;-48
2152;376;-48
2153;392;-56
2154;384;-48
2155;384;-56
2156;384;-48
2157;392;-56
2158;392;-56
2159;392;-56
2160;400;-56
2161;400;-56
2162;408;-56
2163;400;-56
2164;408;-56
2165;408;-56
2166;408;-56
2167;416;-56
2168;408;-56
2169;416;-56
2170;416;-56
2171;416;-56
2172;416;-64
2173;416;-64
2174;408;-64
2175;416;-64
2176;424;-64
2177;424;-72
2178;424;-72
2179;424;-80
2180;432;-80
2181;424;-80
2182;432;-72
2183;424;-72
2184;432;-72
2185;424;-72
2186;432;-64
2187;432;-64
2188;432;-64
2189;432;-56
2190;432;-56
2191;440;-56
2192;432;-48
2193;432;-56
2194;432;-48
2195;432;-48
2196;432;-48
2197;440;-48
2198;440;-48
2199;440;-48
2200;432;-48
2201;432;-56
2202;432;-48
2203;432;-48
2204;440;-56
2205;440;-56
2206;432;-56
2207;432;-56
2208;440;-56
2209;432;-56
2210;432;-56
2211;432;-56
2212;432;-56
2213;432;-56
2214;432;-56
2215;432;-56
2216;432;-56
2217;432;-56
2218;432;-56
2219;432;-56
2220;424;-56
2221;416;-56
2222;416;-56
2223;432;-64
2224;416;-64
2225;424;-64
2226;424;-64
2227;416;-72
2228;416;-80
2229;408;-72
2230;416;-80
2231;408;-80
2232;416;-80
2233;408;-80
2234;408;-80
2235;408;-72
2236;408;-64
2237;408;-56
2238;400;-56
2239;400;-48
2240;400;-48
2241;392;-48
2242;400;-48
2243;392;-48
2244;384;-40
2245;384;-48
2246;384;-16
2247;384;-24
2248;384;-24
2249;376;-24
2250;376;-24
2251;376;-24
2252;376;-24
2253;368;-32
2254;368;-24
2255;368;-24
2256;352;-32
2257;360;-32
2258;352;-40
2259;352;-40
2260;352;-40
2261;352;-48
2262;352;-48
2263;344;-56
2264;344;-48
2265;336;-56
2266;336;-56
2267;328;-56
2268;328;-48
2269;336;-48
2270;328;-40
2271;320;-40
2272;320;-32
2273;320;-32
2274;312;-24
2275;312;-16
2276;304;-16
2277;304;-16
2278;296;-16
2279;296;-16
2280;288;-16
2281;288;-16
2282;288;-16
2283;272;-24
2284;272;-24
2285;264;-32
2286;264;-24
2287;264;-32
2288;256;-24
2289;256;-24
2290;248;-32
2291;248;-32
2292;240;-32
2293;240;-32
2294;240;-32
2295;232;-24
2296;232;-32
2297;232;-32
2298;216;-32
2299;216;-32
2300;208;-32
2301;208;-32
2302;208;-32
2303;200;-40
2304;192;-40
2305;200;-40
2306;184;-48
2307;184;-48
2308;176;-56
2309;176;-48
2310;168;-56
2311;168;-48
2312;168;-48
2313;160;-40
2314;160;-40
2315;152;-24
2316;144;-32
2317;144;-24
2318;144;-16
2319;136;-16
2320;136;-16
2321;128;-16
2322;120;-24
2323;120;-24
2324;128;-24
2325;104;-24
2326;104;-24
2327;104;-24
2328;96;-24
2329;88;-24
2330;80;-24
2331;80;-24
2332;72;-24
2333;72;-24
2334;64;-32
2335;56;-32
2336;56;-24
2337;48;-32
2338;32;-32
2339;40;-32
2340;32;-32
2341;32;-24
2342;24;-32
2343;16;-32
2344;16;-32
2345;32;-32
2346;8;-32
2347;0;-32
2348;-8;-32
2349;-8;-32
2350;-16;80
2351;-24;80
2352;-24;80
2353;-32;72
2354;-32;72
2355;-40;64
2356;-48;64
2357;-48;64
2358;-56;56
2359;-56;64
2360;-64;56
2361;-72;56
2362;-80;56
2363;-80;64
2364;-88;72
2365;-80;72
2366;-96;80
2367;-104;88
2368;-104;88
2369;-112;88
2370;-112;96
2371;-120;96
2372;-120;96
2373;-128;96
2374;-136;96
2375;-144;96
2376;-144;88
2377;-144;96
2378;-160;88
2379;-160;88
2380;-168;88
2381;-176;88
2382;-176;88
2383;-176;88
2384;-192;88
2385;-192;88
2386;-208;88
2387;-200;80
2388;-208;88
2389;-208;80
2390;-216;88
2391;-224;80
2392;-224;88
2393;-232;80
2394;-240;88
2395;-240;80
2396;-240;80
2397;-248;80
2398;-256;72
2399;-256;64
2400;-264;72
2401;-264;64
2402;-272;64
2403;-272;56
2404;-280;56
2405;-288;64
2406;-288;64
2407;-296;64
2408;-296;64
2409;-296;72
2410;-304;80
2411;-304;88
2412;-312;88
2413;-320;96
2414;-312;96
2415;-328;96
2416;-328;96
2417;-336;96
2418;-336;96
2419;-336;96
2420;-344;88
2421;-344;96
2422;-352;96
2423;-352;88
2424;-360;88
2425;-360;88
2426;-360;88
2427;-360;88
2428;-368;88
2429;-368;88
2430;-376;80
2431;-376;88
2432;-384;80
2433;-384;88
2434;-384;80
2435;-392;80
2436;-392;80
2437;-392;80
2438;-400;72
2439;-400;72
2440;-408;72
2441;-400;64
2442;-408;64
2443;-408;56
2444;-416;56
2445;-416;56
2446;-416;64
2447;-424;64
2448;-416;64
2449;-424;72
2450;-424;80
2451;-432;88
2452;-424;88
2453;-424;96
2454;-424;96
2455;-432;104
2456;-432;112
2457;-432;104
2458;-440;104
2459;-432;104
2460;-448;104
2461;-448;104
2462;-440;104
2463;-448;96
2464;-440;104
2465;-440;104
2466;-440;96
2467;-440;96
2468;-448;96
2469;-448;96
2470;-448;96
2471;-448;96
2472;-448;96
2473;-448;96
2474;-448;88
2475;-448;96
2476;-448;96
2477;-448;96
2478;-448;96
2479;-448;96
2480;-448;96
2481;-440;96
2482;-448;88
2483;-448;88
2484;-448;88
2485;-448;80
2486;-448;80
2487;-440;72
2488;-440;72
2489;-448;72
2490;-440;64
2491;-440;64
2492;-440;72
2493;-440;72
2494;-440;80
2495;-448;88
2496;-432;96
2497;-440;96
2498;-440;96
2499;-432;104
2500;-424;112
2501;-424;104
2502;-416;112
2503;-424;104
2504;-424;104
2505;-416;104
2506;-416;104
2507;-416;104
2508;-416;104
2509;-416;96
2510;-408;96
2511;-408;104
2512;-408;96
2513;-400;96
2514;-400;96
2515;-392;96
2516;-392;96
2517;-392;96
2518;-392;96
2519;-392;96
2520;-384;96
2521;-376;96
2522;-368;96
2523;-376;88
2524;-368;88
2525;-368;88
2526;-368;80
2527;-360;80
2528;-360;72
2529;-344;72
2530;-344;72
2531;-344;72
2532;-336;72
2533;-336;64
2534;-328;72
2535;-328;72
2536;-336;80
2537;-320;80
2538;-320;88
2539;-312;96
2540;-312;96
2541;-312;96
2542;-304;104
2543;-288;104
2544;-296;104
2545;-288;104
2546;-288;104
2547;-288;104
2548;-280;104
2549;-280;104
2550;-272;104
2551;-264;104
2552;-256;96
2553;-256;96
2554;-248;96
2555;-240;96
2556;-240;96
2557;-232;96
2558;-232;96
2559;-224;8
2560;-224;0
2561;-216;0
2562;-208;0
2563;-208;-8
2564;-200;-8
2565;-200;-16
2566;-192;-16
2567;-184;-16
2568;-184;-16
2569;-176;-24
2570;-168;-16
2571;-168;-16
2572;-160;-8
2573;-152;-8
2574;-152;8
2575;-144;8
2576;-136;16
2577;-112;16
2578;-128;16
2579;-128;16
2580;-120;16
2581;-120;16
2582;-104;16
2583;-104;16
2584;-96;16
2585;-96;16
2586;-88;8
2587;-80;8
2588;-80;8
2589;-72;8
2590;-72;8
2591;-64;8
2592;-56;8
2593;-48;8
2594;-48;8
2595;-40;8
2596;-40;8
2597;-40;8
2598;-24;0
2599;-16;8
2600;-8;8
2601;-8;0
2602;0;0
2603;8;0
2604;8;-8
2605;16;-8
2606;24;-16
2607;24;-16
2608;32;-16
2609;40;-16
2610;48;-16
2611;56;-16
2612;56;-16
2613;56;-24
2614;64;-8
2615;72;-8
2616;72;0
2617;80;16
2618;64;16
2619;96;16
2620;96;16
2621;104;16
2622;104;16
2623;112;24
2624;120;16
2625;120;16
2626;128;16
2627;128;8
2628;136;8
2629;144;16
2630;144;8
2631;152;8
2632;152;8
2633;160;8
2634;168;8
2635;168;8
2636;176;8
2637;176;8
2638;200;0
2639;184;8
2640;192;8
2641;192;8
2642;200;0
2643;208;0
2644;208;-8
2645;208;-8
2646;224;-16
2647;224;-16
2648;232;-16
2649;232;-24
2650;240;-24
2651;240;-16
2652;232;-16
2653;248;-16
2654;256;-8
2655;256;0
2656;264;0
2657;264;8
2658;272;16
2659;288;16
2660;272;16
2661;280;16
2662;288;16
2663;288;-40
2664;288;-48
2665;288;-40
2666;296;-40
2667;304;-48
2668;304;-48
2669;304;-40
2670;312;-48
2671;312;-48
2672;320;-48
2673;320;-48
2674;320;-48
2675;328;-56
2676;328;-48
2677;336;-56
2678;336;-48
2679;328;-56
2680;344;-48
2681;352;-56
2682;352;-56
2683;352;-56
2684;352;-64
2685;360;-64
2686;368;-64
2687;360;-72
2688;368;-72
2689;368;-72
2690;368;-80
2691;368;-72
2692;376;-80
2693;400;-72
2694;384;-72
2695;384;-64
2696;384;-64
2697;384;-56
2698;384;-56
2699;384;-48
2700;384;-48
2701;392;-40
2702;400;-40
2703;400;-40
2704;400;-40
2705;400;-40
2706;408;-40
2707;408;-48
2708;408;-48
2709;416;-48
2710;416;-48
2711;416;-48
2712;416;-48
2713;424;-48
2714;416;-48
2715;416;-48
2716;424;-48
2717;416;-48
2718;424;-56
2719;424;-48
2720;416;-48
2721;424;-56
2722;424;-48
2723;424;-56
2724;432;-56
2725;432;-56
2726;432;-56
2727;432;-64
2728;432;-64
2729;432;-72
2730;432;-72
2731;432;-72
2732;432;-72
2733;440;-72
2734;440;-72
2735;432;-72
2736;440;-64
2737;432;-64
2738;440;-56
2739;440;-48
2740;440;-48
2741;432;-48
2742;440;-40
2743;432;-40
2744;432;-40
2745;432;-40
2746;432;-40
2747;432;-40
2748;432;-48
2749;440;-40
2750;440;-48
2751;432;-48
2752;432;-56
2753;432;-48
2754;424;-48
2755;432;-48
2756;432;-48
2757;432;-48
2758;432;-56
2759;432;-48
2760;432;-56
2761;432;-56
2762;424;-48
2763;424;-48
2764;424;-56
2765;424;-48
2766;424;-48
2767;424;-40
2768;424;-48
2769;424;-56
2770;416;-56
2771;416;-56
2772;416;-56
2773;416;-64
2774;408;-64
2775;392;-64
2776;416;-64
2777;408;-64
2778;408;-64
2779;408;-72
2780;400;-64
2781;408;-64
2782;400;-56
2783;400;-48
2784;392;-48
2785;392;-40
2786;392;-40
2787;384;-40
2788;384;-32
2789;376;-40
2790;384;-32
2791;384;-32
2792;376;-32
2793;376;-40
2794;376;-32
2795;376;-40
2796;368;-40
2797;360;-40
2798;360;-40
2799;360;-40
2800;360;-40
2801;352;-40
2802;352;-48
2803;352;-48
2804;344;-48
2805;344;-48
2806;336;-48
2807;336;-48
2808;336;-40
2809;328;-48
2810;328;-48
2811;328;-48
2812;320;-48
2813;320;-48
2814;320;-56
2815;320;-56
2816;320;-56
2817;312;-64
2818;304;-72
2819;296;-64
2820;296;-72
2821;296;-64
2822;280;-64
2823;288;-64
2824;280;-56
2825;280;-48
2826;272;-48
2827;272;-40
2828;264;-40
2829;264;-32
2830;256;-32
2831;256;-32
2832;248;-40
2833;248;-32
2834;240;-40
2835;240;-40
2836;248;-40
2837;232;-40
2838;224;-40
2839;224;-40
2840;216;-40
2841;216;-40
2842;208;-40
2843;216;-40
2844;200;-40
2845;200;-48
2846;192;-48
2847;192;-40
2848;184;-48
2849;184;-48
2850;176;-48
2851;184;-48
2852;168;-48
2853;168;-40
2854;160;-48
2855;160;-48
2856;152;-56
2857;144;-56
2858;144;-64
2859;144;-64
2860;136;-64
2861;136;-64
2862;128;-64
2863;128;-72
2864;120;-64
2865;120;-64
2866;112;-64
2867;112;-56
2868;104;-48
2869;104;-48
2870;104;-40
2871;88;80
2872;88;72
2873;80;80
2874;72;80
2875;72;80
2876;72;80
2877;56;80
2878;56;80
2879;56;72
2880;48;72
2881;40;72
2882;32;72
2883;40;72
2884;32;72
2885;24;72
2886;24;64
2887;16;72
2888;8;72
2889;0;72
2890;0;64
2891;16;72
2892;-16;72
2893;-16;64
2894;-24;64
2895;-32;64
2896;-32;64
2897;-40;72
2898;-40;64
2899;-48;64
2900;-56;64
2901;-56;56
2902;-64;64
2903;-72;56
2904;-72;48
2905;-72;48
2906;-80;48
2907;-88;48
2908;-96;40
2909;-96;40
2910;-96;40
2911;-120;48
2912;-112;48
2913;-120;56
2914;-120;56
2915;-128;64
2916;-128;64
2917;-136;72
2918;-136;80
2919;-152;80
2920;-152;80
2921;-160;80
2922;-160;80
2923;-160;80
2924;-168;72
2925;-176;72
2926;-184;80
2927;-184;72
2928;-192;72
2929;-192;72
2930;-200;72
2931;-208;72
2932;-232;72
2933;-216;72
2934;-224;72
2935;-224;72
2936;-232;64
2937;-232;64
2938;-232;64
2939;-240;64
2940;-248;64
2941;-248;64
2942;-256;64
2943;-264;72
2944;-264;64
2945;-272;64
2946;-280;64
2947;-280;72
2948;-280;64
2949;-288;64
2950;-288;64
2951;-296;64
2952;-288;56
2953;-304;56
2954;-304;48
2955;-312;48
2956;-312;40
2957;-320;40
2958;-320;40
2959;-328;40
2960;-328;40
2961;-328;48
2962;-344;48
2963;-344;56
2964;-344;56
2965;-344;64
2966;-352;64
2967;-352;72
2968;-360;72
2969;-360;80
2970;-368;80
2971;-376;80
2972;-368;80
2973;-368;80
2974;-376;80
2975;-384;128
2976;-384;128
2977;-384;120
2978;-392;120
2979;-400;120
2980;-400;120
2981;-400;112
2982;-400;120
2983;-408;120
2984;-408;112
2985;-408;120
2986;-408;112
2987;-408;112
2988;-408;112
2989;-416;112
2990;-424;104
2991;-416;96
2992;-416;96
2993;-424;88
2994;-424;88
2995;-424;88
2996;-424;88
2997;-424;88
2998;-432;88
2999;-432;96
3000;-432;104
3001;-432;104
3002;-440;112
3003;-440;120
3004;-440;120
3005;-440;128
3006;-440;120
3007;-440;120
3008;-440;128
3009;-448;128
3010;-440;120
3011;-440;120
3012;-440;120
3013;-448;120
3014;-456;120
3015;-448;120
3016;-440;120
3017;-448;112
3018;-448;112
3019;-448;112
3020;-440;112
3021;-440;112
3022;-440;112
3023;-440;112
3024;-440;112
3025;-448;112
3026;-448;112
3027;-440;112
3028;-440;120
3029;-440;112
3030;-440;112
3031;-440;104
3032;-440;96
3033;-440;96
3034;-432;96
3035;-432;96
3036;-432;88
3037;-432;88
3038;-432;88
3039;-432;88
3040;-424;88
3041;-432;88
3042;-424;96
3043;-424;104
3044;-424;112
3045;-424;112
3046;-416;120
3047;-416;120
3048;-392;128
3049;-416;120
3050;-416;128
3051;-408;128
3052;-408;128
3053;-400;128
3054;-408;120
3055;-392;120
3056;-392;120
3057;-400;120
3058;-392;120
3059;-392;120
3060;-384;112
3061;-384;112
3062;-384;112
3063;-376;112
3064;-376;112
3065;-368;112
3066;-368;112
3067;-360;112
3068;-376;112
3069;-360;112
3070;-352;112
3071;-352;112
3072;-352;112
3073;-344;112
3074;-336;112
3075;-336;112
3076;-336;112
3077;-328;112
3078;-320;112
3079;-320;112
3080;-312;32
3081;-312;24
3082;-304;24
3083;-312;16
3084;-304;8
3085;-296;16
3086;-288;8
3087;-288;8
3088;-288;8
3089;-304;8
3090;-272;8
3091;-272;8
3092;-264;16
3093;-264;16
3094;-256;24
3095;-240;24
3096;-248;32
3097;-240;32
3098;-240;40
3099;-232;48
3100;-224;40
3101;-224;40
3102;-216;40
3103;-216;40
3104;-208;40
3105;-200;40
3106;-208;40
3107;-192;40
3108;-192;40
3109;-168;32
3110;-176;32
3111;-176;32
3112;-168;32
3113;-168;32
3114;-152;32
3115;-152;32
3116;-152;32
3117;-144;32
3118;-144;32
3119;-136;32
3120;-128;32
3121;-128;32
3122;-120;32
3123;-128;32
3124;-112;32
3125;-104;32
3126;-104;32
3127;-96;32
3128;-88;32
3129;-80;24
3130;-64;16
3131;-72;16
3132;-72;16
3133;-64;8
3134;-56;8
3135;-48;8
3136;-56;8
3137;-40;8
3138;-40;8
3139;-24;16
3140;-24;16
3141;-16;24
3142;-8;32
3143;-8;40
3144;0;40
3145;8;40
3146;8;40
3147;16;40
3148;24;40
3149;24;40
3150;40;40
3151;40;40
3152;40;40
3153;48;32
3154;56;32
3155;56;32
3156;64;32
3157;72;32
3158;72;32
3159;80;32
3160;88;32
3161;88;32
3162;96;32
3163;96;24
3164;112;32
3165;112;24
3166;120;32
3167;120;32
3168;128;32
3169;128;32
3170;128;32
3171;128;24
3172;144;16
3173;144;16
3174;152;8
3175;160;8
3176;160;0
3177;168;8
3178;168;0
3179;176;0
3180;176;0
3181;184;16
3182;192;24
3183;192;24
3184;200;-32
3185;200;-32
3186;208;-32
3187;208;-32
3188;216;-24
3189;216;-32
3190;224;-24
3191;224;-32
3192;232;-32
3193;240;-32
3194;248;-40
3195;248;-32
3196;248;-32
3197;256;-40
3198;256;-40
3199;256;-40
3200;264;-40
3201;272;-40
3202;272;-40
3203;280;-40
3204;288;-40
3205;288;-40
3206;288;-40
3207;288;-40
3208;296;-40
3209;296;-40
3210;304;-40
3211;296;-48
3212;312;-48
3213;312;-48
3214;312;-56
3215;312;-56
3216;320;-64
3217;328;-56
3218;328;-64
3219;328;-64
3220;336;-72
3221;336;-64
3222;344;-56
3223;344;-56
3224;344;-48
3225;336;-40
3226;352;-40
3227;352;-40
3228;360;-32
3229;368;-32
3230;360;-32
3231;368;-32
3232;368;-24
3233;368;-32
3234;376;-32
3235;376;-32
3236;376;-32
3237;384;-32
3238;384;-32
3239;384;-32
3240;384;-32
3241;392;-40
3242;392;-40
3243;400;-40
3244;400;-40
3245;392;-40
3246;376;-40
3247;400;-40
3248;400;-40
3249;408;-40
3250;408;-40
3251;408;-40
3252;416;-40
3253;416;-40
3254;416;-40
3255;416;-40
3256;416;-40
3257;416;-40
3258;416;-40
3259;416;-48
3260;424;-48
3261;424;-48
3262;424;-48
3263;424;-56
3264;424;-56
3265;432;-64
3266;440;-64
3267;432;-64
3268;432;-64
3269;432;-64
3270;432;-56
3271;432;-56
3272;432;-40
3273;432;-40
3274;432;-40
3275;432;-32
3276;432;-32
3277;440;-32
3278;432;-32
3279;440;-24
3280;416;-32
3281;432;-32
3282;440;-32
3283;440;-32
3284;440;-32
3285;432;-32
3286;440;-32
3287;448;-32
3288;432;-56
3289;432;-56
3290;440;-56
3291;432;-56
3292;432;-64
3293;432;-64
3294;432;-64
3295;432;-72
3296;432;-80
3297;432;-72
3298;432;-80
3299;432;-80
3300;440;-80
3301;432;-80
3302;432;-80
3303;432;-72
3304;432;-64
3305;432;-56
3306;424;-48
3307;416;-48
3308;424;-48
3309;424;-48
3310;424;-48
3311;416;-48
3312;424;-48
3313;416;-48
3314;424;-48
3315;416;-48
3316;416;-56
3317;416;-48
3318;408;-56
3319;408;-48
3320;408;-56
3321;424;-56
3322;400;-56
3323;400;-56
3324;400;-56
3325;400;-56
3326;400;-56
3327;384;-64
3328;392;-56
3329;392;-56
3330;384;-56
3331;384;-56
3332;384;-56
3333;376;-56
3334;376;-56
3335;376;-64
3336;368;-56
3337;368;-64
3338;368;-72
3339;368;-72
3340;360;-80
3341;344;-80
3342;360;-80
3343;352;-80
3344;352;-80
3345;352;-80
3346;344;-80
3347;344;-72
3348;344;-64
3349;336;-64
3350;336;-56
3351;328;-56
3352;328;-56
3353;328;-48
3354;328;-40
3355;320;-48
3356;328;-48
3357;312;-48
3358;312;-48
3359;312;-48
3360;304;-48
3361;296;-48
3362;272;-48
3363;296;-48
3364;296;-56
3365;288;-56
3366;280;-56
3367;280;-56
3368;280;-56
3369;272;-56
3370;272;-56
3371;264;-56
3372;256;-56
3373;256;-56
3374;248;-56
3375;248;-56
3376;240;-64
3377;240;-56
3378;232;-56
3379;232;-64
3380;232;-56
3381;224;-64
3382;208;-64
3383;216;-72
3384;208;-72
3385;208;-80
3386;208;-72
3387;200;-80
3388;200;-80
3389;200;-80
3390;184;-72
3391;184;-72
3392;184;24
3393;176;24
3394;176;32
3395;176;32
3396;168;40
3397;168;40
3398;160;40
3399;152;40
3400;144;40
3401;144;40
3402;144;40
3403;136;40
3404;136;32
3405;128;32
3406;120;32
3407;120;32
3408;120;32
3409;104;40
3410;104;32
3411;96;32
3412;96;24
3413;88;32
3414;88;32
3415;80;40
3416;72;40
3417;72;40
3418;64;40
3419;64;48
3420;56;48
3421;56;40
3422;48;48
3423;48;48
3424;40;48
3425;32;48
3426;24;48
3427;24;40
3428;16;40
3429;16;40
3430;16;40
3431;0;40
3432;0;40
3433;-8;40
3434;-8;40
3435;-16;40
3436;-24;40
3437;-32;40
3438;-32;40
3439;-40;40
3440;-40;40
3441;-48;32
3442;-48;40
3443;-56;32
3444;-72;32
3445;-72;40
3446;-72;32
3447;-72;32
3448;-88;40
3449;-88;40
3450;-96;32
3451;-96;40
3452;-104;40
3453;-104;40
3454;-112;40
3455;-120;32
3456;-120;32
3457;-120;24
3458;-128;24
3459;-144;16
3460;-144;16
3461;-144;16
3462;-152;8
3463;-160;8
3464;-168;16
3465;-168;16
3466;-168;24
3467;-176;32
3468;-184;32
3469;-192;40
3470;-192;40
3471;-192;48
3472;-208;48
3473;-208;48
3474;-208;56
3475;-216;48
3476;-216;56
3477;-216;48
3478;-216;48
3479;-232;40
3480;-240;40
3481;-248;40
3482;-248;40
3483;-256;40
3484;-264;40
3485;-256;40
3486;-264;40
3487;-272;40
3488;-280;32
3489;-280;40
3490;-288;40
3491;-288;40
3492;-296;40
3493;-296;40
3494;-304;40
3495;-304;40
3496;-312;112
3497;-312;112
3498;-328;112
3499;-320;104
3500;-320;96
3501;-328;96
3502;-328;96
3503;-336;88
3504;-336;88
3505;-344;88
3506;-344;88
3507;-344;80
3508;-352;88
3509;-352;88
3510;-360;96
3511;-360;96
3512;-368;104
3513;-368;104
3514;-376;120
3515;-376;120
3516;-384;128
3517;-384;128
3518;-384;120
3519;-416;120
3520;-392;120
3521;-392;128
3522;-392;120
3523;-400;120
3524;-400;120
3525;-400;120
3526;-408;112
3527;-408;112
3528;-408;112
3529;-416;112
3530;-416;112
3531;-416;112
3532;-416;112
3533;-424;112
3534;-424;112
3535;-424;112
3536;-424;112
3537;-432;112
3538;-432;112
3539;-440;112
3540;-432;112
3541;-432;112
3542;-432;112
3543;-440;112
3544;-432;112
3545;-440;112
3546;-440;112
3547;-440;112
3548;-440;112
3549;-440;112
3550;-440;104
3551;-440;104
3552;-440;104
3553;-440;104
3554;-448;96
3555;-448;96
3556;-448;88
3557;-448;88
3558;-448;88
3559;-448;88
3560;-448;88
3561;-456;80
3562;-448;88
3563;-448;96
3564;-448;104
3565;-448;104
3566;-456;112
3567;-448;120
3568;-448;120
3569;-448;120
3570;-440;120
3571;-440;120
3572;-448;120
3573;-440;120
3574;-440;120
3575;-440;120
3576;-440;120
3577;-440;120
3578;-440;112
3579;-440;112
3580;-440;112
3581;-432;112
3582;-432;112
3583;-432;112
3584;-432;112
3585;-424;112
3586;-424;112
3587;-416;112
3588;-424;112
3589;-416;112
3590;-416;112
3591;-416;112
3592;-416;112
3593;-408;112
3594;-408;104
3595;-416;104
3596;-408;104
3597;-408;104
3598;-400;96
3599;-400;96
3600;-408;88
3601;-400;16
3602;-392;24
3603;-384;16
3604;-384;24
3605;-376;24
3606;-384;24
3607;-376;24
3608;-376;32
3609;-368;40
3610;-368;40
3611;-360;48
3612;-360;48
3613;-352;56
3614;-352;56
3615;-344;56
3616;-344;56
3617;-344;56
3618;-336;56
3619;-336;56
3620;-328;56
3621;-328;48
3622;-320;48
3623;-312;48
3624;-312;48
3625;-304;48
3626;-304;48
3627;-296;48
3628;-304;48
3629;-296;48
3630;-288;48
3631;-280;48
3632;-272;48
3633;-272;48
3634;-272;40
3635;-272;48
3636;-256;48
3637;-248;48
3638;-256;40
3639;-248;48
3640;-240;40
3641;-232;40
3642;-232;32
3643;-224;32
3644;-224;24
3645;-216;24
3646;-216;16
3647;-208;16
3648;-200;16
3649;-192;16
3650;-192;24
3651;-184;24
3652;-176;32
3653;-168;40
3654;-168;40
3655;-168;48
3656;-160;56
3657;-152;56
3658;-152;56
3659;-144;56
3660;-136;56
3661;-136;56
3662;-136;56
3663;-128;48
3664;-120;56
3665;-120;48
3666;-112;48
3667;-104;48
3668;-96;48
3669;-88;40
3670;-88;48
3671;-88;48
3672;-80;40
3673;-72;40
3674;-72;48
3675;-64;40
3676;-56;40
3677;-56;40
3678;-48;40
3679;-40;40
3680;-32;40
3681;-32;40
3682;-32;32
3683;-16;24
3684;-16;24
3685;-8;24
3686;0;24
3687;0;16
3688;8;16
3689;16;16
3690;24;16
3691;32;24
3692;32;24
3693;32;32
3694;40;40
3695;48;40
3696;64;48
3697;56;48
3698;64;48
3699;64;56
3700;72;56
3701;80;56
3702;88;56
3703;96;56
3704;96;56
3705;96;56
3706;104;-24
3707;104;-24
3708;120;-24
3709;120;-24
3710;120;-24
3711;128;-24
3712;136;-32
3713;136;-24
3714;144;-32
3715;144;-32
3716;160;-32
3717;160;-40
3718;160;-40
3719;168;-48
3720;168;-48
3721;168;-56
3722;184;-56
3723;184;-56
3724;192;-56
3725;200;-56
3726;200;-48
3727;200;-48
3728;208;-40
3729;208;-40
3730;224;-32
3731;216;-24
3732;224;-24
3733;224;-24
3734;232;-16
3735;232;-16
3736;240;-16
3737;240;-24
3738;248;-16
3739;248;-24
3740;264;-24
3741;264;-24
3742;264;-24
3743;272;-24
3744;272;-24
3745;272;-32
3746;280;-24
3747;280;-24
3748;288;-32
3749;296;-32
3750;296;-32
3751;320;-32
3752;304;-32
3753;304;-32
3754;312;-32
3755;312;-32
3756;312;-32
3757;312;-32
3758;320;-32
3759;328;-32
3760;328;-32
3761;328;-32
3762;336;-32
3763;336;-32
3764;336;-32
3765;344;-32
3766;344;-40
3767;352;-40
3768;352;-48
3769;360;-48
3770;360;-48
3771;352;-56
3772;360;-56
3773;368;-56
3774;368;-56
3775;368;-48
3776;368;-48
3777;368;-40
3778;376;-40
3779;376;-32
3780;376;-32
3781;384;-24
3782;384;-24
3783;384;-24
3784;392;-16
3785;392;-16
3786;392;-24
3787;392;-24
3788;400;-16
3789;400;-24
3790;400;-24
3791;400;-24
3792;384;-24
3793;408;-32
3794;408;-24
3795;408;-24
3796;408;-32
3797;416;-32
3798;416;-32
3799;416;-32
3800;416;-32
3801;416;-32
3802;416;-32
3803;424;-32
3804;424;-32
3805;424;-32
3806;424;-32
3807;432;-32
3808;432;-32
3809;432;-64
3810;432;-64
3811;432;-72
3812;432;-72
3813;432;-72
3814;432;-72
3815;432;-80
3816;432;-88
3817;440;-88
3818;432;-88
3819;432;-88
3820;440;-80
3821;432;-80
3822;432;-80
3823;432;-72
3824;432;-72
3825;432;-64
3826;440;-56
3827;440;-56
3828;440;-48
3829;432;-56
3830;432;-48
3831;432;-48
3832;432;-56
3833;432;-56
3834;432;-56
3835;432;-56
3836;432;-56
3837;440;-56
3838;432;-56
3839;432;-56
3840;432;-56
3841;432;-56
3842;432;-64
3843;432;-64
3844;424;-64
3845;432;-64
3846;424;-64
3847;432;-64
3848;432;-64
3849;424;-64
3850;424;-64
3851;424;-64
3852;424;-64
3853;432;-64
3854;416;-64
3855;416;-72
3856;416;-72
3857;416;-72
3858;416;-80
3859;416;-80
3860;416;-80
3861;408;-80
3862;408;-88
3863;408;-88
3864;400;-80
3865;400;-80
3866;400;-80
3867;392;-80
3868;400;-72
3869;392;-64
3870;392;-64
3871;392;-56
3872;392;-56
3873;384;-56
3874;400;-56
3875;384;-48
3876;384;-48
3877;376;-56
3878;376;-56
3879;368;-56
3880;360;-56
3881;368;-56
3882;368;-56
3883;368;-56
3884;360;-56
3885;352;-64
3886;352;-56
3887;352;-64
3888;352;-56
3889;344;-64
3890;344;-64
3891;344;-64
3892;336;-64
3893;336;-64
3894;344;-64
3895;328;-64
3896;328;-64
3897;328;-64
3898;320;-64
3899;320;-64
3900;320;-64
3901;320;-64
3902;312;-72
3903;304;-72
3904;296;-80
3905;296;-80
3906;296;-80
3907;288;-88
3908;296;-88
3909;280;-88
3910;280;-80
3911;280;-80
3912;272;-72
3913;272;8
3914;256;8
3915;248;16
3916;256;24
3917;248;24
3918;248;32
3919;240;24
3920;240;32
3921;240;24
3922;232;24
3923;224;24
3924;224;24
3925;216;24
3926;216;24
3927;208;24
3928;200;16
3929;208;16
3930;200;16
3931;200;24
3932;192;16
3933;184;16
3934;192;16
3935;176;16
3936;176;16
3937;176;16
3938;168;16
3939;168;16
3940;160;16
3941;152;16
3942;144;16
3943;152;16
3944;144;16
3945;136;16
3946;136;8
3947;136;8
3948;128;8
3949;112;0
3950;120;-8
3951;112;-8
3952;104;-8
3953;104;-16
3954;96;-8
3955;104;-8
3956;88;-8
3957;80;0
3958;80;0
3959;72;8
3960;72;16
3961;56;16
3962;56;24
3963;56;24
3964;48;32
3965;48;24
3966;40;24
3967;40;24
3968;32;24
3969;24;24
3970;24;24
3971;16;24
3972;8;24
3973;8;16
3974;0;16
3975;0;16
3976;-8;16
3977;-16;16
3978;-16;16
3979;-24;16
3980;-24;16
3981;-32;16
3982;-32;16
3983;-48;16
3984;-48;16
3985;-56;16
3986;-56;8
3987;-64;8
3988;-72;0
3989;-80;0
3990;-80;-8
3991;-80;-8
3992;-88;-8
3993;-88;-8
3994;-96;-8
3995;-104;-8
3996;-112;-8
3997;-112;0
3998;-120;0
3999;-128;8
4000;-128;8
4001;-136;24
4002;-136;24
4003;-144;24
4004;-144;24
4005;-152;32
4006;-160;32
4007;-168;32
4008;-168;24
4009;-168;24
4010;-168;24
4011;-184;24
4012;-192;24
4013;-192;24
4014;-200;16
4015;-208;24
4016;-216;16
4017;-208;112
4018;-216;120
4019;-224;120
4020;-232;112
4021;-232;104
4022;-240;104
4023;-240;96
4024;-248;96
4025;-248;96
4026;-256;96
4027;-256;88
4028;-256;88
4029;-264;88
4030;-272;88
4031;-280;96
4032;-280;104
4033;-288;104
4034;-288;112
4035;-296;120
4036;-296;120
4037;-304;120
4038;-304;120
4039;-304;128
4040;-312;120
4041;-320;128
4042;-320;128
4043;-320;128
4044;-320;120
4045;-336;128
4046;-336;120
4047;-336;120
4048;-344;120
4049;-344;120
4050;-352;120
4051;-352;120
4052;-352;120
4053;-360;120
4054;-360;120
4055;-368;112
4056;-368;120
4057;-368;112
4058;-368;120
4059;-376;112
4060;-384;112
4061;-384;112
4062;-384;112
4063;-392;112
4064;-392;104
4065;-376;112
4066;-400;112
4067;-400;104
4068;-400;96
4069;-408;88
4070;-408;96
4071;-416;96
4072;-416;88
4073;-416;88
4074;-416;88
4075;-416;88
4076;-416;88
4077;-424;96
4078;-432;104
4079;-424;104
4080;-424;120
4081;-424;120
4082;-432;120
4083;-432;128
4084;-432;128
4085;-448;128
4086;-432;128
4087;-432;128
4088;-440;120
4089;-440;128
4090;-440;120
4091;-440;120
4092;-440;120
4093;-440;120
4094;-440;120
4095;-440;120
4096;-440;120
4097;-440;112
4098;-440;120
4099;-440;120
4100;-440;112
4101;-448;112
4102;-448;112
4103;-440;112
4104;-440;112
4105;-448;112
4106;-464;112
4107;-440;120
4108;-440;112
4109;-440;112
4110;-448;112
4111;-448;112
4112;-432;112
4113;-440;112
4114;-440;112
4115;-440;104
4116;-440;104
4117;-440;104
4118;-440;96
4119;-432;96
4120;-432;96
4121;-432;48
4122;-432;40
4123;-432;48
4124;-432;40
4125;-432;40
4126;-424;48
4127;-424;56
4128;-432;64
4129;-424;72
4130;-424;72
4131;-416;80
4132;-424;80
4133;-416;80
4134;-416;88
4135;-408;80
4136;-408;80
4137;-408;80
4138;-400;80
4139;-400;72
4140;-400;80
4141;-400;72
4142;-392;72
4143;-392;72
4144;-392;72
4145;-384;72
4146;-384;72
4147;-376;72
4148;-376;72
4149;-376;64
4150;-368;72
4151;-368;64
4152;-368;64
4153;-376;72
4154;-360;64
4155;-360;64
4156;-352;72
4157;-352;64
4158;-344;64
4159;-344;64
4160;-336;56
4161;-336;56
4162;-328;48
4163;-320;48
4164;-320;40
4165;-312;48
4166;-320;40
4167;-304;40
4168;-304;48
4169;-312;56
4170;-296;56
4171;-296;64
4172;-288;64
4173;-280;72
4174;-272;72
4175;-280;80
4176;-272;72
4177;-264;80
4178;-264;80
4179;-256;80
4180;-256;80
4181;-248;80
4182;-248;80
4183;-240;80
4184;-232;72
4185;-224;72
4186;-224;72
4187;-216;72
4188;-216;72
4189;-216;72
4190;-200;72
4191;-200;72
4192;-192;72
4193;-192;72
4194;-184;72
4195;-184;72
4196;-176;64
4197;-168;64
4198;-168;72
4199;-160;64
4200;-152;72
4201;-144;64
4202;-144;72
4203;-144;64
4204;-136;64
4205;-128;64
4206;-120;64
4207;-112;56
4208;-120;56
4209;-112;48
4210;-104;48
4211;-96;48
4212;-96;40
4213;-88;40
4214;-80;40
4215;-80;48
4216;-72;48
4217;-64;56
4218;-64;64
4219;-56;72
4220;-56;72
4221;-40;72
4222;-24;80
4223;-40;80
4224;-24;88
4225;-16;0
4226;-16;-8
4227;-8;-8
4228;-8;-8
4229;8;-8
4230;8;-8
4231;8;-16
4232;16;-8
4233;24;-8
4234;24;-16
4235;40;-16
4236;40;-16
4237;48;-24
4238;48;-24
4239;56;-24
4240;64;-32
4241;64;-40
4242;64;-40
4243;72;-40
4244;88;-40
4245;88;-40
4246;96;-40
4247;96;-40
4248;104;-32
4249;112;-32
4250;112;-24
4251;120;-24
4252;120;-16
4253;128;-8
4254;128;-8
4255;136;-8
4256;136;-8
4257;144;0
4258;152;-8
4259;160;-8
4260;160;-8
4261;160;-8
4262;168;-8
4263;152;-8
4264;176;-16
4265;184;-16
4266;184;-8
4267;192;-8
4268;200;-16
4269;208;-16
4270;208;-16
4271;208;-16
4272;216;-16
4273;216;-16
4274;224;-16
4275;232;-16
4276;232;-16
4277;232;-24
4278;240;-16
4279;248;-16
4280;248;-24
4281;256;-16
4282;256;-24
4283;272;-24
4284;264;-32
4285;264;-40
4286;272;-40
4287;280;-40
4288;280;-40
4289;280;-40
4290;288;-40
4291;296;-40
4292;296;-32
4293;296;-32
4294;304;-24
4295;304;-16
4296;312;-16
4297;296;-16
4298;312;-8
4299;320;-8
4300;320;-8
4301;328;-8
4302;328;-8
4303;336;0
4304;352;-8
4305;336;-8
4306;344;-8
4307;344;-8
4308;344;-8
4309;344;-8
4310;344;-16
4311;352;-16
4312;360;-16
4313;360;-16
4314;368;-16
4315;368;-16
4316;368;-16
4317;376;-16
4318;368;-16
4319;376;-16
4320;376;-16
4321;376;-16
4322;384;-16
4323;384;-16
4324;376;-16
4325;392;-16
4326;384;-16
4327;392;-16
4328;400;-16
4329;400;-16
4330;400;-64
4331;408;-64
4332;400;-72
4333;400;-72
4334;408;-80
4335;408;-72
4336;408;-80
4337;416;-80
4338;432;-88
4339;416;-88
4340;416;-88
4341;416;-88
4342;416;-80
4343;416;-80
4344;408;-72
4345;424;-64
4346;424;-64
4347;424;-64
4348;424;-56
4349;424;-56
4350;424;-56
4351;432;-56
4352;424;-48
4353;432;-56
4354;432;-56
4355;432;-56
4356;432;-56
4357;432;-56
4358;424;-56
4359;440;-56
4360;432;-64
4361;440;-64
4362;432;-64
4363;440;-64
4364;432;-64
4365;440;-64
4366;432;-64
4367;440;-64
4368;440;-64
4369;432;-64
4370;440;-64
4371;440;-64
4372;432;-64
4373;440;-72
4374;432;-72
4375;440;-72
4376;432;-72
4377;432;-80
4378;432;-88
4379;424;-80
4380;440;-88
4381;432;-88
4382;432;-88
4383;432;-80
4384;432;-80
4385;432;-80
4386;432;-72
4387;432;-72
4388;424;-56
4389;424;-56
4390;424;-56
4391;424;-48
4392;424;-48
4393;424;-56
4394;424;-56
4395;424;-56
4396;416;-48
4397;416;-56
4398;416;-56
4399;408;-56
4400;408;-64
4401;408;-56
4402;408;-64
4403;408;-56
4404;408;-64
4405;408;-64
4406;408;-64
4407;408;-64
4408;400;-64
4409;400;-64
4410;392;-64
4411;392;-64
4412;392;-64
4413;392;-64
4414;384;-64
4415;384;-64
4416;384;-64
4417;384;-72
4418;384;-64
4419;368;-72
4420;352;-72
4421;376;-80
4422;368;-80
4423;368;-80
4424;368;-88
4425;360;-88
4426;360;-88
4427;352;-88
4428;352;-88
4429;352;-88
4430;352;-80
4431;352;-72
4432;344;-72
4433;336;-64
4434;336;-16
4435;336;-8
4436;336;0
4437;328;0
4438;328;0
4439;320;0
4440;328;-8
4441;312;-8
4442;320;-8
4443;312;0
4444;304;-8
4445;304;-16
4446;304;-16
4447;296;-8
4448;296;-8
4449;296;-8
4450;288;-16
4451;280;-8
4452;280;-16
4453;272;-8
4454;256;-16
4455;272;-16
4456;264;-16
4457;256;-16
4458;256;-16
4459;256;-16
4460;248;-16
4461;264;-16
4462;240;-8
4463;240;-16
4464;224;-16
4465;232;-24
4466;232;-16
4467;216;-24
4468;216;-24
4469;216;-32
4470;208;-32
4471;208;-32
4472;200;-40
4473;200;-40
4474;200;-40
4475;192;-40
4476;184;-32
4477;184;-24
4478;184;-24
4479;176;-16
4480;168;-8
4481;160;-8
4482;160;-8
4483;152;-8
4484;152;0
4485;144;0
4486;144;-8
4487;144;-8
4488;136;-8
4489;136;0
4490;128;-8
4491;120;-8
4492;120;-8
4493;112;-8
4494;112;-8
4495;120;-16
4496;96;-8
4497;96;-16
4498;88;-16
4499;88;-16
4500;80;-16
4501;64;-16
4502;64;-8
4503;64;-16
4504;64;-16
4505;56;-16
4506;48;-16
4507;48;-16
4508;48;-16
4509;40;-16
4510;32;-16
4511;24;-24
4512;24;-24
4513;16;-32
4514;8;-24
4515;0;-32
4516;0;-40
4517;-8;-40
4518;-8;-40
4519;-16;-40
4520;-24;-40
4521;-24;-32
4522;-32;-32
4523;-32;-24
4524;-40;-24
4525;-40;-24
4526;-48;-16
4527;-56;-8
4528;-64;0
4529;-72;-8
4530;-72;0
4531;-72;-8
4532;-80;-8
4533;-88;-8
4534;-88;-8
4535;-96;0
4536;-104;-8
4537;-104;-8
4538;-104;104
4539;-112;104
4540;-120;104
4541;-128;104
4542;-120;96
4543;-136;96
4544;-136;96
4545;-144;96
4546;-152;88
4547;-160;88
4548;-160;80
4549;-168;80
4550;-168;80
4551;-176;72
4552;-176;72
4553;-184;72
4554;-192;80
4555;-192;88
4556;-200;88
4557;-200;96
4558;-208;96
4559;-216;104
4560;-216;104
4561;-224;104
4562;-224;112
4563;-232;112
4564;-240;112
4565;-240;112
4566;-248;112
4567;-256;104
4568;-256;104
4569;-256;104
4570;-264;104
4571;-272;104
4572;-272;96
4573;-280;104
4574;-280;104
4575;-288;96
4576;-296;96
4577;-312;96
4578;-296;104
4579;-304;104
4580;-304;96
4581;-312;96
4582;-312;96
4583;-312;96
4584;-320;96
4585;-328;96
4586;-328;96
4587;-328;96
4588;-336;96
4589;-344;96
4590;-344;96
4591;-344;88
4592;-352;80
4593;-352;80
4594;-360;80
4595;-360;72
4596;-368;72
4597;-352;72
4598;-376;72
4599;-376;80
4600;-376;80
4601;-376;88
4602;-384;88
4603;-384;96
4604;-392;104
4605;-392;104
4606;-400;104
4607;-400;112
4608;-400;112
4609;-400;112
4610;-408;112
4611;-416;104
4612;-416;104
4613;-416;104
4614;-416;104
4615;-416;104
4616;-416;104
4617;-424;104
4618;-400;104
4619;-424;104
4620;-424;104
4621;-432;96
4622;-432;96
4623;-432;96
4624;-432;104
4625;-432;96
4626;-432;96
4627;-432;96
4628;-440;104
4629;-440;96
4630;-440;104
4631;-432;96
4632;-440;96
4633;-440;96
4634;-440;96
4635;-448;96
4636;-440;96
4637;-448;96
4638;-448;96
4639;-448;96
4640;-440;96
4641;-448;96
4642;-440;80
4643;-448;80
4644;-448;72
4645;-448;72
4646;-448;64
4647;-448;64
4648;-448;64
4649;-448;56
4650;-448;64
4651;-440;56
4652;-424;56
4653;-448;64
4654;-448;64
4655;-448;64
4656;-440;80
4657;-440;72
4658;-448;88
4659;-432;88
4660;-440;88
4661;-440;96
4662;-432;96
4663;-432;96
4664;-432;96
4665;-432;96
4666;-432;88
4667;-432;88
4668;-424;96
4669;-432;96
4670;-424;96
4671;-424;88
4672;-432;88
4673;-424;88
4674;-416;88
4675;-416;88
4676;-416;88
4677;-408;88
4678;-408;88
4679;-408;88
4680;-408;80
4681;-408;80
4682;-400;88
4683;-400;88
4684;-392;80
4685;-392;80
4686;-384;80
4687;-392;80
4688;-384;80
4689;-384;80
4690;-384;80
4691;-376;80
4692;-376;80
4693;-392;80
4694;-368;80
4695;-368;80
4696;-360;72
4697;-360;72
4698;-352;72
4699;-336;64
4700;-344;64
4701;-336;56
4702;-336;56
4703;-336;56
4704;-328;56
4705;-328;64
4706;-320;64
4707;-320;72
4708;-320;80
4709;-312;80
4710;-304;88
4711;-304;96
4712;-304;96
4713;-288;96
4714;-288;104
4715;-288;96
4716;-280;96
4717;-280;96
4718;-272;88
4719;-264;88
4720;-264;88
4721;-256;88
4722;-256;88
4723;-248;88
4724;-248;88
4725;-240;80
4726;-232;88
4727;-240;88
4728;-224;88
4729;-224;80
4730;-216;80
4731;-208;80
4732;-208;80
4733;-200;80
4734;-184;80
4735;-192;80
4736;-184;80
4737;-176;80
4738;-176;72
4739;-168;80
4740;-168;72
4741;-160;64
4742;-160;64
4743;-152;56
4744;-144;56
4745;-136;56
4746;-128;-32
4747;-128;-24
4748;-128;-24
4749;-120;-24
4750;-112;-24
4751;-112;-16
4752;-104;-8
4753;-96;-8
4754;-80;0
4755;-88;8
4756;-80;8
4757;-80;8
4758;-72;8
4759;-72;16
4760;-64;8
4761;-56;8
4762;-56;8
4763;-40;8
4764;-40;0
4765;-32;0
4766;-32;8
4767;-24;0
4768;-24;0
4769;-16;0
4770;-8;0
4771;0;0
4772;8;0
4773;8;0
4774;8;-8
4775;16;0
4776;24;-8
4777;32;-8
4778;32;-8
4779;40;0
4780;48;0
4781;48;0
4782;56;-8
4783;64;-8
4784;64;-16
4785;80;-16
4786;72;-24
4787;80;-24
4788;96;-24
4789;96;-24
4790;96;-32
4791;104;-32
4792;112;-24
4793;112;-24
4794;120;-16
4795;120;-8
4796;128;0
4797;136;0
4798;136;8
4799;144;8
4800;152;8
4801;152;8
4802;152;8
4803;160;8
4804;168;8
4805;168;0
4806;176;0
4807;184;0
4808;184;0
4809;208;8
4810;192;0
4811;200;0
4812;208;-8
4813;208;0
4814;208;0
4815;216;0
4816;232;0
4817;224;0
4818;232;0
4819;232;0
4820;240;-8
4821;240;0
4822;248;-8
4823;248;-8
4824;256;0
4825;264;-8
4826;256;-8
4827;264;-16
4828;264;-24
4829;264;-24
4830;280;-24
4831;280;-24
4832;288;-24
4833;288;-32
4834;296;-24
4835;296;-24
4836;304;-16
4837;304;-8
4838;304;0
4839;312;8
4840;312;8
4841;320;8
4842;320;8
4843;320;8
4844;328;8
4845;328;8
4846;336;8
4847;336;8
4848;344;8
4849;336;0
4850;320;0
4851;344;-48
4852;352;-56
4853;352;-56
4854;352;-56
4855;360;-48
4856;368;-56
4857;360;-56
4858;368;-56
4859;368;-56
4860;368;-64
4861;376;-64
4862;376;-64
4863;376;-72
4864;384;-72
4865;384;-72
4866;384;-80
4867;384;-80
4868;392;-80
4869;392;-80
4870;392;-80
4871;392;-72
4872;400;-64
4873;400;-64
4874;400;-56
4875;408;-56
4876;408;-48
4877;400;-48
4878;416;-48
4879;416;-40
4880;416;-48
4881;416;-40
4882;416;-48
4883;416;-48
4884;424;-48
4885;424;-48
4886;424;-48
4887;424;-48
4888;424;-48
4889;424;-56
4890;424;-56
4891;424;-56
4892;424;-56
4893;432;-56
4894;440;-56
4895;432;-56
4896;432;-56
4897;440;-56
4898;432;-56
4899;432;-56
4900;432;-56
4901;432;-56
4902;440;-56
4903;440;-56
4904;440;-64
4905;432;-64
4906;440;-64
4907;440;-72
4908;432;-72
4909;440;-80
4910;432;-80
4911;448;-80
4912;440;-80
4913;440;-80
4914;440;-80
4915;432;-72
4916;440;-72
4917;440;-64
4918;440;-64
4919;440;-56
4920;432;-48
4921;432;-48
4922;432;-48
4923;440;-48
4924;432;-48
4925;416;-48
4926;432;-40
4927;432;-48
4928;432;-48
4929;432;-48
4930;432;-48
4931;424;-48
4932;448;-48
4933;432;-48
4934;424;-56
4935;424;-56
4936;424;-56
4937;424;-56
4938;416;-56
4939;416;-48
4940;416;-56
4941;416;-56
4942;416;-56
4943;416;-56
4944;416;-56
4945;416;-56
4946;408;-56
4947;408;-56
4948;408;-56
4949;408;-56
4950;400;-56
4951;400;-56
4952;392;-56
4953;400;-56
4954;392;-56
4955;392;-32
4956;392;-40
4957;384;-40
4958;384;-48
4959;384;-48
4960;384;-48
4961;384;-48
4962;376;-56
4963;376;-56
4964;376;-56
4965;376;-56
4966;384;-56
4967;368;-48
4968;360;-48
4969;352;-40
4970;352;-32
4971;360;-32
4972;352;-24
4973;352;-16
4974;344;-16
4975;344;-16
4976;344;-24
4977;336;-24
4978;336;-24
4979;328;-24
4980;328;-24
4981;328;-24
4982;320;-24
4983;320;-24
4984;320;-24
4985;312;-24
4986;296;-32
4987;304;-24
4988;304;-24
4989;296;-32
4990;296;-24
4991;296;-24
4992;288;-32
4993;288;-32
4994;280;-32
4995;280;-32
4996;280;-32
4997;264;-24
4998;272;-32
4999;264;-32
5000;264;-24
5001;256;-32
5002;248;-32
5003;248;-32
5004;240;-40
5005;240;-40
5006;240;-48
5007;208;-48
5008;224;-56
5009;224;-56
5010;216;-48
5011;208;-56
5012;208;-48
5013;208;-48
5014;208;-48
5015;200;-40
5016;192;-40
5017;192;-32
5018;184;-24
5019;184;-24
5020;176;-24
5021;176;-16
5022;168;-16
5023;168;-16
5024;160;-24
5025;160;-16
5026;152;-24
5027;160;-24
5028;144;-24
5029;144;-24
5030;136;-24
5031;136;-24
5032;136;-32
5033;128;-24
5034;120;-24
5035;112;-32
5036;112;-24
5037;104;-32
5038;96;-32
5039;96;-24
5040;96;-24
5041;88;-32
5042;80;-32
5043;80;-24
5044;72;-32
5045;64;-24
5046;64;-32
5047;56;-24
5048;56;-24
5049;48;-32
5050;48;-32
5051;40;-32
5052;40;-40
5053;24;-48
5054;16;-48
5055;24;-40
5056;16;-56
5057;8;-48
5058;8;-56
5059;0;64
5060;-8;64
5061;-8;64
5062;-16;72
5063;-16;72
5064;-24;80
5065;-32;80
5066;-40;88
5067;-40;96
5068;-40;96
5069;-48;96
5070;-56;96
5071;-64;104
5072;-64;104
5073;-72;96
5074;-80;96
5075;-80;96
5076;-88;96
5077;-96;88
5078;-96;88
5079;-104;88
5080;-112;88
5081;-112;88
5082;-120;88
5083;-120;88
5084;-128;88
5085;-128;88
5086;-128;88
5087;-144;88
5088;-144;88
5089;-136;88
5090;-160;88
5091;-160;88
5092;-160;88
5093;-168;88
5094;-168;80
5095;-184;80
5096;-184;72
5097;-184;72
5098;-192;64
5099;-200;64
5100;-200;64
5101;-208;64
5102;-208;64
5103;-216;64
5104;-224;64
5105;-224;72
5106;-224;80
5107;-240;80
5108;-248;88
5109;-248;88
5110;-248;96
5111;-256;96
5112;-256;96
5113;-264;96
5114;-264;96
5115;-272;96
5116;-272;96
5117;-280;88
5118;-288;96
5119;-288;96
5120;-296;96
5121;-296;96
5122;-304;88
5123;-280;88
5124;-312;88
5125;-320;88
5126;-312;88
5127;-320;88
5128;-328;88
5129;-336;88
5130;-328;88
5131;-336;88
5132;-344;88
5133;-344;88
5134;-344;88
5135;-352;88
5136;-352;88
5137;-360;80
5138;-368;88
5139;-368;80
5140;-368;80
5141;-368;80
5142;-376;72
5143;-384;72
5144;-384;72
5145;-384;64
5146;-384;64
5147;-384;64
5148;-400;64
5149;-400;64
5150;-392;64
5151;-400;64
5152;-400;72
5153;-400;72
5154;-408;80
5155;-408;88
5156;-408;88
5157;-416;96
5158;-416;96
5159;-416;104
5160;-424;96
5161;-424;96
5162;-424;96
5163;-424;96
5164;-448;112
5165;-424;112
5166;-432;112
5167;-432;112
5168;-440;104
5169;-440;104
5170;-424;104
5171;-440;104
5172;-440;104
5173;-440;104
5174;-440;104
5175;-440;96
5176;-440;96
5177;-440;96
5178;-448;88
5179;-440;88
5180;-448;80
5181;-440;80
5182;-448;80
5183;-448;80
5184;-440;80
5185;-448;80
5186;-448;80
5187;-448;88
5188;-448;96
5189;-448;96
5190;-448;104
5191;-448;104
5192;-448;112
5193;-448;112
5194;-448;112
5195;-448;112
5196;-448;120
5197;-440;112
5198;-440;112
5199;-440;112
5200;-440;112
5201;-448;112
5202;-440;104
5203;-440;104
5204;-440;104
5205;-432;104
5206;-440;104
5207;-440;104
5208;-440;104
5209;-432;104
5210;-432;104
5211;-432;96
5212;-424;104
5213;-424;104
5214;-424;104
5215;-416;104
5216;-416;104
5217;-416;104
5218;-416;104
5219;-416;96
5220;-408;96
5221;-408;96
5222;-408;96
5223;-408;96
5224;-400;88
5225;-392;88
5226;-400;80
5227;-392;80
5228;-392;72
5229;-384;72
5230;-384;72
5231;-384;80
5232;-376;80
5233;-376;80
5234;-368;96
5235;-376;96
5236;-368;104
5237;-360;112
5238;-368;112
5239;-352;112
5240;-352;112
5241;-352;112
5242;-352;112
5243;-344;112
5244;-336;112
5245;-328;112
5246;-328;112
5247;-328;104
5248;-320;112
5249;-320;104
5250;-320;104
5251;-312;104
5252;-312;104
5253;-304;96
5254;-296;104
5255;-296;104
5256;-296;104
5257;-288;104
5258;-288;104
5259;-272;104
5260;-280;104
5261;-264;96
5262;-264;96
5263;-264;88
5264;-256;88
5265;-248;80
5266;-248;80
5267;-240;80
5268;-232;-16
5269;-232;-16
5270;-224;-8
5271;-224;-8
5272;-216;-16
5273;-208;-8
5274;-200;0
5275;-200;0
5276;-200;8
5277;-192;16
5278;-192;24
5279;-184;24
5280;-152;24
5281;-176;24
5282;-168;24
5283;-160;24
5284;-160;24
5285;-144;24
5286;-152;16
5287;-136;24
5288;-136;16
5289;-128;16
5290;-128;24
5291;-120;16
5292;-120;16
5293;-112;16
5294;-104;16
5295;-96;16
5296;-96;8
5297;-88;16
5298;-80;16
5299;-80;16
5300;-80;16
5301;-64;16
5302;-64;8
5303;-56;8
5304;-56;8
5305;-40;8
5306;-40;8
5307;-40;0
5308;-32;0
5309;-24;-8
5310;-24;-8
5311;-8;-16
5312;-16;-16
5313;0;-16
5314;8;-8
5315;8;-8
5316;16;-8
5317;24;0
5318;32;0
5319;32;8
5320;32;8
5321;32;16
5322;40;16
5323;56;16
5324;64;24
5325;64;24
5326;64;24
5327;72;24
5328;80;24
5329;88;24
5330;88;16
5331;96;16
5332;104;16
5333;104;16
5334;112;16
5335;112;16
5336;120;16
5337;120;16
5338;128;16
5339;136;16
5340;136;16
5341;152;8
5342;144;16
5343;152;8
5344;152;16
5345;160;8
5346;168;16
5347;168;16
5348;176;16
5349;176;16
5350;184;8
5351;192;8
5352;200;8
5353;200;8
5354;200;8
5355;200;0
5356;208;0
5357;216;-8
5358;216;-8
5359;224;-8
5360;232;-16
5361;232;-16
5362;240;-16
5363;240;-16
5364;248;-8
5365;248;-8
5366;248;8
5367;264;8
5368;256;16
5369;264;16
5370;272;16
5371;272;-40
5372;272;-40
5373;280;-40
5374;280;-40
5375;296;-40
5376;288;-48
5377;296;-48
5378;296;-48
5379;304;-48
5380;304;-48
5381;312;-48
5382;304;-56
5383;312;-56
5384;320;-48
5385;328;-56
5386;328;-56
5387;328;-56
5388;328;-56
5389;336;-56
5390;336;-48
5391;344;-56
5392;344;-56
5393;344;-56
5394;352;-56
5395;352;-56
5396;376;-56
5397;360;-64
5398;360;-64
5399;360;-72
5400;360;-72
5401;360;-72
5402;360;-80
5403;384;-80
5404;376;-72
5405;384;-72
5406;384;-72
5407;384;-64
5408;384;-64
5409;384;-56
5410;392;-56
5411;392;-48
5412;392;-48
5413;392;-40
5414;400;-40
5415;400;-40
5416;408;-40
5417;400;-40
5418;408;-48
5419;408;-48
5420;408;-48
5421;408;-40
5422;408;-48
5423;408;-48
5424;416;-48
5425;416;-48
5426;416;-48
5427;416;-48
5428;416;-48
5429;424;-48
5430;416;-48
5431;424;-48
5432;424;-48
5433;424;-56
5434;424;-56
5435;432;-56
5436;432;-56
5437;432;-56
5438;432;-48
5439;432;-56
5440;432;-56
5441;432;-56
5442;432;-56
5443;440;-56
5444;432;-64
5445;440;-72
5446;440;-72
5447;432;-80
5448;432;-80
5449;432;-72
5450;432;-80
5451;440;-80
5452;432;-72
5453;440;-72
5454;432;-64
5455;440;-56
5456;432;-48
5457;432;-48
5458;432;-48
5459;440;-48
5460;432;-40
5461;432;-40
5462;440;-48
5463;432;-40
5464;432;-40
5465;432;-40
5466;432;-48
5467;432;-40
5468;432;-48
5469;432;-48
5470;432;-48
5471;432;-48
5472;432;-48
5473;432;-48
5474;432;-48
5475;432;-48
5476;424;-48
5477;424;-48
5478;416;-56
5479;424;-56
5480;416;-56
5481;416;-56
5482;416;-64
5483;416;-72
5484;416;-72
5485;416;-72
5486;416;-72
5487;408;-80
5488;408;-72
5489;408;-72
5490;408;-72
5491;408;-64
5492;400;-56
5493;400;-56
5494;400;-48
5495;400;-40
5496;400;-40
5497;392;-40
5498;408;-40
5499;384;-40
5500;384;-40
5501;384;-40
5502;376;-40
5503;384;-40
5504;376;-48
5505;368;-48
5506;368;-40
5507;368;-48
5508;368;-48
5509;360;-48
5510;360;-48
5511;360;-48
5512;344;-48
5513;352;-48
5514;344;-48
5515;352;-56
5516;344;-48
5517;344;-48
5518;344;-48
5519;352;-56
5520;336;-48
5521;328;-48
5522;328;-48
5523;328;-56
5524;328;-56
5525;312;-56
5526;312;-56
5527;312;-56
5528;312;-64
5529;304;-64
5530;304;-64
5531;296;-72
5532;296;-72
5533;288;-72
5534;288;-72
5535;280;-72
5536;280;-64
5537;272;-56
5538;272;-56
5539;272;-48
5540;264;-48
5541;264;-40
5542;256;-40
5543;256;-40
5544;248;-40
5545;248;-40
5546;248;-40
5547;232;-40
5548;232;-40
5549;232;-40
5550;224;-40
5551;224;-48
5552;216;-48
5553;224;-48
5554;216;-48
5555;208;-48
5556;200;-48
5557;200;-48
5558;192;-48
5559;184;-48
5560;176;-48
5561;184;-48
5562;176;-48
5563;176;-56
5564;168;-56
5565;168;-56
5566;168;-56
5567;160;-56
5568;152;-64
5569;152;-72
5570;144;-64
5571;144;-72
5572;136;-72
5573;136;-72
5574;128;-72
5575;128;-72
5576;120;-64
5577;112;-56
5578;112;-56
5579;104;-48
5580;96;64
5581;96;64
5582;96;72
5583;88;72
5584;80;64
5585;72;64
5586;80;72
5587;64;72
5588;64;64
5589;56;64
5590;56;64
5591;48;64
5592;48;64
5593;40;64
5594;56;64
5595;32;64
5596;24;64
5597;16;64
5598;16;64
5599;8;64
5600;0;56
5601;0;64
5602;-8;56
5603;-16;56
5604;-16;64
5605;-24;56
5606;-24;56
5607;-32;56
5608;-40;56
5609;-40;56
5610;-48;56
5611;-56;48
5612;-56;48
5613;-64;48
5614;-72;40
5615;-72;40
5616;-72;32
5617;-80;32
5618;-88;32
5619;-88;32
5620;-96;32
5621;-104;40
5622;-104;40
5623;-112;48
5624;-112;48
5625;-128;56
5626;-120;64
5627;-128;72
5628;-128;64
5629;-144;72
5630;-144;64
5631;-144;72
5632;-160;72
5633;-160;72
5634;-168;72
5635;-184;64
5636;-176;72
5637;-176;64
5638;-184;64
5639;-192;64
5640;-192;64
5641;-200;64
5642;-200;64
5643;-208;64
5644;-208;64
5645;-216;64
5646;-224;64
5647;-232;64
5648;-232;56
5649;-240;56
5650;-240;56
5651;-248;56
5652;-248;56
5653;-256;48
5654;-256;48
5655;-248;40
5656;-272;40
5657;-272;40
5658;-280;32
5659;-280;32
5660;-288;32
5661;-288;32
5662;-288;40
5663;-304;40
5664;-304;48
5665;-304;48
5666;-304;56
5667;-312;64
5668;-320;64
5669;-336;72
5670;-328;72
5671;-328;72
5672;-328;72
5673;-336;72
5674;-336;72
5675;-344;64
5676;-328;64
5677;-352;64
5678;-352;64
5679;-360;64
5680;-360;64
5681;-368;64
5682;-368;56
5683;-368;64
5684;-376;112
5685;-376;112
5686;-376;112
5687;-384;104
5688;-384;104
5689;-384;96
5690;-392;96
5691;-392;88
5692;-392;88
5693;-392;88
5694;-400;88
5695;-400;80
5696;-416;80
5697;-408;88
5698;-416;88
5699;-416;96
5700;-416;96
5701;-416;104
5702;-416;104
5703;-424;112
5704;-424;120
5705;-424;128
5706;-424;120
5707;-432;120
5708;-424;120
5709;-424;120
5710;-408;120
5711;-432;120
5712;-440;112
5713;-432;112
5714;-440;112
5715;-440;112
5716;-448;112
5717;-440;112
5718;-440;112
5719;-440;112
5720;-440;112
5721;-440;104
5722;-448;112
5723;-440;112
5724;-440;104
5725;-448;104
5726;-448;112
5727;-440;112
5728;-448;104
5729;-448;104
5730;-464;104
5731;-448;104
5732;-448;96
5733;-448;88
5734;-448;88
5735;-448;80
5736;-448;80
5737;-440;80
5738;-448;80
5739;-440;80
5740;-440;88
5741;-440;96
5742;-440;96
5743;-440;96
5744;-440;112
5745;-440;104
5746;-440;120
5747;-440;120
5748;-432;120
5749;-440;120
5750;-432;120
5751;-440;120
5752;-432;120
5753;-432;120
5754;-424;120
5755;-424;120
5756;-424;112
5757;-424;120
5758;-424;112
5759;-416;112
5760;-416;104
5761;-416;112
5762;-408;112
5763;-416;112
5764;-408;104
5765;-408;112
5766;-400;104
5767;-400;104
5768;-400;104
5769;-400;104
5770;-392;104
5771;-400;104
5772;-392;104
5773;-384;104
5774;-384;104
5775;-384;104
5776;-376;104
5777;-368;104
5778;-368;104
5779;-368;104
5780;-360;104
5781;-360;104
5782;-360;96
5783;-352;96
5784;-344;96
5785;-344;96
5786;-336;88
5787;-328;88
5788;-336;8
5789;-336;0
5790;-328;8
5791;-328;0
5792;-328;8
5793;-312;8
5794;-312;16
5795;-304;24
5796;-304;24
5797;-296;32
5798;-296;32
5799;-288;40
5800;-288;40
5801;-288;40
5802;-272;40
5803;-272;40
5804;-264;40
5805;-256;40
5806;-256;40
5807;-256;40
5808;-248;40
5809;-248;32
5810;-240;40
5811;-232;40
5812;-216;32
5813;-224;32
5814;-216;32
5815;-216;32
5816;-208;32
5817;-208;32
5818;-200;32
5819;-192;24
5820;-192;32
5821;-184;32
5822;-176;32
5823;-168;32
5824;-168;32
5825;-160;32
5826;-168;24
5827;-160;24
5828;-144;24
5829;-144;24
5830;-144;16
5831;-128;16
5832;-120;16
5833;-104;8
5834;-112;8
5835;-112;8
5836;-112;8
5837;-104;0
5838;-96;8
5839;-104;8
5840;-88;16
5841;-88;24
5842;-80;24
5843;-72;32
5844;-64;32
5845;-56;40
5846;-56;40
5847;-56;40
5848;-48;40
5849;-40;40
5850;-32;40
5851;-32;40
5852;-24;40
5853;-8;40
5854;-8;40
5855;-8;32
5856;0;32
5857;16;32
5858;16;32
5859;24;32
5860;32;32
5861;32;32
5862;32;32
5863;40;32
5864;48;32
5865;56;24
5866;56;32
5867;56;24
5868;64;32
5869;72;24
5870;80;32
5871;80;32
5872;88;24
5873;88;24
5874;88;16
5875;104;16
5876;104;8
5877;112;8
5878;120;8
5879;120;0
5880;128;0
5881;128;8
5882;136;8
5883;144;16
5884;144;24
5885;152;24
5886;160;32
5887;160;32
5888;168;40
5889;168;40
5890;176;48
5891;176;40
5892;184;-32
5893;192;-32
5894;192;-32
5895;200;-32
5896;200;-32
5897;208;-32
5898;208;-32
5899;216;-40
5900;224;-32
5901;216;-32
5902;232;-40
5903;232;-40
5904;240;-40
5905;240;-48
5906;248;-48
5907;248;-48
5908;272;-56
5909;256;-64
5910;264;-64
5911;264;-64
5912;272;-64
5913;272;-56
5914;272;-56
5915;280;-56
5916;280;-48
5917;288;-48
5918;288;-40
5919;296;-32
5920;296;-32
5921;296;-32
5922;304;-24
5923;312;-24
5924;304;-24
5925;312;-24
5926;312;-32
5927;320;-24
5928;328;-24
5929;328;-32
5930;328;-32
5931;336;-32
5932;336;-32
5933;336;-32
5934;344;-32
5935;344;-40
5936;344;-40
5937;352;-40
5938;352;-40
5939;360;-40
5940;360;-40
5941;368;-40
5942;360;-40
5943;368;-40
5944;368;-40
5945;376;-40
5946;376;-40
5947;376;-40
5948;384;-48
5949;360;-48
5950;384;-48
5951;384;-56
5952;392;-64
5953;392;-64
5954;392;-56
5955;400;-64
5956;400;-64
5957;400;-64
5958;400;-56
5959;400;-56
5960;408;-48
5961;408;-40
5962;408;-40
5963;408;-32
5964;408;-32
5965;416;-24
5966;416;-24
5967;416;-32
5968;416;-24
5969;432;-24
5970;424;-24
5971;424;-32
5972;424;-32
5973;424;-32
5974;424;-32
5975;424;-32
5976;424;-32
5977;432;-32
5978;432;-32
5979;432;-32
5980;432;-40
5981;432;-32
5982;432;-40
5983;424;-40
5984;432;-32
5985;432;-40
5986;432;-40
5987;432;-32
5988;432;-40
5989;440;-40
5990;448;-40
5991;432;-32
5992;432;-40
5993;432;-40
5994;440;-40
5995;432;-32
5996;432;-56
5997;432;-56
5998;440;-64
5999;432;-64
6000;432;-64
6001;432;-72
6002;432;-72
6003;440;-72
6004;432;-80
6005;432;-80
6006;440;-80
6007;432;-80
6008;432;-80
6009;432;-72
6010;424;-64
6011;432;-64
6012;432;-56
6013;432;-56
6014;424;-56
6015;432;-48
6016;432;-48
6017;432;-48
6018;424;-48
6019;424;-48
6020;424;-48
6021;424;-48
6022;424;-40
6023;424;-48
6024;432;-48
6025;416;-48
6026;416;-56
6027;416;-56
6028;408;-56
6029;416;-56
6030;400;-56
6031;408;-56
6032;408;-56
6033;400;-56
6034;400;-56
6035;400;-56
6036;400;-56
6037;400;-56
6038;392;-56
6039;392;-56
6040;392;-56
6041;384;-56
6042;384;-56
6043;384;-56
6044;384;-56
6045;376;-56
6046;376;-64
6047;376;-64
6048;368;-72
6049;368;-72
6050;368;-72
6051;368;-72
6052;360;-80
6053;360;-80
6054;352;-80
6055;352;-80
6056;352;-72
6057;352;-72
6058;336;-72
6059;344;-64
6060;344;-56
6061;336;-56
6062;336;-48
6063;336;-48
6064;336;-48
6065;320;-40
6066;320;-40
6067;320;-48
6068;320;-48
6069;320;-48
6070;312;-48
6071;312;-40
6072;304;-48
6073;304;-48
6074;296;-48
6075;296;-48
6076;288;-56
6077;288;-56
6078;288;-56
6079;280;-56
6080;272;-56
6081;272;-56
6082;264;-56
6083;264;-56
6084;256;-56
6085;256;-56
6086;256;-56
6087;248;-56
6088;248;-48
6089;240;-56
6090;232;-56
6091;232;-56
6092;224;-56
6093;232;-64
6094;224;-64
6095;224;-64
6096;216;-72
6097;216;-72
6098;208;-72
6099;208;-72
6100;200;-56
6101;200;16
6102;192;16
6103;184;16
6104;184;24
6105;176;32
6106;152;32
6107;168;40
6108;168;40
6109;160;48
6110;160;48
6111;152;56
6112;160;48
6113;144;48
6114;136;48
6115;136;48
6116;128;48
6117;128;48
6118;128;48
6119;120;48
6120;112;48
6121;104;40
6122;104;40
6123;96;40
6124;96;40
6125;88;40
6126;96;48
6127;80;40
6128;72;32
6129;72;40
6130;72;40
6131;56;40
6132;56;40
6133;48;40
6134;48;40
6135;40;40
6136;40;40
6137;32;40
6138;32;40
6139;24;32
6140;0;32
6141;16;32
6142;0;24
6143;8;24
6144;0;24
6145;-8;16
6146;-16;16
6147;-8;16
6148;-24;16
6149;-32;16
6150;-32;24
6151;-40;24
6152;-40;32
6153;-56;40
6154;-56;40
6155;-64;48
6156;-64;48
6157;-72;56
6158;-72;56
6159;-80;56
6160;-80;48
6161;-88;48
6162;-104;48
6163;-104;48
6164;-104;40
6165;-112;40
6166;-112;48
6167;-120;48
6168;-128;40
6169;-128;40
6170;-136;40
6171;-144;40
6172;-144;40
6173;-144;40
6174;-152;40
6175;-160;40
6176;-168;40
6177;-176;40
6178;-176;40
6179;-184;40
6180;-192;40
6181;-176;40
6182;-200;32
6183;-200;32
6184;-208;32
6185;-208;32
6186;-208;24
6187;-224;24
6188;-232;16
6189;-232;16
6190;-240;16
6191;-240;16
6192;-240;16
6193;-248;16
6194;-248;16
6195;-256;24
6196;-256;24
6197;-264;32
6198;-264;32
6199;-272;40
6200;-280;40
6201;-280;40
6202;-280;40
6203;-288;40
6204;-296;40
6205;-296;120
6206;-304;120
6207;-304;112
6208;-312;112
6209;-312;112
6210;-320;120
6211;-320;112
6212;-320;112
6213;-328;112
6214;-328;112
6215;-344;112
6216;-344;112
6217;-344;112
6218;-344;112
6219;-352;120
6220;-352;120
6221;-352;128
6222;-360;120
6223;-368;128
6224;-368;120
6225;-368;128
6226;-376;128
6227;-376;128
6228;-376;120
6229;-376;120
6230;-384;120
6231;-392;120
6232;-392;120
6233;-392;120
6234;-400;120
6235;-400;120
6236;-400;120
6237;-400;120
6238;-408;112
6239;-408;120
6240;-416;112
6241;-416;120
6242;-424;112
6243;-416;112
6244;-416;120
6245;-416;112
6246;-424;120
6247;-424;120
6248;-424;112
6249;-424;112
6250;-432;120
6251;-432;112
6252;-432;112
6253;-432;120
6254;-432;112
6255;-432;112
6256;-432;120
6257;-440;112
6258;-440;112
6259;-440;112
6260;-440;112
6261;-448;104
6262;-440;96
6263;-464;88
6264;-440;88
6265;-440;88
6266;-448;96
6267;-448;88
6268;-448;96
6269;-440;96
6270;-448;104
6271;-440;112
6272;-440;112
6273;-440;120
6274;-440;120
6275;-440;128
6276;-448;128
6277;-448;128
6278;-440;128
6279;-448;128
6280;-440;120
6281;-440;120
6282;-440;120
6283;-432;120
6284;-440;120
6285;-440;120
6286;-440;120
6287;-440;120
6288;-440;120
6289;-440;120
6290;-440;120
6291;-432;112
6292;-432;120
6293;-432;120
6294;-432;112
6295;-432;112
6296;-424;112
6297;-432;112
6298;-424;112
6299;-416;120
6300;-416;112
6301;-416;112
6302;-416;112
6303;-408;112
6304;-392;112
6305;-416;112
6306;-408;120
6307;-408;112
6308;-400;112
6309;-400;48
6310;-400;40
6311;-392;40
6312;-392;40
6313;-392;32
6314;-384;32
6315;-384;32
6316;-376;24
6317;-376;24
6318;-376;24
6319;-376;24
6320;-368;24
6321;-368;24
6322;-360;32
6323;-360;32
6324;-368;40
6325;-352;48
6326;-344;56
6327;-344;48
6328;-344;56
6329;-336;56
6330;-328;64
6331;-320;64
6332;-328;64
6333;-320;56
6334;-312;56
6335;-312;56
6336;-312;56
6337;-312;56
6338;-296;48
6339;-296;56
6340;-296;48
6341;-288;48
6342;-280;48
6343;-280;48
6344;-280;48
6345;-272;48
6346;-264;48
6347;-264;48
6348;-256;48
6349;-248;48
6350;-248;48
6351;-240;48
6352;-240;48
6353;-232;48
6354;-224;48
6355;-224;40
6356;-216;48
6357;-216;48
6358;-216;40
6359;-208;40
6360;-200;40
6361;-192;32
6362;-192;32
6363;-184;32
6364;-176;24
6365;-168;24
6366;-168;24
6367;-168;24
6368;-160;24
6369;-152;32
6370;-144;32
6371;-144;40
6372;-144;40
6373;-136;40
6374;-128;56
6375;-120;56
6376;-120;56
6377;-112;64
6378;-104;64
6379;-120;64
6380;-96;56
6381;-88;56
6382;-88;56
6383;-80;56
6384;-72;56
6385;-72;56
6386;-72;56
6387;-64;48
6388;-56;56
6389;-56;48
6390;-40;48
6391;-40;48
6392;-32;48
6393;-32;48
6394;-24;48
6395;-16;48
6396;-8;48
6397;-8;40
6398;0;48
6399;8;48
6400;8;48
6401;16;48
6402;24;48
6403;32;48
6404;40;48
6405;40;48
6406;40;48
6407;48;40
6408;56;40
6409;64;40
6410;64;48
6411;72;48
6412;80;48
6413;80;-32
6414;88;-32
6415;96;-40
6416;96;-40
6417;104;-40
6418;104;-48
6419;112;-48
6420;120;-56
6421;120;-56
6422;128;-56
6423;136;-56
6424;136;-56
6425;136;-48
6426;136;-48
6427;144;-40
6428;152;-40
6429;152;-32
6430;160;-32
6431;168;-24
6432;176;-24
6433;176;-24
6434;184;-24
6435;184;-16
6436;192;-16
6437;200;-24
6438;200;-24
6439;200;-24
6440;216;-24
6441;208;-24
6442;216;-24
6443;224;-24
6444;224;-24
6445;232;-24
6446;232;-32
6447;232;-24
6448;240;-32
6449;248;-24
6450;248;-32
6451;256;-32
6452;256;-32
6453;256;-32
6454;256;-32
6455;272;-32
6456;272;-32
6457;280;-32
6458;280;-32
6459;288;-32
6460;288;-32
6461;312;-32
6462;296;-32
6463;296;-32
6464;304;-40
6465;304;-40
6466;304;-40
6467;312;-40
6468;320;-48
6469;320;-48
6470;320;-56
6471;328;-56
6472;328;-56
6473;336;-56
6474;344;-48
6475;336;-48
6476;336;-40
6477;344;-40
6478;344;-32
6479;352;-24
6480;360;-24
6481;352;-24
6482;360;-16
6483;360;-24
6484;368;-16
6485;368;-24
6486;368;-24
6487;368;-24
6488;376;-24
6489;376;-24
6490;384;-24
6491;384;-32
6492;384;-24
6493;384;-32
6494;392;-24
6495;416;-24
6496;392;-32
6497;400;-32
6498;400;-32
6499;400;-32
6500;400;-32
6501;392;-32
6502;400;-32
6503;400;-32
6504;400;-32
6505;408;-32
6506;416;-32
6507;408;-32
6508;416;-32
6509;416;-40
6510;416;-40
6511;416;-48
6512;416;-48
6513;424;-48
6514;424;-56
6515;416;-56
6516;424;-56
6517;424;-88
6518;432;-88
6519;432;-80
6520;432;-80
6521;432;-72
6522;432;-72
6523;432;-72
6524;432;-56
6525;432;-56
6526;432;-56
6527;440;-56
6528;432;-56
6529;432;-56
6530;432;-56
6531;432;-56
6532;432;-56
6533;432;-56
6534;440;-64
6535;432;-64
6536;416;-64
6537;432;-64
6538;432;-64
6539;432;-64
6540;440;-64
6541;440;-64
6542;448;-64
6543;432;-64
6544;440;-72
6545;432;-64
6546;432;-64
6547;440;-64
6548;432;-64
6549;432;-64
6550;432;-64
6551;432;-72
6552;432;-72
6553;432;-80
6554;432;-80
6555;424;-80
6556;432;-80
6557;432;-88
6558;432;-88
6559;424;-88
6560;424;-88
6561;424;-80
6562;424;-80
6563;416;-72
6564;424;-72
6565;424;-64
6566;424;-64
6567;416;-56
6568;416;-56
6569;416;-56
6570;416;-48
6571;408;-56
6572;408;-56
6573;408;-56
6574;400;-56
6575;400;-56
6576;400;-56
6577;408;-56
6578;400;-64
6579;400;-56
6580;392;-64
6581;392;-64
6582;384;-64
6583;384;-64
6584;392;-64
6585;384;-64
6586;384;-64
6587;376;-64
6588;376;-64
6589;368;-64
6590;368;-64
6591;368;-64
6592;368;-64
6593;360;-72
6594;360;-64
6595;360;-64
6596;360;-64
6597;360;-64
6598;352;-72
6599;352;-72
6600;344;-72
6601;344;-80
6602;344;-80
6603;336;-88
6604;336;-88
6605;336;-88
6606;336;-88
6607;328;-88
6608;320;-88
6609;320;-80
6610;320;-80
6611;304;-72
6612;312;-72
6613;304;-64
6614;304;-64
6615;304;-64
6616;304;-56
6617;296;-56
6618;312;-56
6619;288;-48
6620;280;-56
6621;280;24
6622;280;16
6623;272;16
6624;264;16
6625;264;16
6626;264;16
6627;256;8
6628;248;8
6629;248;8
6630;248;8
6631;248;8
6632;240;8
6633;232;8
6634;232;8
6635;224;8
6636;224;8
6637;224;8
6638;208;8
6639;208;8
6640;208;8
6641;200;8
6642;192;0
6643;192;0
6644;192;0
6645;184;-8
6646;184;-8
6647;176;-16
6648;176;-16
6649;168;-16
6650;168;-16
6651;168;-16
6652;176;-16
6653;152;-16
6654;144;-8
6655;152;0
6656;144;8
6657;136;8
6658;136;16
6659;136;16
6660;128;16
6661;120;24
6662;112;16
6663;104;16
6664;104;16
6665;96;16
6666;88;16
6667;88;16
6668;88;16
6669;80;16
6670;72;16
6671;72;8
6672;48;16
6673;64;16
6674;56;8
6675;56;8
6676;48;8
6677;40;8
6678;40;8
6679;32;8
6680;24;8
6681;24;8
6682;24;8
6683;16;8
6684;8;8
6685;0;8
6686;0;8
6687;-8;8
6688;-8;8
6689;-16;0
6690;-16;0
6691;-24;0
6692;-32;-8
6693;-64;-16
6694;-40;-8
6695;-40;-16
6696;-48;-16
6697;-56;-16
6698;-56;-24
6699;-56;-16
6700;-72;-8
6701;-72;0
6702;-80;0
6703;-88;8
6704;-88;16
6705;-96;16
6706;-96;16
6707;-104;24
6708;-112;24
6709;-120;24
6710;-120;16
6711;-128;16
6712;-128;16
6713;-128;16
6714;-136;16
6715;-144;16
6716;-152;8
6717;-152;16
6718;-160;8
6719;-168;8
6720;-176;16
6721;-176;8
6722;-184;8
6723;-184;8
6724;-192;8
6725;-192;8
6726;-200;8
6727;-208;112
6728;-208;104
6729;-216;104
6730;-224;96
6731;-224;96
6732;-232;88
6733;-232;88
6734;-232;88
6735;-248;88
6736;-248;88
6737;-256;88
6738;-256;88
6739;-264;96
6740;-272;96
6741;-272;104
6742;-272;104
6743;-280;112
6744;-280;120
6745;-288;112
6746;-296;120
6747;-296;120
6748;-304;120
6749;-304;120
6750;-304;120
6751;-312;120
6752;-312;120
6753;-320;120
6754;-320;120
6755;-328;120
6756;-328;112
6757;-336;120
6758;-336;120
6759;-344;112
6760;-344;112
6761;-336;112
6762;-352;112
6763;-352;112
6764;-360;112
6765;-360;112
6766;-368;112
6767;-368;112
6768;-376;104
6769;-376;112
6770;-376;112
6771;-376;104
6772;-384;112
6773;-392;104
6774;-384;96
6775;-384;88
6776;-400;88
6777;-400;88
6778;-400;88
6779;-408;88
6780;-408;88
6781;-416;88
6782;-408;88
6783;-408;88
6784;-416;96
6785;-416;104
6786;-424;112
6787;-424;112
6788;-416;120
6789;-424;120
6790;-424;120
6791;-424;120
6792;-432;128
6793;-432;120
6794;-440;120
6795;-440;120
6796;-440;120
6797;-440;120
6798;-440;120
6799;-440;112
6800;-440;112
6801;-440;112
6802;-440;120
6803;-440;112
6804;-440;112
6805;-448;112
6806;-440;112
6807;-448;104
6808;-448;112
6809;-424;112
6810;-448;112
6811;-448;112
6812;-448;104
6813;-448;112
6814;-448;112
6815;-456;112
6816;-448;104
6817;-448;104
6818;-440;104
6819;-448;96
6820;-448;96
6821;-448;96
6822;-448;88
6823;-448;88
6824;-440;88
6825;-448;80
6826;-440;80
6827;-448;88
6828;-448;88
6829;-448;96
6830;-440;104
6831;-440;64
6832;-440;72
6833;-440;72
6834;-432;80
6835;-432;80
6836;-432;80
6837;-424;80
6838;-432;88
6839;-424;80
6840;-424;88
6841;-416;80
6842;-416;80
6843;-424;80
6844;-416;72
6845;-416;80
6846;-408;72
6847;-408;72
6848;-408;72
6849;-408;72
6850;-416;72
6851;-400;72
6852;-400;72
6853;-400;72
6854;-400;72
6855;-392;72
6856;-384;72
6857;-384;72
6858;-384;72
6859;-376;72
6860;-376;72
6861;-376;72
6862;-368;64
6863;-360;64
6864;-368;56
6865;-360;48
6866;-352;48
6867;-352;48
6868;-352;48
6869;-344;40
6870;-344;40
6871;-344;48
6872;-336;48
6873;-328;48
6874;-328;56
6875;-320;64
6876;-320;72
6877;-320;72
6878;-312;80
6879;-304;80
6880;-304;80
6881;-296;80
6882;-296;80
6883;-288;80
6884;-280;80
6885;-280;80
6886;-272;80
6887;-272;80
6888;-272;72
6889;-264;80
6890;-256;72
6891;-264;72
6892;-248;72
6893;-248;72
6894;-240;72
6895;-232;64
6896;-232;72
6897;-224;72
6898;-224;72
6899;-208;72
6900;-208;72
6901;-208;72
6902;-200;64
6903;-192;72
6904;-184;64
6905;-184;56
6906;-176;56
6907;-176;48
6908;-168;48
6909;-160;40
6910;-160;48
6911;-144;40
6912;-152;48
6913;-144;48
6914;-136;56
6915;-128;56
6916;-128;64
6917;-128;72
6918;-120;72
6919;-112;80
6920;-112;88
6921;-104;80
6922;-96;80
6923;-88;80
6924;-88;80
6925;-96;80
6926;-80;80
6927;-72;80
6928;-72;72
6929;-64;72
6930;-56;72
6931;-48;72
6932;-24;72
6933;-40;72
6934;-32;-8
6935;-24;-8
6936;-24;-16
6937;-16;-16
6938;-16;-24
6939;0;-24
6940;0;-32
6941;8;-32
6942;8;-32
6943;8;-40
6944;24;-40
6945;24;-40
6946;32;-40
6947;32;-32
6948;40;-32
6949;48;-24
6950;56;-24
6951;56;-16
6952;72;-8
6953;72;-8
6954;72;-8
6955;80;0
6956;88;0
6957;88;0
6958;104;0
6959;112;0
6960;104;0
6961;112;-8
6962;112;-8
6963;120;-8
6964;128;-8
6965;136;-8
6966;136;-8
6967;136;-8
6968;144;-16
6969;152;-8
6970;152;-8
6971;160;-16
6972;160;-8
6973;160;-16
6974;168;-16
6975;176;-16
6976;176;-16
6977;192;-16
6978;192;-16
6979;192;-16
6980;200;-16
6981;200;-16
6982;208;-24
6983;216;-32
6984;216;-32
6985;224;-32
6986;216;-40
6987;232;-32
6988;232;-32
6989;240;-40
6990;240;-32
6991;248;-32
6992;256;-24
6993;256;-16
6994;256;-16
6995;264;-8
6996;264;-8
6997;272;0
6998;280;-8
6999;280;-8
7000;280;0
7001;288;0
7002;288;0
7003;296;0
7004;296;-8
7005;296;0
7006;304;-8
7007;304;-8
7008;304;-8
7009;312;-8
7010;320;-8
7011;320;-16
7012;320;-8
7013;328;-16
7014;336;-16
7015;328;-16
7016;336;-16
7017;336;-16
7018;344;-16
7019;344;-16
7020;352;-16
7021;352;-8
7022;352;-16
7023;360;-16
7024;360;-16
7025;360;-16
7026;360;-16
7027;368;-16
7028;368;-24
7029;376;-24
7030;368;-24
7031;376;-32
7032;384;-40
7033;384;-40
7034;376;-40
7035;384;-40
7036;392;-40
7037;392;-32
7038;392;-80
7039;392;-72
7040;400;-64
7041;400;-64
7042;400;-56
7043;400;-48
7044;408;-48
7045;408;-48
7046;408;-48
7047;408;-48
7048;408;-48
7049;416;-48
7050;416;-48
7051;416;-56
7052;416;-48
7053;416;-56
7054;424;-56
7055;424;-64
7056;424;-56
7057;424;-56
7058;424;-56
7059;432;-56
7060;432;-64
7061;432;-56
7062;432;-56
7063;432;-56
7064;432;-56
7065;432;-56
7066;432;-56
7067;440;-64
7068;448;-56
7069;432;-56
7070;440;-56
7071;440;-64
7072;432;-64
7073;432;-64
7074;440;-72
7075;440;-80
7076;440;-80
7077;440;-80
7078;440;-80
7079;440;-80
7080;440;-80
7081;432;-80
7082;432;-80
7083;440;-72
7084;440;-72
7085;440;-64
7086;440;-64
7087;440;-56
7088;432;-56
7089;440;-48
7090;432;-48
7091;440;-48
7092;432;-48
7093;432;-56
7094;432;-48
7095;432;-48
7096;432;-48
7097;432;-56
7098;432;-56
7099;432;-56
7100;432;-56
7101;432;-56
7102;440;-56
7103;432;-56
7104;432;-56
7105;424;-56
7106;424;-56
7107;416;-64
7108;424;-56
7109;432;-64
7110;416;-56
7111;424;-56
7112;408;-64
7113;416;-56
7114;408;-72
7115;416;-64
7116;416;-72
7117;408;-72
7118;408;-72
7119;400;-80
7120;400;-80
7121;400;-80
7122;392;-80
7123;408;-80
7124;392;-80
7125;392;-72
7126;384;-64
7127;384;-64
7128;384;-56
7129;376;-48
7130;368;-48
7131;376;-40
7132;376;-48
7133;376;-48
7134;368;-48
7135;368;-48
7136;368;-48
7137;368;-48
7138;360;-48
7139;352;-56
7140;360;-56
7141;352;-56
7142;352;-8
7143;336;-8
7144;344;-16
7145;336;-16
7146;336;-16
7147;336;-24
7148;328;-24
7149;336;-24
7150;328;-32
7151;320;-32
7152;320;-32
7153;320;-40
7154;312;-40
7155;312;-40
7156;304;-32
7157;296;-24
7158;296;-24
7159;296;-16
7160;296;-8
7161;280;-8
7162;288;-8
7163;280;-8
7164;272;0
7165;272;0
7166;264;0
7167;264;0
7168;264;0
7169;256;0
7170;256;0
7171;248;-8
7172;248;0
7173;240;-8
7174;240;-8
7175;232;-16
7176;232;-8
7177;232;-16
7178;216;-8
7179;216;-16
7180;208;-8
7181;216;-8
7182;208;-8
7183;208;-16
7184;200;-16
7185;192;-8
7186;192;-16
7187;192;-16
7188;176;-16
7189;176;-16
7190;176;-24
7191;168;-24
7192;168;-24
7193;160;-32
7194;160;-32
7195;160;-32
7196;152;-40
7197;144;-40
7198;144;-32
7199;136;-32
7200;136;-24
7201;128;-16
7202;120;-16
7203;120;-8
7204;112;-8
7205;104;0
7206;104;0
7207;96;0
7208;96;0
7209;88;0
7210;88;0
7211;80;-8
7212;80;0
7213;72;-8
7214;64;0
7215;64;-8
7216;56;-8
7217;56;-8
7218;40;-8
7219;40;-8
7220;48;-8
7221;32;-8
7222;32;-8
7223;24;-16
7224;16;-16
7225;24;-8
7226;16;-8
7227;8;-16
7228;0;-16
7229;-8;-8
7230;-16;-16
7231;-16;-16
7232;-24;-16
7233;-24;-24
7234;-32;-24
7235;-40;-32
7236;-40;-32
7237;-48;-40
7238;-56;-32
7239;-72;-40
7240;-64;-32
7241;-72;-32
7242;-72;-32
7243;-80;-24
7244;-80;-16
7245;-88;-16
7246;-72;104
7247;-96;104
7248;-104;112
7249;-104;112
7250;-112;112
7251;-120;112
7252;-128;112
7253;-128;112
7254;-128;112
7255;-136;112
7256;-144;104
7257;-144;104
7258;-152;104
7259;-152;104
7260;-160;104
7261;-168;104
7262;-168;104
7263;-176;104
7264;-176;104
7265;-184;104
7266;-200;96
7267;-192;104
7268;-192;104
7269;-208;96
7270;-208;104
7271;-216;104
7272;-216;104
7273;-216;96
7274;-232;104
7275;-232;104
7276;-240;96
7277;-240;96
7278;-248;96
7279;-248;88
7280;-248;80
7281;-256;80
7282;-264;80
7283;-272;72
7284;-272;72
7285;-272;72
7286;-280;72
7287;-296;80
7288;-288;80
7289;-296;88
7290;-296;88
7291;-304;96
7292;-304;104
7293;-312;104
7294;-312;112
7295;-320;112
7296;-320;112
7297;-320;112
7298;-328;112
7299;-336;104
7300;-336;112
7301;-344;104
7302;-344;104
7303;-352;104
7304;-352;104
7305;-352;104
7306;-360;104
7307;-360;104
7308;-360;104
7309;-368;104
7310;-376;104
7311;-376;104
7312;-376;104
7313;-384;104
7314;-384;104
7315;-384;96
7316;-392;96
7317;-392;96
7318;-392;96
7319;-400;96
7320;-392;88
7321;-400;88
7322;-408;88
7323;-400;80
7324;-408;72
7325;-408;72
7326;-416;80
7327;-408;72
7328;-416;80
7329;-416;80
7330;-424;88
7331;-424;88
7332;-424;88
7333;-432;96
7334;-424;104
7335;-424;104
7336;-432;112
7337;-432;104
7338;-432;112
7339;-432;112
7340;-440;112
7341;-440;112
7342;-432;112
7343;-440;104
7344;-440;104
7345;-440;104
7346;-440;104
7347;-440;104
7348;-448;104
7349;-448;96
7350;-448;104
7351;-440;88
7352;-448;88
7353;-448;88
7354;-440;80
7355;-448;80
7356;-448;72
7357;-448;72
7358;-448;72
7359;-448;64
7360;-448;64
7361;-448;56
7362;-440;64
7363;-448;64
7364;-448;64
7365;-448;72
7366;-448;72
7367;-440;80
7368;-448;88
7369;-440;96
7370;-440;96
7371;-440;96
7372;-440;96
7373;-440;96
7374;-440;96
7375;-432;96
7376;-440;96
7377;-432;96
7378;-432;96
7379;-432;96
7380;-424;88
7381;-424;88
7382;-424;88
7383;-424;88
7384;-424;88
7385;-424;88
7386;-416;88
7387;-424;88
7388;-416;88
7389;-408;88
7390;-408;88
7391;-408;88
7392;-408;88
7393;-400;88
7394;-400;88
7395;-400;88
7396;-392;88
7397;-392;80
7398;-384;88
7399;-384;88
7400;-384;88
7401;-384;80
7402;-384;80
7403;-384;80
7404;-368;72
7405;-368;64
7406;-368;64
7407;-360;64
7408;-360;56
7409;-360;64
7410;-352;56
7411;-352;64
7412;-344;72
7413;-344;72
7414;-336;80
7415;-336;88
7416;-320;96
7417;-320;96
7418;-320;96
7419;-320;96
7420;-312;96
7421;-312;96
7422;-304;96
7423;-304;96
7424;-304;96
7425;-296;88
7426;-288;96
7427;-280;88
7428;-280;88
7429;-280;88
7430;-272;88
7431;-264;88
7432;-264;88
7433;-256;88
7434;-248;88
7435;-248;88
7436;-232;80
7437;-240;88
7438;-240;88
7439;-224;88
7440;-224;80
7441;-216;88
7442;-216;88
7443;-208;80
7444;-200;80
7445;-200;80
7446;-184;72
7447;-192;72
7448;-192;64
7449;-176;64
7450;-176;64
7451;-168;56
7452;-160;64
7453;-160;64
7454;-152;64
7455;-144;-24
7456;-144;-16
7457;-136;-16
7458;-128;-8
7459;-128;0
7460;-120;0
7461;-120;0
7462;-112;8
7463;-104;8
7464;-104;8
7465;-96;8
7466;-88;8
7467;-88;0
7468;-80;8
7469;-72;0
7470;-72;0
7471;-72;0
7472;-64;8
7473;-56;0
7474;-48;0
7475;-40;-8
7476;-40;0
7477;-32;-8
7478;-48;0
7479;-16;-8
7480;-16;0
7481;-8;0
7482;0;0
7483;0;-8
7484;24;-8
7485;16;-8
7486;24;-8
7487;24;-8
7488;32;-8
7489;40;-16
7490;40;-24
7491;48;-24
7492;48;-24
7493;56;-32
7494;56;-32
7495;72;-24
7496;72;-24
7497;80;-24
7498;96;-24
7499;88;-16
7500;88;-8
7501;96;0
7502;104;0
7503;112;8
7504;112;0
7505;120;8
7506;120;8
7507;128;8
7508;136;8
7509;136;8
7510;136;8
7511;144;8
7512;152;0
7513;160;8
7514;160;0
7515;160;0
7516;168;0
7517;176;-8
7518;176;0
7519;184;0
7520;192;0
7521;192;-8
7522;200;-8
7523;200;0
7524;208;0
7525;200;0
7526;216;-8
7527;224;0
7528;224;0
7529;224;-8
7530;232;0
7531;240;-8
7532;232;-8
7533;248;0
7534;248;0
7535;248;-8
7536;264;-8
7537;256;-8
7538;264;-8
7539;272;-8
7540;272;-16
7541;272;-16
7542;280;-16
7543;288;-24
7544;280;-24
7545;288;-24
7546;304;-32
7547;296;-32
7548;296;-24
7549;304;-24
7550;312;-24
7551;312;-16
7552;312;-8
7553;320;0
7554;320;0
7555;320;8
7556;328;8
7557;328;8
7558;336;8
7559;336;-48
7560;328;-48
7561;344;-48
7562;344;-48
7563;344;-48
7564;352;-56
7565;352;-56
7566;352;-48
7567;360;-56
7568;360;-56
7569;360;-56
7570;360;-56
7571;368;-56
7572;368;-56
7573;384;-56
7574;376;-56
7575;376;-56
7576;384;-64
7577;384;-64
7578;384;-64
7579;392;-64
7580;384;-64
7581;392;-72
7582;392;-72
7583;392;-80
7584;400;-80
7585;400;-80
7586;400;-80
7587;400;-80
7588;408;-80
7589;408;-80
7590;408;-72
7591;408;-64
7592;408;-64
7593;416;-48
7594;440;-56
7595;416;-48
7596;416;-48
7597;416;-48
7598;416;-48
7599;424;-48
7600;416;-48
7601;432;-48
7602;424;-48
7603;424;-56
7604;432;-56
7605;432;-56
7606;432;-56
7607;432;-56
7608;432;-56
7609;432;-56
7610;432;-56
7611;432;-56
7612;440;-56
7613;432;-64
7614;440;-64
7615;432;-64
7616;440;-56
7617;432;-56
7618;440;-64
7619;440;-64
7620;440;-64
7621;432;-64
7622;440;-72
7623;432;-72
7624;440;-72
7625;440;-80
7626;440;-80
7627;440;-80
7628;432;-80
7629;432;-80
7630;432;-80
7631;432;-80
7632;440;-72
7633;432;-64
7634;440;-64
7635;424;-56
7636;432;-48
7637;432;-56
7638;432;-48
7639;432;-48
7640;432;-48
7641;440;-48
7642;432;-48
7643;432;-48
7644;432;-48
7645;424;-48
7646;424;-48
7647;432;-56
7648;432;-56
7649;424;-48
7650;424;-56
7651;416;-56
7652;416;-56
7653;416;-56
7654;416;-56
7655;416;-56
7656;408;-64
7657;408;-56
7658;408;-56
7659;408;-56
7660;400;-56
7661;400;-56
7662;400;-56
7663;400;-40
7664;400;-40
7665;392;-40
7666;392;-48
7667;392;-48
7668;392;-48
7669;384;-56
7670;384;-56
7671;384;-56
7672;376;-64
7673;376;-64
7674;376;-56
7675;376;-56
7676;376;-56
7677;368;-48
7678;368;-40
7679;360;-40
7680;360;-32
7681;360;-32
7682;352;-32
7683;352;-24
7684;352;-32
7685;352;-24
7686;344;-24
7687;344;-32
7688;336;-24
7689;336;-24
7690;336;-24
7691;328;-32
7692;328;-32
7693;328;-32
7694;320;-32
7695;320;-32
7696;320;-32
7697;312;-32
7698;304;-40
7699;304;-40
7700;296;-40
7701;296;-32
7702;296;-40
7703;296;-32
7704;288;-40
7705;280;-40
7706;280;-40
7707;280;-40
7708;272;-40
7709;264;-40
7710;264;-48
7711;264;-48
7712;256;-48
7713;248;-56
7714;248;-56
7715;248;-56
7716;232;-56
7717;224;-64
7718;232;-56
7719;232;-56
7720;224;-56
7721;216;-48
7722;216;-40
7723;216;-40
7724;208;-32
7725;208;-32
7726;200;-24
7727;200;-24
7728;192;-24
7729;192;-24
7730;184;-24
7731;176;-24
7732;184;-32
7733;176;-24
7734;168;-32
7735;160;-32
7736;160;-32
7737;152;-32
7738;152;-32
7739;144;-32
7740;144;-32
7741;136;-32
7742;136;-32
7743;128;-32
7744;120;-32
7745;120;-32
7746;112;-40
7747;112;-32
7748;112;-40
7749;104;-32
7750;104;-32
7751;112;-32
7752;88;-40
7753;80;-32
7754;80;-40
7755;72;-40
7756;72;-48
7757;64;-48
7758;56;-48
7759;56;-56
7760;48;-56
7761;48;-56
7762;40;-56
7763;32;-64
7764;24;-56
7765;24;-48
7766;16;-48
7767;16;72
7768;16;80
7769;8;80
7770;0;88
7771;-16;88
7772;-8;88
7773;-16;88
7774;-16;96
7775;-24;96
7776;-32;96
7777;-40;96
7778;-40;96
7779;-48;88
7780;-48;88
7781;-56;88
7782;-64;88
7783;-64;88
7784;-72;88
7785;-72;88
7786;-80;88
7787;-88;88
7788;-88;88
7789;-96;80
7790;-104;88
7791;-104;80
7792;-136;80
7793;-112;80
7794;-120;88
7795;-120;80
7796;-128;80
7797;-136;80
7798;-136;80
7799;-144;72
7800;-152;64
7801;-152;56
7802;-160;64
7803;-168;56
7804;-176;56
7805;-176;56
7806;-184;64
7807;-184;64
7808;-184;72
7809;-192;72
7810;-200;80
7811;-208;80
7812;-208;88
7813;-216;88
7814;-224;96
7815;-224;96
7816;-232;96
7817;-232;96
7818;-240;96
7819;-248;88
7820;-240;88
7821;-248;88
7822;-248;96
7823;-256;96
7824;-272;88
7825;-264;88
7826;-264;88
7827;-280;88
7828;-280;80
7829;-288;88
7830;-288;80
7831;-296;80
7832;-304;88
7833;-304;88
7834;-312;88
7835;-312;80
7836;-320;88
7837;-320;88
7838;-320;88
7839;-336;80
7840;-328;80
7841;-336;80
7842;-336;80
7843;-344;80
7844;-344;80
7845;-352;80
7846;-352;72
7847;-352;80
7848;-360;80
7849;-360;72
7850;-368;72
7851;-368;64
7852;-368;64
7853;-360;56
7854;-376;56
7855;-376;56
7856;-384;56
7857;-384;56
7858;-384;64
7859;-392;64
7860;-392;72
7861;-392;72
7862;-400;80
7863;-400;88
7864;-408;88
7865;-408;88
7866;-408;88
7867;-416;88
7868;-408;96
7869;-416;96
7870;-416;96
7871;-416;120
7872;-424;120
7873;-424;112
7874;-416;104
7875;-424;112
7876;-432;112
7877;-424;104
7878;-432;104
7879;-432;104
7880;-432;112
7881;-432;104
7882;-432;104
7883;-440;96
7884;-440;96
7885;-440;96
7886;-440;88
7887;-432;80
7888;-440;80
7889;-440;80
7890;-440;80
7891;-448;72
7892;-440;80
7893;-448;88
7894;-448;88
7895;-440;88
7896;-448;96
7897;-448;96
7898;-440;104
7899;-440;112
7900;-440;112
7901;-448;112
7902;-448;112
7903;-440;112
7904;-448;112
7905;-440;120
7906;-440;112
7907;-440;112
7908;-424;112
7909;-440;112
7910;-440;112
7911;-440;112
7912;-440;104
7913;-440;104
7914;-440;104
7915;-432;104
7916;-440;104
7917;-440;104
7918;-432;104
7919;-432;104
7920;-432;104
7921;-432;104
7922;-424;104
7923;-424;104
7924;-424;104
7925;-416;104
7926;-416;104
7927;-416;104
7928;-432;104
7929;-416;104
7930;-416;104
7931;-408;104
7932;-408;104
7933;-408;104
7934;-400;104
7935;-400;96
7936;-400;88
7937;-400;88
7938;-392;88
7939;-392;72
7940;-392;80
7941;-384;72
7942;-384;80
7943;-384;72
7944;-376;80
7945;-376;88
7946;-368;96
7947;-368;96
7948;-368;104
7949;-384;112
7950;-352;112
7951;-352;112
7952;-352;112
7953;-344;112
7954;-344;112
7955;-328;112
7956;-336;112
7957;-328;112
7958;-328;112
7959;-328;112
7960;-320;112
7961;-320;104
7962;-320;104
7963;-304;104
7964;-304;104
7965;-304;104
7966;-296;104
7967;-296;96
7968;-288;104
7969;-296;104
7970;-280;104
7971;-272;104
7972;-272;104
7973;-264;104
7974;-256;104
7975;-256;104
7976;-256;16
7977;-248;16
7978;-240;8
7979;-232;0
7980;-232;0
7981;-224;0
7982;-216;-8
7983;-208;-8
7984;-208;-16
7985;-208;-8
7986;-200;-8
7987;-192;-8
7988;-192;-8
7989;-192;0
7990;-176;0
7991;-176;8
7992;-176;16
7993;-168;16
7994;-168;24
7995;-160;32
7996;-160;24
7997;-144;32
7998;-144;24
7999;-136;24
8000;-136;32
8001;-128;24
8002;-128;24
8003;-112;24
8004;-112;24
8005;-104;24
8006;-96;24
8007;-96;16
8008;-88;16
8009;-80;16
8010;-72;16
8011;-72;16
8012;-64;16
8013;-64;16
8014;-56;16
8015;-48;16
8016;-48;16
8017;-40;16
8018;-40;8
8019;-32;8
8020;-24;16
8021;-24;16
8022;-8;16
8023;-8;16
8024;0;8
8025;8;8
8026;8;0
8027;16;0
8028;24;0
8029;24;-8
8030;32;-8
8031;32;-16
8032;40;-8
8033;48;-8
8034;48;-8
8035;56;-8
8036;64;8
8037;72;0
8038;72;8
8039;80;16
8040;88;16
8041;88;24
8042;96;24
8043;104;24
8044;104;24
8045;104;24
8046;112;24
8047;120;24
8048;120;24
8049;128;24
8050;128;24
8051;136;24
8052;144;16
8053;144;16
8054;152;16
8055;152;16
8056;160;24
8057;168;16
8058;168;16
8059;176;16
8060;184;16
8061;184;16
8062;192;16
8063;192;16
8064;200;16
8065;216;16
8066;208;16
8067;216;8
8068;216;8
8069;216;8
8070;224;8
8071;224;0
8072;232;0
8073;232;-8
8074;240;-8
8075;240;-8
8076;248;-8
8077;256;-8
8078;256;-8
8079;264;0
8080;264;-64
8081;272;-56
8082;272;-56
8083;272;-48
8084;280;-48
8085;272;-40
8086;288;-40
8087;296;-40
8088;296;-32
8089;296;-40
8090;304;-32
8091;304;-40
8092;320;-40
8093;312;-40
8094;312;-40
8095;320;-40
8096;320;-40
8097;328;-40
8098;328;-40
8099;336;-48
8100;336;-48
8101;336;-48
8102;336;-48
8103;344;-48
8104;344;-48
8105;344;-48
8106;336;-48
8107;352;-48
8108;360;-48
8109;360;-48
8110;360;-48
8111;368;-48
8112;376;-48
8113;368;-48
8114;368;-48
8115;376;-48
8116;376;-48
8117;376;-48
8118;384;-48
8119;384;-40
8120;384;-48
8121;384;-56
8122;392;-56
8123;400;-56
8124;400;-64
8125;392;-72
8126;392;-64
8127;400;-64
8128;400;-72
8129;408;-64
8130;408;-64
8131;408;-64
8132;408;-64
8133;408;-56
8134;416;-56
8135;416;-48
8136;416;-48
8137;416;-40
8138;416;-40
8139;424;-32
8140;424;-32
8141;424;-40
8142;424;-40
8143;424;-40
8144;424;-40
8145;424;-32
8146;424;-40
8147;432;-40
8148;432;-40
8149;432;-40
8150;432;-40
8151;432;-48
8152;432;-40
8153;424;-48
8154;432;-40
8155;432;-48
8156;432;-48
8157;432;-48
8158;432;-40
8159;432;-48
8160;432;-48
8161;432;-48
8162;432;-40
8163;440;-40
8164;440;-48
8165;432;-48
8166;432;-56
8167;440;-56
8168;440;-64
8169;440;-64
8170;432;-64
8171;432;-72
8172;432;-64
8173;432;-72
8174;432;-72
8175;432;-72
8176;432;-64
8177;432;-64
8178;432;-56
8179;432;-56
8180;432;-48
8181;432;-48
8182;432;-40
8183;432;-32
8184;424;-40
8185;424;-32
8186;424;-40
8187;416;-40
8188;416;-40
8189;424;-40
8190;424;-40
8191;416;-40
8192;416;-40
8193;416;-48
8194;416;-48
8195;416;-48
8196;408;-40
8197;416;-48
8198;408;-48
8199;408;-48
8200;408;-48
8201;408;-48
8202;400;-48
8203;400;-48
8204;400;-48
8205;400;-56
8206;400;-48
8207;392;-48
8208;384;-48
8209;392;-48
8210;384;-56
8211;384;-48
8212;384;-56
8213;376;-56
8214;376;-56
8215;368;-56
8216;368;-56
8217;368;-64
8218;368;-64
8219;368;-64
8220;368;-72
8221;368;-72
8222;376;-72
8223;352;-72
8224;352;-72
8225;352;-64
8226;352;-64
8227;352;-56
8228;344;-48
8229;344;-40
8230;336;-40
8231;336;-40
8232;336;-40
8233;328;-40
8234;328;-40
8235;320;-40
8236;320;-40
8237;320;-40
8238;312;-48
8239;312;-40
8240;312;-48
8241;304;-40
8242;288;-48
8243;296;-48
8244;296;-48
8245;288;-48
8246;288;-48
8247;280;-48
8248;280;-48
8249;280;-48
8250;272;-48
8251;272;-48
8252;264;-48
8253;264;-48
8254;256;-48
8255;256;-48
8256;248;-48
8257;248;-56
8258;240;-56
8259;232;-64
8260;232;-64
8261;232;-72
8262;224;-72
8263;200;-72
8264;216;-72
8265;216;-72
8266;208;-72
8267;208;-72
8268;192;-64
8269;200;-64
8270;200;-56
8271;192;-48
8272;184;-48
8273;176;-48
8274;176;-40
8275;176;-40
8276;168;-40
8277;168;-40
8278;160;-40
8279;160;-40
8280;152;-40
8281;152;-40
8282;144;-40
8283;144;-48
8284;136;-40
8285;136;-48
8286;120;-40
8287;120;-48
8288;120;-48
8289;120;56
8290;104;56
8291;104;56
8292;96;48
8293;96;48
8294;88;40
8295;88;40
8296;80;32
8297;64;32
8298;72;32
8299;72;32
8300;64;32
8301;56;32
8302;56;40
8303;48;40
8304;48;48
8305;40;48
8306;32;56
8307;32;64
8308;24;64
8309;24;64
8310;8;64
8311;8;72
8312;8;64
8313;-8;64
8314;-8;64
8315;-16;64
8316;-16;64
8317;-24;64
8318;-32;64
8319;-32;64
8320;-40;64
8321;-40;56
8322;-48;56
8323;-48;64
8324;-56;56
8325;-64;64
8326;-64;56
8327;-72;56
8328;-80;56
8329;-80;56
8330;-88;56
8331;-88;56
8332;-96;56
8333;-104;56
8334;-112;64
8335;-104;56
8336;-112;48
8337;-120;48
8338;-128;40
8339;-128;40
8340;-136;40
8341;-144;40
8342;-152;32
8343;-152;32
8344;-160;32
8345;-176;32
8346;-168;40
8347;-176;40
8348;-184;48
8349;-184;56
8350;-184;64
8351;-192;64
8352;-192;72
8353;-200;72
8354;-208;72
8355;-208;64
8356;-216;72
8357;-224;64
8358;-232;64
8359;-232;64
8360;-240;64
8361;-240;64
8362;-240;64
8363;-248;64
8364;-256;56
8365;-256;64
8366;-272;56
8367;-272;56
8368;-272;64
8369;-272;56
8370;-280;56
8371;-280;56
8372;-296;56
8373;-296;48
8374;-296;56
8375;-304;56
8376;-312;48
8377;-312;48
8378;-312;40
8379;-320;40
8380;-320;40
8381;-320;32
8382;-328;32
8383;-328;24
8384;-336;40
8385;-328;32
8386;-344;24
8387;-344;32
8388;-352;40
8389;-352;48
8390;-352;56
8391;-360;64
8392;-360;64
8393;-368;104
8394;-368;120
8395;-376;120
8396;-376;120
8397;-376;120
8398;-384;120
8399;-384;120
8400;-384;120
8401;-384;120
8402;-392;120
8403;-400;112
8404;-400;112
8405;-400;112
8406;-408;104
8407;-408;112
8408;-416;112
8409;-416;112
8410;-416;112
8411;-416;112
8412;-416;112
8413;-416;112
8414;-424;104
8415;-424;104
8416;-424;104
8417;-424;112
8418;-432;112
8419;-432;112
8420;-432;112
8421;-432;104
8422;-432;112
8423;-440;104
8424;-440;104
8425;-440;96
8426;-448;96
8427;-440;96
8428;-440;88
8429;-440;88
8430;-448;80
8431;-448;88
8432;-448;80
8433;-448;80
8434;-448;88
8435;-440;96
8436;-448;104
8437;-448;112
8438;-448;120
8439;-448;120
8440;-440;120
8441;-448;120
8442;-448;120
8443;-448;120
8444;-448;120
8445;-448;120
8446;-440;120
8447;-440;120
8448;-448;112
8449;-448;112
8450;-448;112
8451;-440;112
8452;-448;112
8453;-448;112
8454;-448;112
8455;-440;104
8456;-440;112
8457;-440;112
8458;-440;112
8459;-440;104
8460;-440;112
8461;-432;104
8462;-432;104
8463;-432;104
8464;-424;104
8465;-424;104
8466;-432;104
8467;-440;96
8468;-424;96
8469;-424;96
8470;-424;88
8471;-416;88
8472;-416;88
8473;-416;88
8474;-416;88
8475;-408;80
8476;-408;80
8477;-408;88
8478;-400;96
8479;-400;104
8480;-400;104
8481;-384;120
8482;-392;120
8483;-384;120
8484;-384;120
8485;-384;120
8486;-376;120
8487;-376;120
8488;-368;120
8489;-368;112
8490;-368;112
8491;-360;112
8492;-360;112
8493;-360;112
8494;-352;112
8495;-352;112
8496;-344;32
8497;-344;32
8498;-336;32
8499;-336;24
8500;-336;24
8501;-328;24
8502;-328;16
8503;-320;16
8504;-312;16
8505;-312;8
8506;-312;8
8507;-304;8
8508;-296;0
8509;-296;0
8510;-296;8
8511;-288;16
8512;-280;16
8513;-280;24
8514;-272;32
8515;-272;32
8516;-264;40
8517;-256;40
8518;-256;40
8519;-248;40
8520;-248;40
8521;-240;40
8522;-240;40
8523;-232;40
8524;-224;40
8525;-224;40
8526;-216;32
8527;-208;40
8528;-208;40
8529;-208;40
8530;-200;32
8531;-192;32
8532;-184;32
8533;-184;32
8534;-176;32
8535;-168;32
8536;-160;24
8537;-160;32
8538;-160;32
8539;-152;32
8540;-144;32
8541;-144;24
8542;-136;24
8543;-128;32
8544;-120;24
8545;-120;24
8546;-112;16
8547;-112;16
8548;-104;8
8549;-96;8
8550;-96;8
8551;-88;8
8552;-88;8
8553;-80;8
8554;-72;8
8555;-72;16
8556;-72;24
8557;-56;32
8558;-56;40
8559;-40;32
8560;-40;40
8561;-32;40
8562;-24;40
8563;-24;40
8564;-24;40
8565;-16;40
8566;-8;40
8567;0;40
8568;0;32
8569;16;40
8570;16;32
8571;24;32
8572;24;32
8573;32;40
8574;32;32
8575;40;32
8576;48;32
8577;32;24
8578;56;32
8579;64;32
8580;64;32
8581;72;32
8582;80;24
8583;88;32
8584;88;24
8585;96;32
8586;104;32
8587;104;24
8588;112;24
8589;112;24
8590;120;16
8591;128;8
8592;128;8
8593;136;8
8594;136;8
8595;144;0
8596;144;8
8597;160;0
8598;152;8
8599;160;16
8600;160;16
8601;168;-48
8602;176;-40
8603;184;-32
8604;184;-40
8605;192;-32
8606;192;-24
8607;200;-24
8608;208;-24
8609;208;-32
8610;208;-24
8611;200;-32
8612;224;-32
8613;224;-40
8614;232;-32
8615;240;-32
8616;240;-40
8617;240;-40
8618;264;-40
8619;248;-40
8620;256;-40
8621;256;-40
8622;264;-40
8623;264;-40
8624;264;-40
8625;272;-40
8626;280;-40
8627;280;-40
8628;288;-40
8629;288;-48
8630;296;-40
8631;296;-48
8632;296;-48
8633;304;-56
8634;304;-56
8635;312;-56
8636;312;-64
8637;312;-64
8638;312;-64
8639;328;-64
8640;328;-64
8641;328;-56
8642;336;-56
8643;336;-48
8644;336;-40
8645;352;-40
8646;344;-32
8647;352;-32
8648;352;-24
8649;352;-24
8650;360;-32
8651;352;-32
8652;360;-32
8653;368;-32
8654;368;-32
8655;368;-32
8656;376;-32
8657;376;-40
8658;376;-40
8659;368;-40
8660;376;-40
8661;384;-40
8662;384;-40
8663;384;-40
8664;384;-40
8665;392;-40
8666;400;-40
8667;400;-40
8668;400;-40
8669;400;-40
8670;400;-40
8671;400;-48
8672;408;-40
8673;408;-48
8674;408;-48
8675;408;-56
8676;416;-56
8677;416;-56
8678;416;-64
8679;416;-64
8680;416;-64
8681;424;-64
8682;416;-56
8683;424;-64
8684;424;-56
8685;432;-48
8686;416;-40
8687;424;-32
8688;432;-32
8689;432;-32
8690;432;-32
8691;432;-24
8692;432;-32
8693;432;-32
8694;440;-32
8695;432;-32
8696;440;-32
8697;432;-32
8698;440;-32
8699;440;-40
8700;440;-32
8701;432;-32
8702;432;-32
8703;432;-40
8704;440;-40
8705;440;-56
8706;440;-64
8707;440;-64
8708;432;-72
8709;432;-72
8710;440;-72
8711;432;-72
8712;432;-80
8713;432;-80
8714;432;-80
8715;432;-80
8716;440;-88
8717;440;-88
8718;432;-80
8719;432;-72
8720;432;-72
8721;432;-64
8722;432;-56
8723;432;-56
8724;432;-56
8725;432;-56
8726;440;-48
8727;432;-48
8728;432;-48
8729;424;-48
8730;424;-48
8731;424;-48
8732;424;-56
8733;424;-56
8734;424;-56
8735;424;-56
8736;416;-56
8737;416;-56
8738;416;-56
8739;416;-64
8740;408;-64
8741;416;-56
8742;408;-56
8743;408;-56
8744;400;-64
8745;408;-56
8746;400;-64
8747;400;-64
8748;400;-64
8749;400;-64
8750;392;-64
8751;392;-64
8752;392;-64
8753;392;-72
8754;400;-72
8755;384;-80
8756;376;-80
8757;376;-88
8758;376;-80
8759;368;-80
8760;368;-80
8761;368;-80
8762;368;-72
8763;360;-64
8764;360;-56
8765;360;-56
8766;352;-48
8767;352;-48
8768;344;-48
8769;344;-48
8770;352;-48
8771;344;-48
8772;336;-48
8773;336;-48
8774;336;-56
8775;336;-48
8776;328;-56
8777;328;-56
8778;328;-56
8779;320;-56
8780;312;-64
8781;312;-56
8782;312;-56
8783;304;-56
8784;296;-56
8785;296;-56
8786;296;-56
8787;296;-56
8788;296;-64
8789;288;-56
8790;280;-64
8791;272;-56
8792;280;-64
8793;264;-56
8794;264;-56
8795;256;-64
8796;256;-72
8797;248;-80
8798;248;-72
8799;248;-80
8800;240;-80
8801;240;-80
8802;232;-88
8803;232;-80
8804;224;-80
8805;224;-72
8806;216;-72
8807;216;-72
8808;208;-56
8809;232;40
8810;200;40
8811;200;48
8812;192;40
8813;192;48
8814;184;48
8815;176;48
8816;176;48
8817;176;48
8818;176;48
8819;160;40
8820;160;48
8821;160;40
8822;160;40
8823;144;40
8824;144;32
8825;144;40
8826;136;40
8827;128;32
8828;128;32
8829;128;40
8830;120;32
8831;112;32
8832;112;32
8833;104;40
8834;96;32
8835;96;32
8836;88;24
8837;80;32
8838;80;32
8839;80;24
8840;72;24
8841;64;16
8842;64;16
8843;56;16
8844;56;8
8845;48;8
8846;40;8
8847;40;8
8848;32;8
8849;32;16
8850;16;24
8851;16;24
8852;16;32
8853;8;48
8854;0;40
8855;0;40
8856;0;48
8857;-8;40
8858;-16;48
8859;-24;40
8860;-24;40
8861;-32;40
8862;-40;40
8863;-40;40
8864;-48;40
8865;-48;40
8866;-56;40
8867;-64;32
8868;-72;32
8869;-72;32
8870;-80;40
8871;-80;40
8872;-80;40
8873;-88;32
8874;-104;32
8875;-104;40
8876;-104;32
8877;-112;32
8878;-120;32
8879;-120;32
8880;-128;32
8881;-128;24
8882;-136;24
8883;-136;24
8884;-136;16
8885;-152;8
8886;-160;8
8887;-160;16
8888;-168;8
8889;-168;8
8890;-176;16
8891;-192;16
8892;-192;16
8893;-192;24
8894;-200;24
8895;-200;32
8896;-208;40
8897;-208;40
8898;-216;48
8899;-216;48
8900;-224;40
8901;-232;48
8902;-232;40
8903;-240;48
8904;-240;40
8905;-248;40
8906;-248;40
8907;-256;40
8908;-264;40
8909;-264;40
8910;-272;32
8911;-264;40
8912;-280;40
8913;-280;120
8914;-288;120
8915;-296;112
8916;-296;112
8917;-304;104
8918;-304;104
8919;-312;104
8920;-312;96
8921;-320;96
8922;-320;96
8923;-320;96
8924;-320;96
8925;-344;88
8926;-336;96
8927;-336;104
8928;-336;104
8929;-344;112
8930;-344;120
8931;-344;120
8932;-336;128
8933;-360;128
8934;-360;128
8935;-360;128
8936;-368;128
8937;-368;128
8938;-384;128
8939;-376;128
8940;-376;128
8941;-384;128
8942;-392;120
8943;-384;120
8944;-392;120
8945;-392;120
8946;-392;120
8947;-400;120
8948;-400;120
8949;-400;120
8950;-400;120
8951;-408;120
8952;-408;112
8953;-416;120
8954;-416;120
8955;-416;120
8956;-416;112
8957;-424;120
8958;-424;112
8959;-416;112
8960;-424;112
8961;-432;112
8962;-432;104
8963;-432;104
8964;-432;96
8965;-432;96
8966;-432;96
8967;-432;96
8968;-440;88
8969;-440;88
8970;-432;96
8971;-440;96
8972;-440;104
8973;-448;112
8974;-440;120
8975;-440;120
8976;-440;128
8977;-448;128
8978;-440;128
8979;-448;128
8980;-440;128
8981;-440;128
8982;-440;128
8983;-448;120
8984;-448;120
8985;-448;120
8986;-440;120
8987;-448;120
8988;-440;120
8989;-440;120
8990;-440;120
8991;-448;120
8992;-440;120
8993;-448;120
8994;-440;112
8995;-440;120
8996;-440;120
8997;-440;120
8998;-440;120
8999;-432;112
9000;-432;112
9001;-440;112
9002;-432;112
9003;-432;104
9004;-432;104
9005;-432;104
9006;-424;96
9007;-408;96
9008;-424;88
9009;-424;88
9010;-424;88
9011;-416;88
9012;-416;96
9013;-416;96
9014;-408;104
9015;-408;112
9016;-408;112
9017;-408;56
9018;-408;64
9019;-400;64
9020;-400;64
9021;-400;64
9022;-400;72
9023;-392;72
9024;-392;64
9025;-384;64
9026;-384;64
9027;-392;64
9028;-384;64
9029;-376;64
9030;-368;56
9031;-368;64
9032;-360;56
9033;-360;64
9034;-352;64
9035;-360;64
9036;-352;64
9037;-352;56
9038;-344;64
9039;-336;56
9040;-336;56
9041;-328;56
9042;-328;56
9043;-328;56
9044;-320;56
9045;-320;56
9046;-312;56
9047;-312;56
9048;-328;48
9049;-304;48
9050;-296;40
9051;-296;40
9052;-288;32
9053;-288;32
9054;-272;32
9055;-280;32
9056;-272;32
9057;-272;40
9058;-264;40
9059;-256;40
9060;-248;48
9061;-248;48
9062;-240;56
9063;-240;64
9064;-240;64
9065;-232;72
9066;-224;72
9067;-216;72
9068;-200;72
9069;-208;64
9070;-200;72
9071;-208;64
9072;-192;64
9073;-192;64
9074;-184;64
9075;-184;64
9076;-176;64
9077;-168;64
9078;-160;56
9079;-160;56
9080;-152;56
9081;-144;56
9082;-160;56
9083;-144;56
9084;-136;56
9085;-128;56
9086;-128;56
9087;-120;56
9088;-112;56
9089;-96;64
9090;-104;56
9091;-104;56
9092;-96;56
9093;-88;56
9094;-80;56
9095;-88;56
9096;-72;48
9097;-64;48
9098;-64;48
9099;-56;40
9100;-56;40
9101;-48;32
9102;-40;32
9103;-32;24
9104;-24;32
9105;-16;32
9106;-16;32
9107;-8;32
9108;0;40
9109;0;40
9110;8;48
9111;8;56
9112;16;56
9113;24;64
9114;24;64
9115;32;64
9116;48;64
9117;40;72
9118;48;72
9119;56;64
9120;56;64
9121;64;72
9122;72;-16
9123;80;-16
9124;80;-16
9125;80;-16
9126;96;-16
9127;96;-24
9128;104;-16
9129;96;-24
9130;104;-24
9131;112;-24
9132;120;-24
9133;128;-32
9134;128;-32
9135;136;-40
9136;136;-40
9137;144;-40
9138;144;-48
9139;152;-48
9140;160;-48
9141;160;-48
9142;168;-48
9143;168;-40
9144;176;-40
9145;176;-32
9146;184;-24
9147;192;-24
9148;192;-24
9149;192;-16
9150;192;-16
9151;208;-8
9152;208;-8
9153;216;-8
9154;216;-16
9155;224;-16
9156;232;-16
9157;232;-16
9158;232;-16
9159;240;-16
9160;248;-16
9161;248;-24
9162;256;-24
9163;256;-24
9164;288;-16
9165;264;-24
9166;272;-24
9167;272;-24
9168;272;-24
9169;280;-24
9170;280;-24
9171;288;-24
9172;296;-24
9173;296;-24
9174;296;-24
9175;296;-24
9176;296;-24
9177;304;-24
9178;312;-24
9179;320;-32
9180;320;-24
9181;320;-32
9182;320;-40
9183;328;-40
9184;320;-40
9185;336;-48
9186;336;-48
9187;336;-48
9188;344;-48
9189;344;-48
9190;352;-48
9191;352;-40
9192;352;-40
9193;352;-32
9194;360;-24
9195;360;-16
9196;360;-16
9197;368;-16
9198;376;-16
9199;376;-16
9200;376;-16
9201;376;-8
9202;376;-8
9203;376;-8
9204;384;-16
9205;360;-24
9206;384;-16
9207;392;-16
9208;392;-16
9209;392;-16
9210;392;-16
9211;408;-24
9212;400;-24
9213;400;-24
9214;400;-24
9215;408;-24
9216;408;-24
9217;408;-24
9218;416;-24
9219;408;-24
9220;416;-24
9221;416;-24
9222;416;-24
9223;416;-24
9224;416;-24
9225;424;-24
9226;424;-64
9227;424;-64
9228;424;-64
9229;424;-72
9230;424;-72
9231;424;-80
9232;424;-80
9233;432;-80
9234;432;-88
9235;424;-80
9236;432;-80
9237;432;-88
9238;440;-80
9239;424;-80
9240;432;-64
9241;432;-64
9242;432;-64
9243;432;-56
9244;432;-48
9245;440;-48
9246;448;-56
9247;432;-56
9248;432;-56
9249;432;-56
9250;440;-56
9251;432;-56
9252;432;-56
9253;432;-56
9254;432;-56
9255;440;-56
9256;432;-56
9257;440;-64
9258;440;-64
9259;440;-64
9260;440;-56
9261;432;-56
9262;432;-64
9263;440;-56
9264;432;-64
9265;432;-56
9266;440;-64
9267;432;-64
9268;432;-56
9269;432;-72
9270;432;-72
9271;424;-64
9272;424;-72
9273;432;-80
9274;424;-80
9275;424;-88
9276;424;-80
9277;424;-88
9278;416;-88
9279;416;-80
9280;416;-80
9281;416;-80
9282;408;-72
9283;408;-64
9284;408;-56
9285;416;-56
9286;400;-56
9287;392;-56
9288;408;-56
9289;400;-48
9290;400;-56
9291;392;-56
9292;392;-48
9293;392;-56
9294;392;-56
9295;384;-56
9296;384;-56
9297;384;-56
9298;384;-64
9299;376;-64
9300;384;-64
9301;376;-64
9302;368;-64
9303;368;-64
9304;368;-64
9305;368;-56
9306;360;-64
9307;360;-64
9308;360;-64
9309;352;-64
9310;352;-72
9311;344;-64
9312;344;-72
9313;344;-72
9314;336;-72
9315;336;-80
9316;336;-80
9317;336;-80
9318;328;-88
9319;328;-88
9320;328;-88
9321;344;-80
9322;320;-80
9323;312;-80
9324;312;-72
9325;304;-72
9326;304;-64
9327;296;-56
9328;304;-56
9329;296;-56
9330;288;24
9331;288;24
9332;280;16
9333;272;16
9334;280;16
9335;272;16
9336;264;16
9337;264;8
9338;264;8
9339;256;8
9340;256;8
9341;232;8
9342;248;8
9343;240;8
9344;240;8
9345;232;8
9346;224;8
9347;224;8
9348;224;0
9349;216;0
9350;216;8
9351;208;8
9352;200;0
9353;200;0
9354;192;-8
9355;192;-8
9356;184;-16
9357;184;-16
9358;184;-16
9359;176;-16
9360;168;-16
9361;168;-24
9362;144;-16
9363;160;-16
9364;160;-16
9365;144;-8
9366;144;0
9367;144;0
9368;144;8
9369;136;8
9370;128;16
9371;120;16
9372;120;16
9373;120;16
9374;112;16
9375;112;16
9376;104;16
9377;96;8
9378;88;16
9379;96;16
9380;80;8
9381;72;8
9382;88;8
9383;64;8
9384;64;8
9385;56;8
9386;56;8
9387;48;8
9388;48;8
9389;40;8
9390;40;8
9391;32;8
9392;24;8
9393;16;8
9394;16;0
9395;8;0
9396;-16;0
9397;0;0
9398;-8;8
9399;-8;8
9400;-16;8
9401;-16;8
9402;-16;0
9403;-16;0
9404;-40;0
9405;-40;-8
9406;-48;-16
9407;-48;-16
9408;-56;-16
9409;-72;-16
9410;-72;-24
9411;-72;-24
9412;-80;-24
9413;-80;-16
9414;-80;-8
9415;-96;0
9416;-96;8
9417;-104;8
9418;-104;16
9419;-112;16
9420;-112;16
9421;-120;16
9422;-128;16
9423;-136;16
9424;-136;16
9425;-144;16
9426;-144;16
9427;-152;8
9428;-160;8
9429;-160;8
9430;-160;8
9431;-168;8
9432;-176;8
9433;-184;8
9434;-184;104
9435;-192;104
9436;-192;104
9437;-192;104
9438;-208;104
9439;-216;96
9440;-216;96
9441;-216;88
9442;-224;88
9443;-240;88
9444;-240;80
9445;-240;80
9446;-240;80
9447;-248;88
9448;-256;88
9449;-256;88
9450;-256;96
9451;-264;104
9452;-264;104
9453;-272;112
9454;-280;112
9455;-288;120
9456;-288;120
9457;-296;120
9458;-296;120
9459;-296;120
9460;-304;120
9461;-304;112
9462;-312;112
9463;-312;112
9464;-320;112
9465;-320;112
9466;-328;112
9467;-328;112
9468;-336;112
9469;-336;104
9470;-336;104
9471;-352;112
9472;-344;104
9473;-352;112
9474;-360;112
9475;-360;112
9476;-360;104
9477;-360;104
9478;-376;104
9479;-376;104
9480;-376;104
9481;-376;104
9482;-376;104
9483;-384;104
9484;-392;104
9485;-392;104
9486;-392;96
9487;-392;88
9488;-400;88
9489;-400;88
9490;-408;88
9491;-408;88
9492;-408;80
9493;-408;80
9494;-408;80
9495;-416;88
9496;-416;96
9497;-416;104
9498;-432;104
9499;-424;112
9500;-424;120
9501;-432;120
9502;-424;120
9503;-432;120
9504;-424;120
9505;-432;120
9506;-432;120
9507;-440;120
9508;-440;112
9509;-440;112
9510;-440;112
9511;-432;112
9512;-440;112
9513;-440;112
9514;-448;112
9515;-448;112
9516;-448;104
9517;-440;104
9518;-448;104
9519;-464;104
9520;-448;112
9521;-448;104
9522;-448;104
9523;-448;104
9524;-448;104
9525;-440;96
9526;-456;104
9527;-448;96
9528;-448;88
9529;-448;96
9530;-448;80
9531;-448;80
9532;-440;80
9533;-448;80
9534;-448;88
9535;-448;88
9536;-440;96
9537;-448;104
9538;-440;64
9539;-432;72
9540;-448;80
9541;-440;80
9542;-440;80
9543;-440;80
9544;-440;80
9545;-432;80
9546;-440;80
9547;-440;72
9548;-432;72
9549;-432;72
9550;-432;72
9551;-424;72
9552;-424;72
9553;-432;72
9554;-424;72
9555;-416;72
9556;-416;64
9557;-416;64
9558;-416;72
9559;-408;72
9560;-400;64
9561;-408;64
9562;-408;56
9563;-408;56
9564;-400;48
9565;-400;56
9566;-408;48
9567;-392;40
9568;-392;40
9569;-384;40
9570;-384;40
9571;-376;40
9572;-376;48
9573;-376;48
9574;-368;64
9575;-376;64
9576;-368;72
9577;-360;80
9578;-360;80
9579;-352;72
9580;-344;88
9581;-344;80
9582;-344;80
9583;-344;80
9584;-336;80
9585;-336;80
9586;-328;80
9587;-320;80
9588;-320;80
9589;-320;72
9590;-312;72
9591;-304;72
9592;-312;72
9593;-304;72
9594;-296;72
9595;-296;72
9596;-288;72
9597;-280;64
9598;-280;72
9599;-272;64
9600;-272;64
9601;-272;72
9602;-256;64
9603;-248;72
9604;-248;64
9605;-248;64
9606;-240;64
9607;-232;64
9608;-232;64
9609;-224;64
9610;-224;64
9611;-216;56
9612;-208;48
9613;-208;48
9614;-192;40
9615;-192;40
9616;-192;40
9617;-184;40
9618;-176;48
9619;-168;48
9620;-168;56
9621;-176;56
9622;-160;64
9623;-152;72
9624;-152;72
9625;-144;80
9626;-144;80
9627;-128;80
9628;-128;72
9629;-120;80
9630;-120;80
9631;-112;80
9632;-104;72
9633;-104;80
9634;-96;72
9635;-72;72
9636;-88;72
9637;-80;72
9638;-72;72
9639;-72;64
9640;-64;72
9641;-72;72
9642;-48;-16
9643;-48;-16
9644;-40;-16
9645;-40;-16
9646;-32;-24
9647;-24;-24
9648;-24;-32
9649;-16;-32
9650;-8;-32
9651;0;-40
9652;0;-40
9653;8;-40
9654;16;-40
9655;8;-32
9656;24;-32
9657;32;-24
9658;32;-24
9659;40;-16
9660;48;-8
9661;56;0
9662;56;0
9663;64;0
9664;64;-8
9665;72;0
9666;80;0
9667;88;-8
9668;88;0
9669;88;-8
9670;96;-8
9671;104;-8
9672;112;-8
9673;112;-8
9674;112;-8
9675;128;-16
9676;128;-16
9677;128;-8
9678;144;-8
9679;144;-8
9680;144;-16
9681;152;-16
9682;160;-16
9683;160;-16
9684;168;-16
9685;168;-16
9686;176;-16
9687;184;-16
9688;184;-16
9689;192;-16
9690;192;-16
9691;200;-16
9692;200;-16
9693;208;-24
9694;208;-24
9695;216;-24
9696;224;-32
9697;224;-32
9698;232;-40
9699;232;-40
9700;232;-40
9701;240;-40
9702;248;-40
9703;240;-32
9704;248;-32
9705;256;-24
9706;264;-24
9707;264;-16
9708;264;-16
9709;272;-8
9710;280;-8
9711;280;0
9712;288;0
9713;288;0
9714;288;0
9715;296;-8
9716;296;-8
9717;304;-8
9718;304;-8
9719;312;-8
9720;312;-8
9721;312;-8
9722;320;-8
9723;312;-8
9724;320;-16
9725;328;-16
9726;328;-16
9727;336;-16
9728;336;-16
9729;344;-16
9730;336;-16
9731;344;-16
9732;352;-16
9733;352;-16
9734;352;-16
9735;352;-16
9736;360;-16
9737;368;-16
9738;368;-16
9739;368;-24
9740;368;-24
9741;368;-32
9742;376;-32
9743;376;-32
9744;384;-40
9745;376;-40
9746;384;-40
9747;384;-88
9748;384;-80
9749;392;-80
9750;392;-72
9751;392;-72
9752;400;-72
9753;400;-64
9754;400;-56
9755;400;-56
9756;400;-56
9757;408;-48
9758;408;-48
9759;408;-48
9760;408;-48
9761;408;-48
9762;408;-48
9763;416;-48
9764;408;-56
9765;416;-56
9766;424;-56
9767;424;-56
9768;424;-56
9769;424;-56
9770;424;-56
9771;432;-56
9772;424;-56
9773;424;-56
9774;432;-56
9775;424;-56
9776;432;-64
9777;432;-64
9778;424;-56
9779;432;-64
9780;432;-64
9781;432;-64
9782;432;-64
9783;432;-64
9784;432;-64
9785;432;-64
9786;432;-64
9787;432;-64
9788;432;-64
9789;432;-64
9790;440;-64
9791;440;-64
9792;456;-72
9793;432;-80
9794;432;-80
9795;440;-80
9796;432;-80
9797;432;-80
9798;424;-80
9799;440;-80
9800;432;-80
9801;432;-80
9802;432;-80
9803;432;-64
9804;432;-64
9805;432;-64
9806;432;-56
9807;432;-56
9808;432;-48
9809;432;-48
9810;432;-48
9811;424;-48
9812;416;-56
9813;424;-48
9814;424;-56
9815;424;-48
9816;424;-56
9817;424;-56
9818;424;-56
9819;424;-56
9820;416;-56
9821;416;-56
9822;416;-64
9823;416;-56
9824;416;-56
9825;408;-56
9826;408;-64
9827;408;-64
9828;408;-56
9829;400;-56
9830;400;-56
9831;400;-56
9832;400;-56
9833;384;-64
9834;392;-64
9835;392;-56
9836;392;-64
9837;392;-64
9838;384;-64
9839;376;-72
9840;384;-64
9841;376;-72
9842;384;-72
9843;368;-80
9844;376;-80
9845;368;-88
9846;360;-80
9847;368;-80
9848;360;-80
9849;360;-80
9850;352;-72
9851;352;-64
9852;352;-24
9853;344;-16
9854;344;-8
9855;344;-8
9856;336;-8
9857;336;0
9858;336;0
9859;336;-8
9860;328;-8
9861;328;0
9862;328;-8
9863;320;-8
9864;320;-8
9865;312;-8
9866;320;-8
9867;312;-8
9868;304;-8
9869;296;-16
9870;296;-16
9871;296;-8
9872;288;-8
9873;288;-16
9874;280;-16
9875;272;-16
9876;272;-16
9877;272;-16
9878;264;-8
9879;264;-16
9880;248;-16
9881;256;-16
9882;256;-24
9883;248;-24
9884;248;-24
9885;248;-32
9886;232;-32
9887;232;-32
9888;224;-40
9889;224;-40
9890;224;-40
9891;216;-40
9892;216;-32
9893;216;-32
9894;216;-24
9895;200;-24
9896;200;-16
9897;192;-16
9898;192;-8
9899;184;-8
9900;176;0
9901;184;0
9902;176;0
9903;168;-8
9904;160;-8
9905;160;-8
9906;152;-8
9907;152;-8
9908;144;-8
9909;144;-8
9910;136;-16
9911;136;-16
9912;136;-8
9913;128;-8
9914;120;-8
9915;128;-8
9916;112;-8
9917;104;-16
9918;104;-16
9919;96;-16
9920;88;-16
9921;80;-16
9922;80;-16
9923;80;-16
9924;72;-16
9925;72;-16
9926;64;-16
9927;64;-16
9928;56;-16
9929;56;-24
9930;48;-24
9931;40;-32
9932;40;-32
9933;32;-32
9934;32;-40
9935;16;-40
9936;16;-40
9937;16;-40
9938;8;-32
9939;8;-32
9940;-8;-24
9941;-8;-16
9942;-8;-16
9943;-16;-16
9944;-24;-8
9945;-24;-8
9946;-32;0
9947;-40;-8
9948;-40;-8
9949;-32;0
9950;-56;0
9951;-56;-8
9952;-64;-8
9953;-64;-8
9954;-72;0
9955;-88;-8
9956;-80;104
9957;-88;104
9958;-96;104
9959;-96;104
9960;-104;96
9961;-112;96
9962;-112;96
9963;-120;96
9964;-120;88
9965;-128;88
9966;-128;80
9967;-136;80
9968;-144;72
9969;-160;80
9970;-152;72
9971;-160;72
9972;-160;88
9973;-160;88
9974;-176;96
9975;-176;104
9976;-176;104
9977;-184;112
9978;-192;112
9979;-200;112
9980;-200;112
9981;-200;112
9982;-216;112
9983;-216;112
9984;-224;104
9985;-224;104
9986;-232;112
9987;-240;104
9988;-240;104
9989;-240;104
9990;-264;104
9991;-256;104
9992;-256;96
9993;-264;104
9994;-264;104
9995;-272;96
9996;-264;104
9997;-280;104
9998;-280;104
9999;-288;96
10000;-296;96
