Column1;Column2;Column3
Channel              :;CH1;CH2
Frequency            :;122,3Hz;119,9Hz
Period               :;8,178ms;8,337ms
PK-PK                :;600,0mV;120,0mV
Probe attenuation    :;1X;1X
Voltage per ADC value:;0,500000mV;0,500000mV
Time interval        :;10,00000uS;10,00000uS
;;
index;CH1_Voltage(mV);CH2_Voltage(mV)
1;-256;40
2;-256;40
3;-256;40
4;-248;40
5;-256;40
6;-248;32
7;-248;32
8;-256;32
9;-248;32
10;-248;32
11;-248;24
12;-248;24
13;-240;24
14;-248;24
15;-248;24
16;-248;24
17;-248;16
18;-240;24
19;-240;8
20;-240;16
21;-240;16
22;-240;16
23;-240;16
24;-240;16
25;-240;16
26;-232;16
27;-224;24
28;-232;24
29;-232;24
30;-232;32
31;-232;32
32;-232;32
33;-224;32
34;-232;48
35;-224;56
36;-224;56
37;-224;56
38;-216;64
39;-224;64
40;-216;64
41;-216;56
42;-216;64
43;-216;64
44;-216;64
45;-208;64
46;-208;64
47;-208;64
48;-208;64
49;-208;64
50;-208;64
51;-200;64
52;-200;64
53;-192;64
54;-192;64
55;-200;64
56;-192;64
57;-192;64
58;-192;64
59;-192;64
60;-192;64
61;-184;64
62;-184;64
63;-184;56
64;-184;56
65;-184;56
66;-176;56
67;-192;56
68;-176;64
69;-176;64
70;-168;56
71;-176;56
72;-168;56
73;-168;56
74;-168;56
75;-160;56
76;-160;56
77;-160;48
78;-160;56
79;-152;56
80;-152;56
81;-152;56
82;-152;56
83;-152;56
84;-144;56
85;-144;56
86;-144;56
87;-136;56
88;-136;56
89;-136;56
90;-136;56
91;-136;56
92;-136;56
93;-128;56
94;-128;56
95;-128;56
96;-128;56
97;-120;56
98;-120;48
99;-120;48
100;-112;48
101;-120;40
102;-104;48
103;-112;40
104;-112;40
105;-112;32
106;-112;32
107;-104;32
108;-104;32
109;-88;32
110;-96;32
111;-96;32
112;-96;24
113;-96;32
114;-96;32
115;-88;32
116;-88;32
117;-88;32
118;-80;32
119;-80;40
120;-80;32
121;-80;40
122;-72;40
123;-72;40
124;-72;48
125;-72;56
126;-72;48
127;-64;56
128;-64;56
129;-64;56
130;-56;64
131;-56;64
132;-56;64
133;-48;64
134;-56;64
135;-40;64
136;-40;64
137;-40;64
138;-40;64
139;-40;64
140;-40;64
141;-40;64
142;-32;64
143;-32;64
144;-24;64
145;-24;64
146;-24;64
147;-24;64
148;-24;64
149;-24;64
150;-16;64
151;-16;64
152;-8;56
153;-8;56
154;-16;64
155;-8;64
156;-8;64
157;0;56
158;0;64
159;0;56
160;0;56
161;8;56
162;8;48
163;8;64
164;16;56
165;16;56
166;16;56
167;16;56
168;16;56
169;24;56
170;16;56
171;32;56
172;32;56
173;32;56
174;32;56
175;40;56
176;32;56
177;16;56
178;40;56
179;40;56
180;48;56
181;48;56
182;48;56
183;48;56
184;40;56
185;56;56
186;56;56
187;56;56
188;64;56
189;72;56
190;64;56
191;64;56
192;72;56
193;72;56
194;72;56
195;72;48
196;80;48
197;80;48
198;80;48
199;80;48
200;88;40
201;88;40
202;88;40
203;96;40
204;88;40
205;96;40
206;96;32
207;96;24
208;104;32
209;96;32
210;96;32
211;104;32
212;104;32
213;112;32
214;112;32
215;112;32
216;120;32
217;120;32
218;120;32
219;120;40
220;128;40
221;128;40
222;128;48
223;128;48
224;136;48
225;128;56
226;136;56
227;136;64
228;136;56
229;144;64
230;144;64
231;144;64
232;136;64
233;144;64
234;152;64
235;152;64
236;152;64
237;152;64
238;160;64
239;152;64
240;160;72
241;160;64
242;160;16
243;160;16
244;160;16
245;184;16
246;168;16
247;168;8
248;176;8
249;168;16
250;176;16
251;176;8
252;184;8
253;176;8
254;176;8
255;184;8
256;184;8
257;176;8
258;184;8
259;192;8
260;192;8
261;192;0
262;192;0
263;192;0
264;192;0
265;200;0
266;200;0
267;200;0
268;208;-8
269;208;-8
270;200;-8
271;208;-16
272;208;-16
273;208;-16
274;208;-16
275;216;-16
276;208;-16
277;216;-24
278;216;-24
279;216;-16
280;216;-24
281;224;-24
282;224;-24
283;224;-24
284;224;-24
285;224;-16
286;224;-16
287;232;-16
288;224;-16
289;224;-16
290;232;-8
291;232;-8
292;224;0
293;232;0
294;232;0
295;232;8
296;240;8
297;240;8
298;240;16
299;240;8
300;240;16
301;240;16
302;248;16
303;248;16
304;248;16
305;256;16
306;248;16
307;248;16
308;256;16
309;256;8
310;256;16
311;256;16
312;256;8
313;248;16
314;264;8
315;256;8
316;256;8
317;256;16
318;264;8
319;264;8
320;256;8
321;264;8
322;264;8
323;264;8
324;264;8
325;264;8
326;264;8
327;272;8
328;272;8
329;272;8
330;272;8
331;264;8
332;280;0
333;272;8
334;272;0
335;272;0
336;272;8
337;272;0
338;272;0
339;272;0
340;280;0
341;280;0
342;272;8
343;272;0
344;280;8
345;280;0
346;280;0
347;280;8
348;280;0
349;280;0
350;280;0
351;280;8
352;280;0
353;280;8
354;280;0
355;280;0
356;288;0
357;280;0
358;280;0
359;280;0
360;288;-8
361;280;-8
362;288;-8
363;280;-8
364;280;-16
365;280;-16
366;280;-16
367;280;-16
368;280;-16
369;280;-24
370;288;-24
371;288;-24
372;288;-24
373;288;-24
374;288;-24
375;280;-24
376;280;-24
377;280;-24
378;280;-16
379;280;-16
380;280;-16
381;280;-16
382;280;-8
383;288;-8
384;280;0
385;280;0
386;280;0
387;288;8
388;280;8
389;280;8
390;280;8
391;280;16
392;280;8
393;280;16
394;280;16
395;264;16
396;280;16
397;280;16
398;280;16
399;280;16
400;272;16
401;280;16
402;272;16
403;280;8
404;280;16
405;280;8
406;280;16
407;280;8
408;280;8
409;280;8
410;280;8
411;272;8
412;272;8
413;280;8
414;272;8
415;272;8
416;272;8
417;272;8
418;272;0
419;272;8
420;272;0
421;272;0
422;272;8
423;272;0
424;272;8
425;264;0
426;264;0
427;264;0
428;256;0
429;264;0
430;256;0
431;264;0
432;264;8
433;264;0
434;256;0
435;264;0
436;256;0
437;256;0
438;256;8
439;256;0
440;264;0
441;256;0
442;256;0
443;248;0
444;248;0
445;248;0
446;248;0
447;248;0
448;248;0
449;248;0
450;240;8
451;240;-8
452;248;-16
453;240;-8
454;248;-8
455;240;-16
456;240;-16
457;232;-16
458;232;-24
459;240;-24
460;232;-24
461;232;-24
462;232;-24
463;248;-24
464;232;-32
465;224;-32
466;224;-32
467;224;-32
468;224;-32
469;224;-32
470;224;-32
471;216;-32
472;224;-32
473;216;-32
474;216;-32
475;208;-24
476;208;-32
477;208;-24
478;208;-24
479;208;-24
480;208;-24
481;208;-24
482;200;-16
483;208;-16
484;200;-8
485;200;-8
486;200;-8
487;200;-8
488;192;0
489;200;0
490;192;0
491;192;0
492;192;0
493;192;0
494;184;0
495;184;0
496;192;0
497;184;0
498;184;0
499;176;8
500;184;0
501;176;0
502;168;0
503;184;0
504;168;0
505;168;0
506;168;0
507;168;0
508;160;-8
509;160;0
510;160;0
511;160;-8
512;160;-8
513;152;-8
514;152;0
515;152;-8
516;144;-8
517;144;-8
518;144;-8
519;144;-8
520;136;-8
521;136;-8
522;136;-8
523;136;-8
524;128;-8
525;136;-8
526;128;-8
527;128;-8
528;136;-16
529;128;-8
530;120;-8
531;120;-8
532;112;-8
533;120;-8
534;120;-8
535;120;-8
536;112;-8
537;112;-8
538;88;-8
539;104;-8
540;104;-16
541;104;-16
542;104;-16
543;96;-16
544;104;-16
545;88;-24
546;88;-16
547;96;-24
548;88;-24
549;88;-24
550;88;-24
551;88;-32
552;80;-32
553;80;-32
554;80;-32
555;80;-32
556;72;-32
557;72;-32
558;72;-40
559;72;-32
560;64;-32
561;64;-32
562;64;-32
563;64;-32
564;56;-24
565;56;-24
566;48;-16
567;48;-16
568;48;-16
569;48;-16
570;48;-8
571;40;-8
572;48;-8
573;40;-8
574;40;-8
575;32;-8
576;32;0
577;32;0
578;40;0
579;24;0
580;24;0
581;24;0
582;16;8
583;16;0
584;16;0
585;16;0
586;16;0
587;8;8
588;8;0
589;8;0
590;8;0
591;8;0
592;8;-8
593;0;0
594;0;0
595;-8;0
596;-8;0
597;-8;0
598;-8;-8
599;-8;-8
600;-16;-8
601;-24;-8
602;-16;-8
603;-24;-8
604;-16;-8
605;-24;-8
606;-8;-8
607;-32;-16
608;-32;-8
609;-32;-8
610;-32;-8
611;-40;-8
612;-40;-8
613;-40;-8
614;-48;-8
615;-48;-8
616;-48;-8
617;-48;-8
618;-56;-8
619;-56;-8
620;-56;-8
621;-56;-8
622;-64;-8
623;-64;-8
624;-64;-8
625;-72;-8
626;-72;-8
627;-72;-8
628;-72;-8
629;-72;-8
630;-80;-8
631;-80;-8
632;-80;-8
633;-80;-16
634;-80;-8
635;-88;-8
636;-88;-8
637;-88;-8
638;-88;-8
639;-88;-16
640;-96;-16
641;-104;-16
642;-104;-24
643;-96;-16
644;-96;-24
645;-104;-24
646;-104;-24
647;-112;-32
648;-112;-32
649;-112;-32
650;-112;-32
651;-112;-32
652;-120;-32
653;-128;-32
654;-120;-32
655;-120;-40
656;-128;-32
657;-128;-32
658;-128;-32
659;-136;16
660;-136;24
661;-136;24
662;-136;24
663;-136;24
664;-136;24
665;-144;32
666;-144;32
667;-152;40
668;-144;40
669;-152;40
670;-152;40
671;-152;48
672;-160;40
673;-152;48
674;-176;56
675;-160;48
676;-160;48
677;-160;56
678;-160;48
679;-160;56
680;-168;48
681;-176;56
682;-168;48
683;-168;48
684;-168;48
685;-176;48
686;-176;48
687;-176;48
688;-168;48
689;-184;48
690;-184;48
691;-184;48
692;-184;48
693;-176;48
694;-192;48
695;-184;40
696;-192;48
697;-192;40
698;-200;40
699;-192;40
700;-200;40
701;-192;40
702;-200;40
703;-200;40
704;-208;40
705;-200;40
706;-208;40
707;-200;40
708;-208;40
709;-208;40
710;-208;40
711;-216;40
712;-216;40
713;-216;40
714;-224;40
715;-216;40
716;-224;40
717;-216;40
718;-224;40
719;-224;40
720;-224;40
721;-216;40
722;-224;40
723;-224;40
724;-224;40
725;-224;40
726;-224;40
727;-232;40
728;-232;32
729;-232;40
730;-232;32
731;-240;24
732;-240;32
733;-232;32
734;-232;24
735;-232;24
736;-240;24
737;-240;24
738;-240;16
739;-240;16
740;-240;16
741;-240;16
742;-240;16
743;-248;16
744;-248;16
745;-248;16
746;-248;16
747;-256;16
748;-248;16
749;-240;16
750;-248;16
751;-256;24
752;-256;24
753;-256;24
754;-256;32
755;-256;32
756;-264;32
757;-256;40
758;-256;40
759;-256;40
760;-256;40
761;-264;40
762;-256;48
763;-256;48
764;-264;48
765;-256;48
766;-256;48
767;-264;48
768;-264;48
769;-264;56
770;-256;48
771;-264;56
772;-264;48
773;-264;48
774;-264;48
775;-264;48
776;-256;48
777;-264;48
778;-264;48
779;-264;48
780;-264;48
781;-264;48
782;-264;48
783;-264;48
784;-264;48
785;-264;48
786;-264;40
787;-264;40
788;-256;40
789;-280;48
790;-264;40
791;-264;40
792;-264;40
793;-264;40
794;-264;40
795;-264;40
796;-272;40
797;-264;40
798;-264;40
799;-264;40
800;-264;40
801;-264;40
802;-264;40
803;-264;40
804;-264;40
805;-264;40
806;-264;40
807;-264;40
808;-256;40
809;-264;40
810;-264;40
811;-264;40
812;-264;40
813;-264;40
814;-264;40
815;-264;40
816;-264;40
817;-264;40
818;-256;40
819;-264;40
820;-256;32
821;-256;40
822;-256;40
823;-256;40
824;-248;40
825;-248;40
826;-256;40
827;-248;32
828;-256;32
829;-248;32
830;-248;32
831;-224;24
832;-248;24
833;-248;32
834;-248;24
835;-248;24
836;-240;24
837;-240;24
838;-240;16
839;-248;16
840;-240;16
841;-248;16
842;-240;16
843;-240;16
844;-240;8
845;-232;16
846;-232;16
847;-232;16
848;-232;16
849;-232;16
850;-224;16
851;-224;24
852;-224;16
853;-224;24
854;-224;24
855;-224;32
856;-224;32
857;-216;40
858;-224;40
859;-224;40
860;-216;48
861;-216;48
862;-224;48
863;-216;48
864;-208;56
865;-216;48
866;-208;48
867;-208;56
868;-208;64
869;-208;64
870;-200;64
871;-208;56
872;-200;56
873;-200;56
874;-200;56
875;-200;56
876;-192;56
877;-192;56
878;-184;56
879;-192;48
880;-192;56
881;-192;56
882;-184;48
883;-192;56
884;-184;56
885;-184;48
886;-176;56
887;-176;48
888;-176;48
889;-176;48
890;-176;48
891;-168;40
892;-160;48
893;-168;48
894;-168;48
895;-168;48
896;-160;48
897;-168;48
898;-160;48
899;-176;48
900;-160;48
901;-152;48
902;-152;48
903;-152;48
904;-160;48
905;-144;48
906;-144;48
907;-144;48
908;-144;48
909;-136;48
910;-136;40
911;-136;40
912;-128;40
913;-136;40
914;-128;40
915;-128;40
916;-128;40
917;-120;40
918;-120;32
919;-120;32
920;-112;32
921;-112;32
922;-112;24
923;-112;24
924;-112;24
925;-104;24
926;-104;24
927;-104;16
928;-96;24
929;-104;24
930;-96;16
931;-96;24
932;-104;24
933;-88;24
934;-96;24
935;-88;32
936;-88;32
937;-80;40
938;-80;40
939;-80;40
940;-80;40
941;-80;48
942;-72;48
943;-72;48
944;-72;56
945;-64;56
946;-72;64
947;-64;56
948;-56;64
949;-56;56
950;-56;56
951;-56;56
952;-48;56
953;-48;56
954;-48;56
955;-40;56
956;-40;56
957;-40;56
958;-40;56
959;-40;56
960;-40;56
961;-32;48
962;-32;48
963;-24;48
964;-24;48
965;-24;48
966;-24;48
967;-8;48
968;-16;48
969;-16;48
970;-16;48
971;-16;48
972;-8;48
973;-8;48
974;16;48
975;0;48
976;0;48
977;0;48
978;0;48
979;0;48
980;8;48
981;8;48
982;8;48
983;16;48
984;16;48
985;16;48
986;8;48
987;24;48
988;24;48
989;32;48
990;32;48
991;24;48
992;32;48
993;32;48
994;32;48
995;40;48
996;40;40
997;40;48
998;40;40
999;48;40
1000;48;40
1001;56;40
1002;56;40
1003;56;32
1004;56;32
1005;56;32
1006;56;32
1007;64;32
1008;64;32
1009;64;24
1010;64;24
1011;72;24
1012;72;24
1013;72;24
1014;80;24
1015;80;24
1016;80;24
1017;80;24
1018;88;24
1019;88;24
1020;88;24
1021;88;32
1022;88;32
1023;96;32
1024;96;32
1025;96;40
1026;96;40
1027;96;40
1028;96;48
1029;104;48
1030;112;48
1031;104;48
1032;112;48
1033;112;48
1034;112;56
1035;112;56
1036;120;56
1037;120;56
1038;120;56
1039;128;56
1040;128;56
1041;128;56
1042;104;56
1043;136;56
1044;136;64
1045;136;56
1046;136;56
1047;136;48
1048;144;48
1049;128;56
1050;144;56
1051;152;56
1052;144;56
1053;144;56
1054;160;48
1055;152;56
1056;152;48
1057;152;48
1058;152;48
1059;160;48
1060;160;48
1061;160;48
1062;160;48
1063;168;48
1064;160;48
1065;168;48
1066;168;48
1067;168;48
1068;176;48
1069;176;48
1070;176;48
1071;176;48
1072;176;48
1073;184;48
1074;184;48
1075;176;48
1076;184;-8
1077;192;-8
1078;192;0
1079;192;-8
1080;200;-8
1081;192;-8
1082;208;-16
1083;200;-16
1084;200;-16
1085;200;-16
1086;200;-24
1087;208;-16
1088;208;-24
1089;208;-24
1090;208;-24
1091;208;-32
1092;216;-24
1093;216;-24
1094;216;-24
1095;208;-24
1096;224;-32
1097;216;-32
1098;224;-24
1099;224;-24
1100;224;-24
1101;224;-24
1102;224;-24
1103;232;-24
1104;224;-16
1105;224;-16
1106;232;-16
1107;224;-16
1108;232;-8
1109;232;0
1110;248;-8
1111;232;0
1112;240;0
1113;240;8
1114;240;8
1115;240;8
1116;240;8
1117;240;8
1118;240;8
1119;240;8
1120;248;8
1121;248;8
1122;240;8
1123;248;8
1124;248;0
1125;248;8
1126;256;8
1127;256;8
1128;256;0
1129;248;0
1130;256;8
1131;256;0
1132;256;8
1133;256;0
1134;256;8
1135;256;0
1136;256;0
1137;256;0
1138;264;0
1139;264;0
1140;264;0
1141;264;0
1142;264;0
1143;272;0
1144;272;0
1145;272;0
1146;264;0
1147;272;0
1148;272;0
1149;272;-8
1150;272;0
1151;272;0
1152;272;-8
1153;272;-8
1154;272;-8
1155;272;0
1156;272;-8
1157;272;-8
1158;272;-8
1159;280;-8
1160;280;-8
1161;280;-8
1162;280;0
1163;280;0
1164;272;-8
1165;280;0
1166;280;0
1167;280;-8
1168;280;0
1169;280;0
1170;280;-8
1171;280;-8
1172;280;-8
1173;288;-8
1174;280;-8
1175;280;-8
1176;288;-16
1177;288;-16
1178;272;-16
1179;288;-16
1180;280;-16
1181;280;-16
1182;280;-24
1183;288;-24
1184;288;-24
1185;280;-32
1186;288;-24
1187;280;-32
1188;288;-24
1189;288;-32
1190;296;-32
1191;288;-24
1192;304;-32
1193;288;-24
1194;288;-24
1195;288;-24
1196;288;-16
1197;288;-16
1198;288;-16
1199;280;-16
1200;288;-8
1201;288;-16
1202;288;0
1203;288;-8
1204;280;0
1205;280;0
1206;288;0
1207;280;0
1208;280;8
1209;280;8
1210;280;8
1211;288;8
1212;280;8
1213;280;8
1214;288;8
1215;280;8
1216;280;8
1217;280;8
1218;280;8
1219;280;0
1220;280;8
1221;280;8
1222;280;8
1223;280;8
1224;280;0
1225;296;0
1226;280;8
1227;280;0
1228;280;0
1229;280;8
1230;280;-8
1231;272;0
1232;280;0
1233;272;0
1234;272;0
1235;272;0
1236;272;0
1237;272;0
1238;272;0
1239;280;-8
1240;272;-8
1241;272;0
1242;272;0
1243;272;-8
1244;264;-8
1245;264;0
1246;272;-8
1247;264;0
1248;264;0
1249;264;-8
1250;264;-8
1251;264;-8
1252;264;0
1253;264;-8
1254;264;-8
1255;256;-8
1256;256;-8
1257;256;0
1258;256;0
1259;256;0
1260;240;0
1261;256;-8
1262;256;-8
1263;248;-8
1264;256;-8
1265;240;-8
1266;248;-8
1267;248;-8
1268;248;-16
1269;240;-16
1270;240;-16
1271;248;-16
1272;240;-16
1273;240;-24
1274;240;-24
1275;240;-24
1276;232;-24
1277;232;-24
1278;232;-24
1279;232;-24
1280;232;-24
1281;232;-32
1282;232;-24
1283;232;-24
1284;224;-32
1285;232;-32
1286;232;-40
1287;224;-24
1288;224;-24
1289;216;-24
1290;216;-24
1291;216;-24
1292;216;-16
1293;208;-16
1294;216;-16
1295;208;-8
1296;208;-8
1297;208;-8
1298;216;-8
1299;208;0
1300;216;0
1301;200;0
1302;200;0
1303;200;0
1304;200;8
1305;200;0
1306;192;0
1307;192;0
1308;192;8
1309;192;0
1310;192;0
1311;192;-8
1312;192;0
1313;184;8
1314;192;8
1315;184;0
1316;176;0
1317;176;0
1318;176;0
1319;176;-8
1320;176;0
1321;168;-8
1322;176;0
1323;168;-8
1324;168;-8
1325;160;0
1326;168;-8
1327;160;-8
1328;184;-8
1329;160;0
1330;152;-8
1331;160;0
1332;152;-8
1333;152;-8
1334;144;-8
1335;160;-8
1336;144;-8
1337;144;-8
1338;136;-8
1339;144;-8
1340;144;-8
1341;136;-8
1342;136;-8
1343;136;-8
1344;136;-8
1345;128;-8
1346;128;-8
1347;120;0
1348;120;-8
1349;120;-8
1350;120;-8
1351;120;-8
1352;120;-8
1353;112;-8
1354;120;-8
1355;112;-8
1356;112;-8
1357;112;-8
1358;104;-8
1359;104;-16
1360;104;-16
1361;104;-16
1362;104;-24
1363;96;-24
1364;96;-16
1365;88;-24
1366;96;-24
1367;88;-24
1368;96;-32
1369;80;-32
1370;80;-32
1371;80;-32
1372;80;-32
1373;80;-32
1374;72;-32
1375;72;-32
1376;72;-32
1377;72;-32
1378;64;-32
1379;72;-32
1380;64;-24
1381;64;-24
1382;56;-16
1383;56;-16
1384;56;-16
1385;56;-8
1386;48;-8
1387;48;-8
1388;48;-8
1389;40;0
1390;40;0
1391;40;0
1392;40;0
1393;32;8
1394;32;0
1395;32;8
1396;24;0
1397;32;8
1398;32;0
1399;24;0
1400;24;0
1401;16;0
1402;16;0
1403;-8;0
1404;8;0
1405;8;0
1406;8;0
1407;8;0
1408;0;0
1409;0;-8
1410;-16;0
1411;0;0
1412;0;0
1413;-8;0
1414;-8;0
1415;-8;-8
1416;-16;-8
1417;-16;-8
1418;-24;-8
1419;-16;-8
1420;-24;-8
1421;-24;-8
1422;-16;-8
1423;-24;-8
1424;-32;-8
1425;-32;-8
1426;-32;-8
1427;-32;-8
1428;-40;-8
1429;-40;-8
1430;-40;-8
1431;-40;-8
1432;-48;-8
1433;-48;-16
1434;-48;-8
1435;-48;-8
1436;-64;-8
1437;-56;-8
1438;-56;-8
1439;-56;-8
1440;-64;-8
1441;-64;-16
1442;-64;-8
1443;-64;-16
1444;-64;-8
1445;-72;-16
1446;-72;-16
1447;-80;-16
1448;-72;-16
1449;-80;-16
1450;-80;-16
1451;-80;-16
1452;-88;-24
1453;-88;-24
1454;-96;-24
1455;-88;-24
1456;-88;-32
1457;-88;-32
1458;-96;-32
1459;-96;-32
1460;-104;-32
1461;-104;-32
1462;-104;-32
1463;-104;-32
1464;-104;-40
1465;-112;-32
1466;-112;-32
1467;-112;-32
1468;-120;-24
1469;-112;-24
1470;-120;-24
1471;-96;-24
1472;-120;-24
1473;-120;-16
1474;-128;-16
1475;-128;-16
1476;-128;-8
1477;-136;-8
1478;-128;-8
1479;-128;0
1480;-136;0
1481;-136;0
1482;-144;0
1483;-144;0
1484;-144;0
1485;-144;0
1486;-144;8
1487;-152;8
1488;-144;8
1489;-152;8
1490;-160;8
1491;-152;0
1492;-160;56
1493;-160;56
1494;-160;48
1495;-160;56
1496;-168;56
1497;-168;56
1498;-168;56
1499;-168;48
1500;-168;48
1501;-176;48
1502;-176;48
1503;-176;48
1504;-176;48
1505;-176;48
1506;-176;48
1507;-184;48
1508;-184;48
1509;-184;48
1510;-184;40
1511;-184;40
1512;-192;48
1513;-192;40
1514;-192;40
1515;-192;40
1516;-192;32
1517;-192;32
1518;-208;32
1519;-200;32
1520;-200;24
1521;-208;32
1522;-208;32
1523;-208;24
1524;-208;24
1525;-208;24
1526;-208;24
1527;-208;24
1528;-208;16
1529;-216;24
1530;-208;24
1531;-208;24
1532;-224;24
1533;-216;24
1534;-224;24
1535;-216;24
1536;-216;24
1537;-224;32
1538;-224;32
1539;-240;32
1540;-224;40
1541;-224;40
1542;-224;40
1543;-224;48
1544;-232;48
1545;-232;48
1546;-248;48
1547;-232;56
1548;-232;56
1549;-232;56
1550;-240;56
1551;-240;56
1552;-240;56
1553;-240;56
1554;-240;56
1555;-240;56
1556;-240;56
1557;-240;56
1558;-232;56
1559;-240;56
1560;-248;56
1561;-248;56
1562;-248;56
1563;-248;48
1564;-248;56
1565;-248;56
1566;-248;48
1567;-248;48
1568;-248;48
1569;-248;48
1570;-256;48
1571;-256;48
1572;-248;48
1573;-256;48
1574;-256;48
1575;-256;48
1576;-256;48
1577;-256;48
1578;-256;48
1579;-264;48
1580;-256;48
1581;-256;48
1582;-256;48
1583;-256;48
1584;-256;40
1585;-256;48
1586;-248;48
1587;-264;40
1588;-256;48
1589;-264;48
1590;-264;48
1591;-264;48
1592;-264;48
1593;-264;48
1594;-264;48
1595;-256;48
1596;-264;48
1597;-264;48
1598;-264;48
1599;-264;48
1600;-256;40
1601;-264;40
1602;-264;48
1603;-264;40
1604;-264;48
1605;-264;40
1606;-264;48
1607;-264;48
1608;-264;40
1609;-264;40
1610;-264;40
1611;-264;40
1612;-264;40
1613;-264;40
1614;-256;32
1615;-264;32
1616;-264;32
1617;-264;32
1618;-264;32
1619;-264;32
1620;-264;24
1621;-272;24
1622;-264;24
1623;-264;24
1624;-256;24
1625;-256;24
1626;-272;16
1627;-264;16
1628;-256;24
1629;-264;16
1630;-264;16
1631;-256;24
1632;-256;16
1633;-264;24
1634;-256;24
1635;-264;24
1636;-264;40
1637;-256;40
1638;-256;40
1639;-256;40
1640;-256;40
1641;-256;48
1642;-256;48
1643;-256;48
1644;-248;48
1645;-248;56
1646;-248;56
1647;-248;56
1648;-248;56
1649;-248;56
1650;-248;56
1651;-248;56
1652;-248;56
1653;-240;56
1654;-248;56
1655;-240;56
1656;-240;56
1657;-240;64
1658;-240;56
1659;-240;56
1660;-240;56
1661;-248;56
1662;-240;56
1663;-240;56
1664;-232;48
1665;-232;56
1666;-232;48
1667;-232;56
1668;-232;48
1669;-232;48
1670;-224;48
1671;-232;48
1672;-224;48
1673;-216;48
1674;-224;48
1675;-224;48
1676;-224;48
1677;-216;48
1678;-216;48
1679;-216;40
1680;-216;48
1681;-208;40
1682;-216;48
1683;-208;48
1684;-208;48
1685;-208;48
1686;-200;48
1687;-200;48
1688;-200;40
1689;-192;40
1690;-200;40
1691;-200;48
1692;-200;40
1693;-192;40
1694;-192;48
1695;-192;48
1696;-176;40
1697;-192;48
1698;-192;48
1699;-184;48
1700;-184;48
1701;-192;48
1702;-184;40
1703;-184;48
1704;-176;48
1705;-176;40
1706;-176;40
1707;-176;40
1708;-176;40
1709;-168;32
1710;-168;40
1711;-168;32
1712;-168;32
1713;-160;32
1714;-160;24
1715;-160;24
1716;-160;24
1717;-160;24
1718;-160;24
1719;-144;24
1720;-144;24
1721;-152;24
1722;-144;24
1723;-144;24
1724;-144;24
1725;-144;24
1726;-136;24
1727;-136;32
1728;-136;32
1729;-128;32
1730;-136;40
1731;-128;40
1732;-128;40
1733;-128;40
1734;-128;48
1735;-120;48
1736;-120;48
1737;-120;56
1738;-112;56
1739;-120;56
1740;-112;56
1741;-104;56
1742;-104;56
1743;-104;64
1744;-104;64
1745;-104;56
1746;-104;56
1747;-104;64
1748;-96;64
1749;-96;56
1750;-96;56
1751;-88;56
1752;-88;56
1753;-88;56
1754;-80;56
1755;-80;56
1756;-80;56
1757;-88;56
1758;-72;56
1759;-72;48
1760;-72;56
1761;-72;56
1762;-64;48
1763;-64;48
1764;-88;48
1765;-64;48
1766;-64;56
1767;-56;56
1768;-56;48
1769;-64;48
1770;-48;48
1771;-64;48
1772;-48;48
1773;-40;48
1774;-40;48
1775;-40;48
1776;-32;48
1777;-32;48
1778;-32;48
1779;-32;48
1780;-24;48
1781;-32;48
1782;-24;48
1783;-16;48
1784;-24;48
1785;-24;48
1786;-16;48
1787;-16;48
1788;-16;48
1789;-8;48
1790;-8;48
1791;-8;48
1792;0;40
1793;0;48
1794;0;48
1795;0;48
1796;0;40
1797;0;48
1798;16;48
1799;16;48
1800;8;48
1801;24;40
1802;16;40
1803;16;40
1804;32;32
1805;24;40
1806;24;32
1807;32;32
1808;32;32
1809;32;32
1810;32;32
1811;32;24
1812;40;24
1813;40;24
1814;40;24
1815;40;24
1816;48;24
1817;48;24
1818;56;24
1819;56;24
1820;48;32
1821;56;32
1822;56;24
1823;64;32
1824;64;40
1825;72;32
1826;72;40
1827;72;40
1828;72;40
1829;72;48
1830;80;48
1831;72;48
1832;88;56
1833;80;56
1834;80;56
1835;80;56
1836;88;56
1837;88;56
1838;88;56
1839;88;64
1840;96;64
1841;96;56
1842;104;56
1843;104;56
1844;96;56
1845;104;56
1846;104;56
1847;112;56
1848;112;56
1849;112;56
1850;112;56
1851;104;56
1852;112;56
1853;120;56
1854;120;48
1855;120;56
1856;120;48
1857;128;56
1858;128;56
1859;128;56
1860;136;48
1861;128;48
1862;136;48
1863;136;48
1864;144;48
1865;144;56
1866;144;48
1867;152;48
1868;144;48
1869;144;48
1870;144;48
1871;152;48
1872;152;48
1873;152;48
1874;160;48
1875;160;48
1876;160;48
1877;160;48
1878;160;48
1879;160;48
1880;168;48
1881;168;48
1882;168;56
1883;168;48
1884;176;48
1885;176;48
1886;168;56
1887;176;48
1888;176;48
1889;184;48
1890;184;48
1891;184;48
1892;184;48
1893;192;48
1894;192;48
1895;192;40
1896;192;40
1897;192;40
1898;192;40
1899;192;40
1900;192;40
1901;200;32
1902;200;32
1903;208;32
1904;200;32
1905;208;32
1906;200;24
1907;216;32
1908;208;24
1909;208;24
1910;208;24
1911;216;-24
1912;224;-24
1913;216;-24
1914;240;-24
1915;216;-24
1916;224;-24
1917;224;-24
1918;224;-24
1919;232;-16
1920;224;-16
1921;232;-8
1922;224;-8
1923;232;-8
1924;232;-8
1925;232;0
1926;232;0
1927;232;0
1928;240;8
1929;232;8
1930;240;8
1931;240;8
1932;240;8
1933;240;8
1934;240;8
1935;240;8
1936;248;8
1937;248;8
1938;248;16
1939;248;16
1940;248;16
1941;248;8
1942;248;8
1943;256;8
1944;248;8
1945;256;8
1946;256;8
1947;272;8
1948;256;8
1949;264;8
1950;264;8
1951;256;8
1952;264;8
1953;264;8
1954;272;0
1955;264;8
1956;264;0
1957;264;0
1958;264;0
1959;264;0
1960;264;0
1961;272;0
1962;272;0
1963;272;0
1964;272;0
1965;272;0
1966;272;0
1967;272;0
1968;272;0
1969;272;0
1970;272;0
1971;280;0
1972;272;0
1973;272;0
1974;272;0
1975;280;0
1976;280;0
1977;280;0
1978;280;0
1979;280;0
1980;272;0
1981;280;0
1982;264;-8
1983;280;0
1984;280;0
1985;280;0
1986;280;0
1987;272;-8
1988;280;0
1989;280;0
1990;280;0
1991;280;0
1992;280;-8
1993;280;0
1994;280;-8
1995;280;-8
1996;288;-8
1997;280;-8
1998;280;-8
1999;280;-16
2000;288;-16
2001;280;-16
2002;288;-16
2003;288;-16
2004;288;-16
2005;288;-24
2006;288;-24
2007;288;-24
2008;288;-24
2009;288;-24
2010;280;-24
2011;280;-24
2012;280;-24
2013;280;-24
2014;280;-24
2015;280;-24
2016;288;-16
2017;288;-16
2018;288;-16
2019;280;-8
2020;288;-16
2021;288;-8
2022;288;-8
2023;280;-8
2024;288;0
2025;288;0
2026;288;8
2027;288;8
2028;288;8
2029;288;8
2030;280;8
2031;280;16
2032;280;8
2033;280;16
2034;288;8
2035;280;8
2036;280;16
2037;280;8
2038;280;8
2039;280;16
2040;280;8
2041;280;8
2042;280;8
2043;280;8
2044;280;8
2045;280;8
2046;280;8
2047;280;8
2048;280;8
2049;280;8
2050;296;8
2051;280;8
2052;280;8
2053;280;8
2054;272;0
2055;272;0
2056;272;0
2057;280;0
2058;272;0
2059;272;0
2060;264;0
2061;264;0
2062;272;0
2063;264;0
2064;264;0
2065;264;0
2066;264;0
2067;264;0
2068;264;0
2069;256;0
2070;256;0
2071;264;0
2072;264;0
2073;256;0
2074;256;0
2075;264;0
2076;256;0
2077;256;0
2078;256;0
2079;256;0
2080;256;0
2081;248;0
2082;256;-8
2083;256;-8
2084;248;-8
2085;248;-8
2086;248;-16
2087;248;-16
2088;240;-16
2089;240;-24
2090;248;-16
2091;240;-16
2092;240;-16
2093;240;-16
2094;240;-16
2095;232;-24
2096;232;-24
2097;224;-24
2098;232;-24
2099;232;-24
2100;224;-24
2101;224;-24
2102;224;-24
2103;224;-24
2104;224;-16
2105;224;-16
2106;224;-16
2107;224;-8
2108;216;-8
2109;216;0
2110;216;0
2111;208;0
2112;216;8
2113;216;8
2114;216;8
2115;208;8
2116;216;16
2117;208;16
2118;192;16
2119;200;8
2120;200;8
2121;200;8
2122;200;8
2123;200;8
2124;200;8
2125;184;8
2126;192;8
2127;192;8
2128;192;8
2129;184;8
2130;192;8
2131;184;0
2132;176;0
2133;184;0
2134;184;0
2135;176;0
2136;176;0
2137;184;0
2138;168;8
2139;168;-8
2140;168;0
2141;168;0
2142;176;0
2143;168;0
2144;160;0
2145;160;0
2146;160;0
2147;152;0
2148;152;0
2149;152;0
2150;152;0
2151;152;0
2152;152;-8
2153;144;0
2154;144;0
2155;144;0
2156;144;0
2157;144;0
2158;128;0
2159;136;0
2160;136;-8
2161;136;0
2162;136;-8
2163;120;0
2164;128;-8
2165;128;-8
2166;120;-8
2167;120;-8
2168;120;-8
2169;120;-16
2170;120;-16
2171;112;-16
2172;112;-16
2173;112;-16
2174;112;-16
2175;104;-24
2176;104;-24
2177;104;-24
2178;104;-24
2179;104;-24
2180;96;-24
2181;96;-24
2182;96;-32
2183;96;-24
2184;88;-24
2185;88;-24
2186;88;-24
2187;80;-24
2188;80;-16
2189;80;-16
2190;80;-16
2191;80;-8
2192;72;-8
2193;96;0
2194;72;0
2195;72;0
2196;64;8
2197;64;0
2198;56;8
2199;56;8
2200;64;8
2201;56;8
2202;48;16
2203;48;8
2204;40;8
2205;40;8
2206;40;8
2207;40;8
2208;40;8
2209;40;8
2210;32;8
2211;32;8
2212;24;8
2213;32;0
2214;32;0
2215;24;8
2216;24;8
2217;24;0
2218;24;0
2219;16;0
2220;16;0
2221;16;0
2222;8;0
2223;8;0
2224;8;0
2225;8;0
2226;0;0
2227;0;0
2228;0;0
2229;0;0
2230;-8;0
2231;-8;0
2232;-8;0
2233;-24;0
2234;-16;0
2235;-16;0
2236;-16;0
2237;-16;0
2238;-24;0
2239;-24;0
2240;-32;0
2241;-32;0
2242;-32;-8
2243;-32;0
2244;-32;-8
2245;-32;-8
2246;-32;-8
2247;-40;-8
2248;-40;-8
2249;-48;-16
2250;-40;-16
2251;-48;-16
2252;-48;-16
2253;-56;-16
2254;-64;-24
2255;-56;-24
2256;-56;-24
2257;-64;-24
2258;-64;-24
2259;-64;-24
2260;-64;-24
2261;-80;-24
2262;-72;-24
2263;-72;-24
2264;-72;-24
2265;-80;-32
2266;-72;-24
2267;-80;-24
2268;-88;-24
2269;-80;-16
2270;-80;-16
2271;-88;-16
2272;-88;-8
2273;-88;-8
2274;-96;-8
2275;-80;0
2276;-96;0
2277;-96;0
2278;-104;0
2279;-104;8
2280;-96;8
2281;-104;8
2282;-112;8
2283;-112;8
2284;-112;8
2285;-112;16
2286;-112;16
2287;-112;16
2288;-120;8
2289;-120;16
2290;-120;8
2291;-128;8
2292;-128;8
2293;-128;8
2294;-128;0
2295;-136;8
2296;-128;0
2297;-136;8
2298;-136;8
2299;-144;0
2300;-136;8
2301;-136;0
2302;-144;0
2303;-144;0
2304;-144;0
2305;-144;0
2306;-152;0
2307;-152;0
2308;-144;0
2309;-160;0
2310;-160;0
2311;-160;0
2312;-160;-8
2313;-160;-8
2314;-160;0
2315;-168;0
2316;-168;0
2317;-168;0
2318;-168;0
2319;-168;0
2320;-168;0
2321;-176;0
2322;-176;0
2323;-176;0
2324;-176;0
2325;-176;0
2326;-176;48
2327;-184;48
2328;-184;48
2329;-184;40
2330;-184;40
2331;-192;40
2332;-192;40
2333;-192;40
2334;-192;40
2335;-192;32
2336;-192;32
2337;-192;32
2338;-200;24
2339;-200;24
2340;-200;24
2341;-208;24
2342;-200;24
2343;-224;24
2344;-208;24
2345;-208;24
2346;-216;24
2347;-216;24
2348;-224;24
2349;-216;24
2350;-216;24
2351;-216;24
2352;-224;24
2353;-216;24
2354;-224;32
2355;-224;32
2356;-224;40
2357;-224;40
2358;-224;40
2359;-224;48
2360;-224;48
2361;-232;48
2362;-224;48
2363;-232;56
2364;-232;56
2365;-240;56
2366;-232;56
2367;-232;56
2368;-240;56
2369;-232;56
2370;-232;64
2371;-240;56
2372;-240;56
2373;-240;64
2374;-248;64
2375;-240;56
2376;-256;56
2377;-248;56
2378;-248;56
2379;-240;56
2380;-240;56
2381;-248;56
2382;-248;56
2383;-256;56
2384;-248;56
2385;-248;48
2386;-248;48
2387;-248;56
2388;-256;56
2389;-248;56
2390;-256;48
2391;-256;48
2392;-248;48
2393;-256;48
2394;-256;48
2395;-256;48
2396;-256;48
2397;-256;48
2398;-256;48
2399;-256;48
2400;-264;48
2401;-256;48
2402;-256;48
2403;-256;48
2404;-272;48
2405;-256;48
2406;-264;48
2407;-256;56
2408;-264;48
2409;-256;48
2410;-264;48
2411;-256;48
2412;-264;40
2413;-256;48
2414;-264;48
2415;-264;48
2416;-256;48
2417;-264;48
2418;-248;40
2419;-264;40
2420;-264;40
2421;-264;48
2422;-264;40
2423;-264;40
2424;-264;40
2425;-264;32
2426;-264;32
2427;-272;32
2428;-264;32
2429;-264;32
2430;-264;24
2431;-264;24
2432;-264;24
2433;-264;32
2434;-264;24
2435;-264;24
2436;-264;24
2437;-264;24
2438;-264;24
2439;-264;24
2440;-264;24
2441;-264;24
2442;-264;24
2443;-264;32
2444;-256;32
2445;-256;40
2446;-264;40
2447;-264;40
2448;-264;40
2449;-256;48
2450;-256;48
2451;-248;48
2452;-264;56
2453;-256;56
2454;-256;56
2455;-256;56
2456;-256;56
2457;-256;56
2458;-256;64
2459;-256;56
2460;-248;56
2461;-256;64
2462;-256;56
2463;-248;64
2464;-248;64
2465;-248;56
2466;-256;56
2467;-248;56
2468;-248;56
2469;-248;56
2470;-248;56
2471;-248;48
2472;-248;56
2473;-240;56
2474;-240;56
2475;-240;56
2476;-240;56
2477;-240;48
2478;-240;56
2479;-240;56
2480;-240;48
2481;-240;48
2482;-240;48
2483;-232;48
2484;-232;48
2485;-232;48
2486;-248;48
2487;-232;48
2488;-224;48
2489;-224;48
2490;-224;48
2491;-224;48
2492;-224;48
2493;-224;48
2494;-216;48
2495;-216;40
2496;-216;40
2497;-216;48
2498;-208;48
2499;-216;48
2500;-208;48
2501;-208;48
2502;-208;48
2503;-208;48
2504;-208;40
2505;-208;40
2506;-200;48
2507;-200;40
2508;-200;40
2509;-200;40
2510;-192;40
2511;-200;40
2512;-192;40
2513;-192;32
2514;-192;32
2515;-192;32
2516;-192;32
2517;-192;24
2518;-184;24
2519;-192;24
2520;-184;24
2521;-176;24
2522;-176;24
2523;-176;24
2524;-176;24
2525;-176;24
2526;-160;24
2527;-168;32
2528;-168;24
2529;-168;24
2530;-160;32
2531;-160;32
2532;-160;40
2533;-160;40
2534;-160;40
2535;-160;40
2536;-152;48
2537;-144;48
2538;-144;48
2539;-152;48
2540;-136;48
2541;-144;56
2542;-136;56
2543;-136;56
2544;-136;56
2545;-136;56
2546;-136;56
2547;-128;48
2548;-128;56
2549;-128;56
2550;-128;56
2551;-128;48
2552;-120;48
2553;-120;48
2554;-104;48
2555;-112;48
2556;-120;48
2557;-112;48
2558;-112;48
2559;-112;48
2560;-104;48
2561;-104;48
2562;-104;48
2563;-104;40
2564;-104;40
2565;-104;48
2566;-104;40
2567;-96;40
2568;-96;40
2569;-96;48
2570;-88;40
2571;-88;40
2572;-88;40
2573;-88;40
2574;-80;40
2575;-80;40
2576;-80;40
2577;-72;40
2578;-72;40
2579;-72;48
2580;-64;40
2581;-64;40
2582;-64;40
2583;-56;40
2584;-64;40
2585;-56;40
2586;-56;40
2587;-48;40
2588;-48;40
2589;-48;40
2590;-48;40
2591;-40;40
2592;-40;40
2593;-40;32
2594;-32;32
2595;-32;32
2596;-32;24
2597;-32;24
2598;-32;24
2599;-32;24
2600;-24;24
2601;-24;24
2602;-24;16
2603;-24;16
2604;-16;16
2605;-16;16
2606;-16;16
2607;-8;16
2608;-8;16
2609;-8;16
2610;0;16
2611;0;16
2612;0;16
2613;0;24
2614;0;24
2615;0;24
2616;8;32
2617;8;32
2618;16;32
2619;16;32
2620;8;40
2621;16;40
2622;16;40
2623;24;48
2624;24;48
2625;32;48
2626;24;48
2627;32;48
2628;32;48
2629;16;56
2630;32;56
2631;40;48
2632;40;56
2633;40;48
2634;48;56
2635;48;48
2636;40;48
2637;48;48
2638;56;48
2639;48;48
2640;56;48
2641;72;48
2642;64;48
2643;64;48
2644;64;48
2645;72;48
2646;72;48
2647;72;48
2648;80;40
2649;72;48
2650;72;48
2651;80;48
2652;80;48
2653;88;48
2654;80;40
2655;88;48
2656;88;48
2657;88;48
2658;96;40
2659;96;48
2660;96;40
2661;96;40
2662;96;40
2663;104;40
2664;104;40
2665;104;40
2666;112;40
2667;112;48
2668;112;40
2669;120;48
2670;120;40
2671;112;40
2672;120;40
2673;128;40
2674;120;32
2675;128;40
2676;136;32
2677;128;32
2678;128;32
2679;136;24
2680;136;24
2681;136;24
2682;136;24
2683;144;16
2684;136;16
2685;136;16
2686;144;16
2687;144;16
2688;152;16
2689;152;16
2690;152;16
2691;152;16
2692;152;16
2693;160;16
2694;160;16
2695;160;24
2696;160;24
2697;176;24
2698;160;24
2699;168;32
2700;168;32
2701;168;32
2702;168;40
2703;168;40
2704;176;40
2705;176;48
2706;184;40
2707;176;48
2708;184;48
2709;168;48
2710;184;48
2711;184;48
2712;184;48
2713;192;56
2714;192;56
2715;192;56
2716;184;56
2717;192;56
2718;192;56
2719;200;56
2720;200;48
2721;200;48
2722;200;48
2723;200;48
2724;208;48
2725;208;48
2726;208;48
2727;208;48
2728;208;48
2729;208;48
2730;216;48
2731;216;40
2732;216;40
2733;216;48
2734;224;48
2735;224;48
2736;224;40
2737;216;48
2738;224;40
2739;224;40
2740;232;40
2741;232;48
2742;224;-16
2743;232;-8
2744;224;-8
2745;232;-8
2746;232;-8
2747;232;-8
2748;232;-16
2749;240;-16
2750;240;-16
2751;240;-16
2752;240;-24
2753;240;-24
2754;240;-24
2755;248;-24
2756;248;-24
2757;248;-32
2758;248;-32
2759;248;-32
2760;256;-32
2761;248;-32
2762;256;-32
2763;256;-40
2764;256;-32
2765;240;-40
2766;256;-32
2767;256;-32
2768;256;-32
2769;256;-32
2770;256;-32
2771;264;-24
2772;264;-24
2773;264;-24
2774;264;-16
2775;264;-8
2776;264;-8
2777;264;-8
2778;264;0
2779;280;-8
2780;264;0
2781;264;0
2782;272;0
2783;272;8
2784;280;0
2785;264;0
2786;272;0
2787;272;0
2788;272;0
2789;272;0
2790;272;0
2791;272;0
2792;272;0
2793;272;0
2794;272;0
2795;280;-8
2796;280;-8
2797;272;-8
2798;280;0
2799;272;-8
2800;280;-8
2801;272;-8
2802;280;-8
2803;280;-8
2804;280;-8
2805;280;-8
2806;280;-8
2807;280;-8
2808;280;-8
2809;280;-8
2810;280;-8
2811;280;-8
2812;296;-8
2813;280;-8
2814;288;-8
2815;280;-16
2816;280;-8
2817;288;-16
2818;288;-8
2819;288;-8
2820;280;-8
2821;280;-8
2822;280;-16
2823;280;-8
2824;288;-16
2825;280;-8
2826;288;-8
2827;280;-8
2828;288;-16
2829;280;-16
2830;280;-16
2831;280;-16
2832;280;-16
2833;288;-16
2834;288;-24
2835;280;-24
2836;288;-24
2837;288;-24
2838;280;-24
2839;280;-24
2840;288;-32
2841;280;-32
2842;280;-32
2843;288;-32
2844;280;-32
2845;280;-40
2846;280;-40
2847;256;-40
2848;280;-40
2849;280;-40
2850;288;-32
2851;280;-32
2852;280;-32
2853;280;-32
2854;272;-24
2855;280;-24
2856;280;-24
2857;280;-16
2858;280;-16
2859;280;-8
2860;280;-16
2861;280;-8
2862;272;-8
2863;280;-8
2864;280;0
2865;272;0
2866;280;0
2867;272;0
2868;272;0
2869;272;0
2870;272;0
2871;272;0
2872;272;0
2873;272;0
2874;272;0
2875;272;0
2876;272;-8
2877;272;0
2878;264;-8
2879;264;0
2880;264;-8
2881;264;0
2882;264;-8
2883;264;-8
2884;264;-8
2885;264;-8
2886;264;-8
2887;256;-8
2888;264;-8
2889;264;0
2890;264;-8
2891;256;-8
2892;264;-8
2893;256;-8
2894;248;-8
2895;256;-8
2896;256;-16
2897;248;-16
2898;248;-8
2899;256;-16
2900;248;-8
2901;248;-8
2902;248;-8
2903;248;-8
2904;240;-16
2905;240;-16
2906;248;-16
2907;240;-16
2908;240;-8
2909;240;-8
2910;240;-16
2911;240;-16
2912;240;-16
2913;240;-16
2914;232;-8
2915;248;-16
2916;232;-16
2917;224;-16
2918;224;-16
2919;232;-16
2920;232;-16
2921;224;-24
2922;232;-24
2923;216;-24
2924;224;-24
2925;216;-32
2926;224;-24
2927;216;-32
2928;216;-32
2929;216;-32
2930;216;-32
2931;216;-40
2932;208;-32
2933;208;-40
2934;200;-32
2935;208;-40
2936;208;-40
2937;200;-32
2938;208;-32
2939;200;-32
2940;200;-32
2941;200;-32
2942;192;-24
2943;192;-24
2944;192;-24
2945;192;-24
2946;192;-16
2947;192;-16
2948;192;-16
2949;184;-8
2950;184;-8
2951;184;0
2952;184;0
2953;176;0
2954;168;8
2955;176;8
2956;168;8
2957;168;8
2958;168;8
2959;168;8
2960;160;0
2961;160;0
2962;160;8
2963;160;8
2964;160;8
2965;152;8
2966;152;0
2967;152;8
2968;152;0
2969;152;8
2970;144;0
2971;144;0
2972;144;0
2973;144;0
2974;144;-8
2975;136;0
2976;136;0
2977;136;0
2978;136;0
2979;128;0
2980;136;0
2981;128;-8
2982;128;0
2983;120;0
2984;120;-8
2985;120;0
2986;120;-8
2987;120;0
2988;120;-8
2989;120;-8
2990;96;0
2991;112;-8
2992;112;-8
2993;104;-8
2994;104;-8
2995;96;0
2996;96;-8
2997;88;-8
2998;96;-8
2999;96;0
3000;88;-8
3001;88;0
3002;96;-8
3003;88;-8
3004;88;-8
3005;80;0
3006;80;-16
3007;80;-8
3008;80;-8
3009;80;-8
3010;72;-16
3011;72;-8
3012;72;-8
3013;72;-16
3014;64;-16
3015;64;-16
3016;56;-16
3017;56;-16
3018;56;-24
3019;48;-24
3020;48;-24
3021;56;-24
3022;48;-32
3023;32;-24
3024;48;-24
3025;40;-24
3026;40;-32
3027;40;-24
3028;40;-32
3029;32;-32
3030;40;-32
3031;32;-24
3032;32;-24
3033;24;-24
3034;24;-24
3035;24;-24
3036;16;-16
3037;24;-16
3038;24;-8
3039;8;-8
3040;8;0
3041;8;0
3042;8;0
3043;8;0
3044;8;0
3045;0;0
3046;0;0
3047;0;8
3048;0;8
3049;-8;8
3050;-8;8
3051;-8;8
3052;-16;8
3053;-16;8
3054;-16;8
3055;-16;8
3056;-24;8
3057;-24;8
3058;-8;8
3059;-32;8
3060;-32;8
3061;-32;0
3062;-32;0
3063;-40;0
3064;-40;0
3065;-40;0
3066;-40;0
3067;-48;0
3068;-48;0
3069;-48;0
3070;-56;0
3071;-56;0
3072;-56;0
3073;-56;-8
3074;-56;0
3075;-56;0
3076;-56;0
3077;-72;0
3078;-64;0
3079;-72;-8
3080;-72;0
3081;-72;0
3082;-72;-8
3083;-80;0
3084;-80;0
3085;-80;-8
3086;-80;-8
3087;-80;-8
3088;-88;0
3089;-88;0
3090;-88;-8
3091;-88;-8
3092;-96;-8
3093;-96;-8
3094;-96;-8
3095;-96;-8
3096;-104;-8
3097;-104;0
3098;-104;0
3099;-104;-8
3100;-104;-8
3101;-104;-8
3102;-112;-8
3103;-112;0
3104;-120;-8
3105;-120;-8
3106;-120;-8
3107;-120;-16
3108;-120;-16
3109;-120;-16
3110;-128;-16
3111;-128;-24
3112;-136;-16
3113;-128;-24
3114;-128;-24
3115;-136;-24
3116;-136;-24
3117;-136;-24
3118;-136;-24
3119;-144;-24
3120;-144;-32
3121;-144;-24
3122;-144;-32
3123;-144;-32
3124;-144;-32
3125;-152;-24
3126;-168;-32
3127;-160;-24
3128;-160;-24
3129;-152;-16
3130;-160;-16
3131;-160;-16
3132;-168;-8
3133;-176;-8
3134;-160;0
3135;-168;0
3136;-168;0
3137;-168;0
3138;-168;0
3139;-176;8
3140;-160;8
3141;-176;8
3142;-176;8
3143;-176;8
3144;-184;8
3145;-184;0
3146;-184;0
3147;-192;8
3148;-192;0
3149;-184;0
3150;-184;0
3151;-192;8
3152;-200;0
3153;-192;0
3154;-200;8
3155;-200;0
3156;-200;0
3157;-200;0
3158;-200;8
3159;-200;56
3160;-208;56
3161;-208;56
3162;-208;48
3163;-208;48
3164;-208;56
3165;-208;48
3166;-216;48
3167;-216;48
3168;-216;48
3169;-216;40
3170;-216;40
3171;-224;40
3172;-216;32
3173;-216;32
3174;-224;32
3175;-224;32
3176;-224;32
3177;-224;32
3178;-224;24
3179;-224;24
3180;-224;24
3181;-232;24
3182;-232;24
3183;-232;24
3184;-232;24
3185;-232;24
3186;-232;24
3187;-232;24
3188;-240;24
3189;-240;32
3190;-240;32
3191;-240;32
3192;-240;40
3193;-240;40
3194;-240;40
3195;-240;48
3196;-248;40
3197;-248;56
3198;-248;48
3199;-248;48
3200;-248;56
3201;-240;56
3202;-248;56
3203;-248;64
3204;-248;56
3205;-248;56
3206;-248;64
3207;-248;64
3208;-256;56
3209;-256;64
3210;-248;56
3211;-256;56
3212;-256;64
3213;-264;56
3214;-256;64
3215;-248;56
3216;-256;56
3217;-256;56
3218;-256;56
3219;-264;48
3220;-264;56
3221;-256;48
3222;-256;48
3223;-256;56
3224;-256;48
3225;-264;48
3226;-264;56
3227;-264;48
3228;-256;48
3229;-264;48
3230;-264;48
3231;-264;48
3232;-264;48
3233;-264;48
3234;-264;48
3235;-264;48
3236;-256;48
3237;-264;48
3238;-264;48
3239;-264;48
3240;-264;48
3241;-272;48
3242;-264;48
3243;-264;48
3244;-256;48
3245;-264;40
3246;-264;48
3247;-264;48
3248;-256;48
3249;-264;48
3250;-264;48
3251;-264;48
3252;-264;48
3253;-264;40
3254;-264;48
3255;-264;40
3256;-264;40
3257;-264;40
3258;-264;40
3259;-264;40
3260;-256;32
3261;-264;32
3262;-256;32
3263;-264;24
3264;-264;24
3265;-264;24
3266;-264;24
3267;-256;24
3268;-256;24
3269;-256;24
3270;-256;24
3271;-256;24
3272;-256;24
3273;-256;24
3274;-248;24
3275;-256;24
3276;-240;24
3277;-256;32
3278;-256;32
3279;-256;32
3280;-248;32
3281;-248;40
3282;-248;40
3283;-232;40
3284;-248;48
3285;-248;48
3286;-248;48
3287;-248;48
3288;-240;56
3289;-248;56
3290;-248;56
3291;-248;56
3292;-248;56
3293;-240;64
3294;-240;56
3295;-240;64
3296;-240;64
3297;-232;56
3298;-232;56
3299;-232;64
3300;-232;56
3301;-232;56
3302;-232;56
3303;-232;56
3304;-224;56
3305;-224;56
3306;-224;56
3307;-224;56
3308;-224;56
3309;-216;56
3310;-216;56
3311;-224;48
3312;-224;48
3313;-216;48
3314;-216;48
3315;-216;48
3316;-200;48
3317;-208;48
3318;-208;48
3319;-208;48
3320;-208;48
3321;-208;48
3322;-208;48
3323;-208;48
3324;-200;48
3325;-192;48
3326;-200;40
3327;-200;40
3328;-200;48
3329;-192;48
3330;-192;48
3331;-192;48
3332;-192;48
3333;-192;48
3334;-192;48
3335;-184;48
3336;-184;48
3337;-184;48
3338;-176;48
3339;-176;48
3340;-176;48
3341;-176;40
3342;-176;48
3343;-176;48
3344;-168;48
3345;-176;48
3346;-168;48
3347;-168;48
3348;-160;48
3349;-160;40
3350;-160;40
3351;-176;48
3352;-160;40
3353;-152;40
3354;-152;40
3355;-144;40
3356;-152;40
3357;-152;40
3358;-152;32
3359;-152;32
3360;-136;32
3361;-136;32
3362;-136;24
3363;-128;24
3364;-136;24
3365;-128;32
3366;-128;24
3367;-128;16
3368;-128;16
3369;-120;16
3370;-120;8
3371;-120;16
3372;-120;8
3373;-112;16
3374;-120;16
3375;-112;16
3376;-104;16
3377;-112;16
3378;-112;16
3379;-104;24
3380;-104;24
3381;-104;24
3382;-104;32
3383;-96;32
3384;-112;40
3385;-96;40
3386;-96;40
3387;-88;40
3388;-88;48
3389;-88;48
3390;-88;48
3391;-88;48
3392;-80;48
3393;-80;56
3394;-72;48
3395;-72;48
3396;-72;48
3397;-72;48
3398;-64;48
3399;-64;56
3400;-64;48
3401;-64;48
3402;-64;48
3403;-56;48
3404;-56;48
3405;-48;40
3406;-48;40
3407;-48;40
3408;-48;40
3409;-40;48
3410;-40;40
3411;-40;40
3412;-40;40
3413;-40;40
3414;-40;40
3415;-32;40
3416;-32;40
3417;-24;40
3418;-32;40
3419;-8;40
3420;-24;40
3421;-24;40
3422;-16;40
3423;-16;40
3424;-16;40
3425;-16;40
3426;0;32
3427;-8;40
3428;-8;40
3429;0;40
3430;0;40
3431;0;40
3432;0;40
3433;8;40
3434;8;32
3435;8;32
3436;16;40
3437;16;40
3438;8;40
3439;24;40
3440;24;40
3441;16;40
3442;24;32
3443;32;24
3444;24;32
3445;32;32
3446;32;24
3447;40;24
3448;40;24
3449;40;24
3450;40;16
3451;40;16
3452;48;16
3453;48;16
3454;48;16
3455;48;16
3456;56;16
3457;56;8
3458;56;16
3459;56;8
3460;56;8
3461;64;16
3462;64;16
3463;72;16
3464;64;16
3465;72;24
3466;64;24
3467;72;32
3468;72;24
3469;80;32
3470;80;40
3471;80;40
3472;88;40
3473;88;40
3474;88;40
3475;88;40
3476;96;48
3477;96;48
3478;96;56
3479;104;48
3480;88;48
3481;104;48
3482;104;48
3483;104;56
3484;104;48
3485;112;48
3486;112;48
3487;104;48
3488;120;48
3489;120;48
3490;120;48
3491;120;48
3492;128;40
3493;128;48
3494;112;40
3495;136;48
3496;128;48
3497;136;40
3498;136;40
3499;136;40
3500;136;40
3501;136;40
3502;136;40
3503;144;40
3504;144;48
3505;144;40
3506;160;40
3507;152;40
3508;152;40
3509;152;40
3510;160;40
3511;152;40
3512;160;40
3513;160;40
3514;160;40
3515;160;32
3516;160;40
3517;160;40
3518;168;40
3519;168;40
3520;168;40
3521;168;40
3522;168;40
3523;176;40
3524;176;40
3525;176;40
3526;184;40
3527;184;40
3528;192;40
3529;184;40
3530;192;40
3531;192;40
3532;192;40
3533;192;40
3534;208;40
3535;200;40
3536;192;40
3537;200;40
3538;200;40
3539;200;32
3540;200;40
3541;208;32
3542;208;32
3543;208;32
3544;208;32
3545;208;32
3546;216;32
3547;216;24
3548;224;24
3549;216;24
3550;216;24
3551;224;16
3552;216;16
3553;224;16
3554;224;16
3555;224;16
3556;224;16
3557;232;16
3558;224;16
3559;224;8
3560;232;8
3561;232;16
3562;240;8
3563;232;16
3564;232;16
3565;232;16
3566;232;16
3567;232;24
3568;232;24
3569;224;24
3570;240;32
3571;240;32
3572;240;40
3573;240;40
3574;232;40
3575;248;48
3576;256;0
3577;248;0
3578;248;0
3579;248;0
3580;248;0
3581;248;0
3582;256;0
3583;248;0
3584;256;8
3585;256;0
3586;256;0
3587;256;0
3588;264;0
3589;264;0
3590;264;0
3591;264;0
3592;264;-8
3593;264;0
3594;264;0
3595;264;-8
3596;264;-8
3597;264;0
3598;264;-8
3599;272;-8
3600;264;-8
3601;272;-8
3602;272;-8
3603;272;-8
3604;272;-8
3605;272;-8
3606;272;-8
3607;280;-8
3608;272;-8
3609;272;-8
3610;280;-8
3611;280;-8
3612;272;-16
3613;272;-8
3614;280;-8
3615;272;-8
3616;272;-8
3617;280;-8
3618;280;-16
3619;280;-8
3620;280;-8
3621;280;-8
3622;280;-16
3623;280;-8
3624;280;-16
3625;280;-16
3626;280;-24
3627;280;-24
3628;280;-24
3629;280;-24
3630;272;-24
3631;288;-32
3632;288;-32
3633;288;-32
3634;280;-32
3635;288;-32
3636;288;-40
3637;280;-40
3638;288;-32
3639;280;-40
3640;288;-32
3641;280;-32
3642;288;-32
3643;288;-32
3644;296;-24
3645;288;-24
3646;280;-24
3647;288;-16
3648;280;-16
3649;296;-16
3650;288;-16
3651;280;-8
3652;280;-8
3653;280;-8
3654;288;-8
3655;288;0
3656;288;0
3657;280;0
3658;288;0
3659;288;0
3660;288;8
3661;288;0
3662;280;8
3663;288;0
3664;280;0
3665;280;0
3666;280;0
3667;288;0
3668;280;0
3669;280;0
3670;288;0
3671;288;-8
3672;280;-8
3673;280;0
3674;280;0
3675;280;-8
3676;280;-8
3677;288;-8
3678;280;-8
3679;280;-8
3680;280;-8
3681;280;-8
3682;280;-8
3683;280;-8
3684;272;-8
3685;280;-8
3686;272;-8
3687;272;-8
3688;272;-8
3689;272;-8
3690;272;-8
3691;272;-8
3692;264;-8
3693;272;-16
3694;272;-8
3695;272;-8
3696;264;-8
3697;264;-8
3698;264;-8
3699;264;-8
3700;264;-8
3701;264;-8
3702;264;-8
3703;264;-8
3704;264;-16
3705;256;-16
3706;256;-8
3707;256;-8
3708;264;-16
3709;256;-8
3710;256;-8
3711;256;-16
3712;232;-8
3713;248;-8
3714;256;-8
3715;248;-16
3716;248;-8
3717;240;-8
3718;248;-8
3719;240;-8
3720;248;-16
3721;240;-16
3722;248;-16
3723;240;-16
3724;240;-24
3725;240;-24
3726;240;-16
3727;240;-24
3728;240;-24
3729;232;-32
3730;240;-32
3731;232;-32
3732;232;-32
3733;232;-40
3734;232;-40
3735;232;-32
3736;224;-32
3737;232;-40
3738;224;-32
3739;224;-40
3740;224;-32
3741;224;-32
3742;224;-32
3743;224;-24
3744;224;-24
3745;208;-32
3746;216;-24
3747;216;-16
3748;208;-16
3749;208;-16
3750;208;-16
3751;208;-8
3752;216;-8
3753;208;-8
3754;208;0
3755;208;0
3756;208;0
3757;200;-8
3758;200;0
3759;200;0
3760;200;0
3761;192;8
3762;192;0
3763;192;0
3764;184;0
3765;192;0
3766;192;0
3767;192;0
3768;184;0
3769;184;0
3770;176;0
3771;184;0
3772;176;-8
3773;176;-8
3774;168;-8
3775;168;0
3776;168;-8
3777;168;-8
3778;168;-8
3779;168;0
3780;184;-8
3781;160;-8
3782;160;-8
3783;152;-8
3784;160;8
3785;160;0
3786;152;8
3787;152;8
3788;152;8
3789;152;8
3790;144;0
3791;144;0
3792;144;0
3793;136;0
3794;136;0
3795;136;0
3796;136;0
3797;136;-8
3798;136;-8
3799;128;-8
3800;128;-16
3801;128;-16
3802;128;-16
3803;120;-16
3804;120;-16
3805;120;-16
3806;112;-16
3807;112;-16
3808;112;-24
3809;112;-16
3810;104;-16
3811;104;-24
3812;112;-24
3813;104;-16
3814;104;-16
3815;104;-16
3816;96;-16
3817;96;-8
3818;96;-8
3819;88;-8
3820;104;0
3821;88;0
3822;88;0
3823;80;8
3824;80;8
3825;80;16
3826;80;16
3827;72;16
3828;72;16
3829;72;16
3830;72;16
3831;72;16
3832;72;16
3833;64;16
3834;56;16
3835;64;16
3836;56;16
3837;56;16
3838;56;16
3839;48;16
3840;48;16
3841;40;8
3842;40;16
3843;48;16
3844;48;16
3845;40;16
3846;40;8
3847;40;8
3848;24;8
3849;32;8
3850;24;8
3851;32;8
3852;24;8
3853;24;8
3854;24;8
3855;0;8
3856;16;0
3857;16;8
3858;16;0
3859;8;8
3860;8;8
3861;8;0
3862;-8;0
3863;8;0
3864;0;0
3865;0;0
3866;0;8
3867;0;8
3868;-8;0
3869;-8;0
3870;-16;0
3871;-16;8
3872;-16;0
3873;-16;0
3874;-16;8
3875;-24;0
3876;-24;0
3877;-32;0
3878;-32;0
3879;-32;0
3880;-32;0
3881;-32;-8
3882;-40;-8
3883;-40;-8
3884;-40;-8
3885;-40;-8
3886;-40;-16
3887;-48;-16
3888;-48;-16
3889;-48;-16
3890;-56;-16
3891;-56;-24
3892;-56;-24
3893;-56;-24
3894;-64;-24
3895;-48;-24
3896;-64;-24
3897;-72;-16
3898;-72;-24
3899;-72;-16
3900;-72;-16
3901;-72;-24
3902;-72;-16
3903;-80;-16
3904;-80;-8
3905;-80;-8
3906;-80;0
3907;-80;-8
3908;-88;0
3909;-80;0
3910;-96;8
3911;-96;8
3912;-96;8
3913;-96;16
3914;-96;16
3915;-104;16
3916;-96;16
3917;-104;16
3918;-104;16
3919;-112;16
3920;-104;16
3921;-112;16
3922;-112;16
3923;-104;16
3924;-120;16
3925;-120;16
3926;-120;16
3927;-120;16
3928;-128;8
3929;-120;8
3930;-136;8
3931;-128;8
3932;-128;8
3933;-136;8
3934;-136;8
3935;-144;8
3936;-136;8
3937;-136;8
3938;-136;8
3939;-144;8
3940;-144;8
3941;-144;8
3942;-152;8
3943;-152;8
3944;-152;8
3945;-152;0
3946;-152;8
3947;-160;8
3948;-160;0
3949;-160;8
3950;-160;8
3951;-160;8
3952;-160;8
3953;-168;0
3954;-168;0
3955;-168;0
3956;-168;8
3957;-168;8
3958;-176;0
3959;-176;0
3960;-176;8
3961;-184;0
3962;-176;0
3963;-192;8
3964;-184;8
3965;-184;0
3966;-184;0
3967;-192;0
3968;-192;0
3969;-192;0
3970;-184;0
3971;-192;0
3972;-192;0
3973;-200;-8
3974;-200;-8
3975;-200;-8
3976;-200;-8
3977;-200;-16
3978;-200;-16
3979;-208;-16
3980;-200;-16
3981;-208;-16
3982;-208;-16
3983;-208;-24
3984;-208;-16
3985;-208;-24
3986;-216;-16
3987;-216;-16
3988;-216;-16
3989;-216;-16
3990;-224;-8
3991;-216;-16
3992;-224;40
3993;-224;48
3994;-224;48
3995;-224;48
3996;-224;48
3997;-232;48
3998;-216;56
3999;-232;56
4000;-232;56
4001;-232;64
4002;-232;64
4003;-232;64
4004;-232;64
4005;-216;64
4006;-240;64
4007;-240;64
4008;-240;64
4009;-240;64
4010;-232;64
4011;-240;64
4012;-240;64
4013;-240;64
4014;-240;64
4015;-248;64
4016;-240;64
4017;-248;64
4018;-248;64
4019;-248;64
4020;-248;64
4021;-248;64
4022;-248;64
4023;-248;64
4024;-248;64
4025;-248;56
4026;-256;64
4027;-256;64
4028;-256;64
4029;-256;56
4030;-256;56
4031;-248;56
4032;-256;56
4033;-256;56
4034;-256;56
4035;-256;56
4036;-256;56
4037;-256;56
4038;-248;56
4039;-256;56
4040;-256;56
4041;-256;56
4042;-264;56
4043;-256;56
4044;-256;56
4045;-256;56
4046;-256;56
4047;-256;56
4048;-256;56
4049;-256;56
4050;-264;56
4051;-256;56
4052;-256;56
4053;-264;56
4054;-264;56
4055;-264;56
4056;-264;56
4057;-264;56
4058;-264;56
4059;-264;56
4060;-264;48
4061;-264;48
4062;-256;48
4063;-264;56
4064;-264;48
4065;-264;48
4066;-264;48
4067;-264;48
4068;-264;40
4069;-256;40
4070;-264;40
4071;-264;40
4072;-264;40
4073;-280;32
4074;-264;32
4075;-256;32
4076;-256;32
4077;-256;32
4078;-264;32
4079;-256;32
4080;-264;24
4081;-264;24
4082;-256;24
4083;-256;24
4084;-256;32
4085;-256;32
4086;-256;40
4087;-256;40
4088;-256;40
4089;-256;48
4090;-256;48
4091;-256;56
4092;-256;56
4093;-256;56
4094;-256;64
4095;-256;64
4096;-248;64
4097;-248;64
4098;-248;64
4099;-256;72
4100;-256;64
4101;-248;72
4102;-248;64
4103;-248;64
4104;-248;72
4105;-248;64
4106;-256;64
4107;-240;64
4108;-248;72
4109;-240;64
4110;-240;64
4111;-240;64
4112;-240;64
4113;-240;64
4114;-240;64
4115;-232;64
4116;-232;64
4117;-240;64
4118;-232;64
4119;-232;56
4120;-232;64
4121;-232;56
4122;-232;56
4123;-224;64
4124;-224;56
4125;-224;56
4126;-224;56
4127;-216;56
4128;-224;56
4129;-224;56
4130;-216;56
4131;-216;56
4132;-216;56
4133;-216;56
4134;-216;56
4135;-216;56
4136;-208;56
4137;-208;56
4138;-208;48
4139;-208;48
4140;-208;56
4141;-192;56
4142;-200;56
4143;-208;48
4144;-192;56
4145;-200;56
4146;-192;56
4147;-192;56
4148;-176;64
4149;-192;56
4150;-184;56
4151;-192;56
4152;-184;48
4153;-184;48
4154;-184;48
4155;-184;48
4156;-184;48
4157;-184;48
4158;-176;40
4159;-184;40
4160;-176;40
4161;-168;40
4162;-176;32
4163;-168;32
4164;-168;32
4165;-168;32
4166;-168;32
4167;-160;32
4168;-160;24
4169;-160;32
4170;-160;32
4171;-160;32
4172;-152;32
4173;-152;32
4174;-144;32
4175;-144;40
4176;-144;40
4177;-144;48
4178;-136;48
4179;-136;48
4180;-136;56
4181;-144;56
4182;-136;56
4183;-136;64
4184;-128;64
4185;-128;64
4186;-128;64
4187;-128;64
4188;-128;64
4189;-120;64
4190;-120;64
4191;-120;64
4192;-112;64
4193;-120;64
4194;-112;64
4195;-112;64
4196;-112;64
4197;-104;64
4198;-104;64
4199;-104;64
4200;-96;64
4201;-96;48
4202;-104;40
4203;-96;48
4204;-96;48
4205;-96;40
4206;-88;48
4207;-88;40
4208;-80;40
4209;-96;40
4210;-80;40
4211;-80;40
4212;-72;40
4213;-72;40
4214;-72;40
4215;-64;40
4216;-88;40
4217;-64;40
4218;-64;40
4219;-64;32
4220;-64;40
4221;-64;32
4222;-56;32
4223;-64;32
4224;-48;24
4225;-48;24
4226;-48;24
4227;-40;24
4228;-32;24
4229;-40;24
4230;-40;16
4231;-40;24
4232;-32;16
4233;-32;16
4234;-32;8
4235;-24;16
4236;-24;16
4237;-24;16
4238;-24;8
4239;-24;16
4240;-16;16
4241;-16;16
4242;-16;24
4243;-8;16
4244;-8;24
4245;-8;24
4246;0;24
4247;0;24
4248;-8;32
4249;-8;32
4250;0;40
4251;8;40
4252;8;40
4253;8;40
4254;16;40
4255;16;40
4256;32;48
4257;16;48
4258;24;48
4259;24;56
4260;24;48
4261;32;56
4262;32;48
4263;32;48
4264;32;48
4265;32;48
4266;40;48
4267;40;48
4268;40;48
4269;40;48
4270;56;48
4271;48;48
4272;48;48
4273;56;40
4274;48;48
4275;56;48
4276;56;40
4277;64;48
4278;56;40
4279;56;40
4280;64;40
4281;64;40
4282;64;40
4283;72;32
4284;96;40
4285;72;40
4286;72;40
4287;80;40
4288;80;40
4289;80;40
4290;88;40
4291;88;40
4292;88;40
4293;88;32
4294;96;40
4295;96;40
4296;88;40
4297;96;40
4298;104;40
4299;104;40
4300;104;40
4301;112;40
4302;104;40
4303;104;40
4304;112;40
4305;120;40
4306;112;32
4307;120;40
4308;120;32
4309;120;32
4310;120;32
4311;128;32
4312;128;32
4313;128;32
4314;128;32
4315;136;24
4316;136;24
4317;136;24
4318;136;24
4319;136;24
4320;144;16
4321;144;16
4322;144;16
4323;144;16
4324;152;16
4325;152;16
4326;152;16
4327;152;16
4328;152;16
4329;152;8
4330;160;16
4331;152;16
4332;160;16
4333;160;16
4334;168;16
4335;168;24
4336;168;24
4337;168;24
4338;168;24
4339;168;32
4340;176;32
4341;184;40
4342;176;40
4343;176;40
4344;184;40
4345;176;48
4346;184;48
4347;184;48
4348;192;48
4349;192;48
4350;192;48
4351;192;48
4352;184;48
4353;200;48
4354;200;56
4355;200;48
4356;200;48
4357;208;48
4358;200;56
4359;200;48
4360;200;48
4361;208;48
4362;208;48
4363;208;48
4364;216;48
4365;216;48
4366;232;48
4367;216;40
4368;216;48
4369;216;40
4370;216;40
4371;224;40
4372;224;48
4373;216;40
4374;224;40
4375;224;40
4376;232;40
4377;232;40
4378;224;40
4379;232;40
4380;232;40
4381;232;40
4382;232;40
4383;232;40
4384;240;40
4385;240;40
4386;240;40
4387;240;40
4388;240;40
4389;240;32
4390;240;40
4391;248;40
4392;248;32
4393;248;40
4394;248;40
4395;248;40
4396;248;32
4397;256;32
4398;256;40
4399;264;40
4400;256;32
4401;256;32
4402;264;40
4403;256;40
4404;256;40
4405;264;32
4406;264;40
4407;264;40
4408;264;40
4409;264;-16
4410;264;-16
4411;264;-16
4412;264;-16
4413;264;-16
4414;264;-16
4415;272;-24
4416;272;-24
4417;264;-24
4418;272;-24
4419;272;-32
4420;272;-32
4421;272;-32
4422;272;-32
4423;280;-40
4424;272;-32
4425;272;-40
4426;280;-32
4427;280;-32
4428;280;-32
4429;280;-40
4430;280;-32
4431;280;-32
4432;272;-40
4433;280;-32
4434;272;-32
4435;288;-32
4436;280;-32
4437;280;-24
4438;280;-24
4439;272;-16
4440;280;-16
4441;288;-16
4442;280;-16
4443;280;-16
4444;288;-8
4445;280;-8
4446;280;-8
4447;288;-8
4448;280;0
4449;280;0
4450;280;0
4451;280;0
4452;280;0
4453;280;0
4454;280;0
4455;288;0
4456;288;0
4457;288;0
4458;288;0
4459;288;-8
4460;288;0
4461;280;0
4462;288;0
4463;288;0
4464;288;0
4465;288;-8
4466;288;-8
4467;280;-8
4468;288;-8
4469;288;-8
4470;280;-8
4471;288;-8
4472;288;-16
4473;288;-8
4474;280;-16
4475;280;-8
4476;288;-8
4477;280;-8
4478;280;-8
4479;280;-16
4480;288;-8
4481;288;-16
4482;288;-16
4483;280;-8
4484;288;-8
4485;280;-8
4486;280;-16
4487;272;-16
4488;280;-16
4489;280;-16
4490;280;-8
4491;280;-8
4492;280;-16
4493;280;-16
4494;280;-8
4495;272;-16
4496;288;-8
4497;280;-16
4498;280;-16
4499;280;-8
4500;280;-16
4501;272;-16
4502;288;-16
4503;272;-16
4504;280;-16
4505;280;-16
4506;272;-16
4507;280;-16
4508;280;-16
4509;288;-24
4510;264;-16
4511;272;-24
4512;272;-24
4513;272;-24
4514;272;-24
4515;264;-32
4516;264;-32
4517;264;-32
4518;264;-40
4519;264;-32
4520;264;-40
4521;256;-32
4522;264;-40
4523;264;-40
4524;264;-40
4525;256;-32
4526;264;-32
4527;256;-32
4528;256;-32
4529;256;-32
4530;256;-24
4531;256;-24
4532;256;-24
4533;256;-24
4534;256;-16
4535;256;-16
4536;248;-16
4537;248;-8
4538;248;-16
4539;248;-8
4540;248;-8
4541;248;0
4542;256;0
4543;240;0
4544;240;0
4545;240;0
4546;232;0
4547;240;0
4548;232;0
4549;232;0
4550;232;0
4551;232;-8
4552;232;0
4553;232;-8
4554;232;0
4555;224;0
4556;232;-8
4557;224;-8
4558;224;-8
4559;224;-8
4560;224;-8
4561;224;-8
4562;216;-8
4563;216;-8
4564;216;-8
4565;216;-8
4566;216;-8
4567;208;-8
4568;208;-8
4569;208;-8
4570;208;-8
4571;200;-16
4572;200;-8
4573;208;-8
4574;200;-8
4575;200;-16
4576;200;-16
4577;176;-8
4578;200;-16
4579;192;-16
4580;192;-16
4581;192;-16
4582;184;-16
4583;192;-8
4584;176;-16
4585;184;-16
4586;184;-16
4587;184;-16
4588;176;-16
4589;184;-16
4590;176;-8
4591;168;-16
4592;176;-16
4593;168;-16
4594;168;-16
4595;168;-16
4596;168;-16
4597;168;-16
4598;160;-16
4599;160;-24
4600;160;-24
4601;160;-24
4602;160;-24
4603;152;-32
4604;152;-32
4605;152;-32
4606;144;-32
4607;144;-40
4608;144;-32
4609;144;-32
4610;128;-40
4611;136;-40
4612;136;-40
4613;136;-40
4614;136;-32
4615;136;-32
4616;128;-32
4617;128;-40
4618;128;-8
4619;128;-8
4620;128;-8
4621;120;-8
4622;120;-8
4623;120;0
4624;120;0
4625;120;0
4626;112;8
4627;112;8
4628;112;8
4629;104;8
4630;104;16
4631;104;16
4632;104;16
4633;96;16
4634;96;16
4635;96;16
4636;96;16
4637;88;16
4638;96;16
4639;88;16
4640;88;16
4641;80;16
4642;80;16
4643;88;16
4644;80;16
4645;96;16
4646;72;16
4647;72;8
4648;72;8
4649;72;16
4650;72;8
4651;64;8
4652;72;8
4653;56;8
4654;56;8
4655;56;8
4656;48;8
4657;48;0
4658;48;0
4659;48;8
4660;48;0
4661;48;0
4662;40;0
4663;40;8
4664;32;0
4665;32;8
4666;32;8
4667;32;8
4668;24;0
4669;24;0
4670;24;8
4671;24;0
4672;24;8
4673;16;8
4674;16;8
4675;16;8
4676;16;0
4677;8;0
4678;8;8
4679;8;8
4680;0;8
4681;0;0
4682;0;0
4683;-8;0
4684;-8;0
4685;0;0
4686;-8;0
4687;-16;0
4688;-16;0
4689;-16;0
4690;-16;0
4691;-24;0
4692;-24;-8
4693;-24;-8
4694;-24;-16
4695;-24;-16
4696;-32;-16
4697;-32;-16
4698;-32;-16
4699;-40;-16
4700;-40;-24
4701;-40;-16
4702;-40;-24
4703;-40;-24
4704;-48;-24
4705;-48;-24
4706;-56;-24
4707;-48;-16
4708;-64;-16
4709;-56;-16
4710;-56;-16
4711;-56;-16
4712;-64;-8
4713;-72;-8
4714;-64;-8
4715;-64;0
4716;-64;0
4717;-72;0
4718;-72;8
4719;-72;8
4720;-96;8
4721;-80;8
4722;-80;8
4723;-80;16
4724;-88;16
4725;-88;16
4726;-88;16
4727;-104;16
4728;-96;16
4729;-96;16
4730;-104;16
4731;-96;16
4732;-96;16
4733;-104;16
4734;-112;8
4735;-104;8
4736;-104;8
4737;-112;8
4738;-112;16
4739;-112;8
4740;-120;8
4741;-120;8
4742;-120;8
4743;-120;8
4744;-120;8
4745;-128;8
4746;-128;8
4747;-128;8
4748;-128;8
4749;-128;8
4750;-128;8
4751;-136;8
4752;-136;0
4753;-152;8
4754;-136;0
4755;-144;8
4756;-144;8
4757;-144;8
4758;-144;8
4759;-144;8
4760;-144;0
4761;-152;0
4762;-152;0
4763;-152;0
4764;-160;8
4765;-160;0
4766;-160;8
4767;-160;8
4768;-168;8
4769;-168;8
4770;-168;0
4771;-168;0
4772;-168;8
4773;-168;8
4774;-168;0
4775;-176;0
4776;-176;0
4777;-184;0
4778;-176;0
4779;-184;0
4780;-184;0
4781;-176;-8
4782;-184;-8
4783;-192;-8
4784;-192;-8
4785;-192;-16
4786;-192;-8
4787;-192;-16
4788;-176;-16
4789;-192;-16
4790;-200;-24
4791;-208;-24
4792;-200;-24
4793;-200;-24
4794;-208;-24
4795;-200;-24
4796;-208;-16
4797;-208;-24
4798;-208;-16
4799;-216;-16
4800;-216;-16
4801;-208;-8
4802;-208;-8
4803;-216;-8
4804;-216;-8
4805;-216;0
4806;-224;0
4807;-232;0
4808;-224;8
4809;-224;8
4810;-224;8
4811;-224;8
4812;-224;8
4813;-224;16
4814;-232;8
4815;-224;16
4816;-232;16
4817;-232;16
4818;-232;16
4819;-240;16
4820;-232;16
4821;-232;16
4822;-240;24
4823;-232;16
4824;-240;24
4825;-240;16
4826;-240;56
4827;-240;64
4828;-240;56
4829;-240;64
4830;-248;64
4831;-248;56
4832;-248;48
4833;-248;56
4834;-248;56
4835;-256;56
4836;-248;48
4837;-248;56
4838;-248;56
4839;-248;56
4840;-256;56
4841;-256;56
4842;-256;56
4843;-256;56
4844;-256;48
4845;-256;56
4846;-256;48
4847;-256;48
4848;-256;48
4849;-256;48
4850;-256;48
4851;-256;48
4852;-256;40
4853;-256;40
4854;-256;40
4855;-256;32
4856;-272;32
4857;-256;32
4858;-256;32
4859;-264;32
4860;-256;24
4861;-256;24
4862;-256;24
4863;-264;24
4864;-264;32
4865;-256;24
4866;-264;24
4867;-264;24
4868;-264;24
4869;-264;24
4870;-248;32
4871;-264;32
4872;-264;32
4873;-264;40
4874;-264;40
4875;-256;40
4876;-264;40
4877;-264;48
4878;-264;48
4879;-264;56
4880;-272;48
4881;-264;56
4882;-264;56
4883;-264;56
4884;-264;64
4885;-264;64
4886;-264;64
4887;-264;64
4888;-256;64
4889;-256;64
4890;-264;64
4891;-264;64
4892;-272;64
4893;-264;64
4894;-264;64
4895;-264;64
4896;-256;64
4897;-264;56
4898;-264;56
4899;-264;56
4900;-264;56
4901;-264;56
4902;-256;64
4903;-248;56
4904;-256;56
4905;-256;56
4906;-256;56
4907;-264;56
4908;-264;56
4909;-256;56
4910;-264;56
4911;-256;56
4912;-256;56
4913;-256;56
4914;-256;56
4915;-256;48
4916;-256;48
4917;-248;48
4918;-248;56
4919;-256;56
4920;-248;48
4921;-248;56
4922;-248;56
4923;-248;48
4924;-248;48
4925;-248;48
4926;-240;48
4927;-248;48
4928;-240;48
4929;-240;48
4930;-240;56
4931;-240;56
4932;-240;48
4933;-240;48
4934;-240;48
4935;-240;48
4936;-232;48
4937;-240;48
4938;-256;56
4939;-232;48
4940;-232;48
4941;-232;48
4942;-224;48
4943;-232;48
4944;-224;48
4945;-232;48
4946;-224;48
4947;-216;48
4948;-224;48
4949;-224;40
4950;-224;40
4951;-216;40
4952;-216;40
4953;-216;40
4954;-208;40
4955;-208;40
4956;-216;32
4957;-208;32
4958;-208;24
4959;-208;32
4960;-200;24
4961;-200;24
4962;-200;24
4963;-200;24
4964;-200;24
4965;-192;24
4966;-192;32
4967;-192;24
4968;-192;32
4969;-192;32
4970;-184;32
4971;-200;40
4972;-184;40
4973;-184;40
4974;-184;48
4975;-184;48
4976;-176;48
4977;-176;56
4978;-168;56
4979;-176;64
4980;-168;56
4981;-176;64
4982;-168;64
4983;-168;64
4984;-160;64
4985;-160;64
4986;-160;64
4987;-160;64
4988;-160;64
4989;-160;64
4990;-152;64
4991;-152;64
4992;-144;64
4993;-144;64
4994;-144;64
4995;-144;64
4996;-144;56
4997;-136;48
4998;-136;56
4999;-136;56
5000;-136;56
5001;-136;56
5002;-128;56
5003;-136;56
5004;-128;56
5005;-120;56
5006;-104;56
5007;-120;56
5008;-120;48
5009;-120;56
5010;-120;56
5011;-120;56
5012;-112;56
5013;-104;56
5014;-112;48
5015;-104;48
5016;-104;48
5017;-104;48
5018;-104;48
5019;-96;56
5020;-96;48
5021;-96;48
5022;-96;48
5023;-88;48
5024;-88;48
5025;-96;48
5026;-88;48
5027;-80;48
5028;-80;48
5029;-80;48
5030;-72;56
5031;-72;56
5032;-72;56
5033;-72;56
5034;-72;48
5035;-64;48
5036;-64;24
5037;-64;24
5038;-64;16
5039;-56;16
5040;-56;24
5041;-56;16
5042;-56;16
5043;-48;16
5044;-48;16
5045;-48;8
5046;-40;8
5047;-40;8
5048;-40;8
5049;-40;8
5050;-32;8
5051;-32;0
5052;-32;8
5053;-32;8
5054;-24;8
5055;-24;8
5056;-24;8
5057;-24;8
5058;-16;8
5059;-16;8
5060;-16;16
5061;-8;8
5062;-8;16
5063;-8;16
5064;0;24
5065;0;24
5066;0;24
5067;-8;32
5068;0;24
5069;0;32
5070;8;40
5071;16;32
5072;8;40
5073;16;40
5074;8;40
5075;16;40
5076;24;40
5077;24;40
5078;24;40
5079;24;40
5080;24;40
5081;8;40
5082;32;40
5083;32;40
5084;32;40
5085;32;40
5086;40;40
5087;40;40
5088;32;40
5089;48;40
5090;48;40
5091;48;40
5092;56;32
5093;56;40
5094;56;32
5095;56;32
5096;56;32
5097;64;32
5098;64;32
5099;72;32
5100;72;24
5101;64;32
5102;72;32
5103;72;32
5104;72;32
5105;80;32
5106;88;32
5107;88;24
5108;88;32
5109;80;32
5110;88;32
5111;88;32
5112;96;32
5113;96;32
5114;96;32
5115;96;32
5116;104;32
5117;104;32
5118;104;24
5119;104;32
5120;104;24
5121;120;24
5122;112;32
5123;120;32
5124;120;32
5125;120;24
5126;120;24
5127;120;24
5128;128;24
5129;128;24
5130;128;16
5131;128;16
5132;128;16
5133;136;8
5134;136;8
5135;144;8
5136;136;8
5137;136;8
5138;144;8
5139;144;0
5140;144;8
5141;144;0
5142;152;0
5143;152;0
5144;152;0
5145;160;8
5146;152;8
5147;160;16
5148;160;8
5149;176;16
5150;160;16
5151;168;24
5152;168;16
5153;168;24
5154;168;24
5155;168;32
5156;176;32
5157;176;32
5158;176;32
5159;176;40
5160;176;40
5161;176;40
5162;184;40
5163;192;40
5164;184;40
5165;192;40
5166;192;40
5167;192;40
5168;184;40
5169;192;40
5170;200;40
5171;200;40
5172;200;40
5173;200;40
5174;200;40
5175;200;32
5176;208;40
5177;200;32
5178;208;32
5179;200;40
5180;208;32
5181;216;32
5182;216;32
5183;216;32
5184;216;40
5185;216;32
5186;216;32
5187;216;32
5188;224;32
5189;216;32
5190;224;32
5191;224;32
5192;224;32
5193;232;32
5194;232;32
5195;232;32
5196;224;32
5197;232;24
5198;232;32
5199;232;32
5200;240;32
5201;240;24
5202;240;32
5203;232;24
5204;240;32
5205;240;32
5206;240;32
5207;240;32
5208;248;32
5209;248;32
5210;248;24
5211;248;24
5212;248;24
5213;256;24
5214;256;24
5215;256;24
5216;256;16
5217;240;16
5218;256;16
5219;256;16
5220;256;16
5221;264;16
5222;264;8
5223;264;8
5224;264;8
5225;264;8
5226;264;0
5227;264;8
5228;264;0
5229;272;0
5230;272;8
5231;288;8
5232;272;0
5233;264;0
5234;272;8
5235;272;8
5236;280;8
5237;264;16
5238;272;16
5239;272;16
5240;272;24
5241;272;24
5242;280;24
5243;272;24
5244;272;32
5245;272;-8
5246;272;-8
5247;280;-8
5248;280;-8
5249;272;-8
5250;280;-8
5251;280;-8
5252;280;-8
5253;280;0
5254;280;-8
5255;280;0
5256;288;0
5257;272;-8
5258;280;-8
5259;280;-8
5260;280;0
5261;288;0
5262;288;-8
5263;280;-8
5264;296;-8
5265;288;-8
5266;288;-8
5267;288;-8
5268;288;-8
5269;288;-16
5270;288;-8
5271;288;-16
5272;288;-16
5273;288;-8
5274;288;-16
5275;288;-16
5276;288;-16
5277;280;-8
5278;296;-8
5279;288;-16
5280;288;-16
5281;288;-16
5282;288;-16
5283;288;-16
5284;288;-16
5285;288;-16
5286;288;-16
5287;288;-8
5288;288;-16
5289;280;-16
5290;280;-8
5291;288;-8
5292;288;-16
5293;288;-16
5294;280;-8
5295;280;-16
5296;288;-16
5297;280;-16
5298;288;-16
5299;272;-16
5300;288;-16
5301;280;-16
5302;280;-16
5303;280;-16
5304;272;-16
5305;288;-16
5306;280;-24
5307;280;-24
5308;280;-24
5309;280;-24
5310;280;-32
5311;288;-32
5312;280;-32
5313;272;-32
5314;280;-32
5315;280;-32
5316;280;-32
5317;280;-40
5318;280;-40
5319;280;-40
5320;272;-40
5321;272;-40
5322;272;-40
5323;280;-40
5324;280;-32
5325;272;-32
5326;272;-32
5327;272;-32
5328;272;-24
5329;272;-16
5330;272;-16
5331;272;-16
5332;256;-8
5333;264;-8
5334;264;-8
5335;264;-8
5336;264;-8
5337;256;-8
5338;264;0
5339;264;-8
5340;264;0
5341;264;0
5342;264;0
5343;256;0
5344;256;0
5345;264;-8
5346;256;-8
5347;256;0
5348;256;0
5349;256;-8
5350;256;-8
5351;256;-8
5352;248;-8
5353;256;-8
5354;248;-8
5355;248;-8
5356;248;-8
5357;248;-8
5358;248;-8
5359;240;-8
5360;240;-16
5361;240;-8
5362;240;-16
5363;240;-16
5364;240;-16
5365;240;-8
5366;240;-16
5367;256;-8
5368;240;-8
5369;232;-16
5370;232;-16
5371;232;-16
5372;232;-8
5373;224;-16
5374;240;-8
5375;224;-16
5376;224;-16
5377;224;-16
5378;224;-8
5379;216;-16
5380;216;-16
5381;216;-16
5382;216;-16
5383;216;-16
5384;216;-16
5385;208;-8
5386;200;-16
5387;208;-16
5388;208;-16
5389;200;-16
5390;200;-24
5391;200;-24
5392;200;-24
5393;200;-24
5394;200;-32
5395;200;-32
5396;192;-32
5397;192;-32
5398;192;-40
5399;192;-40
5400;192;-40
5401;192;-40
5402;184;-40
5403;184;-40
5404;184;-40
5405;176;-40
5406;176;-32
5407;176;-40
5408;176;-32
5409;176;-32
5410;176;-32
5411;168;-24
5412;168;-24
5413;168;-16
5414;160;-16
5415;160;-16
5416;160;-8
5417;160;-8
5418;160;-8
5419;152;-8
5420;152;0
5421;152;0
5422;152;-8
5423;144;0
5424;144;0
5425;144;0
5426;144;-8
5427;144;-8
5428;136;-8
5429;144;0
5430;136;0
5431;136;-8
5432;136;-8
5433;136;-8
5434;128;0
5435;120;0
5436;120;-8
5437;128;-8
5438;128;-16
5439;120;-8
5440;120;-8
5441;120;-16
5442;104;-16
5443;112;-16
5444;112;-8
5445;112;-16
5446;104;-8
5447;104;-8
5448;104;-8
5449;104;-8
5450;104;-16
5451;96;8
5452;96;8
5453;96;8
5454;96;8
5455;88;8
5456;88;8
5457;88;8
5458;88;8
5459;80;0
5460;80;0
5461;80;0
5462;80;0
5463;72;-8
5464;80;0
5465;72;-8
5466;64;-8
5467;64;-8
5468;64;-16
5469;56;-16
5470;64;-16
5471;56;-16
5472;56;-16
5473;56;-16
5474;48;-16
5475;40;-16
5476;48;-16
5477;48;-8
5478;48;-16
5479;40;-8
5480;40;-8
5481;40;-8
5482;48;0
5483;32;0
5484;32;8
5485;32;8
5486;24;8
5487;24;8
5488;24;8
5489;24;16
5490;16;16
5491;16;16
5492;24;16
5493;16;16
5494;16;24
5495;8;24
5496;8;24
5497;8;16
5498;0;16
5499;0;24
5500;0;24
5501;0;24
5502;-8;24
5503;0;16
5504;-16;16
5505;-8;24
5506;-16;16
5507;-16;16
5508;-16;16
5509;-24;16
5510;-8;16
5511;-24;16
5512;-24;16
5513;-24;16
5514;-32;16
5515;-32;16
5516;-32;16
5517;-40;16
5518;-40;16
5519;-40;8
5520;-40;16
5521;-40;16
5522;-56;16
5523;-48;8
5524;-40;8
5525;-56;8
5526;-56;8
5527;-56;8
5528;-56;8
5529;-64;8
5530;-64;8
5531;-64;8
5532;-64;16
5533;-72;8
5534;-72;8
5535;-72;16
5536;-72;8
5537;-72;16
5538;-80;8
5539;-80;8
5540;-88;16
5541;-88;8
5542;-88;16
5543;-88;8
5544;-88;8
5545;-96;8
5546;-96;8
5547;-96;0
5548;-96;8
5549;-96;0
5550;-104;0
5551;-104;-8
5552;-104;-8
5553;-104;-8
5554;-112;-8
5555;-112;-16
5556;-112;-8
5557;-128;-16
5558;-120;-16
5559;-112;-8
5560;-128;-16
5561;-120;-16
5562;-120;-16
5563;-120;-16
5564;-128;-16
5565;-128;-16
5566;-128;-8
5567;-128;-8
5568;-128;-8
5569;-136;-8
5570;-136;0
5571;-136;0
5572;-144;0
5573;-136;8
5574;-144;8
5575;-144;8
5576;-144;8
5577;-152;8
5578;-152;16
5579;-152;16
5580;-152;16
5581;-152;24
5582;-152;24
5583;-160;16
5584;-160;24
5585;-152;24
5586;-168;24
5587;-168;24
5588;-168;16
5589;-168;24
5590;-168;24
5591;-176;24
5592;-160;24
5593;-176;16
5594;-176;24
5595;-176;16
5596;-184;16
5597;-184;24
5598;-184;16
5599;-184;16
5600;-184;16
5601;-184;16
5602;-192;8
5603;-192;16
5604;-192;16
5605;-192;16
5606;-192;16
5607;-200;16
5608;-200;8
5609;-192;16
5610;-200;8
5611;-200;8
5612;-200;8
5613;-208;16
5614;-208;8
5615;-208;8
5616;-208;16
5617;-208;8
5618;-208;16
5619;-216;8
5620;-216;8
5621;-216;8
5622;-216;8
5623;-216;16
5624;-216;8
5625;-224;8
5626;-216;8
5627;-224;8
5628;-224;8
5629;-224;8
5630;-224;16
5631;-224;8
5632;-232;0
5633;-224;0
5634;-224;8
5635;-232;0
5636;-232;-8
5637;-232;-8
5638;-232;-8
5639;-232;-8
5640;-240;-8
5641;-240;-16
5642;-232;-8
5643;-240;-16
5644;-240;-16
5645;-240;-16
5646;-248;-16
5647;-240;-16
5648;-240;-16
5649;-240;-16
5650;-240;-16
5651;-248;-16
5652;-248;-16
5653;-256;-8
5654;-248;-8
5655;-248;0
5656;-240;0
5657;-248;0
5658;-248;0
5659;-248;56
5660;-272;56
5661;-248;64
5662;-248;64
5663;-248;64
5664;-256;64
5665;-256;64
5666;-256;64
5667;-264;72
5668;-256;64
5669;-256;72
5670;-256;64
5671;-256;72
5672;-248;72
5673;-256;72
5674;-256;72
5675;-256;64
5676;-256;64
5677;-264;72
5678;-256;64
5679;-264;64
5680;-264;64
5681;-264;64
5682;-256;64
5683;-256;64
5684;-264;64
5685;-264;64
5686;-264;64
5687;-256;64
5688;-264;64
5689;-264;64
5690;-264;64
5691;-264;56
5692;-264;56
5693;-272;56
5694;-256;56
5695;-264;56
5696;-256;64
5697;-264;56
5698;-264;56
5699;-264;56
5700;-256;64
5701;-264;56
5702;-264;56
5703;-256;56
5704;-256;56
5705;-264;64
5706;-264;56
5707;-256;64
5708;-264;56
5709;-264;56
5710;-264;56
5711;-256;56
5712;-256;56
5713;-264;56
5714;-256;56
5715;-264;56
5716;-256;56
5717;-256;56
5718;-256;56
5719;-256;56
5720;-256;56
5721;-256;56
5722;-256;56
5723;-256;56
5724;-256;56
5725;-256;56
5726;-256;56
5727;-256;48
5728;-240;48
5729;-256;48
5730;-256;48
5731;-248;40
5732;-248;40
5733;-256;40
5734;-248;40
5735;-248;32
5736;-248;40
5737;-248;32
5738;-248;40
5739;-248;32
5740;-256;32
5741;-248;32
5742;-240;32
5743;-240;32
5744;-240;32
5745;-248;32
5746;-248;32
5747;-248;40
5748;-240;40
5749;-240;40
5750;-240;40
5751;-232;48
5752;-232;48
5753;-232;56
5754;-232;64
5755;-232;64
5756;-232;64
5757;-224;64
5758;-224;72
5759;-224;64
5760;-224;64
5761;-224;72
5762;-224;64
5763;-224;72
5764;-224;64
5765;-224;64
5766;-224;72
5767;-216;64
5768;-216;64
5769;-216;72
5770;-208;64
5771;-208;64
5772;-216;64
5773;-208;64
5774;-208;64
5775;-208;64
5776;-208;64
5777;-200;64
5778;-200;64
5779;-200;64
5780;-200;56
5781;-200;56
5782;-200;64
5783;-192;64
5784;-192;64
5785;-184;64
5786;-192;56
5787;-184;64
5788;-184;56
5789;-184;64
5790;-184;56
5791;-184;56
5792;-176;56
5793;-176;56
5794;-176;56
5795;-176;64
5796;-184;56
5797;-176;56
5798;-168;56
5799;-168;56
5800;-168;56
5801;-160;56
5802;-160;56
5803;-160;56
5804;-160;56
5805;-160;56
5806;-152;64
5807;-152;56
5808;-152;56
5809;-152;56
5810;-128;56
5811;-144;56
5812;-144;56
5813;-144;56
5814;-144;48
5815;-136;56
5816;-136;48
5817;-136;48
5818;-136;40
5819;-128;40
5820;-128;40
5821;-136;40
5822;-128;40
5823;-120;40
5824;-120;32
5825;-120;32
5826;-120;32
5827;-120;32
5828;-120;32
5829;-112;32
5830;-112;32
5831;-104;32
5832;-104;32
5833;-104;32
5834;-104;32
5835;-104;40
5836;-96;40
5837;-104;40
5838;-96;48
5839;-88;48
5840;-96;56
5841;-88;56
5842;-88;56
5843;-80;64
5844;-80;64
5845;-80;72
5846;-80;64
5847;-80;64
5848;-80;64
5849;-72;64
5850;-72;72
5851;-72;64
5852;-64;72
5853;-64;64
5854;-64;64
5855;-64;64
5856;-56;64
5857;-56;72
5858;-56;64
5859;-56;64
5860;-48;64
5861;-48;64
5862;-40;64
5863;-40;64
5864;-48;64
5865;-40;64
5866;-40;64
5867;-32;32
5868;-32;32
5869;-32;40
5870;-32;32
5871;-24;32
5872;-24;32
5873;-24;32
5874;-16;32
5875;-16;32
5876;-24;32
5877;-8;32
5878;-32;24
5879;-8;24
5880;-8;24
5881;-8;16
5882;0;16
5883;-8;16
5884;8;16
5885;0;16
5886;8;16
5887;8;8
5888;8;8
5889;16;8
5890;8;8
5891;24;8
5892;16;8
5893;24;0
5894;24;8
5895;24;8
5896;32;8
5897;32;8
5898;32;8
5899;32;8
5900;32;8
5901;40;16
5902;40;16
5903;48;24
5904;40;24
5905;40;24
5906;48;32
5907;48;32
5908;56;32
5909;48;32
5910;56;40
5911;48;40
5912;56;48
5913;64;40
5914;64;40
5915;64;40
5916;72;40
5917;64;40
5918;72;40
5919;72;40
5920;80;40
5921;80;40
5922;80;40
5923;88;40
5924;80;40
5925;88;40
5926;88;40
5927;88;40
5928;88;40
5929;96;40
5930;96;32
5931;96;32
5932;104;40
5933;104;32
5934;104;32
5935;104;40
5936;104;32
5937;112;32
5938;112;32
5939;120;32
5940;112;32
5941;112;32
5942;120;32
5943;120;32
5944;120;32
5945;120;32
5946;144;32
5947;128;32
5948;128;32
5949;128;32
5950;136;32
5951;136;32
5952;136;32
5953;144;24
5954;144;32
5955;144;32
5956;144;32
5957;144;32
5958;144;24
5959;152;32
5960;152;32
5961;152;32
5962;152;32
5963;152;24
5964;152;24
5965;152;24
5966;160;24
5967;160;24
5968;168;24
5969;168;16
5970;160;8
5971;168;16
5972;168;8
5973;168;8
5974;176;8
5975;176;8
5976;176;8
5977;176;8
5978;176;0
5979;184;8
5980;184;8
5981;184;0
5982;184;8
5983;192;8
5984;192;8
5985;184;8
5986;200;8
5987;192;8
5988;192;16
5989;200;16
5990;200;24
5991;200;24
5992;208;24
5993;200;32
5994;200;24
5995;208;32
5996;208;40
5997;208;32
5998;208;32
5999;208;40
6000;216;40
6001;216;40
6002;216;40
6003;224;48
6004;224;40
6005;216;48
6006;224;40
6007;224;40
6008;232;40
6009;232;40
6010;224;40
6011;232;40
6012;232;40
6013;232;40
6014;232;40
6015;240;40
6016;240;40
6017;232;32
6018;240;40
6019;240;32
6020;240;32
6021;216;32
6022;240;32
6023;248;32
6024;248;32
6025;248;32
6026;248;32
6027;248;32
6028;232;32
6029;248;32
6030;248;32
6031;248;24
6032;256;32
6033;256;24
6034;256;32
6035;256;24
6036;256;32
6037;256;32
6038;264;32
6039;264;24
6040;264;24
6041;256;24
6042;256;32
6043;264;32
6044;264;32
6045;264;32
6046;264;24
6047;264;32
6048;272;24
6049;264;32
6050;272;24
6051;264;24
6052;264;32
6053;272;32
6054;264;32
6055;272;32
6056;272;24
6057;280;24
6058;272;32
6059;280;24
6060;272;24
6061;280;24
6062;280;24
6063;272;16
6064;280;16
6065;280;16
6066;280;8
6067;280;8
6068;280;8
6069;280;8
6070;280;8
6071;280;8
6072;280;8
6073;280;0
6074;280;8
6075;288;0
6076;280;-32
6077;280;-32
6078;280;-40
6079;280;-32
6080;280;-32
6081;288;-32
6082;296;-32
6083;280;-24
6084;288;-24
6085;288;-24
6086;280;-16
6087;288;-16
6088;288;-16
6089;312;-8
6090;288;-8
6091;288;-8
6092;288;-8
6093;280;0
6094;288;0
6095;280;0
6096;296;0
6097;280;0
6098;288;0
6099;280;0
6100;280;0
6101;288;0
6102;288;0
6103;288;0
6104;288;0
6105;280;0
6106;288;0
6107;288;0
6108;280;0
6109;280;0
6110;280;0
6111;288;-8
6112;280;-8
6113;288;-8
6114;280;-8
6115;280;-8
6116;280;-8
6117;288;-8
6118;280;-8
6119;280;-8
6120;280;-8
6121;280;-8
6122;280;-8
6123;280;-8
6124;280;-16
6125;288;-16
6126;272;-16
6127;280;-8
6128;280;-8
6129;280;-8
6130;280;-8
6131;280;-8
6132;280;-8
6133;280;-8
6134;280;-8
6135;272;-8
6136;272;-8
6137;272;-8
6138;272;-16
6139;280;-8
6140;272;-16
6141;280;-16
6142;272;-16
6143;272;-16
6144;272;-16
6145;272;-16
6146;272;-16
6147;272;-16
6148;272;-16
6149;264;-16
6150;264;-16
6151;264;-16
6152;264;-24
6153;264;-24
6154;272;-24
6155;256;-24
6156;264;-32
6157;248;-32
6158;264;-32
6159;256;-32
6160;264;-32
6161;256;-32
6162;256;-32
6163;256;-32
6164;248;-40
6165;256;-40
6166;256;-40
6167;248;-32
6168;248;-32
6169;248;-32
6170;256;-32
6171;256;-32
6172;248;-24
6173;248;-24
6174;240;-16
6175;240;-16
6176;256;-16
6177;248;-8
6178;240;-8
6179;240;-8
6180;240;-8
6181;240;0
6182;240;0
6183;240;0
6184;232;-8
6185;232;0
6186;232;0
6187;232;0
6188;232;0
6189;232;0
6190;232;0
6191;224;0
6192;224;0
6193;224;-8
6194;224;-8
6195;216;-8
6196;224;0
6197;216;0
6198;216;0
6199;216;-8
6200;216;-8
6201;216;-8
6202;208;-8
6203;208;-8
6204;216;-8
6205;208;-8
6206;208;-8
6207;208;-8
6208;200;-8
6209;200;-8
6210;192;-8
6211;200;-8
6212;192;-8
6213;192;-8
6214;192;-8
6215;192;-8
6216;192;-8
6217;192;-8
6218;192;-8
6219;184;-8
6220;184;-16
6221;184;-16
6222;176;-16
6223;184;-8
6224;176;-16
6225;176;-16
6226;176;-16
6227;176;-16
6228;168;-16
6229;160;-8
6230;168;-16
6231;168;-16
6232;176;-16
6233;160;-16
6234;160;-16
6235;160;-24
6236;152;-24
6237;152;-24
6238;152;-24
6239;144;-32
6240;152;-32
6241;152;-24
6242;144;-32
6243;144;-32
6244;128;-32
6245;144;-32
6246;144;-32
6247;136;-40
6248;136;-40
6249;136;-32
6250;136;-40
6251;128;-32
6252;128;-32
6253;128;-32
6254;128;-32
6255;128;-32
6256;120;-24
6257;120;-24
6258;120;-24
6259;112;-16
6260;112;-16
6261;112;-16
6262;112;-8
6263;104;-16
6264;104;-8
6265;112;-8
6266;104;0
6267;104;-8
6268;104;0
6269;96;0
6270;96;-8
6271;96;-8
6272;88;0
6273;88;0
6274;88;0
6275;80;0
6276;88;0
6277;80;0
6278;80;0
6279;72;0
6280;72;0
6281;80;0
6282;72;-8
6283;72;0
6284;72;24
6285;64;24
6286;64;24
6287;64;24
6288;64;24
6289;56;24
6290;56;24
6291;56;24
6292;48;24
6293;48;24
6294;48;16
6295;48;16
6296;40;16
6297;40;16
6298;40;16
6299;32;24
6300;16;16
6301;32;16
6302;32;16
6303;32;16
6304;32;16
6305;32;16
6306;24;16
6307;24;8
6308;16;8
6309;16;8
6310;16;0
6311;16;8
6312;8;0
6313;8;0
6314;24;0
6315;8;0
6316;0;0
6317;0;-8
6318;0;-8
6319;0;-8
6320;-8;-8
6321;-8;-8
6322;-8;-8
6323;-8;-8
6324;-16;-8
6325;-16;-8
6326;-16;-8
6327;-16;-8
6328;-16;0
6329;-24;0
6330;-24;0
6331;-32;8
6332;-32;16
6333;-32;16
6334;-32;16
6335;-40;16
6336;-40;24
6337;-40;24
6338;-40;24
6339;-40;24
6340;-40;24
6341;-48;24
6342;-48;24
6343;-48;32
6344;-56;24
6345;-56;24
6346;-64;24
6347;-56;32
6348;-64;24
6349;-64;24
6350;-72;24
6351;-64;24
6352;-72;24
6353;-72;24
6354;-80;24
6355;-80;24
6356;-80;24
6357;-80;24
6358;-80;16
6359;-80;24
6360;-80;16
6361;-88;16
6362;-88;24
6363;-88;16
6364;-96;24
6365;-96;16
6366;-96;16
6367;-104;16
6368;-104;16
6369;-104;16
6370;-104;16
6371;-104;16
6372;-104;16
6373;-112;16
6374;-112;16
6375;-120;16
6376;-112;16
6377;-120;16
6378;-120;16
6379;-120;16
6380;-128;16
6381;-128;16
6382;-144;16
6383;-128;16
6384;-128;16
6385;-128;16
6386;-128;16
6387;-144;8
6388;-136;8
6389;-144;16
6390;-144;8
6391;-144;8
6392;-144;8
6393;-144;8
6394;-144;8
6395;-152;8
6396;-152;0
6397;-152;0
6398;-152;-8
6399;-152;-8
6400;-160;0
6401;-160;-8
6402;-160;-8
6403;-160;-8
6404;-160;-8
6405;-168;-8
6406;-168;-8
6407;-176;-8
6408;-168;-8
6409;-168;-8
6410;-176;-8
6411;-176;0
6412;-176;0
6413;-176;0
6414;-176;0
6415;-192;8
6416;-184;8
6417;-184;16
6418;-184;16
6419;-184;16
6420;-192;16
6421;-192;16
6422;-184;24
6423;-192;24
6424;-192;24
6425;-200;24
6426;-200;24
6427;-192;24
6428;-192;32
6429;-200;32
6430;-200;24
6431;-208;24
6432;-200;24
6433;-208;24
6434;-208;24
6435;-216;24
6436;-208;24
6437;-216;24
6438;-216;24
6439;-208;24
6440;-216;24
6441;-216;24
6442;-224;24
6443;-216;24
6444;-216;24
6445;-224;24
6446;-224;24
6447;-224;24
6448;-224;16
6449;-224;16
6450;-208;24
6451;-232;24
6452;-232;16
6453;-224;16
6454;-232;16
6455;-232;16
6456;-240;16
6457;-232;16
6458;-232;16
6459;-232;16
6460;-240;16
6461;-240;16
6462;-240;16
6463;-240;16
6464;-240;16
6465;-240;16
6466;-240;16
6467;-240;16
6468;-248;16
6469;-248;16
6470;-248;16
6471;-248;16
6472;-248;16
6473;-248;16
6474;-248;16
6475;-248;16
6476;-248;16
6477;-256;16
6478;-248;16
6479;-248;16
6480;-256;8
6481;-256;8
6482;-256;8
6483;-256;8
6484;-256;8
6485;-256;8
6486;-256;8
6487;-256;0
6488;-256;-8
6489;-256;-8
6490;-248;-8
6491;-256;-8
6492;-264;40
6493;-256;32
6494;-264;32
6495;-256;32
6496;-264;32
6497;-256;32
6498;-264;32
6499;-256;32
6500;-264;32
6501;-264;32
6502;-264;32
6503;-264;40
6504;-264;40
6505;-264;40
6506;-264;40
6507;-264;48
6508;-264;48
6509;-264;48
6510;-264;48
6511;-272;56
6512;-264;56
6513;-264;64
6514;-264;64
6515;-264;64
6516;-272;64
6517;-264;64
6518;-272;72
6519;-264;64
6520;-264;64
6521;-272;72
6522;-264;64
6523;-264;64
6524;-264;72
6525;-288;64
6526;-264;64
6527;-264;64
6528;-264;64
6529;-264;64
6530;-264;64
6531;-264;64
6532;-272;64
6533;-264;64
6534;-256;64
6535;-264;64
6536;-264;64
6537;-256;56
6538;-256;64
6539;-256;56
6540;-264;64
6541;-256;64
6542;-256;56
6543;-264;64
6544;-256;64
6545;-256;56
6546;-256;56
6547;-256;56
6548;-256;64
6549;-256;56
6550;-256;56
6551;-256;56
6552;-248;56
6553;-256;56
6554;-248;56
6555;-248;56
6556;-248;56
6557;-248;48
6558;-256;56
6559;-248;56
6560;-248;56
6561;-240;56
6562;-248;56
6563;-240;56
6564;-240;56
6565;-232;56
6566;-240;48
6567;-240;48
6568;-240;48
6569;-240;48
6570;-240;48
6571;-232;40
6572;-232;48
6573;-232;40
6574;-232;40
6575;-232;40
6576;-232;40
6577;-224;32
6578;-224;32
6579;-216;32
6580;-224;32
6581;-224;32
6582;-224;32
6583;-224;32
6584;-216;32
6585;-216;32
6586;-216;32
6587;-216;32
6588;-216;32
6589;-216;40
6590;-208;48
6591;-208;48
6592;-216;56
6593;-184;56
6594;-208;56
6595;-200;64
6596;-208;64
6597;-208;64
6598;-200;64
6599;-200;64
6600;-192;64
6601;-192;64
6602;-192;72
6603;-192;64
6604;-192;64
6605;-192;72
6606;-192;64
6607;-184;72
6608;-184;72
6609;-184;64
6610;-184;64
6611;-184;64
6612;-184;64
6613;-176;64
6614;-176;64
6615;-176;64
6616;-168;64
6617;-168;64
6618;-168;64
6619;-168;56
6620;-168;64
6621;-168;64
6622;-168;64
6623;-160;64
6624;-160;64
6625;-152;64
6626;-152;64
6627;-152;56
6628;-152;56
6629;-152;56
6630;-144;56
6631;-144;56
6632;-144;56
6633;-144;56
6634;-136;56
6635;-136;56
6636;-136;56
6637;-136;56
6638;-136;56
6639;-136;56
6640;-136;56
6641;-128;56
6642;-120;56
6643;-120;56
6644;-120;56
6645;-112;56
6646;-112;48
6647;-120;48
6648;-112;48
6649;-104;48
6650;-112;40
6651;-112;40
6652;-104;40
6653;-104;40
6654;-104;40
6655;-104;32
6656;-96;32
6657;-96;32
6658;-88;32
6659;-88;32
6660;-88;32
6661;-104;24
6662;-80;32
6663;-80;32
6664;-80;32
6665;-80;32
6666;-72;32
6667;-72;40
6668;-80;40
6669;-72;40
6670;-64;40
6671;-64;40
6672;-64;40
6673;-64;48
6674;-56;48
6675;-40;48
6676;-56;56
6677;-48;56
6678;-56;64
6679;-48;56
6680;-40;64
6681;-48;64
6682;-40;64
6683;-40;64
6684;-40;64
6685;-32;64
6686;-32;64
6687;-32;64
6688;-32;64
6689;-24;64
6690;-24;64
6691;-24;64
6692;-16;64
6693;-16;64
6694;-16;64
6695;-8;64
6696;-8;64
6697;-8;64
6698;-8;64
6699;-8;64
6700;-8;64
6701;-16;32
6702;0;32
6703;0;24
6704;0;24
6705;8;32
6706;8;32
6707;8;32
6708;24;24
6709;16;24
6710;16;24
6711;16;24
6712;24;24
6713;24;24
6714;24;24
6715;24;24
6716;32;24
6717;32;24
6718;32;24
6719;32;16
6720;32;16
6721;40;24
6722;48;16
6723;40;8
6724;48;16
6725;48;8
6726;48;8
6727;56;8
6728;56;0
6729;56;0
6730;56;0
6731;56;0
6732;64;0
6733;72;0
6734;64;0
6735;64;0
6736;80;0
6737;72;-8
6738;72;0
6739;72;0
6740;72;0
6741;72;0
6742;80;0
6743;80;0
6744;88;8
6745;88;8
6746;88;16
6747;88;16
6748;80;24
6749;96;24
6750;96;24
6751;104;32
6752;104;32
6753;104;32
6754;104;32
6755;104;32
6756;112;32
6757;112;32
6758;112;32
6759;120;32
6760;120;32
6761;120;32
6762;120;32
6763;128;32
6764;120;32
6765;128;32
6766;128;32
6767;128;32
6768;136;24
6769;128;24
6770;136;24
6771;136;24
6772;136;24
6773;136;24
6774;144;24
6775;144;24
6776;136;24
6777;152;32
6778;152;24
6779;152;24
6780;152;24
6781;152;24
6782;160;16
6783;144;24
6784;160;24
6785;160;24
6786;160;24
6787;160;24
6788;168;24
6789;168;16
6790;160;24
6791;168;24
6792;176;24
6793;176;24
6794;176;24
6795;176;16
6796;176;24
6797;184;24
6798;184;16
6799;184;24
6800;184;16
6801;192;16
6802;192;16
6803;192;16
6804;176;16
6805;192;8
6806;200;8
6807;200;8
6808;200;8
6809;200;0
6810;200;0
6811;200;0
6812;208;0
6813;208;0
6814;208;0
6815;208;0
6816;216;0
6817;216;0
6818;232;0
6819;216;-8
6820;216;0
6821;216;0
6822;216;0
6823;224;0
6824;216;8
6825;224;8
6826;224;8
6827;224;16
6828;224;24
6829;224;24
6830;232;24
6831;224;24
6832;232;32
6833;232;32
6834;232;32
6835;240;32
6836;232;32
6837;240;32
6838;240;32
6839;240;32
6840;240;32
6841;240;32
6842;240;32
6843;248;32
6844;248;32
6845;248;32
6846;240;32
6847;248;32
6848;248;32
6849;248;32
6850;256;32
6851;256;32
6852;256;32
6853;248;24
6854;256;32
6855;256;24
6856;256;24
6857;256;24
6858;256;24
6859;264;24
6860;256;24
6861;264;24
6862;264;24
6863;264;24
6864;264;24
6865;264;24
6866;264;24
6867;264;24
6868;264;24
6869;272;24
6870;264;24
6871;264;24
6872;264;24
6873;264;24
6874;272;24
6875;272;24
6876;272;24
6877;272;16
6878;272;24
6879;272;16
6880;272;16
6881;272;16
6882;280;16
6883;272;16
6884;272;8
6885;272;8
6886;256;8
6887;272;8
6888;280;0
6889;280;0
6890;280;0
6891;272;0
6892;280;0
6893;272;-8
6894;280;-8
6895;280;-8
6896;280;-8
6897;280;-8
6898;280;-8
6899;280;-8
6900;288;0
6901;280;-8
6902;288;0
6903;280;8
6904;280;8
6905;280;8
6906;280;16
6907;280;16
6908;280;24
6909;280;-16
6910;280;-16
6911;288;-8
6912;288;-16
6913;280;-8
6914;280;-8
6915;288;-8
6916;288;-8
6917;288;-8
6918;288;-8
6919;280;0
6920;280;-8
6921;288;-8
6922;280;-8
6923;288;-8
6924;280;-8
6925;288;-8
6926;280;-8
6927;288;-16
6928;280;-8
6929;288;-8
6930;280;-16
6931;288;-16
6932;288;-16
6933;280;-16
6934;280;-16
6935;280;-16
6936;280;-16
6937;288;-16
6938;280;-16
6939;280;-16
6940;280;-16
6941;288;-8
6942;280;-16
6943;280;-16
6944;280;-16
6945;280;-16
6946;280;-16
6947;280;-16
6948;280;-16
6949;280;-16
6950;272;-16
6951;280;-24
6952;280;-24
6953;280;-24
6954;288;-24
6955;272;-24
6956;272;-24
6957;272;-32
6958;272;-32
6959;272;-32
6960;272;-40
6961;288;-40
6962;272;-32
6963;272;-32
6964;272;-40
6965;272;-40
6966;264;-40
6967;272;-40
6968;272;-40
6969;272;-40
6970;264;-48
6971;264;-40
6972;264;-40
6973;256;-40
6974;264;-40
6975;264;-40
6976;264;-40
6977;264;-32
6978;256;-24
6979;256;-32
6980;256;-24
6981;256;-24
6982;256;-24
6983;256;-16
6984;256;-16
6985;248;-16
6986;256;-16
6987;256;-8
6988;248;-8
6989;248;-8
6990;248;-8
6991;248;-8
6992;248;-8
6993;248;-8
6994;248;-8
6995;240;-8
6996;240;-8
6997;240;-8
6998;240;-8
6999;232;-8
7000;240;-8
7001;232;-8
7002;232;-8
7003;240;-16
7004;232;-8
7005;232;-8
7006;232;-16
7007;232;-8
7008;224;-16
7009;232;-8
7010;224;-16
7011;224;-16
7012;224;-16
7013;216;-16
7014;224;-16
7015;208;-16
7016;224;-16
7017;216;-16
7018;216;-16
7019;216;-16
7020;208;-16
7021;216;-16
7022;200;-16
7023;216;-16
7024;208;-16
7025;208;-16
7026;200;-16
7027;208;-16
7028;200;-16
7029;176;-24
7030;200;-16
7031;192;-16
7032;192;-16
7033;192;-24
7034;192;-24
7035;192;-16
7036;176;-16
7037;184;-24
7038;184;-16
7039;184;-16
7040;184;-16
7041;184;-16
7042;176;-16
7043;176;-24
7044;176;-16
7045;168;-16
7046;168;-24
7047;168;-16
7048;168;-16
7049;168;-24
7050;160;-24
7051;160;-24
7052;160;-24
7053;160;-24
7054;152;-24
7055;160;-24
7056;152;-32
7057;152;-40
7058;152;-32
7059;152;-40
7060;144;-32
7061;144;-40
7062;144;-40
7063;144;-40
7064;144;-40
7065;136;-48
7066;136;-48
7067;136;-40
7068;128;-40
7069;144;-40
7070;128;-40
7071;128;-40
7072;128;-40
7073;128;-40
7074;120;-40
7075;120;-40
7076;120;-32
7077;112;-32
7078;112;-24
7079;112;-24
7080;112;-24
7081;104;-24
7082;104;-16
7083;104;-16
7084;104;-8
7085;104;-16
7086;96;-8
7087;96;-16
7088;96;-8
7089;96;0
7090;96;-8
7091;88;-8
7092;88;-8
7093;88;-8
7094;88;-8
7095;88;-8
7096;80;-8
7097;88;-8
7098;80;-8
7099;72;-8
7100;72;-8
7101;64;-8
7102;64;-16
7103;64;-8
7104;56;-16
7105;64;-8
7106;56;-16
7107;56;-16
7108;56;-16
7109;48;-16
7110;56;-16
7111;48;-16
7112;48;-16
7113;40;-16
7114;40;-16
7115;40;-8
7116;32;-16
7117;40;-8
7118;40;24
7119;32;24
7120;32;16
7121;32;16
7122;32;16
7123;24;16
7124;24;16
7125;16;16
7126;24;8
7127;16;8
7128;16;8
7129;16;8
7130;16;8
7131;8;0
7132;8;0
7133;8;0
7134;0;-8
7135;0;0
7136;0;-8
7137;-8;-8
7138;-8;-8
7139;-8;-8
7140;-8;-8
7141;-8;-8
7142;-16;-8
7143;-16;-8
7144;-24;-8
7145;-16;-8
7146;-24;-8
7147;-24;-8
7148;-24;0
7149;-24;8
7150;-32;0
7151;-40;8
7152;-32;8
7153;-32;8
7154;-40;16
7155;-40;16
7156;-40;24
7157;-40;16
7158;-48;24
7159;-48;24
7160;-48;24
7161;-56;24
7162;-56;24
7163;-48;24
7164;-56;32
7165;-72;32
7166;-56;32
7167;-64;32
7168;-64;24
7169;-72;24
7170;-64;32
7171;-64;24
7172;-72;24
7173;-80;24
7174;-72;24
7175;-80;24
7176;-80;24
7177;-80;24
7178;-88;24
7179;-64;24
7180;-88;16
7181;-88;16
7182;-96;24
7183;-88;16
7184;-96;16
7185;-96;24
7186;-96;16
7187;-104;16
7188;-104;24
7189;-104;16
7190;-104;16
7191;-112;16
7192;-104;16
7193;-112;16
7194;-112;16
7195;-120;16
7196;-120;16
7197;-120;16
7198;-120;16
7199;-120;16
7200;-128;16
7201;-128;16
7202;-128;16
7203;-128;16
7204;-136;16
7205;-128;16
7206;-136;8
7207;-136;16
7208;-136;16
7209;-144;8
7210;-144;16
7211;-136;16
7212;-128;16
7213;-144;16
7214;-144;16
7215;-152;16
7216;-152;16
7217;-152;16
7218;-160;16
7219;-160;16
7220;-160;8
7221;-160;8
7222;-160;8
7223;-160;0
7224;-168;8
7225;-168;0
7226;-168;0
7227;-168;0
7228;-168;0
7229;-168;-8
7230;-176;-8
7231;-176;0
7232;-176;-8
7233;-176;-8
7234;-184;-8
7235;-184;-8
7236;-184;-8
7237;-184;-8
7238;-192;-8
7239;-184;-8
7240;-184;-8
7241;-192;0
7242;-192;0
7243;-192;0
7244;-200;8
7245;-200;8
7246;-200;8
7247;-216;8
7248;-200;16
7249;-200;16
7250;-208;16
7251;-208;24
7252;-216;24
7253;-216;24
7254;-216;24
7255;-208;24
7256;-208;24
7257;-216;32
7258;-216;24
7259;-216;24
7260;-224;24
7261;-216;24
7262;-224;24
7263;-216;32
7264;-224;32
7265;-224;32
7266;-224;24
7267;-224;24
7268;-224;24
7269;-232;24
7270;-224;24
7271;-232;24
7272;-232;24
7273;-232;24
7274;-232;24
7275;-240;24
7276;-240;16
7277;-232;24
7278;-232;16
7279;-240;16
7280;-248;16
7281;-240;24
7282;-240;16
7283;-240;16
7284;-240;16
7285;-240;24
7286;-240;16
7287;-240;16
7288;-240;16
7289;-248;16
7290;-248;16
7291;-248;16
7292;-248;16
7293;-248;24
7294;-248;16
7295;-248;16
7296;-248;16
7297;-248;16
7298;-256;24
7299;-248;16
7300;-248;16
7301;-248;16
7302;-256;16
7303;-256;24
7304;-256;16
7305;-256;16
7306;-256;16
7307;-256;16
7308;-256;16
7309;-256;16
7310;-264;16
7311;-256;16
7312;-256;8
7313;-264;16
7314;-256;0
7315;-240;8
7316;-264;0
7317;-256;0
7318;-264;0
7319;-264;0
7320;-264;0
7321;-264;0
7322;-248;-8
7323;-264;-8
7324;-264;-8
7325;-264;-8
7326;-264;32
7327;-264;32
7328;-264;24
7329;-256;32
7330;-264;40
7331;-264;32
7332;-264;32
7333;-264;40
7334;-272;40
7335;-264;40
7336;-264;40
7337;-256;40
7338;-264;48
7339;-264;48
7340;-264;48
7341;-264;56
7342;-264;56
7343;-264;56
7344;-264;56
7345;-264;64
7346;-264;64
7347;-264;64
7348;-256;64
7349;-264;72
7350;-264;72
7351;-264;64
7352;-264;72
7353;-256;64
7354;-264;64
7355;-256;64
7356;-256;64
7357;-256;64
7358;-264;64
7359;-256;64
7360;-256;64
7361;-256;64
7362;-264;64
7363;-256;64
7364;-256;64
7365;-256;64
7366;-256;64
7367;-256;64
7368;-248;64
7369;-256;64
7370;-256;64
7371;-248;64
7372;-248;64
7373;-248;56
7374;-248;64
7375;-248;56
7376;-256;56
7377;-248;56
7378;-248;56
7379;-248;56
7380;-248;56
7381;-240;64
7382;-240;56
7383;-256;56
7384;-240;56
7385;-240;56
7386;-240;56
7387;-232;56
7388;-232;56
7389;-232;56
7390;-248;56
7391;-232;56
7392;-232;56
7393;-232;56
7394;-232;56
7395;-224;56
7396;-224;56
7397;-224;56
7398;-224;56
7399;-224;56
7400;-224;56
7401;-224;56
7402;-216;56
7403;-216;56
7404;-216;56
7405;-216;56
7406;-216;56
7407;-216;56
7408;-216;56
7409;-208;56
7410;-216;56
7411;-208;56
7412;-200;56
7413;-208;56
7414;-200;56
7415;-200;56
7416;-200;56
7417;-200;48
7418;-200;48
7419;-192;40
7420;-200;40
7421;-192;48
7422;-192;40
7423;-200;40
7424;-184;40
7425;-184;40
7426;-184;40
7427;-184;32
7428;-184;32
7429;-176;32
7430;-168;32
7431;-176;32
7432;-176;32
7433;-176;32
7434;-176;32
7435;-168;32
7436;-168;32
7437;-168;40
7438;-168;48
7439;-168;40
7440;-160;48
7441;-160;48
7442;-160;48
7443;-152;56
7444;-144;56
7445;-152;56
7446;-152;64
7447;-144;72
7448;-152;64
7449;-144;72
7450;-144;72
7451;-136;72
7452;-136;72
7453;-136;72
7454;-136;72
7455;-128;64
7456;-128;64
7457;-128;64
7458;-120;64
7459;-128;64
7460;-120;64
7461;-120;64
7462;-120;64
7463;-120;64
7464;-112;64
7465;-120;64
7466;-112;64
7467;-112;64
7468;-112;64
7469;-104;64
7470;-112;56
7471;-104;64
7472;-104;64
7473;-96;56
7474;-96;56
7475;-104;64
7476;-96;56
7477;-80;56
7478;-80;56
7479;-88;56
7480;-80;56
7481;-80;64
7482;-80;56
7483;-80;56
7484;-80;56
7485;-72;56
7486;-72;56
7487;-64;56
7488;-72;64
7489;-64;56
7490;-64;56
7491;-64;56
7492;-64;56
7493;-64;56
7494;-56;56
7495;-48;56
7496;-56;56
7497;-56;56
7498;-56;48
7499;-48;56
7500;-40;48
7501;-40;56
7502;-40;48
7503;-40;48
7504;-32;48
7505;-32;40
7506;-32;40
7507;-32;40
7508;-24;40
7509;-24;32
7510;-24;32
7511;-16;32
7512;-24;32
7513;-16;32
7514;-16;32
7515;-8;32
7516;-8;32
7517;-8;32
7518;-8;32
7519;0;32
7520;0;32
7521;0;32
7522;0;40
7523;8;40
7524;16;40
7525;8;40
7526;16;48
7527;16;48
7528;16;48
7529;16;56
7530;16;56
7531;24;64
7532;24;64
7533;32;64
7534;24;32
7535;32;32
7536;32;32
7537;32;32
7538;40;40
7539;40;32
7540;56;32
7541;48;32
7542;48;32
7543;56;32
7544;48;32
7545;56;32
7546;56;32
7547;48;32
7548;56;24
7549;56;32
7550;64;24
7551;64;24
7552;64;32
7553;64;24
7554;72;24
7555;72;24
7556;72;24
7557;72;24
7558;80;24
7559;80;24
7560;88;24
7561;88;24
7562;88;24
7563;88;24
7564;88;24
7565;88;16
7566;104;24
7567;96;16
7568;96;24
7569;104;24
7570;104;24
7571;104;16
7572;104;24
7573;120;24
7574;104;16
7575;112;16
7576;112;16
7577;120;24
7578;120;16
7579;120;16
7580;120;16
7581;128;24
7582;120;16
7583;128;16
7584;136;16
7585;128;8
7586;128;8
7587;136;8
7588;136;0
7589;136;0
7590;136;0
7591;144;0
7592;144;0
7593;136;0
7594;144;-8
7595;152;-8
7596;152;-8
7597;152;-8
7598;152;-8
7599;152;-8
7600;152;-8
7601;152;0
7602;160;0
7603;160;8
7604;160;8
7605;160;8
7606;168;16
7607;176;16
7608;144;16
7609;168;24
7610;176;24
7611;176;24
7612;176;32
7613;168;32
7614;184;32
7615;168;32
7616;176;32
7617;184;32
7618;192;32
7619;184;32
7620;192;32
7621;192;32
7622;192;32
7623;192;32
7624;192;32
7625;200;32
7626;200;24
7627;208;24
7628;200;24
7629;200;32
7630;200;24
7631;208;24
7632;208;24
7633;216;24
7634;208;24
7635;208;24
7636;216;24
7637;216;24
7638;216;16
7639;216;24
7640;216;24
7641;208;24
7642;216;24
7643;224;24
7644;224;16
7645;224;24
7646;224;16
7647;224;24
7648;232;16
7649;232;16
7650;232;16
7651;232;24
7652;232;16
7653;240;24
7654;232;16
7655;240;16
7656;240;24
7657;240;16
7658;240;16
7659;240;16
7660;240;24
7661;240;16
7662;256;16
7663;248;24
7664;248;16
7665;248;16
7666;248;16
7667;256;16
7668;248;16
7669;256;16
7670;248;8
7671;256;8
7672;256;8
7673;256;8
7674;256;0
7675;256;0
7676;280;0
7677;256;0
7678;264;0
7679;264;0
7680;264;-8
7681;264;-8
7682;264;0
7683;256;-8
7684;264;0
7685;264;-8
7686;272;-8
7687;264;0
7688;256;0
7689;264;-8
7690;280;8
7691;264;0
7692;272;8
7693;272;8
7694;272;16
7695;264;16
7696;272;16
7697;280;24
7698;272;24
7699;272;24
7700;272;32
7701;272;32
7702;272;32
7703;272;32
7704;280;24
7705;280;32
7706;280;32
7707;280;32
7708;280;32
7709;288;32
7710;280;32
7711;280;32
7712;280;32
7713;280;24
7714;280;32
7715;280;32
7716;288;24
7717;280;24
7718;280;24
7719;288;24
7720;288;24
7721;280;24
7722;288;24
7723;280;24
7724;288;24
7725;280;24
7726;288;24
7727;288;24
7728;288;16
7729;280;24
7730;280;24
7731;280;24
7732;280;24
7733;288;16
7734;280;24
7735;280;24
7736;280;24
7737;280;16
7738;288;24
7739;280;24
7740;288;24
7741;288;24
7742;280;24
7743;280;-16
7744;272;-16
7745;280;-16
7746;288;-16
7747;288;-16
7748;288;-16
7749;288;-24
7750;288;-24
7751;272;-24
7752;288;-24
7753;288;-32
7754;280;-32
7755;288;-32
7756;280;-32
7757;280;-32
7758;280;-40
7759;280;-32
7760;280;-40
7761;280;-40
7762;280;-40
7763;288;-40
7764;280;-40
7765;280;-40
7766;280;-40
7767;280;-40
7768;280;-32
7769;280;-32
7770;280;-32
7771;280;-32
7772;280;-24
7773;280;-24
7774;272;-24
7775;272;-24
7776;272;-16
7777;280;-16
7778;264;-16
7779;272;-8
7780;272;-8
7781;272;0
7782;272;-8
7783;272;0
7784;272;0
7785;272;0
7786;272;0
7787;264;0
7788;264;-8
7789;264;0
7790;264;0
7791;264;-8
7792;264;-8
7793;264;0
7794;264;0
7795;256;-8
7796;264;0
7797;256;-8
7798;256;-8
7799;256;-8
7800;256;-8
7801;256;-8
7802;256;-8
7803;248;-8
7804;256;-8
7805;256;-16
7806;248;-16
7807;248;-8
7808;248;-8
7809;248;-16
7810;248;-8
7811;248;-16
7812;248;-16
7813;240;-16
7814;240;-16
7815;248;-16
7816;240;-8
7817;240;-16
7818;240;-8
7819;232;-16
7820;232;-16
7821;232;-16
7822;240;-16
7823;232;-16
7824;224;-16
7825;232;-16
7826;208;-16
7827;224;-8
7828;224;-16
7829;224;-16
7830;224;-16
7831;216;-16
7832;224;-16
7833;216;-16
7834;216;-16
7835;216;-16
7836;216;-8
7837;208;-16
7838;208;-16
7839;216;-16
7840;208;-24
7841;208;-16
7842;208;-24
7843;208;-24
7844;200;-24
7845;200;-24
7846;208;-24
7847;192;-24
7848;200;-24
7849;200;-32
7850;192;-32
7851;192;-32
7852;192;-32
7853;192;-32
7854;192;-40
7855;184;-40
7856;184;-40
7857;184;-32
7858;184;-40
7859;168;-40
7860;176;-32
7861;176;-32
7862;176;-32
7863;176;-40
7864;168;-32
7865;168;-32
7866;168;-24
7867;168;-24
7868;168;-24
7869;168;-16
7870;168;-16
7871;160;-8
7872;160;-8
7873;160;-8
7874;160;-8
7875;152;0
7876;152;-8
7877;152;-8
7878;152;0
7879;152;0
7880;152;0
7881;144;-8
7882;144;0
7883;136;0
7884;136;0
7885;136;0
7886;136;0
7887;136;-8
7888;136;-8
7889;128;-8
7890;128;-8
7891;128;0
7892;120;-8
7893;112;-8
7894;144;-8
7895;120;-8
7896;112;-8
7897;112;-8
7898;112;-8
7899;112;-8
7900;112;-8
7901;112;-16
7902;112;-16
7903;104;-8
7904;104;-8
7905;96;-8
7906;96;-16
7907;96;-8
7908;96;-8
7909;88;-16
7910;88;-8
7911;80;-16
7912;88;-16
7913;80;-16
7914;80;-16
7915;80;-16
7916;72;-16
7917;72;-8
7918;72;-16
7919;72;-16
7920;72;-16
7921;64;-16
7922;64;-16
7923;64;-16
7924;64;-16
7925;56;-16
7926;56;-16
7927;56;-16
7928;48;-16
7929;56;-16
7930;48;-16
7931;48;-24
7932;48;-24
7933;40;-24
7934;56;-32
7935;40;-32
7936;40;-24
7937;32;-32
7938;32;-32
7939;32;-40
7940;32;-40
7941;24;-40
7942;24;-40
7943;24;-40
7944;24;-40
7945;24;-40
7946;24;-40
7947;16;-32
7948;16;-32
7949;8;-32
7950;8;-32
7951;8;8
7952;0;16
7953;0;16
7954;0;16
7955;0;16
7956;-8;16
7957;-8;16
7958;-8;24
7959;-8;32
7960;-16;32
7961;-16;32
7962;-16;32
7963;-16;32
7964;-24;32
7965;-16;32
7966;-24;40
7967;-32;40
7968;-24;40
7969;-56;40
7970;-32;40
7971;-32;32
7972;-40;32
7973;-40;32
7974;-48;32
7975;-48;32
7976;-48;32
7977;-48;24
7978;-48;32
7979;-48;32
7980;-56;24
7981;-48;24
7982;-56;32
7983;-64;32
7984;-64;24
7985;-56;32
7986;-64;24
7987;-72;32
7988;-72;32
7989;-72;32
7990;-72;24
7991;-80;24
7992;-80;24
7993;-80;24
7994;-80;24
7995;-80;24
7996;-88;24
7997;-88;24
7998;-88;24
7999;-88;24
8000;-96;24
8001;-88;24
8002;-96;24
8003;-104;24
8004;-96;24
8005;-104;24
8006;-104;24
8007;-104;24
8008;-104;24
8009;-104;24
8010;-112;24
8011;-112;24
8012;-112;24
8013;-120;24
8014;-120;24
8015;-120;24
8016;-120;24
8017;-120;24
8018;-120;24
8019;-128;24
8020;-128;24
8021;-128;24
8022;-128;16
8023;-128;16
8024;-136;16
8025;-136;16
8026;-136;16
8027;-144;8
8028;-144;8
8029;-144;8
8030;-144;8
8031;-144;0
8032;-152;8
8033;-152;0
8034;-152;0
8035;-152;0
8036;-152;0
8037;-136;0
8038;-160;0
8039;-160;0
8040;-160;0
8041;-160;0
8042;-168;8
8043;-168;8
8044;-160;8
8045;-168;8
8046;-168;16
8047;-176;16
8048;-168;16
8049;-176;24
8050;-176;24
8051;-176;24
8052;-176;24
8053;-184;32
8054;-184;32
8055;-192;32
8056;-192;32
8057;-184;32
8058;-192;32
8059;-192;32
8060;-192;32
8061;-192;40
8062;-192;32
8063;-200;40
8064;-192;40
8065;-200;32
8066;-200;40
8067;-200;32
8068;-200;32
8069;-200;32
8070;-200;32
8071;-208;32
8072;-208;32
8073;-208;32
8074;-216;32
8075;-216;32
8076;-216;24
8077;-216;24
8078;-216;24
8079;-224;32
8080;-216;32
8081;-216;24
8082;-216;24
8083;-224;24
8084;-232;24
8085;-224;24
8086;-224;24
8087;-232;24
8088;-232;24
8089;-224;24
8090;-232;24
8091;-232;24
8092;-232;24
8093;-232;24
8094;-232;24
8095;-240;24
8096;-240;24
8097;-240;32
8098;-240;24
8099;-240;24
8100;-240;24
8101;-240;24
8102;-240;24
8103;-240;24
8104;-240;24
8105;-256;24
8106;-248;24
8107;-248;24
8108;-248;24
8109;-248;24
8110;-248;24
8111;-248;16
8112;-248;16
8113;-248;24
8114;-256;24
8115;-248;16
8116;-248;16
8117;-248;8
8118;-256;8
8119;-232;8
8120;-256;8
8121;-256;8
8122;-256;8
8123;-256;0
8124;-248;0
8125;-256;0
8126;-256;0
8127;-256;0
8128;-256;-8
8129;-264;-8
8130;-264;-8
8131;-256;0
8132;-264;0
8133;-264;8
8134;-256;8
8135;-264;8
8136;-264;16
8137;-264;24
8138;-264;24
8139;-264;24
8140;-264;24
8141;-256;32
8142;-264;32
8143;-256;32
8144;-264;32
8145;-272;32
8146;-264;32
8147;-264;40
8148;-264;40
8149;-264;40
8150;-264;40
8151;-264;32
8152;-248;32
8153;-264;32
8154;-264;40
8155;-264;32
8156;-264;40
8157;-256;32
8158;-264;32
8159;-264;32
8160;-256;40
8161;-264;64
8162;-264;64
8163;-264;56
8164;-264;56
8165;-264;64
8166;-256;64
8167;-256;56
8168;-256;64
8169;-256;64
8170;-264;56
8171;-256;56
8172;-264;56
8173;-256;56
8174;-256;56
8175;-264;56
8176;-256;56
8177;-256;56
8178;-256;56
8179;-256;56
8180;-248;48
8181;-256;48
8182;-256;48
8183;-264;48
8184;-256;48
8185;-256;40
8186;-256;40
8187;-264;40
8188;-248;40
8189;-256;32
8190;-248;32
8191;-248;32
8192;-256;32
8193;-248;32
8194;-240;32
8195;-248;32
8196;-248;32
8197;-248;32
8198;-248;32
8199;-240;32
8200;-240;32
8201;-240;40
8202;-248;32
8203;-240;40
8204;-240;40
8205;-240;48
8206;-240;48
8207;-232;48
8208;-232;48
8209;-232;48
8210;-232;56
8211;-232;64
8212;-224;64
8213;-232;64
8214;-232;64
8215;-224;64
8216;-224;72
8217;-224;64
8218;-224;64
8219;-224;64
8220;-232;72
8221;-216;64
8222;-216;72
8223;-208;72
8224;-216;72
8225;-216;64
8226;-216;64
8227;-216;72
8228;-208;64
8229;-208;64
8230;-200;64
8231;-200;64
8232;-200;64
8233;-200;64
8234;-200;64
8235;-200;64
8236;-192;64
8237;-200;64
8238;-192;64
8239;-192;56
8240;-192;56
8241;-192;64
8242;-184;56
8243;-184;56
8244;-184;56
8245;-184;56
8246;-176;56
8247;-176;64
8248;-176;56
8249;-176;56
8250;-176;56
8251;-168;56
8252;-168;64
8253;-160;56
8254;-168;56
8255;-160;56
8256;-168;56
8257;-168;56
8258;-160;56
8259;-160;56
8260;-160;56
8261;-160;56
8262;-136;56
8263;-152;56
8264;-152;56
8265;-152;56
8266;-144;56
8267;-144;48
8268;-144;56
8269;-136;48
8270;-136;48
8271;-136;48
8272;-136;48
8273;-136;40
8274;-136;40
8275;-128;40
8276;-128;40
8277;-128;32
8278;-120;32
8279;-120;40
8280;-120;40
8281;-120;32
8282;-120;32
8283;-120;32
8284;-112;32
8285;-112;24
8286;-104;24
8287;-104;32
8288;-96;32
8289;-96;32
8290;-96;40
8291;-96;40
8292;-96;40
8293;-96;40
8294;-88;48
8295;-88;48
8296;-88;48
8297;-80;64
8298;-88;56
8299;-80;56
8300;-80;64
8301;-80;64
8302;-80;64
8303;-72;64
8304;-72;64
8305;-72;72
8306;-64;64
8307;-72;64
8308;-64;72
8309;-64;72
8310;-56;64
8311;-56;64
8312;-56;64
8313;-56;72
8314;-48;64
8315;-48;64
8316;-48;64
8317;-40;64
8318;-40;64
8319;-48;64
8320;-40;56
8321;-40;56
8322;-40;64
8323;-40;64
8324;-32;64
8325;-24;56
8326;-24;56
8327;-24;56
8328;-16;56
8329;-16;56
8330;-32;56
8331;-8;56
8332;-8;56
8333;-8;56
8334;-8;64
8335;-8;56
8336;0;56
8337;-8;56
8338;0;56
8339;0;56
8340;0;56
8341;8;56
8342;16;56
8343;16;56
8344;8;56
8345;16;56
8346;16;56
8347;16;56
8348;24;56
8349;24;56
8350;24;48
8351;24;48
8352;24;56
8353;32;48
8354;32;48
8355;32;48
8356;32;48
8357;40;40
8358;40;40
8359;48;40
8360;48;32
8361;48;32
8362;48;32
8363;40;32
8364;56;32
8365;56;32
8366;56;32
8367;64;32
8368;64;32
8369;64;32
8370;72;-8
8371;72;-8
8372;72;-8
8373;72;0
8374;72;0
8375;72;0
8376;72;8
8377;88;8
8378;80;8
8379;88;8
8380;88;8
8381;96;16
8382;88;16
8383;88;24
8384;104;24
8385;96;24
8386;104;24
8387;104;24
8388;104;24
8389;104;24
8390;104;32
8391;112;24
8392;112;32
8393;112;24
8394;112;24
8395;120;24
8396;120;24
8397;120;24
8398;144;24
8399;120;24
8400;128;24
8401;128;24
8402;128;24
8403;128;16
8404;136;16
8405;144;16
8406;144;16
8407;136;16
8408;136;16
8409;144;16
8410;144;16
8411;144;16
8412;144;16
8413;152;16
8414;152;16
8415;152;24
8416;152;16
8417;144;16
8418;160;16
8419;160;16
8420;160;16
8421;160;16
8422;160;16
8423;160;8
8424;160;16
8425;168;16
8426;168;16
8427;176;16
8428;176;16
8429;176;16
8430;176;8
8431;184;16
8432;184;16
8433;184;16
8434;184;16
8435;184;16
8436;192;16
8437;192;16
8438;184;16
8439;192;16
8440;200;16
8441;200;8
8442;200;16
8443;200;8
8444;200;16
8445;200;16
8446;200;8
8447;208;8
8448;208;8
8449;208;8
8450;208;8
8451;216;0
8452;208;0
8453;216;0
8454;216;0
8455;216;0
8456;216;0
8457;216;-8
8458;224;-8
8459;216;-8
8460;216;-8
8461;224;-8
8462;224;-8
8463;224;-8
8464;224;-16
8465;224;-8
8466;216;-16
8467;232;-8
8468;232;-8
8469;232;0
8470;232;0
8471;232;0
8472;240;8
8473;224;8
8474;240;8
8475;240;16
8476;240;16
8477;240;16
8478;248;24
8479;240;24
8480;248;24
8481;248;24
8482;248;32
8483;248;24
8484;248;32
8485;264;24
8486;256;24
8487;248;24
8488;256;24
8489;256;24
8490;256;24
8491;256;24
8492;256;24
8493;264;24
8494;264;24
8495;264;24
8496;264;24
8497;264;24
8498;264;24
8499;264;24
8500;264;24
8501;264;24
8502;264;24
8503;272;16
8504;264;24
8505;272;16
8506;272;16
8507;272;16
8508;272;16
8509;272;16
8510;272;16
8511;272;16
8512;280;16
8513;288;16
8514;272;16
8515;272;16
8516;272;16
8517;272;16
8518;280;16
8519;280;16
8520;280;16
8521;280;16
8522;280;16
8523;280;16
8524;280;16
8525;280;16
8526;280;16
8527;288;8
8528;280;16
8529;288;8
8530;280;8
8531;280;16
8532;288;8
8533;288;8
8534;288;0
8535;280;0
8536;280;0
8537;280;0
8538;288;0
8539;280;-8
8540;280;-8
8541;296;0
8542;280;-16
8543;288;-8
8544;280;-8
8545;288;-8
8546;288;-8
8547;280;-16
8548;280;-8
8549;280;-8
8550;280;-8
8551;280;-8
8552;288;-8
8553;280;0
8554;288;0
8555;288;8
8556;288;0
8557;288;8
8558;288;8
8559;288;8
8560;272;16
8561;288;16
8562;288;16
8563;288;16
8564;288;16
8565;288;24
8566;288;24
8567;288;24
8568;288;24
8569;280;24
8570;280;24
8571;280;24
8572;280;32
8573;280;24
8574;288;24
8575;280;24
8576;280;-8
8577;280;-8
8578;288;-8
8579;280;-8
8580;280;-8
8581;280;-8
8582;280;-8
8583;280;-8
8584;280;-8
8585;280;-16
8586;280;-8
8587;280;-8
8588;272;-8
8589;280;-16
8590;272;-8
8591;272;-16
8592;280;-16
8593;272;-16
8594;280;-16
8595;272;-16
8596;272;-8
8597;272;-16
8598;272;-16
8599;272;-16
8600;264;-16
8601;264;-24
8602;264;-24
8603;264;-24
8604;264;-24
8605;272;-32
8606;264;-24
8607;264;-32
8608;264;-32
8609;248;-32
8610;264;-40
8611;264;-32
8612;264;-40
8613;256;-40
8614;264;-40
8615;256;-48
8616;256;-40
8617;256;-40
8618;256;-40
8619;256;-32
8620;256;-40
8621;256;-32
8622;256;-32
8623;272;-32
8624;248;-32
8625;248;-32
8626;248;-24
8627;248;-24
8628;248;-24
8629;240;-16
8630;248;-16
8631;240;-16
8632;240;-16
8633;240;-8
8634;240;-8
8635;232;-8
8636;232;-8
8637;232;-8
8638;240;0
8639;232;-8
8640;232;-8
8641;232;0
8642;232;-8
8643;224;-8
8644;232;-8
8645;224;0
8646;224;-8
8647;224;0
8648;224;-8
8649;216;-8
8650;224;-8
8651;216;-8
8652;216;-8
8653;216;-8
8654;216;-8
8655;208;-16
8656;224;-8
8657;208;-16
8658;208;-16
8659;208;-8
8660;200;-16
8661;208;-16
8662;200;-16
8663;200;-16
8664;200;-16
8665;200;-16
8666;192;-16
8667;192;-16
8668;192;-16
8669;192;-16
8670;200;-16
8671;192;-16
8672;184;-16
8673;184;-16
8674;184;-16
8675;184;-16
8676;176;-16
8677;184;-16
8678;176;-16
8679;176;-16
8680;176;-16
8681;176;-16
8682;168;-16
8683;168;-16
8684;176;-16
8685;168;-16
8686;160;-16
8687;160;-16
8688;160;-16
8689;160;-16
8690;160;-16
8691;144;-16
8692;160;-16
8693;152;-24
8694;152;-16
8695;152;-16
8696;144;-16
8697;144;-16
8698;144;-24
8699;144;-24
8700;136;-24
8701;136;-32
8702;136;-24
8703;136;-32
8704;136;-32
8705;128;-32
8706;128;-32
8707;128;-32
8708;128;-32
8709;128;-40
8710;120;-40
8711;120;-40
8712;120;-40
8713;120;-40
8714;112;-40
8715;112;-40
8716;104;-40
8717;104;-40
8718;104;-40
8719;104;-40
8720;104;-32
8721;104;-32
8722;96;-32
8723;96;-24
8724;88;-24
8725;96;-24
8726;96;-24
8727;88;-16
8728;88;-16
8729;88;-16
8730;80;-16
8731;72;-8
8732;80;-8
8733;80;-8
8734;80;0
8735;72;-8
8736;72;-8
8737;72;0
8738;64;0
8739;64;0
8740;64;-8
8741;64;-8
8742;56;0
8743;56;-8
8744;56;-8
8745;48;-8
8746;48;-8
8747;48;-8
8748;48;-8
8749;48;-8
8750;48;-8
8751;40;-8
8752;32;-8
8753;40;-8
8754;32;-16
8755;32;-16
8756;32;-16
8757;32;-16
8758;24;-16
8759;32;-16
8760;24;-16
8761;16;-16
8762;16;-16
8763;16;-8
8764;16;-16
8765;8;-16
8766;32;-16
8767;8;-16
8768;8;-16
8769;0;-16
8770;0;-16
8771;8;-16
8772;0;-16
8773;-8;-16
8774;-8;-16
8775;-8;-16
8776;-8;-16
8777;-8;-16
8778;-8;-16
8779;-16;-16
8780;-16;-16
8781;-24;-16
8782;-24;-16
8783;-24;-16
8784;-24;24
8785;-24;24
8786;-32;16
8787;-32;24
8788;-32;24
8789;-40;16
8790;-40;24
8791;-48;16
8792;-40;8
8793;-48;8
8794;-48;8
8795;-48;8
8796;-48;8
8797;-56;8
8798;-56;8
8799;-40;0
8800;-64;0
8801;-64;0
8802;-64;0
8803;-64;0
8804;-64;0
8805;-72;-8
8806;-72;0
8807;-72;0
8808;-80;0
8809;-72;0
8810;-80;8
8811;-80;8
8812;-88;8
8813;-80;8
8814;-88;16
8815;-88;24
8816;-96;16
8817;-88;16
8818;-96;24
8819;-96;24
8820;-96;24
8821;-96;32
8822;-104;32
8823;-104;32
8824;-104;32
8825;-104;32
8826;-104;40
8827;-104;40
8828;-112;40
8829;-120;40
8830;-120;32
8831;-120;40
8832;-120;32
8833;-120;32
8834;-144;32
8835;-128;32
8836;-128;32
8837;-128;32
8838;-136;32
8839;-136;32
8840;-136;32
8841;-136;32
8842;-136;32
8843;-136;24
8844;-144;24
8845;-144;32
8846;-144;24
8847;-144;24
8848;-152;24
8849;-144;32
8850;-152;24
8851;-152;32
8852;-160;24
8853;-160;24
8854;-152;24
8855;-160;24
8856;-160;24
8857;-160;24
8858;-160;24
8859;-168;24
8860;-168;24
8861;-176;24
8862;-168;24
8863;-168;24
8864;-176;24
8865;-176;24
8866;-176;24
8867;-192;24
8868;-176;24
8869;-176;24
8870;-184;24
8871;-184;24
8872;-184;24
8873;-192;24
8874;-192;24
8875;-192;24
8876;-192;24
8877;-200;24
8878;-192;24
8879;-200;24
8880;-200;16
8881;-200;16
8882;-200;16
8883;-200;16
8884;-208;8
8885;-200;16
8886;-200;8
8887;-216;8
8888;-208;0
8889;-216;0
8890;-208;0
8891;-208;0
8892;-216;0
8893;-216;0
8894;-216;0
8895;-224;0
8896;-216;-8
8897;-224;-8
8898;-224;0
8899;-224;0
8900;-224;0
8901;-224;8
8902;-224;8
8903;-232;8
8904;-224;8
8905;-232;16
8906;-232;16
8907;-232;16
8908;-232;16
8909;-216;24
8910;-240;24
8911;-232;24
8912;-240;24
8913;-240;24
8914;-240;32
8915;-240;32
8916;-248;32
8917;-248;32
8918;-248;32
8919;-248;32
8920;-248;32
8921;-248;32
8922;-248;32
8923;-248;40
8924;-248;40
8925;-248;40
8926;-248;32
8927;-248;32
8928;-248;32
8929;-256;32
8930;-248;32
8931;-248;32
8932;-256;32
8933;-256;24
8934;-256;32
8935;-248;32
8936;-256;32
8937;-256;24
8938;-256;32
8939;-256;32
8940;-256;24
8941;-256;32
8942;-248;32
8943;-256;24
8944;-264;32
8945;-256;24
8946;-264;24
8947;-264;32
8948;-264;24
8949;-264;24
8950;-256;24
8951;-256;24
8952;-264;24
8953;-256;24
8954;-264;24
8955;-264;24
8956;-264;24
8957;-264;32
8958;-264;24
8959;-264;24
8960;-264;24
8961;-264;24
8962;-264;24
8963;-272;24
8964;-264;24
8965;-264;24
8966;-264;24
8967;-264;24
8968;-264;24
8969;-264;24
8970;-272;24
8971;-264;24
8972;-264;16
8973;-264;16
8974;-264;16
8975;-272;16
8976;-264;16
8977;-296;8
8978;-272;8
8979;-264;8
8980;-264;8
8981;-264;8
8982;-272;0
8983;-264;0
8984;-272;0
8985;-264;0
8986;-264;0
8987;-264;0
8988;-264;0
8989;-256;0
8990;-264;0
8991;-264;0
8992;-264;8
8993;-264;32
8994;-264;32
8995;-264;40
8996;-256;40
8997;-264;40
8998;-256;40
8999;-256;48
9000;-256;48
9001;-256;48
9002;-256;56
9003;-256;56
9004;-248;56
9005;-248;64
9006;-256;56
9007;-256;64
9008;-248;64
9009;-248;64
9010;-264;64
9011;-248;64
9012;-248;64
9013;-248;64
9014;-248;64
9015;-240;64
9016;-248;64
9017;-240;64
9018;-240;56
9019;-240;56
9020;-248;56
9021;-240;56
9022;-240;56
9023;-240;56
9024;-240;56
9025;-240;56
9026;-232;56
9027;-232;56
9028;-240;56
9029;-232;56
9030;-224;56
9031;-224;56
9032;-232;56
9033;-224;56
9034;-224;56
9035;-224;56
9036;-224;56
9037;-224;48
9038;-216;48
9039;-216;48
9040;-224;48
9041;-216;56
9042;-216;56
9043;-216;48
9044;-216;48
9045;-184;56
9046;-208;56
9047;-208;48
9048;-208;48
9049;-208;48
9050;-208;48
9051;-200;48
9052;-192;48
9053;-200;48
9054;-200;48
9055;-192;48
9056;-192;48
9057;-192;48
9058;-192;48
9059;-192;40
9060;-184;40
9061;-192;40
9062;-192;40
9063;-184;32
9064;-192;40
9065;-184;32
9066;-176;32
9067;-176;32
9068;-176;24
9069;-176;24
9070;-176;24
9071;-168;24
9072;-168;24
9073;-168;24
9074;-168;24
9075;-160;24
9076;-160;24
9077;-160;24
9078;-152;24
9079;-152;32
9080;-152;32
9081;-152;40
9082;-152;40
9083;-152;40
9084;-152;48
9085;-144;40
9086;-144;48
9087;-144;48
9088;-144;48
9089;-136;64
9090;-136;56
9091;-136;56
9092;-136;56
9093;-128;64
9094;-120;64
9095;-120;64
9096;-120;64
9097;-120;64
9098;-120;64
9099;-120;64
9100;-120;64
9101;-112;64
9102;-112;56
9103;-112;64
9104;-104;64
9105;-104;56
9106;-104;64
9107;-104;56
9108;-96;56
9109;-96;56
9110;-96;56
9111;-96;56
9112;-88;56
9113;-104;56
9114;-88;56
9115;-88;56
9116;-88;56
9117;-80;48
9118;-72;56
9119;-72;56
9120;-88;48
9121;-72;56
9122;-72;56
9123;-64;56
9124;-72;48
9125;-64;56
9126;-64;56
9127;-56;56
9128;-56;48
9129;-56;56
9130;-56;48
9131;-56;48
9132;-40;48
9133;-48;48
9134;-40;56
9135;-40;48
9136;-40;48
9137;-40;48
9138;-40;48
9139;-40;48
9140;-32;48
9141;-32;48
9142;-24;48
9143;-32;48
9144;-24;48
9145;-16;48
9146;-16;48
9147;-16;48
9148;-16;48
9149;-16;48
9150;-16;48
9151;-8;40
9152;-8;40
9153;-8;40
9154;0;32
9155;0;32
9156;8;32
9157;8;32
9158;8;32
9159;8;32
9160;16;24
9161;8;24
9162;16;24
9163;16;32
9164;16;24
9165;24;24
9166;24;16
9167;32;24
9168;32;24
9169;24;32
9170;32;32
9171;32;24
9172;32;32
9173;40;32
9174;48;40
9175;40;40
9176;48;48
9177;48;48
9178;48;48
9179;48;48
9180;48;48
9181;56;56
9182;56;56
9183;56;56
9184;56;56
9185;64;56
9186;64;64
9187;72;64
9188;80;64
9189;72;64
9190;72;64
9191;72;64
9192;80;64
9193;72;64
9194;80;64
9195;72;56
9196;88;64
9197;80;64
9198;88;56
9199;88;64
9200;80;56
9201;88;16
9202;96;16
9203;104;16
9204;96;16
9205;104;16
9206;104;16
9207;96;16
9208;112;16
9209;112;16
9210;104;16
9211;112;8
9212;112;16
9213;120;8
9214;112;8
9215;120;16
9216;120;8
9217;128;8
9218;128;8
9219;128;8
9220;128;16
9221;136;8
9222;136;8
9223;136;0
9224;136;0
9225;136;0
9226;136;0
9227;144;0
9228;136;0
9229;144;-8
9230;144;-8
9231;144;-8
9232;152;-8
9233;152;-16
9234;152;-16
9235;160;-16
9236;160;-16
9237;160;-16
9238;160;-16
9239;160;-16
9240;168;-16
9241;168;-16
9242;168;-8
9243;168;-16
9244;176;-16
9245;176;-8
9246;176;-8
9247;176;-8
9248;176;0
9249;176;0
9250;184;8
9251;184;8
9252;184;16
9253;184;16
9254;184;16
9255;184;16
9256;192;16
9257;192;16
9258;192;16
9259;200;24
9260;200;24
9261;200;16
9262;192;16
9263;216;16
9264;200;24
9265;200;24
9266;200;16
9267;208;16
9268;208;16
9269;208;16
9270;224;16
9271;216;16
9272;208;16
9273;216;16
9274;216;16
9275;216;16
9276;216;16
9277;216;16
9278;224;8
9279;224;16
9280;224;8
9281;224;16
9282;224;8
9283;232;8
9284;232;8
9285;232;16
9286;232;8
9287;232;8
9288;232;8
9289;240;8
9290;240;8
9291;232;8
9292;240;8
9293;240;8
9294;248;8
9295;240;8
9296;248;0
9297;248;8
9298;240;8
9299;248;0
9300;248;8
9301;248;8
9302;248;8
9303;264;0
9304;256;8
9305;256;8
9306;256;8
9307;248;8
9308;256;8
9309;256;0
9310;256;8
9311;256;0
9312;256;0
9313;264;-8
9314;264;-8
9315;264;-8
9316;264;-8
9317;264;-8
9318;264;-16
9319;264;-8
9320;264;-16
9321;264;-16
9322;264;-16
9323;272;-16
9324;272;-16
9325;264;-16
9326;272;-16
9327;272;-16
9328;264;-16
9329;272;-16
9330;272;-16
9331;264;-8
9332;272;-8
9333;280;-8
9334;272;0
9335;280;0
9336;280;0
9337;280;8
9338;248;8
9339;280;8
9340;280;8
9341;280;8
9342;280;8
9343;272;8
9344;280;16
9345;264;16
9346;280;24
9347;280;24
9348;280;16
9349;288;24
9350;288;24
9351;280;24
9352;280;16
9353;280;16
9354;280;24
9355;280;24
9356;288;16
9357;288;16
9358;280;16
9359;280;16
9360;280;16
9361;280;16
9362;280;16
9363;288;16
9364;288;8
9365;288;16
9366;288;8
9367;288;8
9368;288;16
9369;288;16
9370;280;8
9371;272;8
9372;288;8
9373;280;8
9374;280;8
9375;288;8
9376;288;8
9377;288;8
9378;280;8
9379;288;8
9380;288;8
9381;280;8
9382;280;8
9383;288;8
9384;288;8
9385;280;8
9386;280;8
9387;288;8
9388;288;8
9389;288;8
9390;288;8
9391;280;8
9392;288;8
9393;280;8
9394;288;8
9395;280;8
9396;280;8
9397;280;8
9398;280;0
9399;280;0
9400;280;0
9401;280;-8
9402;280;-8
9403;280;-8
9404;280;-8
9405;280;-8
9406;296;-8
9407;280;-16
9408;280;-16
9409;280;-32
9410;280;-40
9411;272;-40
9412;272;-40
9413;288;-40
9414;272;-40
9415;272;-40
9416;272;-40
9417;272;-40
9418;264;-32
9419;272;-32
9420;272;-32
9421;272;-32
9422;264;-32
9423;264;-24
9424;264;-24
9425;256;-16
9426;264;-16
9427;264;-16
9428;264;-8
9429;264;-16
9430;256;-8
9431;256;-8
9432;256;-8
9433;256;-8
9434;264;0
9435;256;0
9436;256;0
9437;256;0
9438;256;0
9439;256;0
9440;256;-8
9441;256;0
9442;256;0
9443;248;0
9444;248;-8
9445;248;-8
9446;240;-8
9447;248;-8
9448;248;-8
9449;240;-8
9450;240;-8
9451;240;-8
9452;240;-8
9453;224;-8
9454;232;-16
9455;240;-8
9456;232;-8
9457;232;-8
9458;232;-16
9459;232;-8
9460;224;-8
9461;224;-16
9462;224;-8
9463;224;-8
9464;224;-16
9465;224;-8
9466;224;-16
9467;216;-8
9468;224;-16
9469;224;-16
9470;216;-16
9471;216;-16
9472;216;-16
9473;216;-16
9474;200;-16
9475;208;-16
9476;208;-16
9477;208;-16
9478;208;-16
9479;208;-16
9480;200;-16
9481;192;-16
9482;192;-16
9483;200;-16
9484;200;-16
9485;192;-24
9486;192;-24
9487;192;-24
9488;192;-24
9489;192;-24
9490;184;-24
9491;184;-32
9492;184;-32
9493;192;-40
9494;184;-32
9495;176;-40
9496;176;-32
9497;176;-40
9498;176;-40
9499;176;-40
9500;168;-40
9501;168;-40
9502;168;-40
9503;160;-40
9504;160;-32
9505;160;-32
9506;160;-32
9507;160;-32
9508;152;-24
9509;160;-24
9510;152;-24
9511;152;-24
9512;152;-16
9513;152;-16
9514;144;-16
9515;152;-8
9516;144;-8
9517;144;-8
9518;144;-8
9519;136;-8
9520;136;-8
9521;144;-8
9522;136;0
9523;128;-8
9524;128;0
9525;128;0
9526;128;0
9527;120;0
9528;120;-8
9529;120;-8
9530;120;-8
9531;120;0
9532;120;0
9533;112;-8
9534;112;-8
9535;112;-8
9536;112;-8
9537;104;-8
9538;104;-8
9539;96;-8
9540;104;-16
9541;96;-8
9542;104;-16
9543;96;-8
9544;88;-8
9545;88;-16
9546;88;-16
9547;80;-16
9548;80;-16
9549;88;-16
9550;80;-16
9551;80;-16
9552;80;-16
9553;72;-16
9554;64;-16
9555;72;-8
9556;56;-16
9557;64;-16
9558;56;-16
9559;56;-16
9560;56;-16
9561;48;-16
9562;56;-16
9563;56;-8
9564;56;-8
9565;48;-8
9566;48;-16
9567;48;-16
9568;32;-16
9569;40;-16
9570;40;-16
9571;32;-16
9572;32;-16
9573;32;-24
9574;32;-16
9575;32;-16
9576;24;-16
9577;24;-16
9578;24;-16
9579;24;-16
9580;16;-16
9581;16;-24
9582;16;-24
9583;8;-24
9584;8;-24
9585;8;-32
9586;8;-32
9587;8;-24
9588;0;-32
9589;0;-32
9590;0;-40
9591;0;-32
9592;-8;-40
9593;-8;-40
9594;-8;-32
9595;-8;-40
9596;-24;-40
9597;-24;-40
9598;-16;-40
9599;-16;-32
9600;-24;-32
9601;-24;-40
9602;-32;-32
9603;-32;-32
9604;-32;-24
9605;-32;-24
9606;-32;-24
9607;-40;-24
9608;-40;-16
9609;-40;-16
9610;-48;-8
9611;-40;-8
9612;-48;-8
9613;-48;-8
9614;-48;-8
9615;-56;-8
9616;-56;0
9617;-72;0
9618;-56;48
9619;-56;48
9620;-56;40
9621;-64;48
9622;-64;40
9623;-72;40
9624;-72;40
9625;-64;40
9626;-72;40
9627;-72;40
9628;-80;40
9629;-72;40
9630;-80;40
9631;-64;40
9632;-80;40
9633;-80;40
9634;-88;32
9635;-88;40
9636;-88;40
9637;-96;40
9638;-96;32
9639;-96;32
9640;-104;32
9641;-104;32
9642;-104;32
9643;-112;32
9644;-104;32
9645;-112;32
9646;-112;32
9647;-112;40
9648;-112;32
9649;-112;32
9650;-112;32
9651;-120;32
9652;-120;32
9653;-120;32
9654;-128;32
9655;-128;24
9656;-128;32
9657;-128;32
9658;-136;32
9659;-136;24
9660;-136;24
9661;-136;24
9662;-144;24
9663;-144;24
9664;-128;16
9665;-144;16
9666;-144;16
9667;-152;16
9668;-152;8
9669;-152;8
9670;-152;8
9671;-160;8
9672;-152;8
9673;-160;8
9674;-160;8
9675;-160;8
9676;-160;8
9677;-160;8
9678;-160;8
9679;-168;8
9680;-168;8
9681;-168;16
9682;-176;16
9683;-168;16
9684;-176;16
9685;-176;24
9686;-176;24
9687;-184;32
9688;-184;40
9689;-184;32
9690;-192;40
9691;-184;40
9692;-192;40
9693;-192;40
9694;-192;40
9695;-192;40
9696;-192;48
9697;-200;48
9698;-200;40
9699;-224;48
9700;-200;40
9701;-200;40
9702;-208;40
9703;-208;40
9704;-208;40
9705;-208;40
9706;-216;40
9707;-208;40
9708;-208;40
9709;-216;40
9710;-216;40
9711;-208;40
9712;-216;40
9713;-216;32
9714;-224;40
9715;-224;32
9716;-224;32
9717;-224;32
9718;-224;40
9719;-224;32
9720;-224;32
9721;-224;32
9722;-232;32
9723;-232;32
9724;-224;32
9725;-232;32
9726;-232;32
9727;-232;32
9728;-232;32
9729;-232;32
9730;-232;32
9731;-232;32
9732;-248;32
9733;-240;40
9734;-240;24
9735;-240;32
9736;-240;32
9737;-240;32
9738;-240;24
9739;-232;32
9740;-240;32
9741;-240;32
9742;-248;32
9743;-248;32
9744;-248;32
9745;-248;32
9746;-248;32
9747;-248;24
9748;-248;32
9749;-248;24
9750;-248;24
9751;-248;24
9752;-248;24
9753;-248;16
9754;-256;24
9755;-256;16
9756;-248;16
9757;-256;8
9758;-256;16
9759;-256;8
9760;-248;8
9761;-256;8
9762;-256;8
9763;-256;8
9764;-256;8
9765;-256;0
9766;-256;8
9767;-240;8
9768;-256;8
9769;-264;8
9770;-264;8
9771;-264;16
9772;-264;16
9773;-264;16
9774;-256;24
9775;-256;24
9776;-264;24
9777;-264;24
9778;-264;32
9779;-264;32
9780;-264;32
9781;-264;40
9782;-264;40
9783;-256;40
9784;-264;40
9785;-264;40
9786;-272;40
9787;-264;40
9788;-264;40
9789;-264;40
9790;-264;40
9791;-264;40
9792;-264;40
9793;-264;40
9794;-264;40
9795;-264;40
9796;-264;40
9797;-264;40
9798;-264;40
9799;-264;40
9800;-256;40
9801;-264;40
9802;-264;40
9803;-264;40
9804;-264;40
9805;-256;32
9806;-256;40
9807;-248;32
9808;-264;32
9809;-256;32
9810;-264;32
9811;-256;40
9812;-256;32
9813;-256;32
9814;-264;32
9815;-256;32
9816;-256;32
9817;-256;32
9818;-256;32
9819;-256;32
9820;-256;32
9821;-256;32
9822;-256;24
9823;-248;32
9824;-248;32
9825;-256;32
9826;-248;56
9827;-248;56
9828;-256;56
9829;-248;56
9830;-248;56
9831;-248;56
9832;-248;48
9833;-248;48
9834;-240;48
9835;-256;48
9836;-240;40
9837;-240;40
9838;-240;40
9839;-232;40
9840;-232;32
9841;-232;40
9842;-248;32
9843;-232;40
9844;-232;32
9845;-232;32
9846;-232;32
9847;-224;32
9848;-224;32
9849;-224;32
9850;-224;32
9851;-224;32
9852;-224;32
9853;-224;40
9854;-216;40
9855;-216;40
9856;-224;40
9857;-216;48
9858;-216;48
9859;-216;48
9860;-208;56
9861;-208;56
9862;-208;56
9863;-208;56
9864;-208;64
9865;-200;64
9866;-208;64
9867;-208;64
9868;-200;64
9869;-200;72
9870;-200;64
9871;-200;64
9872;-192;72
9873;-200;72
9874;-192;72
9875;-200;64
9876;-184;64
9877;-184;64
9878;-184;64
9879;-184;64
9880;-184;64
9881;-176;64
9882;-168;64
9883;-176;64
9884;-176;64
9885;-176;64
9886;-176;56
9887;-168;64
9888;-168;64
9889;-160;64
9890;-168;56
9891;-160;56
9892;-168;64
9893;-160;56
9894;-152;56
9895;-160;56
9896;-144;56
9897;-152;56
9898;-152;56
9899;-144;56
9900;-144;56
9901;-144;56
9902;-144;56
9903;-136;64
9904;-144;56
9905;-144;56
9906;-136;56
9907;-128;56
9908;-136;56
9909;-136;56
9910;-112;56
9911;-120;56
9912;-128;56
9913;-120;48
9914;-120;56
9915;-120;56
9916;-112;56
9917;-120;56
9918;-112;56
9919;-112;56
9920;-112;56
9921;-112;48
9922;-112;48
9923;-104;48
9924;-104;48
9925;-96;40
9926;-96;48
9927;-96;40
9928;-88;40
9929;-96;40
9930;-88;40
9931;-88;32
9932;-80;32
9933;-80;32
9934;-80;32
9935;-80;32
9936;-80;32
9937;-80;24
9938;-72;32
9939;-72;32
9940;-72;32
9941;-72;32
9942;-64;40
9943;-64;32
9944;-64;40
9945;-56;40
9946;-56;48
9947;-56;56
9948;-48;56
9949;-48;56
9950;-56;56
9951;-48;64
9952;-40;64
9953;-40;64
9954;-40;64
9955;-40;64
9956;-40;64
9957;-24;72
9958;-24;72
9959;-32;64
9960;-24;64
9961;-24;64
9962;-24;64
9963;-16;72
9964;-24;64
9965;-16;64
9966;-8;64
9967;-8;64
9968;-8;64
9969;-8;64
9970;-8;64
9971;0;64
9972;0;64
9973;0;64
9974;0;64
9975;8;64
9976;8;56
9977;8;64
9978;8;56
9979;16;64
9980;16;56
9981;16;56
9982;24;56
9983;24;56
9984;24;56
9985;32;56
9986;32;56
9987;32;56
9988;32;56
9989;32;64
9990;40;56
9991;32;56
9992;56;56
9993;40;56
9994;48;56
9995;48;56
9996;48;56
9997;56;56
9998;56;48
9999;56;56
10000;56;48
