Column1;Column2;Column3
Channel              :;CH1;CH2
Frequency            :;30,86Hz;30,91Hz
Period               :;32,40ms;32,36ms
PK-PK                :;198,0mV;120,0mV
Probe attenuation    :;1X;1X
Voltage per ADC value:;0,125000mV;0,125000mV
Time interval        :;40,00000uS;40,00000uS
;;
index;CH1_Voltage(mV);CH2_Voltage(mV)
1;52;34
2;52;34
3;50;34
4;52;32
5;52;26
6;56;20
7;50;12
8;52;10
9;58;10
10;52;18
11;50;30
12;52;48
13;52;54
14;52;56
15;50;58
16;62;54
17;52;52
18;52;48
19;52;46
20;52;48
21;52;44
22;54;44
23;40;46
24;54;44
25;52;44
26;54;44
27;52;40
28;52;32
29;52;26
30;52;20
31;54;20
32;52;24
33;58;36
34;54;48
35;52;54
36;54;56
37;54;54
38;52;54
39;54;52
40;52;50
41;52;48
42;54;46
43;56;46
44;54;44
45;54;44
46;54;44
47;56;38
48;52;30
49;52;24
50;52;20
51;54;20
52;54;26
53;52;40
54;52;50
55;54;54
56;52;56
57;56;54
58;54;52
59;52;50
60;54;48
61;52;46
62;52;46
63;54;46
64;30;48
65;52;44
66;52;38
67;62;32
68;52;26
69;54;20
70;54;22
71;52;30
72;50;44
73;54;54
74;54;58
75;50;58
76;50;58
77;52;56
78;52;52
79;50;50
80;52;48
81;54;48
82;50;46
83;50;48
84;50;46
85;50;42
86;50;36
87;48;28
88;50;22
89;50;20
90;48;22
91;52;32
92;48;40
93;50;50
94;48;56
95;48;58
96;48;56
97;48;56
98;48;52
99;48;52
100;46;48
101;46;48
102;44;46
103;48;46
104;46;44
105;66;40
106;48;34
107;46;26
108;46;20
109;46;20
110;46;26
111;46;32
112;46;44
113;46;50
114;46;56
115;42;58
116;44;58
117;44;54
118;44;52
119;44;48
120;44;48
121;44;44
122;68;40
123;44;32
124;44;26
125;38;20
126;42;20
127;42;26
128;42;38
129;44;50
130;40;56
131;42;56
132;30;54
133;40;54
134;40;50
135;42;48
136;40;46
137;40;46
138;40;46
139;42;44
140;40;44
141;40;44
142;36;40
143;38;36
144;36;28
145;36;22
146;38;18
147;40;18
148;38;24
149;38;32
150;36;42
151;38;50
152;36;54
153;36;54
154;36;54
155;34;52
156;32;50
157;36;48
158;34;44
159;34;46
160;32;44
161;34;44
162;32;42
163;40;42
164;32;42
165;32;42
166;24;42
167;30;42
168;32;42
169;30;28
170;30;20
171;30;12
172;30;10
173;38;8
174;30;10
175;28;18
176;28;30
177;28;38
178;26;44
179;24;44
180;16;44
181;26;42
182;26;38
183;24;36
184;24;36
185;24;34
186;22;34
187;22;34
188;22;34
189;22;32
190;26;32
191;24;28
192;22;22
193;20;14
194;20;8
195;20;6
196;22;12
197;18;20
198;18;28
199;18;38
200;20;42
201;16;44
202;18;42
203;16;40
204;18;38
205;16;38
206;14;36
207;14;34
208;14;34
209;14;34
210;14;32
211;12;32
212;12;32
213;12;32
214;14;28
215;12;24
216;10;14
217;10;10
218;10;4
219;8;10
220;8;22
221;-18;20
222;6;28
223;8;30
224;14;32
225;6;30
226;4;26
227;2;24
228;4;24
229;2;22
230;2;20
231;10;22
232;0;20
233;0;18
234;0;10
235;-4;4
236;-4;-2
237;-4;-6
238;-14;-6
239;-6;2
240;-6;16
241;-8;28
242;-8;32
243;-8;32
244;-10;30
245;-10;28
246;-8;24
247;-12;24
248;-12;22
249;-12;22
250;-12;20
251;-14;20
252;-16;18
253;-16;20
254;-16;18
255;-12;14
256;-18;6
257;-18;-2
258;-22;-4
259;-20;-6
260;-20;-2
261;-22;6
262;-30;16
263;-24;24
264;-26;30
265;-22;30
266;-26;30
267;-28;28
268;-28;26
269;-28;22
270;-30;22
271;-32;22
272;-34;22
273;-32;6
274;-34;-2
275;-32;-10
276;-34;-16
277;-36;-20
278;-36;-22
279;-28;-18
280;-38;-8
281;-40;2
282;-38;10
283;-42;14
284;-42;16
285;-42;14
286;-44;12
287;-46;10
288;-46;8
289;-54;8
290;-48;6
291;-48;4
292;-46;4
293;-50;4
294;-50;2
295;-50;4
296;-48;2
297;-54;0
298;-54;-6
299;-58;-14
300;-54;-18
301;-56;-22
302;-56;-20
303;-58;-10
304;-58;2
305;-60;12
306;-60;14
307;-60;14
308;-62;14
309;-62;10
310;-62;8
311;-66;6
312;-64;6
313;-66;6
314;-66;4
315;-66;4
316;-68;4
317;-70;2
318;-68;0
319;-70;-6
320;-54;-12
321;-70;-20
322;-72;-22
323;-78;-20
324;-74;-12
325;-74;-20
326;-76;-10
327;-74;-4
328;-76;-2
329;-76;-2
330;-66;-4
331;-76;-6
332;-78;-8
333;-78;-10
334;-78;-10
335;-80;-12
336;-80;-12
337;-84;-12
338;-82;-12
339;-82;-16
340;-88;-20
341;-82;-26
342;-84;-32
343;-86;-36
344;-86;-36
345;-88;-28
346;-86;-16
347;-84;-6
348;-88;-2
349;-90;-2
350;-88;-2
351;-90;-6
352;-90;-6
353;-88;-8
354;-94;-10
355;-92;-12
356;-92;-12
357;-86;-12
358;-90;-12
359;-92;-12
360;-92;-14
361;-92;-14
362;-92;-12
363;-92;-14
364;-94;-16
365;-94;-22
366;-96;-28
367;-94;-34
368;-94;-38
369;-96;-36
370;-94;-30
371;-92;-20
372;-98;-10
373;-100;-4
374;-98;-2
375;-98;-2
376;-98;-2
377;-98;-12
378;-120;-14
379;-98;-16
380;-100;-18
381;-92;-20
382;-98;-22
383;-100;-28
384;-102;-34
385;-100;-40
386;-100;-42
387;-100;-42
388;-92;-36
389;-102;-26
390;-102;-18
391;-100;-12
392;-100;-8
393;-100;-8
394;-100;-10
395;-112;-12
396;-100;-14
397;-100;-16
398;-104;-18
399;-102;-20
400;-100;-20
401;-102;-22
402;-100;-20
403;-100;-20
404;-100;-18
405;-100;-24
406;-98;-28
407;-98;-36
408;-100;-40
409;-100;-44
410;-98;-42
411;-100;-36
412;-92;-26
413;-98;-16
414;-98;-10
415;-100;-10
416;-98;-8
417;-96;-10
418;-96;-12
419;-106;-14
420;-96;-18
421;-96;-18
422;-94;-18
423;-94;-20
424;-94;-20
425;-94;-20
426;-94;-22
427;-94;-20
428;-92;-20
429;-92;-26
430;-92;-32
431;-90;-38
432;-90;-44
433;-88;-46
434;-88;-48
435;-86;-44
436;-86;-38
437;-86;-26
438;-84;-18
439;-82;-14
440;-86;-14
441;-84;-14
442;-84;-16
443;-84;-18
444;-82;-20
445;-82;-22
446;-86;-24
447;-80;-24
448;-80;-24
449;-78;-26
450;-78;-24
451;-78;-26
452;-78;-24
453;-72;-28
454;-76;-32
455;-74;-38
456;-76;-44
457;-74;-48
458;-74;-48
459;-72;-42
460;-70;-34
461;-72;-24
462;-70;-18
463;-70;-14
464;-70;-14
465;-68;-16
466;-66;-18
467;-66;-20
468;-64;-20
469;-64;-22
470;-62;-24
471;-64;-24
472;-62;-24
473;-64;-24
474;-62;-24
475;-62;-26
476;-60;-26
477;-40;-26
478;-58;-26
479;-56;-26
480;-64;-24
481;-56;-34
482;-54;-38
483;-56;-46
484;-52;-50
485;-52;-52
486;-50;-54
487;-50;-46
488;-50;-34
489;-48;-24
490;-46;-20
491;-44;-20
492;-46;-20
493;-42;-24
494;-36;-24
495;-42;-26
496;-40;-28
497;-48;-28
498;-40;-28
499;-38;-30
500;-36;-30
501;-36;-30
502;-36;-30
503;-32;-34
504;-40;-40
505;-32;-46
506;-30;-50
507;-28;-54
508;-28;-52
509;-26;-44
510;-26;-36
511;-30;-28
512;-24;-22
513;-22;-20
514;-20;-20
515;-22;-22
516;-20;-22
517;-18;-24
518;-18;-26
519;-18;-28
520;-16;-28
521;-16;-30
522;-12;-30
523;-14;-30
524;-12;-30
525;-10;-32
526;-10;-32
527;-8;-32
528;-10;-38
529;-8;-44
530;-6;-50
531;-2;-54
532;-2;-52
533;-2;-42
534;0;-34
535;-4;-30
536;0;-26
537;2;-28
538;0;-28
539;2;-30
540;6;-32
541;6;-32
542;8;-32
543;8;-34
544;10;-30
545;22;-26
546;12;-24
547;12;-22
548;14;-20
549;14;-20
550;14;-22
551;16;-26
552;6;-26
553;18;-26
554;16;-26
555;20;-28
556;22;-28
557;20;-28
558;22;-28
559;22;-28
560;24;-28
561;24;-28
562;26;-28
563;26;-28
564;26;-32
565;28;-36
566;26;-44
567;28;-48
568;30;-52
569;34;-48
570;32;-38
571;32;-26
572;34;-20
573;32;-18
574;32;-18
575;34;-20
576;38;-22
577;34;-22
578;34;-24
579;36;-26
580;36;-26
581;38;-28
582;38;-28
583;40;-28
584;38;-26
585;40;-20
586;44;-24
587;42;-30
588;42;-38
589;44;-42
590;44;-44
591;44;-40
592;44;-30
593;22;-22
594;46;-14
595;44;-10
596;54;-8
597;48;-8
598;48;-10
599;46;-12
600;48;-14
601;48;-16
602;48;-18
603;60;-18
604;50;-18
605;50;-18
606;50;-20
607;52;-18
608;50;-20
609;52;-20
610;40;-20
611;52;-22
612;52;-30
613;56;-36
614;54;-42
615;54;-42
616;52;-40
617;54;-32
618;54;-22
619;52;-14
620;58;-10
621;54;-8
622;54;-8
623;56;-10
624;54;-12
625;56;-14
626;54;-16
627;64;-16
628;56;-16
629;58;-18
630;56;-18
631;58;-18
632;58;-20
633;58;-20
634;46;-20
635;58;-20
636;60;-20
637;56;-18
638;58;-14
639;58;-20
640;60;-26
641;58;-30
642;60;-32
643;58;-30
644;56;-24
645;58;-14
646;58;-4
647;60;2
648;58;4
649;58;4
650;58;2
651;78;-2
652;60;-2
653;60;-4
654;56;-6
655;60;-6
656;60;-8
657;60;-6
658;60;-8
659;60;-10
660;60;-10
661;48;-16
662;60;-24
663;60;-30
664;60;-32
665;58;-30
666;58;-26
667;60;-14
668;64;-6
669;60;2
670;58;4
671;58;4
672;60;2
673;60;0
674;60;-2
675;58;-4
676;58;-4
677;60;-6
678;58;-6
679;58;-8
680;60;-6
681;58;-8
682;58;-8
683;58;-8
684;60;-12
685;58;-20
686;58;-26
687;58;-30
688;58;-32
689;58;-28
690;58;-2
691;60;6
692;72;14
693;58;18
694;60;20
695;50;18
696;60;16
697;58;14
698;58;14
699;60;12
700;58;10
701;58;10
702;62;8
703;56;8
704;58;8
705;58;8
706;56;4
707;60;-4
708;58;-12
709;60;-16
710;58;-16
711;58;-8
712;62;2
713;58;12
714;58;20
715;58;20
716;58;20
717;58;18
718;56;16
719;62;14
720;58;12
721;58;10
722;58;10
723;56;10
724;56;8
725;56;8
726;58;4
727;58;-4
728;56;-10
729;62;-16
730;54;-16
731;56;-14
732;56;-4
733;58;6
734;56;14
735;56;20
736;52;20
737;54;20
738;56;16
739;54;14
740;56;14
741;56;12
742;56;30
743;58;24
744;54;16
745;54;10
746;56;6
747;56;2
748;52;6
749;54;18
750;34;32
751;54;38
752;54;38
753;58;38
754;52;36
755;52;34
756;50;32
757;52;30
758;52;28
759;52;28
760;64;28
761;52;28
762;50;26
763;50;24
764;52;18
765;52;10
766;50;4
767;36;2
768;50;2
769;48;12
770;52;26
771;50;34
772;50;38
773;48;38
774;48;38
775;48;36
776;50;32
777;50;30
778;48;30
779;48;28
780;48;28
781;46;26
782;48;26
783;48;20
784;56;14
785;48;6
786;48;4
787;48;0
788;50;6
789;50;16
790;48;24
791;42;32
792;50;38
793;50;40
794;46;52
795;50;50
796;48;48
797;48;44
798;50;44
799;48;42
800;50;42
801;44;40
802;50;40
803;50;38
804;50;30
805;50;24
806;50;18
807;52;16
808;72;16
809;52;24
810;50;34
811;46;44
812;50;50
813;50;52
814;50;52
815;50;50
816;52;48
817;52;46
818;40;42
819;50;42
820;50;42
821;52;40
822;52;40
823;52;42
824;52;40
825;54;38
826;52;34
827;52;28
828;50;20
829;54;16
830;52;14
831;52;20
832;52;28
833;54;36
834;52;46
835;54;50
836;52;52
837;54;50
838;52;50
839;54;48
840;52;46
841;54;42
842;48;42
843;52;40
844;52;40
845;54;40
846;52;48
847;52;42
848;52;34
849;58;28
850;52;26
851;52;22
852;46;28
853;54;36
854;54;46
855;54;54
856;54;58
857;56;60
858;54;58
859;64;56
860;54;54
861;54;52
862;54;50
863;54;50
864;52;48
865;54;48
866;42;46
867;52;46
868;54;46
869;56;44
870;54;40
871;54;32
872;54;28
873;52;24
874;54;22
875;56;30
876;58;44
877;52;52
878;54;58
879;54;60
880;54;58
881;52;56
882;52;52
883;52;52
884;54;50
885;52;48
886;56;48
887;52;48
888;54;46
889;52;46
890;54;46
891;52;46
892;52;42
893;50;34
894;52;26
895;50;22
896;52;22
897;50;28
898;50;40
899;52;48
900;52;50
901;50;52
902;50;50
903;54;48
904;50;46
905;50;44
906;50;46
907;38;46
908;50;46
909;50;50
910;48;54
911;48;56
912;50;58
913;50;58
914;50;56
915;48;54
916;48;52
917;60;52
918;48;52
919;48;50
920;46;50
921;48;50
922;48;50
923;46;50
924;36;48
925;48;48
926;46;48
927;50;48
928;46;48
929;46;48
930;46;46
931;44;40
932;46;32
933;44;26
934;50;24
935;44;26
936;44;38
937;46;50
938;44;58
939;44;60
940;42;60
941;48;58
942;42;56
943;42;54
944;40;52
945;42;50
946;42;50
947;40;48
948;28;50
949;40;48
950;40;42
951;40;36
952;40;28
953;38;22
954;38;18
955;38;18
956;38;22
957;36;30
958;36;42
959;36;50
960;36;54
961;36;54
962;34;52
963;34;50
964;34;48
965;38;46
966;34;44
967;34;42
968;36;42
969;32;44
970;34;42
971;32;42
972;32;40
973;32;36
974;32;28
975;26;22
976;30;18
977;30;16
978;30;24
979;30;36
980;30;48
981;30;54
982;34;54
983;28;52
984;28;52
985;26;48
986;28;46
987;26;44
988;26;44
989;24;42
990;26;42
991;26;42
992;26;42
993;24;40
994;26;40
995;24;36
996;24;30
997;24;24
998;24;16
999;22;16
1000;22;22
1001;20;34
1002;20;34
1003;20;40
1004;20;40
1005;20;38
1006;36;36
1007;20;36
1008;20;34
1009;10;32
1010;18;30
1011;18;30
1012;16;28
1013;14;28
1014;16;28
1015;14;24
1016;8;16
1017;14;10
1018;14;6
1019;14;4
1020;12;6
1021;12;14
1022;12;24
1023;10;34
1024;10;40
1025;10;40
1026;8;40
1027;8;40
1028;8;36
1029;6;32
1030;8;32
1031;8;30
1032;6;30
1033;-4;28
1034;4;30
1035;4;28
1036;4;28
1037;2;26
1038;2;22
1039;2;16
1040;-4;8
1041;0;4
1042;0;2
1043;-2;8
1044;-2;18
1045;-2;28
1046;-6;36
1047;-4;38
1048;-4;40
1049;-6;38
1050;-6;36
1051;-8;32
1052;-8;32
1053;-10;32
1054;-10;14
1055;-10;8
1056;-10;0
1057;-16;-6
1058;-12;-12
1059;-12;-16
1060;-12;-14
1061;-16;-6
1062;-16;4
1063;-16;14
1064;-14;20
1065;-16;22
1066;-20;22
1067;-28;20
1068;-22;18
1069;-20;14
1070;-22;14
1071;-22;12
1072;-24;12
1073;-24;10
1074;-20;10
1075;-26;10
1076;-28;10
1077;-26;6
1078;-28;0
1079;-30;-6
1080;-30;-12
1081;-32;-16
1082;-34;-16
1083;-34;-4
1084;-38;8
1085;-34;16
1086;-34;20
1087;-36;22
1088;-38;20
1089;-38;18
1090;-40;16
1091;-36;14
1092;-42;12
1093;-42;12
1094;-42;10
1095;-44;10
1096;-44;10
1097;-44;10
1098;-48;10
1099;-46;8
1100;-48;8
1101;-48;6
1102;-50;0
1103;-50;-10
1104;-52;-14
1105;-46;-16
1106;-54;-32
1107;-54;-26
1108;-54;-18
1109;-54;-8
1110;-56;0
1111;-58;4
1112;-56;2
1113;-58;2
1114;-56;-2
1115;-56;-4
1116;-60;-6
1117;-62;-8
1118;-60;-6
1119;-62;-8
1120;-64;-10
1121;-64;-10
1122;-88;-8
1123;-66;-10
1124;-68;-16
1125;-58;-22
1126;-68;-28
1127;-70;-32
1128;-68;-34
1129;-70;-28
1130;-72;-16
1131;-72;-6
1132;-66;2
1133;-72;6
1134;-74;2
1135;-76;0
1136;-76;-2
1137;-76;-4
1138;-76;-8
1139;-82;-8
1140;-78;-8
1141;-78;-8
1142;-80;-8
1143;-80;-10
1144;-82;-10
1145;-82;-12
1146;-80;-16
1147;-82;-24
1148;-84;-30
1149;-84;-32
1150;-84;-34
1151;-86;-28
1152;-84;-20
1153;-88;-10
1154;-86;-2
1155;-86;0
1156;-82;4
1157;-88;4
1158;-88;-10
1159;-92;-14
1160;-90;-16
1161;-90;-18
1162;-90;-18
1163;-102;-24
1164;-92;-30
1165;-92;-36
1166;-94;-42
1167;-94;-44
1168;-94;-42
1169;-94;-30
1170;-94;-20
1171;-96;-12
1172;-96;-10
1173;-102;-10
1174;-96;-12
1175;-98;-14
1176;-94;-16
1177;-96;-18
1178;-96;-20
1179;-100;-20
1180;-76;-20
1181;-98;-20
1182;-100;-22
1183;-108;-22
1184;-102;-22
1185;-100;-22
1186;-102;-26
1187;-102;-34
1188;-102;-40
1189;-102;-44
1190;-112;-46
1191;-102;-40
1192;-102;-32
1193;-102;-22
1194;-102;-14
1195;-104;-10
1196;-104;-10
1197;-100;-12
1198;-104;-14
1199;-102;-16
1200;-106;-18
1201;-104;-18
1202;-102;-20
1203;-104;-20
1204;-102;-20
1205;-104;-22
1206;-102;-22
1207;-104;-22
1208;-102;-22
1209;-102;-20
1210;-102;-28
1211;-102;-34
1212;-100;-40
1213;-102;-46
1214;-102;-48
1215;-102;-50
1216;-102;-48
1217;-102;-40
1218;-100;-32
1219;-100;-22
1220;-100;-16
1221;-80;-16
1222;-100;-16
1223;-98;-18
1224;-104;-22
1225;-98;-22
1226;-98;-24
1227;-98;-26
1228;-96;-26
1229;-96;-26
1230;-96;-26
1231;-104;-26
1232;-96;-26
1233;-96;-28
1234;-94;-28
1235;-94;-30
1236;-94;-36
1237;-92;-42
1238;-76;-46
1239;-92;-50
1240;-92;-50
1241;-100;-40
1242;-90;-28
1243;-90;-20
1244;-90;-16
1245;-90;-16
1246;-88;-16
1247;-86;-18
1248;-100;-22
1249;-88;-24
1250;-86;-24
1251;-86;-24
1252;-86;-26
1253;-84;-26
1254;-84;-26
1255;-90;-28
1256;-82;-28
1257;-82;-28
1258;-78;-30
1259;-80;-34
1260;-78;-40
1261;-80;-44
1262;-78;-50
1263;-78;-52
1264;-76;-48
1265;-76;-42
1266;-74;-32
1267;-74;-24
1268;-74;-18
1269;-72;-16
1270;-72;-18
1271;-70;-20
1272;-76;-22
1273;-70;-24
1274;-70;-26
1275;-66;-26
1276;-68;-28
1277;-68;-28
1278;-66;-28
1279;-72;-30
1280;-64;-30
1281;-62;-30
1282;-64;-40
1283;-62;-46
1284;-62;-50
1285;-62;-50
1286;-60;-48
1287;-60;-38
1288;-58;-26
1289;-46;-20
1290;-56;-16
1291;-56;-16
1292;-56;-20
1293;-52;-22
1294;-52;-24
1295;-54;-24
1296;-62;-26
1297;-50;-26
1298;-50;-28
1299;-46;-28
1300;-48;-28
1301;-46;-28
1302;-46;-28
1303;-44;-30
1304;-44;-34
1305;-42;-40
1306;-36;-46
1307;-38;-50
1308;-36;-52
1309;-38;-46
1310;-36;-36
1311;-36;-26
1312;-36;-18
1313;-28;-16
1314;-30;-18
1315;-32;-20
1316;-32;-22
1317;-30;-24
1318;-28;-26
1319;-28;-28
1320;-30;-32
1321;-26;-38
1322;-24;-46
1323;-22;-50
1324;-22;-54
1325;-20;-50
1326;-20;-42
1327;-18;-34
1328;-16;-24
1329;-16;-18
1330;-14;-18
1331;-14;-18
1332;-12;-20
1333;-10;-22
1334;-10;-24
1335;-10;-24
1336;-8;-26
1337;10;-28
1338;-6;-28
1339;-6;-30
1340;-8;-28
1341;-2;-30
1342;-2;-30
1343;-2;-30
1344;-2;-32
1345;0;-38
1346;0;-44
1347;-4;-50
1348;4;-52
1349;4;-50
1350;6;-44
1351;6;-32
1352;8;-22
1353;8;-18
1354;14;-18
1355;12;-20
1356;12;-22
1357;10;-24
1358;14;-24
1359;16;-26
1360;14;-28
1361;16;-28
1362;16;-28
1363;20;-30
1364;20;-30
1365;22;-28
1366;22;-28
1367;22;-26
1368;22;-32
1369;22;-40
1370;24;-42
1371;24;-46
1372;26;-44
1373;26;-36
1374;26;-26
1375;28;-16
1376;30;-12
1377;30;-10
1378;50;-12
1379;34;-12
1380;34;-16
1381;30;-16
1382;34;-18
1383;34;-20
1384;36;-20
1385;36;-20
1386;36;-20
1387;36;-22
1388;30;-22
1389;40;-26
1390;38;-30
1391;42;-38
1392;40;-42
1393;42;-44
1394;42;-44
1395;66;-34
1396;42;-20
1397;42;-14
1398;38;-10
1399;44;-10
1400;46;-10
1401;44;-12
1402;46;-16
1403;46;-18
1404;48;-20
1405;36;-20
1406;48;-20
1407;48;-22
1408;48;-20
1409;50;-22
1410;52;-22
1411;52;-24
1412;46;-28
1413;50;-34
1414;52;-40
1415;56;-44
1416;54;-46
1417;54;-40
1418;54;-30
1419;54;-12
1420;54;-2
1421;54;-2
1422;54;2
1423;56;0
1424;56;-4
1425;56;-6
1426;56;-6
1427;56;-8
1428;58;-10
1429;54;-8
1430;58;-10
1431;58;-12
1432;60;-12
1433;58;-12
1434;60;-18
1435;58;-24
1436;54;-30
1437;60;-34
1438;58;-34
1439;58;-28
1440;60;-16
1441;60;-4
1442;58;0
1443;60;2
1444;58;0
1445;60;-2
1446;74;-4
1447;62;-6
1448;60;-8
1449;62;-10
1450;58;-10
1451;60;-10
1452;62;-12
1453;48;-12
1454;60;-16
1455;60;-22
1456;62;-28
1457;62;-32
1458;60;-36
1459;60;-30
1460;60;-24
1461;60;-12
1462;60;-6
1463;64;0
1464;60;2
1465;60;0
1466;60;-2
1467;60;-4
1468;60;-6
1469;60;-8
1470;64;-8
1471;60;4
1472;60;2
1473;60;-6
1474;60;-12
1475;60;-16
1476;60;-22
1477;56;-22
1478;60;-16
1479;58;-2
1480;56;10
1481;60;14
1482;60;14
1483;60;12
1484;60;10
1485;60;8
1486;60;6
1487;54;4
1488;60;4
1489;60;4
1490;60;2
1491;60;4
1492;60;2
1493;58;-2
1494;66;-8
1495;60;-14
1496;58;-20
1497;66;-22
1498;60;-20
1499;58;-16
1500;58;-6
1501;58;4
1502;60;12
1503;60;14
1504;62;14
1505;58;12
1506;58;10
1507;58;8
1508;58;6
1509;56;4
1510;58;4
1511;62;2
1512;58;2
1513;58;2
1514;58;-2
1515;58;-8
1516;56;-14
1517;58;-20
1518;58;-22
1519;56;-22
1520;56;-14
1521;56;-4
1522;58;6
1523;58;28
1524;58;30
1525;56;30
1526;58;26
1527;58;24
1528;60;22
1529;56;20
1530;56;20
1531;56;18
1532;56;18
1533;56;18
1534;56;18
1535;50;16
1536;56;16
1537;56;10
1538;56;4
1539;54;-4
1540;54;-8
1541;56;-8
1542;54;-2
1543;56;12
1544;56;24
1545;50;28
1546;54;28
1547;54;28
1548;56;26
1549;56;24
1550;54;22
1551;54;22
1552;70;20
1553;54;20
1554;54;18
1555;54;18
1556;54;16
1557;54;14
1558;54;8
1559;52;2
1560;54;-4
1561;52;-8
1562;54;-8
1563;52;0
1564;52;10
1565;54;20
1566;52;24
1567;52;30
1568;52;30
1569;50;28
1570;52;26
1571;52;22
1572;50;20
1573;52;20
1574;52;20
1575;50;34
1576;50;30
1577;50;22
1578;48;18
1579;50;14
1580;48;8
1581;50;10
1582;50;22
1583;48;36
1584;48;42
1585;48;44
1586;44;44
1587;48;42
1588;50;40
1589;48;38
1590;48;36
1591;48;36
1592;48;34
1593;60;34
1594;48;32
1595;48;34
1596;40;32
1597;48;30
1598;48;24
1599;48;16
1600;48;10
1601;50;8
1602;50;10
1603;54;16
1604;50;26
1605;48;32
1606;50;34
1607;50;34
1608;50;32
1609;48;32
1610;52;30
1611;50;28
1612;50;30
1613;44;30
1614;50;30
1615;50;34
1616;50;38
1617;52;40
1618;50;40
1619;50;40
1620;54;38
1621;52;38
1622;50;36
1623;50;34
1624;50;32
1625;52;34
1626;50;34
1627;46;44
1628;52;38
1629;50;32
1630;56;24
1631;52;18
1632;52;16
1633;52;22
1634;50;36
1635;52;46
1636;52;52
1637;54;54
1638;52;52
1639;54;50
1640;52;48
1641;52;46
1642;54;46
1643;52;44
1644;54;42
1645;52;42
1646;52;42
1647;54;42
1648;52;40
1649;54;40
1650;52;36
1651;32;30
1652;54;22
1653;54;18
1654;60;18
1655;52;22
1656;52;30
1657;52;40
1658;54;48
1659;52;52
1660;52;54
1661;66;52
1662;52;50
1663;52;46
1664;52;46
1665;52;44
1666;52;44
1667;54;42
1668;40;42
1669;54;42
1670;52;40
1671;56;40
1672;52;40
1673;52;40
1674;52;40
1675;52;34
1676;52;26
1677;52;20
1678;56;18
1679;52;18
1680;52;22
1681;52;30
1682;50;40
1683;52;50
1684;50;56
1685;54;56
1686;52;54
1687;52;52
1688;52;50
1689;52;48
1690;50;46
1691;50;46
1692;52;44
1693;52;44
1694;52;44
1695;50;42
1696;50;42
1697;52;42
1698;50;36
1699;52;30
1700;50;24
1701;50;18
1702;54;18
1703;52;24
1704;50;38
1705;54;48
1706;52;54
1707;50;54
1708;52;54
1709;28;52
1710;50;48
1711;50;46
1712;58;46
1713;50;44
1714;50;42
1715;50;42
1716;50;42
1717;50;42
1718;48;42
1719;38;40
1720;50;36
1721;50;28
1722;50;22
1723;50;20
1724;48;18
1725;50;24
1726;54;32
1727;48;44
1728;48;50
1729;44;54
1730;48;56
1731;48;56
1732;48;52
1733;48;50
1734;46;46
1735;46;46
1736;46;42
1737;46;34
1738;46;28
1739;46;20
1740;44;18
1741;44;20
1742;44;28
1743;48;38
1744;44;48
1745;42;54
1746;42;56
1747;44;54
1748;42;54
1749;42;50
1750;50;48
1751;44;48
1752;42;46
1753;38;44
1754;40;44
1755;40;44
1756;40;44
1757;40;44
1758;38;42
1759;40;42
1760;32;38
1761;38;34
1762;40;24
1763;40;20
1764;38;18
1765;36;20
1766;40;26
1767;58;38
1768;36;46
1769;36;52
1770;30;54
1771;36;54
1772;36;52
1773;34;50
1774;36;48
1775;34;46
1776;34;44
1777;26;44
1778;32;44
1779;34;42
1780;34;44
1781;34;42
1782;34;42
1783;32;36
1784;26;32
1785;30;22
1786;30;16
1787;32;14
1788;30;12
1789;30;18
1790;28;26
1791;28;38
1792;30;44
1793;28;48
1794;24;48
1795;28;46
1796;26;44
1797;26;42
1798;26;40
1799;26;40
1800;26;38
1801;26;38
1802;24;38
1803;24;36
1804;26;36
1805;22;36
1806;22;34
1807;22;28
1808;14;20
1809;22;14
1810;22;10
1811;14;14
1812;20;24
1813;20;36
1814;18;44
1815;20;48
1816;18;48
1817;18;46
1818;26;44
1819;18;42
1820;16;40
1821;18;38
1822;16;38
1823;16;36
1824;14;36
1825;10;36
1826;14;36
1827;14;34
1828;12;28
1829;12;20
1830;14;14
1831;10;10
1832;14;10
1833;10;18
1834;10;30
1835;14;26
1836;8;32
1837;10;34
1838;8;34
1839;6;32
1840;6;30
1841;6;28
1842;4;26
1843;4;24
1844;4;24
1845;8;24
1846;2;22
1847;0;22
1848;0;22
1849;0;22
1850;0;20
1851;-2;16
1852;-4;10
1853;0;2
1854;-2;-2
1855;-4;-4
1856;-4;0
1857;-6;8
1858;-6;20
1859;-4;28
1860;-6;34
1861;-8;34
1862;-8;34
1863;-10;30
1864;-10;30
1865;-10;26
1866;-30;26
1867;-14;22
1868;-14;24
1869;-8;22
1870;-14;22
1871;-14;20
1872;-16;22
1873;-16;22
1874;-18;16
1875;-18;10
1876;-24;2
1877;-18;-2
1878;-20;-4
1879;-20;0
1880;-20;8
1881;-20;18
1882;-24;26
1883;-20;32
1884;-26;32
1885;-26;32
1886;-26;32
1887;-28;14
1888;-28;12
1889;-30;8
1890;-30;4
1891;-32;-4
1892;-32;-12
1893;-34;-16
1894;-32;-20
1895;-32;-12
1896;-32;0
1897;-36;12
1898;-36;18
1899;-36;18
1900;-32;18
1901;-38;14
1902;-40;12
1903;-42;10
1904;-40;8
1905;-40;6
1906;-42;6
1907;-36;6
1908;-44;6
1909;-44;6
1910;-48;4
1911;-46;0
1912;-46;-8
1913;-48;-16
1914;-48;-20
1915;-50;-20
1916;-48;-14
1917;-58;0
1918;-52;10
1919;-52;16
1920;-52;18
1921;-54;18
1922;-54;14
1923;-56;12
1924;-34;10
1925;-58;8
1926;-60;6
1927;-64;8
1928;-60;6
1929;-60;6
1930;-62;6
1931;-62;4
1932;-64;2
1933;-62;-2
1934;-76;-12
1935;-64;-18
1936;-66;-20
1937;-64;-18
1938;-66;-8
1939;-68;-10
1940;-66;-2
1941;-68;2
1942;-72;0
1943;-72;0
1944;-72;-2
1945;-74;-6
1946;-74;-8
1947;-76;-8
1948;-76;-10
1949;-76;-10
1950;-78;-12
1951;-80;-12
1952;-78;-18
1953;-80;-24
1954;-80;-30
1955;-80;-34
1956;-82;-34
1957;-82;-28
1958;-80;-20
1959;-84;-12
1960;-84;-2
1961;-82;0
1962;-86;0
1963;-86;0
1964;-86;-2
1965;-98;-4
1966;-88;-6
1967;-88;-8
1968;-96;-8
1969;-90;-10
1970;-90;-10
1971;-92;-10
1972;-90;-12
1973;-92;-12
1974;-92;-10
1975;-84;-12
1976;-94;-16
1977;-92;-20
1978;-94;-28
1979;-94;-32
1980;-94;-36
1981;-94;-34
1982;-102;-26
1983;-94;-18
1984;-94;-8
1985;-96;0
1986;-98;2
1987;-98;0
1988;-98;-2
1989;-98;-4
1990;-98;-4
1991;-100;-6
1992;-92;-18
1993;-100;-22
1994;-100;-28
1995;-100;-36
1996;-100;-42
1997;-100;-44
1998;-98;-44
1999;-102;-32
2000;-100;-20
2001;-100;-14
2002;-98;-10
2003;-100;-10
2004;-102;-12
2005;-100;-14
2006;-100;-16
2007;-102;-18
2008;-102;-20
2009;-104;-20
2010;-102;-22
2011;-102;-22
2012;-102;-22
2013;-102;-22
2014;-102;-22
2015;-102;-24
2016;-98;-26
2017;-102;-34
2018;-102;-40
2019;-102;-46
2020;-104;-46
2021;-102;-40
2022;-102;-28
2023;-118;-18
2024;-102;-12
2025;-102;-10
2026;-96;-10
2027;-102;-14
2028;-100;-14
2029;-102;-18
2030;-100;-18
2031;-100;-20
2032;-100;-20
2033;-102;-20
2034;-98;-22
2035;-98;-22
2036;-98;-22
2037;-98;-24
2038;-98;-28
2039;-96;-36
2040;-98;-42
2041;-96;-44
2042;-94;-44
2043;-94;-40
2044;-96;-38
2045;-94;-32
2046;-94;-30
2047;-94;-28
2048;-94;-30
2049;-92;-30
2050;-92;-34
2051;-90;-32
2052;-92;-34
2053;-90;-32
2054;-90;-32
2055;-88;-30
2056;-90;-26
2057;-80;-22
2058;-88;-22
2059;-88;-22
2060;-86;-22
2061;-86;-24
2062;-86;-26
2063;-84;-26
2064;-92;-26
2065;-86;-28
2066;-84;-28
2067;-78;-28
2068;-80;-28
2069;-82;-30
2070;-78;-28
2071;-78;-30
2072;-78;-30
2073;-78;-28
2074;-76;-28
2075;-76;-32
2076;-76;-36
2077;-76;-40
2078;-74;-48
2079;-72;-50
2080;-72;-52
2081;-72;-44
2082;-72;-32
2083;-70;-22
2084;-66;-18
2085;-70;-18
2086;-68;-20
2087;-68;-20
2088;-66;-22
2089;-66;-24
2090;-64;-26
2091;-72;-28
2092;-62;-30
2093;-62;-28
2094;-60;-30
2095;-60;-28
2096;-60;-32
2097;-60;-38
2098;-56;-46
2099;-58;-50
2100;-56;-54
2101;-56;-56
2102;-54;-50
2103;-54;-38
2104;-52;-28
2105;-52;-22
2106;-50;-20
2107;-50;-22
2108;-48;-24
2109;-48;-26
2110;-46;-28
2111;-46;-30
2112;-46;-30
2113;-44;-30
2114;-42;-32
2115;-42;-32
2116;-40;-32
2117;-40;-32
2118;-42;-34
2119;-38;-34
2120;-36;-36
2121;-34;-42
2122;-20;-48
2123;-34;-52
2124;-32;-56
2125;-32;-54
2126;-30;-48
2127;-30;-38
2128;-28;-30
2129;-26;-22
2130;-24;-20
2131;-26;-22
2132;-30;-22
2133;-24;-26
2134;-22;-28
2135;-20;-28
2136;-20;-30
2137;-20;-30
2138;-18;-30
2139;4;-32
2140;-16;-32
2141;-14;-32
2142;-18;-32
2143;-14;-34
2144;-12;-38
2145;-10;-44
2146;-8;-50
2147;-10;-54
2148;-6;-54
2149;-18;-52
2150;-6;-44
2151;-4;-34
2152;-2;-26
2153;-2;-22
2154;-2;-18
2155;0;-20
2156;4;-22
2157;2;-24
2158;2;-26
2159;0;-26
2160;4;-28
2161;6;-30
2162;4;-30
2163;6;-30
2164;8;-30
2165;8;-30
2166;12;-28
2167;12;-32
2168;12;-36
2169;12;-44
2170;14;-50
2171;14;-54
2172;16;-54
2173;14;-48
2174;18;-38
2175;20;-30
2176;20;-22
2177;18;-20
2178;20;-20
2179;22;-20
2180;34;-22
2181;22;-24
2182;24;-26
2183;22;-26
2184;26;-28
2185;26;-28
2186;28;-30
2187;26;-30
2188;30;-30
2189;28;-30
2190;40;-30
2191;32;-30
2192;32;-34
2193;34;-38
2194;34;-44
2195;34;-52
2196;36;-52
2197;30;-52
2198;36;-44
2199;38;-36
2200;34;-18
2201;40;-10
2202;40;-10
2203;40;-8
2204;40;-10
2205;42;-14
2206;44;-16
2207;46;-18
2208;44;-20
2209;42;-18
2210;44;-20
2211;46;-20
2212;44;-20
2213;48;-20
2214;42;-22
2215;46;-24
2216;48;-30
2217;52;-38
2218;50;-42
2219;50;-44
2220;52;-44
2221;50;-36
2222;52;-26
2223;52;-18
2224;50;-12
2225;52;-10
2226;52;-10
2227;54;-12
2228;54;-14
2229;54;-16
2230;54;-16
2231;58;-20
2232;54;-18
2233;56;-20
2234;56;-20
2235;56;-20
2236;56;-20
2237;56;-20
2238;32;-22
2239;56;-26
2240;56;-34
2241;66;-40
2242;58;-42
2243;56;-44
2244;56;-38
2245;58;-32
2246;58;-22
2247;60;-14
2248;66;-10
2249;58;-10
2250;60;-12
2251;58;-12
2252;60;-12
2253;60;0
2254;60;-2
2255;52;-4
2256;60;-6
2257;60;-6
2258;56;-12
2259;60;-18
2260;58;-24
2261;58;-28
2262;58;-30
2263;60;-26
2264;60;-16
2265;58;-8
2266;60;2
2267;60;6
2268;60;6
2269;58;6
2270;60;4
2271;60;0
2272;64;-2
2273;58;-2
2274;60;-4
2275;60;-4
2276;62;-4
2277;60;-6
2278;60;-6
2279;50;-6
2280;58;-10
2281;60;-14
2282;60;-22
2283;60;-28
2284;58;-30
2285;60;-30
2286;58;-20
2287;60;-14
2288;58;-2
2289;58;4
2290;58;6
2291;60;6
2292;60;4
2293;58;2
2294;58;0
2295;60;-2
2296;66;-4
2297;60;-4
2298;58;-4
2299;62;-4
2300;58;-6
2301;58;-8
2302;60;-8
2303;60;-8
2304;58;8
2305;60;4
2306;52;-2
2307;60;-8
2308;58;-12
2309;60;-16
2310;58;-12
2311;58;0
2312;58;12
2313;62;16
2314;58;22
2315;60;22
2316;56;20
2317;58;18
2318;58;16
2319;58;14
2320;56;12
2321;58;10
2322;56;8
2323;58;10
2324;58;10
2325;58;8
2326;58;8
2327;58;2
2328;58;-6
2329;58;-12
2330;58;-16
2331;58;-16
2332;58;-8
2333;56;6
2334;58;16
2335;56;22
2336;58;22
2337;72;22
2338;56;18
2339;56;16
2340;48;14
2341;56;12
2342;56;12
2343;54;10
2344;56;10
2345;56;10
2346;56;10
2347;58;8
2348;56;2
2349;54;-4
2350;56;-10
2351;54;-16
2352;54;-16
2353;54;-12
2354;56;-2
2355;54;10
2356;54;34
2357;48;38
2358;54;38
2359;54;36
2360;54;34
2361;54;32
2362;54;30
2363;54;28
2364;52;28
2365;52;26
2366;54;26
2367;52;26
2368;54;24
2369;52;18
2370;54;10
2371;48;6
2372;52;0
2373;52;0
2374;56;10
2375;52;22
2376;52;32
2377;52;36
2378;52;38
2379;52;36
2380;52;34
2381;50;30
2382;52;30
2383;52;28
2384;50;26
2385;50;26
2386;52;26
2387;52;24
2388;52;22
2389;50;16
2390;50;8
2391;52;0
2392;52;0
2393;50;2
2394;50;12
2395;32;22
2396;50;30
2397;48;38
2398;56;38
2399;50;36
2400;48;36
2401;48;32
2402;50;30
2403;48;28
2404;50;26
2405;60;26
2406;50;26
2407;48;26
2408;48;40
2409;50;36
2410;50;30
2411;50;22
2412;40;18
2413;50;16
2414;50;16
2415;50;24
2416;52;34
2417;52;44
2418;50;50
2419;50;52
2420;52;52
2421;50;50
2422;52;48
2423;52;44
2424;52;44
2425;54;42
2426;52;42
2427;54;40
2428;52;40
2429;60;40
2430;52;40
2431;52;40
2432;50;40
2433;54;36
2434;52;30
2435;54;24
2436;44;18
2437;54;16
2438;54;16
2439;54;22
2440;54;32
2441;52;42
2442;52;48
2443;52;52
2444;54;52
2445;52;50
2446;54;46
2447;52;46
2448;52;44
2449;54;42
2450;54;42
2451;50;40
2452;52;40
2453;42;40
2454;52;38
2455;52;38
2456;60;38
2457;52;32
2458;52;26
2459;50;22
2460;52;26
2461;52;22
2462;52;24
2463;54;34
2464;50;44
2465;50;52
2466;54;58
2467;52;58
2468;52;58
2469;52;56
2470;56;54
2471;52;52
2472;52;50
2473;50;50
2474;50;48
2475;52;48
2476;52;48
2477;52;46
2478;52;44
2479;52;40
2480;52;34
2481;52;28
2482;52;20
2483;52;22
2484;52;26
2485;52;34
2486;52;44
2487;58;54
2488;52;58
2489;52;58
2490;52;58
2491;54;56
2492;52;54
2493;52;52
2494;72;50
2495;52;48
2496;52;48
2497;44;48
2498;52;48
2499;52;46
2500;50;46
2501;50;46
2502;52;44
2503;50;42
2504;40;36
2505;50;30
2506;50;24
2507;52;22
2508;52;24
2509;50;34
2510;52;48
2511;66;56
2512;50;60
2513;50;58
2514;44;58
2515;50;54
2516;50;52
2517;48;50
2518;50;48
2519;50;46
2520;50;46
2521;38;46
2522;52;46
2523;50;42
2524;50;36
2525;50;30
2526;48;24
2527;50;20
2528;46;22
2529;48;30
2530;48;40
2531;50;48
2532;50;54
2533;48;56
2534;48;58
2535;48;56
2536;48;54
2537;46;52
2538;50;50
2539;46;48
2540;46;48
2541;46;46
2542;46;46
2543;48;46
2544;46;46
2545;40;44
2546;46;38
2547;44;30
2548;46;26
2549;44;22
2550;44;22
2551;44;28
2552;46;44
2553;44;52
2554;44;58
2555;36;58
2556;44;56
2557;42;54
2558;42;52
2559;42;50
2560;42;48
2561;42;46
2562;54;46
2563;40;46
2564;40;46
2565;40;36
2566;40;30
2567;40;22
2568;40;18
2569;32;14
2570;38;16
2571;40;22
2572;40;34
2573;38;44
2574;38;48
2575;38;50
2576;36;50
2577;36;48
2578;36;48
2579;40;44
2580;36;42
2581;36;42
2582;34;40
2583;34;40
2584;34;40
2585;36;38
2586;36;38
2587;34;38
2588;34;36
2589;36;30
2590;32;22
2591;32;18
2592;32;14
2593;34;14
2594;30;22
2595;30;30
2596;28;40
2597;30;46
2598;30;52
2599;28;50
2600;28;48
2601;28;48
2602;30;46
2603;30;42
2604;28;42
2605;28;40
2606;28;40
2607;26;38
2608;26;38
2609;26;40
2610;6;38
2611;26;38
2612;26;34
2613;30;26
2614;24;20
2615;24;14
2616;22;14
2617;22;6
2618;22;18
2619;22;30
2620;34;36
2621;22;38
2622;22;38
2623;20;36
2624;20;34
2625;22;32
2626;18;30
2627;6;30
2628;18;28
2629;18;28
2630;20;26
2631;16;26
2632;16;20
2633;14;12
2634;14;8
2635;16;4
2636;14;0
2637;16;8
2638;12;16
2639;10;26
2640;12;34
2641;12;38
2642;10;38
2643;10;36
2644;16;34
2645;8;34
2646;8;32
2647;6;30
2648;6;28
2649;6;28
2650;6;28
2651;-6;26
2652;6;26
2653;4;26
2654;0;26
2655;2;24
2656;0;20
2657;0;14
2658;0;6
2659;0;2
2660;0;0
2661;-6;6
2662;-4;14
2663;-4;24
2664;-2;34
2665;-6;36
2666;-6;38
2667;-6;38
2668;8;36
2669;-8;18
2670;-8;16
2671;-12;14
2672;-10;12
2673;-10;12
2674;-12;8
2675;-14;0
2676;-16;-8
2677;-16;-14
2678;-24;-16
2679;-16;-10
2680;-16;0
2681;-18;12
2682;-18;20
2683;-20;22
2684;-18;20
2685;-16;20
2686;-22;16
2687;-22;16
2688;-26;14
2689;-26;12
2690;-24;12
2691;-26;10
2692;-26;10
2693;-26;10
2694;-28;10
2695;-26;10
2696;-28;4
2697;-30;-2
2698;-30;-8
2699;-30;-14
2700;-30;-16
2701;-30;-14
2702;-30;-2
2703;-34;10
2704;-34;20
2705;-36;22
2706;-36;22
2707;-38;20
2708;-36;18
2709;-18;14
2710;-38;12
2711;-40;10
2712;-46;12
2713;-40;10
2714;-42;10
2715;-44;10
2716;-44;10
2717;-44;6
2718;-44;2
2719;-34;-6
2720;-46;-10
2721;-46;-30
2722;-46;-32
2723;-46;-26
2724;-50;-18
2725;-50;-10
2726;-50;0
2727;-52;4
2728;-54;4
2729;-56;4
2730;-56;2
2731;-54;-2
2732;-56;-4
2733;-56;-4
2734;-56;-6
2735;-60;-6
2736;-66;-6
2737;-58;-6
2738;-60;-8
2739;-60;-8
2740;-64;-12
2741;-62;-20
2742;-64;-26
2743;-70;-30
2744;-66;-32
2745;-66;-26
2746;-64;-14
2747;-68;-4
2748;-70;2
2749;-70;4
2750;-70;4
2751;-70;0
2752;-74;-2
2753;-74;-2
2754;-74;-2
2755;-74;-6
2756;-76;-6
2757;-76;-8
2758;-76;-8
2759;-76;-8
2760;-82;-8
2761;-78;-12
2762;-80;-20
2763;-78;-26
2764;-80;-30
2765;-82;-30
2766;-82;-28
2767;-86;-20
2768;-84;-10
2769;-84;-2
2770;-90;4
2771;-86;6
2772;-86;6
2773;-88;-10
2774;-88;-12
2775;-88;-14
2776;-88;-16
2777;-78;-18
2778;-90;-22
2779;-92;-28
2780;-92;-34
2781;-92;-38
2782;-92;-44
2783;-92;-42
2784;-102;-30
2785;-92;-20
2786;-94;-10
2787;-92;-8
2788;-94;-8
2789;-96;-10
2790;-96;-12
2791;-96;-16
2792;-96;-16
2793;-96;-18
2794;-92;-18
2795;-98;-18
2796;-98;-18
2797;-98;-20
2798;-98;-20
2799;-100;-20
2800;-100;-24
2801;-96;-30
2802;-98;-38
2803;-100;-42
2804;-102;-44
2805;-100;-40
2806;-100;-28
2807;-102;-16
2808;-110;-10
2809;-102;-8
2810;-102;-8
2811;-100;-10
2812;-102;-12
2813;-102;-14
2814;-102;-16
2815;-102;-16
2816;-104;-18
2817;-102;-20
2818;-104;-20
2819;-102;-20
2820;-102;-20
2821;-102;-22
2822;-102;-28
2823;-104;-34
2824;-104;-38
2825;-98;-48
2826;-102;-48
2827;-102;-42
2828;-100;-36
2829;-102;-24
2830;-102;-18
2831;-102;-14
2832;-100;-12
2833;-102;-14
2834;-100;-16
2835;-110;-18
2836;-102;-20
2837;-100;-22
2838;-100;-24
2839;-100;-24
2840;-100;-24
2841;-100;-24
2842;-96;-24
2843;-98;-26
2844;-98;-26
2845;-102;-28
2846;-98;-34
2847;-96;-42
2848;-98;-46
2849;-96;-50
2850;-98;-46
2851;-96;-36
2852;-94;-24
2853;-94;-16
2854;-94;-14
2855;-94;-14
2856;-94;-16
2857;-92;-18
2858;-92;-20
2859;-92;-22
2860;-90;-22
2861;-92;-24
2862;-88;-24
2863;-90;-24
2864;-88;-24
2865;-88;-24
2866;-74;-26
2867;-88;-32
2868;-86;-38
2869;-92;-44
2870;-84;-48
2871;-82;-48
2872;-84;-42
2873;-84;-34
2874;-82;-24
2875;-80;-16
2876;-86;-12
2877;-80;-16
2878;-80;-18
2879;-78;-22
2880;-78;-24
2881;-76;-26
2882;-74;-28
2883;-72;-32
2884;-74;-40
2885;-74;-46
2886;-74;-50
2887;-72;-52
2888;-70;-48
2889;-70;-40
2890;-68;-30
2891;-66;-20
2892;-68;-18
2893;-76;-18
2894;-66;-18
2895;-64;-20
2896;-64;-22
2897;-64;-24
2898;-62;-26
2899;-62;-28
2900;-66;-28
2901;-60;-28
2902;-58;-30
2903;-56;-28
2904;-56;-30
2905;-56;-28
2906;-56;-30
2907;-54;-30
2908;-54;-34
2909;-54;-40
2910;-52;-46
2911;-52;-50
2912;-50;-54
2913;-50;-48
2914;-50;-38
2915;-46;-26
2916;-44;-18
2917;-50;-18
2918;-42;-18
2919;-44;-20
2920;-42;-22
2921;-42;-24
2922;-40;-26
2923;-40;-26
2924;-36;-28
2925;-36;-28
2926;-36;-30
2927;-44;-28
2928;-36;-28
2929;-34;-30
2930;-32;-34
2931;-30;-42
2932;-30;-46
2933;-30;-52
2934;-24;-52
2935;-26;-50
2936;-26;-44
2937;-24;-34
2938;-24;-24
2939;-22;-20
2940;-22;-18
2941;-20;-18
2942;-20;-22
2943;-18;-22
2944;-24;-24
2945;-18;-26
2946;-16;-28
2947;-16;-28
2948;-14;-28
2949;-14;-28
2950;-14;-30
2951;-8;-28
2952;-12;-30
2953;-10;-30
2954;-8;-32
2955;-8;-36
2956;-8;-44
2957;-6;-48
2958;-4;-52
2959;-4;-54
2960;-4;-46
2961;-2;-32
2962;-2;-24
2963;0;-16
2964;0;-18
2965;4;-20
2966;0;-22
2967;4;-24
2968;4;-26
2969;4;-26
2970;6;-28
2971;6;-26
2972;8;-28
2973;10;-28
2974;12;-30
2975;14;-30
2976;12;-32
2977;12;-38
2978;14;-46
2979;14;-50
2980;16;-52
2981;16;-50
2982;-6;-40
2983;18;-32
2984;18;-22
2985;28;-16
2986;20;-14
2987;22;-14
2988;22;-16
2989;24;-18
2990;24;-20
2991;26;-20
2992;34;-24
2993;28;-24
2994;26;-24
2995;28;-24
2996;30;-24
2997;28;-26
2998;32;-30
2999;22;-36
3000;32;-42
3001;32;-48
3002;36;-48
3003;34;-42
3004;34;-30
3005;34;-20
3006;36;-14
3007;38;-12
3008;38;-14
3009;38;-18
3010;38;-18
3011;40;-20
3012;40;-20
3013;42;-22
3014;40;-24
3015;42;-22
3016;50;-24
3017;44;-24
3018;46;-28
3019;42;-32
3020;46;-40
3021;44;-44
3022;46;-48
3023;36;-46
3024;48;-42
3025;46;-32
3026;50;-22
3027;48;-16
3028;50;-12
3029;50;-14
3030;50;-16
3031;52;-16
3032;50;-18
3033;50;-18
3034;52;-10
3035;52;-14
3036;52;-20
3037;52;-28
3038;54;-34
3039;54;-36
3040;76;-38
3041;54;-28
3042;54;-18
3043;48;-8
3044;54;-4
3045;56;-4
3046;56;-4
3047;56;-6
3048;54;-8
3049;56;-10
3050;46;-12
3051;58;-14
3052;58;-14
3053;58;-14
3054;58;-14
3055;58;-14
3056;56;-16
3057;60;-18
3058;58;-24
3059;58;-30
3060;54;-36
3061;58;-38
3062;58;-38
3063;58;-26
3064;58;-14
3065;60;-6
3066;58;-2
3067;58;-2
3068;58;-4
3069;60;-6
3070;58;-10
3071;60;-10
3072;58;-12
3073;58;-12
3074;60;-12
3075;60;-14
3076;58;-14
3077;56;-14
3078;58;-20
3079;58;-24
3080;58;-32
3081;80;-38
3082;60;-40
3083;60;-36
3084;56;-26
3085;60;-4
3086;60;4
3087;58;10
3088;60;10
3089;60;10
3090;60;8
3091;52;4
3092;60;2
3093;58;0
3094;60;0
3095;62;-2
3096;60;-2
3097;60;-2
3098;80;-2
3099;60;-4
3100;60;-6
3101;52;-12
3102;60;-18
3103;58;-24
3104;58;-26
3105;60;-26
3106;60;-18
3107;58;-10
3108;46;0
3109;60;6
3110;58;10
3111;60;8
3112;58;8
3113;58;6
3114;60;4
3115;52;2
3116;58;2
3117;58;0
3118;62;0
3119;60;-4
3120;58;-2
3121;58;-4
3122;58;-2
3123;58;-2
3124;58;-6
3125;60;-8
3126;58;-16
3127;58;-22
3128;58;-26
3129;58;-28
3130;56;-24
3131;58;-14
3132;52;-4
3133;58;4
3134;58;8
3135;60;8
3136;58;10
3137;56;24
3138;58;22
3139;56;20
3140;56;18
3141;56;16
3142;50;14
3143;58;10
3144;56;2
3145;56;-6
3146;56;-10
3147;56;-12
3148;56;-6
3149;68;6
3150;56;18
3151;56;24
3152;54;26
3153;56;26
3154;56;22
3155;54;22
3156;44;18
3157;52;16
3158;54;16
3159;56;14
3160;54;14
3161;54;14
3162;52;14
3163;54;12
3164;54;8
3165;54;0
3166;60;-6
3167;54;-10
3168;52;-12
3169;54;-6
3170;52;2
3171;52;14
3172;52;22
3173;54;26
3174;52;26
3175;52;24
3176;52;22
3177;52;18
3178;54;18
3179;52;16
3180;54;16
3181;50;16
3182;50;14
3183;50;14
3184;50;12
3185;50;10
3186;50;2
3187;48;-4
3188;50;-8
3189;50;-10
3190;46;6
3191;50;14
3192;50;24
3193;50;34
3194;48;38
3195;48;40
3196;50;40
3197;54;40
3198;50;38
3199;50;34
3200;50;32
3201;50;32
3202;48;32
3203;48;32
3204;50;30
3205;50;30
3206;48;28
3207;52;28
3208;50;24
3209;50;16
3210;50;10
3211;50;6
3212;50;4
3213;50;10
3214;54;22
3215;50;34
3216;50;40
3217;52;40
3218;50;40
3219;52;38
3220;52;36
3221;52;34
3222;50;34
3223;50;32
3224;52;30
3225;52;30
3226;52;30
3227;52;28
3228;52;28
3229;52;22
3230;50;16
3231;56;8
3232;54;4
3233;54;2
3234;50;10
3235;52;18
3236;50;28
3237;54;36
3238;62;40
3239;54;40
3240;52;40
3241;52;40
3242;54;52
3243;54;48
3244;52;48
3245;52;44
3246;52;42
3247;52;38
3248;44;32
3249;52;26
3250;54;20
3251;56;18
3252;52;22
3253;54;30
3254;52;42
3255;74;50
3256;52;54
3257;52;56
3258;48;54
3259;54;52
3260;52;50
3261;52;48
3262;52;46
3263;54;44
3264;54;44
3265;40;44
3266;52;42
3267;54;44
3268;54;42
3269;52;36
3270;52;30
3271;52;22
3272;48;18
3273;52;16
3274;52;22
3275;56;32
3276;52;42
3277;52;50
3278;52;54
3279;52;54
3280;52;54
3281;52;50
3282;54;48
3283;54;46
3284;54;46
3285;52;44
3286;52;44
3287;52;42
3288;54;42
3289;48;42
3290;52;40
3291;52;40
3292;54;42
3293;52;42
3294;52;46
3295;52;40
3296;54;34
3297;54;28
3298;52;26
3299;44;24
3300;52;32
3301;52;40
3302;50;50
3303;52;58
3304;52;60
3305;50;62
3306;64;60
3307;52;58
3308;50;56
3309;52;54
3310;52;54
3311;52;50
3312;52;50
3313;42;50
3314;52;50
3315;52;50
3316;52;48
3317;52;46
3318;50;40
3319;50;34
3320;50;28
3321;52;24
3322;50;26
3323;56;34
3324;52;48
3325;52;56
3326;50;62
3327;50;60
3328;52;60
3329;48;58
3330;50;56
3331;50;52
3332;50;50
3333;52;50
3334;48;50
3335;50;48
3336;50;50
3337;52;48
3338;50;46
3339;50;38
3340;52;34
3341;46;30
3342;48;24
3343;48;24
3344;46;32
3345;48;42
3346;46;50
3347;46;56
3348;46;60
3349;46;60
3350;46;58
3351;46;56
3352;44;52
3353;46;52
3354;38;50
3355;46;50
3356;46;48
3357;54;48
3358;46;46
3359;44;46
3360;44;40
3361;44;34
3362;44;28
3363;44;24
3364;56;22
3365;42;28
3366;42;36
3367;40;46
3368;42;54
3369;42;58
3370;42;60
3371;34;60
3372;40;56
3373;40;52
3374;42;52
3375;40;50
3376;42;48
3377;38;50
3378;38;48
3379;38;48
3380;38;46
3381;40;46
3382;38;46
3383;38;42
3384;38;34
3385;38;28
3386;38;22
3387;36;22
3388;46;26
3389;36;34
3390;36;44
3391;36;52
3392;36;58
3393;34;58
3394;36;56
3395;28;54
3396;34;54
3397;34;54
3398;36;44
3399;34;42
3400;34;34
3401;32;28
3402;34;20
3403;34;16
3404;32;16
3405;30;24
3406;32;36
3407;32;46
3408;32;52
3409;32;52
3410;30;50
3411;32;48
3412;28;46
3413;28;44
3414;30;44
3415;32;42
3416;28;42
3417;28;40
3418;28;40
3419;28;40
3420;28;36
3421;26;28
3422;24;22
3423;26;16
3424;26;14
3425;26;18
3426;26;24
3427;24;36
3428;22;44
3429;26;50
3430;24;52
3431;22;50
3432;20;48
3433;22;46
3434;22;44
3435;20;42
3436;22;42
3437;20;40
3438;20;40
3439;22;40
3440;20;40
3441;20;38
3442;18;38
3443;18;38
3444;16;38
3445;16;30
3446;14;24
3447;14;18
3448;14;16
3449;12;16
3450;12;8
3451;12;18
3452;10;28
3453;28;34
3454;8;38
3455;8;38
3456;2;36
3457;8;34
3458;6;32
3459;6;30
3460;4;28
3461;4;28
3462;4;26
3463;-2;26
3464;4;26
3465;2;26
3466;2;22
3467;0;18
3468;0;10
3469;-2;4
3470;10;0
3471;-2;2
3472;-4;10
3473;-12;18
3474;-6;28
3475;-4;36
3476;-6;36
3477;-8;36
3478;-6;36
3479;-8;32
3480;-10;32
3481;-10;30
3482;-10;28
3483;-12;28
3484;-12;26
3485;-12;26
3486;-14;26
3487;-22;26
3488;-14;22
3489;-16;24
3490;-14;26
3491;-18;24
3492;-18;24
3493;-20;20
3494;-20;12
3495;-20;6
3496;-20;2
3497;-22;-2
3498;-22;4
3499;-24;16
3500;-24;30
3501;-24;38
3502;-26;20
3503;-26;16
3504;-28;16
3505;-28;12
3506;-28;10
3507;-28;8
3508;-30;6
3509;-30;6
3510;-30;6
3511;-52;6
3512;-32;4
3513;-34;0
3514;-36;-8
3515;-34;-14
3516;-36;-18
3517;-38;-20
3518;-38;-16
3519;-38;-6
3520;-40;4
3521;-30;12
3522;-42;16
3523;-42;16
3524;-42;16
3525;-44;14
3526;-44;12
3527;-42;10
3528;-56;8
3529;-48;8
3530;-46;6
3531;-48;6
3532;-48;6
3533;-50;6
3534;-50;4
3535;-50;4
3536;-52;0
3537;-54;-6
3538;-48;-12
3539;-54;-18
3540;-54;-20
3541;-56;-18
3542;-56;-6
3543;-58;6
3544;-58;14
3545;-62;20
3546;-60;16
3547;-60;16
3548;-58;12
3549;-64;10
3550;-64;8
3551;-66;6
3552;-64;6
3553;-64;6
3554;-68;-12
3555;-70;-18
3556;-68;-26
3557;-70;-32
3558;-70;-36
3559;-70;-38
3560;-72;-34
3561;-72;-26
3562;-70;-16
3563;-72;-8
3564;-74;-2
3565;-74;-2
3566;-78;-2
3567;-76;-4
3568;-78;-6
3569;-100;-8
3570;-78;-10
3571;-80;-10
3572;-76;-12
3573;-82;-12
3574;-82;-12
3575;-84;-14
3576;-82;-14
3577;-84;-14
3578;-86;-14
3579;-86;-16
3580;-86;-20
3581;-84;-28
3582;-88;-34
3583;-88;-36
3584;-88;-38
3585;-88;-32
3586;-96;-24
3587;-90;-12
3588;-90;-4
3589;-90;-2
3590;-92;0
3591;-94;-2
3592;-92;-6
3593;-92;-6
3594;-94;-8
3595;-92;-10
3596;-90;-12
3597;-94;-12
3598;-94;-14
3599;-96;-12
3600;-96;-14
3601;-96;-14
3602;-96;-14
3603;-90;-20
3604;-96;-26
3605;-98;-30
3606;-100;-46
3607;-100;-48
3608;-98;-44
3609;-100;-34
3610;-106;-20
3611;-98;-14
3612;-100;-14
3613;-98;-14
3614;-102;-16
3615;-100;-18
3616;-100;-20
3617;-102;-20
3618;-102;-22
3619;-102;-22
3620;-104;-24
3621;-104;-26
3622;-102;-26
3623;-102;-24
3624;-102;-24
3625;-104;-26
3626;-102;-28
3627;-102;-34
3628;-102;-40
3629;-102;-46
3630;-100;-50
3631;-104;-48
3632;-104;-38
3633;-106;-26
3634;-102;-16
3635;-104;-10
3636;-102;-14
3637;-108;-16
3638;-104;-16
3639;-104;-18
3640;-102;-20
3641;-104;-22
3642;-102;-24
3643;-104;-24
3644;-98;-24
3645;-102;-24
3646;-104;-24
3647;-104;-28
3648;-104;-34
3649;-102;-40
3650;-102;-44
3651;-100;-48
3652;-102;-46
3653;-102;-38
3654;-100;-26
3655;-100;-16
3656;-100;-12
3657;-102;-12
3658;-98;-18
3659;-100;-22
3660;-100;-24
3661;-100;-24
3662;-100;-28
3663;-96;-30
3664;-98;-38
3665;-94;-46
3666;-96;-48
3667;-96;-52
3668;-78;-52
3669;-94;-46
3670;-94;-36
3671;-96;-28
3672;-94;-22
3673;-90;-18
3674;-92;-20
3675;-92;-20
3676;-90;-22
3677;-88;-24
3678;-94;-26
3679;-90;-26
3680;-88;-28
3681;-86;-28
3682;-88;-28
3683;-86;-30
3684;-86;-30
3685;-60;-30
3686;-84;-30
3687;-82;-30
3688;-86;-32
3689;-80;-38
3690;-82;-44
3691;-80;-50
3692;-78;-52
3693;-78;-54
3694;-76;-48
3695;-88;-40
3696;-74;-28
3697;-74;-22
3698;-70;-18
3699;-72;-18
3700;-72;-20
3701;-70;-22
3702;-70;-24
3703;-70;-26
3704;-68;-26
3705;-68;-28
3706;-66;-28
3707;-66;-30
3708;-64;-30
3709;-62;-30
3710;-62;-32
3711;-60;-36
3712;-58;-44
3713;-60;-50
3714;-56;-54
3715;-58;-56
3716;-56;-54
3717;-56;-42
3718;-52;-32
3719;-58;-24
3720;-52;-20
3721;-52;-22
3722;-50;-24
3723;-48;-26
3724;-50;-28
3725;-46;-28
3726;-40;-30
3727;-46;-30
3728;-46;-32
3729;-52;-32
3730;-42;-32
3731;-42;-32
3732;-42;-38
3733;-42;-44
3734;-40;-50
3735;-38;-54
3736;-26;-56
3737;-36;-52
3738;-34;-44
3739;-36;-36
3740;-32;-26
3741;-32;-22
3742;-30;-20
3743;-44;-22
3744;-30;-24
3745;-26;-26
3746;-26;-28
3747;-26;-30
3748;-24;-30
3749;-24;-30
3750;-24;-32
3751;-22;-32
3752;-20;-34
3753;-16;-32
3754;-18;-34
3755;-18;-32
3756;-18;-38
3757;-16;-42
3758;-14;-50
3759;-12;-54
3760;-12;-56
3761;-12;-52
3762;-12;-44
3763;-8;-32
3764;-8;-24
3765;-8;-18
3766;-8;-18
3767;-4;-18
3768;-4;-22
3769;-2;-24
3770;-4;-26
3771;-2;-28
3772;-2;-28
3773;0;-28
3774;0;-28
3775;2;-28
3776;2;-28
3777;4;-30
3778;6;-34
3779;6;-40
3780;8;-46
3781;8;-50
3782;8;-54
3783;10;-48
3784;-8;-40
3785;10;-30
3786;12;-22
3787;20;-18
3788;12;-18
3789;14;-18
3790;14;-20
3791;16;-22
3792;18;-24
3793;18;-26
3794;16;-26
3795;20;-28
3796;20;-28
3797;22;-28
3798;22;-28
3799;24;-30
3800;24;-30
3801;30;-30
3802;26;-36
3803;26;-42
3804;24;-48
3805;28;-52
3806;28;-52
3807;30;-46
3808;32;-34
3809;32;-24
3810;32;-18
3811;34;-16
3812;34;-18
3813;34;-20
3814;36;-22
3815;38;-14
3816;36;-16
3817;36;-22
3818;38;-28
3819;40;-36
3820;38;-40
3821;40;-42
3822;40;-38
3823;42;-28
3824;42;-18
3825;58;-12
3826;42;-8
3827;44;-6
3828;42;-6
3829;44;-10
3830;48;-12
3831;48;-14
3832;48;-16
3833;48;-16
3834;48;-16
3835;40;-16
3836;48;-18
3837;48;-18
3838;52;-18
3839;50;-18
3840;50;-18
3841;52;-22
3842;72;-28
3843;50;-34
3844;52;-40
3845;46;-42
3846;54;-38
3847;54;-28
3848;50;-16
3849;54;-8
3850;54;-6
3851;54;-6
3852;40;-10
3853;54;-10
3854;54;-14
3855;56;-16
3856;58;-16
3857;56;-18
3858;56;-18
3859;56;-18
3860;58;-18
3861;56;-18
3862;56;-22
3863;58;-28
3864;58;-36
3865;58;-40
3866;58;-40
3867;58;-26
3868;58;-20
3869;60;-10
3870;60;0
3871;58;6
3872;58;6
3873;58;8
3874;58;4
3875;62;2
3876;56;0
3877;60;-2
3878;60;-4
3879;62;-4
3880;60;-4
3881;60;-4
3882;60;-4
3883;66;-4
3884;60;-6
3885;60;-12
3886;64;-20
3887;60;-24
3888;60;-30
3889;60;-28
3890;60;-22
3891;62;-14
3892;60;-4
3893;72;4
3894;62;6
3895;60;6
3896;62;6
3897;62;4
3898;62;2
3899;62;0
3900;50;-2
3901;62;-2
3902;62;-4
3903;62;-4
3904;62;-6
3905;60;-4
3906;62;-6
3907;62;-6
3908;62;-12
3909;60;-20
3910;66;-24
3911;62;-28
3912;60;-28
3913;60;-22
3914;62;-14
3915;62;-4
3916;62;4
3917;62;8
3918;60;10
3919;60;22
3920;64;18
3921;62;18
3922;60;14
3923;60;12
3924;64;12
3925;60;10
3926;62;10
3927;62;10
3928;60;10
3929;62;8
3930;58;2
3931;62;-6
3932;60;-12
3933;58;-16
3934;62;-14
3935;60;-8
3936;60;4
3937;62;12
3938;60;20
3939;62;22
3940;62;22
3941;42;20
3942;58;18
3943;60;16
3944;66;14
3945;58;14
3946;58;12
3947;58;12
3948;58;10
3949;58;10
3950;58;10
3951;54;10
3952;56;6
3953;56;0
3954;58;-6
3955;56;-12
3956;56;-16
3957;56;-12
3958;60;0
3959;56;10
3960;56;20
3961;54;22
3962;54;22
3963;54;20
3964;54;16
3965;54;16
3966;54;14
3967;54;12
3968;56;10
3969;54;12
3970;54;12
3971;54;24
3972;54;20
3973;54;12
3974;50;6
3975;52;2
3976;54;2
3977;52;8
3978;50;18
3979;52;28
3980;52;34
3981;50;38
3982;70;38
3983;52;36
3984;54;34
3985;50;32
3986;52;30
3987;54;28
3988;50;28
3989;52;28
3990;50;26
3991;52;26
3992;46;26
3993;52;24
3994;50;20
3995;52;14
3996;50;6
3997;50;2
3998;50;2
3999;70;8
4000;52;20
4001;52;30
4002;48;38
4003;50;38
4004;50;38
4005;50;34
4006;48;32
4007;50;30
4008;48;30
4009;40;28
4010;48;28
4011;50;28
4012;52;26
4013;48;26
4014;48;24
4015;48;18
4016;52;10
4017;50;6
4018;50;2
4019;46;2
4020;48;8
4021;48;20
4022;50;30
4023;48;48
4024;50;50
4025;48;50
4026;52;48
4027;52;46
4028;50;42
4029;50;42
4030;50;40
4031;50;38
4032;50;38
4033;50;38
4034;50;38
4035;52;36
4036;48;38
4037;50;36
4038;50;34
4039;50;28
4040;70;22
4041;50;16
4042;52;12
4043;44;14
4044;52;22
4045;52;36
4046;50;46
4047;52;50
4048;52;50
4049;54;46
4050;58;46
4051;52;44
4052;52;40
4053;54;40
4054;52;38
4055;52;38
4056;54;38
4057;56;38
4058;52;32
4059;52;26
4060;42;20
4061;52;14
4062;52;10
4063;52;16
4064;52;24
4065;54;34
4066;52;42
4067;46;48
4068;52;50
4069;52;50
4070;54;46
4071;54;44
4072;52;40
4073;54;42
4074;46;40
4075;50;44
4076;52;40
4077;54;36
4078;52;28
4079;52;24
4080;52;20
4081;52;20
4082;52;26
4083;52;36
4084;50;46
4085;52;54
4086;54;56
4087;52;56
4088;52;52
4089;52;50
4090;52;50
4091;50;46
4092;52;44
4093;52;44
4094;56;44
4095;52;44
4096;52;42
4097;54;42
4098;46;42
4099;52;38
4100;52;30
4101;52;24
4102;50;20
4103;52;18
4104;52;22
4105;52;34
4106;54;48
4107;52;54
4108;66;54
4109;52;54
4110;52;52
4111;52;48
4112;50;46
4113;52;46
4114;52;46
4115;40;44
4116;52;44
4117;52;44
4118;52;42
4119;52;42
4120;52;40
4121;50;42
4122;52;40
4123;52;34
4124;50;26
4125;52;22
4126;52;18
4127;50;18
4128;50;22
4129;50;32
4130;52;44
4131;52;52
4132;60;56
4133;52;56
4134;50;54
4135;52;52
4136;50;50
4137;50;48
4138;50;46
4139;46;44
4140;52;44
4141;50;44
4142;50;44
4143;50;42
4144;50;44
4145;48;42
4146;46;38
4147;50;30
4148;48;22
4149;52;18
4150;48;18
4151;48;24
4152;48;38
4153;46;48
4154;46;54
4155;48;56
4156;30;54
4157;46;52
4158;46;48
4159;54;48
4160;46;46
4161;46;44
4162;44;44
4163;46;44
4164;44;44
4165;44;42
4166;48;42
4167;44;40
4168;44;36
4169;44;30
4170;42;22
4171;44;20
4172;42;18
4173;38;22
4174;42;30
4175;42;40
4176;42;46
4177;40;54
4178;40;56
4179;38;52
4180;40;50
4181;40;46
4182;40;44
4183;38;42
4184;38;40
4185;38;36
4186;40;30
4187;38;22
4188;38;16
4189;36;14
4190;44;20
4191;36;32
4192;36;42
4193;34;50
4194;38;52
4195;36;52
4196;36;48
4197;26;46
4198;36;46
4199;36;42
4200;32;42
4201;36;40
4202;34;40
4203;34;40
4204;34;40
4205;36;38
4206;36;32
4207;26;24
4208;34;18
4209;34;16
4210;34;14
4211;34;20
4212;32;30
4213;34;40
4214;56;48
4215;32;50
4216;32;52
4217;28;48
4218;30;48
4219;32;46
4220;30;42
4221;30;40
4222;30;42
4223;30;40
4224;16;40
4225;28;40
4226;30;38
4227;30;38
4228;26;36
4229;28;38
4230;28;38
4231;32;26
4232;26;22
4233;26;14
4234;24;8
4235;26;6
4236;24;4
4237;24;8
4238;24;18
4239;24;28
4240;22;36
4241;26;40
4242;22;40
4243;22;40
4244;22;38
4245;20;36
4246;18;34
4247;22;32
4248;18;32
4249;18;30
4250;18;30
4251;18;30
4252;16;28
4253;14;26
4254;14;22
4255;26;16
4256;14;8
4257;14;4
4258;4;4
4259;12;10
4260;12;20
4261;10;30
4262;10;38
4263;10;40
4264;8;40
4265;16;40
4266;8;36
4267;6;34
4268;6;34
4269;6;32
4270;4;32
4271;4;30
4272;4;30
4273;2;28
4274;2;28
4275;4;28
4276;0;28
4277;0;26
4278;-2;24
4279;-2;16
4280;-4;10
4281;-2;4
4282;0;4
4283;-6;-6
4284;-6;2
4285;-6;14
4286;-8;22
4287;-8;26
4288;-8;26
4289;-10;24
4290;-10;22
4291;-10;20
4292;-8;18
4293;-12;16
4294;-12;16
4295;-14;16
4296;-14;14
4297;-14;14
4298;-16;14
4299;-18;14
4300;-16;14
4301;-18;10
4302;-20;4
4303;-20;-2
4304;-22;-8
4305;-20;-12
4306;-20;-10
4307;-22;2
4308;-24;14
4309;-22;22
4310;-26;26
4311;-26;26
4312;-28;24
4313;-44;22
4314;-28;20
4315;-28;18
4316;-26;16
4317;-30;16
4318;-32;16
4319;-32;14
4320;-34;14
4321;-32;12
4322;-34;8
4323;-22;2
4324;-36;-4
4325;-36;-10
4326;-38;-14
4327;-36;-8
4328;-40;0
4329;-40;10
4330;-54;20
4331;-40;24
4332;-40;26
4333;-40;24
4334;-42;24
4335;-42;6
4336;-44;4
4337;-44;2
4338;-46;2
4339;-48;-2
4340;-42;-6
4341;-48;-14
4342;-50;-20
4343;-50;-24
4344;-50;-26
4345;-52;-22
4346;-54;-10
4347;-48;2
4348;-56;8
4349;-56;10
4350;-58;10
4351;-56;8
4352;-58;4
4353;-58;2
4354;-70;0
4355;-60;0
4356;-60;-2
4357;-60;-2
4358;-60;-4
4359;-62;-4
4360;-64;-2
4361;-64;-4
4362;-64;-8
4363;-66;-12
4364;-68;-18
4365;-68;-24
4366;-68;-26
4367;-68;-24
4368;-70;-14
4369;-70;-4
4370;-70;6
4371;-74;10
4372;-74;10
4373;-74;8
4374;-68;6
4375;-74;4
4376;-76;2
4377;-76;0
4378;-76;0
4379;-76;-2
4380;-78;-2
4381;-84;-6
4382;-78;-10
4383;-80;-18
4384;-78;-24
4385;-80;-28
4386;-84;-24
4387;-82;-18
4388;-78;-22
4389;-84;-14
4390;-86;-8
4391;-88;-4
4392;-86;-4
4393;-86;-6
4394;-86;-10
4395;-86;-12
4396;-86;-12
4397;-88;-14
4398;-88;-14
4399;-90;-16
4400;-88;-16
4401;-90;-20
4402;-90;-26
4403;-90;-34
4404;-90;-38
4405;-92;-40
4406;-92;-38
4407;-92;-30
4408;-92;-20
4409;-92;-12
4410;-94;-6
4411;-94;-4
4412;-78;-4
4413;-94;-6
4414;-96;-10
4415;-104;-12
4416;-94;-12
4417;-96;-14
4418;-96;-14
4419;-94;-14
4420;-96;-16
4421;-96;-16
4422;-96;-16
4423;-98;-16
4424;-98;-18
4425;-96;-20
4426;-98;-28
4427;-98;-34
4428;-98;-38
4429;-90;-40
4430;-100;-36
4431;-100;-24
4432;-98;-12
4433;-98;-6
4434;-98;-4
4435;-100;-4
4436;-100;-8
4437;-98;-10
4438;-98;-10
4439;-96;-12
4440;-96;-22
4441;-100;-28
4442;-100;-34
4443;-100;-40
4444;-100;-44
4445;-100;-46
4446;-104;-40
4447;-100;-28
4448;-100;-18
4449;-98;-12
4450;-100;-12
4451;-100;-12
4452;-102;-14
4453;-102;-16
4454;-102;-18
4455;-100;-20
4456;-100;-22
4457;-100;-20
4458;-98;-24
4459;-100;-24
4460;-98;-24
4461;-100;-22
4462;-100;-22
4463;-102;-26
4464;-98;-30
4465;-98;-36
4466;-96;-42
4467;-98;-46
4468;-98;-46
4469;-96;-42
4470;-94;-28
4471;-96;-18
4472;-96;-12
4473;-102;-10
4474;-94;-12
4475;-94;-14
4476;-96;-16
4477;-94;-18
4478;-94;-20
4479;-90;-22
4480;-84;-22
4481;-90;-22
4482;-92;-22
4483;-90;-22
4484;-88;-24
4485;-90;-26
4486;-88;-34
4487;-88;-40
4488;-88;-46
4489;-86;-46
4490;-86;-42
4491;-84;-32
4492;-84;-32
4493;-84;-24
4494;-84;-20
4495;-80;-18
4496;-80;-20
4497;-76;-22
4498;-78;-26
4499;-78;-26
4500;-78;-28
4501;-76;-28
4502;-76;-28
4503;-74;-30
4504;-78;-30
4505;-74;-30
4506;-72;-30
4507;-70;-32
4508;-72;-32
4509;-70;-40
4510;-70;-46
4511;-64;-52
4512;-68;-54
4513;-66;-50
4514;-66;-46
4515;-66;-36
4516;-64;-26
4517;-64;-20
4518;-64;-18
4519;-62;-20
4520;-60;-20
4521;-54;-22
4522;-60;-26
4523;-60;-26
4524;-56;-28
4525;-56;-28
4526;-56;-30
4527;-54;-30
4528;-76;-28
4529;-54;-30
4530;-54;-30
4531;-44;-30
4532;-48;-30
4533;-50;-34
4534;-48;-40
4535;-48;-46
4536;-48;-50
4537;-46;-54
4538;-34;-50
4539;-44;-42
4540;-42;-34
4541;-40;-24
4542;-40;-18
4543;-38;-16
4544;-38;-22
4545;-48;-24
4546;-36;-26
4547;-36;-28
4548;-34;-30
4549;-34;-30
4550;-32;-32
4551;-32;-32
4552;-30;-32
4553;-30;-36
4554;-28;-40
4555;-26;-48
4556;-26;-52
4557;-26;-56
4558;-24;-54
4559;-22;-46
4560;-24;-32
4561;-24;-24
4562;-14;-24
4563;-20;-22
4564;-20;-24
4565;-18;-26
4566;-18;-26
4567;-16;-28
4568;-14;-30
4569;-22;-30
4570;-12;-32
4571;-12;-32
4572;-10;-32
4573;-10;-34
4574;-8;-40
4575;-8;-44
4576;-6;-50
4577;-6;-54
4578;-6;-56
4579;-4;-50
4580;-2;-38
4581;-2;-28
4582;0;-22
4583;0;-22
4584;2;-22
4585;2;-24
4586;22;-26
4587;2;-28
4588;6;-28
4589;6;-30
4590;6;-32
4591;8;-32
4592;8;-32
4593;8;-34
4594;10;-32
4595;10;-34
4596;14;-32
4597;12;-34
4598;14;-40
4599;16;-46
4600;16;-50
4601;16;-52
4602;18;-50
4603;22;-42
4604;20;-34
4605;20;-24
4606;22;-20
4607;22;-16
4608;24;-18
4609;24;-18
4610;26;-20
4611;24;-24
4612;26;-26
4613;26;-24
4614;28;-26
4615;30;-26
4616;30;-28
4617;30;-28
4618;32;-28
4619;30;-30
4620;38;-30
4621;34;-36
4622;34;-42
4623;32;-46
4624;34;-52
4625;36;-50
4626;36;-42
4627;26;-32
4628;38;-22
4629;38;-18
4630;40;-16
4631;40;-18
4632;40;-20
4633;40;-22
4634;42;-24
4635;42;-26
4636;44;-26
4637;40;-26
4638;44;-28
4639;44;-28
4640;46;-28
4641;48;-28
4642;44;-32
4643;46;-36
4644;50;-44
4645;48;-50
4646;48;-50
4647;48;-48
4648;48;-32
4649;48;-24
4650;50;-18
4651;50;-16
4652;50;-18
4653;50;-18
4654;44;-20
4655;52;-22
4656;54;-22
4657;52;-20
4658;52;-20
4659;54;-20
4660;54;-16
4661;58;-12
4662;54;-10
4663;54;-12
4664;54;-12
4665;54;-14
4666;54;-14
4667;54;-16
4668;54;-16
4669;56;-16
4670;54;-16
4671;58;-18
4672;56;-18
4673;56;-18
4674;56;-18
4675;56;-20
4676;56;-20
4677;56;-18
4678;54;-20
4679;56;-22
4680;56;-28
4681;58;-34
4682;58;-40
4683;56;-42
4684;58;-40
4685;68;-30
4686;56;-18
4687;58;-10
4688;50;-6
4689;58;-6
4690;58;-10
4691;58;-10
4692;56;-14
4693;58;-14
4694;58;-16
4695;58;-16
4696;58;-18
4697;60;-20
4698;62;-18
4699;60;-16
4700;58;-4
4701;60;-10
4702;68;-16
4703;60;-22
4704;60;-26
4705;54;-28
4706;60;-22
4707;60;-10
4708;60;0
4709;62;8
4710;62;10
4711;60;8
4712;64;6
4713;60;4
4714;62;2
4715;62;0
4716;62;-2
4717;62;-2
4718;62;-2
4719;56;-2
4720;62;-4
4721;62;-10
4722;66;-16
4723;62;-22
4724;60;-26
4725;62;-28
4726;62;-24
4727;62;-14
4728;60;-4
4729;58;6
4730;60;8
4731;60;10
4732;60;8
4733;62;6
4734;60;4
4735;60;2
4736;58;-2
4737;62;-2
4738;60;-2
4739;62;-4
4740;62;-2
4741;60;-4
4742;62;-4
4743;36;-10
4744;58;-16
4745;60;-24
4746;66;-26
4747;60;-28
4748;60;-22
4749;58;-14
4750;58;-2
4751;58;6
4752;60;28
4753;72;28
4754;60;26
4755;58;24
4756;58;22
4757;58;20
4758;56;18
4759;58;16
4760;44;16
4761;56;16
4762;58;16
4763;58;16
4764;56;14
4765;56;12
4766;56;6
4767;58;-2
4768;56;-8
4769;54;-10
4770;60;-8
4771;56;0
4772;56;10
4773;54;18
4774;54;26
4775;54;28
4776;54;26
4777;58;26
4778;56;24
4779;54;22
4780;56;18
4781;52;18
4782;54;16
4783;54;16
4784;56;16
4785;52;16
4786;54;16
4787;54;16
4788;52;14
4789;52;8
4790;54;2
4791;52;-6
4792;54;-10
4793;54;-10
4794;52;-4
4795;52;6
4796;50;14
4797;52;22
4798;50;26
4799;52;28
4800;52;26
4801;36;22
4802;52;22
4803;52;22
4804;58;36
4805;52;34
4806;50;30
4807;50;22
4808;50;14
4809;50;10
4810;50;10
4811;54;14
4812;50;26
4813;52;38
4814;50;44
4815;50;44
4816;50;44
4817;52;42
4818;54;40
4819;48;38
4820;50;34
4821;48;34
4822;48;34
4823;50;32
4824;50;32
4825;48;32
4826;48;30
4827;48;26
4828;48;20
4829;48;12
4830;50;10
4831;50;8
4832;50;12
4833;50;22
4834;48;30
4835;52;40
4836;50;44
4837;50;44
4838;48;44
4839;50;42
4840;50;38
4841;52;36
4842;68;36
4843;50;34
4844;50;34
4845;46;32
4846;50;32
4847;50;32
4848;52;32
4849;50;32
4850;50;30
4851;52;26
4852;42;18
4853;50;10
4854;52;8
4855;52;8
4856;52;26
4857;52;34
4858;52;44
4859;70;52
4860;52;54
4861;50;56
4862;44;54
4863;54;50
4864;52;50
4865;50;46
4866;54;46
4867;52;46
4868;50;44
4869;42;44
4870;52;44
4871;52;42
4872;52;42
4873;54;36
4874;54;28
4875;54;22
4876;50;18
4877;52;20
4878;52;26
4879;54;40
4880;52;50
4881;52;54
4882;50;56
4883;52;54
4884;52;52
4885;52;50
4886;54;48
4887;52;46
4888;54;46
4889;52;44
4890;52;44
4891;52;42
4892;54;42
4893;50;38
4894;52;32
4895;52;26
4896;54;20
4897;52;18
4898;54;22
4899;54;30
4900;42;38
4901;54;48
4902;52;54
4903;54;56
4904;54;54
4905;54;50
4906;52;50
4907;54;48
4908;54;54
4909;54;52
4910;64;44
4911;54;38
4912;54;32
4913;54;26
4914;54;24
4915;52;32
4916;54;40
4917;46;50
4918;52;58
4919;54;62
4920;52;62
4921;52;60
4922;52;58
4923;54;54
4924;54;54
4925;54;52
4926;54;52
4927;58;50
4928;52;50
4929;54;50
4930;54;50
4931;52;48
4932;52;48
4933;54;44
4934;50;36
4935;54;30
4936;52;24
4937;56;24
4938;52;30
4939;52;38
4940;52;48
4941;54;56
4942;52;60
4943;52;62
4944;48;60
4945;50;58
4946;52;54
4947;50;54
4948;50;52
4949;50;50
4950;52;50
4951;52;50
4952;50;48
4953;50;50
4954;52;50
4955;48;48
4956;48;48
4957;48;42
4958;32;40
4959;48;34
4960;46;28
4961;52;24
4962;48;24
4963;48;30
4964;46;38
4965;46;48
4966;44;54
4967;46;60
4968;40;60
4969;44;60
4970;44;58
4971;46;56
4972;44;52
4973;44;50
4974;44;50
4975;44;50
4976;42;48
4977;44;48
4978;42;48
4979;42;48
4980;42;44
4981;40;40
4982;42;32
4983;42;26
4984;40;22
4985;42;24
4986;42;30
4987;40;40
4988;40;50
4989;40;58
4990;40;60
4991;38;60
4992;46;58
4993;40;56
4994;38;52
4995;36;52
4996;40;50
4997;38;48
4998;38;48
4999;28;48
5000;36;48
5001;36;48
5002;38;46
5003;36;44
5004;36;40
5005;38;32
5006;36;28
5007;36;24
5008;34;22
5009;32;28
5010;34;42
5011;36;54
5012;34;60
5013;34;52
5014;34;48
5015;34;46
5016;38;44
5017;34;42
5018;32;40
5019;34;40
5020;32;38
5021;32;38
5022;32;38
5023;30;38
5024;32;36
5025;32;30
5026;20;24
5027;30;18
5028;30;14
5029;30;12
5030;30;18
5031;30;26
5032;30;36
5033;32;46
5034;28;48
5035;30;50
5036;24;48
5037;28;46
5038;28;44
5039;28;42
5040;26;42
5041;26;40
5042;24;38
5043;28;38
5044;26;38
5045;24;38
5046;24;38
5047;24;38
5048;24;36
5049;22;34
5050;24;30
5051;22;24
5052;20;16
5053;22;12
5054;20;12
5055;20;18
5056;18;26
5057;26;36
5058;18;44
5059;16;48
5060;8;48
5061;16;46
5062;14;44
5063;14;44
5064;14;42
5065;12;24
5066;12;22
5067;4;16
5068;12;8
5069;12;2
5070;12;-4
5071;10;-4
5072;8;6
5073;10;18
5074;20;30
5075;8;32
5076;8;34
5077;0;32
5078;6;30
5079;4;28
5080;4;26
5081;2;22
5082;2;24
5083;4;22
5084;-12;22
5085;0;20
5086;-2;20
5087;0;20
5088;-2;18
5089;-2;14
5090;-4;6
5091;-4;-2
5092;-4;-6
5093;-6;-2
5094;-6;6
5095;-10;20
5096;-8;28
5097;-10;32
5098;-10;30
5099;-10;30
5100;-12;28
5101;-10;24
5102;-12;24
5103;-12;24
5104;-14;22
5105;-14;22
5106;-14;20
5107;-14;20
5108;-20;18
5109;-18;12
5110;-18;4
5111;-18;-2
5112;-18;-6
5113;-20;-6
5114;-20;2
5115;-14;16
5116;-22;26
5117;-24;16
5118;-32;16
5119;-26;16
5120;-26;14
5121;-26;12
5122;-26;10
5123;-26;8
5124;-28;6
5125;-18;6
5126;-30;6
5127;-32;4
5128;-30;4
5129;-32;6
5130;-32;2
5131;-32;-2
5132;-42;-8
5133;-36;-14
5134;-36;-20
5135;-34;-22
5136;-38;-18
5137;-38;-10
5138;-40;0
5139;-40;8
5140;-42;14
5141;-42;16
5142;-36;14
5143;-44;14
5144;-44;12
5145;-44;10
5146;-48;8
5147;-46;6
5148;-48;4
5149;-48;6
5150;-50;4
5151;-50;4
5152;-48;4
5153;-52;4
5154;-52;0
5155;-54;-6
5156;-52;-14
5157;-56;-18
5158;-56;-20
5159;-60;-18
5160;-60;-8
5161;-60;4
5162;-62;14
5163;-60;16
5164;-60;16
5165;-62;12
5166;-60;12
5167;-64;10
5168;-64;10
5169;-66;-10
5170;-66;-14
5171;-66;-20
5172;-68;-28
5173;-92;-32
5174;-70;-36
5175;-72;-34
5176;-62;-24
5177;-72;-12
5178;-72;-4
5179;-76;0
5180;-74;0
5181;-74;-2
5182;-76;-4
5183;-74;-6
5184;-78;-8
5185;-78;-10
5186;-78;-10
5187;-80;-12
5188;-80;-12
5189;-80;-12
5190;-82;-12
5191;-84;-14
5192;-84;-18
5193;-84;-26
5194;-84;-30
5195;-84;-36
5196;-84;-36
5197;-86;-32
5198;-86;-24
5199;-86;-14
5200;-84;-6
5201;-88;0
5202;-88;0
5203;-88;0
5204;-88;-2
5205;-88;-6
5206;-88;-8
5207;-90;-8
5208;-90;-12
5209;-90;-10
5210;-92;-12
5211;-92;-12
5212;-92;-12
5213;-92;-12
5214;-72;-14
5215;-92;-16
5216;-94;-20
5217;-94;-30
5218;-92;-34
5219;-94;-36
5220;-94;-32
5221;-96;-34
5222;-94;-26
5223;-96;-22
5224;-98;-20
5225;-96;-20
5226;-96;-22
5227;-94;-24
5228;-96;-24
5229;-98;-24
5230;-98;-24
5231;-78;-22
5232;-100;-16
5233;-100;-14
5234;-100;-12
5235;-98;-12
5236;-100;-16
5237;-100;-16
5238;-100;-18
5239;-100;-20
5240;-100;-20
5241;-112;-20
5242;-100;-20
5243;-100;-22
5244;-100;-20
5245;-102;-20
5246;-102;-22
5247;-100;-20
5248;-98;-20
5249;-102;-22
5250;-102;-22
5251;-106;-22
5252;-104;-24
5253;-102;-26
5254;-104;-32
5255;-100;-38
5256;-102;-42
5257;-102;-44
5258;-100;-40
5259;-102;-28
5260;-102;-16
5261;-100;-10
5262;-100;-8
5263;-102;-10
5264;-102;-12
5265;-102;-14
5266;-100;-16
5267;-102;-18
5268;-102;-18
5269;-100;-20
5270;-102;-20
5271;-100;-20
5272;-84;-20
5273;-100;-26
5274;-100;-32
5275;-108;-38
5276;-98;-44
5277;-98;-46
5278;-100;-48
5279;-98;-46
5280;-96;-38
5281;-98;-26
5282;-86;-18
5283;-96;-14
5284;-96;-14
5285;-94;-16
5286;-94;-16
5287;-94;-20
5288;-92;-22
5289;-96;-22
5290;-92;-24
5291;-90;-24
5292;-92;-26
5293;-92;-26
5294;-90;-26
5295;-90;-26
5296;-90;-26
5297;-88;-26
5298;-86;-26
5299;-84;-26
5300;-86;-28
5301;-86;-30
5302;-86;-36
5303;-84;-42
5304;-82;-46
5305;-80;-50
5306;-86;-46
5307;-80;-40
5308;-80;-30
5309;-74;-22
5310;-78;-16
5311;-78;-16
5312;-76;-14
5313;-76;-16
5314;-74;-20
5315;-74;-20
5316;-74;-22
5317;-72;-24
5318;-70;-24
5319;-70;-24
5320;-68;-26
5321;-68;-26
5322;-68;-26
5323;-64;-26
5324;-66;-24
5325;-62;-26
5326;-64;-36
5327;-64;-42
5328;-64;-48
5329;-62;-50
5330;-82;-52
5331;-58;-48
5332;-58;-42
5333;-50;-30
5334;-56;-22
5335;-56;-18
5336;-56;-18
5337;-54;-18
5338;-52;-20
5339;-50;-22
5340;-44;-24
5341;-50;-26
5342;-48;-26
5343;-48;-26
5344;-46;-28
5345;-46;-28
5346;-46;-28
5347;-50;-28
5348;-44;-30
5349;-44;-34
5350;-40;-42
5351;-40;-46
5352;-40;-52
5353;-38;-52
5354;-38;-48
5355;-38;-38
5356;-38;-28
5357;-34;-22
5358;-34;-18
5359;-32;-18
5360;-30;-18
5361;-30;-20
5362;-28;-22
5363;-30;-24
5364;-24;-26
5365;-26;-26
5366;-26;-28
5367;-26;-28
5368;-22;-28
5369;-22;-28
5370;-22;-30
5371;-12;-34
5372;-18;-40
5373;-18;-46
5374;-16;-50
5375;-16;-52
5376;-18;-44
5377;-14;-36
5378;-12;-26
5379;-12;-20
5380;-10;-16
5381;-12;-16
5382;-8;-18
5383;-6;-20
5384;-4;-20
5385;-6;-24
5386;-6;-24
5387;-4;-24
5388;14;-26
5389;-2;-26
5390;0;-28
5391;0;-28
5392;2;-34
5393;4;-38
5394;4;-44
5395;6;-50
5396;4;-50
5397;8;-46
5398;-2;-36
5399;8;-28
5400;10;-20
5401;12;-16
5402;12;-16
5403;12;-16
5404;14;-18
5405;18;-20
5406;14;-22
5407;16;-24
5408;14;-24
5409;18;-26
5410;20;-26
5411;18;-26
5412;22;-28
5413;22;-26
5414;24;-28
5415;26;-30
5416;24;-38
5417;28;-44
5418;26;-46
5419;30;-50
5420;28;-46
5421;30;-36
5422;30;-24
5423;32;-18
5424;32;-14
5425;32;-16
5426;34;-18
5427;34;-20
5428;34;-20
5429;54;-16
5430;36;-18
5431;36;-24
5432;34;-32
5433;38;-36
5434;40;-42
5435;40;-44
5436;40;-38
5437;42;-30
5438;42;-20
5439;54;-12
5440;42;-10
5441;44;-8
5442;44;-8
5443;44;-10
5444;46;-14
5445;46;-14
5446;42;-16
5447;46;-18
5448;48;-18
5449;42;-18
5450;46;-18
5451;48;-20
5452;46;-20
5453;48;-22
5454;48;-28
5455;50;-34
5456;50;-40
5457;50;-42
5458;50;-42
5459;50;-30
5460;50;-18
5461;50;-10
5462;52;-8
5463;46;-8
5464;52;-10
5465;50;-12
5466;56;-14
5467;52;-14
5468;54;-18
5469;54;-18
5470;54;-18
5471;54;-18
5472;54;-20
5473;50;-22
5474;54;-26
5475;54;-34
5476;54;-40
5477;54;-44
5478;54;-42
5479;56;-32
5480;58;-18
5481;56;2
5482;56;4
5483;56;4
5484;56;2
5485;56;-2
5486;56;-4
5487;42;-6
5488;56;-8
5489;58;-8
5490;62;-8
5491;58;-10
5492;58;-10
5493;58;-14
5494;58;-20
5495;58;-26
5496;58;-32
5497;70;-34
5498;58;-30
5499;60;-22
5500;58;-12
5501;58;-4
5502;60;2
5503;58;4
5504;44;2
5505;60;0
5506;60;-2
5507;62;-4
5508;60;-6
5509;60;-8
5510;58;-8
5511;60;-8
5512;60;-8
5513;60;-10
5514;60;-12
5515;60;-18
5516;62;-26
5517;60;-30
5518;60;-34
5519;60;-30
5520;60;-22
5521;68;-14
5522;60;-4
5523;60;0
5524;58;2
5525;62;2
5526;62;0
5527;60;-2
5528;54;-4
5529;60;-6
5530;60;-8
5531;62;-8
5532;60;-6
5533;60;6
5534;60;2
5535;60;-2
5536;62;-12
5537;62;-16
5538;64;-20
5539;58;-16
5540;60;-6
5541;62;6
5542;60;16
5543;60;18
5544;62;16
5545;38;16
5546;60;14
5547;60;12
5548;68;10
5549;60;8
5550;60;8
5551;58;8
5552;60;6
5553;60;6
5554;60;6
5555;66;2
5556;58;-4
5557;58;-12
5558;58;-16
5559;60;-20
5560;56;-16
5561;56;-10
5562;50;2
5563;58;10
5564;58;16
5565;60;20
5566;58;16
5567;58;16
5568;56;12
5569;56;12
5570;58;10
5571;56;8
5572;60;8
5573;56;6
5574;56;6
5575;56;6
5576;54;6
5577;56;6
5578;54;2
5579;60;-4
5580;56;-12
5581;54;-18
5582;54;-22
5583;54;-18
5584;54;-8
5585;52;18
5586;48;28
5587;54;32
5588;52;34
5589;52;32
5590;54;32
5591;54;30
5592;52;26
5593;52;24
5594;52;24
5595;50;24
5596;46;22
5597;52;22
5598;52;22
5599;52;20
5600;52;18
5601;50;12
5602;54;4
5603;62;-2
5604;52;-4
5605;50;0
5606;54;12
5607;50;24
5608;50;32
5609;52;32
5610;50;32
5611;50;32
5612;50;30
5613;46;28
5614;52;26
5615;50;24
5616;52;24
5617;50;22
5618;50;24
5619;50;20
5620;54;18
5621;50;12
5622;50;6
5623;48;0
5624;52;-4
5625;50;-2
5626;50;6
5627;50;16
5628;48;26
5629;48;32
5630;50;34
5631;50;32
5632;48;32
5633;48;30
5634;50;26
5635;48;24
5636;50;26
5637;50;26
5638;50;36
5639;48;34
5640;46;26
5641;48;20
5642;50;14
5643;50;10
5644;68;12
5645;48;20
5646;48;30
5647;44;40
5648;50;44
5649;50;46
5650;50;46
5651;50;44
5652;50;42
5653;50;40
5654;40;40
5655;48;38
5656;50;36
5657;52;36
5658;50;36
5659;50;36
5660;52;32
5661;70;28
5662;50;20
5663;50;14
5664;40;10
5665;50;10
5666;50;18
5667;50;32
5668;50;42
5669;50;46
5670;50;48
5671;54;44
5672;50;42
5673;52;40
5674;54;38
5675;52;38
5676;50;36
5677;52;36
5678;44;34
5679;52;36
5680;50;34
5681;54;34
5682;50;32
5683;52;26
5684;50;18
5685;52;12
5686;52;8
5687;50;10
5688;52;18
5689;50;30
5690;50;44
5691;50;52
5692;52;54
5693;50;54
5694;50;52
5695;48;50
5696;52;46
5697;52;46
5698;54;44
5699;52;44
5700;52;44
5701;52;44
5702;54;42
5703;52;42
5704;54;42
5705;46;42
5706;54;38
5707;54;34
5708;54;26
5709;54;20
5710;54;16
5711;54;18
5712;64;24
5713;54;34
5714;54;44
5715;54;50
5716;54;54
5717;54;54
5718;54;52
5719;50;50
5720;54;46
5721;56;46
5722;52;44
5723;54;44
5724;54;42
5725;54;42
5726;54;42
5727;54;42
5728;54;42
5729;60;40
5730;56;38
5731;54;32
5732;56;24
5733;56;20
5734;54;16
5735;54;18
5736;52;26
5737;54;34
5738;54;44
5739;56;50
5740;52;54
5741;52;54
5742;52;56
5743;56;54
5744;52;54
5745;54;50
5746;56;50
5747;52;46
5748;52;38
5749;52;32
5750;52;24
5751;52;22
5752;52;24
5753;52;34
5754;52;46
5755;50;56
5756;52;58
5757;50;58
5758;50;56
5759;52;54
5760;42;52
5761;48;50
5762;48;50
5763;58;48
5764;50;48
5765;50;46
5766;48;46
5767;48;44
5768;50;40
5769;48;32
5770;54;26
5771;48;22
5772;46;22
5773;46;28
5774;46;42
5775;46;52
5776;48;56
5777;46;58
5778;46;58
5779;48;54
5780;44;52
5781;46;52
5782;44;48
5783;44;48
5784;44;46
5785;44;46
5786;42;46
5787;44;46
5788;42;44
5789;42;40
5790;42;30
5791;42;26
5792;42;22
5793;42;22
5794;46;26
5795;40;36
5796;40;46
5797;38;52
5798;38;56
5799;40;58
5800;40;54
5801;52;52
5802;38;50
5803;38;48
5804;38;46
5805;38;46
5806;40;44
5807;38;46
5808;38;44
5809;38;44
5810;38;44
5811;30;42
5812;36;34
5813;36;26
5814;38;22
5815;36;20
5816;36;20
5817;36;32
5818;58;44
5819;34;52
5820;36;56
5821;28;56
5822;34;56
5823;34;52
5824;34;50
5825;34;48
5826;34;46
5827;34;44
5828;28;44
5829;32;44
5830;34;44
5831;34;44
5832;32;42
5833;32;38
5834;32;30
5835;28;24
5836;32;20
5837;30;20
5838;30;22
5839;30;34
5840;30;44
5841;30;52
5842;28;54
5843;30;56
5844;28;54
5845;30;54
5846;26;42
5847;28;40
5848;26;38
5849;28;36
5850;26;34
5851;24;28
5852;18;20
5853;22;12
5854;24;10
5855;24;10
5856;22;14
5857;24;24
5858;22;34
5859;28;42
5860;22;46
5861;20;46
5862;12;46
5863;20;42
5864;20;40
5865;18;38
5866;18;36
5867;18;36
5868;18;34
5869;18;34
5870;14;34
5871;16;34
5872;16;32
5873;16;34
5874;14;34
5875;14;30
5876;16;24
5877;12;16
5878;12;10
5879;4;6
5880;10;10
5881;10;18
5882;8;28
5883;10;38
5884;8;44
5885;6;46
5886;8;46
5887;6;42
5888;8;40
5889;6;38
5890;6;36
5891;4;36
5892;4;34
5893;-2;34
5894;2;32
5895;2;32
5896;4;34
5897;0;34
5898;0;16
5899;0;12
5900;-2;4
5901;-4;-2
5902;-4;-6
5903;-6;-8
5904;-6;-2
5905;-6;12
5906;-6;22
5907;-6;30
5908;-8;30
5909;-6;30
5910;-4;28
5911;-10;24
5912;-10;24
5913;-10;22
5914;-12;20
5915;-12;18
5916;-12;18
5917;-36;18
5918;-14;18
5919;-16;18
5920;-10;16
5921;-16;16
5922;-16;14
5923;-18;6
5924;-20;-2
5925;-20;-6
5926;-20;-8
5927;-6;-4
5928;-20;2
5929;-22;14
5930;-24;24
5931;-24;28
5932;-24;30
5933;-26;28
5934;-40;28
5935;-26;24
5936;-28;22
5937;-26;22
5938;-28;20
5939;-28;20
5940;-30;18
5941;-30;18
5942;-34;18
5943;-32;18
5944;-30;18
5945;-36;16
5946;-36;10
5947;-36;4
5948;-40;-4
5949;-38;-6
5950;-42;-26
5951;-34;-20
5952;-42;-12
5953;-44;-2
5954;-44;8
5955;-46;10
5956;-46;12
5957;-48;10
5958;-56;10
5959;-48;6
5960;-50;6
5961;-50;4
5962;-50;2
5963;-50;2
5964;-52;0
5965;-54;0
5966;-54;0
5967;-56;-2
5968;-56;0
5969;-56;-4
5970;-58;-6
5971;-58;-14
5972;-60;-22
5973;-60;-24
5974;-60;-24
5975;-58;-18
5976;-62;-6
5977;-66;6
5978;-72;12
5979;-66;12
5980;-66;10
5981;-68;8
5982;-68;4
5983;-70;4
5984;-70;2
5985;-82;2
5986;-70;0
5987;-72;0
5988;-72;0
5989;-74;0
5990;-76;0
5991;-76;-2
5992;-72;-10
5993;-76;-16
5994;-76;-22
5995;-80;-24
5996;-78;-24
5997;-80;-18
5998;-80;-8
5999;-80;2
6000;-80;10
6001;-82;14
6002;-84;-2
6003;-82;-6
6004;-84;-10
6005;-84;-10
6006;-84;-14
6007;-84;-14
6008;-86;-16
6009;-82;-16
6010;-86;-16
6011;-88;-16
6012;-90;-20
6013;-86;-24
6014;-88;-30
6015;-88;-36
6016;-74;-40
6017;-88;-40
6018;-90;-36
6019;-92;-22
6020;-90;-12
6021;-90;-6
6022;-92;-6
6023;-92;-6
6024;-92;-8
6025;-92;-10
6026;-98;-12
6027;-94;-14
6028;-92;-14
6029;-92;-16
6030;-94;-16
6031;-96;-16
6032;-94;-16
6033;-72;-18
6034;-96;-18
6035;-96;-18
6036;-100;-18
6037;-96;-22
6038;-98;-30
6039;-98;-34
6040;-98;-38
6041;-100;-42
6042;-98;-38
6043;-110;-28
6044;-100;-20
6045;-100;-10
6046;-100;-6
6047;-98;-4
6048;-102;-6
6049;-100;-8
6050;-98;-10
6051;-100;-12
6052;-100;-14
6053;-98;-14
6054;-102;-24
6055;-102;-26
6056;-102;-34
6057;-102;-40
6058;-102;-44
6059;-102;-48
6060;-102;-48
6061;-100;-42
6062;-102;-32
6063;-104;-22
6064;-102;-16
6065;-102;-14
6066;-100;-14
6067;-106;-16
6068;-102;-18
6069;-102;-20
6070;-102;-22
6071;-102;-22
6072;-102;-24
6073;-102;-24
6074;-100;-24
6075;-102;-24
6076;-104;-26
6077;-110;-26
6078;-100;-26
6079;-100;-26
6080;-102;-32
6081;-100;-38
6082;-102;-44
6083;-100;-48
6084;-92;-48
6085;-98;-44
6086;-98;-32
6087;-98;-22
6088;-98;-16
6089;-100;-14
6090;-98;-16
6091;-100;-18
6092;-96;-20
6093;-96;-20
6094;-98;-22
6095;-96;-24
6096;-96;-24
6097;-96;-24
6098;-94;-26
6099;-92;-26
6100;-92;-28
6101;-88;-34
6102;-92;-40
6103;-90;-46
6104;-90;-48
6105;-88;-46
6106;-90;-40
6107;-88;-36
6108;-88;-32
6109;-86;-28
6110;-86;-30
6111;-80;-30
6112;-86;-32
6113;-82;-34
6114;-84;-36
6115;-78;-34
6116;-80;-30
6117;-80;-28
6118;-82;-24
6119;-80;-24
6120;-78;-24
6121;-78;-26
6122;-78;-26
6123;-76;-26
6124;-74;-30
6125;-70;-30
6126;-74;-28
6127;-72;-30
6128;-70;-30
6129;-70;-30
6130;-70;-30
6131;-68;-32
6132;-92;-32
6133;-66;-32
6134;-66;-36
6135;-60;-42
6136;-64;-48
6137;-64;-52
6138;-64;-54
6139;-62;-48
6140;-62;-38
6141;-60;-26
6142;-60;-22
6143;-58;-20
6144;-58;-20
6145;-58;-22
6146;-54;-24
6147;-54;-26
6148;-56;-28
6149;-50;-28
6150;-52;-28
6151;-52;-30
6152;-50;-30
6153;-50;-30
6154;-48;-32
6155;-48;-38
6156;-46;-46
6157;-46;-50
6158;-44;-52
6159;-44;-56
6160;-42;-50
6161;-42;-42
6162;-40;-32
6163;-40;-26
6164;-40;-24
6165;-38;-24
6166;-30;-26
6167;-36;-28
6168;-36;-30
6169;-36;-30
6170;-32;-32
6171;-32;-34
6172;-30;-34
6173;-40;-34
6174;-28;-34
6175;-28;-34
6176;-26;-36
6177;-26;-36
6178;-26;-42
6179;-24;-48
6180;-24;-54
6181;-22;-58
6182;-22;-56
6183;-22;-50
6184;-20;-36
6185;-20;-28
6186;-18;-24
6187;-16;-24
6188;-16;-24
6189;-14;-26
6190;-12;-28
6191;-12;-30
6192;-12;-32
6193;-8;-32
6194;-10;-34
6195;-8;-36
6196;-8;-34
6197;-4;-36
6198;-4;-42
6199;-2;-46
6200;-8;-52
6201;0;-56
6202;2;-58
6203;4;-52
6204;4;-44
6205;4;-34
6206;4;-28
6207;10;-24
6208;8;-24
6209;8;-24
6210;8;-18
6211;10;-22
6212;10;-26
6213;14;-26
6214;16;-28
6215;14;-30
6216;16;-34
6217;18;-42
6218;18;-48
6219;18;-52
6220;20;-52
6221;20;-46
6222;20;-34
6223;22;-24
6224;20;-20
6225;24;-18
6226;26;-20
6227;24;-20
6228;26;-24
6229;28;-26
6230;28;-28
6231;40;-28
6232;32;-28
6233;30;-28
6234;24;-28
6235;32;-30
6236;34;-30
6237;32;-36
6238;34;-40
6239;34;-46
6240;34;-52
6241;30;-52
6242;36;-50
6243;38;-40
6244;40;-32
6245;38;-26
6246;40;-20
6247;40;-18
6248;50;-20
6249;40;-20
6250;42;-22
6251;34;-24
6252;44;-26
6253;44;-28
6254;42;-28
6255;44;-28
6256;44;-28
6257;44;-30
6258;42;-30
6259;46;-30
6260;46;-30
6261;46;-30
6262;48;-30
6263;48;-22
6264;48;-28
6265;42;-36
6266;50;-38
6267;50;-40
6268;52;-38
6269;50;-32
6270;52;-24
6271;52;-14
6272;50;-8
6273;52;-6
6274;52;-4
6275;50;-8
6276;52;-10
6277;52;-12
6278;52;-12
6279;54;-14
6280;54;-14
6281;54;-16
6282;56;-16
6283;54;-18
6284;54;-20
6285;56;-24
6286;54;-32
6287;54;-38
6288;54;-40
6289;38;-40
6290;58;-34
6291;54;-24
6292;64;-14
6293;56;-8
6294;56;-4
6295;56;-6
6296;56;-6
6297;58;-10
6298;58;-10
6299;66;-12
6300;58;-14
6301;58;-16
6302;58;-16
6303;58;-16
6304;58;-16
6305;60;-16
6306;52;-16
6307;56;-18
6308;58;-16
6309;62;-18
6310;60;-22
6311;58;-28
6312;58;-34
6313;60;-38
6314;60;-40
6315;60;-22
6316;62;-12
6317;60;0
6318;62;8
6319;60;10
6320;62;10
6321;62;8
6322;60;6
6323;68;4
6324;60;2
6325;60;0
6326;60;-2
6327;60;0
6328;60;-2
6329;60;-2
6330;52;-4
6331;62;-10
6332;62;-18
6333;64;-22
6334;60;-26
6335;60;-24
6336;60;-18
6337;62;-10
6338;60;2
6339;62;8
6340;60;12
6341;60;10
6342;60;8
6343;62;6
6344;62;4
6345;62;2
6346;62;2
6347;64;0
6348;58;0
6349;60;-2
6350;62;0
6351;58;-2
6352;60;-6
6353;60;-12
6354;58;-18
6355;58;-24
6356;62;-26
6357;56;-24
6358;60;-12
6359;60;0
6360;62;8
6361;58;10
6362;58;10
6363;60;8
6364;66;6
6365;58;4
6366;60;4
6367;58;18
6368;58;14
6369;58;8
6370;58;0
6371;58;-6
6372;58;-8
6373;58;-8
6374;60;0
6375;56;10
6376;58;20
6377;58;24
6378;58;28
6379;58;28
6380;56;24
6381;54;22
6382;58;22
6383;56;20
6384;58;20
6385;56;18
6386;56;16
6387;56;16
6388;70;16
6389;56;16
6390;56;12
6391;48;8
6392;56;0
6393;56;-6
6394;54;-10
6395;56;-10
6396;56;0
6397;56;14
6398;52;24
6399;56;26
6400;54;28
6401;54;26
6402;54;24
6403;54;20
6404;54;20
6405;62;20
6406;56;18
6407;56;16
6408;46;16
6409;54;16
6410;54;14
6411;52;14
6412;52;6
6413;54;-2
6414;54;-8
6415;56;-10
6416;52;-10
6417;54;-2
6418;52;10
6419;52;36
6420;52;42
6421;52;42
6422;48;44
6423;54;42
6424;54;40
6425;56;34
6426;52;34
6427;54;34
6428;52;32
6429;50;32
6430;54;32
6431;52;30
6432;50;30
6433;52;26
6434;50;18
6435;50;12
6436;52;8
6437;50;6
6438;50;10
6439;48;20
6440;50;30
6441;52;38
6442;50;42
6443;50;44
6444;50;42
6445;50;40
6446;26;38
6447;50;36
6448;50;34
6449;58;32
6450;50;32
6451;50;32
6452;50;32
6453;50;32
6454;50;30
6455;50;30
6456;62;28
6457;50;22
6458;50;16
6459;50;8
6460;50;6
6461;50;8
6462;52;16
6463;36;32
6464;50;40
6465;50;42
6466;54;42
6467;50;40
6468;50;38
6469;50;36
6470;50;36
6471;50;44
6472;50;42
6473;56;34
6474;52;26
6475;50;20
6476;50;16
6477;50;18
6478;50;24
6479;50;34
6480;54;44
6481;50;50
6482;52;54
6483;52;54
6484;52;50
6485;50;48
6486;50;48
6487;54;46
6488;52;44
6489;50;44
6490;52;42
6491;52;40
6492;52;42
6493;50;40
6494;50;40
6495;52;38
6496;52;32
6497;52;28
6498;52;20
6499;52;16
6500;52;16
6501;52;24
6502;52;32
6503;52;42
6504;30;50
6505;52;52
6506;50;54
6507;60;52
6508;52;50
6509;52;46
6510;52;44
6511;52;44
6512;52;42
6513;52;42
6514;60;42
6515;52;42
6516;52;40
6517;52;40
6518;52;40
6519;54;32
6520;52;24
6521;54;18
6522;54;16
6523;54;24
6524;50;32
6525;52;44
6526;52;56
6527;54;60
6528;52;60
6529;54;56
6530;52;54
6531;52;52
6532;54;50
6533;52;50
6534;54;48
6535;54;48
6536;54;46
6537;54;46
6538;58;44
6539;52;40
6540;54;32
6541;50;26
6542;54;22
6543;54;22
6544;54;28
6545;56;42
6546;52;52
6547;52;58
6548;52;60
6549;52;60
6550;54;56
6551;52;54
6552;52;52
6553;52;50
6554;54;48
6555;46;48
6556;52;46
6557;52;46
6558;52;46
6559;52;46
6560;52;46
6561;52;46
6562;68;42
6563;52;34
6564;50;30
6565;48;24
6566;50;20
6567;50;20
6568;50;32
6569;50;44
6570;50;54
6571;48;58
6572;36;60
6573;48;58
6574;50;56
6575;50;52
6576;48;46
6577;48;40
6578;50;32
6579;48;26
6580;48;22
6581;46;20
6582;44;22
6583;44;32
6584;48;42
6585;46;50
6586;44;56
6587;44;56
6588;46;56
6589;46;54
6590;44;50
6591;46;48
6592;42;46
6593;44;44
6594;44;44
6595;44;44
6596;42;44
6597;42;44
6598;42;42
6599;46;42
6600;42;42
6601;44;42
6602;42;38
6603;48;32
6604;42;24
6605;40;20
6606;32;18
6607;42;20
6608;40;28
6609;40;38
6610;42;48
6611;40;54
6612;40;54
6613;30;54
6614;38;52
6615;40;50
6616;40;46
6617;38;46
6618;38;46
6619;38;44
6620;48;44
6621;38;42
6622;38;44
6623;30;42
6624;36;42
6625;34;42
6626;36;42
6627;36;32
6628;36;26
6629;38;20
6630;24;16
6631;36;10
6632;34;8
6633;34;14
6634;34;24
6635;34;34
6636;34;40
6637;32;46
6638;32;46
6639;34;44
6640;32;42
6641;30;40
6642;32;40
6643;30;38
6644;30;36
6645;30;36
6646;32;34
6647;30;34
6648;30;34
6649;30;34
6650;28;32
6651;30;28
6652;30;20
6653;28;14
6654;22;8
6655;26;8
6656;28;14
6657;28;30
6658;24;40
6659;26;46
6660;24;46
6661;28;44
6662;22;42
6663;24;40
6664;16;38
6665;22;38
6666;22;36
6667;20;36
6668;20;34
6669;22;34
6670;20;32
6671;24;26
6672;20;20
6673;18;12
6674;18;10
6675;16;8
6676;16;16
6677;14;30
6678;6;42
6679;14;36
6680;16;36
6681;16;32
6682;12;30
6683;12;28
6684;12;26
6685;12;24
6686;10;24
6687;10;24
6688;16;22
6689;8;20
6690;8;18
6691;8;10
6692;8;2
6693;6;-2
6694;6;-4
6695;6;0
6696;4;8
6697;4;18
6698;6;28
6699;2;32
6700;2;34
6701;2;34
6702;4;32
6703;0;28
6704;0;26
6705;0;26
6706;0;24
6707;0;22
6708;-2;22
6709;-2;22
6710;-2;22
6711;-4;20
6712;-2;20
6713;-4;22
6714;-4;22
6715;-6;18
6716;-6;14
6717;-8;8
6718;-6;0
6719;-32;-6
6720;-10;-4
6721;-10;4
6722;-2;18
6723;-12;26
6724;-12;34
6725;-14;34
6726;-14;34
6727;-14;28
6728;-16;26
6729;-14;24
6730;-18;26
6731;-16;10
6732;-18;8
6733;-18;0
6734;-18;-8
6735;-20;-12
6736;-24;-16
6737;-22;-18
6738;-22;-10
6739;-24;0
6740;-22;10
6741;-26;18
6742;-28;20
6743;-28;20
6744;-26;18
6745;-30;16
6746;-30;14
6747;-30;12
6748;-30;10
6749;-30;10
6750;-32;8
6751;-34;8
6752;-34;8
6753;-30;6
6754;-36;6
6755;-38;6
6756;-40;4
6757;-38;0
6758;-40;-8
6759;-40;-14
6760;-28;-18
6761;-42;-18
6762;-42;-10
6763;-44;0
6764;-44;8
6765;-44;16
6766;-46;20
6767;-46;18
6768;-50;16
6769;-48;16
6770;-54;12
6771;-52;10
6772;-52;10
6773;-52;10
6774;-54;8
6775;-56;8
6776;-56;8
6777;-40;8
6778;-58;8
6779;-58;6
6780;-60;4
6781;-62;0
6782;-60;-6
6783;-62;-28
6784;-62;-32
6785;-64;-34
6786;-64;-30
6787;-76;-22
6788;-66;-14
6789;-66;-6
6790;-66;0
6791;-66;2
6792;-68;0
6793;-70;-2
6794;-66;-4
6795;-72;-6
6796;-74;-8
6797;-78;-8
6798;-74;-8
6799;-74;-10
6800;-76;-10
6801;-74;-10
6802;-78;-10
6803;-80;-12
6804;-76;-12
6805;-78;-12
6806;-78;-16
6807;-80;-22
6808;-80;-28
6809;-82;-32
6810;-82;-36
6811;-84;-32
6812;-84;-26
6813;-84;-16
6814;-84;-6
6815;-84;0
6816;-84;2
6817;-86;0
6818;-70;-2
6819;-86;-4
6820;-86;-6
6821;-94;-8
6822;-88;-8
6823;-88;-8
6824;-88;-10
6825;-90;-10
6826;-90;-10
6827;-90;-12
6828;-80;-14
6829;-92;-20
6830;-92;-26
6831;-92;-32
6832;-92;-36
6833;-92;-34
6834;-92;-24
6835;-98;-10
6836;-92;-10
6837;-94;-8
6838;-96;-8
6839;-94;-10
6840;-94;-12
6841;-96;-16
6842;-94;-18
6843;-96;-18
6844;-96;-18
6845;-94;-20
6846;-96;-20
6847;-96;-20
6848;-96;-20
6849;-100;-22
6850;-98;-22
6851;-98;-26
6852;-104;-32
6853;-98;-38
6854;-100;-42
6855;-96;-42
6856;-100;-38
6857;-100;-32
6858;-100;-22
6859;-100;-14
6860;-100;-10
6861;-102;-8
6862;-102;-10
6863;-100;-12
6864;-102;-14
6865;-102;-16
6866;-100;-14
6867;-100;-18
6868;-102;-20
6869;-98;-20
6870;-100;-20
6871;-102;-20
6872;-98;-20
6873;-102;-20
6874;-102;-22
6875;-100;-24
6876;-118;-32
6877;-102;-38
6878;-102;-42
6879;-96;-44
6880;-100;-40
6881;-100;-32
6882;-100;-22
6883;-100;-14
6884;-98;-8
6885;-100;-8
6886;-86;-8
6887;-102;-10
6888;-100;-16
6889;-100;-20
6890;-98;-22
6891;-98;-22
6892;-96;-22
6893;-110;-28
6894;-96;-32
6895;-98;-40
6896;-92;-44
6897;-96;-48
6898;-94;-46
6899;-96;-40
6900;-96;-30
6901;-94;-22
6902;-94;-16
6903;-92;-12
6904;-92;-14
6905;-92;-16
6906;-90;-18
6907;-90;-20
6908;-90;-22
6909;-88;-22
6910;-80;-22
6911;-88;-22
6912;-86;-24
6913;-88;-24
6914;-86;-26
6915;-86;-30
6916;-86;-38
6917;-86;-44
6918;-82;-48
6919;-82;-46
6920;-80;-42
6921;-80;-32
6922;-80;-24
6923;-80;-16
6924;-78;-12
6925;-78;-12
6926;-76;-16
6927;-76;-18
6928;-76;-20
6929;-72;-20
6930;-74;-22
6931;-72;-22
6932;-72;-22
6933;-70;-24
6934;-66;-24
6935;-70;-24
6936;-68;-26
6937;-64;-32
6938;-66;-40
6939;-64;-44
6940;-66;-52
6941;-64;-52
6942;-62;-46
6943;-62;-36
6944;-68;-28
6945;-62;-22
6946;-62;-18
6947;-60;-18
6948;-58;-18
6949;-60;-22
6950;-58;-24
6951;-52;-24
6952;-56;-26
6953;-56;-28
6954;-58;-28
6955;-54;-30
6956;-52;-28
6957;-54;-30
6958;-52;-30
6959;-50;-32
6960;-50;-36
6961;-48;-42
6962;-48;-48
6963;-48;-52
6964;-46;-52
6965;-46;-46
6966;-46;-38
6967;-44;-30
6968;-42;-22
6969;-42;-20
6970;-42;-18
6971;-40;-20
6972;-40;-20
6973;-38;-22
6974;-38;-26
6975;-16;-26
6976;-36;-26
6977;-34;-28
6978;-38;-28
6979;-32;-28
6980;-32;-28
6981;-30;-28
6982;-28;-34
6983;-30;-40
6984;-28;-46
6985;-18;-50
6986;-26;-52
6987;-24;-50
6988;-24;-42
6989;-24;-34
6990;-22;-24
6991;-20;-18
6992;-18;-18
6993;-18;-18
6994;-16;-22
6995;-24;-24
6996;-16;-26
6997;-14;-28
6998;-14;-30
6999;-12;-30
7000;-12;-30
7001;-10;-30
7002;-12;-32
7003;-6;-30
7004;-6;-32
7005;-6;-32
7006;-6;-32
7007;-4;-36
7008;-2;-44
7009;-6;-50
7010;-2;-52
7011;0;-52
7012;6;-48
7013;2;-44
7014;4;-32
7015;6;-24
7016;6;-20
7017;6;-20
7018;6;-20
7019;8;-22
7020;10;-24
7021;12;-26
7022;12;-28
7023;12;-30
7024;14;-30
7025;16;-30
7026;14;-30
7027;16;-30
7028;18;-30
7029;20;-32
7030;18;-34
7031;20;-42
7032;20;-48
7033;14;-52
7034;22;-54
7035;24;-48
7036;24;-36
7037;26;-26
7038;26;-20
7039;28;-20
7040;28;-20
7041;30;-22
7042;30;-22
7043;44;-24
7044;30;-18
7045;32;-22
7046;32;-24
7047;34;-32
7048;34;-38
7049;34;-44
7050;24;-46
7051;36;-40
7052;36;-32
7053;40;-24
7054;38;-16
7055;40;-12
7056;38;-10
7057;40;-12
7058;40;-14
7059;40;-16
7060;42;-18
7061;42;-20
7062;42;-20
7063;44;-22
7064;44;-22
7065;44;-22
7066;44;-22
7067;50;-24
7068;46;-28
7069;44;-34
7070;48;-40
7071;46;-44
7072;48;-44
7073;46;-40
7074;52;-28
7075;48;-16
7076;48;-12
7077;48;-10
7078;50;-12
7079;48;-14
7080;50;-16
7081;50;-18
7082;50;-18
7083;52;-20
7084;54;-22
7085;52;-22
7086;52;-22
7087;54;-22
7088;52;-22
7089;54;-24
7090;54;-30
7091;30;-36
7092;54;-42
7093;54;-46
7094;62;-46
7095;54;-34
7096;54;-12
7097;56;-4
7098;54;0
7099;56;2
7100;56;-2
7101;70;-4
7102;56;-6
7103;56;-8
7104;56;-10
7105;56;-10
7106;54;-10
7107;56;-10
7108;46;-10
7109;58;-12
7110;58;-16
7111;60;-22
7112;56;-28
7113;60;-34
7114;58;-36
7115;60;-32
7116;58;-22
7117;58;-10
7118;60;-2
7119;58;0
7120;58;0
7121;58;-2
7122;60;-4
7123;60;-6
7124;58;-8
7125;66;-8
7126;58;-10
7127;58;-10
7128;60;-12
7129;60;-10
7130;60;-12
7131;60;-16
7132;54;-24
7133;60;-30
7134;60;-34
7135;62;-36
7136;60;-32
7137;60;-24
7138;60;-14
7139;60;-4
7140;60;0
7141;62;0
7142;54;0
7143;60;-2
7144;60;-6
7145;62;-6
7146;60;-8
7147;60;-8
7148;62;4
7149;78;0
7150;60;-8
7151;60;-16
7152;56;-20
7153;58;-24
7154;60;-22
7155;60;-14
7156;60;-2
7157;58;6
7158;60;12
7159;50;16
7160;60;16
7161;60;12
7162;60;8
7163;58;6
7164;58;6
7165;60;6
7166;64;4
7167;60;4
7168;58;2
7169;56;2
7170;58;0
7171;58;-2
7172;58;-10
7173;58;-16
7174;58;-22
7175;58;-22
7176;60;-20
7177;56;-12
7178;56;-2
7179;58;8
7180;58;12
7181;58;14
7182;56;12
7183;56;12
7184;56;8
7185;56;6
7186;56;6
7187;56;4
7188;54;4
7189;54;2
7190;72;2
7191;56;2
7192;54;2
7193;48;0
7194;56;0
7195;56;-2
7196;54;-8
7197;54;-16
7198;56;-20
7199;54;-22
7200;58;-2
7201;56;6
7202;54;16
7203;56;26
7204;54;30
7205;54;34
7206;56;32
7207;58;30
7208;56;30
7209;54;26
7210;48;26
7211;54;24
7212;54;24
7213;54;24
7214;54;22
7215;54;22
7216;52;20
7217;58;16
7218;54;8
7219;54;2
7220;56;-2
7221;54;-4
7222;54;2
7223;54;14
7224;54;26
7225;54;32
7226;54;32
7227;58;32
7228;54;30
7229;54;28
7230;54;26
7231;54;24
7232;54;24
7233;54;22
7234;52;22
7235;54;22
7236;52;22
7237;50;20
7238;52;18
7239;54;12
7240;52;4
7241;54;0
7242;52;-4
7243;50;-2
7244;54;6
7245;52;16
7246;50;26
7247;50;30
7248;32;32
7249;50;32
7250;50;32
7251;52;30
7252;50;44
7253;50;42
7254;48;40
7255;50;34
7256;48;24
7257;50;18
7258;64;12
7259;50;12
7260;50;20
7261;48;28
7262;50;38
7263;48;46
7264;50;48
7265;38;50
7266;50;48
7267;48;44
7268;54;44
7269;48;42
7270;50;40
7271;50;38
7272;50;38
7273;52;38
7274;50;38
7275;54;36
7276;52;36
7277;52;36
7278;50;36
7279;50;34
7280;50;30
7281;50;22
7282;54;16
7283;50;12
7284;50;12
7285;52;20
7286;50;30
7287;50;42
7288;52;46
7289;52;48
7290;52;48
7291;50;46
7292;52;42
7293;50;42
7294;52;40
7295;50;38
7296;50;36
7297;50;38
7298;52;36
7299;46;34
7300;50;34
7301;50;36
7302;52;34
7303;50;36
7304;50;44
7305;50;38
7306;54;30
7307;50;24
7308;52;20
7309;56;20
7310;52;22
7311;52;34
7312;50;42
7313;52;52
7314;52;58
7315;52;58
7316;52;56
7317;52;54
7318;52;52
7319;52;50
7320;52;48
7321;54;46
7322;52;48
7323;56;46
7324;54;44
7325;52;46
7326;52;44
7327;54;42
7328;54;38
7329;54;30
7330;54;24
7331;54;20
7332;52;20
7333;54;30
7334;54;42
7335;52;52
7336;54;56
7337;52;58
7338;56;56
7339;54;54
7340;58;50
7341;54;50
7342;54;48
7343;52;46
7344;52;46
7345;54;46
7346;52;44
7347;70;42
7348;54;38
7349;52;30
7350;48;24
7351;52;20
7352;54;18
7353;52;26
7354;52;42
7355;54;54
7356;52;62
7357;44;62
7358;52;60
7359;52;58
7360;54;56
7361;52;54
7362;52;52
7363;52;52
7364;70;48
7365;52;48
7366;52;48
7367;42;42
7368;52;34
7369;52;28
7370;50;24
7371;50;26
7372;52;30
7373;50;40
7374;54;50
7375;50;58
7376;50;60
7377;52;62
7378;50;60
7379;50;56
7380;50;56
7381;44;54
7382;50;52
7383;50;50
7384;50;50
7385;48;50
7386;50;50
7387;48;48
7388;48;48
7389;48;48
7390;48;44
7391;48;38
7392;48;32
7393;46;26
7394;48;22
7395;46;24
7396;48;32
7397;48;40
7398;40;52
7399;46;58
7400;46;60
7401;48;60
7402;44;60
7403;44;56
7404;46;54
7405;44;52
7406;44;50
7407;44;52
7408;36;48
7409;46;44
7410;44;38
7411;40;32
7412;42;24
7413;44;22
7414;42;20
7415;50;26
7416;42;34
7417;40;46
7418;44;54
7419;40;58
7420;42;58
7421;42;56
7422;42;54
7423;40;52
7424;40;50
7425;38;48
7426;40;46
7427;40;46
7428;38;44
7429;38;44
7430;40;44
7431;38;44
7432;42;44
7433;40;44
7434;38;40
7435;38;32
7436;38;26
7437;38;22
7438;38;20
7439;32;24
7440;36;36
7441;36;50
7442;40;56
7443;38;56
7444;36;56
7445;34;54
7446;38;52
7447;34;50
7448;34;46
7449;34;48
7450;34;46
7451;32;44
7452;32;46
7453;32;46
7454;32;44
7455;30;44
7456;30;44
7457;30;42
7458;28;42
7459;30;44
7460;28;42
7461;28;28
7462;28;22
7463;8;16
7464;28;10
7465;26;10
7466;34;12
7467;24;24
7468;24;36
7469;24;44
7470;24;48
7471;24;46
7472;22;44
7473;32;42
7474;22;40
7475;22;38
7476;20;36
7477;20;36
7478;20;36
7479;20;34
7480;10;34
7481;18;34
7482;20;26
7483;18;20
7484;16;12
7485;16;10
7486;14;8
7487;14;14
7488;14;22
7489;14;34
7490;14;42
7491;14;46
7492;12;46
7493;12;46
7494;12;44
7495;12;40
7496;10;38
7497;18;38
7498;10;36
7499;8;34
7500;6;34
7501;8;34
7502;8;34
7503;6;34
7504;-2;34
7505;6;28
7506;6;22
7507;6;16
7508;4;10
7509;4;8
7510;4;12
7511;2;22
7512;4;32
7513;0;24
7514;-2;30
7515;0;30
7516;-2;30
7517;-2;26
7518;-2;24
7519;-4;22
7520;-4;20
7521;0;20
7522;-6;18
7523;-8;18
7524;-6;18
7525;-6;18
7526;-8;16
7527;-10;12
7528;-10;4
7529;-8;-4
7530;-10;-8
7531;-16;-8
7532;-12;0
7533;-14;8
7534;-12;18
7535;-12;26
7536;-16;28
7537;-14;28
7538;-16;28
7539;-18;26
7540;-18;24
7541;-18;22
7542;-20;20
7543;-20;20
7544;-22;18
7545;-22;18
7546;-22;18
7547;-26;18
7548;-24;18
7549;-24;16
7550;-24;16
7551;-26;16
7552;-26;16
7553;-26;10
7554;-30;2
7555;-32;-4
7556;-30;-8
7557;-32;-8
7558;-32;-2
7559;-34;6
7560;-32;16
7561;-34;24
7562;-20;28
7563;-36;28
7564;-38;30
7565;-44;8
7566;-40;6
7567;-42;2
7568;-42;0
7569;-42;0
7570;-42;-2
7571;-44;-2
7572;-50;-2
7573;-44;-4
7574;-46;-6
7575;-44;-14
7576;-48;-22
7577;-48;-24
7578;-48;-28
7579;-40;-24
7580;-50;-18
7581;-52;-6
7582;-60;2
7583;-54;8
7584;-56;10
7585;-56;8
7586;-58;6
7587;-58;4
7588;-58;2
7589;-68;0
7590;-60;0
7591;-60;-2
7592;-60;-2
7593;-62;-2
7594;-64;-2
7595;-62;-2
7596;-70;-4
7597;-64;-2
7598;-68;-2
7599;-64;-6
7600;-68;-14
7601;-68;-20
7602;-70;-24
7603;-72;-26
7604;-72;-26
7605;-72;-18
7606;-74;-6
7607;-72;4
7608;-74;10
7609;-76;10
7610;-74;8
7611;-76;6
7612;-78;2
7613;-72;0
7614;-78;0
7615;-80;0
7616;-80;0
7617;-80;-18
7618;-80;-24
7619;-82;-30
7620;-102;-36
7621;-82;-40
7622;-84;-42
7623;-82;-38
7624;-84;-32
7625;-84;-20
7626;-86;-12
7627;-86;-6
7628;-86;-6
7629;-88;-8
7630;-74;-10
7631;-90;-12
7632;-86;-14
7633;-90;-16
7634;-90;-16
7635;-90;-18
7636;-92;-18
7637;-106;-18
7638;-90;-18
7639;-92;-18
7640;-90;-20
7641;-94;-22
7642;-94;-28
7643;-92;-36
7644;-94;-40
7645;-92;-44
7646;-94;-40
7647;-92;-32
7648;-94;-24
7649;-96;-14
7650;-96;-8
7651;-96;-6
7652;-96;-6
7653;-98;-10
7654;-94;-12
7655;-98;-14
7656;-96;-14
7657;-100;-16
7658;-100;-18
7659;-100;-18
7660;-100;-18
7661;-102;-18
7662;-100;-18
7663;-102;-20
7664;-100;-20
7665;-102;-20
7666;-104;-20
7667;-104;-20
7668;-102;-18
7669;-102;-30
7670;-104;-36
7671;-104;-42
7672;-104;-46
7673;-104;-50
7674;-104;-50
7675;-106;-44
7676;-106;-34
7677;-104;-24
7678;-106;-18
7679;-104;-16
7680;-106;-14
7681;-108;-16
7682;-106;-20
7683;-104;-22
7684;-106;-22
7685;-104;-24
7686;-104;-24
7687;-104;-26
7688;-108;-26
7689;-104;-26
7690;-102;-28
7691;-104;-30
7692;-104;-36
7693;-104;-42
7694;-104;-48
7695;-98;-50
7696;-102;-48
7697;-102;-42
7698;-102;-32
7699;-100;-24
7700;-100;-16
7701;-100;-14
7702;-100;-16
7703;-100;-16
7704;-100;-18
7705;-98;-20
7706;-98;-22
7707;-98;-24
7708;-96;-24
7709;-96;-24
7710;-96;-24
7711;-96;-26
7712;-88;-26
7713;-92;-26
7714;-94;-30
7715;-94;-36
7716;-92;-42
7717;-92;-48
7718;-90;-50
7719;-98;-46
7720;-90;-38
7721;-90;-30
7722;-86;-24
7723;-86;-18
7724;-86;-18
7725;-86;-18
7726;-84;-20
7727;-84;-24
7728;-82;-26
7729;-86;-26
7730;-82;-28
7731;-82;-28
7732;-80;-28
7733;-80;-28
7734;-78;-30
7735;-76;-30
7736;-68;-32
7737;-78;-38
7738;-78;-44
7739;-76;-50
7740;-74;-52
7741;-74;-50
7742;-74;-40
7743;-70;-28
7744;-72;-20
7745;-68;-18
7746;-78;-18
7747;-68;-18
7748;-66;-20
7749;-66;-24
7750;-68;-24
7751;-66;-26
7752;-64;-26
7753;-60;-28
7754;-64;-28
7755;-62;-28
7756;-64;-30
7757;-60;-32
7758;-60;-38
7759;-60;-44
7760;-58;-50
7761;-58;-52
7762;-58;-50
7763;-56;-44
7764;-56;-34
7765;-56;-24
7766;-54;-18
7767;-52;-16
7768;-52;-18
7769;-50;-20
7770;-56;-22
7771;-50;-22
7772;-50;-24
7773;-46;-26
7774;-46;-32
7775;-46;-36
7776;-44;-44
7777;-36;-48
7778;-42;-52
7779;-42;-50
7780;-50;-42
7781;-40;-30
7782;-40;-20
7783;-40;-18
7784;-36;-18
7785;-36;-20
7786;-36;-22
7787;-38;-24
7788;-34;-26
7789;-32;-28
7790;-30;-28
7791;-30;-30
7792;-30;-28
7793;-28;-30
7794;-24;-30
7795;-24;-30
7796;-26;-36
7797;-30;-42
7798;-22;-48
7799;-22;-52
7800;-22;-52
7801;-18;-48
7802;-20;-40
7803;-18;-30
7804;-16;-22
7805;-16;-18
7806;-14;-18
7807;-14;-20
7808;-12;-22
7809;-12;-24
7810;-10;-26
7811;-16;-26
7812;-8;-26
7813;-8;-28
7814;-4;-28
7815;-6;-30
7816;-6;-30
7817;-4;-30
7818;-2;-36
7819;0;-44
7820;2;-50
7821;0;-54
7822;2;-54
7823;4;-46
7824;4;-36
7825;6;-22
7826;8;-16
7827;8;-14
7828;12;-14
7829;10;-16
7830;10;-20
7831;12;-22
7832;12;-22
7833;14;-22
7834;16;-26
7835;-8;-26
7836;18;-26
7837;18;-26
7838;26;-26
7839;22;-28
7840;18;-30
7841;22;-38
7842;22;-42
7843;22;-46
7844;24;-50
7845;28;-48
7846;26;-40
7847;26;-32
7848;28;-22
7849;28;-18
7850;26;-14
7851;30;-14
7852;30;-18
7853;32;-18
7854;32;-20
7855;34;-22
7856;34;-24
7857;32;-24
7858;36;-24
7859;36;-26
7860;36;-24
7861;38;-26
7862;40;-26
7863;38;-28
7864;40;-34
7865;42;-40
7866;40;-46
7867;40;-50
7868;40;-48
7869;50;-42
7870;44;-32
7871;44;-24
7872;40;-16
7873;46;-16
7874;44;-14
7875;44;-16
7876;34;-16
7877;46;-6
7878;46;-10
7879;50;-14
7880;48;-22
7881;48;-28
7882;50;-36
7883;52;-38
7884;48;-32
7885;48;-22
7886;48;-10
7887;52;-4
7888;52;0
7889;52;-2
7890;52;-4
7891;54;-6
7892;54;-8
7893;54;-10
7894;54;-14
7895;54;-12
7896;56;-12
7897;56;-14
7898;56;-14
7899;54;-14
7900;56;-14
7901;56;-16
7902;58;-20
7903;50;-24
7904;56;-32
7905;56;-36
7906;58;-38
7907;58;-34
7908;58;-24
7909;58;-12
7910;62;-4
7911;58;-2
7912;58;-2
7913;58;-4
7914;58;-6
7915;60;-8
7916;60;-10
7917;60;-10
7918;60;-12
7919;58;-12
7920;60;-14
7921;58;-14
7922;60;-18
7923;60;-24
7924;60;-32
7925;60;-36
7926;58;-38
7927;58;-36
7928;60;-26
7929;60;-4
7930;62;6
7931;60;10
7932;62;12
7933;62;12
7934;78;10
7935;62;6
7936;62;4
7937;56;4
7938;62;2
7939;64;0
7940;62;0
7941;62;0
7942;62;0
7943;62;-2
7944;60;-4
7945;62;-10
7946;62;-16
7947;64;-22
7948;62;-24
7949;60;-24
7950;64;-16
7951;70;-8
7952;60;2
7953;60;10
7954;54;12
7955;60;12
7956;60;10
7957;60;8
7958;62;6
7959;60;4
7960;60;2
7961;64;2
7962;58;0
7963;60;0
7964;60;0
7965;60;0
7966;60;0
7967;60;-2
7968;54;0
7969;58;-2
7970;58;-6
7971;62;-14
7972;58;-20
7973;58;-24
7974;58;-26
7975;60;-20
7976;58;-10
7977;60;-2
7978;56;6
7979;58;12
7980;58;14
7981;58;26
7982;58;22
7983;58;20
7984;58;16
7985;60;16
7986;56;16
7987;56;14
7988;60;14
7989;56;14
7990;58;14
7991;58;10
7992;42;6
7993;56;-2
7994;56;-8
7995;66;-10
7996;58;-12
7997;56;-4
7998;56;10
7999;56;20
8000;56;24
8001;56;26
8002;62;24
8003;56;20
8004;56;20
8005;56;18
8006;56;16
8007;56;14
8008;56;16
8009;50;16
8010;54;14
8011;56;12
8012;58;8
8013;54;2
8014;56;-6
8015;54;-10
8016;54;-12
8017;54;-8
8018;54;0
8019;58;10
8020;54;18
8021;54;24
8022;52;28
8023;52;24
8024;54;24
8025;52;22
8026;62;18
8027;52;18
8028;52;14
8029;52;16
8030;54;14
8031;52;14
8032;54;14
8033;48;28
8034;52;24
8035;52;18
8036;56;10
8037;52;6
8038;52;2
8039;52;4
8040;52;12
8041;52;24
8042;50;34
8043;50;38
8044;52;40
8045;50;40
8046;52;38
8047;50;36
8048;50;34
8049;52;34
8050;44;30
8051;50;30
8052;50;30
8053;56;28
8054;50;28
8055;52;28
8056;50;28
8057;50;28
8058;50;26
8059;50;24
8060;46;20
8061;50;12
8062;50;6
8063;50;4
8064;50;2
8065;46;10
8066;50;18
8067;54;30
8068;50;36
8069;50;38
8070;48;40
8071;50;38
8072;50;36
8073;48;34
8074;50;32
8075;50;30
8076;50;30
8077;52;30
8078;50;28
8079;50;30
8080;50;28
8081;50;28
8082;48;26
8083;50;26
8084;50;28
8085;52;26
8086;50;32
8087;48;26
8088;50;22
8089;50;16
8090;50;14
8091;70;16
8092;50;20
8093;52;32
8094;48;42
8095;50;48
8096;50;50
8097;50;48
8098;50;50
8099;52;46
8100;52;44
8101;44;42
8102;50;40
8103;52;40
8104;54;38
8105;52;38
8106;52;38
8107;52;38
8108;72;38
8109;52;36
8110;50;30
8111;44;22
8112;54;16
8113;50;14
8114;50;12
8115;52;20
8116;52;28
8117;52;38
8118;42;46
8119;52;50
8120;52;50
8121;52;48
8122;54;46
8123;52;44
8124;54;42
8125;50;40
8126;52;40
8127;54;40
8128;52;38
8129;52;38
8130;54;38
8131;52;38
8132;52;38
8133;52;36
8134;54;36
8135;54;34
8136;52;38
8137;54;38
8138;52;40
8139;54;32
8140;52;24
8141;54;20
8142;48;18
8143;52;20
8144;52;26
8145;56;36
8146;52;46
8147;54;54
8148;54;56
8149;54;54
8150;54;52
8151;54;50
8152;56;46
8153;52;46
8154;52;44
8155;52;44
8156;52;42
8157;50;42
8158;52;44
8159;64;42
8160;52;40
8161;52;32
8162;52;26
8163;52;20
8164;52;16
8165;52;20
8166;44;28
8167;52;38
8168;52;46
8169;50;52
8170;52;54
8171;50;56
8172;48;52
8173;50;50
8174;50;48
8175;52;46
8176;54;46
8177;50;44
8178;48;44
8179;50;44
8180;50;42
8181;50;42
8182;48;44
8183;46;42
8184;50;38
8185;50;32
8186;52;24
8187;48;18
8188;48;16
8189;48;22
8190;46;32
8191;48;42
8192;48;50
8193;46;54
8194;48;56
8195;46;54
8196;46;52
8197;46;48
8198;48;48
8199;48;46
8200;50;46
8201;46;44
8202;46;44
8203;50;44
8204;46;42
8205;46;38
8206;46;32
8207;30;24
8208;46;20
8209;46;18
8210;52;24
8211;46;38
8212;44;50
8213;46;54
8214;46;56
8215;46;54
8216;44;52
8217;56;50
8218;46;48
8219;44;46
8220;44;46
8221;44;44
8222;44;44
8223;42;44
8224;28;42
8225;44;42
8226;40;38
8227;42;30
8228;42;24
8229;42;20
8230;42;18
8231;40;22
8232;40;30
8233;40;40
8234;40;50
8235;40;54
8236;40;58
8237;40;54
8238;40;52
8239;38;50
8240;38;48
8241;46;48
8242;38;42
8243;38;36
8244;36;30
8245;38;22
8246;38;16
8247;36;14
8248;26;16
8249;36;24
8250;36;36
8251;38;44
8252;36;48
8253;36;50
8254;34;50
8255;36;48
8256;34;46
8257;34;44
8258;30;42
8259;34;40
8260;34;40
8261;32;40
8262;32;38
8263;32;38
8264;32;38
8265;36;38
8266;30;38
8267;30;38
8268;30;36
8269;28;32
8270;28;24
8271;30;18
8272;28;14
8273;28;12
8274;28;18
8275;16;26
8276;26;36
8277;26;46
8278;24;48
8279;24;50
8280;24;48
8281;24;46
8282;28;44
8283;24;42
8284;22;40
8285;18;40
8286;20;40
8287;20;38
8288;18;38
8289;18;38
8290;18;36
8291;18;36
8292;20;38
8293;18;38
8294;18;24
8295;16;18
8296;16;12
8297;14;4
8298;14;2
8299;12;2
8300;12;8
8301;14;22
8302;16;32
8303;12;38
8304;12;38
8305;12;36
8306;10;34
8307;10;32
8308;8;30
8309;0;30
8310;8;28
8311;8;26
8312;6;26
8313;8;28
8314;6;26
8315;6;26
8316;0;26
8317;4;26
8318;4;18
8319;4;12
8320;2;6
8321;0;2
8322;2;0
8323;2;8
8324;0;22
8325;-2;32
8326;-10;38
8327;-2;38
8328;-2;36
8329;-4;34
8330;-6;32
8331;-4;32
8332;-6;28
8333;-12;28
8334;-6;28
8335;-8;28
8336;-8;26
8337;-8;26
8338;-8;24
8339;-10;22
8340;-16;14
8341;-10;6
8342;-14;2
8343;-12;0
8344;-14;6
8345;-14;20
8346;-16;16
8347;-16;20
8348;-18;22
8349;-16;22
8350;-18;20
8351;-20;16
8352;-20;14
8353;-22;14
8354;-22;12
8355;-22;10
8356;-24;10
8357;-26;10
8358;-26;10
8359;-26;8
8360;-24;6
8361;-26;0
8362;-28;-6
8363;-28;-14
8364;-32;-16
8365;-28;-16
8366;-30;-8
8367;-34;2
8368;-32;12
8369;-32;20
8370;-34;22
8371;-34;22
8372;-36;20
8373;-36;18
8374;-26;16
8375;-38;14
8376;-40;12
8377;-40;10
8378;-40;10
8379;-42;10
8380;-42;10
8381;-58;10
8382;-44;8
8383;-46;4
8384;-44;-4
8385;-48;-10
8386;-48;-16
8387;-50;-16
8388;-50;-10
8389;-50;0
8390;-52;10
8391;-48;16
8392;-52;20
8393;-52;22
8394;-52;20
8395;-54;18
8396;-56;16
8397;-56;16
8398;-50;-2
8399;-56;-4
8400;-58;-12
8401;-60;-20
8402;-60;-26
8403;-60;-28
8404;-62;-30
8405;-68;-22
8406;-64;-10
8407;-62;0
8408;-62;6
8409;-66;6
8410;-66;4
8411;-68;2
8412;-68;0
8413;-70;-2
8414;-68;-4
8415;-70;-4
8416;-70;-4
8417;-70;-6
8418;-72;-6
8419;-72;-6
8420;-72;-6
8421;-72;-8
8422;-80;-14
8423;-76;-20
8424;-76;-26
8425;-72;-30
8426;-78;-30
8427;-78;-22
8428;-80;-10
8429;-78;0
8430;-80;4
8431;-80;6
8432;-84;6
8433;-80;2
8434;-80;0
8435;-80;-2
8436;-82;-4
8437;-84;-6
8438;-84;-4
8439;-80;-8
8440;-86;-6
8441;-86;-8
8442;-88;-8
8443;-86;-14
8444;-86;-20
8445;-88;-26
8446;-90;-32
8447;-88;-32
8448;-90;-26
8449;-90;-16
8450;-90;-6
8451;-92;-12
8452;-90;-8
8453;-90;-6
8454;-94;-8
8455;-92;-10
8456;-90;-14
8457;-92;-16
8458;-94;-16
8459;-94;-18
8460;-94;-18
8461;-96;-20
8462;-96;-20
8463;-76;-24
8464;-98;-30
8465;-96;-36
8466;-102;-42
8467;-98;-42
8468;-98;-40
8469;-100;-30
8470;-98;-22
8471;-100;-12
8472;-98;-8
8473;-104;-8
8474;-100;-8
8475;-102;-10
8476;-100;-12
8477;-102;-14
8478;-102;-16
8479;-102;-14
8480;-80;-18
8481;-102;-20
8482;-104;-20
8483;-104;-20
8484;-102;-20
8485;-104;-20
8486;-104;-22
8487;-104;-28
8488;-102;-34
8489;-100;-40
8490;-112;-42
8491;-104;-42
8492;-102;-36
8493;-102;-28
8494;-104;-18
8495;-104;-12
8496;-104;-8
8497;-98;-8
8498;-102;-10
8499;-102;-14
8500;-106;-14
8501;-102;-16
8502;-102;-16
8503;-102;-24
8504;-102;-28
8505;-100;-34
8506;-102;-40
8507;-98;-46
8508;-98;-48
8509;-100;-48
8510;-98;-38
8511;-100;-26
8512;-100;-18
8513;-98;-14
8514;-96;-16
8515;-96;-18
8516;-96;-20
8517;-100;-22
8518;-98;-24
8519;-94;-24
8520;-96;-26
8521;-74;-26
8522;-94;-26
8523;-94;-26
8524;-96;-28
8525;-92;-30
8526;-92;-38
8527;-92;-44
8528;-90;-48
8529;-90;-50
8530;-90;-46
8531;-96;-36
8532;-88;-24
8533;-88;-16
8534;-86;-14
8535;-86;-16
8536;-84;-18
8537;-82;-20
8538;-74;-22
8539;-84;-22
8540;-82;-24
8541;-86;-24
8542;-80;-26
8543;-80;-26
8544;-80;-30
8545;-78;-36
8546;-78;-42
8547;-76;-46
8548;-86;-50
8549;-74;-48
8550;-74;-40
8551;-72;-26
8552;-72;-18
8553;-72;-12
8554;-70;-20
8555;-76;-20
8556;-70;-26
8557;-70;-26
8558;-68;-28
8559;-66;-30
8560;-66;-30
8561;-66;-30
8562;-64;-32
8563;-64;-32
8564;-64;-36
8565;-62;-44
8566;-62;-50
8567;-60;-54
8568;-60;-54
8569;-60;-50
8570;-60;-38
8571;-58;-26
8572;-62;-20
8573;-56;-18
8574;-56;-22
8575;-52;-22
8576;-54;-24
8577;-52;-26
8578;-52;-28
8579;-54;-28
8580;-52;-30
8581;-50;-30
8582;-54;-30
8583;-48;-32
8584;-46;-34
8585;-46;-40
8586;-46;-48
8587;-44;-52
8588;-42;-54
8589;-28;-54
8590;-42;-46
8591;-40;-38
8592;-40;-28
8593;-38;-22
8594;-38;-20
8595;-36;-20
8596;-44;-20
8597;-34;-24
8598;-34;-26
8599;-30;-26
8600;-32;-28
8601;-30;-30
8602;-28;-30
8603;-28;-32
8604;-26;-32
8605;-26;-30
8606;-20;-32
8607;-24;-36
8608;-24;-42
8609;-22;-48
8610;-22;-54
8611;-20;-56
8612;-20;-54
8613;-16;-48
8614;-18;-38
8615;-14;-28
8616;-16;-24
8617;-14;-20
8618;-12;-20
8619;-10;-22
8620;-18;-24
8621;-10;-26
8622;-8;-28
8623;-4;-30
8624;-6;-30
8625;-6;-30
8626;-4;-34
8627;-2;-32
8628;-2;-30
8629;0;-34
8630;4;-40
8631;2;-44
8632;2;-50
8633;4;-54
8634;4;-56
8635;6;-50
8636;6;-42
8637;0;-32
8638;8;-24
8639;10;-22
8640;16;-20
8641;12;-22
8642;12;-24
8643;12;-26
8644;14;-28
8645;14;-28
8646;16;-30
8647;22;-30
8648;18;-32
8649;20;-32
8650;18;-32
8651;20;-32
8652;22;-32
8653;22;-34
8654;20;-36
8655;22;-42
8656;24;-48
8657;28;-52
8658;26;-52
8659;26;-46
8660;26;-40
8661;28;-30
8662;30;-20
8663;28;-16
8664;32;-14
8665;32;-14
8666;32;-16
8667;34;-18
8668;34;-22
8669;34;-20
8670;32;-24
8671;44;-24
8672;36;-24
8673;36;-24
8674;36;-26
8675;36;-24
8676;38;-26
8677;40;-32
8678;32;-40
8679;40;-46
8680;40;-48
8681;44;-48
8682;42;-38
8683;42;-28
8684;42;-16
8685;42;-14
8686;44;-14
8687;44;-16
8688;44;-18
8689;44;-20
8690;46;-22
8691;46;-22
8692;46;-22
8693;48;-24
8694;48;-24
8695;66;-24
8696;48;-26
8697;48;-30
8698;42;-38
8699;50;-44
8700;50;-46
8701;50;-48
8702;52;-44
8703;52;-36
8704;52;-26
8705;42;-18
8706;54;-14
8707;54;-14
8708;56;-14
8709;54;-14
8710;56;-16
8711;54;-6
8712;58;-8
8713;56;-10
8714;56;-16
8715;54;-22
8716;58;-30
8717;56;-34
8718;58;-36
8719;58;-30
8720;58;-18
8721;58;-6
8722;60;-2
8723;58;0
8724;58;-2
8725;60;-4
8726;60;-6
8727;60;-8
8728;60;-10
8729;58;-10
8730;60;-12
8731;60;-12
8732;60;-12
8733;62;-12
8734;62;-14
8735;62;-20
8736;76;-26
8737;62;-32
8738;62;-36
8739;54;-36
8740;60;-30
8741;60;-18
8742;60;-6
8743;62;-2
8744;60;0
8745;60;-2
8746;60;-4
8747;62;-6
8748;62;-8
8749;62;-10
8750;62;-10
8751;62;-12
8752;62;-12
8753;70;-12
8754;60;-12
8755;62;-14
8756;54;-12
8757;62;-14
8758;64;-18
8759;62;-24
8760;62;-32
8761;60;-34
8762;60;-36
8763;64;-16
8764;60;-8
8765;62;4
8766;60;12
8767;60;16
8768;60;18
8769;60;16
8770;58;16
8771;60;12
8772;58;10
8773;60;10
8774;60;6
8775;62;6
8776;60;6
8777;60;6
8778;60;6
8779;60;6
8780;58;4
8781;58;-4
8782;60;-10
8783;58;-16
8784;58;-18
8785;58;-20
8786;58;-10
8787;62;2
8788;58;14
8789;58;18
8790;60;18
8791;58;16
8792;58;14
8793;60;12
8794;36;10
8795;58;8
8796;58;8
8797;62;6
8798;58;6
8799;56;6
8800;56;6
8801;56;4
8802;56;6
8803;56;2
8804;70;-4
8805;56;-12
8806;56;-16
8807;56;-20
8808;56;-20
8809;58;-12
8810;56;-2
8811;42;6
8812;56;16
8813;56;18
8814;58;20
8815;54;34
8816;54;30
8817;56;28
8818;54;26
8819;54;24
8820;54;22
8821;58;16
8822;54;8
8823;54;2
8824;56;-4
8825;54;-2
8826;54;4
8827;54;12
8828;60;22
8829;54;30
8830;54;34
8831;56;34
8832;54;32
8833;54;30
8834;54;28
8835;50;28
8836;54;26
8837;54;24
8838;54;22
8839;54;24
8840;54;22
8841;52;22
8842;52;22
8843;54;18
8844;52;12
8845;56;4
8846;52;-2
8847;52;-4
8848;52;0
8849;52;12
8850;52;24
8851;52;32
8852;54;34
8853;52;32
8854;50;32
8855;48;30
8856;52;28
8857;52;24
8858;52;26
8859;50;24
8860;50;22
8861;52;22
8862;44;22
8863;50;22
8864;52;20
8865;52;22
8866;50;20
8867;50;34
8868;50;28
8869;54;20
8870;50;16
8871;50;12
8872;46;12
8873;50;18
8874;50;26
8875;50;38
8876;48;44
8877;50;48
8878;50;48
8879;50;46
8880;50;44
8881;50;42
8882;50;40
8883;50;40
8884;50;38
8885;52;38
8886;48;36
8887;50;34
8888;50;28
8889;52;20
8890;50;14
8891;50;12
8892;50;12
8893;64;22
8894;52;34
8895;50;44
8896;44;48
8897;52;48
8898;52;46
8899;52;44
8900;52;42
8901;52;40
8902;52;40
8903;56;38
8904;54;36
8905;52;36
8906;54;36
8907;52;36
8908;52;36
8909;52;36
8910;54;34
8911;52;32
8912;54;22
8913;50;16
8914;54;12
8915;52;10
8916;52;14
8917;52;24
8918;52;36
8919;52;54
8920;58;56
8921;52;58
8922;52;58
8923;54;54
8924;54;52
8925;52;48
8926;54;46
8927;54;46
8928;54;46
8929;54;46
8930;54;46
8931;54;46
8932;54;44
8933;54;42
8934;56;38
8935;54;30
8936;52;24
8937;52;20
8938;54;20
8939;54;26
8940;54;36
8941;54;46
8942;54;52
8943;54;58
8944;58;56
8945;56;54
8946;54;54
8947;54;50
8948;54;48
8949;54;46
8950;54;46
8951;34;46
8952;54;46
8953;54;44
8954;60;44
8955;52;44
8956;54;44
8957;52;44
8958;52;40
8959;52;36
8960;52;28
8961;66;22
8962;52;18
8963;52;22
8964;52;32
8965;52;44
8966;52;52
8967;52;56
8968;36;56
8969;50;54
8970;52;54
8971;54;56
8972;50;52
8973;48;50
8974;50;50
8975;52;48
8976;52;44
8977;52;36
8978;56;30
8979;52;26
8980;50;24
8981;50;28
8982;50;36
8983;50;46
8984;50;56
8985;54;60
8986;50;60
8987;50;58
8988;50;56
8989;50;54
8990;50;52
8991;48;50
8992;48;50
8993;48;48
8994;48;50
8995;50;46
8996;48;48
8997;48;46
8998;46;46
8999;48;42
9000;48;36
9001;48;30
9002;42;24
9003;48;22
9004;48;26
9005;48;38
9006;46;50
9007;48;58
9008;46;60
9009;54;58
9010;46;58
9011;48;56
9012;46;52
9013;46;52
9014;46;50
9015;46;50
9016;46;48
9017;46;48
9018;44;48
9019;38;46
9020;44;46
9021;46;46
9022;44;48
9023;46;42
9024;44;38
9025;44;30
9026;48;24
9027;44;20
9028;42;18
9029;40;22
9030;42;30
9031;42;40
9032;42;50
9033;40;54
9034;42;56
9035;42;56
9036;42;52
9037;40;50
9038;40;50
9039;42;48
9040;40;46
9041;40;44
9042;40;44
9043;42;44
9044;40;44
9045;38;44
9046;36;44
9047;40;42
9048;38;42
9049;36;38
9050;58;32
9051;38;24
9052;36;20
9053;34;18
9054;38;22
9055;38;36
9056;36;48
9057;36;54
9058;34;56
9059;36;54
9060;26;52
9061;36;50
9062;34;48
9063;36;48
9064;34;46
9065;34;44
9066;34;44
9067;50;44
9068;32;42
9069;32;42
9070;24;42
9071;32;40
9072;32;36
9073;30;30
9074;32;24
9075;30;10
9076;28;8
9077;20;10
9078;28;20
9079;28;30
9080;28;38
9081;26;44
9082;26;44
9083;28;42
9084;22;42
9085;26;38
9086;26;38
9087;28;36
9088;26;34
9089;24;34
9090;22;32
9091;22;34
9092;22;32
9093;22;32
9094;24;32
9095;22;30
9096;22;30
9097;22;22
9098;20;16
9099;18;10
9100;18;6
9101;14;6
9102;18;14
9103;18;24
9104;20;34
9105;16;40
9106;16;44
9107;14;44
9108;16;44
9109;14;40
9110;14;38
9111;6;36
9112;12;36
9113;14;34
9114;12;32
9115;10;32
9116;12;32
9117;10;32
9118;16;32
9119;8;30
9120;8;24
9121;8;16
9122;6;10
9123;6;6
9124;6;6
9125;0;14
9126;6;24
9127;4;16
9128;0;18
9129;2;18
9130;2;18
9131;2;14
9132;0;12
9133;0;12
9134;0;10
9135;4;14
9136;-2;20
9137;-4;24
9138;-4;24
9139;-4;24
9140;-6;22
9141;-4;20
9142;-8;18
9143;-6;18
9144;-8;18
9145;-4;18
9146;-10;18
9147;-10;16
9148;-10;16
9149;-10;16
9150;-12;16
9151;-12;16
9152;-16;14
9153;-14;14
9154;-16;16
9155;-16;14
9156;-18;8
9157;-18;0
9158;-20;-6
9159;-22;-10
9160;-20;-8
9161;-22;-2
9162;-22;12
9163;-22;22
9164;-24;26
9165;-24;26
9166;-34;26
9167;-26;24
9168;-26;22
9169;-20;20
9170;-28;18
9171;-28;18
9172;-30;16
9173;-30;16
9174;-30;16
9175;-32;16
9176;-28;14
9177;-34;16
9178;-36;16
9179;-36;-2
9180;-36;-8
9181;-38;-16
9182;-38;-22
9183;-36;-26
9184;-40;-26
9185;-42;-22
9186;-42;-14
9187;-44;-4
9188;-44;4
9189;-44;10
9190;-44;10
9191;-48;10
9192;-48;8
9193;-48;6
9194;-48;4
9195;-48;2
9196;-48;0
9197;-52;0
9198;-52;-2
9199;-52;-2
9200;-48;-4
9201;-52;-2
9202;-52;-2
9203;-56;-2
9204;-54;-2
9205;-56;-6
9206;-58;-12
9207;-66;-20
9208;-58;-24
9209;-60;-28
9210;-60;-24
9211;-60;-12
9212;-62;0
9213;-60;8
9214;-62;10
9215;-64;10
9216;-64;10
9217;-72;4
9218;-66;2
9219;-66;2
9220;-66;2
9221;-70;0
9222;-68;-2
9223;-70;-2
9224;-48;-2
9225;-70;-2
9226;-72;-8
9227;-78;-16
9228;-72;-22
9229;-74;-26
9230;-74;-26
9231;-74;-20
9232;-74;-24
9233;-76;-16
9234;-78;-8
9235;-78;-4
9236;-78;-2
9237;-78;-6
9238;-80;-8
9239;-80;-10
9240;-80;-10
9241;-86;-12
9242;-82;-12
9243;-82;-14
9244;-80;-14
9245;-84;-14
9246;-84;-16
9247;-84;-20
9248;-86;-26
9249;-86;-32
9250;-86;-38
9251;-86;-38
9252;-88;-34
9253;-88;-20
9254;-88;-10
9255;-88;-4
9256;-90;-2
9257;-92;-4
9258;-94;-6
9259;-94;-8
9260;-92;-10
9261;-90;-12
9262;-94;-12
9263;-94;-12
9264;-94;-14
9265;-88;-14
9266;-94;-14
9267;-96;-16
9268;-104;-22
9269;-94;-28
9270;-94;-34
9271;-96;-38
9272;-96;-38
9273;-96;-30
9274;-98;-18
9275;-96;-8
9276;-98;-4
9277;-98;-2
9278;-100;-4
9279;-102;-6
9280;-100;-8
9281;-100;-12
9282;-102;-12
9283;-100;-12
9284;-100;-20
9285;-106;-24
9286;-102;-32
9287;-102;-38
9288;-102;-44
9289;-102;-44
9290;-104;-44
9291;-104;-38
9292;-100;-28
9293;-102;-18
9294;-104;-14
9295;-104;-10
9296;-102;-12
9297;-102;-14
9298;-102;-14
9299;-106;-16
9300;-104;-20
9301;-104;-22
9302;-102;-20
9303;-104;-22
9304;-104;-22
9305;-104;-22
9306;-106;-26
9307;-104;-32
9308;-104;-40
9309;-104;-44
9310;-102;-46
9311;-102;-44
9312;-102;-32
9313;-102;-20
9314;-102;-12
9315;-100;-10
9316;-102;-10
9317;-100;-14
9318;-100;-16
9319;-100;-18
9320;-100;-20
9321;-100;-20
9322;-98;-20
9323;-116;-22
9324;-98;-22
9325;-96;-24
9326;-88;-32
9327;-96;-38
9328;-96;-44
9329;-96;-46
9330;-94;-44
9331;-94;-38
9332;-92;-30
9333;-82;-20
9334;-92;-12
9335;-92;-10
9336;-90;-16
9337;-90;-18
9338;-90;-20
9339;-88;-22
9340;-92;-24
9341;-86;-26
9342;-88;-26
9343;-84;-28
9344;-86;-28
9345;-86;-28
9346;-84;-30
9347;-82;-32
9348;-82;-38
9349;-84;-46
9350;-80;-50
9351;-80;-52
9352;-80;-48
9353;-80;-40
9354;-80;-30
9355;-78;-22
9356;-76;-18
9357;-70;-14
9358;-76;-18
9359;-74;-20
9360;-76;-22
9361;-72;-22
9362;-72;-24
9363;-72;-28
9364;-82;-28
9365;-70;-28
9366;-68;-28
9367;-66;-28
9368;-66;-28
9369;-66;-28
9370;-66;-30
9371;-64;-36
9372;-62;-42
9373;-62;-48
9374;-64;-50
9375;-60;-50
9376;-60;-44
9377;-58;-36
9378;-58;-26
9379;-60;-20
9380;-56;-18
9381;-52;-16
9382;-56;-18
9383;-54;-20
9384;-50;-24
9385;-52;-26
9386;-50;-26
9387;-52;-24
9388;-52;-28
9389;-48;-32
9390;-46;-40
9391;-52;-46
9392;-46;-50
9393;-46;-54
9394;-42;-48
9395;-44;-38
9396;-42;-28
9397;-40;-20
9398;-36;-18
9399;-40;-18
9400;-36;-20
9401;-38;-24
9402;-34;-24
9403;-34;-26
9404;-34;-28
9405;-34;-28
9406;-34;-28
9407;-30;-30
9408;-28;-28
9409;-28;-30
9410;-28;-34
9411;-26;-38
9412;-24;-44
9413;-24;-50
9414;-24;-52
9415;-24;-52
9416;-20;-46
9417;-20;-36
9418;-18;-28
9419;-18;-22
9420;-16;-18
9421;-16;-20
9422;0;-20
9423;-12;-24
9424;-12;-24
9425;-18;-26
9426;-10;-28
9427;-8;-26
9428;-8;-28
9429;-6;-28
9430;-6;-28
9431;-6;-30
9432;-12;-30
9433;-2;-34
9434;-2;-40
9435;2;-48
9436;0;-52
9437;2;-54
9438;2;-48
9439;14;-38
9440;4;-26
9441;6;-18
9442;-2;-14
9443;8;-14
9444;10;-14
9445;8;-18
9446;12;-18
9447;12;-20
9448;12;-22
9449;6;-24
9450;12;-24
9451;14;-24
9452;16;-24
9453;16;-24
9454;16;-24
9455;20;-26
9456;12;-32
9457;18;-38
9458;20;-44
9459;22;-46
9460;22;-46
9461;22;-42
9462;24;-36
9463;24;-26
9464;24;-18
9465;24;-14
9466;28;-12
9467;26;-14
9468;28;-16
9469;28;-18
9470;28;-20
9471;30;-22
9472;30;-22
9473;30;-24
9474;32;-24
9475;32;-22
9476;34;-24
9477;34;-26
9478;34;-32
9479;36;-40
9480;14;-44
9481;36;-46
9482;38;-46
9483;40;-38
9484;38;-26
9485;38;-18
9486;40;-12
9487;40;-12
9488;40;-16
9489;40;-16
9490;54;-18
9491;44;-20
9492;42;-12
9493;42;-16
9494;44;-22
9495;44;-28
9496;44;-34
9497;34;-38
9498;46;-38
9499;46;-32
9500;50;-24
9501;46;-14
9502;48;-8
9503;48;-4
9504;50;-6
9505;50;-6
9506;50;-8
9507;54;-10
9508;50;-12
9509;52;-12
9510;50;-14
9511;52;-14
9512;50;-14
9513;50;-16
9514;58;-16
9515;54;-16
9516;54;-18
9517;54;-22
9518;54;-28
9519;56;-34
9520;54;-40
9521;54;-40
9522;54;-34
9523;56;-26
9524;58;-16
9525;54;-10
9526;56;-4
9527;56;-4
9528;58;-6
9529;58;-8
9530;58;-8
9531;58;-10
9532;58;-12
9533;58;-14
9534;60;-14
9535;58;-14
9536;60;-14
9537;60;-16
9538;54;-16
9539;58;-20
9540;60;-28
9541;64;-34
9542;60;-38
9543;60;-38
9544;58;-22
9545;60;-14
9546;60;-4
9547;60;2
9548;48;6
9549;60;8
9550;60;6
9551;62;4
9552;60;2
9553;60;0
9554;60;-2
9555;64;-2
9556;62;-2
9557;62;-4
9558;58;-4
9559;60;-4
9560;60;-4
9561;60;-6
9562;60;-12
9563;62;-18
9564;60;-26
9565;60;-28
9566;60;-26
9567;60;-20
9568;60;-6
9569;60;4
9570;60;6
9571;58;8
9572;64;6
9573;60;4
9574;62;0
9575;58;0
9576;60;-2
9577;62;-2
9578;60;-4
9579;72;-4
9580;60;-4
9581;60;-4
9582;58;-8
9583;60;-12
9584;58;-20
9585;60;-24
9586;58;-28
9587;58;-26
9588;58;-18
9589;54;-6
9590;58;4
9591;60;8
9592;60;6
9593;58;6
9594;58;4
9595;58;4
9596;78;16
9597;58;10
9598;58;4
9599;58;-4
9600;56;-10
9601;58;-14
9602;58;-14
9603;58;-8
9604;58;2
9605;58;10
9606;48;20
9607;56;22
9608;56;22
9609;60;20
9610;56;18
9611;56;16
9612;56;14
9613;60;14
9614;58;10
9615;58;10
9616;52;10
9617;56;8
9618;56;2
9619;56;-6
9620;56;-12
9621;56;-16
9622;56;-14
9623;54;-4
9624;54;8
9625;56;18
9626;54;22
9627;56;22
9628;54;20
9629;54;18
9630;50;16
9631;56;14
9632;54;12
9633;56;12
9634;54;10
9635;54;10
9636;54;10
9637;60;8
9638;54;8
9639;54;6
9640;44;-2
9641;54;-10
9642;54;-14
9643;54;-16
9644;54;-14
9645;52;-6
9646;54;6
9647;56;16
9648;54;36
9649;54;38
9650;54;38
9651;54;36
9652;52;32
9653;52;30
9654;54;30
9655;52;28
9656;52;26
9657;48;24
9658;50;24
9659;50;24
9660;50;26
9661;52;24
9662;52;24
9663;52;18
9664;54;10
9665;50;6
9666;50;0
9667;50;0
9668;50;6
9669;50;20
9670;50;30
9671;42;36
9672;50;38
9673;50;36
9674;54;34
9675;48;32
9676;48;30
9677;48;28
9678;46;26
9679;48;26
9680;48;26
9681;46;26
9682;48;26
9683;48;24
9684;48;20
9685;48;10
9686;48;4
9687;48;0
9688;48;0
9689;50;6
9690;48;16
9691;50;26
9692;48;34
9693;48;36
9694;48;38
9695;32;36
9696;48;32
9697;48;30
9698;54;30
9699;50;28
9700;50;40
9701;48;36
9702;50;30
9703;50;22
9704;52;18
9705;52;14
9706;50;14
9707;50;22
9708;50;30
9709;50;40
9710;52;48
9711;54;50
9712;48;50
9713;52;48
9714;52;44
9715;56;44
9716;52;42
9717;54;40
9718;52;38
9719;54;38
9720;54;38
9721;54;38
9722;58;38
9723;54;34
9724;52;28
9725;54;20
9726;54;16
9727;54;12
9728;54;14
9729;60;26
9730;54;40
9731;54;46
9732;54;50
9733;54;48
9734;54;48
9735;54;44
9736;48;42
9737;54;40
9738;54;38
9739;56;38
9740;54;38
9741;54;38
9742;54;36
9743;54;36
9744;54;36
9745;54;36
9746;56;36
9747;56;36
9748;54;32
9749;54;24
9750;56;16
9751;54;14
9752;54;22
9753;46;24
9754;54;32
9755;54;42
9756;60;50
9757;54;58
9758;54;58
9759;52;58
9760;52;56
9761;54;54
9762;56;50
9763;54;50
9764;52;48
9765;54;48
9766;54;48
9767;52;48
9768;54;48
9769;52;46
9770;58;46
9771;54;42
9772;52;34
9773;54;28
9774;52;24
9775;54;22
9776;52;24
9777;52;34
9778;52;42
9779;52;54
9780;54;58
9781;52;58
9782;52;58
9783;52;56
9784;52;52
9785;52;52
9786;54;48
9787;50;48
9788;50;48
9789;50;48
9790;52;46
9791;52;46
9792;52;46
9793;50;46
9794;66;44
9795;50;42
9796;50;36
9797;44;30
9798;50;24
9799;50;22
9800;48;20
9801;50;30
9802;48;44
9803;48;56
9804;40;62
9805;48;60
9806;48;58
9807;48;56
9808;48;54
9809;48;52
9810;50;50
9811;56;48
9812;48;48
9813;48;48
9814;40;46
9815;48;42
9816;46;36
9817;46;30
9818;46;24
9819;46;22
9820;46;24
9821;44;34
9822;46;44
9823;46;54
9824;46;58
9825;46;60
9826;46;58
9827;44;56
9828;40;56
9829;46;52
9830;44;50
9831;48;50
9832;42;48
9833;46;48
9834;44;48
9835;44;48
9836;44;48
9837;44;46
9838;40;42
9839;42;38
9840;44;30
9841;42;24
9842;42;22
9843;42;24
9844;40;34
9845;44;48
9846;42;56
9847;40;60
9848;42;58
9849;40;56
9850;40;54
9851;40;52
9852;18;50
9853;40;48
9854;38;48
9855;46;50
9856;38;42
9857;38;36
9858;38;30
9859;40;24
9860;36;18
9861;38;14
9862;34;16
9863;36;24
9864;36;34
9865;38;42
9866;38;50
9867;36;52
9868;34;52
9869;40;50
9870;36;48
9871;34;46
9872;36;44
9873;34;42
9874;34;40
9875;32;40
9876;32;40
9877;34;40
9878;34;38
9879;36;38
9880;32;38
9881;30;36
9882;32;30
9883;30;22
9884;30;16
9885;30;14
9886;36;14
9887;30;24
9888;28;32
9889;28;42
9890;30;48
9891;28;52
9892;24;50
9893;20;48
9894;28;48
9895;26;44
9896;26;42
9897;26;42
9898;24;40
9899;24;40
9900;24;40
9901;24;38
9902;24;38
9903;22;38
9904;22;38
9905;24;36
9906;22;38
9907;22;40
9908;22;38
9909;20;24
9910;8;16
9911;18;12
9912;20;6
9913;26;4
9914;18;6
9915;18;14
9916;18;24
9917;16;34
9918;16;40
9919;16;40
9920;16;40
9921;16;38
9922;14;36
9923;14;34
9924;14;32
9925;12;32
9926;14;30
9927;16;30
9928;12;30
9929;10;30
9930;8;28
9931;8;28
9932;8;26
9933;8;26
9934;6;22
9935;8;14
9936;6;6
9937;8;6
9938;6;6
9939;4;12
9940;6;26
9941;2;36
9942;4;40
9943;4;42
9944;0;40
9945;0;38
9946;0;34
9947;-2;34
9948;-2;32
9949;-2;30
9950;-4;28
9951;12;30
9952;-6;30
9953;-8;30
9954;-14;28
9955;-8;26
9956;-10;20
9957;-10;14
9958;-12;8
9959;-12;4
9960;-10;4
9961;-22;-6
9962;-14;4
9963;-14;14
9964;-14;20
9965;-18;24
9966;-18;24
9967;-18;22
9968;0;20
9969;-20;18
9970;-20;16
9971;-30;14
9972;-20;14
9973;-24;14
9974;-22;12
9975;-24;12
9976;-26;12
9977;-26;10
9978;-36;10
9979;-26;6
9980;-28;-2
9981;-28;-8
9982;-28;-12
9983;-30;-14
9984;-30;-8
9985;-34;4
9986;-34;16
9987;-34;22
9988;-32;22
9989;-36;24
9990;-38;20
9991;-36;18
9992;-38;16
9993;-38;16
9994;-40;16
9995;-40;12
9996;-42;12
9997;-42;12
9998;-44;10
9999;-44;10
10000;-44;10
