Column1;Column2;Column3
Channel              :;CH1;CH2
Frequency            :;193,1Hz;206,6Hz
Period               :;5,179ms;4,840ms
PK-PK                :;408,0mV;108,0mV
Probe attenuation    :;1X;1X
Voltage per ADC value:;0,250000mV;0,250000mV
Time interval        :;10,00000uS;10,00000uS
;;
index;CH1_Voltage(mV);CH2_Voltage(mV)
1;-184;-28
2;-184;-28
3;-184;-28
4;-180;-24
5;-180;-28
6;-184;-24
7;-184;-28
8;-184;-28
9;-180;-28
10;-180;-24
11;-180;-24
12;-184;-24
13;-180;-28
14;-184;-28
15;-180;-28
16;-180;-24
17;-180;-24
18;-180;-28
19;-168;-24
20;-180;-24
21;-176;-28
22;-176;-28
23;-176;-28
24;-176;-32
25;-176;-32
26;-176;-32
27;-176;-36
28;-172;-36
29;-172;-36
30;-172;-40
31;-168;-40
32;-172;-44
33;-172;-44
34;-168;-44
35;-168;-48
36;-168;-44
37;-164;-48
38;-164;-48
39;-164;-48
40;-168;-48
41;-160;-48
42;-160;-48
43;-160;-48
44;-160;-48
45;-160;-44
46;-156;-44
47;-164;-40
48;-152;-36
49;-152;-32
50;-148;-28
51;-152;-28
52;-144;-20
53;-148;-20
54;-136;-20
55;-144;-20
56;-144;-20
57;-140;-16
58;-140;-16
59;-140;-16
60;-136;-12
61;-128;-12
62;-136;-12
63;-132;-16
64;-132;-12
65;-128;-16
66;-128;-12
67;-124;-12
68;-124;-16
69;-124;-16
70;-124;40
71;-120;36
72;-116;36
73;-128;36
74;-112;36
75;-112;36
76;-112;36
77;-112;32
78;-108;32
79;-108;32
80;-108;32
81;-104;32
82;-100;32
83;-100;32
84;-96;32
85;-96;32
86;-92;28
87;-88;32
88;-88;28
89;-84;28
90;-84;28
91;-84;28
92;-80;24
93;-80;24
94;-88;20
95;-72;20
96;-72;16
97;-68;16
98;-68;16
99;-64;12
100;-60;12
101;-52;12
102;-60;12
103;-60;8
104;-52;4
105;-52;4
106;-48;4
107;-48;4
108;-44;4
109;-44;4
110;-44;4
111;-40;4
112;-40;8
113;-36;8
114;-36;8
115;-28;12
116;-28;16
117;-28;16
118;-24;16
119;-24;20
120;-20;20
121;-20;24
122;-16;32
123;-12;32
124;-12;32
125;-8;32
126;-8;36
127;-8;40
128;0;36
129;-4;40
130;0;40
131;4;40
132;4;44
133;8;40
134;12;40
135;16;40
136;-8;40
137;16;40
138;20;40
139;20;40
140;24;36
141;24;40
142;28;36
143;32;36
144;32;36
145;36;36
146;40;36
147;40;36
148;52;36
149;44;36
150;44;32
151;44;32
152;52;28
153;52;32
154;56;32
155;56;32
156;60;32
157;60;32
158;64;28
159;64;32
160;64;28
161;68;28
162;68;28
163;72;28
164;76;32
165;76;28
166;76;28
167;80;28
168;84;28
169;84;28
170;88;28
171;88;28
172;92;28
173;96;28
174;96;32
175;96;28
176;88;28
177;104;28
178;104;28
179;104;28
180;108;28
181;108;28
182;112;28
183;116;24
184;116;24
185;116;20
186;116;20
187;120;20
188;120;16
189;124;16
190;128;12
191;124;8
192;128;8
193;132;8
194;132;4
195;136;4
196;136;4
197;144;4
198;140;4
199;140;4
200;140;4
201;144;4
202;148;4
203;144;8
204;152;8
205;148;12
206;152;12
207;148;16
208;152;16
209;152;20
210;156;20
211;164;24
212;156;28
213;160;32
214;160;32
215;164;32
216;160;36
217;164;36
218;152;36
219;168;36
220;168;40
221;168;40
222;172;40
223;164;40
224;172;40
225;164;40
226;176;40
227;176;40
228;176;40
229;176;40
230;176;36
231;176;36
232;176;36
233;180;36
234;180;36
235;180;36
236;180;32
237;184;36
238;184;32
239;188;32
240;184;32
241;188;32
242;188;32
243;188;32
244;188;32
245;188;28
246;192;32
247;188;32
248;188;32
249;192;32
250;192;28
251;180;28
252;192;32
253;192;28
254;192;28
255;192;28
256;192;32
257;196;32
258;204;28
259;192;28
260;192;28
261;192;28
262;192;28
263;196;28
264;196;28
265;192;28
266;192;24
267;192;24
268;192;24
269;192;24
270;196;24
271;192;20
272;188;20
273;192;16
274;192;16
275;192;12
276;192;12
277;188;12
278;192;-12
279;184;-16
280;188;-12
281;188;-16
282;188;-20
283;188;-20
284;184;-20
285;184;-20
286;172;-20
287;184;-20
288;188;-16
289;184;-16
290;184;-16
291;184;-12
292;184;-8
293;184;-8
294;180;0
295;180;0
296;180;4
297;176;8
298;176;12
299;176;12
300;192;12
301;176;16
302;176;16
303;176;16
304;172;16
305;172;16
306;168;20
307;168;16
308;168;20
309;168;20
310;164;16
311;164;20
312;156;16
313;160;16
314;160;12
315;156;12
316;160;16
317;160;12
318;156;12
319;152;8
320;152;12
321;152;12
322;148;8
323;148;8
324;148;8
325;144;8
326;148;12
327;144;8
328;144;8
329;140;8
330;140;8
331;136;8
332;136;8
333;128;8
334;132;8
335;132;8
336;128;8
337;128;8
338;124;8
339;124;8
340;120;4
341;120;8
342;120;4
343;116;4
344;116;4
345;112;4
346;112;4
347;108;4
348;108;0
349;104;0
350;100;-4
351;100;-4
352;100;-4
353;100;-8
354;100;-8
355;96;-12
356;92;-12
357;88;-12
358;88;-16
359;84;-16
360;84;-16
361;84;-20
362;76;-20
363;76;-20
364;72;-20
365;72;-20
366;72;-20
367;68;-20
368;72;-16
369;64;-16
370;64;-12
371;60;-12
372;60;-8
373;56;-4
374;52;-4
375;28;-4
376;48;0
377;48;4
378;44;8
379;44;8
380;32;8
381;36;12
382;24;16
383;32;16
384;32;16
385;28;16
386;28;16
387;32;16
388;24;16
389;20;16
390;16;16
391;16;16
392;12;16
393;16;16
394;12;16
395;8;16
396;4;16
397;4;16
398;0;12
399;-4;12
400;-4;12
401;-4;12
402;-8;12
403;-8;8
404;-12;8
405;-12;12
406;-16;8
407;-16;12
408;-16;8
409;-24;8
410;-20;8
411;-28;8
412;-32;8
413;-32;8
414;-36;8
415;-28;8
416;-40;8
417;-40;8
418;-44;8
419;-44;8
420;-44;4
421;-52;4
422;-56;8
423;-52;4
424;-52;8
425;-56;8
426;-60;4
427;-60;4
428;-64;8
429;-68;8
430;-68;8
431;-68;4
432;-76;4
433;-72;4
434;-72;8
435;-76;4
436;-84;4
437;-84;4
438;-84;4
439;-84;4
440;-88;4
441;-88;4
442;-96;4
443;-96;4
444;-96;4
445;-96;0
446;-100;0
447;-104;-4
448;-100;-4
449;-104;-8
450;-84;-8
451;-112;-8
452;-112;-12
453;-112;-12
454;-116;-16
455;-116;-16
456;-116;-16
457;-116;-16
458;-120;-20
459;-124;-20
460;-124;-20
461;-128;-20
462;-132;-20
463;-128;-20
464;-132;-16
465;-132;-16
466;-136;-12
467;-136;-12
468;-136;-8
469;-148;-4
470;-140;0
471;-140;0
472;-144;4
473;-140;8
474;-148;12
475;-148;8
476;-148;12
477;-148;16
478;-152;16
479;-152;16
480;-152;16
481;-156;20
482;-156;20
483;-156;20
484;-160;20
485;-160;20
486;-160;16
487;-160;8
488;-164;8
489;-164;8
490;-180;8
491;-164;8
492;-168;8
493;-164;4
494;-168;4
495;-168;4
496;-172;0
497;-160;0
498;-172;4
499;-172;4
500;-172;0
501;-176;0
502;-172;0
503;-172;4
504;-176;0
505;-176;-4
506;-176;-4
507;-176;-8
508;-176;-8
509;-180;-8
510;-180;-8
511;-176;-12
512;-176;-16
513;-180;-16
514;-180;-20
515;-184;-20
516;-180;-20
517;-180;-20
518;-184;-24
519;-180;-24
520;-180;-28
521;-184;-28
522;-184;-28
523;-180;-28
524;-180;-28
525;-196;-28
526;-184;-28
527;-184;-24
528;-184;-24
529;-184;-24
530;-176;-20
531;-180;-16
532;-180;-16
533;-180;-12
534;-180;-12
535;-180;-8
536;-180;-4
537;-176;-4
538;-176;0
539;-164;0
540;-180;4
541;-176;4
542;-176;4
543;-176;8
544;-176;8
545;-172;8
546;-172;8
547;-172;8
548;-172;8
549;-172;8
550;-168;8
551;-180;8
552;-168;8
553;-168;8
554;-168;8
555;-168;8
556;-164;8
557;-160;4
558;-164;8
559;-160;4
560;-160;4
561;-160;4
562;-160;4
563;-160;4
564;-156;0
565;-156;0
566;-152;0
567;-152;4
568;-152;0
569;-152;0
570;-148;0
571;-148;0
572;-156;0
573;-144;0
574;-144;0
575;-144;0
576;-144;0
577;-140;0
578;-140;0
579;-144;0
580;-136;-4
581;-136;0
582;-132;-4
583;-132;-4
584;-128;-4
585;-128;-4
586;-128;0
587;-124;-4
588;-120;0
589;-120;-4
590;-120;-4
591;-116;-4
592;-116;-4
593;-108;-4
594;-112;-4
595;-108;-8
596;-108;-8
597;-104;-12
598;-100;-12
599;-104;-12
600;-100;-12
601;-96;-16
602;-96;-20
603;-92;-20
604;-92;-20
605;-92;-24
606;-92;-24
607;-84;-24
608;-84;-24
609;-84;-28
610;-80;-28
611;-76;-28
612;-80;-28
613;-72;-28
614;-92;-28
615;-72;-24
616;-68;-24
617;-64;-24
618;-60;-20
619;-68;-20
620;-60;-16
621;-68;-16
622;-52;-12
623;-52;-8
624;-48;-8
625;-44;-4
626;-44;0
627;-44;0
628;-44;0
629;-40;4
630;-40;4
631;-36;8
632;-32;8
633;-28;8
634;-28;8
635;-24;8
636;-24;8
637;-24;8
638;-20;8
639;-16;8
640;-12;8
641;-12;8
642;-8;4
643;-8;8
644;-4;4
645;-4;8
646;0;4
647;4;4
648;0;4
649;8;4
650;8;4
651;8;4
652;12;0
653;12;0
654;28;0
655;20;4
656;20;0
657;24;0
658;28;0
659;28;0
660;28;0
661;28;0
662;36;-4
663;36;0
664;36;0
665;40;0
666;40;0
667;44;0
668;44;0
669;48;0
670;52;-4
671;56;-4
672;52;-4
673;60;-8
674;56;0
675;60;-4
676;64;0
677;68;0
678;68;-8
679;68;-4
680;72;-4
681;76;-4
682;76;-4
683;80;-4
684;80;-4
685;84;-4
686;88;-4
687;88;-4
688;88;-4
689;112;-4
690;92;-4
691;96;0
692;96;-4
693;100;-4
694;100;-4
695;100;40
696;108;40
697;104;36
698;108;36
699;108;32
700;112;32
701;108;32
702;116;28
703;120;28
704;116;28
705;120;24
706;120;20
707;124;20
708;116;20
709;128;20
710;128;16
711;132;16
712;132;16
713;132;16
714;136;16
715;136;16
716;140;16
717;140;16
718;144;16
719;144;20
720;144;20
721;144;24
722;148;24
723;148;28
724;148;28
725;152;32
726;156;36
727;152;36
728;160;40
729;144;44
730;156;44
731;160;48
732;160;48
733;164;48
734;164;52
735;164;52
736;176;52
737;168;52
738;168;52
739;172;52
740;168;52
741;172;52
742;172;52
743;176;52
744;172;52
745;176;52
746;176;52
747;180;48
748;176;48
749;180;48
750;184;48
751;180;44
752;180;48
753;180;48
754;180;44
755;184;44
756;184;48
757;180;44
758;184;44
759;184;44
760;188;44
761;188;44
762;184;44
763;188;44
764;176;44
765;188;44
766;188;44
767;188;40
768;188;40
769;192;40
770;192;40
771;180;40
772;192;44
773;188;40
774;192;44
775;192;44
776;192;40
777;192;40
778;212;40
779;192;40
780;192;44
781;192;40
782;192;40
783;200;40
784;192;36
785;192;40
786;192;40
787;192;40
788;192;40
789;192;40
790;188;40
791;188;40
792;188;40
793;192;40
794;192;40
795;188;40
796;188;40
797;192;40
798;188;40
799;188;36
800;188;36
801;188;36
802;184;36
803;184;36
804;192;32
805;184;28
806;184;28
807;184;28
808;184;24
809;180;24
810;184;20
811;176;20
812;180;20
813;180;16
814;180;20
815;180;16
816;176;16
817;176;16
818;164;12
819;176;16
820;176;16
821;176;20
822;172;20
823;168;20
824;172;24
825;164;24
826;168;28
827;168;28
828;164;32
829;164;32
830;164;36
831;160;40
832;164;44
833;160;44
834;156;48
835;156;48
836;156;48
837;156;52
838;152;52
839;156;52
840;148;52
841;148;52
842;148;52
843;148;52
844;148;52
845;140;52
846;152;52
847;140;52
848;136;52
849;136;48
850;136;52
851;128;48
852;132;48
853;120;48
854;128;48
855;124;48
856;124;44
857;124;48
858;112;48
859;120;44
860;116;44
861;116;44
862;116;44
863;112;44
864;108;44
865;108;44
866;108;44
867;108;44
868;104;40
869;104;44
870;100;40
871;100;44
872;96;40
873;92;40
874;92;40
875;88;40
876;88;40
877;84;40
878;84;40
879;84;40
880;80;40
881;80;44
882;76;40
883;72;40
884;68;40
885;68;40
886;68;40
887;64;40
888;64;40
889;64;40
890;60;40
891;56;36
892;56;40
893;52;40
894;48;40
895;48;40
896;48;40
897;44;40
898;40;40
899;36;40
900;28;40
901;36;40
902;32;40
903;28;-20
904;28;-24
905;24;-24
906;24;-28
907;16;-28
908;20;-28
909;16;-32
910;16;-32
911;12;-32
912;12;-40
913;8;-40
914;4;-40
915;0;-40
916;0;-40
917;0;-44
918;-4;-44
919;0;-44
920;-4;-44
921;-4;-44
922;-8;-44
923;-16;-44
924;-16;-44
925;-16;-44
926;-16;-44
927;-24;-44
928;-4;-40
929;-24;-40
930;-28;-36
931;-32;-36
932;-32;-32
933;-32;-28
934;-36;-28
935;-40;-24
936;-44;-24
937;-44;-20
938;-48;-20
939;-48;-20
940;-56;-16
941;-52;-12
942;-52;-12
943;-56;-12
944;-60;-12
945;-60;-8
946;-64;-8
947;-76;-8
948;-68;-12
949;-68;-12
950;-72;-12
951;-76;-12
952;-76;-12
953;-76;-12
954;-80;-12
955;-80;-12
956;-80;-12
957;-84;-12
958;-88;-16
959;-88;-16
960;-92;-20
961;-92;-16
962;-96;-16
963;-96;-16
964;-96;-16
965;-100;-20
966;-100;-16
967;-100;-20
968;-120;-20
969;-108;-20
970;-112;-20
971;-108;-20
972;-112;-20
973;-116;-20
974;-116;-20
975;-112;-20
976;-120;-20
977;-124;-20
978;-124;-20
979;-124;-20
980;-128;-24
981;-128;-20
982;-128;-20
983;-132;-20
984;-132;-20
985;-136;-20
986;-136;-20
987;-136;-24
988;-136;-20
989;-136;-24
990;-140;-20
991;-144;-24
992;-144;-20
993;-144;-20
994;-148;-24
995;-152;-20
996;-152;-20
997;-152;-24
998;-152;-24
999;-156;-24
1000;-156;-24
1001;-160;-28
1002;-156;-28
1003;-168;-32
1004;-156;-36
1005;-160;-36
1006;-160;-36
1007;-164;-40
1008;-164;-40
1009;-164;-40
1010;-180;-44
1011;-164;-44
1012;-168;-44
1013;-168;-44
1014;-168;-44
1015;-168;-44
1016;-172;-44
1017;-156;-44
1018;-172;-44
1019;-172;-40
1020;-172;-44
1021;-172;-40
1022;-168;-36
1023;-176;-36
1024;-176;-36
1025;-176;-32
1026;-176;-28
1027;-176;-28
1028;-176;-24
1029;-180;-24
1030;-180;-20
1031;-180;-20
1032;-180;-16
1033;-176;-16
1034;-180;-12
1035;-180;-12
1036;-180;-12
1037;-180;-12
1038;-180;-8
1039;-180;-8
1040;-180;-12
1041;-180;-8
1042;-184;-12
1043;-176;-12
1044;-180;-12
1045;-180;-12
1046;-180;-12
1047;-180;-12
1048;-180;-12
1049;-180;-16
1050;-180;-12
1051;-176;-12
1052;-176;-16
1053;-176;-16
1054;-176;-16
1055;-176;-16
1056;-176;-16
1057;-184;-16
1058;-176;-16
1059;-176;-20
1060;-172;-20
1061;-172;-20
1062;-172;-20
1063;-172;-16
1064;-172;-20
1065;-168;-20
1066;-168;-20
1067;-172;-20
1068;-172;-20
1069;-164;-20
1070;-164;-20
1071;-160;-20
1072;-164;-20
1073;-160;-24
1074;-160;-20
1075;-164;-20
1076;-156;-20
1077;-160;-20
1078;-156;-20
1079;-156;-20
1080;-156;-20
1081;-156;-20
1082;-156;-20
1083;-156;-20
1084;-152;-24
1085;-140;-24
1086;-148;-24
1087;-148;-20
1088;-148;-28
1089;-148;-28
1090;-152;-28
1091;-144;-28
1092;-152;-32
1093;-140;-32
1094;-140;-32
1095;-140;-36
1096;-136;-36
1097;-140;-36
1098;-132;-40
1099;-136;-44
1100;-132;-44
1101;-128;-44
1102;-128;-44
1103;-124;-44
1104;-124;-44
1105;-120;-44
1106;-120;-44
1107;-120;-44
1108;-116;-40
1109;-116;-40
1110;-112;-36
1111;-108;-36
1112;-108;-32
1113;-108;-32
1114;-104;24
1115;-104;28
1116;-104;32
1117;-100;32
1118;-96;32
1119;-96;36
1120;-92;36
1121;-92;40
1122;-88;40
1123;-88;44
1124;-88;44
1125;-84;44
1126;-80;44
1127;-80;44
1128;-76;44
1129;-72;44
1130;-72;44
1131;-68;44
1132;-60;44
1133;-68;44
1134;-64;44
1135;-64;44
1136;-60;40
1137;-56;40
1138;-60;44
1139;-56;40
1140;-52;40
1141;-52;40
1142;-44;40
1143;-48;40
1144;-44;40
1145;-40;40
1146;-40;40
1147;-36;36
1148;-36;36
1149;-32;36
1150;-28;36
1151;-24;36
1152;-28;36
1153;-28;36
1154;-20;36
1155;-20;32
1156;-16;36
1157;-16;36
1158;-12;36
1159;-12;36
1160;-20;32
1161;-8;32
1162;-4;32
1163;-4;32
1164;0;32
1165;8;32
1166;4;36
1167;16;36
1168;8;32
1169;12;32
1170;16;32
1171;16;32
1172;20;32
1173;20;32
1174;28;32
1175;24;32
1176;24;28
1177;28;28
1178;28;28
1179;28;24
1180;32;24
1181;40;20
1182;36;24
1183;40;20
1184;40;16
1185;44;16
1186;36;12
1187;48;12
1188;52;12
1189;52;12
1190;56;8
1191;56;8
1192;60;8
1193;68;8
1194;64;8
1195;64;8
1196;68;8
1197;68;12
1198;72;12
1199;72;16
1200;76;20
1201;76;20
1202;80;24
1203;80;24
1204;84;28
1205;84;32
1206;88;32
1207;88;36
1208;92;36
1209;96;40
1210;96;40
1211;96;40
1212;100;44
1213;100;44
1214;112;44
1215;104;44
1216;108;44
1217;108;44
1218;112;44
1219;112;44
1220;116;44
1221;116;44
1222;116;44
1223;120;44
1224;120;44
1225;124;44
1226;124;44
1227;124;44
1228;132;40
1229;132;40
1230;132;40
1231;132;40
1232;136;40
1233;136;36
1234;136;40
1235;132;40
1236;140;40
1237;140;36
1238;144;36
1239;144;36
1240;148;36
1241;148;36
1242;136;36
1243;148;36
1244;152;36
1245;152;32
1246;156;36
1247;156;36
1248;160;32
1249;160;36
1250;160;36
1251;164;32
1252;164;36
1253;164;32
1254;164;32
1255;164;36
1256;184;32
1257;172;32
1258;168;32
1259;168;36
1260;172;32
1261;180;32
1262;172;36
1263;176;32
1264;176;32
1265;176;32
1266;176;32
1267;176;32
1268;176;32
1269;176;32
1270;180;32
1271;180;28
1272;180;28
1273;180;24
1274;180;24
1275;184;24
1276;184;24
1277;184;20
1278;184;16
1279;184;16
1280;184;16
1281;184;12
1282;192;12
1283;188;8
1284;188;8
1285;188;8
1286;192;8
1287;188;8
1288;188;8
1289;196;12
1290;188;12
1291;192;12
1292;188;16
1293;192;20
1294;188;20
1295;188;24
1296;184;28
1297;192;32
1298;192;32
1299;192;36
1300;192;40
1301;192;44
1302;192;44
1303;188;44
1304;188;44
1305;192;44
1306;192;48
1307;192;44
1308;192;44
1309;192;44
1310;192;44
1311;192;44
1312;188;44
1313;192;44
1314;192;40
1315;188;44
1316;188;44
1317;192;44
1318;188;44
1319;188;40
1320;188;40
1321;184;40
1322;188;40
1323;184;8
1324;204;8
1325;184;8
1326;180;4
1327;180;8
1328;180;4
1329;180;4
1330;176;4
1331;176;4
1332;176;4
1333;176;4
1334;176;4
1335;176;4
1336;164;4
1337;172;4
1338;172;0
1339;168;0
1340;168;0
1341;168;-4
1342;168;-4
1343;160;-8
1344;168;-8
1345;164;-8
1346;164;-12
1347;164;-12
1348;160;-16
1349;160;-16
1350;156;-20
1351;156;-20
1352;156;-20
1353;156;-24
1354;156;-24
1355;152;-24
1356;152;-24
1357;148;-24
1358;148;-24
1359;144;-24
1360;148;-20
1361;144;-16
1362;144;-16
1363;144;-16
1364;128;-12
1365;140;-8
1366;136;-8
1367;132;-4
1368;132;-4
1369;132;0
1370;128;4
1371;140;4
1372;128;4
1373;128;8
1374;124;8
1375;120;12
1376;124;12
1377;120;12
1378;120;12
1379;116;12
1380;112;12
1381;112;16
1382;108;12
1383;108;16
1384;104;12
1385;104;12
1386;104;12
1387;100;12
1388;100;12
1389;96;12
1390;96;12
1391;92;8
1392;88;12
1393;88;8
1394;84;8
1395;84;8
1396;84;4
1397;76;8
1398;76;4
1399;68;4
1400;76;4
1401;72;4
1402;72;4
1403;68;4
1404;64;4
1405;64;4
1406;52;4
1407;60;4
1408;56;4
1409;56;4
1410;52;4
1411;52;4
1412;48;4
1413;68;0
1414;44;0
1415;44;0
1416;40;4
1417;36;0
1418;44;0
1419;32;0
1420;32;0
1421;28;-4
1422;28;0
1423;24;0
1424;20;-4
1425;16;-8
1426;20;-8
1427;16;-8
1428;16;-12
1429;12;-12
1430;8;-12
1431;8;-16
1432;4;-16
1433;0;-20
1434;0;-20
1435;-4;-20
1436;-4;-20
1437;-8;-24
1438;-8;-24
1439;-4;-24
1440;-12;-24
1441;-12;-20
1442;-20;-20
1443;-20;-20
1444;-20;-20
1445;-24;-16
1446;-28;-12
1447;-28;-8
1448;-32;-8
1449;-28;-4
1450;-36;4
1451;-36;4
1452;-40;8
1453;-48;8
1454;-44;8
1455;-44;8
1456;-48;12
1457;-48;12
1458;-48;12
1459;-56;16
1460;-56;16
1461;-56;12
1462;-60;12
1463;-64;12
1464;-64;12
1465;-64;12
1466;-68;8
1467;-68;12
1468;-72;8
1469;-72;12
1470;-72;8
1471;-76;8
1472;-76;8
1473;-80;8
1474;-80;8
1475;-88;8
1476;-88;4
1477;-88;4
1478;-96;8
1479;-92;4
1480;-96;4
1481;-80;4
1482;-100;4
1483;-100;4
1484;-104;4
1485;-104;4
1486;-108;4
1487;-108;4
1488;-116;0
1489;-112;4
1490;-112;0
1491;-116;0
1492;-116;4
1493;-128;4
1494;-120;0
1495;-124;4
1496;-124;0
1497;-128;0
1498;-128;0
1499;-128;-4
1500;-132;-4
1501;-132;-4
1502;-136;-4
1503;-136;-8
1504;-136;-8
1505;-140;-12
1506;-140;-12
1507;-140;-12
1508;-144;-16
1509;-144;-20
1510;-148;-16
1511;-144;-20
1512;-148;-20
1513;-148;-24
1514;-152;-20
1515;-152;-24
1516;-152;-24
1517;-152;-24
1518;-156;-24
1519;-156;-24
1520;-156;-20
1521;-168;-20
1522;-160;-16
1523;-160;-12
1524;-160;-12
1525;-160;-8
1526;-160;-8
1527;-164;-4
1528;-156;-4
1529;-168;-8
1530;-164;-8
1531;-168;-8
1532;-168;-4
1533;-168;-4
1534;-172;-4
1535;-172;-4
1536;-172;-4
1537;-172;-4
1538;-172;-4
1539;-176;-4
1540;-172;-4
1541;-176;-4
1542;-176;-8
1543;-176;-4
1544;-176;-8
1545;-176;-4
1546;-176;-4
1547;-176;-8
1548;-180;-8
1549;-184;-8
1550;-176;-8
1551;-176;-12
1552;-180;-12
1553;-180;-12
1554;-180;-12
1555;-180;-12
1556;-192;-12
1557;-180;-8
1558;-184;-12
1559;-180;-12
1560;-180;-8
1561;-180;-8
1562;-180;-8
1563;-180;-8
1564;-180;-4
1565;-180;-4
1566;-180;0
1567;-180;-4
1568;-180;0
1569;-184;0
1570;-168;0
1571;-180;0
1572;-180;0
1573;-180;4
1574;-180;4
1575;-180;4
1576;-176;4
1577;-176;4
1578;-176;4
1579;-176;4
1580;-172;4
1581;-172;4
1582;-180;0
1583;-172;0
1584;-172;0
1585;-172;0
1586;-168;0
1587;-168;-4
1588;-168;0
1589;-168;-4
1590;-168;0
1591;-168;-4
1592;-164;-4
1593;-164;-4
1594;-160;-4
1595;-160;-4
1596;-160;-4
1597;-156;-4
1598;-156;-4
1599;-160;-4
1600;-156;-4
1601;-156;-4
1602;-156;-4
1603;-164;-4
1604;-152;-4
1605;-152;-8
1606;-148;-4
1607;-148;-4
1608;-144;-4
1609;-144;-8
1610;-136;-8
1611;-140;-4
1612;-140;-4
1613;-140;-8
1614;-136;-8
1615;-136;-8
1616;-136;-8
1617;-128;-8
1618;-132;-8
1619;-128;-4
1620;-128;-8
1621;-128;-8
1622;-124;-8
1623;-124;-8
1624;-116;-4
1625;-120;-8
1626;-116;-8
1627;-116;-8
1628;-116;-8
1629;-112;-8
1630;-112;-8
1631;-108;-8
1632;-108;-8
1633;-108;-12
1634;-104;-12
1635;-104;-16
1636;-104;-16
1637;-100;-16
1638;-100;-20
1639;-96;-20
1640;-92;-20
1641;-88;-24
1642;-88;-24
1643;-88;-24
1644;-84;-28
1645;-108;-28
1646;-80;-28
1647;-76;-32
1648;-72;-32
1649;-72;-32
1650;-76;-32
1651;-72;-28
1652;-68;-28
1653;-64;-24
1654;-64;-24
1655;-64;-20
1656;-56;-20
1657;-48;-16
1658;-56;-12
1659;-52;-8
1660;-52;-4
1661;-48;-4
1662;-48;0
1663;-44;0
1664;-40;0
1665;-40;4
1666;-40;4
1667;-36;4
1668;-32;4
1669;-32;4
1670;-28;8
1671;-24;4
1672;-24;4
1673;-20;4
1674;-20;8
1675;-16;4
1676;-16;4
1677;-12;4
1678;-8;0
1679;-8;0
1680;-8;0
1681;-4;4
1682;-4;0
1683;0;0
1684;0;0
1685;8;0
1686;8;-4
1687;8;0
1688;12;-4
1689;16;-4
1690;16;-4
1691;16;-4
1692;16;-4
1693;24;-4
1694;28;-4
1695;28;-4
1696;28;-4
1697;32;-4
1698;32;-4
1699;28;-8
1700;36;-4
1701;40;-4
1702;44;-4
1703;40;-4
1704;44;-4
1705;48;-4
1706;48;-4
1707;52;-4
1708;56;-4
1709;52;-8
1710;60;-4
1711;64;-4
1712;64;-8
1713;68;-8
1714;68;-8
1715;68;-8
1716;72;-8
1717;72;-8
1718;76;-8
1719;76;-4
1720;100;-8
1721;80;-8
1722;80;-8
1723;84;-8
1724;84;-12
1725;88;-12
1726;92;-16
1727;92;-16
1728;96;-16
1729;96;-20
1730;96;-20
1731;100;-20
1732;96;-24
1733;104;-24
1734;108;-24
1735;108;-24
1736;108;-28
1737;112;16
1738;116;12
1739;108;8
1740;116;12
1741;116;12
1742;120;12
1743;124;12
1744;120;12
1745;124;16
1746;128;20
1747;128;20
1748;128;24
1749;132;24
1750;132;32
1751;136;32
1752;136;36
1753;136;36
1754;140;40
1755;140;40
1756;144;44
1757;144;44
1758;144;48
1759;144;48
1760;136;48
1761;148;48
1762;148;48
1763;152;48
1764;156;48
1765;156;48
1766;156;44
1767;164;44
1768;160;44
1769;160;44
1770;160;44
1771;164;44
1772;164;44
1773;164;44
1774;172;40
1775;168;40
1776;168;40
1777;172;40
1778;172;40
1779;172;40
1780;172;40
1781;180;36
1782;176;36
1783;176;36
1784;176;40
1785;180;40
1786;176;36
1787;176;40
1788;176;36
1789;180;36
1790;184;36
1791;184;36
1792;184;36
1793;180;36
1794;184;36
1795;176;32
1796;184;36
1797;184;36
1798;188;36
1799;184;36
1800;188;36
1801;188;36
1802;168;36
1803;188;36
1804;188;36
1805;192;36
1806;188;36
1807;188;32
1808;188;32
1809;196;32
1810;192;32
1811;188;28
1812;192;28
1813;192;24
1814;200;24
1815;192;24
1816;192;24
1817;192;20
1818;188;16
1819;192;16
1820;192;16
1821;192;16
1822;192;16
1823;192;12
1824;192;12
1825;188;12
1826;192;12
1827;192;8
1828;192;8
1829;192;12
1830;188;12
1831;188;16
1832;188;16
1833;188;16
1834;188;24
1835;192;20
1836;188;28
1837;184;32
1838;184;32
1839;184;36
1840;184;40
1841;184;40
1842;184;44
1843;184;44
1844;184;48
1845;180;44
1846;180;48
1847;180;48
1848;176;48
1849;172;48
1850;176;48
1851;176;48
1852;172;44
1853;176;44
1854;176;44
1855;172;44
1856;168;44
1857;172;44
1858;168;40
1859;168;44
1860;168;44
1861;168;40
1862;168;44
1863;172;40
1864;164;40
1865;164;40
1866;164;36
1867;164;36
1868;164;36
1869;156;40
1870;160;40
1871;156;36
1872;156;36
1873;152;36
1874;152;36
1875;152;36
1876;152;36
1877;164;36
1878;148;36
1879;144;36
1880;144;36
1881;140;36
1882;136;32
1883;140;36
1884;128;36
1885;136;36
1886;136;36
1887;132;32
1888;136;36
1889;124;36
1890;128;36
1891;120;36
1892;124;36
1893;120;36
1894;120;32
1895;120;32
1896;116;32
1897;116;32
1898;116;28
1899;108;28
1900;112;28
1901;108;28
1902;104;24
1903;104;20
1904;100;20
1905;100;20
1906;96;12
1907;96;16
1908;96;16
1909;92;12
1910;92;12
1911;88;12
1912;88;12
1913;84;12
1914;80;8
1915;80;12
1916;76;8
1917;80;12
1918;76;12
1919;72;12
1920;72;16
1921;68;20
1922;64;20
1923;64;20
1924;60;24
1925;60;28
1926;56;32
1927;52;32
1928;52;36
1929;52;40
1930;48;40
1931;40;40
1932;44;44
1933;44;40
1934;40;44
1935;36;48
1936;36;44
1937;32;44
1938;28;48
1939;28;48
1940;28;48
1941;24;48
1942;24;48
1943;24;48
1944;20;48
1945;20;-16
1946;16;-16
1947;12;-16
1948;8;-16
1949;8;-16
1950;8;-16
1951;4;-20
1952;0;-16
1953;-4;-20
1954;0;-20
1955;-4;-20
1956;-8;-20
1957;-8;-24
1958;-12;-20
1959;8;-24
1960;-16;-24
1961;-20;-24
1962;-20;-20
1963;-24;-24
1964;-24;-20
1965;-28;-24
1966;-28;-24
1967;-32;-28
1968;-36;-24
1969;-32;-24
1970;-40;-24
1971;-44;-24
1972;-44;-24
1973;-44;-28
1974;-48;-24
1975;-52;-24
1976;-52;-24
1977;-52;-28
1978;-64;-28
1979;-56;-24
1980;-60;-24
1981;-64;-24
1982;-64;-28
1983;-68;-28
1984;-68;-28
1985;-72;-28
1986;-72;-32
1987;-76;-32
1988;-80;-36
1989;-80;-36
1990;-80;-40
1991;-80;-40
1992;-84;-40
1993;-84;-44
1994;-92;-44
1995;-92;-44
1996;-96;-48
1997;-96;-48
1998;-96;-48
1999;-108;-48
2000;-100;-48
2001;-104;-48
2002;-104;-48
2003;-104;-48
2004;-108;-48
2005;-108;-48
2006;-112;-44
2007;-112;-44
2008;-116;-40
2009;-116;-40
2010;-116;-36
2011;-116;-36
2012;-124;-28
2013;-120;-28
2014;-124;-24
2015;-124;-24
2016;-128;-20
2017;-128;-20
2018;-128;-20
2019;-132;-16
2020;-128;-16
2021;-140;-16
2022;-136;-16
2023;-140;-12
2024;-144;-16
2025;-140;-12
2026;-144;-12
2027;-144;-12
2028;-148;-16
2029;-148;-16
2030;-148;-16
2031;-148;-16
2032;-152;-16
2033;-152;-16
2034;-156;-16
2035;-156;-16
2036;-156;-16
2037;-156;-20
2038;-156;-20
2039;-160;-20
2040;-160;-20
2041;-184;-20
2042;-164;-20
2043;-164;-20
2044;-164;-20
2045;-164;-20
2046;-172;-24
2047;-168;-20
2048;-180;-20
2049;-168;-24
2050;-172;-24
2051;-172;-24
2052;-172;-24
2053;-164;-24
2054;-172;-20
2055;-176;-24
2056;-172;-24
2057;-172;-24
2058;-176;-24
2059;-176;-24
2060;-172;-24
2061;-176;-24
2062;-176;-24
2063;-180;-24
2064;-176;-24
2065;-180;-24
2066;-180;-24
2067;-180;-28
2068;-180;-24
2069;-180;-28
2070;-180;-28
2071;-180;-28
2072;-184;-28
2073;-184;-28
2074;-176;-28
2075;-184;-32
2076;-180;-32
2077;-184;-36
2078;-184;-36
2079;-180;-40
2080;-184;-40
2081;-176;-44
2082;-180;-44
2083;-180;-44
2084;-184;-48
2085;-180;-48
2086;-180;-48
2087;-180;-48
2088;-184;-48
2089;-180;-48
2090;-180;-48
2091;-180;-48
2092;-180;-48
2093;-180;-44
2094;-176;-44
2095;-180;-44
2096;-176;-40
2097;-172;-40
2098;-172;-36
2099;-176;-32
2100;-172;-32
2101;-172;-28
2102;-172;-24
2103;-172;-24
2104;-172;-20
2105;-172;-20
2106;-172;-20
2107;-168;-16
2108;-168;-16
2109;-168;-16
2110;-168;-12
2111;-164;-16
2112;-160;-16
2113;-164;-12
2114;-160;-12
2115;-160;-12
2116;-136;-12
2117;-160;-16
2118;-156;-16
2119;-156;-16
2120;-156;-16
2121;-152;-16
2122;-152;-16
2123;-148;-16
2124;-152;-16
2125;-148;-16
2126;-148;-20
2127;-144;-20
2128;-148;-20
2129;-144;-20
2130;-140;-20
2131;-140;-20
2132;-140;-24
2133;-140;-20
2134;-136;-24
2135;-144;-20
2136;-132;-24
2137;-132;-24
2138;-128;-24
2139;-128;-24
2140;-128;-24
2141;-124;-24
2142;-128;-28
2143;-120;-24
2144;-120;-24
2145;-116;-24
2146;-120;-24
2147;-116;-24
2148;-112;-24
2149;-112;-24
2150;-112;-24
2151;-108;-24
2152;-104;-24
2153;-104;20
2154;-104;32
2155;-100;32
2156;-112;32
2157;-96;32
2158;-92;32
2159;-92;28
2160;-88;24
2161;-88;24
2162;-84;24
2163;-72;20
2164;-80;16
2165;-80;16
2166;-76;16
2167;-76;16
2168;-72;16
2169;-68;12
2170;-68;8
2171;-68;8
2172;-64;8
2173;-60;8
2174;-60;8
2175;-56;8
2176;-56;8
2177;-52;8
2178;-52;8
2179;-48;8
2180;-44;12
2181;-44;12
2182;-44;20
2183;-40;20
2184;-44;24
2185;-36;24
2186;-36;28
2187;-32;32
2188;-28;32
2189;-28;36
2190;-24;36
2191;-32;40
2192;-24;44
2193;-20;40
2194;-16;44
2195;-12;44
2196;-8;44
2197;-8;44
2198;-16;44
2199;-4;48
2200;-4;44
2201;0;48
2202;0;44
2203;4;44
2204;4;44
2205;28;44
2206;12;40
2207;16;44
2208;16;44
2209;16;44
2210;28;40
2211;20;44
2212;24;40
2213;24;36
2214;28;40
2215;32;36
2216;32;36
2217;32;40
2218;36;36
2219;36;36
2220;40;36
2221;44;36
2222;44;36
2223;48;32
2224;52;36
2225;52;36
2226;56;32
2227;56;36
2228;56;32
2229;60;32
2230;64;32
2231;72;32
2232;68;32
2233;68;32
2234;72;32
2235;72;32
2236;76;36
2237;76;32
2238;80;32
2239;80;36
2240;84;32
2241;84;32
2242;88;32
2243;92;32
2244;92;32
2245;104;36
2246;96;32
2247;96;32
2248;100;32
2249;100;32
2250;104;32
2251;108;32
2252;104;32
2253;108;28
2254;112;28
2255;112;28
2256;112;24
2257;116;24
2258;116;24
2259;128;20
2260;124;20
2261;124;16
2262;128;16
2263;128;12
2264;132;12
2265;132;12
2266;136;12
2267;132;8
2268;136;8
2269;136;8
2270;136;8
2271;136;8
2272;144;8
2273;140;8
2274;144;12
2275;148;12
2276;148;16
2277;148;16
2278;148;20
2279;152;20
2280;128;24
2281;152;24
2282;156;32
2283;156;32
2284;156;36
2285;160;36
2286;160;36
2287;168;40
2288;164;44
2289;164;48
2290;164;44
2291;168;44
2292;176;44
2293;168;44
2294;168;44
2295;172;44
2296;172;44
2297;172;44
2298;176;40
2299;176;44
2300;176;44
2301;176;40
2302;176;44
2303;180;40
2304;180;40
2305;180;40
2306;184;40
2307;180;40
2308;184;36
2309;184;36
2310;184;40
2311;184;40
2312;184;36
2313;192;36
2314;184;40
2315;188;36
2316;188;36
2317;188;36
2318;192;36
2319;188;32
2320;196;36
2321;192;36
2322;192;36
2323;192;36
2324;192;36
2325;192;36
2326;192;36
2327;188;32
2328;192;36
2329;192;32
2330;192;32
2331;192;32
2332;192;32
2333;192;32
2334;188;32
2335;192;32
2336;192;32
2337;196;32
2338;192;36
2339;196;32
2340;196;36
2341;192;32
2342;192;32
2343;192;32
2344;192;32
2345;192;32
2346;192;32
2347;192;32
2348;196;28
2349;192;32
2350;192;32
2351;188;32
2352;192;32
2353;192;32
2354;188;32
2355;208;36
2356;188;32
2357;188;36
2358;188;32
2359;188;32
2360;184;32
2361;184;32
2362;184;-4
2363;180;0
2364;180;-4
2365;180;-4
2366;180;-8
2367;176;-8
2368;180;-12
2369;180;-12
2370;176;-16
2371;180;-16
2372;176;-20
2373;176;-20
2374;164;-20
2375;172;-20
2376;172;-24
2377;172;-24
2378;172;-24
2379;168;-28
2380;168;-24
2381;164;-24
2382;168;-24
2383;164;-24
2384;164;-24
2385;164;-24
2386;160;-20
2387;160;-20
2388;160;-20
2389;156;-16
2390;156;-12
2391;152;-12
2392;156;-8
2393;152;-8
2394;152;0
2395;136;0
2396;148;4
2397;148;8
2398;144;12
2399;144;8
2400;144;8
2401;140;8
2402;148;8
2403;140;16
2404;136;12
2405;136;12
2406;132;12
2407;132;12
2408;128;12
2409;128;12
2410;128;12
2411;124;12
2412;124;8
2413;120;8
2414;120;8
2415;116;8
2416;120;8
2417;116;8
2418;112;8
2419;112;4
2420;108;4
2421;104;4
2422;104;4
2423;96;4
2424;100;4
2425;100;4
2426;96;4
2427;92;0
2428;92;0
2429;92;4
2430;80;0
2431;84;0
2432;84;0
2433;84;0
2434;80;4
2435;80;0
2436;72;0
2437;68;4
2438;72;0
2439;68;0
2440;68;0
2441;64;0
2442;68;0
2443;60;0
2444;76;0
2445;56;0
2446;56;0
2447;52;0
2448;52;0
2449;52;0
2450;44;0
2451;44;-4
2452;44;-4
2453;40;-4
2454;36;-4
2455;36;-8
2456;28;-8
2457;28;-12
2458;28;-12
2459;24;-12
2460;24;-16
2461;24;-20
2462;16;-20
2463;16;-20
2464;16;-24
2465;16;-24
2466;8;-24
2467;8;-24
2468;8;-24
2469;4;-24
2470;4;-28
2471;0;-24
2472;-4;-24
2473;-4;-24
2474;-4;-20
2475;-8;-20
2476;-12;-16
2477;-20;-16
2478;-16;-12
2479;-20;-8
2480;-20;-8
2481;-20;-8
2482;-24;-4
2483;-28;0
2484;-36;0
2485;-32;4
2486;-32;8
2487;-36;8
2488;-36;8
2489;-40;12
2490;-44;8
2491;-44;12
2492;-44;16
2493;-48;12
2494;-52;12
2495;-52;12
2496;-52;12
2497;-56;12
2498;-52;12
2499;-64;8
2500;-68;12
2501;-64;8
2502;-68;8
2503;-68;8
2504;-72;8
2505;-68;8
2506;-76;8
2507;-80;4
2508;-80;4
2509;-80;4
2510;-84;4
2511;-84;4
2512;-80;4
2513;-92;4
2514;-92;4
2515;-92;4
2516;-96;4
2517;-100;0
2518;-100;0
2519;-120;4
2520;-100;0
2521;-104;0
2522;-108;0
2523;-108;0
2524;-120;0
2525;-112;0
2526;-124;0
2527;-116;0
2528;-116;4
2529;-120;0
2530;-124;-4
2531;-116;0
2532;-124;0
2533;-128;0
2534;-128;0
2535;-128;0
2536;-132;0
2537;-132;0
2538;-132;0
2539;-136;0
2540;-136;0
2541;-140;0
2542;-140;0
2543;-140;0
2544;-144;0
2545;-140;-4
2546;-148;0
2547;-148;-4
2548;-148;-4
2549;-152;-4
2550;-148;-4
2551;-152;-8
2552;-152;-12
2553;-152;-12
2554;-156;-12
2555;-156;-16
2556;-156;-20
2557;-156;-20
2558;-160;-20
2559;-152;-24
2560;-164;-24
2561;-160;-24
2562;-164;-24
2563;-164;-24
2564;-168;-24
2565;-168;-28
2566;-172;-24
2567;-168;-20
2568;-172;-20
2569;-168;-20
2570;-172;-16
2571;-172;-16
2572;-172;-12
2573;-176;-8
2574;-176;-4
2575;-176;-4
2576;-176;0
2577;-176;0
2578;-176;4
2579;-176;4
2580;-180;4
2581;-176;8
2582;-180;12
2583;-180;12
2584;-180;12
2585;-176;12
2586;-180;12
2587;-184;12
2588;-180;16
2589;-180;12
2590;-180;12
2591;-184;12
2592;-180;12
2593;-184;12
2594;-164;12
2595;-184;12
2596;-180;12
2597;-184;12
2598;-184;8
2599;-188;8
2600;-184;8
2601;-176;8
2602;-180;8
2603;-180;8
2604;-184;4
2605;-180;4
2606;-188;4
2607;-180;8
2608;-176;4
2609;-180;4
2610;-180;4
2611;-180;4
2612;-176;4
2613;-176;4
2614;-176;4
2615;-176;4
2616;-176;4
2617;-176;4
2618;-176;4
2619;-176;0
2620;-172;4
2621;-172;4
2622;-172;4
2623;-172;0
2624;-168;0
2625;-168;0
2626;-168;0
2627;-164;0
2628;-164;0
2629;-164;0
2630;-168;0
2631;-160;0
2632;-160;0
2633;-160;0
2634;-164;0
2635;-156;0
2636;-156;-8
2637;-156;-4
2638;-156;-8
2639;-156;-8
2640;-152;-8
2641;-140;-12
2642;-148;-12
2643;-152;-12
2644;-148;-16
2645;-148;-16
2646;-144;-20
2647;-144;-20
2648;-140;-20
2649;-140;-24
2650;-140;-24
2651;-136;-24
2652;-136;-24
2653;-132;-24
2654;-132;-24
2655;-128;-20
2656;-132;-20
2657;-128;-16
2658;-128;-16
2659;-124;-12
2660;-124;-8
2661;-120;-4
2662;-124;0
2663;-116;4
2664;-116;4
2665;-112;8
2666;-112;8
2667;-116;12
2668;-108;8
2669;-116;12
2670;-104;12
2671;-104;12
2672;-100;12
2673;-104;16
2674;-96;16
2675;-96;16
2676;-96;12
2677;-92;12
2678;-88;12
2679;-84;12
2680;-88;8
2681;-84;12
2682;-80;8
2683;-60;8
2684;-76;8
2685;-72;8
2686;-72;8
2687;-68;8
2688;-60;4
2689;-64;8
2690;-64;4
2691;-60;4
2692;-56;4
2693;-56;4
2694;-56;4
2695;-56;4
2696;-48;4
2697;-48;0
2698;-44;4
2699;-40;4
2700;-44;0
2701;-40;0
2702;-36;4
2703;-36;4
2704;-36;0
2705;-32;4
2706;-32;4
2707;-28;0
2708;-24;4
2709;-20;0
2710;-20;0
2711;-16;0
2712;-16;4
2713;-12;0
2714;-12;4
2715;-8;0
2716;0;0
2717;-4;0
2718;-4;0
2719;0;0
2720;4;0
2721;4;0
2722;8;0
2723;4;-4
2724;12;-8
2725;12;-8
2726;16;-8
2727;20;-12
2728;20;-12
2729;24;-12
2730;20;-16
2731;24;-16
2732;28;-20
2733;32;-20
2734;32;-20
2735;36;-20
2736;36;-24
2737;44;-20
2738;40;-24
2739;44;-24
2740;48;-24
2741;44;-24
2742;52;-24
2743;52;-20
2744;60;-20
2745;56;-16
2746;56;-16
2747;64;-12
2748;64;-8
2749;68;-8
2750;68;-8
2751;88;0
2752;68;-4
2753;72;0
2754;76;4
2755;76;4
2756;76;12
2757;80;12
2758;80;12
2759;84;12
2760;88;12
2761;88;12
2762;88;12
2763;88;12
2764;96;12
2765;96;12
2766;100;12
2767;100;12
2768;100;12
2769;104;12
2770;104;12
2771;108;12
2772;108;12
2773;112;8
2774;112;12
2775;116;12
2776;116;8
2777;120;8
2778;120;16
2779;120;48
2780;124;48
2781;124;48
2782;128;44
2783;128;44
2784;128;40
2785;132;44
2786;132;40
2787;132;40
2788;136;36
2789;136;36
2790;140;32
2791;128;32
2792;144;28
2793;144;24
2794;144;24
2795;152;24
2796;152;24
2797;152;20
2798;160;20
2799;156;16
2800;156;16
2801;156;16
2802;156;16
2803;160;16
2804;160;16
2805;168;16
2806;164;20
2807;164;20
2808;164;20
2809;168;24
2810;168;28
2811;172;28
2812;168;32
2813;172;32
2814;172;36
2815;176;40
2816;172;40
2817;176;44
2818;176;44
2819;172;44
2820;176;48
2821;180;48
2822;180;52
2823;180;52
2824;180;48
2825;180;52
2826;172;52
2827;184;52
2828;184;52
2829;184;52
2830;184;48
2831;188;52
2832;184;48
2833;176;52
2834;188;48
2835;188;48
2836;188;48
2837;188;48
2838;192;48
2839;192;48
2840;208;48
2841;188;44
2842;192;48
2843;192;44
2844;192;44
2845;200;44
2846;192;44
2847;192;44
2848;192;44
2849;192;44
2850;192;40
2851;192;44
2852;188;44
2853;192;44
2854;192;44
2855;192;40
2856;192;44
2857;192;44
2858;196;40
2859;196;40
2860;192;40
2861;192;40
2862;192;40
2863;192;40
2864;192;40
2865;192;40
2866;196;40
2867;188;40
2868;192;40
2869;188;40
2870;188;40
2871;188;40
2872;188;40
2873;184;36
2874;184;36
2875;188;36
2876;188;36
2877;184;32
2878;184;32
2879;184;28
2880;176;28
2881;184;24
2882;184;24
2883;184;24
2884;180;20
2885;180;20
2886;180;16
2887;176;16
2888;180;16
2889;176;16
2890;176;16
2891;176;16
2892;176;16
2893;172;16
2894;176;16
2895;172;20
2896;168;20
2897;172;24
2898;168;24
2899;172;28
2900;164;28
2901;168;32
2902;164;36
2903;164;32
2904;160;40
2905;160;40
2906;160;44
2907;160;44
2908;164;48
2909;156;48
2910;152;48
2911;152;52
2912;152;52
2913;148;56
2914;148;52
2915;136;52
2916;148;52
2917;144;52
2918;144;52
2919;140;52
2920;132;52
2921;136;52
2922;132;52
2923;136;52
2924;132;48
2925;132;48
2926;128;48
2927;128;48
2928;124;48
2929;124;44
2930;124;44
2931;120;44
2932;120;44
2933;120;44
2934;120;44
2935;116;44
2936;112;44
2937;108;44
2938;108;44
2939;104;44
2940;104;40
2941;100;40
2942;100;40
2943;96;40
2944;96;44
2945;92;40
2946;92;40
2947;92;40
2948;92;40
2949;88;40
2950;88;40
2951;80;40
2952;80;40
2953;76;40
2954;76;40
2955;72;40
2956;72;40
2957;68;40
2958;68;40
2959;68;40
2960;64;40
2961;64;40
2962;52;40
2963;60;40
2964;60;40
2965;56;40
2966;52;40
2967;48;40
2968;48;36
2969;40;36
2970;40;36
2971;40;36
2972;36;36
2973;36;32
2974;36;32
2975;32;32
2976;32;28
2977;28;28
2978;24;24
2979;24;20
2980;20;20
2981;20;20
2982;16;20
2983;20;16
2984;12;16
2985;12;16
2986;8;12
2987;4;-44
2988;4;-44
2989;0;-44
2990;16;-44
2991;0;-40
2992;-8;-44
2993;-8;-40
2994;-8;-36
2995;-12;-36
2996;-12;-32
2997;-20;-32
2998;-20;-32
2999;-20;-24
3000;-24;-24
3001;-24;-20
3002;-36;-20
3003;-28;-16
3004;-28;-16
3005;-32;-12
3006;-36;-12
3007;-40;-12
3008;-40;-8
3009;-52;-8
3010;-44;-8
3011;-48;-8
3012;-52;-8
3013;-48;-8
3014;-52;-8
3015;-56;-8
3016;-56;-8
3017;-60;-8
3018;-60;-8
3019;-64;-8
3020;-64;-12
3021;-68;-12
3022;-68;-12
3023;-72;-8
3024;-72;-12
3025;-76;-12
3026;-76;-12
3027;-80;-16
3028;-84;-16
3029;-84;-16
3030;-100;-16
3031;-84;-16
3032;-92;-16
3033;-92;-16
3034;-92;-16
3035;-96;-16
3036;-96;-16
3037;-88;-16
3038;-100;-16
3039;-104;-16
3040;-104;-20
3041;-108;-16
3042;-108;-16
3043;-112;-16
3044;-108;-20
3045;-112;-16
3046;-116;-20
3047;-120;-20
3048;-120;-16
3049;-120;-20
3050;-120;-20
3051;-120;-20
3052;-128;-20
3053;-128;-16
3054;-128;-20
3055;-128;-20
3056;-132;-20
3057;-132;-20
3058;-136;-16
3059;-136;-20
3060;-140;-20
3061;-140;-20
3062;-140;-20
3063;-144;-24
3064;-144;-24
3065;-152;-24
3066;-148;-28
3067;-148;-28
3068;-152;-28
3069;-152;-32
3070;-152;-36
3071;-152;-36
3072;-168;-36
3073;-156;-40
3074;-156;-40
3075;-156;-40
3076;-156;-40
3077;-156;-44
3078;-160;-44
3079;-144;-44
3080;-164;-44
3081;-164;-44
3082;-164;-40
3083;-164;-44
3084;-156;-40
3085;-164;-40
3086;-168;-40
3087;-168;-36
3088;-168;-32
3089;-168;-32
3090;-172;-28
3091;-172;-28
3092;-172;-20
3093;-172;-20
3094;-172;-16
3095;-172;-16
3096;-172;-12
3097;-176;-12
3098;-172;-12
3099;-176;-12
3100;-176;-8
3101;-176;-8
3102;-176;-8
3103;-176;-8
3104;-176;-8
3105;-172;-8
3106;-180;-8
3107;-180;-12
3108;-176;-8
3109;-180;-8
3110;-180;-12
3111;-180;-12
3112;-184;-8
3113;-180;-12
3114;-180;-12
3115;-180;-12
3116;-180;-12
3117;-180;-16
3118;-180;-12
3119;-188;-16
3120;-180;-16
3121;-176;-12
3122;-180;-16
3123;-176;-16
3124;-176;-16
3125;-180;-16
3126;-180;-16
3127;-176;-16
3128;-176;-16
3129;-176;-16
3130;-172;-16
3131;-172;-20
3132;-172;-16
3133;-172;-16
3134;-172;-16
3135;-172;-20
3136;-172;-20
3137;-172;-20
3138;-168;-16
3139;-168;-20
3140;-164;-20
3141;-168;-20
3142;-168;-20
3143;-164;-20
3144;-164;-20
3145;-164;-16
3146;-164;-20
3147;-148;-20
3148;-160;-20
3149;-160;-20
3150;-160;-20
3151;-156;-20
3152;-160;-20
3153;-156;-20
3154;-164;-16
3155;-156;-20
3156;-152;-20
3157;-148;-20
3158;-148;-20
3159;-156;-20
3160;-144;-24
3161;-152;-24
3162;-144;-24
3163;-148;-24
3164;-144;-28
3165;-144;-28
3166;-140;-32
3167;-136;-36
3168;-140;-32
3169;-136;-36
3170;-136;-40
3171;-136;-40
3172;-132;-40
3173;-128;-44
3174;-128;-40
3175;-128;-44
3176;-124;-44
3177;-124;-44
3178;-124;-44
3179;-120;-44
3180;-116;-40
3181;-120;-40
3182;-116;-40
3183;-112;-40
3184;-112;-36
3185;-112;-36
3186;-108;-32
3187;-108;-28
3188;-100;-24
3189;-104;-20
3190;-100;-20
3191;-96;-20
3192;-96;-12
3193;-92;-12
3194;-80;-12
3195;-88;48
3196;-88;48
3197;-84;52
3198;-84;52
3199;-84;48
3200;-76;52
3201;-80;48
3202;-76;48
3203;-72;48
3204;-72;52
3205;-68;48
3206;-68;48
3207;-64;48
3208;-64;48
3209;-60;48
3210;-60;48
3211;-60;44
3212;-52;44
3213;-52;44
3214;-52;44
3215;-56;44
3216;-48;40
3217;-44;44
3218;-40;44
3219;-40;44
3220;-40;40
3221;-36;40
3222;-40;40
3223;-32;40
3224;-28;44
3225;-28;40
3226;-24;40
3227;-20;40
3228;-24;40
3229;-4;40
3230;-16;40
3231;-16;40
3232;-12;40
3233;-8;40
3234;-8;40
3235;-4;36
3236;4;40
3237;-4;36
3238;0;36
3239;4;36
3240;4;36
3241;4;36
3242;12;36
3243;12;32
3244;12;32
3245;16;28
3246;16;28
3247;20;28
3248;16;24
3249;24;20
3250;28;20
3251;28;20
3252;32;16
3253;32;16
3254;36;16
3255;36;12
3256;40;12
3257;44;16
3258;48;12
3259;44;12
3260;48;12
3261;52;16
3262;56;16
3263;56;16
3264;60;20
3265;60;24
3266;64;24
3267;64;28
3268;64;28
3269;56;32
3270;68;32
3271;68;36
3272;72;40
3273;76;40
3274;76;44
3275;80;44
3276;92;44
3277;84;48
3278;84;48
3279;88;48
3280;88;52
3281;92;48
3282;96;48
3283;100;48
3284;96;48
3285;100;52
3286;100;48
3287;104;48
3288;108;48
3289;108;48
3290;112;44
3291;112;44
3292;112;44
3293;116;44
3294;116;44
3295;116;44
3296;116;44
3297;120;44
3298;124;44
3299;128;40
3300;128;40
3301;128;44
3302;132;40
3303;132;40
3304;120;40
3305;132;40
3306;136;40
3307;136;40
3308;140;40
3309;140;40
3310;140;40
3311;140;40
3312;144;40
3313;148;40
3314;148;36
3315;148;40
3316;152;40
3317;152;40
3318;172;40
3319;156;36
3320;152;40
3321;156;40
3322;160;40
3323;160;36
3324;160;40
3325;164;40
3326;164;40
3327;164;40
3328;168;40
3329;168;40
3330;160;36
3331;168;40
3332;172;40
3333;168;36
3334;172;40
3335;172;36
3336;172;36
3337;172;36
3338;176;32
3339;176;32
3340;176;32
3341;180;28
3342;180;24
3343;180;24
3344;184;24
3345;180;20
3346;184;20
3347;180;16
3348;184;16
3349;180;16
3350;184;16
3351;184;12
3352;184;12
3353;184;12
3354;184;12
3355;188;12
3356;188;12
3357;188;16
3358;180;16
3359;188;20
3360;188;20
3361;188;24
3362;192;28
3363;188;32
3364;192;36
3365;188;36
3366;188;40
3367;188;44
3368;192;44
3369;192;48
3370;192;48
3371;192;48
3372;196;48
3373;192;52
3374;192;52
3375;192;48
3376;192;52
3377;192;48
3378;192;48
3379;196;48
3380;192;48
3381;192;48
3382;188;48
3383;188;48
3384;192;48
3385;188;44
3386;200;44
3387;188;44
3388;188;44
3389;188;44
3390;188;40
3391;184;40
3392;184;44
3393;176;40
3394;184;40
3395;184;40
3396;180;40
3397;180;40
3398;176;40
3399;180;40
3400;180;40
3401;180;40
3402;180;40
3403;180;40
3404;180;0
3405;172;0
3406;176;0
3407;176;-4
3408;176;-4
3409;172;-4
3410;172;-8
3411;172;-8
3412;172;-8
3413;168;-8
3414;168;-12
3415;168;-16
3416;164;-16
3417;168;-20
3418;164;-20
3419;164;-20
3420;160;-24
3421;160;-24
3422;160;-24
3423;160;-28
3424;160;-24
3425;156;-28
3426;148;-28
3427;152;-24
3428;152;-28
3429;152;-24
3430;148;-24
3431;152;-24
3432;148;-20
3433;160;-16
3434;144;-16
3435;144;-12
3436;144;-12
3437;140;-8
3438;136;-4
3439;140;-4
3440;132;0
3441;136;0
3442;132;4
3443;128;4
3444;128;8
3445;128;8
3446;124;12
3447;128;8
3448;124;12
3449;120;12
3450;120;12
3451;116;8
3452;116;12
3453;112;12
3454;108;12
3455;112;12
3456;108;8
3457;108;8
3458;108;8
3459;100;8
3460;96;4
3461;88;4
3462;96;4
3463;96;4
3464;96;4
3465;88;4
3466;88;4
3467;88;0
3468;76;0
3469;80;0
3470;80;4
3471;80;4
3472;76;0
3473;76;0
3474;72;0
3475;88;0
3476;64;0
3477;68;0
3478;64;0
3479;60;0
3480;68;0
3481;56;0
3482;56;0
3483;56;0
3484;52;0
3485;48;0
3486;44;-4
3487;40;-4
3488;44;0
3489;40;0
3490;40;0
3491;36;0
3492;32;-4
3493;32;-4
3494;28;-4
3495;28;-4
3496;24;-4
3497;24;-4
3498;20;-4
3499;20;-4
3500;16;-8
3501;20;-8
3502;12;-8
3503;8;-8
3504;8;-12
3505;4;-16
3506;4;-16
3507;4;-20
3508;-4;-20
3509;-4;-20
3510;-4;-20
3511;-8;-24
3512;-8;-24
3513;-12;-24
3514;-16;-28
3515;-24;-28
3516;-20;-28
3517;-20;-24
3518;-24;-28
3519;-24;-28
3520;-28;-24
3521;-32;-24
3522;-32;-24
3523;-32;-16
3524;-36;-16
3525;-40;-12
3526;-40;-12
3527;-40;-8
3528;-44;-8
3529;-40;-4
3530;-48;-4
3531;-52;0
3532;-52;4
3533;-56;4
3534;-56;8
3535;-60;8
3536;-56;8
3537;-60;8
3538;-64;12
3539;-68;12
3540;-68;12
3541;-68;12
3542;-72;12
3543;-60;12
3544;-80;12
3545;-80;12
3546;-80;8
3547;-84;8
3548;-88;8
3549;-88;4
3550;-100;4
3551;-92;4
3552;-96;8
3553;-96;8
3554;-100;4
3555;-108;4
3556;-100;4
3557;-108;4
3558;-104;4
3559;-108;4
3560;-108;4
3561;-112;0
3562;-116;0
3563;-112;0
3564;-116;0
3565;-120;0
3566;-120;0
3567;-124;0
3568;-124;0
3569;-124;0
3570;-124;0
3571;-128;0
3572;-128;0
3573;-132;0
3574;-132;4
3575;-132;0
3576;-136;0
3577;-136;0
3578;-140;0
3579;-140;0
3580;-140;-4
3581;-144;-4
3582;-144;-4
3583;-152;-4
3584;-148;-4
3585;-148;-4
3586;-148;0
3587;-148;-4
3588;-152;-4
3589;-152;0
3590;-140;-4
3591;-156;-4
3592;-156;-4
3593;-160;-4
3594;-160;0
3595;-160;-4
3596;-160;-4
3597;-164;-4
3598;-160;-4
3599;-164;-8
3600;-168;-4
3601;-164;-4
3602;-168;-8
3603;-168;-12
3604;-168;-8
3605;-168;-12
3606;-168;-16
3607;-168;-16
3608;-172;-16
3609;-172;-20
3610;-172;-20
3611;-176;-20
3612;-172;-20
3613;-176;-24
3614;-176;-24
3615;-176;-24
3616;-176;-24
3617;-176;-24
3618;-188;-28
3619;-180;-24
3620;-176;-24
3621;-176;-24
3622;-180;-24
3623;-176;-20
3624;-180;-20
3625;-176;-16
3626;-180;-16
3627;-180;-12
3628;-180;-12
3629;-180;-8
3630;-180;-4
3631;-180;-4
3632;-164;0
3633;-180;4
3634;-180;4
3635;-184;8
3636;-180;8
3637;-176;8
3638;-180;8
3639;-180;12
3640;-180;12
3641;-180;12
3642;-184;8
3643;-180;12
3644;-180;12
3645;-180;8
3646;-176;8
3647;-176;12
3648;-176;8
3649;-180;8
3650;-176;8
3651;-176;8
3652;-176;8
3653;-172;8
3654;-176;8
3655;-172;8
3656;-172;4
3657;-172;4
3658;-168;4
3659;-168;4
3660;-168;4
3661;-168;0
3662;-168;4
3663;-164;4
3664;-168;4
3665;-168;0
3666;-164;0
3667;-160;4
3668;-160;0
3669;-160;0
3670;-160;0
3671;-160;0
3672;-144;0
3673;-156;0
3674;-156;-4
3675;-152;0
3676;-152;0
3677;-152;0
3678;-152;0
3679;-148;0
3680;-148;-4
3681;-148;0
3682;-144;0
3683;-144;0
3684;-140;0
3685;-140;0
3686;-136;0
3687;-140;0
3688;-136;-4
3689;-132;0
3690;-132;0
3691;-132;0
3692;-132;0
3693;-132;-4
3694;-128;-4
3695;-124;-8
3696;-124;-8
3697;-120;-12
3698;-124;-12
3699;-116;-12
3700;-128;-16
3701;-112;-16
3702;-112;-16
3703;-112;-20
3704;-112;-24
3705;-112;-20
3706;-108;-24
3707;-120;-24
3708;-100;-24
3709;-100;-24
3710;-100;-28
3711;-96;-24
3712;-96;-24
3713;-92;-24
3714;-80;-24
3715;-88;-20
3716;-88;-20
3717;-84;-16
3718;-84;-16
3719;-72;-12
3720;-80;-8
3721;-80;-8
3722;-72;-8
3723;-72;-4
3724;-72;-4
3725;-68;0
3726;-60;4
3727;-64;4
3728;-60;8
3729;-60;8
3730;-60;8
3731;-56;8
3732;-52;12
3733;-52;12
3734;-48;12
3735;-48;12
3736;-44;8
3737;-44;8
3738;-40;12
3739;-36;12
3740;-32;8
3741;-36;8
3742;-32;8
3743;-32;8
3744;-28;8
3745;-24;8
3746;-24;8
3747;-12;8
3748;-16;4
3749;-12;4
3750;-16;4
3751;-12;4
3752;-8;4
3753;-8;0
3754;-12;4
3755;0;4
3756;0;4
3757;0;0
3758;4;0
3759;8;0
3760;8;0
3761;4;0
3762;12;0
3763;12;0
3764;20;0
3765;20;-4
3766;24;0
3767;24;0
3768;28;0
3769;28;0
3770;32;-4
3771;28;-4
3772;36;0
3773;36;0
3774;40;-4
3775;44;-4
3776;44;-4
3777;44;0
3778;48;0
3779;48;0
3780;52;0
3781;52;-4
3782;76;0
3783;56;0
3784;60;-4
3785;60;-4
3786;60;-4
3787;64;-4
3788;68;-4
3789;68;-4
3790;72;-4
3791;72;-8
3792;76;-8
3793;80;-8
3794;72;-12
3795;84;-12
3796;88;-16
3797;84;-16
3798;88;-20
3799;88;-20
3800;92;-20
3801;88;-24
3802;96;-20
3803;96;-24
3804;100;-24
3805;100;-24
3806;104;-28
3807;108;-28
3808;108;-28
3809;108;-24
3810;112;-24
3811;112;-24
3812;112;-20
3813;116;-20
3814;120;-16
3815;120;-12
3816;120;-8
3817;124;-8
3818;128;-8
3819;128;-4
3820;132;32
3821;132;36
3822;124;40
3823;132;40
3824;136;40
3825;136;40
3826;140;44
3827;140;44
3828;144;44
3829;156;44
3830;144;48
3831;144;44
3832;148;44
3833;148;44
3834;148;44
3835;152;44
3836;148;44
3837;152;44
3838;156;44
3839;156;40
3840;160;40
3841;160;40
3842;160;40
3843;160;40
3844;164;40
3845;168;40
3846;168;36
3847;168;36
3848;168;36
3849;168;36
3850;164;32
3851;172;36
3852;172;32
3853;172;36
3854;176;36
3855;176;32
3856;176;36
3857;164;32
3858;176;32
3859;180;32
3860;180;32
3861;176;32
3862;188;32
3863;184;32
3864;180;32
3865;184;36
3866;184;32
3867;184;32
3868;184;32
3869;188;32
3870;188;32
3871;200;32
3872;184;32
3873;184;32
3874;188;32
3875;188;32
3876;192;32
3877;188;32
3878;188;32
3879;192;32
3880;188;32
3881;188;32
3882;192;28
3883;184;28
3884;192;24
3885;192;24
3886;192;20
3887;192;20
3888;192;20
3889;192;16
3890;188;16
3891;192;16
3892;192;12
3893;192;12
3894;192;8
3895;192;8
3896;192;8
3897;192;8
3898;192;4
3899;192;8
3900;192;8
3901;188;8
3902;188;8
3903;188;12
3904;176;12
3905;188;16
3906;188;20
3907;188;28
3908;188;24
3909;188;32
3910;188;32
3911;192;36
3912;188;40
3913;184;44
3914;184;44
3915;184;44
3916;180;44
3917;184;44
3918;184;44
3919;180;44
3920;180;44
3921;176;44
3922;176;40
3923;176;44
3924;176;44
3925;184;44
3926;172;40
3927;172;40
3928;176;40
3929;172;40
3930;172;40
3931;172;40
3932;172;40
3933;168;40
3934;168;36
3935;168;40
3936;164;36
3937;164;36
3938;164;36
3939;160;36
3940;160;36
3941;160;36
3942;156;36
3943;156;36
3944;152;32
3945;156;32
3946;132;32
3947;148;36
3948;152;32
3949;148;32
3950;148;32
3951;144;32
3952;148;32
3953;140;32
3954;140;32
3955;140;32
3956;136;32
3957;136;32
3958;144;32
3959;132;32
3960;132;32
3961;132;32
3962;128;32
3963;124;32
3964;128;32
3965;124;32
3966;120;32
3967;120;32
3968;120;32
3969;116;32
3970;112;32
3971;112;32
3972;108;32
3973;108;32
3974;108;32
3975;104;28
3976;104;28
3977;100;24
3978;100;24
3979;96;24
3980;96;20
3981;96;20
3982;92;16
3983;92;16
3984;88;12
3985;84;12
3986;72;12
3987;80;12
3988;80;8
3989;80;8
3990;72;8
3991;72;8
3992;72;8
3993;72;8
3994;68;4
3995;68;8
3996;64;8
3997;64;8
3998;60;12
3999;56;16
4000;60;16
4001;52;16
4002;52;20
4003;48;24
4004;44;24
4005;44;28
4006;40;32
4007;48;32
4008;36;36
4009;40;36
4010;32;40
4011;28;40
4012;32;40
4013;24;44
4014;28;40
4015;20;44
4016;20;40
4017;16;44
4018;16;44
4019;16;44
4020;12;44
4021;12;40
4022;8;44
4023;4;44
4024;4;44
4025;0;44
4026;-4;40
4027;-4;44
4028;-24;40
4029;-8;-20
4030;-8;-20
4031;-12;-20
4032;-16;-24
4033;-24;-24
4034;-20;-24
4035;-28;-20
4036;-24;-20
4037;-24;-24
4038;-32;-24
4039;-32;-24
4040;-36;-24
4041;-36;-28
4042;-36;-24
4043;-36;-28
4044;-40;-28
4045;-44;-28
4046;-44;-28
4047;-44;-28
4048;-48;-32
4049;-52;-32
4050;-56;-32
4051;-56;-36
4052;-56;-36
4053;-60;-40
4054;-64;-40
4055;-64;-44
4056;-68;-44
4057;-68;-44
4058;-68;-48
4059;-72;-48
4060;-76;-48
4061;-88;-48
4062;-80;-48
4063;-80;-48
4064;-84;-52
4065;-84;-48
4066;-88;-48
4067;-88;-48
4068;-80;-48
4069;-92;-44
4070;-92;-40
4071;-96;-40
4072;-100;-36
4073;-100;-32
4074;-104;-28
4075;-104;-28
4076;-108;-24
4077;-108;-20
4078;-112;-16
4079;-112;-20
4080;-112;-16
4081;-116;-16
4082;-116;-16
4083;-120;-16
4084;-120;-16
4085;-124;-16
4086;-124;-16
4087;-124;-16
4088;-124;-16
4089;-136;-16
4090;-132;-16
4091;-132;-20
4092;-136;-20
4093;-136;-20
4094;-140;-20
4095;-140;-20
4096;-152;-20
4097;-144;-20
4098;-144;-20
4099;-144;-20
4100;-144;-24
4101;-144;-24
4102;-148;-24
4103;-152;-24
4104;-152;-24
4105;-152;-24
4106;-152;-24
4107;-156;-24
4108;-156;-24
4109;-156;-24
4110;-140;-24
4111;-160;-24
4112;-160;-28
4113;-164;-28
4114;-160;-28
4115;-156;-28
4116;-164;-28
4117;-164;-28
4118;-168;-28
4119;-168;-28
4120;-168;-28
4121;-168;-28
4122;-172;-28
4123;-172;-28
4124;-172;-28
4125;-168;-28
4126;-172;-28
4127;-172;-28
4128;-176;-28
4129;-176;-28
4130;-176;-28
4131;-176;-28
4132;-176;-28
4133;-180;-28
4134;-176;-28
4135;-176;-32
4136;-176;-28
4137;-180;-32
4138;-180;-36
4139;-180;-36
4140;-180;-36
4141;-180;-40
4142;-180;-40
4143;-180;-40
4144;-180;-44
4145;-184;-44
4146;-184;-44
4147;-184;-44
4148;-180;-48
4149;-184;-48
4150;-192;-48
4151;-184;-52
4152;-184;-48
4153;-184;-52
4154;-184;-52
4155;-184;-52
4156;-184;-52
4157;-184;-48
4158;-184;-48
4159;-180;-44
4160;-180;-44
4161;-180;-40
4162;-176;-36
4163;-180;-36
4164;-172;-32
4165;-180;-32
4166;-180;-28
4167;-176;-24
4168;-176;-20
4169;-172;-20
4170;-176;-20
4171;-172;-20
4172;-172;-16
4173;-172;-16
4174;-172;-16
4175;-172;-16
4176;-172;-16
4177;-172;-16
4178;-160;-16
4179;-168;-16
4180;-168;-16
4181;-164;-16
4182;-164;-16
4183;-164;-20
4184;-164;-16
4185;-172;-20
4186;-160;-20
4187;-160;-20
4188;-160;-20
4189;-156;-20
4190;-164;-20
4191;-156;-20
4192;-156;-20
4193;-156;-20
4194;-152;-20
4195;-152;-20
4196;-152;-24
4197;-152;-24
4198;-148;-24
4199;-148;-24
4200;-144;-24
4201;-144;-24
4202;-140;-28
4203;-140;-28
4204;-136;-28
4205;-140;-24
4206;-136;-28
4207;-136;-24
4208;-132;-28
4209;-132;-24
4210;-128;-28
4211;-124;-28
4212;-128;-28
4213;-124;-28
4214;-124;-28
4215;-124;-28
4216;-120;-24
4217;-120;-28
4218;-124;-28
4219;-116;-28
4220;-112;-28
4221;-112;-28
4222;-108;-28
4223;-104;-28
4224;-104;-32
4225;-88;-32
4226;-100;-32
4227;-100;-32
4228;-96;-32
4229;-92;-36
4230;-92;-36
4231;-92;-40
4232;-88;-44
4233;-88;-40
4234;-84;-40
4235;-80;-44
4236;-80;-44
4237;-80;-48
4238;-76;-48
4239;-76;12
4240;-68;12
4241;-68;12
4242;-68;12
4243;-68;8
4244;-64;8
4245;-60;12
4246;-64;12
4247;-60;12
4248;-56;16
4249;-52;16
4250;-52;20
4251;-52;20
4252;-48;24
4253;-56;28
4254;-40;32
4255;-40;32
4256;-36;32
4257;-36;36
4258;-32;40
4259;-32;40
4260;-32;40
4261;-28;44
4262;-28;44
4263;-24;48
4264;-20;44
4265;-16;48
4266;-16;48
4267;0;48
4268;-12;48
4269;-8;44
4270;-8;48
4271;-4;48
4272;0;48
4273;0;48
4274;4;44
4275;4;44
4276;4;44
4277;8;44
4278;12;44
4279;8;44
4280;12;44
4281;16;40
4282;16;40
4283;24;40
4284;20;40
4285;24;40
4286;28;40
4287;28;40
4288;32;36
4289;32;40
4290;36;36
4291;36;36
4292;40;40
4293;44;36
4294;44;40
4295;44;36
4296;48;40
4297;52;36
4298;56;36
4299;52;36
4300;52;36
4301;60;36
4302;64;36
4303;64;36
4304;68;36
4305;68;36
4306;68;36
4307;64;36
4308;76;36
4309;76;36
4310;80;36
4311;80;32
4312;84;32
4313;84;32
4314;84;28
4315;88;28
4316;92;24
4317;92;20
4318;92;24
4319;96;20
4320;96;20
4321;108;16
4322;104;12
4323;104;12
4324;104;12
4325;108;12
4326;112;12
4327;112;12
4328;116;8
4329;116;12
4330;116;8
4331;120;12
4332;120;12
4333;120;16
4334;124;20
4335;132;20
4336;128;24
4337;132;28
4338;128;32
4339;132;32
4340;136;36
4341;136;40
4342;112;44
4343;140;48
4344;144;44
4345;144;44
4346;144;48
4347;148;48
4348;148;48
4349;148;48
4350;148;48
4351;148;48
4352;152;48
4353;152;44
4354;160;48
4355;156;44
4356;156;44
4357;160;44
4358;160;44
4359;164;44
4360;164;40
4361;160;40
4362;164;40
4363;164;40
4364;164;40
4365;168;40
4366;168;40
4367;172;40
4368;168;40
4369;172;40
4370;176;36
4371;176;36
4372;176;40
4373;176;36
4374;176;40
4375;180;36
4376;180;36
4377;180;36
4378;180;36
4379;184;36
4380;180;36
4381;184;36
4382;184;36
4383;184;32
4384;184;36
4385;184;36
4386;184;36
4387;188;36
4388;188;36
4389;180;36
4390;188;36
4391;184;32
4392;188;36
4393;192;36
4394;188;32
4395;188;32
4396;184;28
4397;188;28
4398;192;24
4399;192;24
4400;192;24
4401;192;20
4402;192;16
4403;192;16
4404;192;16
4405;192;12
4406;192;12
4407;192;12
4408;196;12
4409;192;12
4410;196;8
4411;192;8
4412;192;8
4413;192;8
4414;192;12
4415;196;12
4416;192;16
4417;208;20
4418;192;20
4419;192;20
4420;192;24
4421;192;28
4422;188;28
4423;188;32
4424;184;32
4425;188;36
4426;188;40
4427;188;40
4428;188;44
4429;176;44
4430;188;44
4431;184;44
4432;184;44
4433;184;44
4434;184;48
4435;184;48
4436;176;48
4437;184;48
4438;180;48
4439;180;48
4440;180;48
4441;176;48
4442;176;48
4443;176;44
4444;176;44
4445;176;44
4446;172;44
4447;172;44
4448;172;8
4449;168;4
4450;172;4
4451;172;4
4452;168;4
4453;168;4
4454;168;0
4455;164;4
4456;164;0
4457;152;4
4458;164;4
4459;160;0
4460;156;0
4461;156;0
4462;156;0
4463;156;0
4464;168;0
4465;152;0
4466;152;-4
4467;148;-4
4468;148;-8
4469;148;-8
4470;144;-12
4471;144;-12
4472;144;-12
4473;140;-12
4474;140;-16
4475;140;-20
4476;136;-20
4477;136;-20
4478;132;-24
4479;132;-24
4480;128;-24
4481;128;-24
4482;124;-24
4483;124;-24
4484;124;-28
4485;116;-28
4486;120;-24
4487;116;-24
4488;116;-20
4489;116;-20
4490;112;-16
4491;108;-16
4492;92;-12
4493;108;-12
4494;104;-8
4495;104;-8
4496;100;-4
4497;100;0
4498;96;0
4499;96;4
4500;92;4
4501;88;8
4502;88;8
4503;88;8
4504;88;8
4505;80;12
4506;96;12
4507;80;12
4508;76;12
4509;76;12
4510;72;8
4511;72;12
4512;68;12
4513;68;8
4514;64;8
4515;64;8
4516;60;8
4517;56;8
4518;48;8
4519;52;4
4520;52;4
4521;48;4
4522;48;4
4523;44;4
4524;40;0
4525;40;4
4526;36;0
4527;36;0
4528;32;4
4529;32;0
4530;28;0
4531;28;0
4532;28;0
4533;20;0
4534;20;0
4535;20;0
4536;12;0
4537;12;0
4538;12;-4
4539;0;0
4540;8;0
4541;4;0
4542;4;0
4543;0;0
4544;0;0
4545;-4;0
4546;-8;-4
4547;-8;0
4548;-12;-4
4549;-12;0
4550;-16;0
4551;-16;-4
4552;-16;0
4553;-20;0
4554;-24;0
4555;-28;-4
4556;-32;0
4557;-32;-4
4558;-32;-4
4559;-36;-8
4560;-28;-8
4561;-40;-8
4562;-40;-8
4563;-40;-8
4564;-44;-8
4565;-48;-12
4566;-48;-16
4567;-48;-16
4568;-56;-20
4569;-56;-20
4570;-56;-24
4571;-60;-24
4572;-64;-24
4573;-64;-24
4574;-64;-24
4575;-68;-24
4576;-72;-28
4577;-72;-28
4578;-72;-28
4579;-80;-24
4580;-80;-24
4581;-104;-24
4582;-84;-20
4583;-88;-20
4584;-88;-20
4585;-88;-16
4586;-96;-12
4587;-92;-8
4588;-108;-8
4589;-96;-8
4590;-100;-4
4591;-100;0
4592;-104;0
4593;-96;4
4594;-108;4
4595;-112;4
4596;-112;12
4597;-112;8
4598;-112;12
4599;-116;8
4600;-116;8
4601;-120;8
4602;-120;12
4603;-120;12
4604;-124;12
4605;-124;12
4606;-128;12
4607;-128;8
4608;-132;12
4609;-132;8
4610;-132;8
4611;-132;4
4612;-136;4
4613;-136;8
4614;-132;4
4615;-140;4
4616;-140;4
4617;-144;4
4618;-144;4
4619;-148;4
4620;-148;4
4621;-144;4
4622;-148;0
4623;-152;0
4624;-152;0
4625;-152;0
4626;-156;0
4627;-156;0
4628;-164;0
4629;-156;0
4630;-160;0
4631;-160;0
4632;-164;0
4633;-160;0
4634;-164;0
4635;-168;0
4636;-164;0
4637;-164;0
4638;-164;-4
4639;-168;-4
4640;-168;-4
4641;-172;0
4642;-164;-4
4643;-172;0
4644;-168;-4
4645;-172;-4
4646;-172;-4
4647;-172;-4
4648;-172;-4
4649;-172;0
4650;-176;0
4651;-180;0
4652;-176;0
4653;-176;0
4654;-176;4
4655;-176;4
4656;-160;4
4657;-176;4
4658;-180;0
4659;-180;0
4660;-180;-4
4661;-184;-4
4662;-184;-8
4663;-184;-8
4664;-180;-8
4665;-180;-12
4666;-180;-12
4667;-180;-16
4668;-188;-12
4669;-180;-16
4670;-180;-16
4671;-180;-16
4672;-180;-16
4673;-180;-20
4674;-180;-20
4675;-188;-20
4676;-180;-20
4677;-180;-16
4678;-176;-16
4679;-180;-12
4680;-180;-12
4681;-176;-12
4682;-176;-8
4683;-180;-4
4684;-176;-4
4685;-176;0
4686;-176;4
4687;-176;4
4688;-176;8
4689;-172;12
4690;-172;12
4691;-172;12
4692;-172;16
4693;-172;16
4694;-168;20
4695;-172;20
4696;-168;20
4697;-168;20
4698;-168;20
4699;-164;20
4700;-168;20
4701;-164;20
4702;-164;20
4703;-160;16
4704;-160;20
4705;-160;16
4706;-160;16
4707;-156;16
4708;-156;12
4709;-156;16
4710;-160;16
4711;-152;12
4712;-152;12
4713;-152;12
4714;-152;12
4715;-148;12
4716;-148;8
4717;-148;12
4718;-144;12
4719;-144;12
4720;-140;8
4721;-140;8
4722;-140;8
4723;-136;8
4724;-140;8
4725;-136;8
4726;-132;8
4727;-132;8
4728;-128;8
4729;-128;8
4730;-124;8
4731;-128;8
4732;-124;8
4733;-120;8
4734;-120;8
4735;-120;4
4736;-112;8
4737;-116;8
4738;-96;8
4739;-108;8
4740;-112;4
4741;-108;8
4742;-108;8
4743;-100;8
4744;-104;8
4745;-96;8
4746;-96;8
4747;-96;4
4748;-92;4
4749;-92;0
4750;-88;0
4751;-88;-4
4752;-80;-4
4753;-84;-4
4754;-80;-8
4755;-80;-8
4756;-80;-8
4757;-84;-12
4758;-72;-16
4759;-72;-16
4760;-68;-16
4761;-68;-16
4762;-64;-16
4763;-64;-16
4764;-60;-20
4765;-60;-20
4766;-56;-16
4767;-52;-16
4768;-52;-16
4769;-52;-16
4770;-48;-12
4771;-44;-12
4772;-44;-12
4773;-44;-8
4774;-40;-4
4775;-40;0
4776;-36;0
4777;-36;0
4778;-36;4
4779;-28;8
4780;-28;12
4781;-24;12
4782;-20;12
4783;-20;12
4784;-20;16
4785;-20;16
4786;-16;16
4787;-12;20
4788;-8;20
4789;-8;20
4790;-4;20
4791;-4;16
4792;4;20
4793;4;16
4794;8;16
4795;8;16
4796;8;16
4797;16;16
4798;12;12
4799;20;16
4800;16;12
4801;20;12
4802;20;12
4803;24;12
4804;28;16
4805;28;12
4806;36;12
4807;32;12
4808;36;12
4809;36;12
4810;40;8
4811;40;8
4812;44;8
4813;44;8
4814;48;8
4815;52;8
4816;52;8
4817;56;8
4818;52;8
4819;60;8
4820;40;8
4821;64;8
4822;64;8
4823;68;8
4824;72;8
4825;64;8
4826;72;8
4827;64;8
4828;80;8
4829;80;8
4830;80;8
4831;84;4
4832;92;8
4833;84;8
4834;88;4
4835;92;8
4836;96;4
4837;96;4
4838;100;0
4839;100;0
4840;100;0
4841;100;-4
4842;104;-4
4843;104;-4
4844;108;-8
4845;108;-12
4846;112;-12
4847;112;-12
4848;116;-16
4849;120;-20
4850;120;-16
4851;120;-20
4852;124;-20
4853;124;-20
4854;128;-20
4855;132;-16
4856;128;-16
4857;132;-12
4858;132;-12
4859;136;-12
4860;148;-12
4861;140;-8
4862;140;28
4863;140;28
4864;144;32
4865;144;32
4866;144;36
4867;144;40
4868;148;40
4869;148;44
4870;148;44
4871;152;44
4872;156;44
4873;156;48
4874;152;48
4875;156;48
4876;160;48
4877;160;48
4878;160;48
4879;164;48
4880;164;48
4881;168;48
4882;164;48
4883;168;48
4884;168;48
4885;168;48
4886;172;44
4887;172;44
4888;172;44
4889;176;44
4890;176;44
4891;176;44
4892;176;40
4893;180;44
4894;176;40
4895;196;40
4896;180;40
4897;180;40
4898;180;40
4899;184;40
4900;184;40
4901;184;36
4902;188;40
4903;184;36
4904;184;40
4905;184;40
4906;188;36
4907;184;36
4908;188;36
4909;192;36
4910;192;40
4911;188;40
4912;188;36
4913;192;36
4914;184;36
4915;188;36
4916;188;36
4917;192;40
4918;192;40
4919;192;40
4920;192;36
4921;192;36
4922;192;32
4923;192;32
4924;192;32
4925;192;28
4926;192;32
4927;192;24
4928;192;24
4929;192;24
4930;192;20
4931;196;20
4932;192;20
4933;192;16
4934;192;16
4935;180;16
4936;192;12
4937;188;12
4938;188;12
4939;192;12
4940;188;12
4941;192;16
4942;200;16
4943;188;16
4944;188;20
4945;188;24
4946;188;28
4947;188;28
4948;184;32
4949;188;36
4950;184;36
4951;184;40
4952;184;44
4953;184;44
4954;184;48
4955;184;48
4956;184;48
4957;180;48
4958;180;48
4959;180;48
4960;180;48
4961;176;48
4962;176;52
4963;176;48
4964;176;52
4965;172;48
4966;172;48
4967;172;48
4968;168;44
4969;168;48
4970;160;44
4971;168;44
4972;164;44
4973;164;44
4974;168;44
4975;164;40
4976;164;40
4977;148;40
4978;160;40
4979;160;36
4980;156;40
4981;156;40
4982;156;40
4983;152;40
4984;168;40
4985;152;40
4986;148;40
4987;148;40
4988;148;40
4989;152;40
4990;144;40
4991;144;36
4992;140;40
4993;140;40
4994;136;36
4995;136;40
4996;132;36
4997;132;36
4998;132;36
4999;128;36
5000;128;36
5001;124;36
5002;124;36
5003;124;36
5004;120;36
5005;116;32
5006;116;32
5007;116;28
5008;112;28
5009;112;24
5010;116;24
5011;108;20
5012;104;20
5013;104;20
5014;104;16
5015;104;16
5016;100;16
5017;96;16
5018;96;12
5019;92;12
5020;92;12
5021;88;12
5022;88;12
5023;84;12
5024;92;12
5025;80;16
5026;76;20
5027;72;20
5028;72;24
5029;72;24
5030;68;28
5031;64;32
5032;68;32
5033;64;36
5034;64;36
5035;56;40
5036;60;40
5037;56;44
5038;60;44
5039;52;48
5040;52;48
5041;44;48
5042;44;48
5043;44;48
5044;44;48
5045;40;48
5046;36;48
5047;36;48
5048;32;52
5049;28;48
5050;28;48
5051;24;48
5052;20;48
5053;20;44
5054;16;40
5055;16;44
5056;12;44
5057;12;44
5058;12;44
5059;-16;44
5060;8;40
5061;4;40
5062;0;40
5063;0;40
5064;-4;40
5065;-4;44
5066;-4;40
5067;-12;40
5068;-12;40
5069;-16;40
5070;-16;-16
5071;-12;-16
5072;-24;-20
5073;-24;-16
5074;-28;-20
5075;-32;-20
5076;-32;-20
5077;-32;-24
5078;-32;-24
5079;-36;-28
5080;-36;-28
5081;-40;-28
5082;-40;-32
5083;-44;-32
5084;-44;-36
5085;-48;-32
5086;-52;-36
5087;-52;-40
5088;-52;-40
5089;-56;-40
5090;-60;-40
5091;-60;-44
5092;-60;-40
5093;-64;-40
5094;-68;-44
5095;-72;-40
5096;-72;-40
5097;-76;-40
5098;-76;-40
5099;-68;-36
5100;-80;-32
5101;-80;-32
5102;-84;-28
5103;-84;-28
5104;-88;-24
5105;-92;-20
5106;-96;-20
5107;-92;-16
5108;-92;-16
5109;-96;-12
5110;-96;-12
5111;-100;-12
5112;-104;-8
5113;-108;-8
5114;-108;-8
5115;-108;-8
5116;-108;-8
5117;-112;-8
5118;-112;-8
5119;-112;-8
5120;-116;-8
5121;-116;-8
5122;-120;-8
5123;-120;-8
5124;-124;-8
5125;-124;-8
5126;-124;-12
5127;-124;-12
5128;-128;-12
5129;-132;-12
5130;-132;-12
5131;-136;-12
5132;-132;-16
5133;-136;-16
5134;-116;-16
5135;-140;-16
5136;-144;-16
5137;-144;-16
5138;-144;-16
5139;-144;-16
5140;-144;-16
5141;-148;-20
5142;-148;-16
5143;-152;-20
5144;-152;-20
5145;-152;-16
5146;-160;-16
5147;-156;-20
5148;-152;-16
5149;-156;-16
5150;-156;-20
5151;-160;-16
5152;-160;-20
5153;-168;-20
5154;-160;-20
5155;-164;-20
5156;-164;-20
5157;-168;-20
5158;-168;-20
5159;-168;-20
5160;-168;-20
5161;-168;-20
5162;-168;-20
5163;-172;-20
5164;-172;-20
5165;-172;-20
5166;-172;-20
5167;-176;-20
5168;-176;-20
5169;-176;-20
5170;-176;-20
5171;-176;-24
5172;-176;-24
5173;-176;-28
5174;-188;-28
5175;-176;-32
5176;-176;-28
5177;-180;-32
5178;-180;-36
5179;-176;-36
5180;-180;-36
5181;-168;-40
5182;-180;-40
5183;-180;-40
5184;-180;-40
5185;-180;-44
5186;-180;-44
5187;-180;-44
5188;-180;-44
5189;-180;-44
5190;-184;-40
5191;-180;-40
5192;-180;-40
5193;-180;-36
5194;-180;-32
5195;-176;-28
5196;-180;-24
5197;-180;-24
5198;-176;-20
5199;-180;-16
5200;-176;-16
5201;-176;-12
5202;-180;-8
5203;-176;-12
5204;-176;-8
5205;-176;-8
5206;-176;-8
5207;-176;-4
5208;-172;-8
5209;-180;-8
5210;-172;-8
5211;-172;-8
5212;-172;-8
5213;-168;-8
5214;-168;-8
5215;-168;-12
5216;-176;-12
5217;-168;-12
5218;-164;-12
5219;-164;-12
5220;-164;-12
5221;-160;-12
5222;-164;-12
5223;-140;-12
5224;-160;-16
5225;-156;-16
5226;-156;-16
5227;-156;-12
5228;-148;-16
5229;-156;-16
5230;-152;-16
5231;-152;-20
5232;-152;-16
5233;-148;-16
5234;-148;-16
5235;-148;-16
5236;-144;-16
5237;-144;-20
5238;-144;-20
5239;-140;-16
5240;-140;-20
5241;-136;-20
5242;-136;-20
5243;-136;-16
5244;-136;-20
5245;-136;-20
5246;-132;-20
5247;-128;-20
5248;-128;-20
5249;-124;-20
5250;-124;-20
5251;-124;-20
5252;-124;-24
5253;-120;-24
5254;-120;-24
5255;-116;-28
5256;-116;-28
5257;-112;-28
5258;-108;-32
5259;-108;-32
5260;-108;-36
5261;-104;-40
5262;-104;-36
5263;-108;-36
5264;-96;-40
5265;-96;-40
5266;-96;-40
5267;-92;-44
5268;-92;-44
5269;-88;-44
5270;-88;-44
5271;-84;-40
5272;-84;-40
5273;-84;-40
5274;-80;-36
5275;-76;-36
5276;-72;-32
5277;-68;-28
5278;-72;-28
5279;-68;32
5280;-68;36
5281;-60;36
5282;-60;36
5283;-60;40
5284;-52;44
5285;-56;44
5286;-52;48
5287;-52;48
5288;-48;48
5289;-48;48
5290;-44;48
5291;-36;52
5292;-36;52
5293;-36;52
5294;-36;52
5295;-36;52
5296;-36;52
5297;-32;48
5298;-44;52
5299;-24;48
5300;-24;48
5301;-20;48
5302;-20;48
5303;-24;48
5304;-16;44
5305;-20;44
5306;-12;48
5307;-8;44
5308;-4;44
5309;-4;44
5310;4;44
5311;4;44
5312;4;44
5313;8;44
5314;8;40
5315;8;44
5316;12;44
5317;16;44
5318;16;44
5319;20;40
5320;24;44
5321;24;44
5322;24;44
5323;28;44
5324;28;40
5325;32;40
5326;32;40
5327;36;36
5328;40;40
5329;40;40
5330;44;40
5331;48;36
5332;48;40
5333;48;36
5334;52;36
5335;52;40
5336;56;40
5337;60;40
5338;68;40
5339;60;40
5340;60;40
5341;68;40
5342;68;36
5343;68;36
5344;72;36
5345;72;32
5346;72;32
5347;76;28
5348;80;28
5349;80;24
5350;88;24
5351;88;24
5352;84;20
5353;88;20
5354;92;16
5355;96;16
5356;96;16
5357;100;16
5358;100;12
5359;96;16
5360;100;12
5361;104;12
5362;108;16
5363;108;16
5364;108;20
5365;112;20
5366;112;20
5367;112;24
5368;116;24
5369;120;28
5370;120;32
5371;124;36
5372;124;36
5373;148;40
5374;128;40
5375;128;44
5376;132;44
5377;132;48
5378;128;48
5379;136;48
5380;140;48
5381;140;48
5382;140;52
5383;144;52
5384;144;52
5385;140;52
5386;144;52
5387;148;52
5388;148;48
5389;152;48
5390;152;48
5391;152;48
5392;156;48
5393;156;48
5394;156;48
5395;160;44
5396;160;48
5397;164;44
5398;164;44
5399;168;44
5400;164;44
5401;164;44
5402;168;44
5403;168;44
5404;172;44
5405;172;44
5406;172;40
5407;172;40
5408;172;40
5409;176;40
5410;176;40
5411;176;40
5412;176;40
5413;176;40
5414;180;40
5415;180;44
5416;180;40
5417;180;40
5418;180;40
5419;180;40
5420;196;40
5421;184;36
5422;184;36
5423;184;36
5424;188;36
5425;188;32
5426;188;32
5427;188;32
5428;188;28
5429;188;28
5430;188;24
5431;188;24
5432;188;20
5433;188;20
5434;188;20
5435;192;16
5436;192;16
5437;192;16
5438;192;12
5439;192;16
5440;192;16
5441;188;16
5442;192;16
5443;192;16
5444;192;20
5445;192;24
5446;192;28
5447;192;28
5448;180;32
5449;192;32
5450;192;40
5451;192;40
5452;192;40
5453;192;44
5454;192;48
5455;188;48
5456;188;48
5457;192;48
5458;192;52
5459;188;52
5460;188;52
5461;188;52
5462;208;52
5463;188;48
5464;188;52
5465;188;52
5466;188;48
5467;196;48
5468;184;48
5469;184;48
5470;180;48
5471;184;44
5472;180;44
5473;180;44
5474;180;44
5475;180;44
5476;176;44
5477;180;44
5478;176;44
5479;176;44
5480;176;44
5481;176;44
5482;176;44
5483;172;44
5484;168;44
5485;172;40
5486;172;40
5487;168;-4
5488;172;-4
5489;168;-4
5490;168;-4
5491;164;-8
5492;164;-8
5493;164;-12
5494;160;-12
5495;164;-12
5496;160;-16
5497;160;-16
5498;156;-16
5499;152;-20
5500;152;-24
5501;152;-24
5502;148;-24
5503;152;-24
5504;148;-28
5505;148;-28
5506;144;-28
5507;144;-32
5508;144;-28
5509;136;-32
5510;140;-32
5511;140;-32
5512;140;-32
5513;136;-28
5514;132;-24
5515;132;-24
5516;132;-20
5517;128;-16
5518;128;-12
5519;124;-12
5520;124;-8
5521;124;-4
5522;120;-4
5523;120;0
5524;116;4
5525;120;4
5526;116;4
5527;112;4
5528;112;4
5529;108;8
5530;128;8
5531;104;8
5532;100;8
5533;100;4
5534;96;4
5535;96;4
5536;92;4
5537;92;4
5538;92;4
5539;88;4
5540;84;0
5541;84;0
5542;76;0
5543;80;0
5544;76;-4
5545;76;0
5546;72;-4
5547;72;-4
5548;68;0
5549;64;-4
5550;64;-4
5551;64;-4
5552;64;-4
5553;60;-4
5554;56;-4
5555;56;-4
5556;52;-4
5557;48;-8
5558;48;-4
5559;48;-4
5560;44;-4
5561;44;-8
5562;40;-4
5563;40;-4
5564;36;-8
5565;32;-8
5566;32;-8
5567;32;-8
5568;28;-8
5569;24;-8
5570;12;-8
5571;20;-8
5572;20;-12
5573;12;-12
5574;16;-12
5575;12;-16
5576;8;-16
5577;16;-16
5578;4;-20
5579;4;-20
5580;0;-24
5581;0;-24
5582;-4;-24
5583;-8;-28
5584;-4;-28
5585;-12;-28
5586;-12;-32
5587;-16;-32
5588;-20;-32
5589;-20;-32
5590;-20;-32
5591;-20;-32
5592;-24;-32
5593;-28;-28
5594;-28;-28
5595;-32;-24
5596;-32;-24
5597;-36;-24
5598;-40;-20
5599;-44;-16
5600;-44;-12
5601;-44;-12
5602;-48;-4
5603;-52;-8
5604;-52;-4
5605;-60;0
5606;-56;0
5607;-60;4
5608;-60;4
5609;-60;4
5610;-64;4
5611;-64;8
5612;-84;4
5613;-68;4
5614;-72;8
5615;-72;8
5616;-72;4
5617;-80;4
5618;-80;4
5619;-76;4
5620;-84;0
5621;-84;4
5622;-88;0
5623;-92;0
5624;-84;0
5625;-96;0
5626;-96;0
5627;-100;0
5628;-96;-4
5629;-104;-4
5630;-104;0
5631;-108;-4
5632;-108;-4
5633;-112;-4
5634;-112;-4
5635;-112;-4
5636;-116;-4
5637;-116;-4
5638;-116;-8
5639;-120;-4
5640;-120;-4
5641;-124;-4
5642;-124;-8
5643;-128;-8
5644;-128;-4
5645;-124;-4
5646;-132;-8
5647;-136;-8
5648;-136;-8
5649;-136;-8
5650;-140;-8
5651;-140;-8
5652;-140;-8
5653;-144;-4
5654;-144;-4
5655;-144;-8
5656;-144;-8
5657;-148;-8
5658;-148;-8
5659;-156;-4
5660;-152;-8
5661;-152;-8
5662;-152;-8
5663;-156;-8
5664;-156;-12
5665;-156;-12
5666;-164;-8
5667;-160;-12
5668;-156;-12
5669;-160;-12
5670;-164;-16
5671;-160;-16
5672;-164;-20
5673;-168;-24
5674;-168;-24
5675;-168;-24
5676;-164;-28
5677;-168;-28
5678;-168;-28
5679;-172;-28
5680;-168;-28
5681;-172;-32
5682;-172;-32
5683;-176;-32
5684;-172;-32
5685;-176;-32
5686;-176;-32
5687;-156;-28
5688;-176;-28
5689;-176;-24
5690;-180;-20
5691;-180;-20
5692;-180;-16
5693;-180;-12
5694;-180;-12
5695;-180;0
5696;-180;4
5697;-180;4
5698;-180;4
5699;-188;8
5700;-184;8
5701;-180;12
5702;-184;12
5703;-184;12
5704;-184;16
5705;-180;12
5706;-188;12
5707;-184;16
5708;-184;16
5709;-180;12
5710;-184;12
5711;-184;12
5712;-184;12
5713;-180;12
5714;-184;12
5715;-180;8
5716;-180;8
5717;-184;12
5718;-180;8
5719;-176;8
5720;-176;8
5721;-176;8
5722;-180;8
5723;-176;8
5724;-176;4
5725;-176;8
5726;-180;4
5727;-172;4
5728;-172;4
5729;-172;4
5730;-168;4
5731;-172;4
5732;-172;4
5733;-168;4
5734;-164;4
5735;-168;4
5736;-168;4
5737;-168;4
5738;-168;4
5739;-164;4
5740;-160;4
5741;-168;4
5742;-160;0
5743;-160;4
5744;-160;0
5745;-160;0
5746;-160;0
5747;-156;4
5748;-156;0
5749;-156;4
5750;-152;0
5751;-152;0
5752;-148;0
5753;-148;0
5754;-148;-4
5755;-152;-4
5756;-144;-4
5757;-140;-8
5758;-140;-8
5759;-140;-12
5760;-136;-12
5761;-136;-16
5762;-140;-16
5763;-132;-16
5764;-132;-20
5765;-128;-20
5766;-128;-20
5767;-124;-20
5768;-124;-24
5769;-112;-24
5770;-124;-20
5771;-120;-24
5772;-116;-20
5773;-116;-20
5774;-112;-20
5775;-112;-16
5776;-104;-12
5777;-112;-12
5778;-108;-8
5779;-108;-4
5780;-104;0
5781;-100;4
5782;-104;4
5783;-100;8
5784;-96;8
5785;-96;12
5786;-96;12
5787;-88;12
5788;-96;12
5789;-84;16
5790;-84;16
5791;-84;12
5792;-80;16
5793;-80;16
5794;-76;12
5795;-72;12
5796;-72;12
5797;-68;12
5798;-68;12
5799;-64;12
5800;-60;8
5801;-60;8
5802;-56;8
5803;-56;8
5804;-52;8
5805;-52;8
5806;-48;8
5807;-48;8
5808;-44;4
5809;-52;4
5810;-40;8
5811;-40;8
5812;-36;4
5813;-36;8
5814;-36;4
5815;-32;4
5816;-36;4
5817;-28;4
5818;-24;4
5819;-20;0
5820;-20;4
5821;-20;4
5822;-16;4
5823;-12;4
5824;-12;4
5825;-8;0
5826;-8;4
5827;-4;0
5828;0;4
5829;0;0
5830;12;0
5831;4;4
5832;8;0
5833;8;0
5834;12;0
5835;16;0
5836;16;0
5837;20;-4
5838;20;-4
5839;24;-8
5840;24;-8
5841;28;-8
5842;28;-12
5843;32;-12
5844;36;-12
5845;36;-16
5846;36;-20
5847;40;-20
5848;44;-20
5849;40;-20
5850;44;-24
5851;24;-20
5852;52;-24
5853;52;-24
5854;56;-24
5855;56;-24
5856;52;-20
5857;60;-20
5858;52;-16
5859;64;-16
5860;68;-16
5861;68;-12
5862;76;-8
5863;80;-8
5864;76;-4
5865;76;0
5866;80;0
5867;80;4
5868;84;4
5869;84;8
5870;88;8
5871;88;12
5872;88;12
5873;96;12
5874;96;16
5875;96;12
5876;100;16
5877;104;16
5878;104;16
5879;104;16
5880;104;12
5881;108;12
5882;112;12
5883;112;12
5884;116;12
5885;116;12
5886;116;12
5887;120;8
5888;120;8
5889;124;8
5890;124;8
5891;136;8
5892;128;8
5893;128;8
5894;132;4
5895;132;4
5896;132;8
5897;136;4
5898;132;4
5899;140;8
5900;140;4
5901;140;8
5902;144;4
5903;148;4
5904;148;32
5905;144;28
5906;148;32
5907;152;28
5908;152;28
5909;152;24
5910;156;24
5911;152;24
5912;156;20
5913;156;20
5914;160;16
5915;160;16
5916;164;12
5917;168;16
5918;164;8
5919;164;8
5920;164;8
5921;168;8
5922;168;8
5923;168;8
5924;176;4
5925;172;4
5926;196;4
5927;176;4
5928;176;4
5929;176;8
5930;176;12
5931;180;16
5932;180;16
5933;184;20
5934;180;28
5935;180;28
5936;184;32
5937;180;32
5938;176;36
5939;184;36
5940;188;40
5941;184;40
5942;184;40
5943;184;40
5944;184;40
5945;180;40
5946;188;40
5947;188;40
5948;188;44
5949;188;40
5950;188;40
5951;188;40
5952;188;40
5953;188;40
5954;192;40
5955;192;40
5956;188;36
5957;192;36
5958;192;36
5959;192;36
5960;192;36
5961;192;36
5962;192;32
5963;192;32
5964;192;32
5965;192;36
5966;180;32
5967;192;32
5968;192;32
5969;192;32
5970;192;32
5971;188;32
5972;188;32
5973;200;32
5974;192;32
5975;188;32
5976;188;32
5977;188;32
5978;188;32
5979;188;32
5980;188;32
5981;184;32
5982;184;28
5983;188;28
5984;184;28
5985;184;28
5986;184;28
5987;184;28
5988;184;28
5989;184;28
5990;184;24
5991;184;24
5992;184;20
5993;180;20
5994;176;16
5995;180;16
5996;176;12
5997;176;12
5998;176;12
5999;172;8
6000;176;8
6001;164;8
6002;172;4
6003;172;4
6004;172;4
6005;168;4
6006;168;4
6007;164;4
6008;160;4
6009;164;8
6010;164;8
6011;164;12
6012;160;12
6013;164;16
6014;160;16
6015;180;20
6016;152;20
6017;156;24
6018;152;28
6019;152;28
6020;156;32
6021;148;36
6022;148;36
6023;148;36
6024;148;40
6025;144;40
6026;140;40
6027;136;40
6028;140;40
6029;140;40
6030;136;44
6031;136;40
6032;132;40
6033;132;44
6034;128;40
6035;132;36
6036;124;40
6037;128;40
6038;120;40
6039;120;40
6040;120;36
6041;120;36
6042;116;36
6043;116;36
6044;112;36
6045;112;36
6046;108;36
6047;108;32
6048;100;32
6049;104;32
6050;100;32
6051;100;36
6052;100;32
6053;96;32
6054;92;32
6055;84;32
6056;88;32
6057;88;32
6058;84;32
6059;84;28
6060;84;28
6061;76;32
6062;76;32
6063;76;32
6064;72;32
6065;72;32
6066;72;32
6067;68;28
6068;64;28
6069;68;32
6070;60;28
6071;60;28
6072;56;28
6073;52;28
6074;52;28
6075;48;32
6076;52;28
6077;48;28
6078;44;28
6079;40;28
6080;40;28
6081;32;28
6082;32;28
6083;36;28
6084;32;28
6085;28;28
6086;24;28
6087;24;28
6088;20;28
6089;20;24
6090;-4;24
6091;16;24
6092;12;20
6093;8;20
6094;8;16
6095;8;16
6096;4;12
6097;-8;12
6098;0;12
6099;-4;12
6100;-4;8
6101;-8;8
6102;0;8
6103;-12;4
6104;-12;4
6105;-16;0
6106;-20;4
6107;-20;4
6108;-24;8
6109;-24;8
6110;-24;8
6111;-28;12
6112;-32;-40
6113;-36;-36
6114;-36;-36
6115;-36;-36
6116;-40;-32
6117;-40;-28
6118;-44;-28
6119;-48;-24
6120;-48;-24
6121;-52;-20
6122;-52;-20
6123;-52;-16
6124;-56;-16
6125;-60;-16
6126;-60;-12
6127;-60;-12
6128;-64;-12
6129;-68;-12
6130;-60;-12
6131;-72;-12
6132;-72;-12
6133;-76;-12
6134;-76;-12
6135;-80;-12
6136;-80;-12
6137;-84;-16
6138;-88;-16
6139;-84;-16
6140;-92;-16
6141;-92;-16
6142;-92;-16
6143;-96;-20
6144;-104;-16
6145;-100;-20
6146;-100;-20
6147;-104;-20
6148;-104;-20
6149;-108;-20
6150;-112;-20
6151;-108;-20
6152;-112;-24
6153;-112;-24
6154;-112;-24
6155;-120;-24
6156;-120;-24
6157;-120;-24
6158;-120;-24
6159;-124;-24
6160;-128;-20
6161;-128;-24
6162;-128;-24
6163;-128;-20
6164;-132;-24
6165;-112;-24
6166;-136;-24
6167;-136;-20
6168;-136;-24
6169;-140;-24
6170;-140;-24
6171;-140;-24
6172;-140;-24
6173;-144;-24
6174;-148;-28
6175;-148;-28
6176;-148;-24
6177;-156;-28
6178;-152;-28
6179;-152;-28
6180;-152;-32
6181;-156;-32
6182;-156;-36
6183;-160;-36
6184;-168;-40
6185;-160;-40
6186;-160;-44
6187;-160;-44
6188;-164;-44
6189;-164;-44
6190;-164;-44
6191;-164;-48
6192;-164;-44
6193;-168;-48
6194;-168;-48
6195;-168;-48
6196;-168;-44
6197;-172;-44
6198;-172;-44
6199;-172;-40
6200;-172;-36
6201;-172;-36
6202;-176;-32
6203;-176;-28
6204;-176;-24
6205;-184;-20
6206;-176;-20
6207;-176;-16
6208;-176;-16
6209;-180;-12
6210;-180;-12
6211;-176;-12
6212;-168;-12
6213;-180;-12
6214;-176;-12
6215;-180;-12
6216;-180;-12
6217;-180;-12
6218;-180;-12
6219;-180;-12
6220;-180;-12
6221;-180;-16
6222;-184;-16
6223;-184;-16
6224;-180;-16
6225;-180;-16
6226;-176;-16
6227;-180;-20
6228;-180;-20
6229;-180;-20
6230;-180;-20
6231;-180;-20
6232;-180;-20
6233;-180;-20
6234;-180;-20
6235;-176;-20
6236;-180;-20
6237;-176;-24
6238;-176;-20
6239;-176;-20
6240;-184;-24
6241;-172;-20
6242;-176;-24
6243;-176;-24
6244;-176;-24
6245;-176;-24
6246;-168;-24
6247;-188;-24
6248;-172;-20
6249;-168;-24
6250;-168;-24
6251;-168;-24
6252;-168;-24
6253;-164;-24
6254;-152;-24
6255;-164;-24
6256;-164;-24
6257;-164;-24
6258;-160;-24
6259;-152;-24
6260;-160;-24
6261;-156;-24
6262;-156;-28
6263;-156;-28
6264;-156;-28
6265;-152;-28
6266;-152;-32
6267;-152;-32
6268;-152;-32
6269;-148;-36
6270;-148;-40
6271;-148;-40
6272;-144;-40
6273;-140;-44
6274;-140;-44
6275;-140;-44
6276;-140;-44
6277;-140;-44
6278;-136;-48
6279;-136;-48
6280;-128;-48
6281;-132;-48
6282;-128;-48
6283;-128;-48
6284;-124;-44
6285;-128;-44
6286;-124;-40
6287;-120;-40
6288;-120;-40
6289;-120;-36
6290;-120;-32
6291;-116;-32
6292;-112;-28
6293;-112;-24
6294;-120;-20
6295;-108;-20
6296;-108;-20
6297;-104;-16
6298;-100;-16
6299;-100;-16
6300;-100;-16
6301;-100;-16
6302;-92;-12
6303;-96;-12
6304;-88;-12
6305;-88;-12
6306;-84;-12
6307;-84;-12
6308;-80;-12
6309;-80;-16
6310;-76;-16
6311;-76;-16
6312;-76;-16
6313;-68;-16
6314;-72;-16
6315;-64;-16
6316;-64;-16
6317;-64;-16
6318;-60;-16
6319;-60;-16
6320;-56;44
6321;-56;48
6322;-36;48
6323;-52;44
6324;-48;44
6325;-48;44
6326;-44;40
6327;-44;40
6328;-40;40
6329;-44;36
6330;-36;36
6331;-32;32
6332;-28;32
6333;-28;28
6334;-36;28
6335;-24;24
6336;-20;24
6337;-20;20
6338;-16;20
6339;-16;20
6340;-12;20
6341;-12;16
6342;-12;16
6343;-8;16
6344;-4;16
6345;0;16
6346;0;16
6347;0;16
6348;4;20
6349;8;20
6350;8;20
6351;12;24
6352;12;28
6353;16;28
6354;20;32
6355;20;32
6356;24;36
6357;24;40
6358;24;40
6359;28;44
6360;32;48
6361;32;48
6362;24;48
6363;36;48
6364;40;48
6365;40;52
6366;44;52
6367;44;52
6368;48;52
6369;60;52
6370;52;52
6371;56;52
6372;56;52
6373;56;52
6374;64;48
6375;60;48
6376;64;48
6377;64;48
6378;68;48
6379;68;48
6380;72;48
6381;72;44
6382;80;44
6383;80;44
6384;80;44
6385;84;44
6386;84;44
6387;84;44
6388;88;44
6389;92;40
6390;88;40
6391;92;44
6392;96;44
6393;96;40
6394;100;44
6395;100;44
6396;104;40
6397;96;40
6398;108;40
6399;108;44
6400;112;40
6401;112;40
6402;116;40
6403;116;40
6404;112;40
6405;120;40
6406;120;40
6407;124;40
6408;124;40
6409;128;40
6410;128;40
6411;148;40
6412;132;40
6413;132;40
6414;132;40
6415;136;36
6416;136;36
6417;140;36
6418;140;36
6419;144;36
6420;144;32
6421;144;28
6422;148;28
6423;140;28
6424;148;24
6425;152;24
6426;152;20
6427;152;20
6428;152;20
6429;156;16
6430;156;16
6431;156;16
6432;160;12
6433;160;12
6434;164;12
6435;164;16
6436;164;16
6437;164;16
6438;168;20
6439;168;20
6440;168;24
6441;172;28
6442;172;32
6443;172;32
6444;168;36
6445;176;40
6446;176;44
6447;176;44
6448;176;48
6449;176;48
6450;180;48
6451;192;48
6452;180;48
6453;180;52
6454;180;48
6455;184;52
6456;184;52
6457;184;52
6458;184;52
6459;184;52
6460;184;48
6461;188;48
6462;188;48
6463;188;48
6464;184;48
6465;188;48
6466;192;48
6467;188;44
6468;192;44
6469;188;44
6470;192;44
6471;192;44
6472;188;44
6473;188;44
6474;192;44
6475;188;40
6476;192;44
6477;188;40
6478;192;44
6479;180;44
6480;192;44
6481;192;44
6482;192;44
6483;192;40
6484;188;44
6485;192;44
6486;184;40
6487;188;40
6488;192;40
6489;192;40
6490;192;40
6491;188;40
6492;192;40
6493;208;40
6494;188;40
6495;188;40
6496;188;40
6497;184;40
6498;196;36
6499;188;36
6500;188;36
6501;184;32
6502;188;32
6503;184;28
6504;184;28
6505;180;24
6506;184;24
6507;184;24
6508;180;24
6509;180;20
6510;180;20
6511;180;16
6512;180;20
6513;180;16
6514;176;16
6515;176;12
6516;176;12
6517;172;16
6518;172;12
6519;180;16
6520;172;16
6521;172;16
6522;172;20
6523;168;24
6524;168;24
6525;168;28
6526;164;32
6527;164;32
6528;164;36
6529;160;-4
6530;156;-4
6531;160;-4
6532;160;0
6533;148;0
6534;156;4
6535;152;8
6536;152;4
6537;152;4
6538;152;8
6539;148;8
6540;144;8
6541;148;8
6542;144;8
6543;144;8
6544;144;4
6545;144;8
6546;136;4
6547;144;4
6548;136;4
6549;136;4
6550;132;4
6551;132;4
6552;132;0
6553;128;0
6554;132;0
6555;124;0
6556;124;0
6557;120;0
6558;120;0
6559;120;0
6560;116;-4
6561;124;-4
6562;112;0
6563;112;-4
6564;108;-4
6565;104;-4
6566;104;-4
6567;104;-4
6568;88;-4
6569;100;-4
6570;100;-4
6571;96;-4
6572;92;-4
6573;80;-4
6574;92;-4
6575;80;-4
6576;88;-4
6577;80;-4
6578;80;-4
6579;80;-4
6580;80;-4
6581;76;-4
6582;72;-8
6583;72;-8
6584;72;-8
6585;68;-8
6586;64;-8
6587;64;-12
6588;60;-12
6589;56;-16
6590;56;-16
6591;56;-20
6592;52;-20
6593;52;-20
6594;52;-24
6595;44;-28
6596;44;-28
6597;44;-28
6598;40;-28
6599;36;-28
6600;36;-28
6601;36;-32
6602;28;-32
6603;28;-32
6604;28;-28
6605;24;-28
6606;24;-28
6607;16;-24
6608;32;-20
6609;16;-20
6610;16;-16
6611;12;-12
6612;8;-8
6613;8;-4
6614;4;-4
6615;0;0
6616;0;0
6617;0;4
6618;-4;4
6619;-8;8
6620;-8;8
6621;-12;8
6622;-16;8
6623;-16;8
6624;-20;4
6625;-20;8
6626;-20;4
6627;-24;4
6628;-24;4
6629;-32;4
6630;-32;0
6631;-32;4
6632;-36;4
6633;-36;4
6634;-40;4
6635;-40;0
6636;-48;4
6637;-44;0
6638;-48;0
6639;-52;-4
6640;-52;-4
6641;-52;0
6642;-56;0
6643;-40;0
6644;-60;-4
6645;-60;-4
6646;-64;-4
6647;-68;-4
6648;-68;-4
6649;-72;-4
6650;-64;-4
6651;-76;-4
6652;-80;-4
6653;-80;-4
6654;-80;-4
6655;-84;-4
6656;-84;-4
6657;-84;-4
6658;-88;-4
6659;-88;-4
6660;-92;-8
6661;-92;-4
6662;-104;-4
6663;-100;-8
6664;-100;-4
6665;-104;-4
6666;-104;-4
6667;-108;-4
6668;-108;-8
6669;-112;-8
6670;-112;-4
6671;-112;-8
6672;-116;-8
6673;-116;-8
6674;-120;-12
6675;-120;-12
6676;-124;-12
6677;-124;-16
6678;-124;-16
6679;-124;-20
6680;-128;-20
6681;-128;-24
6682;-132;-24
6683;-148;-24
6684;-136;-24
6685;-136;-28
6686;-136;-28
6687;-140;-28
6688;-140;-32
6689;-140;-28
6690;-132;-32
6691;-144;-32
6692;-144;-28
6693;-148;-28
6694;-148;-28
6695;-148;-24
6696;-148;-20
6697;-148;-16
6698;-152;-12
6699;-152;-8
6700;-156;-8
6701;-156;-4
6702;-156;0
6703;-160;0
6704;-156;4
6705;-160;4
6706;-160;4
6707;-160;8
6708;-164;8
6709;-164;8
6710;-164;8
6711;-168;4
6712;-164;8
6713;-168;8
6714;-168;8
6715;-168;4
6716;-172;4
6717;-172;8
6718;-176;4
6719;-172;4
6720;-172;4
6721;-172;4
6722;-176;4
6723;-172;0
6724;-176;0
6725;-192;0
6726;-176;0
6727;-176;-4
6728;-176;0
6729;-176;0
6730;-176;-4
6731;-180;-4
6732;-164;0
6733;-180;0
6734;-180;-4
6735;-180;-4
6736;-180;0
6737;-176;12
6738;-180;12
6739;-180;8
6740;-180;8
6741;-180;8
6742;-180;8
6743;-180;4
6744;-188;4
6745;-180;4
6746;-180;0
6747;-180;0
6748;-180;-4
6749;-184;-4
6750;-180;-8
6751;-184;-8
6752;-180;-8
6753;-180;-12
6754;-176;-12
6755;-176;-12
6756;-176;-12
6757;-176;-16
6758;-176;-16
6759;-176;-16
6760;-176;-16
6761;-176;-16
6762;-176;-16
6763;-176;-16
6764;-176;-12
6765;-184;-8
6766;-172;-8
6767;-168;-8
6768;-172;-4
6769;-168;-4
6770;-168;0
6771;-168;4
6772;-164;4
6773;-164;8
6774;-164;12
6775;-164;12
6776;-164;16
6777;-160;16
6778;-160;20
6779;-160;20
6780;-160;24
6781;-156;20
6782;-156;20
6783;-156;20
6784;-152;20
6785;-152;24
6786;-144;20
6787;-148;24
6788;-148;20
6789;-148;20
6790;-148;20
6791;-144;20
6792;-144;20
6793;-140;16
6794;-140;16
6795;-140;16
6796;-136;16
6797;-136;16
6798;-132;12
6799;-132;16
6800;-132;16
6801;-128;12
6802;-128;12
6803;-124;12
6804;-124;12
6805;-124;12
6806;-120;12
6807;-140;12
6808;-120;12
6809;-116;12
6810;-116;12
6811;-112;8
6812;-120;8
6813;-108;12
6814;-116;12
6815;-104;12
6816;-104;8
6817;-100;8
6818;-100;12
6819;-96;8
6820;-92;12
6821;-92;8
6822;-92;8
6823;-88;8
6824;-88;8
6825;-84;8
6826;-80;8
6827;-80;8
6828;-80;12
6829;-76;8
6830;-76;8
6831;-72;8
6832;-72;8
6833;-68;8
6834;-68;8
6835;-64;8
6836;-64;4
6837;-56;4
6838;-60;4
6839;-56;4
6840;-60;0
6841;-52;0
6842;-48;-4
6843;-48;-4
6844;-44;-8
6845;-44;-8
6846;-40;-12
6847;-28;-12
6848;-36;-12
6849;-32;-16
6850;-32;-16
6851;-28;-16
6852;-24;-12
6853;-28;-16
6854;-24;-16
6855;-24;-16
6856;-20;-16
6857;-20;-12
6858;-16;-12
6859;-12;-8
6860;-12;-8
6861;-8;-4
6862;-4;0
6863;-4;4
6864;0;8
6865;0;12
6866;4;12
6867;8;12
6868;4;16
6869;12;20
6870;12;20
6871;16;20
6872;16;20
6873;16;24
6874;20;24
6875;8;20
6876;28;24
6877;28;20
6878;28;20
6879;32;20
6880;36;20
6881;40;16
6882;44;20
6883;40;20
6884;40;16
6885;44;16
6886;48;16
6887;52;16
6888;48;16
6889;68;12
6890;56;16
6891;56;12
6892;60;12
6893;60;12
6894;68;12
6895;68;12
6896;68;12
6897;72;12
6898;72;12
6899;72;12
6900;80;12
6901;72;12
6902;80;12
6903;80;12
6904;80;8
6905;88;12
6906;88;12
6907;88;8
6908;92;12
6909;96;12
6910;96;8
6911;96;8
6912;100;8
6913;100;12
6914;100;8
6915;108;8
6916;108;8
6917;108;8
6918;112;8
6919;116;8
6920;112;8
6921;116;8
6922;112;8
6923;120;4
6924;120;4
6925;124;0
6926;124;0
6927;128;0
6928;128;-4
6929;124;-4
6930;132;-8
6931;132;-12
6932;136;-12
6933;136;-16
6934;140;-12
6935;140;-16
6936;144;-16
6937;144;-16
6938;144;-16
6939;144;-16
6940;144;-16
6941;152;-16
6942;148;-16
6943;160;-12
6944;152;-8
6945;152;16
6946;156;20
6947;156;20
6948;160;24
6949;160;24
6950;164;28
6951;164;32
6952;164;32
6953;168;32
6954;164;32
6955;164;32
6956;168;32
6957;172;36
6958;168;36
6959;172;36
6960;172;36
6961;176;36
6962;172;36
6963;172;32
6964;156;36
6965;176;32
6966;180;36
6967;180;32
6968;180;32
6969;172;32
6970;180;32
6971;168;32
6972;184;32
6973;184;32
6974;184;32
6975;184;32
6976;192;32
6977;184;32
6978;184;28
6979;184;32
6980;184;32
6981;188;32
6982;188;28
6983;188;32
6984;188;32
6985;192;32
6986;188;32
6987;192;32
6988;192;32
6989;192;32
6990;192;32
6991;192;32
6992;192;36
6993;192;32
6994;192;36
6995;192;36
6996;192;36
6997;196;40
6998;192;40
6999;192;40
7000;192;40
7001;192;40
7002;192;40
7003;192;44
7004;200;44
7005;192;44
7006;192;44
7007;192;44
7008;192;40
7009;192;44
7010;192;44
7011;188;44
7012;192;40
7013;188;40
7014;188;40
7015;188;40
7016;188;40
7017;188;40
7018;184;36
7019;188;36
7020;184;40
7021;188;40
7022;188;40
7023;184;40
7024;184;40
7025;184;36
7026;184;36
7027;184;36
7028;180;36
7029;180;36
7030;180;36
7031;180;36
7032;176;36
7033;180;36
7034;180;36
7035;180;36
7036;176;36
7037;180;36
7038;172;36
7039;196;36
7040;172;32
7041;172;36
7042;172;36
7043;168;36
7044;168;32
7045;168;36
7046;172;36
7047;164;36
7048;164;36
7049;164;36
7050;164;36
7051;156;32
7052;160;32
7053;160;32
7054;156;36
7055;156;36
7056;152;32
7057;152;32
7058;144;36
7059;148;32
7060;148;36
7061;148;36
7062;144;32
7063;144;32
7064;140;32
7065;140;32
7066;140;32
7067;136;32
7068;136;36
7069;132;32
7070;132;32
7071;132;32
7072;128;32
7073;128;32
7074;128;36
7075;124;32
7076;120;32
7077;120;32
7078;124;32
7079;108;32
7080;116;32
7081;116;32
7082;112;32
7083;108;32
7084;108;28
7085;108;28
7086;112;28
7087;104;28
7088;100;24
7089;100;24
7090;96;24
7091;96;20
7092;96;16
7093;92;16
7094;88;16
7095;88;12
7096;84;12
7097;80;12
7098;80;12
7099;76;8
7100;80;8
7101;72;12
7102;72;8
7103;72;8
7104;68;12
7105;68;12
7106;64;12
7107;60;20
7108;60;20
7109;60;24
7110;56;28
7111;52;32
7112;52;32
7113;48;36
7114;36;40
7115;44;40
7116;44;44
7117;40;44
7118;40;44
7119;40;44
7120;36;44
7121;28;44
7122;28;44
7123;28;44
7124;24;48
7125;24;48
7126;20;44
7127;16;44
7128;36;44
7129;12;44
7130;12;40
7131;8;40
7132;8;40
7133;4;40
7134;4;40
7135;0;40
7136;0;40
7137;-4;36
7138;-4;40
7139;-8;36
7140;-16;36
7141;-12;36
7142;-12;36
7143;-16;36
7144;-20;36
7145;-20;36
7146;-24;36
7147;-28;36
7148;-28;36
7149;-28;36
7150;-32;36
7151;-32;36
7152;-36;36
7153;-36;36
7154;-36;-16
7155;-40;-16
7156;-44;-20
7157;-44;-20
7158;-48;-20
7159;-52;-20
7160;-56;-24
7161;-60;-28
7162;-56;-28
7163;-60;-28
7164;-60;-32
7165;-64;-32
7166;-68;-32
7167;-68;-36
7168;-80;-40
7169;-72;-40
7170;-72;-36
7171;-76;-40
7172;-80;-40
7173;-80;-40
7174;-84;-40
7175;-84;-40
7176;-88;-40
7177;-88;-40
7178;-88;-40
7179;-92;-40
7180;-96;-36
7181;-96;-36
7182;-92;-32
7183;-100;-32
7184;-100;-28
7185;-104;-28
7186;-108;-24
7187;-104;-24
7188;-112;-20
7189;-108;-16
7190;-112;-16
7191;-112;-12
7192;-116;-12
7193;-120;-8
7194;-124;-8
7195;-120;-8
7196;-120;-8
7197;-124;-8
7198;-128;-4
7199;-124;-4
7200;-132;-8
7201;-132;-8
7202;-136;-8
7203;-156;-8
7204;-136;-4
7205;-140;-8
7206;-140;-8
7207;-140;-8
7208;-148;-12
7209;-144;-12
7210;-156;-12
7211;-144;-12
7212;-148;-12
7213;-152;-12
7214;-148;-12
7215;-148;-12
7216;-152;-12
7217;-156;-16
7218;-156;-16
7219;-160;-12
7220;-156;-16
7221;-160;-16
7222;-156;-16
7223;-160;-16
7224;-160;-16
7225;-164;-16
7226;-160;-16
7227;-164;-16
7228;-164;-16
7229;-164;-20
7230;-168;-16
7231;-168;-16
7232;-168;-16
7233;-172;-16
7234;-172;-16
7235;-172;-16
7236;-172;-16
7237;-172;-20
7238;-172;-16
7239;-172;-20
7240;-176;-20
7241;-172;-20
7242;-176;-16
7243;-164;-16
7244;-176;-20
7245;-176;-20
7246;-176;-20
7247;-180;-16
7248;-180;-20
7249;-180;-20
7250;-180;-16
7251;-180;-16
7252;-180;-20
7253;-180;-16
7254;-180;-16
7255;-180;-20
7256;-184;-16
7257;-188;-20
7258;-184;-24
7259;-184;-24
7260;-184;-24
7261;-184;-24
7262;-180;-28
7263;-184;-28
7264;-184;-32
7265;-184;-32
7266;-184;-32
7267;-180;-36
7268;-180;-36
7269;-180;-40
7270;-184;-40
7271;-188;-40
7272;-180;-40
7273;-180;-40
7274;-180;-44
7275;-180;-40
7276;-172;-44
7277;-176;-40
7278;-164;-40
7279;-176;-40
7280;-176;-36
7281;-176;-36
7282;-176;-32
7283;-172;-28
7284;-172;-28
7285;-164;-20
7286;-168;-20
7287;-168;-16
7288;-168;-12
7289;-168;-12
7290;-168;-12
7291;-168;-8
7292;-164;-8
7293;-164;-8
7294;-164;-8
7295;-160;-8
7296;-160;-4
7297;-168;-4
7298;-160;-8
7299;-156;-4
7300;-156;-8
7301;-156;-8
7302;-156;-8
7303;-152;-8
7304;-156;-8
7305;-152;-8
7306;-152;-8
7307;-148;-12
7308;-148;-12
7309;-144;-12
7310;-144;-12
7311;-144;-12
7312;-140;-12
7313;-140;-16
7314;-136;-12
7315;-136;-16
7316;-136;-16
7317;-136;-16
7318;-140;-16
7319;-132;-16
7320;-128;-16
7321;-128;-16
7322;-128;-16
7323;-124;-16
7324;-124;-16
7325;-116;-16
7326;-120;-16
7327;-120;-20
7328;-116;-16
7329;-116;-20
7330;-112;-20
7331;-112;-20
7332;-104;-16
7333;-108;-20
7334;-104;-16
7335;-104;-16
7336;-100;-16
7337;-100;-16
7338;-96;-20
7339;-88;-20
7340;-92;-16
7341;-92;-20
7342;-88;-20
7343;-88;-20
7344;-84;-20
7345;-80;-20
7346;-80;-20
7347;-80;-20
7348;-76;-24
7349;-72;-24
7350;-76;-24
7351;-72;-24
7352;-68;-28
7353;-72;-32
7354;-64;-32
7355;-64;-32
7356;-56;-32
7357;-56;-36
7358;-56;-36
7359;-56;-40
7360;-72;-40
7361;-52;-40
7362;-48;-40
7363;-44;-40
7364;-44;16
7365;-44;16
7366;-40;16
7367;-36;16
7368;-32;16
7369;-32;16
7370;-28;20
7371;-28;20
7372;-16;24
7373;-24;24
7374;-20;28
7375;-20;32
7376;-12;32
7377;-16;36
7378;-12;40
7379;-12;40
7380;-8;44
7381;-4;44
7382;-4;48
7383;0;48
7384;0;52
7385;4;52
7386;8;52
7387;8;52
7388;12;52
7389;12;52
7390;16;52
7391;16;52
7392;20;52
7393;24;52
7394;24;52
7395;28;52
7396;28;52
7397;28;52
7398;32;52
7399;36;48
7400;36;48
7401;40;48
7402;40;48
7403;40;48
7404;44;48
7405;48;48
7406;52;48
7407;44;48
7408;56;48
7409;56;44
7410;56;44
7411;60;44
7412;64;44
7413;64;40
7414;64;44
7415;68;44
7416;72;44
7417;72;44
7418;72;44
7419;76;44
7420;80;44
7421;84;44
7422;80;44
7423;84;40
7424;88;40
7425;88;44
7426;92;44
7427;92;44
7428;100;40
7429;96;40
7430;100;40
7431;100;40
7432;100;40
7433;104;40
7434;108;44
7435;124;40
7436;108;40
7437;112;40
7438;112;40
7439;116;40
7440;116;40
7441;120;40
7442;116;40
7443;120;36
7444;124;36
7445;124;32
7446;128;32
7447;124;28
7448;132;28
7449;132;28
7450;132;24
7451;136;24
7452;136;20
7453;136;20
7454;148;16
7455;140;20
7456;144;20
7457;144;20
7458;148;16
7459;148;16
7460;148;16
7461;152;16
7462;152;20
7463;152;20
7464;156;20
7465;156;24
7466;156;24
7467;160;28
7468;160;28
7469;164;32
7470;164;32
7471;164;40
7472;164;40
7473;164;44
7474;168;44
7475;172;44
7476;172;48
7477;168;48
7478;168;52
7479;172;52
7480;172;52
7481;176;52
7482;180;52
7483;176;56
7484;176;52
7485;180;52
7486;180;52
7487;180;52
7488;180;52
7489;176;52
7490;180;52
7491;180;48
7492;184;48
7493;184;48
7494;184;48
7495;184;48
7496;180;48
7497;188;44
7498;184;44
7499;188;48
7500;188;44
7501;188;48
7502;188;44
7503;188;44
7504;188;44
7505;188;44
7506;192;44
7507;192;44
7508;192;44
7509;192;44
7510;188;40
7511;192;44
7512;192;44
7513;192;40
7514;192;44
7515;196;40
7516;192;44
7517;204;44
7518;192;40
7519;192;44
7520;192;44
7521;192;40
7522;196;40
7523;192;40
7524;200;44
7525;192;40
7526;192;40
7527;192;40
7528;192;40
7529;192;40
7530;188;40
7531;192;40
7532;192;40
7533;188;32
7534;188;32
7535;188;32
7536;180;32
7537;184;28
7538;184;24
7539;188;24
7540;184;24
7541;184;20
7542;184;20
7543;184;20
7544;184;16
7545;184;16
7546;180;16
7547;184;12
7548;180;16
7549;180;16
7550;184;20
7551;180;16
7552;176;20
7553;180;24
7554;176;24
7555;176;24
7556;172;32
7557;168;36
7558;172;40
7559;172;40
7560;168;44
7561;168;44
7562;168;48
7563;164;48
7564;156;52
7565;164;52
7566;164;52
7567;160;52
7568;160;52
7569;160;52
7570;156;52
7571;156;52
7572;156;52
7573;156;4
7574;156;0
7575;152;0
7576;152;0
7577;148;0
7578;156;-4
7579;148;0
7580;144;-4
7581;140;-4
7582;144;-4
7583;144;-4
7584;140;-4
7585;140;-4
7586;136;-8
7587;136;-8
7588;132;-8
7589;132;-8
7590;128;-8
7591;128;-8
7592;132;-8
7593;124;-8
7594;124;-12
7595;120;-12
7596;120;-12
7597;116;-12
7598;116;-16
7599;100;-16
7600;112;-16
7601;112;-20
7602;108;-24
7603;104;-24
7604;96;-24
7605;100;-28
7606;96;-32
7607;100;-28
7608;96;-32
7609;92;-32
7610;92;-32
7611;92;-32
7612;88;-32
7613;84;-36
7614;84;-32
7615;84;-32
7616;80;-32
7617;80;-32
7618;80;-28
7619;72;-28
7620;68;-24
7621;68;-20
7622;68;-20
7623;64;-16
7624;60;-16
7625;60;-12
7626;60;-12
7627;56;-8
7628;56;-4
7629;52;-4
7630;52;-4
7631;48;0
7632;40;0
7633;44;0
7634;40;0
7635;40;0
7636;36;0
7637;32;0
7638;36;4
7639;44;4
7640;28;4
7641;28;4
7642;24;4
7643;24;0
7644;16;-4
7645;16;-4
7646;16;0
7647;16;0
7648;12;0
7649;8;-4
7650;8;-4
7651;4;-4
7652;0;-4
7653;-4;-4
7654;0;-4
7655;-8;-4
7656;-8;-4
7657;-8;-8
7658;-8;-8
7659;-16;-8
7660;-20;-8
7661;-20;-12
7662;-20;-8
7663;-24;-8
7664;-24;-8
7665;-28;-8
7666;-32;-8
7667;-40;-8
7668;-36;-8
7669;-36;-8
7670;-36;-8
7671;-40;-8
7672;-40;-12
7673;-44;-12
7674;-36;-8
7675;-48;-12
7676;-52;-12
7677;-56;-12
7678;-56;-12
7679;-52;-12
7680;-60;-12
7681;-52;-16
7682;-64;-16
7683;-64;-20
7684;-68;-20
7685;-72;-20
7686;-72;-24
7687;-76;-24
7688;-76;-28
7689;-80;-28
7690;-80;-28
7691;-84;-28
7692;-84;-32
7693;-92;-32
7694;-88;-32
7695;-92;-36
7696;-92;-32
7697;-92;-36
7698;-92;-32
7699;-96;-32
7700;-100;-32
7701;-100;-28
7702;-100;-28
7703;-104;-24
7704;-108;-24
7705;-108;-20
7706;-108;-20
7707;-108;-16
7708;-116;-16
7709;-116;-12
7710;-120;-8
7711;-120;-8
7712;-124;-4
7713;-124;-4
7714;-132;-4
7715;-128;-4
7716;-128;0
7717;-132;0
7718;-132;0
7719;-132;4
7720;-136;0
7721;-140;4
7722;-136;4
7723;-140;0
7724;-140;0
7725;-140;0
7726;-140;0
7727;-144;0
7728;-144;0
7729;-148;0
7730;-148;0
7731;-148;-4
7732;-152;0
7733;-152;-4
7734;-152;-4
7735;-148;-8
7736;-156;-8
7737;-156;-4
7738;-156;-8
7739;-156;-8
7740;-160;-8
7741;-160;-8
7742;-156;-4
7743;-164;-8
7744;-164;-8
7745;-168;-8
7746;-164;-8
7747;-168;-4
7748;-168;-8
7749;-168;-8
7750;-172;-8
7751;-168;-8
7752;-172;-8
7753;-172;-12
7754;-176;-8
7755;-172;-8
7756;-196;-12
7757;-176;-12
7758;-176;-12
7759;-176;-12
7760;-180;-12
7761;-184;-16
7762;-176;-16
7763;-188;-16
7764;-180;-20
7765;-180;-24
7766;-180;-24
7767;-180;-28
7768;-172;-28
7769;-180;-32
7770;-180;-32
7771;-184;-32
7772;-180;-32
7773;-184;-32
7774;-180;-32
7775;-180;-32
7776;-180;-36
7777;-184;-32
7778;-184;-32
7779;-184;-16
7780;-184;-16
7781;-184;-12
7782;-180;-8
7783;-184;-8
7784;-184;-4
7785;-184;0
7786;-180;0
7787;-180;0
7788;-180;4
7789;-180;8
7790;-180;8
7791;-180;12
7792;-176;12
7793;-180;16
7794;-176;16
7795;-176;16
7796;-184;16
7797;-176;20
7798;-176;20
7799;-176;16
7800;-176;16
7801;-172;16
7802;-176;12
7803;-172;16
7804;-168;16
7805;-168;12
7806;-168;16
7807;-168;12
7808;-168;16
7809;-168;12
7810;-168;12
7811;-164;12
7812;-164;12
7813;-164;12
7814;-160;12
7815;-160;12
7816;-156;8
7817;-156;12
7818;-160;8
7819;-156;8
7820;-156;12
7821;-152;8
7822;-152;8
7823;-152;8
7824;-148;8
7825;-152;8
7826;-148;8
7827;-144;8
7828;-148;8
7829;-144;8
7830;-140;8
7831;-128;8
7832;-140;4
7833;-140;8
7834;-136;8
7835;-132;8
7836;-136;8
7837;-132;4
7838;-140;8
7839;-128;8
7840;-128;4
7841;-124;8
7842;-124;4
7843;-132;4
7844;-120;4
7845;-124;4
7846;-116;4
7847;-112;4
7848;-112;0
7849;-112;0
7850;-116;-4
7851;-108;-4
7852;-104;-8
7853;-104;-8
7854;-100;-12
7855;-100;-12
7856;-96;-12
7857;-96;-16
7858;-92;-16
7859;-92;-16
7860;-88;-16
7861;-88;-20
7862;-84;-20
7863;-84;-20
7864;-84;-20
7865;-80;-16
7866;-76;-20
7867;-72;-16
7868;-72;-16
7869;-68;-12
7870;-68;-12
7871;-80;-8
7872;-64;-8
7873;-60;-4
7874;-60;-4
7875;-60;0
7876;-56;4
7877;-52;4
7878;-40;8
7879;-48;12
7880;-48;8
7881;-44;16
7882;-44;16
7883;-40;16
7884;-36;16
7885;-32;16
7886;-36;16
7887;-32;16
7888;-32;20
7889;-28;16
7890;-28;20
7891;-20;16
7892;-20;16
7893;-20;12
7894;-16;16
7895;-12;16
7896;-12;16
7897;-8;16
7898;-8;12
7899;-12;12
7900;-4;12
7901;0;12
7902;0;12
7903;4;12
7904;4;12
7905;8;12
7906;-4;8
7907;12;8
7908;16;8
7909;16;8
7910;20;8
7911;24;8
7912;20;8
7913;20;8
7914;28;8
7915;28;8
7916;32;8
7917;32;8
7918;36;8
7919;40;8
7920;60;8
7921;44;8
7922;44;4
7923;48;4
7924;48;8
7925;56;4
7926;52;4
7927;56;4
7928;60;8
7929;60;8
7930;60;4
7931;60;8
7932;60;4
7933;68;8
7934;72;4
7935;72;4
7936;72;4
7937;76;4
7938;80;4
7939;80;4
7940;80;4
7941;84;4
7942;84;4
7943;88;4
7944;88;4
7945;92;0
7946;96;0
7947;96;-4
7948;96;-4
7949;100;-4
7950;100;-8
7951;104;-8
7952;104;-12
7953;100;-12
7954;112;-12
7955;112;-16
7956;112;-16
7957;112;-16
7958;116;-20
7959;120;-20
7960;116;-20
7961;120;-20
7962;124;-20
7963;124;-20
7964;128;-16
7965;128;-20
7966;132;-12
7967;132;-12
7968;132;-8
7969;136;-4
7970;132;-4
7971;136;0
7972;140;4
7973;144;8
7974;148;8
7975;144;12
7976;148;16
7977;148;16
7978;148;16
7979;148;16
7980;148;16
7981;156;20
7982;152;20
7983;156;20
7984;156;20
7985;156;16
7986;160;16
7987;160;36
7988;168;32
7989;164;32
7990;164;36
7991;164;32
7992;168;32
7993;164;32
7994;168;32
7995;156;32
7996;172;32
7997;172;32
7998;176;32
7999;176;28
8000;168;28
8001;176;28
8002;168;28
8003;176;24
8004;176;24
8005;176;28
8006;180;24
8007;184;24
8008;180;24
8009;180;24
8010;184;20
8011;184;20
8012;184;16
8013;184;16
8014;184;16
8015;188;12
8016;184;12
8017;188;8
8018;188;4
8019;188;4
8020;188;4
8021;188;4
8022;188;0
8023;188;0
8024;188;0
8025;188;0
8026;188;0
8027;192;0
8028;192;0
8029;188;0
8030;192;4
8031;192;4
8032;188;8
8033;192;8
8034;192;12
8035;204;12
8036;192;16
8037;192;20
8038;192;20
8039;192;24
8040;192;24
8041;192;28
8042;192;28
8043;188;32
8044;188;32
8045;192;36
8046;188;32
8047;188;36
8048;188;36
8049;188;36
8050;188;36
8051;188;36
8052;188;40
8053;188;36
8054;184;36
8055;184;36
8056;184;36
8057;184;32
8058;184;32
8059;184;32
8060;184;32
8061;184;32
8062;180;32
8063;172;32
8064;180;28
8065;180;32
8066;180;32
8067;180;32
8068;180;28
8069;176;28
8070;192;32
8071;172;28
8072;176;28
8073;176;28
8074;172;24
8075;176;28
8076;172;24
8077;176;28
8078;168;24
8079;168;28
8080;164;24
8081;164;24
8082;160;24
8083;160;24
8084;164;28
8085;164;24
8086;160;24
8087;156;24
8088;156;24
8089;148;24
8090;152;24
8091;152;24
8092;152;24
8093;148;24
8094;148;20
8095;148;16
8096;144;16
8097;144;16
8098;140;12
8099;140;12
8100;140;8
8101;136;8
8102;140;4
8103;136;4
8104;132;4
8105;132;4
8106;132;0
8107;128;0
8108;128;0
8109;124;0
8110;112;-4
8111;124;0
8112;120;0
8113;120;4
8114;116;0
8115;116;8
8116;116;12
8117;124;12
8118;112;16
8119;108;16
8120;108;24
8121;108;24
8122;104;28
8123;100;28
8124;100;32
8125;96;32
8126;96;36
8127;92;36
8128;88;36
8129;88;36
8130;84;36
8131;88;36
8132;80;36
8133;80;36
8134;80;36
8135;76;36
8136;76;36
8137;72;32
8138;68;36
8139;68;32
8140;68;32
8141;64;32
8142;64;32
8143;56;32
8144;60;28
8145;48;32
8146;56;28
8147;48;28
8148;48;28
8149;48;28
8150;48;28
8151;40;28
8152;28;28
8153;40;24
8154;36;28
8155;36;28
8156;32;28
8157;36;28
8158;28;24
8159;48;24
8160;24;28
8161;20;28
8162;20;24
8163;16;24
8164;12;24
8165;12;24
8166;8;24
8167;8;24
8168;4;24
8169;4;24
8170;0;24
8171;-8;24
8172;-4;24
8173;-4;24
8174;-8;20
8175;-8;20
8176;-12;16
8177;-12;20
8178;-20;12
8179;-20;12
8180;-20;12
8181;-24;8
8182;-24;8
8183;-28;8
8184;-28;4
8185;-32;0
8186;-32;0
8187;-36;0
8188;-36;0
8189;-40;0
8190;-40;0
8191;-44;0
8192;-56;0
8193;-48;0
8194;-52;4
8195;-52;-12
8196;-52;-40
8197;-52;-40
8198;-60;-36
8199;-64;-36
8200;-64;-32
8201;-64;-28
8202;-64;-28
8203;-68;-28
8204;-68;-24
8205;-72;-20
8206;-72;-20
8207;-76;-20
8208;-80;-16
8209;-80;-16
8210;-80;-12
8211;-84;-12
8212;-88;-12
8213;-80;-12
8214;-88;-12
8215;-92;-12
8216;-96;-12
8217;-96;-8
8218;-96;-12
8219;-100;-12
8220;-100;-12
8221;-104;-12
8222;-104;-16
8223;-104;-12
8224;-108;-16
8225;-112;-16
8226;-112;-16
8227;-112;-20
8228;-116;-16
8229;-116;-20
8230;-120;-20
8231;-120;-20
8232;-124;-20
8233;-124;-20
8234;-148;-16
8235;-128;-20
8236;-128;-20
8237;-128;-20
8238;-132;-20
8239;-140;-20
8240;-136;-20
8241;-148;-24
8242;-136;-24
8243;-140;-24
8244;-140;-24
8245;-144;-24
8246;-140;-24
8247;-144;-20
8248;-148;-20
8249;-148;-24
8250;-148;-20
8251;-152;-24
8252;-152;-24
8253;-148;-24
8254;-152;-24
8255;-156;-24
8256;-156;-24
8257;-156;-28
8258;-160;-28
8259;-160;-28
8260;-160;-28
8261;-160;-28
8262;-160;-32
8263;-164;-32
8264;-164;-36
8265;-164;-36
8266;-164;-36
8267;-168;-40
8268;-168;-40
8269;-168;-44
8270;-172;-44
8271;-168;-44
8272;-168;-44
8273;-172;-48
8274;-160;-44
8275;-172;-44
8276;-172;-48
8277;-172;-48
8278;-176;-44
8279;-172;-44
8280;-176;-40
8281;-180;-40
8282;-176;-36
8283;-176;-36
8284;-180;-36
8285;-176;-32
8286;-180;-28
8287;-180;-28
8288;-180;-24
8289;-180;-20
8290;-180;-20
8291;-180;-20
8292;-180;-16
8293;-180;-16
8294;-180;-12
8295;-184;-12
8296;-180;-12
8297;-180;-12
8298;-180;-12
8299;-180;-8
8300;-180;-12
8301;-180;-12
8302;-196;-12
8303;-180;-12
8304;-180;-12
8305;-180;-12
8306;-176;-16
8307;-176;-12
8308;-176;-16
8309;-172;-12
8310;-176;-16
8311;-176;-16
8312;-176;-16
8313;-176;-16
8314;-172;-20
8315;-172;-20
8316;-160;-20
8317;-172;-20
8318;-172;-20
8319;-172;-20
8320;-172;-20
8321;-168;-20
8322;-168;-20
8323;-168;-20
8324;-168;-20
8325;-164;-20
8326;-164;-20
8327;-164;-24
8328;-168;-20
8329;-160;-24
8330;-164;-24
8331;-160;-20
8332;-160;-24
8333;-160;-24
8334;-156;-20
8335;-156;-24
8336;-156;-24
8337;-156;-24
8338;-152;-20
8339;-152;-24
8340;-152;-24
8341;-152;-20
8342;-144;-24
8343;-144;-24
8344;-144;-24
8345;-144;-24
8346;-144;-24
8347;-144;-24
8348;-140;-24
8349;-144;-24
8350;-136;-28
8351;-136;-28
8352;-132;-32
8353;-132;-32
8354;-128;-32
8355;-132;-36
8356;-136;-36
8357;-128;-36
8358;-124;-40
8359;-124;-40
8360;-120;-44
8361;-116;-44
8362;-120;-44
8363;-116;-48
8364;-112;-44
8365;-112;-48
8366;-112;-48
8367;-108;-48
8368;-104;-48
8369;-104;-48
8370;-96;-44
8371;-104;-40
8372;-100;-40
8373;-100;-40
8374;-96;-36
8375;-92;-32
8376;-88;-32
8377;-88;-28
8378;-88;-24
8379;-84;-24
8380;-84;-20
8381;-80;-20
8382;-80;-20
8383;-80;-16
8384;-68;-12
8385;-76;-12
8386;-72;-12
8387;-68;-12
8388;-68;-12
8389;-68;-12
8390;-60;-12
8391;-76;-16
8392;-60;-12
8393;-56;-12
8394;-56;-12
8395;-52;-12
8396;-56;-12
8397;-48;-16
8398;-52;-12
8399;-44;-12
8400;-40;-16
8401;-40;-16
8402;-36;-16
8403;-32;-16
8404;-32;48
8405;-36;44
8406;-28;44
8407;-24;44
8408;-28;44
8409;-24;44
8410;-20;48
8411;-20;44
8412;-16;44
8413;-16;44
8414;-12;44
8415;-12;44
8416;-8;44
8417;-4;44
8418;0;44
8419;0;44
8420;0;40
8421;4;44
8422;8;40
8423;8;40
8424;12;40
8425;12;36
8426;16;36
8427;16;36
8428;20;36
8429;20;32
8430;24;28
8431;40;28
8432;28;28
8433;32;24
8434;32;20
8435;36;20
8436;40;20
8437;40;16
8438;36;16
8439;44;16
8440;44;16
8441;44;16
8442;48;16
8443;52;16
8444;56;20
8445;52;20
8446;56;20
8447;60;24
8448;64;24
8449;64;28
8450;68;28
8451;68;32
8452;64;36
8453;72;36
8454;76;40
8455;76;44
8456;76;40
8457;80;44
8458;80;48
8459;76;48
8460;84;52
8461;88;52
8462;92;52
8463;92;52
8464;100;52
8465;96;52
8466;108;52
8467;100;52
8468;100;52
8469;104;52
8470;104;52
8471;108;52
8472;108;52
8473;120;52
8474;112;48
8475;112;48
8476;116;48
8477;116;48
8478;120;48
8479;120;44
8480;124;48
8481;124;48
8482;124;48
8483;128;44
8484;128;44
8485;132;44
8486;128;44
8487;136;44
8488;136;44
8489;136;40
8490;136;44
8491;140;40
8492;140;44
8493;144;44
8494;144;44
8495;148;44
8496;148;40
8497;148;40
8498;148;44
8499;152;40
8500;152;44
8501;156;40
8502;156;40
8503;156;40
8504;156;44
8505;160;40
8506;160;40
8507;164;40
8508;160;40
8509;164;44
8510;168;40
8511;164;40
8512;168;40
8513;180;40
8514;172;40
8515;168;36
8516;172;36
8517;172;32
8518;176;32
8519;172;28
8520;176;28
8521;176;28
8522;176;24
8523;180;20
8524;180;20
8525;176;20
8526;176;20
8527;184;16
8528;180;16
8529;184;16
8530;184;16
8531;184;16
8532;184;16
8533;184;16
8534;180;20
8535;184;20
8536;188;24
8537;184;24
8538;184;24
8539;184;28
8540;188;32
8541;176;32
8542;188;36
8543;188;40
8544;192;40
8545;192;44
8546;192;44
8547;192;44
8548;188;48
8549;188;48
8550;192;48
8551;188;52
8552;188;52
8553;192;52
8554;192;52
8555;212;52
8556;192;52
8557;192;52
8558;192;52
8559;192;52
8560;196;52
8561;188;48
8562;188;48
8563;192;48
8564;192;48
8565;188;48
8566;184;48
8567;184;48
8568;184;44
8569;188;48
8570;188;44
8571;184;44
8572;184;44
8573;184;48
8574;188;44
8575;188;48
8576;184;44
8577;184;44
8578;180;44
8579;180;44
8580;184;44
8581;188;40
8582;180;40
8583;180;40
8584;180;40
8585;176;40
8586;176;40
8587;176;40
8588;176;44
8589;176;40
8590;176;44
8591;172;40
8592;172;40
8593;172;40
8594;172;40
8595;160;40
8596;168;40
8597;168;40
8598;168;40
8599;164;40
8600;164;40
8601;164;40
8602;160;40
8603;160;40
8604;160;40
8605;160;40
8606;156;40
8607;156;40
8608;156;40
8609;160;40
8610;152;40
8611;152;40
8612;148;-8
8613;148;-8
8614;148;-12
8615;144;-12
8616;148;-12
8617;144;-16
8618;140;-16
8619;140;-20
8620;136;-20
8621;140;-20
8622;136;-20
8623;144;-24
8624;132;-28
8625;132;-28
8626;128;-28
8627;128;-32
8628;124;-28
8629;124;-32
8630;108;-32
8631;120;-32
8632;116;-32
8633;120;-36
8634;116;-32
8635;104;-32
8636;112;-32
8637;104;-32
8638;108;-28
8639;108;-28
8640;104;-28
8641;104;-24
8642;100;-24
8643;96;-16
8644;96;-16
8645;96;-12
8646;96;-8
8647;88;-8
8648;88;-4
8649;88;-4
8650;84;0
8651;80;0
8652;80;0
8653;80;0
8654;76;4
8655;76;0
8656;72;4
8657;72;0
8658;68;4
8659;68;4
8660;64;4
8661;64;4
8662;56;4
8663;56;0
8664;56;0
8665;52;0
8666;48;0
8667;48;0
8668;48;-4
8669;48;0
8670;56;-4
8671;40;-4
8672;36;-4
8673;36;-4
8674;32;-4
8675;32;-4
8676;28;-4
8677;24;-4
8678;24;-8
8679;24;-8
8680;24;-8
8681;16;-8
8682;16;-8
8683;12;-8
8684;12;-8
8685;12;-8
8686;8;-8
8687;8;-8
8688;4;-8
8689;0;-8
8690;0;-8
8691;-8;-8
8692;-4;-8
8693;-12;-12
8694;-8;-8
8695;-12;-12
8696;-12;-8
8697;-16;-12
8698;-24;-8
8699;-20;-12
8700;-24;-12
8701;-24;-12
8702;-28;-16
8703;-28;-16
8704;-32;-20
8705;-24;-20
8706;-36;-24
8707;-40;-24
8708;-40;-28
8709;-44;-28
8710;-40;-28
8711;-48;-28
8712;-40;-32
8713;-52;-32
8714;-52;-32
8715;-56;-36
8716;-60;-32
8717;-60;-32
8718;-64;-32
8719;-64;-32
8720;-64;-32
8721;-68;-28
8722;-68;-28
8723;-72;-24
8724;-80;-20
8725;-76;-16
8726;-80;-12
8727;-80;-8
8728;-84;-4
8729;-84;-4
8730;-84;0
8731;-92;0
8732;-88;0
8733;-92;0
8734;-92;4
8735;-96;0
8736;-96;4
8737;-100;4
8738;-100;4
8739;-104;0
8740;-104;4
8741;-108;0
8742;-108;0
8743;-108;0
8744;-112;0
8745;-128;0
8746;-116;0
8747;-116;0
8748;-120;-4
8749;-124;-4
8750;-120;-4
8751;-124;-4
8752;-120;-4
8753;-128;-4
8754;-132;-4
8755;-132;-4
8756;-132;-4
8757;-136;-4
8758;-136;-8
8759;-132;-8
8760;-140;-4
8761;-140;-8
8762;-140;-8
8763;-140;-8
8764;-144;-8
8765;-148;-8
8766;-144;-8
8767;-148;-8
8768;-152;-8
8769;-148;-8
8770;-152;-8
8771;-152;-8
8772;-152;-8
8773;-156;-8
8774;-156;-8
8775;-160;-8
8776;-160;-8
8777;-160;-12
8778;-164;-12
8779;-160;-8
8780;-172;-8
8781;-164;-12
8782;-164;-12
8783;-164;-12
8784;-168;-12
8785;-168;-12
8786;-168;-12
8787;-180;-16
8788;-168;-16
8789;-172;-20
8790;-172;-20
8791;-172;-20
8792;-168;-24
8793;-176;-28
8794;-156;-28
8795;-172;-28
8796;-176;-32
8797;-176;-32
8798;-176;-32
8799;-168;-32
8800;-172;-32
8801;-176;-36
8802;-176;-36
8803;-180;-36
8804;-180;-32
8805;-180;-32
8806;-180;-32
8807;-176;-28
8808;-180;-28
8809;-180;-24
8810;-180;-24
8811;-180;-20
8812;-180;-16
8813;-180;-12
8814;-180;-8
8815;-180;-8
8816;-180;-8
8817;-180;-4
8818;-180;0
8819;-180;0
8820;-176;24
8821;-180;28
8822;-180;24
8823;-176;28
8824;-176;28
8825;-180;28
8826;-176;28
8827;-180;28
8828;-176;28
8829;-176;28
8830;-172;24
8831;-176;24
8832;-172;24
8833;-176;24
8834;-180;24
8835;-172;24
8836;-172;24
8837;-172;20
8838;-168;20
8839;-168;24
8840;-168;20
8841;-168;20
8842;-168;16
8843;-168;16
8844;-164;16
8845;-164;20
8846;-164;16
8847;-164;16
8848;-156;16
8849;-160;16
8850;-160;12
8851;-160;16
8852;-160;12
8853;-156;16
8854;-156;16
8855;-152;12
8856;-156;12
8857;-152;16
8858;-148;16
8859;-148;12
8860;-148;12
8861;-148;16
8862;-148;12
8863;-144;12
8864;-144;12
8865;-140;8
8866;-140;8
8867;-140;8
8868;-140;4
8869;-156;4
8870;-136;4
8871;-136;0
8872;-132;-4
8873;-128;0
8874;-128;-4
8875;-128;-4
8876;-124;-8
8877;-124;-8
8878;-124;-8
8879;-124;-12
8880;-120;-12
8881;-108;-12
8882;-116;-12
8883;-112;-12
8884;-112;-12
8885;-112;-12
8886;-112;-8
8887;-104;-4
8888;-104;-4
8889;-100;0
8890;-100;0
8891;-96;4
8892;-96;4
8893;-96;8
8894;-92;12
8895;-88;16
8896;-88;16
8897;-88;20
8898;-84;20
8899;-84;24
8900;-80;24
8901;-80;24
8902;-76;24
8903;-72;28
8904;-72;24
8905;-72;24
8906;-68;24
8907;-64;24
8908;-64;24
8909;-48;24
8910;-60;24
8911;-56;24
8912;-56;24
8913;-52;24
8914;-48;24
8915;-52;20
8916;-48;20
8917;-44;20
8918;-44;20
8919;-40;20
8920;-40;20
8921;-40;16
8922;-32;20
8923;-36;20
8924;-28;20
8925;-28;16
8926;-24;16
8927;-24;16
8928;-24;16
8929;-20;16
8930;-20;16
8931;-16;16
8932;-12;16
8933;-12;16
8934;-8;16
8935;-4;12
8936;-4;12
8937;0;16
8938;0;16
8939;4;12
8940;8;12
8941;8;12
8942;16;12
8943;12;12
8944;36;16
8945;16;16
8946;20;16
8947;20;12
8948;20;12
8949;24;16
8950;28;16
8951;36;12
8952;32;12
8953;36;16
8954;36;12
8955;40;16
8956;40;12
8957;44;12
8958;48;12
8959;48;8
8960;48;12
8961;48;8
8962;56;8
8963;44;8
8964;60;8
8965;60;4
8966;64;4
8967;68;0
8968;68;0
8969;68;-4
8970;68;-4
8971;72;-4
8972;76;-8
8973;76;-8
8974;80;-12
8975;80;-12
8976;84;-12
8977;84;-12
8978;88;-12
8979;92;-12
8980;92;-12
8981;96;-12
8982;96;-8
8983;96;-8
8984;88;-4
8985;100;-4
8986;100;-4
8987;104;4
8988;108;4
8989;108;4
8990;108;8
8991;116;12
8992;112;12
8993;116;16
8994;116;20
8995;120;20
8996;120;20
8997;124;20
8998;128;24
8999;124;24
9000;124;24
9001;128;24
9002;128;28
9003;132;28
9004;136;28
9005;140;24
9006;136;24
9007;140;24
9008;140;24
9009;140;24
9010;144;24
9011;144;24
9012;144;24
9013;148;20
9014;148;20
9015;148;16
9016;152;20
9017;152;16
9018;152;20
9019;148;16
9020;160;16
9021;156;16
9022;160;20
9023;160;16
9024;160;16
9025;160;16
9026;144;16
9027;168;16
9028;168;16
9029;168;36
9030;168;32
9031;172;32
9032;172;32
9033;176;32
9034;176;32
9035;176;32
9036;176;28
9037;176;24
9038;184;24
9039;176;24
9040;180;24
9041;180;20
9042;180;20
9043;180;16
9044;180;16
9045;184;16
9046;184;12
9047;184;8
9048;184;8
9049;184;8
9050;184;8
9051;188;8
9052;188;8
9053;188;4
9054;188;8
9055;192;8
9056;192;8
9057;192;12
9058;192;12
9059;196;12
9060;188;16
9061;192;20
9062;192;20
9063;192;24
9064;192;24
9065;192;28
9066;196;32
9067;192;32
9068;192;36
9069;192;40
9070;192;40
9071;192;40
9072;192;40
9073;184;44
9074;192;44
9075;192;44
9076;192;44
9077;196;44
9078;192;44
9079;192;40
9080;188;40
9081;192;44
9082;196;40
9083;192;40
9084;192;40
9085;192;40
9086;192;40
9087;196;40
9088;188;40
9089;192;36
9090;188;36
9091;188;36
9092;192;36
9093;188;36
9094;192;36
9095;184;36
9096;184;32
9097;188;36
9098;184;36
9099;184;32
9100;184;36
9101;200;32
9102;180;32
9103;180;32
9104;180;32
9105;180;32
9106;176;32
9107;180;32
9108;172;32
9109;176;32
9110;176;32
9111;176;32
9112;176;28
9113;164;32
9114;168;32
9115;172;32
9116;172;32
9117;168;32
9118;168;28
9119;168;28
9120;160;32
9121;164;28
9122;164;28
9123;160;24
9124;160;24
9125;160;20
9126;160;20
9127;160;20
9128;156;16
9129;152;12
9130;152;12
9131;152;12
9132;148;12
9133;148;8
9134;148;12
9135;144;8
9136;144;8
9137;144;8
9138;144;4
9139;136;8
9140;140;8
9141;132;8
9142;136;12
9143;132;12
9144;132;16
9145;128;20
9146;128;24
9147;128;24
9148;136;32
9149;124;32
9150;124;36
9151;120;36
9152;116;40
9153;116;40
9154;112;40
9155;116;44
9156;112;44
9157;112;44
9158;104;40
9159;104;44
9160;104;44
9161;96;44
9162;100;44
9163;96;40
9164;92;40
9165;92;44
9166;92;40
9167;88;40
9168;84;40
9169;80;40
9170;80;40
9171;76;36
9172;80;36
9173;72;36
9174;72;36
9175;72;36
9176;56;32
9177;68;36
9178;64;36
9179;64;36
9180;60;32
9181;64;36
9182;56;32
9183;52;32
9184;52;32
9185;52;32
9186;48;32
9187;48;32
9188;48;32
9189;40;32
9190;56;32
9191;36;32
9192;36;32
9193;32;32
9194;28;32
9195;24;32
9196;28;32
9197;24;32
9198;20;32
9199;20;32
9200;16;32
9201;16;32
9202;8;32
9203;12;32
9204;8;28
9205;8;28
9206;4;24
9207;0;24
9208;0;24
9209;-4;20
9210;-4;20
9211;-8;20
9212;-12;16
9213;-12;16
9214;-16;12
9215;-16;12
9216;-20;8
9217;-20;8
9218;-24;8
9219;-24;8
9220;-28;8
9221;-28;4
9222;-32;4
9223;-44;4
9224;-36;4
9225;-40;8
9226;-40;12
9227;-44;12
9228;-44;16
9229;-48;20
9230;-36;24
9231;-52;28
9232;-56;32
9233;-56;36
9234;-56;36
9235;-60;40
9236;-64;40
9237;-60;-8
9238;-68;-8
9239;-64;-8
9240;-68;-8
9241;-72;-4
9242;-72;-8
9243;-80;-4
9244;-72;-4
9245;-80;-8
9246;-80;-8
9247;-80;-8
9248;-84;-12
9249;-88;-12
9250;-92;-8
9251;-96;-8
9252;-96;-12
9253;-96;-12
9254;-96;-12
9255;-100;-12
9256;-108;-12
9257;-104;-16
9258;-112;-16
9259;-108;-16
9260;-108;-16
9261;-112;-16
9262;-112;-16
9263;-116;-16
9264;-116;-16
9265;-140;-16
9266;-120;-16
9267;-124;-20
9268;-124;-16
9269;-124;-20
9270;-132;-16
9271;-128;-20
9272;-128;-16
9273;-132;-20
9274;-136;-20
9275;-136;-20
9276;-136;-20
9277;-128;-16
9278;-140;-20
9279;-140;-20
9280;-140;-20
9281;-144;-20
9282;-148;-20
9283;-148;-24
9284;-148;-24
9285;-148;-24
9286;-152;-28
9287;-152;-28
9288;-152;-32
9289;-156;-32
9290;-156;-36
9291;-152;-36
9292;-160;-36
9293;-156;-40
9294;-164;-40
9295;-160;-40
9296;-164;-44
9297;-160;-44
9298;-160;-40
9299;-164;-40
9300;-164;-44
9301;-168;-40
9302;-168;-40
9303;-168;-40
9304;-172;-40
9305;-164;-36
9306;-168;-36
9307;-172;-32
9308;-172;-28
9309;-176;-28
9310;-172;-24
9311;-172;-24
9312;-180;-20
9313;-172;-20
9314;-176;-16
9315;-176;-12
9316;-176;-12
9317;-176;-12
9318;-180;-12
9319;-184;-8
9320;-180;-8
9321;-180;-8
9322;-180;-8
9323;-180;-8
9324;-180;-4
9325;-184;-4
9326;-180;-8
9327;-180;-8
9328;-180;-8
9329;-180;-8
9330;-180;-12
9331;-180;-8
9332;-180;-12
9333;-180;-12
9334;-184;-12
9335;-184;-12
9336;-184;-12
9337;-184;-12
9338;-180;-12
9339;-180;-12
9340;-160;-16
9341;-180;-16
9342;-184;-16
9343;-180;-16
9344;-180;-16
9345;-180;-16
9346;-180;-16
9347;-172;-16
9348;-176;-16
9349;-176;-16
9350;-180;-16
9351;-176;-20
9352;-184;-16
9353;-172;-16
9354;-172;-20
9355;-172;-20
9356;-172;-16
9357;-172;-20
9358;-172;-20
9359;-176;-20
9360;-172;-20
9361;-172;-16
9362;-168;-16
9363;-168;-20
9364;-168;-20
9365;-164;-20
9366;-168;-20
9367;-164;-20
9368;-164;-20
9369;-160;-20
9370;-160;-20
9371;-160;-20
9372;-160;-20
9373;-160;-24
9374;-156;-24
9375;-156;-24
9376;-156;-28
9377;-156;-28
9378;-152;-28
9379;-152;-32
9380;-160;-32
9381;-148;-36
9382;-148;-36
9383;-148;-36
9384;-144;-40
9385;-140;-40
9386;-140;-40
9387;-128;-40
9388;-136;-40
9389;-136;-44
9390;-140;-40
9391;-132;-44
9392;-132;-40
9393;-132;-40
9394;-128;-40
9395;-128;-36
9396;-124;-36
9397;-120;-36
9398;-120;-32
9399;-120;-28
9400;-116;-28
9401;-112;-24
9402;-116;-20
9403;-112;-20
9404;-108;-16
9405;-108;-16
9406;-108;-12
9407;-104;-12
9408;-108;-12
9409;-100;-8
9410;-100;-12
9411;-96;-8
9412;-96;-8
9413;-96;-8
9414;-92;-8
9415;-100;-8
9416;-88;-8
9417;-84;-8
9418;-84;-8
9419;-80;-8
9420;-80;-8
9421;-80;-8
9422;-80;-8
9423;-72;-12
9424;-72;-12
9425;-68;-12
9426;-64;-12
9427;-60;-12
9428;-64;-12
9429;-40;-12
9430;-56;-16
9431;-56;-16
9432;-52;-16
9433;-48;-16
9434;-44;-16
9435;-48;-16
9436;-44;-12
9437;-44;-12
9438;-40;-16
9439;-40;-16
9440;-36;-16
9441;-36;-16
9442;-32;-16
9443;-32;-16
9444;-28;-16
9445;-24;48
9446;-24;44
9447;-20;44
9448;-20;44
9449;-16;40
9450;-16;36
9451;-12;36
9452;-8;32
9453;-8;32
9454;-4;32
9455;0;28
9456;0;28
9457;4;24
9458;4;24
9459;8;24
9460;8;20
9461;8;20
9462;8;20
9463;16;20
9464;16;16
9465;20;20
9466;24;20
9467;24;16
9468;28;20
9469;24;16
9470;28;20
9471;32;24
9472;36;24
9473;36;28
9474;40;28
9475;40;32
9476;44;32
9477;48;36
9478;48;40
9479;52;44
9480;52;44
9481;56;44
9482;56;48
9483;64;48
9484;60;48
9485;64;52
9486;64;52
9487;68;52
9488;72;56
9489;68;52
9490;76;56
9491;76;56
9492;76;56
9493;80;52
9494;80;52
9495;84;52
9496;84;52
9497;92;52
9498;88;52
9499;92;48
9500;96;52
9501;96;48
9502;92;48
9503;100;48
9504;80;48
9505;100;48
9506;104;48
9507;108;48
9508;108;44
9509;112;44
9510;116;44
9511;104;44
9512;116;44
9513;116;44
9514;120;44
9515;120;44
9516;128;44
9517;124;44
9518;124;40
9519;128;44
9520;132;44
9521;132;40
9522;132;44
9523;132;44
9524;140;44
9525;140;44
9526;140;44
9527;140;40
9528;140;40
9529;144;40
9530;148;44
9531;148;44
9532;144;40
9533;148;40
9534;148;40
9535;152;40
9536;152;40
9537;160;44
9538;156;40
9539;156;40
9540;156;40
9541;160;44
9542;160;40
9543;164;40
9544;164;40
9545;164;40
9546;168;40
9547;168;36
9548;168;32
9549;168;32
9550;172;32
9551;168;32
9552;176;28
9553;172;28
9554;172;24
9555;176;20
9556;176;20
9557;176;20
9558;172;20
9559;176;20
9560;180;16
9561;180;20
9562;180;16
9563;184;16
9564;184;16
9565;184;16
9566;184;20
9567;184;20
9568;184;20
9569;188;28
9570;188;28
9571;188;32
9572;192;32
9573;188;32
9574;188;36
9575;188;40
9576;188;44
9577;192;44
9578;192;48
9579;212;48
9580;192;52
9581;188;52
9582;188;52
9583;192;52
9584;192;52
9585;192;52
9586;196;56
9587;192;56
9588;192;52
9589;192;52
9590;192;52
9591;192;52
9592;196;52
9593;192;52
9594;192;52
9595;192;52
9596;192;48
9597;192;48
9598;184;48
9599;192;48
9600;192;48
9601;192;48
9602;192;48
9603;192;48
9604;192;48
9605;188;44
9606;192;44
9607;192;44
9608;188;44
9609;188;44
9610;184;44
9611;188;44
9612;188;44
9613;184;44
9614;184;44
9615;184;44
9616;184;44
9617;180;40
9618;180;44
9619;172;44
9620;180;40
9621;180;44
9622;180;44
9623;180;40
9624;180;40
9625;176;40
9626;176;44
9627;176;44
9628;176;44
9629;176;40
9630;172;44
9631;172;44
9632;168;44
9633;172;40
9634;168;40
9635;168;40
9636;168;44
9637;168;40
9638;164;40
9639;164;40
9640;164;36
9641;160;36
9642;156;36
9643;156;36
9644;156;32
9645;156;32
9646;152;32
9647;148;28
9648;148;28
9649;148;28
9650;148;24
9651;148;24
9652;140;24
9653;144;20
9654;136;-32
9655;140;-32
9656;140;-36
9657;140;-36
9658;136;-36
9659;132;-36
9660;132;-36
9661;108;-32
9662;132;-32
9663;128;-32
9664;128;-28
9665;124;-28
9666;120;-28
9667;120;-24
9668;116;-20
9669;120;-20
9670;116;-16
9671;116;-16
9672;112;-12
9673;120;-12
9674;108;-8
9675;104;-4
9676;104;-4
9677;104;-4
9678;100;-4
9679;100;0
9680;96;0
9681;96;0
9682;92;0
9683;88;0
9684;88;0
9685;84;-4
9686;84;0
9687;84;0
9688;80;-4
9689;80;-4
9690;76;-4
9691;72;-4
9692;72;-4
9693;72;-4
9694;72;-4
9695;68;-8
9696;64;-4
9697;64;-8
9698;60;-8
9699;60;-8
9700;56;-8
9701;56;-8
9702;48;-8
9703;48;-8
9704;44;-8
9705;44;-8
9706;40;-8
9707;40;-8
9708;32;-8
9709;36;-8
9710;32;-12
9711;32;-12
9712;32;-12
9713;28;-12
9714;24;-12
9715;16;-12
9716;20;-8
9717;16;-12
9718;20;-12
9719;16;-12
9720;16;-12
9721;8;-12
9722;12;-12
9723;8;-12
9724;4;-12
9725;0;-12
9726;0;-12
9727;0;-12
9728;-8;-16
9729;-4;-12
9730;-8;-12
9731;-12;-12
9732;-12;-12
9733;-16;-12
9734;-16;-12
9735;-20;-12
9736;0;-12
9737;-28;-12
9738;-28;-12
9739;-32;-12
9740;-32;-12
9741;-32;-12
9742;-36;-12
9743;-36;-16
9744;-40;-12
9745;-40;-12
9746;-44;-16
9747;-44;-12
9748;-52;-16
9749;-52;-16
9750;-52;-20
9751;-56;-20
9752;-60;-24
9753;-60;-24
9754;-60;-24
9755;-72;-28
9756;-64;-28
9757;-68;-28
9758;-72;-32
9759;-72;-32
9760;-76;-36
9761;-76;-36
9762;-80;-36
9763;-80;-36
9764;-84;-36
9765;-84;-36
9766;-88;-36
9767;-88;-36
9768;-88;-36
9769;-92;-32
9770;-96;-32
9771;-96;-32
9772;-100;-28
9773;-100;-24
9774;-104;-20
9775;-100;-20
9776;-120;-16
9777;-108;-16
9778;-108;-12
9779;-112;-12
9780;-112;-8
9781;-112;-4
9782;-116;-4
9783;-108;-4
9784;-120;-4
9785;-120;0
9786;-124;0
9787;-128;0
9788;-128;0
9789;-128;0
9790;-128;0
9791;-132;0
9792;-132;-4
9793;-136;0
9794;-136;0
9795;-136;-4
9796;-140;0
9797;-140;-4
9798;-140;-4
9799;-144;-4
9800;-144;-4
9801;-148;-4
9802;-148;-4
9803;-152;-8
9804;-156;-8
9805;-152;-8
9806;-152;-8
9807;-156;-8
9808;-156;-8
9809;-160;-8
9810;-156;-8
9811;-172;-8
9812;-160;-12
9813;-160;-12
9814;-160;-12
9815;-160;-8
9816;-160;-8
9817;-164;-12
9818;-168;-8
9819;-164;-12
9820;-168;-12
9821;-168;-12
9822;-168;-12
9823;-168;-12
9824;-168;-8
9825;-156;-12
9826;-172;-12
9827;-172;-12
9828;-172;-12
9829;-172;-12
9830;-172;-12
9831;-176;-12
9832;-176;-12
9833;-180;-12
9834;-176;-12
9835;-180;-12
9836;-180;-12
9837;-184;-12
9838;-180;-16
9839;-180;-12
9840;-180;-12
9841;-180;-16
9842;-180;-16
9843;-180;-16
9844;-180;-20
9845;-180;-24
9846;-180;-24
9847;-184;-28
9848;-184;-32
9849;-184;-28
9850;-180;-32
9851;-180;-32
9852;-180;-36
9853;-184;-36
9854;-184;-36
9855;-184;-36
9856;-184;-36
9857;-180;-36
9858;-184;-36
9859;-180;-32
9860;-180;-32
9861;-180;-32
9862;-180;-8
9863;-180;-4
9864;-180;-4
9865;-188;0
9866;-180;0
9867;-176;4
9868;-176;4
9869;-176;8
9870;-172;12
9871;-176;12
9872;-176;16
9873;-176;16
9874;-172;20
9875;-172;20
9876;-172;20
9877;-172;20
9878;-168;20
9879;-160;20
9880;-168;20
9881;-168;24
9882;-164;20
9883;-164;20
9884;-164;20
9885;-164;20
9886;-160;20
9887;-160;20
9888;-160;20
9889;-160;20
9890;-160;20
9891;-160;16
9892;-156;16
9893;-156;16
9894;-156;16
9895;-152;16
9896;-152;16
9897;-148;16
9898;-148;16
9899;-148;16
9900;-168;12
9901;-144;16
9902;-144;12
9903;-140;12
9904;-140;12
9905;-136;12
9906;-136;12
9907;-124;12
9908;-136;12
9909;-132;12
9910;-132;12
9911;-132;12
9912;-120;12
9913;-124;12
9914;-124;12
9915;-120;12
9916;-120;12
9917;-120;12
9918;-120;12
9919;-120;12
9920;-112;12
9921;-112;12
9922;-112;12
9923;-108;12
9924;-108;8
9925;-108;8
9926;-100;8
9927;-100;8
9928;-100;12
9929;-100;8
9930;-96;8
9931;-92;8
9932;-88;8
9933;-84;8
9934;-88;8
9935;-84;8
9936;-84;8
9937;-80;8
9938;-80;4
9939;-76;4
9940;-72;0
9941;-72;0
9942;-68;-4
9943;-72;-4
9944;-64;-4
9945;-64;-8
9946;-60;-8
9947;-68;-8
9948;-56;-8
9949;-56;-12
9950;-52;-16
9951;-52;-12
9952;-52;-16
9953;-48;-16
9954;-48;-16
9955;-40;-12
9956;-44;-16
9957;-36;-16
9958;-36;-12
9959;-32;-4
9960;-32;-8
9961;-24;-4
9962;-28;-4
9963;-24;0
9964;-24;0
9965;-20;4
9966;-16;8
9967;-16;8
9968;-8;12
9969;-12;16
9970;-12;16
9971;-8;16
9972;-4;20
9973;0;20
9974;-4;20
9975;16;24
9976;4;24
9977;4;24
9978;8;20
9979;8;20
9980;12;24
9981;16;20
9982;16;20
9983;16;20
9984;20;20
9985;24;20
9986;24;20
9987;20;20
9988;28;20
9989;32;16
9990;36;16
9991;36;16
9992;36;16
9993;36;16
9994;40;16
9995;44;16
9996;48;12
9997;48;12
9998;52;16
9999;52;12
10000;56;12
