Column1;Column2;Column3
Channel              :;CH1;CH2
Frequency            :;22,73Hz;22,79Hz
Period               :;44,00ms;43,88ms
PK-PK                :;142,0mV;110,0mV
Probe attenuation    :;1X;1X
Voltage per ADC value:;0,125000mV;0,125000mV
Time interval        :;100,00000uS;100,00000uS
;;
index;CH1_Voltage(mV);CH2_Voltage(mV)
1;20;-12
2;20;-12
3;20;-12
4;22;-14
5;22;-18
6;20;-32
7;22;-36
8;24;-10
9;24;-2
10;26;-6
11;28;-12
12;28;-14
13;36;-14
14;28;-18
15;32;-34
16;32;-36
17;32;-14
18;32;-2
19;32;-8
20;42;-10
21;34;-4
22;32;-22
23;32;-28
24;26;-2
25;34;8
26;34;2
27;34;-2
28;30;-4
29;34;-6
30;36;-16
31;36;-28
32;38;-14
33;36;8
34;36;4
35;14;-2
36;36;-2
37;36;-4
38;38;-8
39;34;-24
40;38;-28
41;40;6
42;38;18
43;40;14
44;38;8
45;38;8
46;38;6
47;38;0
48;40;-16
49;40;-14
50;60;14
51;40;16
52;40;12
53;42;6
54;28;6
55;42;2
56;40;-14
57;40;-18
58;36;4
59;40;16
60;40;14
61;40;8
62;40;20
63;40;4
64;40;-8
65;28;8
66;40;26
67;40;28
68;40;22
69;40;18
70;40;18
71;40;16
72;40;10
73;40;-6
74;40;-4
75;40;22
76;40;28
77;38;24
78;38;20
79;40;18
80;38;14
81;38;14
82;38;16
83;38;22
84;40;8
85;38;6
86;38;26
87;40;40
88;40;36
89;38;32
90;38;30
91;38;28
92;36;24
93;38;12
94;38;4
95;44;28
96;38;40
97;36;34
98;36;32
99;30;30
100;34;28
101;36;26
102;34;24
103;34;10
104;34;10
105;32;28
106;32;46
107;30;46
108;32;40
109;32;38
110;28;36
111;30;34
112;30;28
113;30;14
114;24;14
115;28;40
116;30;46
117;32;42
118;32;38
119;32;36
120;32;36
121;18;34
122;30;20
123;32;8
124;30;34
125;26;52
126;32;48
127;30;42
128;32;40
129;28;36
130;32;18
131;32;18
132;32;38
133;34;52
134;32;48
135;34;44
136;22;40
137;32;40
138;34;38
139;34;30
140;46;16
141;36;26
142;34;50
143;34;48
144;34;42
145;34;42
146;34;34
147;34;20
148;34;24
149;34;46
150;34;52
151;54;48
152;34;44
153;34;42
154;32;40
155;30;34
156;34;18
157;32;22
158;34;46
159;30;54
160;34;46
161;32;44
162;34;42
163;32;40
164;32;36
165;32;18
166;22;20
167;34;40
168;34;52
169;34;48
170;38;42
171;32;40
172;32;40
173;32;36
174;36;20
175;32;16
176;32;38
177;32;52
178;30;48
179;30;44
180;30;42
181;36;40
182;30;40
183;32;28
184;30;14
185;30;28
186;30;50
187;28;46
188;30;40
189;30;34
190;28;16
191;28;14
192;26;42
193;26;46
194;26;42
195;24;38
196;30;36
197;24;36
198;24;26
199;26;12
200;26;18
201;24;40
202;24;46
203;24;42
204;26;38
205;24;36
206;24;34
207;24;34
208;22;26
209;24;12
210;22;8
211;22;38
212;22;42
213;22;38
214;22;34
215;14;30
216;22;30
217;20;22
218;20;6
219;22;16
220;18;42
221;18;40
222;10;34
223;14;32
224;16;30
225;16;26
226;18;10
227;14;8
228;14;32
229;12;36
230;22;32
231;10;26
232;12;24
233;12;22
234;10;12
235;10;-2
236;10;8
237;18;30
238;8;34
239;8;28
240;6;26
241;16;24
242;8;22
243;4;10
244;4;-4
245;-2;16
246;4;34
247;2;30
248;2;24
249;2;24
250;2;6
251;0;-10
252;-2;-8
253;0;16
254;-2;24
255;-2;20
256;-8;16
257;-2;14
258;-4;12
259;-6;10
260;-8;-2
261;-8;-14
262;-8;6
263;-10;24
264;-10;22
265;-10;16
266;-10;12
267;-16;12
268;-14;10
269;-14;-4
270;-14;-14
271;-14;-12
272;-16;10
273;-18;10
274;-18;6
275;-16;2
276;-22;2
277;-22;0
278;-24;-6
279;-24;-22
280;-24;-22
281;-26;2
282;-22;12
283;-26;8
284;-28;4
285;-28;2
286;-30;0
287;-30;-2
288;-30;-16
289;-32;-24
290;-36;-10
291;-36;12
292;-34;0
293;-36;-4
294;-36;-8
295;-38;-10
296;-38;-14
297;-42;-30
298;-40;-26
299;-42;-2
300;-44;2
301;-44;-4
302;-46;-6
303;-46;-10
304;-46;-8
305;-48;-16
306;-48;-30
307;-48;-26
308;-50;-6
309;-52;4
310;-54;0
311;-52;-8
312;-58;-8
313;-54;-26
314;-56;-40
315;-56;-34
316;-64;-12
317;-56;-6
318;-56;-12
319;-58;-16
320;-56;-16
321;-58;-18
322;-60;-22
323;-66;-36
324;-60;-40
325;-58;-18
326;-60;-6
327;-64;-10
328;-58;-14
329;-60;-16
330;-60;-18
331;-54;-18
332;-58;-30
333;-60;-46
334;-58;-30
335;-58;-12
336;-60;-16
337;-58;-20
338;-52;-24
339;-60;-22
340;-58;-30
341;-58;-44
342;-68;-42
343;-60;-20
344;-60;-14
345;-58;-16
346;-64;-20
347;-60;-22
348;-58;-24
349;-58;-32
350;-56;-44
351;-58;-38
352;-56;-18
353;-80;-12
354;-54;-20
355;-54;-24
356;-54;-30
357;-60;-46
358;-54;-44
359;-52;-18
360;-50;-16
361;-46;-22
362;-50;-24
363;-48;-26
364;-48;-28
365;-46;-36
366;-48;-48
367;-44;-42
368;-26;-20
369;-44;-16
370;-44;-22
371;-42;-24
372;-52;-26
373;-40;-28
374;-40;-26
375;-38;-38
376;-38;-52
377;-36;-44
378;-36;-22
379;-36;-18
380;-34;-22
381;-34;-26
382;-32;-28
383;-42;-28
384;-32;-38
385;-30;-52
386;-28;-42
387;-28;-22
388;-28;-18
389;-28;-22
390;-26;-26
391;-26;-28
392;-24;-30
393;-24;-30
394;-22;-42
395;-22;-50
396;-22;-36
397;-20;-18
398;-20;-20
399;-18;-22
400;-16;-26
401;-16;-28
402;-12;-28
403;-12;-34
404;-12;-48
405;-12;-46
406;-8;-24
407;-8;-16
408;-8;-20
409;-8;-24
410;-6;-26
411;-6;-28
412;-4;-30
413;0;-44
414;-4;-50
415;-2;-32
416;0;-10
417;2;-12
418;2;-18
419;2;-20
420;2;-22
421;4;-20
422;4;-30
423;6;-44
424;6;-34
425;4;-12
426;6;-12
427;8;-18
428;4;-20
429;8;-20
430;10;-22
431;10;-34
432;4;-44
433;12;-32
434;14;-12
435;14;-10
436;14;-16
437;14;-8
438;16;-22
439;4;-32
440;18;-24
441;18;0
442;18;0
443;12;-4
444;20;-8
445;20;-10
446;22;-12
447;28;-18
448;24;-32
449;24;-30
450;26;-8
451;26;2
452;28;-2
453;28;-6
454;20;-10
455;28;-10
456;32;-12
457;32;-12
458;40;-8
459;32;-24
460;32;-26
461;32;4
462;30;10
463;32;4
464;34;0
465;34;-2
466;34;-8
467;36;-24
468;36;-22
469;46;0
470;36;10
471;36;6
472;36;0
473;34;-2
474;38;-4
475;40;-4
476;38;-12
477;34;-26
478;38;-20
479;40;12
480;38;18
481;42;12
482;40;8
483;38;6
484;24;6
485;40;0
486;40;-16
487;40;-16
488;44;6
489;42;18
490;42;14
491;40;10
492;44;8
493;40;4
494;42;6
495;44;4
496;42;-2
497;42;-16
498;42;-16
499;38;10
500;42;28
501;42;24
502;40;20
503;42;16
504;40;16
505;42;12
506;40;-4
507;40;-8
508;38;16
509;38;28
510;36;24
511;38;20
512;38;16
513;38;16
514;40;16
515;38;14
516;38;0
517;38;-10
518;38;14
519;38;26
520;36;26
521;38;28
522;38;12
523;38;2
524;36;22
525;36;36
526;36;36
527;36;30
528;36;28
529;34;24
530;36;26
531;36;18
532;36;2
533;26;8
534;36;34
535;36;36
536;34;30
537;36;26
538;34;26
539;34;22
540;36;6
541;34;8
542;34;30
543;34;44
544;36;40
545;34;36
546;32;32
547;32;32
548;40;26
549;30;8
550;32;12
551;30;36
552;30;44
553;30;40
554;30;34
555;36;34
556;30;32
557;30;32
558;30;26
559;42;8
560;32;12
561;30;38
562;30;48
563;24;42
564;30;38
565;32;36
566;32;32
567;34;16
568;32;12
569;32;42
570;20;48
571;32;42
572;34;38
573;32;36
574;40;36
575;34;28
576;34;12
577;32;18
578;34;40
579;34;46
580;34;42
581;34;38
582;34;36
583;32;38
584;34;22
585;44;16
586;32;36
587;32;50
588;34;48
589;38;44
590;34;40
591;32;40
592;34;38
593;34;38
594;34;26
595;32;14
596;32;28
597;34;46
598;32;50
599;34;44
600;34;42
601;34;40
602;34;36
603;34;38
604;34;34
605;34;18
606;34;20
607;34;42
608;32;52
609;34;48
610;34;44
611;34;40
612;32;40
613;32;40
614;32;30
615;28;16
616;32;32
617;34;52
618;32;50
619;30;44
620;34;40
621;32;40
622;32;38
623;34;20
624;30;16
625;30;40
626;30;52
627;28;46
628;28;42
629;28;40
630;32;40
631;26;26
632;28;14
633;28;28
634;26;48
635;26;50
636;26;44
637;24;42
638;26;38
639;24;36
640;24;18
641;26;16
642;20;44
643;24;50
644;22;44
645;20;42
646;22;28
647;20;12
648;22;16
649;30;40
650;22;46
651;20;42
652;20;36
653;18;34
654;20;34
655;20;26
656;38;12
657;20;16
658;18;38
659;18;44
660;10;40
661;16;38
662;16;34
663;16;34
664;10;22
665;14;8
666;16;16
667;14;34
668;16;36
669;14;30
670;14;28
671;-12;26
672;12;26
673;10;18
674;10;2
675;18;8
676;8;34
677;10;36
678;10;32
679;12;28
680;6;26
681;8;26
682;6;20
683;6;4
684;6;4
685;4;32
686;28;36
687;4;24
688;6;10
689;4;-8
690;-10;0
691;2;26
692;0;26
693;-2;20
694;-2;16
695;0;12
696;0;-4
697;-2;-8
698;-2;14
699;-6;28
700;-6;22
701;-16;18
702;-10;16
703;-10;14
704;-10;12
705;-10;4
706;-12;-10
707;-14;0
708;-14;10
709;-14;14
710;-16;10
711;-20;4
712;-20;4
713;-20;2
714;-22;-12
715;-22;-22
716;-20;-10
717;-24;12
718;-24;14
719;-26;8
720;-24;4
721;-26;2
722;-26;2
723;-28;-14
724;-28;-24
725;-32;-6
726;-34;14
727;-32;12
728;-34;6
729;-34;-10
730;-38;-24
731;-28;-34
732;-36;-16
733;-38;2
734;-40;0
735;-38;-6
736;-42;-10
737;-42;-10
738;-42;-12
739;-42;-24
740;-44;-34
741;-46;-16
742;-46;2
743;-48;-2
744;-48;-8
745;-50;-10
746;-52;-10
747;-50;-12
748;-52;-24
749;-52;-34
750;-58;-28
751;-54;-10
752;-56;-12
753;-56;-16
754;-56;-20
755;-56;-20
756;-56;-22
757;-54;-34
758;-58;-44
759;-58;-32
760;-60;-12
761;-62;-10
762;-60;-16
763;-60;-18
764;-60;-20
765;-52;-22
766;-60;-28
767;-60;-42
768;-60;-36
769;-60;-12
770;-62;-8
771;-60;-20
772;-56;-24
773;-62;-38
774;-60;-48
775;-62;-34
776;-52;-16
777;-60;-14
778;-60;-20
779;-62;-24
780;-64;-24
781;-60;-26
782;-60;-30
783;-60;-44
784;-62;-44
785;-60;-18
786;-60;-16
787;-56;-18
788;-60;-24
789;-60;-24
790;-58;-26
791;-72;-32
792;-58;-42
793;-56;-52
794;-56;-40
795;-58;-20
796;-56;-18
797;-56;-22
798;-56;-26
799;-52;-26
800;-52;-34
801;-50;-48
802;-56;-44
803;-50;-18
804;-48;-18
805;-46;-22
806;-42;-26
807;-46;-26
808;-42;-28
809;-42;-36
810;-38;-50
811;-40;-42
812;-40;-20
813;-38;-14
814;-38;-20
815;-38;-24
816;-38;-26
817;-30;-26
818;-34;-36
819;-32;-48
820;-32;-38
821;-30;-18
822;-30;-14
823;-30;-20
824;-30;-24
825;-30;-26
826;-26;-24
827;-26;-28
828;-26;-42
829;-26;-48
830;-24;-30
831;-20;-14
832;-20;-18
833;-20;-18
834;-22;-32
835;-20;-44
836;-20;-30
837;-18;-12
838;-16;-14
839;-16;-20
840;-14;-22
841;-12;-22
842;-14;-24
843;-12;-34
844;-10;-46
845;-10;-36
846;-8;-18
847;-10;-12
848;-8;-16
849;-6;-20
850;-6;-22
851;-12;-22
852;-4;-24
853;-2;-24
854;-2;-24
855;2;-40
856;0;-38
857;2;-16
858;-4;-6
859;2;-10
860;6;-16
861;6;-16
862;8;-18
863;6;-20
864;8;-32
865;6;-42
866;18;-20
867;8;-6
868;10;-10
869;10;-14
870;12;-16
871;14;-18
872;14;-30
873;30;-42
874;14;-26
875;16;-2
876;18;0
877;30;-6
878;20;-10
879;20;-12
880;20;-12
881;12;-24
882;22;-36
883;22;-18
884;22;0
885;24;-2
886;24;-8
887;26;-10
888;10;-12
889;26;-12
890;26;-26
891;28;-36
892;28;-18
893;28;0
894;30;-4
895;30;-6
896;32;-6
897;32;-22
898;32;-24
899;32;-2
900;34;10
901;34;4
902;34;-2
903;34;-2
904;32;-4
905;34;-4
906;32;-18
907;40;-28
908;34;-8
909;34;8
910;34;6
911;36;0
912;36;-2
913;36;-4
914;36;-4
915;36;-6
916;36;-4
917;38;-14
918;40;-22
919;38;-8
920;36;14
921;36;14
922;38;8
923;38;6
924;40;4
925;38;2
926;36;-4
927;38;-18
928;40;-16
929;40;6
930;40;16
931;40;12
932;38;6
933;34;4
934;40;2
935;40;-6
936;40;-22
937;38;-10
938;42;20
939;40;22
940;40;18
941;42;14
942;40;12
943;40;10
944;40;2
945;40;-12
946;38;-2
947;40;22
948;46;22
949;38;16
950;40;14
951;38;10
952;40;6
953;38;-10
954;38;-10
955;38;14
956;38;22
957;38;20
958;36;26
959;38;12
960;36;-4
961;36;16
962;36;34
963;38;28
964;38;26
965;34;24
966;36;22
967;30;14
968;36;-2
969;36;2
970;34;26
971;36;34
972;34;28
973;34;24
974;24;22
975;34;20
976;34;2
977;34;-4
978;32;26
979;36;42
980;32;36
981;34;32
982;36;30
983;34;28
984;34;14
985;32;4
986;34;22
987;34;40
988;32;40
989;28;34
990;32;30
991;30;30
992;32;26
993;36;10
994;32;6
995;30;34
996;32;40
997;34;36
998;30;30
999;32;32
1000;30;30
1001;32;16
1002;32;18
1003;32;40
1004;54;48
1005;32;44
1006;34;40
1007;32;38
1008;22;36
1009;34;34
1010;34;22
1011;34;10
1012;32;28
1013;36;48
1014;34;46
1015;36;40
1016;34;38
1017;34;36
1018;34;36
1019;24;34
1020;34;34
1021;34;30
1022;34;22
1023;38;30
1024;34;52
1025;34;54
1026;34;50
1027;36;46
1028;34;44
1029;36;42
1030;34;28
1031;32;18
1032;34;40
1033;34;56
1034;34;52
1035;34;46
1036;32;44
1037;34;42
1038;34;38
1039;34;22
1040;34;20
1041;32;46
1042;34;54
1043;32;52
1044;34;46
1045;32;42
1046;32;42
1047;32;40
1048;34;24
1049;40;18
1050;34;38
1051;32;54
1052;34;52
1053;34;46
1054;32;44
1055;34;42
1056;30;38
1057;30;22
1058;30;22
1059;30;44
1060;30;54
1061;30;50
1062;30;44
1063;28;34
1064;24;18
1065;32;26
1066;30;50
1067;30;50
1068;20;44
1069;28;40
1070;28;40
1071;28;38
1072;28;26
1073;28;14
1074;26;26
1075;16;48
1076;26;50
1077;26;44
1078;26;40
1079;18;40
1080;26;40
1081;24;38
1082;26;28
1083;30;12
1084;24;22
1085;24;48
1086;26;46
1087;24;40
1088;22;36
1089;24;34
1090;28;32
1091;20;16
1092;22;12
1093;22;34
1094;20;46
1095;20;44
1096;20;38
1097;20;36
1098;12;36
1099;18;34
1100;18;34
1101;18;20
1102;18;8
1103;16;32
1104;16;38
1105;8;34
1106;14;28
1107;14;26
1108;14;24
1109;0;6
1110;12;2
1111;12;22
1112;10;38
1113;8;32
1114;10;28
1115;8;28
1116;10;24
1117;10;24
1118;8;24
1119;4;10
1120;-6;0
1121;6;24
1122;6;38
1123;6;32
1124;8;28
1125;4;14
1126;4;-4
1127;2;-10
1128;2;12
1129;2;26
1130;0;22
1131;0;20
1132;0;16
1133;0;12
1134;-2;14
1135;-8;4
1136;-2;-12
1137;-4;2
1138;-6;26
1139;-6;24
1140;-8;18
1141;-6;16
1142;-8;14
1143;-10;10
1144;-10;-6
1145;-12;-10
1146;-12;-4
1147;-14;12
1148;-14;10
1149;-16;4
1150;-10;2
1151;-18;0
1152;-18;0
1153;-20;-8
1154;-20;-22
1155;-20;-14
1156;-22;12
1157;-24;12
1158;-24;6
1159;-26;4
1160;-26;0
1161;-30;-2
1162;-30;-20
1163;-30;-22
1164;-30;0
1165;-34;12
1166;-34;4
1167;-32;-6
1168;-34;-12
1169;-44;-30
1170;-38;-32
1171;-36;-12
1172;-40;0
1173;-38;-2
1174;-40;-8
1175;-40;-10
1176;-50;-12
1177;-42;-12
1178;-44;-18
1179;-44;-32
1180;-48;-28
1181;-44;-2
1182;-48;0
1183;-48;-6
1184;-42;-10
1185;-50;-12
1186;-52;-12
1187;-50;-20
1188;-50;-36
1189;-52;-44
1190;-54;-28
1191;-54;-10
1192;-56;-10
1193;-56;-14
1194;-58;-18
1195;-44;-20
1196;-58;-20
1197;-58;-34
1198;-60;-44
1199;-62;-28
1200;-60;-10
1201;-58;-10
1202;-60;-16
1203;-60;-20
1204;-58;-20
1205;-60;-20
1206;-56;-22
1207;-60;-36
1208;-60;-44
1209;-58;-28
1210;-64;-10
1211;-58;-12
1212;-58;-18
1213;-60;-20
1214;-60;-22
1215;-60;-22
1216;-60;-26
1217;-60;-40
1218;-58;-44
1219;-62;-26
1220;-60;-10
1221;-56;-12
1222;-62;-18
1223;-62;-20
1224;-62;-22
1225;-58;-22
1226;-62;-22
1227;-62;-34
1228;-60;-44
1229;-56;-38
1230;-60;-16
1231;-58;-14
1232;-58;-20
1233;-58;-24
1234;-54;-24
1235;-56;-26
1236;-50;-30
1237;-54;-44
1238;-52;-44
1239;-52;-16
1240;-50;-14
1241;-48;-20
1242;-50;-22
1243;-48;-22
1244;-48;-24
1245;-44;-38
1246;-44;-46
1247;-42;-26
1248;-42;-14
1249;-40;-16
1250;-38;-22
1251;-36;-36
1252;-36;-48
1253;-36;-30
1254;-34;-14
1255;-32;-18
1256;-32;-24
1257;-32;-24
1258;-30;-26
1259;-30;-32
1260;-28;-46
1261;-28;-44
1262;-26;-22
1263;-26;-14
1264;-24;-18
1265;-24;-22
1266;-26;-24
1267;-22;-26
1268;-20;-38
1269;-18;-50
1270;-26;-34
1271;-18;-12
1272;-16;-12
1273;-14;-18
1274;-12;-20
1275;-14;-22
1276;-14;-22
1277;-8;-28
1278;-12;-42
1279;-10;-40
1280;-10;-14
1281;-8;-12
1282;-8;-16
1283;-8;-20
1284;-6;-22
1285;4;-22
1286;-6;-38
1287;-4;-44
1288;-4;-24
1289;-2;-10
1290;-2;-14
1291;-2;-16
1292;8;-22
1293;0;-38
1294;2;-34
1295;2;-12
1296;8;-6
1297;4;-10
1298;4;-14
1299;6;-18
1300;0;-16
1301;4;-20
1302;6;-34
1303;8;-40
1304;8;-22
1305;8;-6
1306;8;-8
1307;6;-12
1308;10;-16
1309;10;-16
1310;10;-20
1311;0;-20
1312;10;-16
1313;12;-32
1314;12;-38
1315;10;-10
1316;14;-2
1317;16;-6
1318;16;-12
1319;16;-12
1320;16;-14
1321;18;-28
1322;16;-36
1323;18;-14
1324;20;-2
1325;20;-6
1326;22;-10
1327;20;-12
1328;22;-16
1329;22;-30
1330;26;-36
1331;26;-18
1332;26;-8
1333;26;2
1334;26;-2
1335;28;-6
1336;28;-8
1337;30;-8
1338;30;-16
1339;30;-30
1340;32;-24
1341;32;2
1342;34;2
1343;30;-4
1344;32;-6
1345;30;-8
1346;34;-8
1347;32;-20
1348;34;-32
1349;34;-18
1350;34;2
1351;34;2
1352;30;-4
1353;38;-4
1354;36;-4
1355;36;-20
1356;34;-24
1357;34;4
1358;36;10
1359;36;6
1360;38;0
1361;38;-2
1362;36;-8
1363;38;-22
1364;36;-24
1365;38;6
1366;38;8
1367;38;4
1368;40;0
1369;38;-2
1370;38;-2
1371;40;-10
1372;38;-24
1373;38;-24
1374;38;4
1375;40;22
1376;40;18
1377;40;12
1378;40;10
1379;40;10
1380;40;2
1381;38;-14
1382;38;-10
1383;40;18
1384;38;20
1385;38;16
1386;34;10
1387;40;10
1388;38;0
1389;38;-14
1390;38;-8
1391;38;14
1392;38;20
1393;26;16
1394;38;10
1395;38;12
1396;38;8
1397;30;-6
1398;38;2
1399;36;26
1400;38;30
1401;34;24
1402;36;20
1403;36;20
1404;36;18
1405;40;16
1406;38;-2
1407;38;-6
1408;26;16
1409;36;30
1410;38;26
1411;38;22
1412;50;20
1413;38;18
1414;38;18
1415;36;8
1416;36;-6
1417;36;14
1418;36;38
1419;34;40
1420;34;38
1421;36;34
1422;34;32
1423;54;32
1424;34;28
1425;34;14
1426;34;6
1427;22;32
1428;34;42
1429;34;36
1430;32;32
1431;28;32
1432;32;30
1433;30;26
1434;32;14
1435;32;4
1436;32;22
1437;30;50
1438;16;50
1439;30;42
1440;32;40
1441;32;38
1442;38;30
1443;30;16
1444;32;18
1445;30;42
1446;36;50
1447;32;46
1448;32;40
1449;32;38
1450;32;38
1451;34;38
1452;34;28
1453;38;14
1454;32;22
1455;36;44
1456;34;50
1457;36;44
1458;34;46
1459;34;30
1460;34;18
1461;34;34
1462;34;54
1463;34;52
1464;36;46
1465;34;44
1466;34;42
1467;34;42
1468;42;38
1469;34;22
1470;34;22
1471;34;50
1472;36;54
1473;34;48
1474;34;44
1475;34;42
1476;34;40
1477;34;24
1478;34;20
1479;34;42
1480;32;58
1481;34;52
1482;34;48
1483;32;46
1484;34;44
1485;34;40
1486;32;24
1487;30;22
1488;34;48
1489;34;56
1490;32;50
1491;36;46
1492;34;46
1493;34;44
1494;24;36
1495;30;20
1496;34;28
1497;32;54
1498;32;54
1499;32;50
1500;30;40
1501;32;24
1502;36;20
1503;28;48
1504;28;54
1505;30;48
1506;28;44
1507;26;42
1508;26;38
1509;30;20
1510;26;20
1511;26;42
1512;26;54
1513;40;50
1514;26;44
1515;24;42
1516;26;40
1517;20;40
1518;24;32
1519;24;16
1520;22;30
1521;22;46
1522;22;44
1523;22;38
1524;26;36
1525;22;34
1526;22;26
1527;22;10
1528;16;16
1529;22;40
1530;20;46
1531;20;40
1532;18;36
1533;22;36
1534;18;34
1535;18;32
1536;20;16
1537;18;8
1538;18;30
1539;12;44
1540;16;40
1541;16;40
1542;18;18
1543;20;2
1544;18;8
1545;16;34
1546;14;34
1547;20;28
1548;14;26
1549;14;24
1550;12;18
1551;12;2
1552;12;4
1553;12;34
1554;14;36
1555;10;30
1556;8;26
1557;8;24
1558;6;20
1559;6;4
1560;6;-2
1561;6;18
1562;4;36
1563;4;22
1564;4;16
1565;4;12
1566;2;12
1567;2;10
1568;2;0
1569;-2;-14
1570;0;-2
1571;0;20
1572;-2;22
1573;-4;16
1574;-2;14
1575;-4;12
1576;-4;10
1577;-4;6
1578;-6;-10
1579;-6;-12
1580;-8;18
1581;-10;22
1582;-10;18
1583;-10;4
1584;-12;-12
1585;-14;-24
1586;-12;-12
1587;-14;10
1588;-22;12
1589;-16;6
1590;-18;2
1591;-18;2
1592;-18;0
1593;-22;-12
1594;-22;-24
1595;-20;-14
1596;-24;8
1597;-24;10
1598;-26;6
1599;-28;4
1600;-26;0
1601;-28;-4
1602;-28;-20
1603;-22;-18
1604;-30;0
1605;-32;2
1606;-30;-4
1607;-32;-8
1608;-34;-8
1609;-34;-10
1610;-16;-24
1611;-36;-34
1612;-36;-20
1613;-38;2
1614;-48;2
1615;-40;-4
1616;-40;-6
1617;-42;-8
1618;-46;-20
1619;-44;-34
1620;-44;-24
1621;-46;-2
1622;-44;2
1623;-48;-4
1624;-50;-4
1625;-70;-20
1626;-52;-36
1627;-50;-36
1628;-52;-10
1629;-58;-4
1630;-54;-10
1631;-52;-12
1632;-54;-14
1633;-54;-16
1634;-56;-22
1635;-58;-36
1636;-58;-36
1637;-58;-14
1638;-58;-4
1639;-58;-8
1640;-52;-12
1641;-60;-14
1642;-58;-16
1643;-60;-16
1644;-64;-30
1645;-60;-38
1646;-60;-30
1647;-60;-10
1648;-58;-12
1649;-62;-16
1650;-60;-18
1651;-58;-20
1652;-60;-20
1653;-60;-22
1654;-58;-34
1655;-54;-44
1656;-58;-28
1657;-58;-10
1658;-58;-10
1659;-60;-16
1660;-58;-18
1661;-58;-20
1662;-60;-20
1663;-58;-34
1664;-56;-44
1665;-56;-22
1666;-56;-6
1667;-56;-16
1668;-54;-24
1669;-56;-24
1670;-58;-26
1671;-54;-40
1672;-54;-48
1673;-54;-26
1674;-52;-12
1675;-54;-18
1676;-52;-22
1677;-50;-24
1678;-48;-26
1679;-50;-40
1680;-48;-48
1681;-48;-28
1682;-48;-12
1683;-48;-16
1684;-44;-18
1685;-40;-22
1686;-44;-24
1687;-42;-26
1688;-42;-40
1689;-42;-48
1690;-42;-34
1691;-40;-16
1692;-40;-16
1693;-38;-20
1694;-36;-24
1695;-36;-24
1696;-36;-26
1697;-34;-36
1698;-34;-48
1699;-32;-34
1700;-32;-14
1701;-30;-16
1702;-32;-22
1703;-30;-24
1704;-30;-26
1705;-28;-28
1706;-28;-42
1707;-28;-48
1708;-26;-26
1709;-26;-14
1710;-26;-16
1711;-10;-20
1712;-26;-22
1713;-24;-26
1714;-22;-26
1715;-18;-34
1716;-20;-46
1717;-20;-38
1718;-18;-16
1719;-22;-14
1720;-18;-18
1721;-16;-22
1722;-16;-24
1723;-12;-24
1724;-14;-24
1725;-14;-38
1726;-32;-48
1727;-10;-26
1728;-10;-12
1729;-8;-10
1730;6;-16
1731;-6;-24
1732;-4;-38
1733;-4;-40
1734;-2;-18
1735;-4;-8
1736;-2;-10
1737;-2;-16
1738;0;-20
1739;0;-20
1740;2;-20
1741;26;-34
1742;4;-44
1743;4;-30
1744;6;-10
1745;-6;-8
1746;6;-14
1747;8;-18
1748;8;-20
1749;6;-18
1750;10;-22
1751;10;-36
1752;12;-34
1753;14;-10
1754;14;-4
1755;16;-8
1756;2;-12
1757;16;-16
1758;16;-16
1759;16;-16
1760;24;-20
1761;18;-36
1762;18;-36
1763;22;-14
1764;22;-4
1765;22;-8
1766;22;-12
1767;22;-14
1768;24;-14
1769;24;-16
1770;26;-16
1771;28;-22
1772;28;-34
1773;28;-26
1774;28;-2
1775;32;0
1776;30;-4
1777;30;-8
1778;28;-10
1779;30;-12
1780;32;-14
1781;34;-30
1782;32;-30
1783;34;-4
1784;34;-2
1785;34;-6
1786;36;-8
1787;36;-10
1788;34;-12
1789;36;-14
1790;34;-28
1791;36;-34
1792;36;-8
1793;36;8
1794;38;6
1795;38;2
1796;36;0
1797;36;-2
1798;36;-4
1799;38;-16
1800;40;-28
1801;36;-6
1802;38;10
1803;38;6
1804;40;0
1805;32;-2
1806;40;-4
1807;40;-14
1808;40;-26
1809;42;-16
1810;40;6
1811;42;8
1812;40;18
1813;40;12
1814;42;6
1815;40;-10
1816;40;-12
1817;44;10
1818;42;22
1819;42;18
1820;48;14
1821;40;12
1822;40;10
1823;40;10
1824;42;8
1825;38;-6
1826;40;-16
1827;40;8
1828;40;22
1829;38;18
1830;38;14
1831;50;10
1832;38;12
1833;38;20
1834;38;4
1835;32;-4
1836;38;16
1837;36;34
1838;38;32
1839;38;26
1840;36;26
1841;36;24
1842;34;22
1843;36;18
1844;34;2
1845;36;0
1846;34;24
1847;38;34
1848;34;30
1849;34;26
1850;36;24
1851;36;22
1852;36;22
1853;36;22
1854;36;26
1855;36;12
1856;36;10
1857;38;34
1858;34;46
1859;36;40
1860;34;36
1861;40;34
1862;32;32
1863;34;32
1864;34;26
1865;36;10
1866;34;14
1867;34;40
1868;32;44
1869;34;38
1870;32;34
1871;32;32
1872;36;30
1873;32;14
1874;32;10
1875;32;40
1876;34;52
1877;32;48
1878;32;44
1879;32;42
1880;32;40
1881;32;38
1882;32;20
1883;32;18
1884;32;48
1885;34;52
1886;32;46
1887;40;42
1888;34;40
1889;34;40
1890;34;28
1891;34;16
1892;34;32
1893;34;52
1894;34;48
1895;36;46
1896;36;40
1897;34;24
1898;34;24
1899;34;46
1900;34;56
1901;34;54
1902;28;48
1903;34;42
1904;34;44
1905;34;32
1906;26;18
1907;32;32
1908;34;56
1909;34;56
1910;34;50
1911;32;46
1912;32;44
1913;32;42
1914;32;30
1915;32;18
1916;34;38
1917;28;54
1918;32;54
1919;32;48
1920;32;44
1921;38;42
1922;32;40
1923;32;24
1924;32;20
1925;34;48
1926;32;54
1927;32;50
1928;34;46
1929;32;44
1930;32;38
1931;32;22
1932;44;22
1933;32;44
1934;32;56
1935;32;52
1936;28;44
1937;32;42
1938;32;26
1939;32;16
1940;30;28
1941;32;48
1942;30;50
1943;30;44
1944;30;40
1945;30;40
1946;28;38
1947;22;28
1948;28;16
1949;28;28
1950;26;50
1951;26;48
1952;26;44
1953;26;40
1954;26;40
1955;26;38
1956;26;34
1957;26;18
1958;30;10
1959;24;34
1960;26;44
1961;24;42
1962;14;38
1963;22;34
1964;22;34
1965;22;28
1966;22;12
1967;22;12
1968;22;36
1969;20;46
1970;20;40
1971;20;36
1972;20;34
1973;22;34
1974;18;32
1975;16;22
1976;18;8
1977;18;20
1978;16;42
1979;18;36
1980;16;30
1981;16;26
1982;16;24
1983;16;24
1984;16;10
1985;14;0
1986;14;12
1987;14;34
1988;8;34
1989;12;30
1990;10;26
1991;12;26
1992;10;22
1993;10;4
1994;8;2
1995;8;30
1996;12;36
1997;8;30
1998;6;26
1999;6;26
2000;6;4
2001;6;-10
2002;6;-6
2003;6;14
2004;4;16
2005;4;10
2006;4;10
2007;-2;16
2008;4;22
2009;4;18
2010;2;16
2011;0;14
2012;0;14
2013;0;12
2014;0;12
2015;-2;12
2016;-4;4
2017;-4;-12
2018;-4;0
2019;-6;22
2020;-8;24
2021;-8;8
2022;-10;4
2023;-10;-8
2024;-10;-20
2025;-12;-6
2026;-12;14
2027;-16;12
2028;-16;8
2029;-16;4
2030;-20;2
2031;-20;0
2032;-20;-16
2033;-28;-22
2034;-24;6
2035;-24;16
2036;-24;10
2037;-30;6
2038;-26;4
2039;-28;2
2040;-28;-6
2041;-28;-18
2042;-28;-26
2043;-30;-4
2044;-56;6
2045;-32;2
2046;-34;-4
2047;-36;-6
2048;-28;-6
2049;-36;-8
2050;-38;-24
2051;-38;-30
2052;-36;-6
2053;-40;6
2054;-40;2
2055;-40;-4
2056;-42;-6
2057;-44;-6
2058;-44;-14
2059;-46;-28
2060;-44;-24
2061;-48;2
2062;-46;-2
2063;-54;-10
2064;-48;-12
2065;-48;-14
2066;-48;-18
2067;-48;-32
2068;-50;-36
2069;-50;-14
2070;-52;-2
2071;-54;-4
2072;-52;-10
2073;-54;-12
2074;-52;-14
2075;-54;-16
2076;-56;-30
2077;-56;-38
2078;-56;-16
2079;-56;0
2080;-56;-8
2081;-56;-10
2082;-58;-14
2083;-56;-18
2084;-58;-34
2085;-56;-42
2086;-58;-24
2087;-58;-8
2088;-58;-8
2089;-62;-14
2090;-58;-18
2091;-56;-18
2092;-58;-18
2093;-58;-28
2094;-56;-40
2095;-56;-34
2096;-58;-12
2097;-56;-8
2098;-56;-12
2099;-56;-16
2100;-58;-18
2101;-58;-18
2102;-58;-18
2103;-56;-26
2104;-52;-44
2105;-58;-36
2106;-56;-12
2107;-56;-12
2108;-56;-18
2109;-56;-22
2110;-56;-22
2111;-54;-22
2112;-54;-26
2113;-52;-40
2114;-54;-46
2115;-52;-24
2116;-52;-10
2117;-52;-12
2118;-50;-18
2119;-48;-20
2120;-48;-22
2121;-48;-22
2122;-48;-26
2123;-42;-42
2124;-46;-42
2125;-46;-24
2126;-46;-16
2127;-44;-20
2128;-44;-22
2129;-42;-26
2130;-24;-26
2131;-42;-26
2132;-40;-38
2133;-38;-50
2134;-44;-36
2135;-38;-16
2136;-36;-18
2137;-36;-20
2138;-34;-26
2139;-34;-26
2140;-32;-34
2141;-32;-46
2142;-32;-44
2143;-30;-22
2144;-30;-14
2145;-36;-18
2146;-28;-24
2147;-28;-26
2148;-26;-42
2149;-14;-50
2150;-26;-32
2151;-26;-16
2152;-24;-16
2153;-22;-22
2154;-22;-24
2155;-22;-26
2156;-20;-26
2157;-20;-36
2158;-20;-48
2159;-20;-38
2160;2;-16
2161;-18;-18
2162;-18;-22
2163;-16;-24
2164;-26;-26
2165;-12;-28
2166;-12;-26
2167;-12;-38
2168;-14;-46
2169;-10;-36
2170;-6;-14
2171;-8;-12
2172;-6;-18
2173;-6;-22
2174;-6;-22
2175;-20;-24
2176;-2;-32
2177;-2;-46
2178;0;-38
2179;4;-16
2180;0;-12
2181;2;-16
2182;2;-20
2183;6;-22
2184;4;-24
2185;6;-24
2186;6;-38
2187;6;-46
2188;8;-28
2189;8;-10
2190;12;-10
2191;10;-14
2192;12;-18
2193;12;-20
2194;12;-20
2195;12;-32
2196;12;-44
2197;14;-28
2198;14;-10
2199;16;-8
2200;16;-14
2201;22;-18
2202;20;-20
2203;20;-20
2204;24;-20
2205;28;-32
2206;24;-42
2207;24;-30
2208;26;-2
2209;26;-2
2210;28;-6
2211;28;-10
2212;28;-12
2213;32;-14
2214;30;-22
2215;32;-36
2216;32;-20
2217;30;-2
2218;32;-4
2219;32;-8
2220;32;-10
2221;34;-12
2222;34;-16
2223;34;-32
2224;28;-34
2225;36;-14
2226;34;0
2227;34;-4
2228;38;-8
2229;36;0
2230;36;-16
2231;42;-26
2232;36;-4
2233;38;10
2234;38;8
2235;36;2
2236;38;-2
2237;38;-2
2238;38;-12
2239;48;-26
2240;38;-16
2241;38;6
2242;38;10
2243;38;4
2244;38;0
2245;40;0
2246;48;-2
2247;40;-8
2248;40;-22
2249;40;-20
2250;34;14
2251;38;22
2252;40;18
2253;42;14
2254;34;12
2255;40;10
2256;42;4
2257;42;-10
2258;42;-10
2259;42;18
2260;40;22
2261;26;16
2262;40;12
2263;40;12
2264;40;8
2265;34;-4
2266;40;-16
2267;40;4
2268;40;22
2269;40;20
2270;40;16
2271;40;22
2272;40;4
2273;40;0
2274;40;28
2275;38;34
2276;36;28
2277;38;24
2278;38;24
2279;40;22
2280;42;14
2281;38;-2
2282;38;8
2283;38;34
2284;42;34
2285;38;26
2286;38;24
2287;36;24
2288;38;20
2289;38;2
2290;38;-2
2291;38;22
2292;36;46
2293;38;42
2294;36;36
2295;34;36
2296;36;34
2297;36;26
2298;36;10
2299;32;16
2300;34;42
2301;32;44
2302;34;40
2303;34;36
2304;34;32
2305;32;20
2306;30;8
2307;32;30
2308;32;46
2309;30;42
2310;30;38
2311;32;34
2312;32;40
2313;30;26
2314;32;18
2315;30;30
2316;30;50
2317;30;52
2318;30;46
2319;30;42
2320;32;42
2321;28;40
2322;30;26
2323;32;16
2324;30;28
2325;28;50
2326;32;52
2327;32;46
2328;32;42
2329;34;40
2330;32;40
2331;32;34
2332;34;18
2333;32;24
2334;32;46
2335;34;52
2336;36;48
2337;34;44
2338;34;42
2339;34;40
2340;40;40
2341;32;24
2342;34;16
2343;34;42
2344;34;54
2345;32;50
2346;34;44
2347;44;42
2348;34;40
2349;34;40
2350;32;32
2351;30;18
2352;34;22
2353;34;44
2354;34;54
2355;24;48
2356;34;44
2357;32;42
2358;34;40
2359;32;36
2360;32;20
2361;34;18
2362;10;42
2363;32;52
2364;34;50
2365;34;44
2366;46;42
2367;32;40
2368;32;40
2369;34;32
2370;34;16
2371;32;22
2372;32;46
2373;32;50
2374;32;48
2375;30;40
2376;32;38
2377;40;26
2378;32;14
2379;32;22
2380;30;44
2381;22;48
2382;32;42
2383;28;38
2384;30;38
2385;32;36
2386;30;32
2387;28;16
2388;28;16
2389;26;44
2390;28;50
2391;26;42
2392;28;40
2393;28;38
2394;26;36
2395;26;36
2396;24;20
2397;24;8
2398;26;18
2399;24;38
2400;22;42
2401;24;38
2402;24;34
2403;24;32
2404;24;32
2405;26;26
2406;24;10
2407;20;10
2408;24;34
2409;22;42
2410;22;40
2411;24;34
2412;20;32
2413;22;32
2414;20;30
2415;22;30
2416;20;30
2417;18;14
2418;20;2
2419;18;16
2420;18;36
2421;18;36
2422;26;32
2423;16;30
2424;16;28
2425;16;26
2426;16;26
2427;16;16
2428;12;2
2429;12;14
2430;14;38
2431;10;36
2432;10;32
2433;8;28
2434;8;28
2435;10;26
2436;8;14
2437;10;-6
2438;6;4
2439;6;26
2440;6;30
2441;6;24
2442;4;20
2443;4;20
2444;2;18
2445;2;18
2446;2;10
2447;0;-6
2448;14;2
2449;0;24
2450;-2;30
2451;0;26
2452;-10;22
2453;-4;20
2454;-4;18
2455;-2;8
2456;-8;-6
2457;-4;2
2458;-6;18
2459;-8;18
2460;-6;12
2461;-8;10
2462;-10;8
2463;-34;6
2464;-12;-4
2465;-14;-18
2466;-14;-6
2467;-4;18
2468;-16;16
2469;-16;12
2470;-16;10
2471;-14;8
2472;-20;6
2473;-20;-2
2474;-20;-18
2475;-22;-10
2476;-24;14
2477;-24;18
2478;-10;14
2479;-26;-2
2480;-26;-18
2481;-28;-28
2482;-40;-4
2483;-28;8
2484;-30;4
2485;-30;-2
2486;-30;-4
2487;-32;-4
2488;-32;-18
2489;-34;-28
2490;-34;-16
2491;-36;4
2492;-38;6
2493;-36;0
2494;-38;-2
2495;-40;-4
2496;-40;-12
2497;-38;-26
2498;-42;-22
2499;-42;2
2500;-46;-2
2501;-46;-6
2502;-44;-12
2503;-48;-14
2504;-48;-14
2505;-50;-16
2506;-50;-30
2507;-50;-38
2508;-56;-20
2509;-52;-2
2510;-52;-6
2511;-54;-10
2512;-56;-12
2513;-56;-14
2514;-54;-20
2515;-56;-36
2516;-56;-32
2517;-58;-10
2518;-58;-2
2519;-58;-8
2520;-58;-8
2521;-60;-24
2522;-60;-40
2523;-58;-42
2524;-60;-18
2525;-60;-10
2526;-60;-12
2527;-58;-18
2528;-60;-20
2529;-60;-20
2530;-60;-24
2531;-60;-38
2532;-60;-42
2533;-60;-22
2534;-60;-10
2535;-60;-12
2536;-58;-16
2537;-60;-18
2538;-62;-20
2539;-60;-22
2540;-58;-26
2541;-58;-38
2542;-68;-46
2543;-58;-24
2544;-56;-14
2545;-58;-16
2546;-56;-22
2547;-56;-24
2548;-58;-26
2549;-60;-26
2550;-56;-44
2551;-56;-46
2552;-56;-26
2553;-56;-12
2554;-54;-16
2555;-52;-20
2556;-54;-24
2557;-44;-24
2558;-52;-26
2559;-54;-42
2560;-52;-46
2561;-48;-22
2562;-50;-16
2563;-48;-22
2564;-40;-24
2565;-48;-26
2566;-46;-30
2567;-46;-44
2568;-42;-48
2569;-44;-28
2570;-42;-16
2571;-42;-20
2572;-48;-24
2573;-40;-26
2574;-40;-26
2575;-38;-36
2576;-36;-48
2577;-38;-42
2578;-36;-22
2579;-30;-16
2580;-34;-22
2581;-32;-24
2582;-32;-26
2583;-26;-28
2584;-32;-44
2585;-32;-52
2586;-28;-32
2587;-26;-16
2588;-28;-20
2589;-26;-24
2590;-26;-26
2591;-26;-28
2592;-24;-36
2593;-24;-50
2594;-20;-40
2595;-20;-18
2596;-20;-18
2597;-20;-24
2598;-24;-26
2599;-16;-28
2600;-18;-28
2601;-16;-38
2602;-14;-50
2603;-14;-42
2604;-12;-16
2605;-12;-14
2606;-12;-18
2607;-10;-20
2608;-8;-26
2609;-4;-38
2610;-6;-46
2611;-6;-28
2612;-4;-12
2613;-4;-14
2614;-2;-20
2615;0;-22
2616;0;-24
2617;-2;-36
2618;2;-48
2619;2;-34
2620;2;-14
2621;6;-14
2622;4;-18
2623;6;-22
2624;0;-22
2625;6;-22
2626;8;-36
2627;8;-38
2628;8;-12
2629;12;-6
2630;12;-12
2631;10;-16
2632;14;-16
2633;12;-18
2634;12;-32
2635;14;-42
2636;14;-20
2637;16;-4
2638;16;-10
2639;16;-14
2640;20;-16
2641;18;-18
2642;20;-18
2643;20;-34
2644;22;-42
2645;22;-18
2646;22;2
2647;24;0
2648;26;-6
2649;26;-10
2650;26;-10
2651;28;-14
2652;28;-30
2653;28;-32
2654;30;-6
2655;30;2
2656;30;-4
2657;32;-8
2658;32;-10
2659;32;-10
2660;34;-16
2661;34;-32
2662;34;-30
2663;34;-8
2664;34;2
2665;58;-4
2666;36;-4
2667;36;-6
2668;36;-22
2669;30;-18
2670;38;10
2671;38;10
2672;36;4
2673;36;0
2674;40;-2
2675;38;-10
2676;38;-24
2677;40;-20
2678;40;4
2679;38;12
2680;18;6
2681;40;2
2682;40;0
2683;40;0
2684;54;-6
2685;42;-22
2686;42;-22
2687;40;14
2688;44;24
2689;40;18
2690;40;12
2691;42;10
2692;40;8
2693;42;-8
2694;42;-14
2695;56;4
2696;42;22
2697;42;20
2698;42;14
2699;32;12
2700;40;10
2701;40;8
2702;42;6
2703;38;-8
2704;40;-14
2705;40;12
2706;40;22
2707;38;18
2708;38;22
2709;38;8
2710;26;-4
2711;38;8
2712;38;28
2713;38;30
2714;42;26
2715;38;22
2716;36;20
2717;36;20
2718;40;18
2719;36;4
2720;34;-6
2721;36;12
2722;38;30
2723;36;30
2724;36;24
2725;32;20
2726;38;20
2727;36;20
2728;36;20
2729;36;24
2730;36;6
2731;36;6
2732;34;30
2733;38;40
2734;36;36
2735;36;32
2736;34;28
2737;34;28
2738;36;28
2739;34;26
2740;42;10
2741;34;4
2742;34;34
2743;32;40
2744;34;34
2745;32;32
2746;34;30
2747;34;28
2748;34;20
2749;32;6
2750;32;16
2751;30;40
2752;30;46
2753;32;42
2754;30;38
2755;26;36
2756;32;34
2757;30;34
2758;30;28
2759;24;12
2760;30;18
2761;32;44
2762;32;46
2763;32;40
2764;32;36
2765;30;36
2766;34;28
2767;32;14
2768;30;14
2769;34;36
2770;36;48
2771;34;46
2772;34;42
2773;32;38
2774;40;38
2775;32;34
2776;32;18
2777;32;16
2778;32;44
2779;34;50
2780;34;44
2781;40;42
2782;32;38
2783;32;36
2784;32;38
2785;36;24
2786;34;12
2787;32;26
2788;34;48
2789;26;48
2790;32;42
2791;34;40
2792;34;32
2793;34;18
2794;34;20
2795;32;48
2796;18;50
2797;34;44
2798;32;40
2799;32;40
2800;34;40
2801;34;26
2802;32;14
2803;34;28
2804;32;50
2805;34;50
2806;34;44
2807;32;40
2808;34;38
2809;34;30
2810;34;16
2811;26;20
2812;34;46
2813;34;52
2814;34;46
2815;30;40
2816;34;40
2817;32;40
2818;32;38
2819;34;24
2820;34;14
2821;34;38
2822;32;52
2823;30;48
2824;30;42
2825;30;42
2826;32;40
2827;28;32
2828;30;18
2829;28;20
2830;26;44
2831;28;50
2832;26;46
2833;26;40
2834;24;24
2835;26;12
2836;26;26
2837;24;46
2838;24;46
2839;24;40
2840;24;36
2841;22;36
2842;24;30
2843;22;12
2844;20;14
2845;20;38
2846;22;46
2847;20;42
2848;22;40
2849;24;36
2850;20;34
2851;20;32
2852;20;20
2853;18;10
2854;20;20
2855;20;38
2856;18;38
2857;20;34
2858;18;32
2859;16;28
2860;12;28
2861;18;16
2862;18;4
2863;18;20
2864;16;40
2865;16;38
2866;14;34
2867;16;30
2868;14;28
2869;14;18
2870;12;4
2871;16;14
2872;10;38
2873;12;38
2874;10;36
2875;18;22
2876;8;6
2877;10;-4
2878;8;20
2879;8;32
2880;8;26
2881;6;22
2882;26;22
2883;6;18
2884;6;14
2885;4;-2
2886;-4;-2
2887;4;28
2888;0;30
2889;0;24
2890;-4;22
2891;0;20
2892;0;14
2893;0;-2
2894;0;-4
2895;-2;22
2896;-4;22
2897;-26;18
2898;-6;12
2899;-4;10
2900;-8;10
2901;2;6
2902;-10;-10
2903;-10;-14
2904;-12;14
2905;-8;22
2906;-14;16
2907;-16;12
2908;-16;10
2909;-18;8
2910;-18;-8
2911;-20;-16
2912;-2;4
2913;-22;20
2914;-22;20
2915;-22;12
2916;-36;12
2917;-26;-14
2918;-26;-28
2919;-30;-18
2920;-30;4
2921;-30;8
2922;-30;4
2923;-30;-2
2924;-30;-4
2925;-32;-4
2926;-32;-18
2927;-30;-28
2928;-34;-14
2929;-36;6
2930;-36;6
2931;-34;2
2932;-40;-2
2933;-40;-4
2934;-40;-6
2935;-42;-6
2936;-42;-20
2937;-42;-38
2938;-44;-26
2939;-44;-6
2940;-46;-4
2941;-46;-8
2942;-48;-14
2943;-48;-14
2944;-50;-16
2945;-50;-28
2946;-50;-38
2947;-52;-18
2948;-54;-2
2949;-54;-8
2950;-54;-10
2951;-54;-14
2952;-56;-14
2953;-56;-22
2954;-56;-36
2955;-58;-34
2956;-56;-12
2957;-52;-4
2958;-58;-14
2959;-58;-20
2960;-60;-24
2961;-60;-38
2962;-60;-46
2963;-60;-26
2964;-60;-12
2965;-60;-14
2966;-60;-20
2967;-62;-22
2968;-60;-22
2969;-62;-22
2970;-60;-34
2971;-60;-46
2972;-62;-34
2973;-60;-14
2974;-60;-14
2975;-60;-16
2976;-66;-20
2977;-60;-22
2978;-60;-22
2979;-60;-32
2980;-60;-46
2981;-60;-48
2982;-60;-28
2983;-64;-16
2984;-60;-18
2985;-58;-24
2986;-58;-26
2987;-52;-26
2988;-58;-34
2989;-56;-48
2990;-56;-44
2991;-46;-22
2992;-56;-16
2993;-54;-20
2994;-54;-24
2995;-54;-26
2996;-54;-26
2997;-52;-28
2998;-30;-28
2999;-52;-28
3000;-50;-38
3001;-48;-50
3002;-56;-44
3003;-46;-20
3004;-46;-18
3005;-44;-22
3006;-50;-26
3007;-42;-26
3008;-42;-32
3009;-42;-48
3010;-40;-48
3011;-40;-26
3012;-38;-16
3013;-60;-20
3014;-38;-24
3015;-36;-26
3016;-36;-28
3017;-24;-28
3018;-34;-34
3019;-34;-46
3020;-32;-46
3021;-28;-24
3022;-28;-14
3023;-28;-18
3024;-26;-22
3025;-26;-24
3026;-26;-24
3027;-26;-40
3028;-6;-48
3029;-26;-26
3030;-24;-12
3031;-24;-16
3032;-30;-20
3033;-22;-24
3034;-20;-24
3035;-20;-28
3036;-16;-42
3037;-18;-48
3038;-16;-26
3039;-16;-12
3040;-16;-16
3041;-14;-18
3042;-16;-26
3043;-10;-40
3044;-12;-36
3045;-12;-16
3046;-12;-8
3047;-8;-14
3048;-10;-18
3049;-8;-20
3050;-6;-22
3051;-6;-20
3052;-4;-22
3053;-4;-32
3054;-2;-44
3055;-2;-26
3056;0;-8
3057;0;-10
3058;-2;-16
3059;4;-18
3060;2;-20
3061;4;-22
3062;6;-16
3063;4;-30
3064;6;-40
3065;6;-26
3066;8;-6
3067;8;-4
3068;10;-12
3069;12;-14
3070;10;-16
3071;14;-16
3072;14;-22
3073;20;-36
3074;14;-30
3075;16;-6
3076;16;-4
3077;18;-10
3078;20;-14
3079;18;-16
3080;20;-16
3081;20;-20
3082;20;-36
3083;22;-28
3084;24;-6
3085;24;4
3086;26;0
3087;24;-6
3088;24;-8
3089;26;-8
3090;26;-10
3091;28;-16
3092;26;-30
3093;30;-26
3094;32;-2
3095;30;4
3096;32;-2
3097;32;-6
3098;34;-8
3099;50;-8
3100;34;-8
3101;34;-20
3102;34;-32
3103;30;-20
3104;34;10
3105;34;10
3106;36;4
3107;38;0
3108;36;-2
3109;36;-2
3110;38;-12
3111;38;-24
3112;36;-12
3113;36;10
3114;36;10
3115;36;4
3116;38;0
3117;38;-2
3118;44;-12
3119;36;-24
3120;38;-14
3121;38;8
3122;32;10
3123;38;6
3124;38;2
3125;40;6
3126;40;-12
3127;40;-18
3128;40;4
3129;62;18
3130;40;16
3131;40;10
3132;40;8
3133;38;6
3134;40;6
3135;40;-8
3136;40;-20
3137;38;-6
3138;40;16
3139;42;16
3140;40;10
3141;42;8
3142;40;6
3143;40;6
3144;40;-10
3145;40;-18
3146;40;10
3147;40;26
3148;40;24
3149;40;18
3150;38;16
3151;38;16
3152;42;10
3153;38;-8
3154;38;-6
3155;38;22
3156;38;26
3157;36;22
3158;38;18
3159;42;16
3160;36;14
3161;36;10
3162;38;-6
3163;36;-6
3164;34;18
3165;34;26
3166;34;26
3167;34;30
3168;36;28
3169;36;14
3170;34;2
3171;36;20
3172;36;38
3173;36;36
3174;30;32
3175;34;28
3176;34;26
3177;34;22
3178;36;6
3179;34;4
3180;32;28
3181;34;38
3182;36;34
3183;34;30
3184;32;28
3185;32;26
3186;30;26
3187;32;32
3188;32;16
3189;34;8
3190;32;26
3191;32;44
3192;30;42
3193;30;38
3194;30;34
3195;30;34
3196;30;32
3197;30;20
3198;32;8
3199;30;28
3200;30;44
3201;32;40
3202;30;36
3203;32;32
3204;34;32
3205;34;26
3206;34;10
3207;32;10
3208;38;44
3209;34;52
3210;34;46
3211;34;42
3212;34;40
3213;34;38
3214;34;38
3215;44;26
3216;34;14
3217;34;30
3218;34;52
3219;28;48
3220;34;42
3221;34;40
3222;34;34
3223;28;18
3224;34;18
3225;32;42
3226;34;50
3227;36;46
3228;34;42
3229;32;42
3230;24;24
3231;32;16
3232;34;36
3233;34;54
3234;44;52
3235;32;46
3236;32;44
3237;34;42
3238;32;38
3239;34;22
3240;34;18
3241;34;40
3242;34;54
3243;32;50
3244;32;44
3245;56;42
3246;30;42
3247;32;40
3248;32;36
3249;20;22
3250;32;18
3251;34;40
3252;32;52
3253;28;50
3254;32;46
3255;32;44
3256;32;42
3257;32;40
3258;34;24
3259;32;18
3260;18;40
3261;30;54
3262;30;50
3263;30;46
3264;34;44
3265;30;42
3266;28;40
3267;30;40
3268;30;26
3269;30;14
3270;28;34
3271;28;52
3272;28;50
3273;30;44
3274;28;42
3275;20;40
3276;26;40
3277;26;28
3278;26;16
3279;26;32
3280;26;52
3281;24;50
3282;26;44
3283;24;40
3284;24;40
3285;24;40
3286;22;32
3287;22;18
3288;22;20
3289;22;44
3290;26;50
3291;22;48
3292;20;36
3293;22;32
3294;20;16
3295;22;8
3296;20;26
3297;20;44
3298;22;42
3299;20;38
3300;18;34
3301;16;34
3302;16;32
3303;16;28
3304;16;10
3305;10;10
3306;14;40
3307;12;42
3308;12;38
3309;4;34
3310;10;34
3311;10;30
3312;10;20
3313;10;4
3314;8;-4
3315;8;10
3316;2;32
3317;4;32
3318;8;26
3319;6;24
3320;4;22
3321;6;20
3322;6;8
3323;4;-4
3324;10;10
3325;2;32
3326;2;30
3327;2;24
3328;2;22
3329;0;20
3330;-2;20
3331;-2;18
3332;-2;4
3333;-2;-18
3334;-4;-4
3335;0;18
3336;-4;16
3337;-6;12
3338;-6;8
3339;-14;8
3340;-8;6
3341;-8;2
3342;-10;-12
3343;-10;-16
3344;-12;6
3345;-12;18
3346;-36;16
3347;-14;10
3348;-16;8
3349;-18;6
3350;-8;0
3351;-20;-16
3352;-22;-14
3353;-22;16
3354;-20;6
3355;-22;0
3356;-24;-4
3357;-26;-6
3358;-28;-12
3359;-26;-26
3360;-30;-24
3361;-22;-2
3362;-30;6
3363;-32;2
3364;-30;-2
3365;-46;-4
3366;-34;-6
3367;-34;-6
3368;-36;-18
3369;-38;-30
3370;-38;-18
3371;-40;4
3372;-40;6
3373;-42;0
3374;-42;-2
3375;-42;-18
3376;-46;-32
3377;-44;-38
3378;-46;-16
3379;-46;-4
3380;-46;-8
3381;-48;-12
3382;-50;-14
3383;-50;-16
3384;-54;-16
3385;-50;-20
3386;-52;-34
3387;-52;-38
3388;-52;-14
3389;-54;-4
3390;-54;-8
3391;-56;-12
3392;-56;-14
3393;-56;-14
3394;-58;-16
3395;-58;-16
3396;-60;-32
3397;-60;-44
3398;-60;-36
3399;-58;-14
3400;-58;-10
3401;-58;-16
3402;-60;-18
3403;-62;-20
3404;-60;-20
3405;-60;-22
3406;-56;-30
3407;-60;-44
3408;-60;-32
3409;-60;-10
3410;-58;-12
3411;-62;-16
3412;-60;-20
3413;-58;-22
3414;-58;-22
3415;-60;-32
3416;-58;-44
3417;-56;-40
3418;-58;-16
3419;-60;-14
3420;-60;-18
3421;-54;-22
3422;-60;-24
3423;-58;-24
3424;-58;-38
3425;-50;-48
3426;-58;-28
3427;-58;-14
3428;-56;-14
3429;-58;-20
3430;-56;-24
3431;-56;-24
3432;-40;-34
3433;-54;-48
3434;-54;-36
3435;-54;-14
3436;-60;-16
3437;-52;-20
3438;-52;-26
3439;-50;-44
3440;-58;-46
3441;-48;-24
3442;-46;-12
3443;-48;-16
3444;-46;-22
3445;-46;-22
3446;-44;-24
3447;-40;-28
3448;-42;-40
3449;-42;-48
3450;-40;-28
3451;-30;-14
3452;-38;-16
3453;-38;-20
3454;-38;-24
3455;-32;-24
3456;-34;-26
3457;-34;-40
3458;-32;-46
3459;-32;-30
3460;-32;-14
3461;-30;-14
3462;-14;-20
3463;-30;-22
3464;-26;-24
3465;-26;-24
3466;-38;-32
3467;-26;-44
3468;-24;-38
3469;-22;-12
3470;-24;-12
3471;-22;-20
3472;-20;-22
3473;-20;-22
3474;-20;-26
3475;-18;-44
3476;-16;-44
3477;-12;-18
3478;-16;-12
3479;-14;-16
3480;-12;-18
3481;-12;-28
3482;-12;-42
3483;-10;-38
3484;-10;-16
3485;-10;-8
3486;-8;-14
3487;-6;-20
3488;-6;-20
3489;-4;-20
3490;-4;-24
3491;-4;-40
3492;-8;-44
3493;-2;-22
3494;0;-10
3495;0;-12
3496;0;-16
3497;4;-20
3498;4;-22
3499;4;-20
3500;8;-22
3501;6;-36
3502;6;-34
3503;6;-8
3504;6;-4
3505;8;-10
3506;8;-14
3507;10;-14
3508;10;-22
3509;10;-36
3510;12;-32
3511;10;-6
3512;12;-4
3513;16;-10
3514;14;-12
3515;14;-14
3516;14;-16
3517;14;-32
3518;16;-38
3519;16;-20
3520;18;-2
3521;18;0
3522;20;-6
3523;20;-10
3524;22;-12
3525;22;-24
3526;22;-36
3527;26;-16
3528;26;0
3529;26;-2
3530;26;-6
3531;26;-10
3532;28;-10
3533;48;-18
3534;28;-32
3535;30;-28
3536;30;-6
3537;24;2
3538;32;-4
3539;32;-8
3540;32;-12
3541;30;-10
3542;34;-16
3543;34;-28
3544;34;-18
3545;36;6
3546;34;4
3547;36;0
3548;14;-6
3549;36;-4
3550;36;-6
3551;36;-20
3552;48;-30
3553;38;-14
3554;36;4
3555;38;6
3556;40;0
3557;38;-4
3558;38;-4
3559;38;-6
3560;38;-16
3561;38;-28
3562;40;-8
3563;38;4
3564;38;2
3565;40;-2
3566;40;0
3567;28;8
3568;40;12
3569;40;10
3570;42;6
3571;38;4
3572;40;4
3573;40;2
3574;40;-4
3575;40;-18
3576;40;-12
3577;42;14
3578;34;14
3579;40;10
3580;40;6
3581;40;4
3582;42;4
3583;40;12
3584;40;-4
3585;40;-12
3586;38;14
3587;40;26
3588;38;22
3589;38;18
3590;38;14
3591;40;14
3592;38;6
3593;34;-10
3594;40;-2
3595;38;22
3596;38;26
3597;36;20
3598;36;16
3599;36;16
3600;38;12
3601;40;12
3602;36;8
3603;38;-8
3604;36;6
3605;36;30
3606;38;36
3607;36;32
3608;42;28
3609;38;26
3610;36;24
3611;36;10
3612;36;0
3613;36;24
3614;36;38
3615;36;32
3616;36;28
3617;36;26
3618;36;24
3619;36;18
3620;34;2
3621;34;4
3622;34;26
3623;38;36
3624;34;32
3625;32;38
3626;32;20
3627;36;10
3628;32;36
3629;32;48
3630;32;42
3631;32;40
3632;32;36
3633;30;34
3634;50;28
3635;30;12
3636;30;12
3637;30;36
3638;24;46
3639;30;42
3640;30;38
3641;30;36
3642;28;34
3643;32;34
3644;30;26
3645;30;12
3646;32;22
3647;32;46
3648;32;54
3649;10;48
3650;32;44
3651;34;42
3652;34;40
3653;44;40
3654;32;38
3655;34;20
3656;34;18
3657;38;38
3658;32;52
3659;34;50
3660;34;44
3661;34;42
3662;32;40
3663;34;36
3664;48;18
3665;34;24
3666;34;52
3667;34;54
3668;24;48
3669;34;44
3670;36;42
3671;32;30
3672;34;18
3673;34;38
3674;34;54
3675;34;50
3676;34;48
3677;34;44
3678;34;42
3679;38;40
3680;34;22
3681;34;20
3682;32;46
3683;38;54
3684;34;48
3685;34;46
3686;34;42
3687;34;42
3688;34;26
3689;34;18
3690;34;32
3691;32;52
3692;34;52
3693;34;48
3694;30;46
3695;34;42
3696;32;42
3697;34;38
3698;34;22
3699;32;18
3700;32;42
3701;32;54
3702;34;50
3703;30;46
3704;30;44
3705;30;42
3706;28;40
3707;30;28
3708;28;16
3709;30;28
3710;28;48
3711;26;48
3712;26;44
3713;26;40
3714;26;38
3715;26;38
3716;24;36
3717;26;22
3718;24;12
3719;24;30
3720;24;48
3721;24;48
3722;24;42
3723;24;38
3724;20;40
3725;22;38
3726;22;36
3727;22;20
3728;18;14
3729;22;28
3730;22;40
3731;22;38
3732;20;34
3733;22;32
3734;20;30
3735;34;26
3736;18;10
3737;18;8
3738;18;36
3739;14;42
3740;16;36
3741;18;32
3742;18;30
3743;16;26
3744;18;10
3745;14;8
3746;16;36
3747;16;42
3748;14;36
3749;14;32
3750;2;16
3751;12;0
3752;12;-8
3753;8;12
3754;22;30
3755;8;26
3756;8;22
3757;8;20
3758;8;18
3759;6;16
3760;6;10
3761;2;-6
3762;4;-2
3763;4;22
3764;2;30
3765;12;24
3766;0;20
3767;2;18
3768;0;18
3769;-12;8
3770;-2;-6
3771;-2;-14
3772;-2;12
3773;-4;18
3774;-6;14
3775;-4;10
3776;-8;8
3777;-8;6
3778;-8;6
3779;-10;-4
3780;-22;-18
3781;-12;-8
3782;-12;18
3783;-12;16
3784;-12;10
3785;-14;6
3786;-16;6
3787;-16;2
3788;-16;-14
3789;-20;-16
3790;-18;4
3791;-20;20
3792;-20;2
3793;-24;-2
3794;-24;-4
3795;-30;-6
3796;-24;-14
3797;-26;-28
3798;-28;-20
3799;-28;2
3800;-28;6
3801;-28;0
3802;-30;-4
3803;-30;-4
3804;-32;-6
3805;-34;-6
3806;-36;-18
3807;-36;-30
3808;-34;-18
3809;-36;4
3810;-28;6
3811;-38;-2
3812;-38;-10
3813;-38;-22
3814;-40;-34
3815;-40;-28
3816;-42;-4
3817;-42;-4
3818;-42;-8
3819;-44;-12
3820;-44;-14
3821;-48;-14
3822;-50;-24
3823;-48;-38
3824;-50;-28
3825;-50;-6
3826;-50;-2
3827;-52;-8
3828;-54;-12
3829;-58;-14
3830;-54;-14
3831;-54;-16
3832;-56;-32
3833;-56;-40
3834;-54;-16
3835;-58;-6
3836;-58;-10
3837;-60;-14
3838;-58;-18
3839;-60;-18
3840;-66;-26
3841;-60;-40
3842;-60;-32
3843;-60;-10
3844;-66;-6
3845;-60;-10
3846;-60;-14
3847;-60;-18
3848;-60;-18
3849;-60;-18
3850;-60;-24
3851;-78;-40
3852;-60;-34
3853;-60;-8
3854;-60;-10
3855;-46;-16
3856;-60;-24
3857;-58;-38
3858;-58;-42
3859;-54;-18
3860;-58;-8
3861;-58;-16
3862;-58;-18
3863;-58;-20
3864;-58;-26
3865;-56;-42
3866;-32;-42
3867;-56;-22
3868;-56;-10
3869;-56;-14
3870;-68;-18
3871;-54;-20
3872;-52;-22
3873;-52;-22
3874;-54;-22
3875;-50;-32
3876;-48;-46
3877;-50;-44
3878;-50;-22
3879;-46;-14
3880;-48;-18
3881;-44;-22
3882;-46;-24
3883;-46;-26
3884;-42;-26
3885;-40;-36
3886;-42;-46
3887;-40;-40
3888;-40;-18
3889;-42;-14
3890;-40;-20
3891;-36;-22
3892;-36;-24
3893;-36;-26
3894;-34;-34
3895;-34;-46
3896;-38;-40
3897;-32;-18
3898;-30;-14
3899;-30;-18
3900;-30;-22
3901;-28;-24
3902;-28;-24
3903;-28;-28
3904;-24;-44
3905;-26;-46
3906;-26;-18
3907;-26;-14
3908;-24;-18
3909;-24;-22
3910;-24;-24
3911;-20;-24
3912;-22;-34
3913;-20;-46
3914;-18;-36
3915;-18;-14
3916;-16;-12
3917;-18;-18
3918;-18;-22
3919;-16;-36
3920;-14;-46
3921;-12;-26
3922;-14;-12
3923;-14;-14
3924;-12;-20
3925;-10;-22
3926;-14;-22
3927;-8;-30
3928;-8;-46
3929;-6;-40
3930;-14;-16
3931;-4;-12
3932;-4;-16
3933;-2;-20
3934;0;-22
3935;-2;-22
3936;0;-24
3937;4;-20
3938;0;-34
3939;2;-42
3940;4;-28
3941;2;-10
3942;6;-8
3943;6;-14
3944;6;-16
3945;12;-18
3946;10;-18
3947;8;-26
3948;10;-40
3949;12;-36
3950;12;-12
3951;12;-8
3952;0;-12
3953;14;-16
3954;14;-18
3955;16;-20
3956;28;-18
3957;16;-26
3958;16;-38
3959;18;-30
3960;22;-8
3961;20;-4
3962;20;-8
3963;22;-10
3964;22;-14
3965;22;-14
3966;24;-14
3967;36;-22
3968;24;-36
3969;24;-32
3970;26;-10
3971;16;-2
3972;28;-8
3973;28;-12
3974;28;-14
3975;26;-14
3976;30;-14
3977;30;-24
3978;32;-38
3979;32;-20
3980;32;0
3981;32;0
3982;20;-4
3983;34;-6
3984;34;-8
3985;34;-10
3986;40;-12
3987;36;-26
3988;34;-32
3989;36;-14
3990;38;2
3991;36;0
3992;36;-4
3993;36;-6
3994;36;-8
3995;38;-10
3996;36;-12
3997;34;-26
3998;38;-34
3999;36;-4
4000;38;14
4001;38;12
4002;40;6
4003;40;2
4004;40;2
4005;40;-6
4006;40;-22
4007;40;-12
4008;40;14
4009;40;14
4010;42;8
4011;42;4
4012;46;2
4013;42;0
4014;40;-14
4015;42;-22
4016;40;-6
4017;40;12
4018;40;14
4019;42;8
4020;42;6
4021;40;10
4022;40;-6
4023;42;-4
4024;40;20
4025;40;28
4026;40;22
4027;36;20
4028;40;16
4029;40;16
4030;40;16
4031;30;12
4032;38;-6
4033;38;-6
4034;38;22
4035;38;28
4036;38;22
4037;36;18
4038;38;16
4039;36;16
4040;36;10
4041;38;-4
4042;40;2
4043;38;30
4044;36;38
4045;36;34
4046;44;30
4047;36;28
4048;36;26
4049;36;12
4050;36;0
4051;36;16
4052;36;38
4053;34;36
4054;36;30
4055;36;28
4056;34;26
4057;38;22
4058;36;6
4059;34;4
4060;34;26
4061;30;36
4062;34;36
4063;32;40
4064;34;36
4065;32;20
4066;34;10
4067;34;36
4068;46;48
4069;32;44
4070;32;40
4071;32;38
4072;22;38
4073;30;34
4074;30;20
4075;30;12
4076;28;30
4077;32;46
4078;34;46
4079;32;40
4080;32;38
4081;32;36
4082;32;34
4083;24;40
4084;32;26
4085;32;18
4086;32;40
4087;40;54
4088;32;52
4089;34;48
4090;34;46
4091;36;42
4092;34;40
4093;34;26
4094;34;20
4095;34;42
4096;34;56
4097;34;50
4098;36;46
4099;36;44
4100;34;44
4101;34;30
4102;34;18
4103;34;28
4104;32;52
4105;32;56
4106;32;50
4107;32;46
4108;32;44
4109;34;44
4110;32;38
4111;32;22
4112;32;24
4113;40;52
4114;34;54
4115;34;50
4116;32;46
4117;32;44
4118;32;44
4119;32;32
4120;32;18
4121;34;28
4122;32;50
4123;32;54
4124;32;50
4125;32;44
4126;34;26
4127;34;16
4128;30;34
4129;34;52
4130;32;50
4131;32;46
4132;24;42
4133;34;42
4134;32;40
4135;32;24
4136;32;16
4137;32;32
4138;32;52
4139;24;50
4140;28;44
4141;32;42
4142;30;42
4143;34;40
4144;30;36
4145;30;22
4146;30;14
4147;36;34
4148;30;48
4149;28;46
4150;28;42
4151;28;38
4152;28;36
4153;28;36
4154;40;22
4155;24;12
4156;26;28
4157;24;46
4158;14;46
4159;24;42
4160;24;38
4161;24;38
4162;16;36
4163;22;36
4164;22;26
4165;22;10
4166;24;24
4167;22;38
4168;22;42
4169;14;34
4170;18;30
4171;20;32
4172;20;28
4173;30;12
4174;18;6
4175;18;26
4176;16;42
4177;20;40
4178;16;34
4179;18;32
4180;18;30
4181;16;30
4182;18;18
4183;14;4
4184;22;22
4185;14;42
4186;14;38
4187;12;22
4188;8;8
4189;10;-6
4190;12;4
4191;10;26
4192;12;30
4193;8;24
4194;8;22
4195;8;18
4196;8;18
4197;6;18
4198;6;2
4199;8;-8
4200;2;10
4201;4;28
4202;4;28
4203;6;24
4204;4;20
4205;4;18
4206;2;16
4207;2;16
4208;2;4
4209;0;-14
4210;0;-16
4211;0;12
4212;-2;18
4213;-4;12
4214;-6;10
4215;-4;8
4216;-6;2
4217;-6;-14
4218;-6;-12
4219;-8;16
4220;-10;18
4221;-10;12
4222;-10;10
4223;-10;8
4224;-12;4
4225;-14;-12
4226;-16;-18
4227;-16;4
4228;-18;20
4229;-14;8
4230;-18;2
4231;-18;-6
4232;-22;-22
4233;-20;-22
4234;-22;6
4235;-24;10
4236;-26;4
4237;-26;0
4238;-28;-2
4239;-28;-4
4240;-30;-12
4241;-30;-26
4242;-32;-18
4243;-32;4
4244;-30;8
4245;-34;4
4246;-36;2
4247;-34;0
4248;-32;-4
4249;-38;-2
4250;-36;-20
4251;-40;-34
4252;-40;-32
4253;-40;-10
4254;-42;0
4255;-32;-4
4256;-44;-10
4257;-44;-10
4258;-42;-12
4259;-54;-18
4260;-46;-32
4261;-48;-34
4262;-48;-12
4263;-56;0
4264;-50;-4
4265;-48;-8
4266;-50;-12
4267;-50;-12
4268;-50;-12
4269;-52;-20
4270;-76;-32
4271;-54;-36
4272;-54;-12
4273;-54;-6
4274;-42;-10
4275;-56;-14
4276;-56;-16
4277;-56;-18
4278;-52;-24
4279;-56;-38
4280;-58;-34
4281;-56;-12
4282;-58;-6
4283;-58;-12
4284;-58;-14
4285;-48;-16
4286;-58;-18
4287;-58;-18
4288;-58;-18
4289;-70;-32
4290;-56;-42
4291;-58;-22
4292;-58;-10
4293;-62;-12
4294;-58;-18
4295;-58;-18
4296;-56;-20
4297;-56;-26
4298;-58;-40
4299;-56;-40
4300;-70;-18
4301;-56;-10
4302;-58;-14
4303;-58;-16
4304;-54;-20
4305;-58;-20
4306;-56;-22
4307;-56;-24
4308;-56;-40
4309;-56;-42
4310;-54;-22
4311;-54;-8
4312;-52;-14
4313;-52;-20
4314;-52;-24
4315;-58;-40
4316;-52;-46
4317;-52;-22
4318;-50;-14
4319;-48;-18
4320;-48;-20
4321;-46;-24
4322;-48;-24
4323;-48;-32
4324;-44;-46
4325;-46;-40
4326;-44;-18
4327;-42;-14
4328;-44;-18
4329;-40;-22
4330;-38;-22
4331;-38;-24
4332;-38;-24
4333;-38;-28
4334;-36;-42
4335;-36;-50
4336;-34;-32
4337;-34;-16
4338;-30;-16
4339;-30;-22
4340;-30;-24
4341;-30;-24
4342;-30;-26
4343;-28;-28
4344;-26;-42
4345;-30;-50
4346;-24;-30
4347;-24;-16
4348;-22;-16
4349;-30;-22
4350;-22;-24
4351;-22;-26
4352;-20;-26
4353;-20;-26
4354;-20;-30
4355;-20;-46
4356;-20;-50
4357;-20;-28
4358;-16;-14
4359;-16;-18
4360;-14;-22
4361;-14;-26
4362;-12;-26
4363;-12;-28
4364;-2;-44
4365;-10;-50
4366;-10;-26
4367;-8;-16
4368;-8;-18
4369;-8;-22
4370;-6;-26
4371;-2;-26
4372;-6;-38
4373;-4;-50
4374;-2;-40
4375;-12;-16
4376;0;-12
4377;0;-18
4378;2;-22
4379;-6;-24
4380;4;-26
4381;4;-40
4382;6;-48
4383;6;-30
4384;6;-14
4385;6;-16
4386;-16;-20
4387;8;-22
4388;8;-24
4389;10;-24
4390;20;-32
4391;14;-46
4392;12;-36
4393;12;-14
4394;16;-16
4395;14;-18
4396;16;-18
4397;16;-34
4398;18;-40
4399;18;-20
4400;20;-4
4401;20;-6
4402;22;-12
4403;22;-16
4404;22;-16
4405;14;-16
4406;24;-28
4407;26;-40
4408;24;-28
4409;30;-6
4410;28;-6
4411;28;-10
4412;28;-14
4413;28;-16
4414;30;-16
4415;30;-22
4416;36;-36
4417;32;-26
4418;32;2
4419;34;4
4420;34;0
4421;36;-4
4422;34;-6
4423;34;-8
4424;32;-20
4425;36;-30
4426;36;-18
4427;36;4
4428;36;4
4429;36;0
4430;36;-4
4431;40;-6
4432;38;-6
4433;38;-16
4434;36;-30
4435;36;-22
4436;38;2
4437;38;18
4438;38;10
4439;40;6
4440;38;-8
4441;38;-20
4442;40;2
4443;38;18
4444;40;14
4445;38;8
4446;38;6
4447;40;6
4448;38;-6
4449;40;-20
4450;34;-6
4451;40;16
4452;38;14
4453;40;10
4454;40;6
4455;40;4
4456;40;2
4457;32;-14
4458;40;-8
4459;40;12
4460;40;28
4461;42;26
4462;40;20
4463;40;18
4464;40;18
4465;48;16
4466;40;4
4467;38;-8
4468;40;10
4469;40;28
4470;40;26
4471;40;22
4472;46;18
4473;40;16
4474;38;16
4475;38;14
4476;42;-2
4477;40;-10
4478;38;12
4479;38;40
4480;34;38
4481;38;32
4482;40;28
4483;38;26
4484;38;26
4485;38;12
4486;38;2
4487;52;18
4488;36;38
4489;38;38
4490;36;32
4491;36;30
4492;36;28
4493;36;26
4494;36;22
4495;36;6
4496;34;6
4497;36;34
4498;34;38
4499;38;34
4500;36;36
4501;36;20
4502;32;10
4503;34;30
4504;34;46
4505;34;44
4506;34;40
4507;32;38
4508;32;36
4509;32;34
4510;34;24
4511;32;10
4512;30;20
4513;30;42
4514;30;46
4515;30;40
4516;30;36
4517;34;34
4518;30;34
4519;32;32
4520;30;34
4521;30;26
4522;32;16
4523;32;22
4524;30;46
4525;30;50
4526;32;46
4527;32;42
4528;32;40
4529;32;38
4530;34;34
4531;32;18
4532;32;20
4533;34;46
4534;32;50
4535;32;44
4536;30;40
4537;32;40
4538;34;38
4539;34;24
4540;34;12
4541;34;32
4542;34;54
4543;34;52
4544;34;46
4545;32;44
4546;34;44
4547;30;42
4548;36;30
4549;34;18
4550;34;30
4551;32;50
4552;34;54
4553;32;48
4554;34;44
4555;34;42
4556;34;42
4557;34;36
4558;30;20
4559;32;22
4560;32;46
4561;32;52
4562;36;50
4563;34;44
4564;32;40
4565;32;24
4566;32;18
4567;34;44
4568;32;54
4569;34;48
4570;32;44
4571;32;42
4572;32;40
4573;48;38
4574;30;26
4575;32;16
4576;32;38
4577;24;54
4578;32;50
4579;32;44
4580;30;42
4581;26;40
4582;30;40
4583;30;32
4584;30;16
4585;28;10
4586;28;30
4587;30;46
4588;6;46
4589;28;38
4590;28;36
4591;28;34
4592;34;34
4593;28;26
4594;26;12
4595;26;18
4596;26;44
4597;22;46
4598;24;40
4599;24;36
4600;22;34
4601;24;34
4602;22;24
4603;22;10
4604;22;18
4605;22;30
4606;24;30
4607;10;26
4608;26;26
4609;24;32
4610;22;38
4611;20;34
4612;22;32
4613;20;30
4614;22;28
4615;18;28
4616;18;28
4617;20;18
4618;10;4
4619;18;16
4620;18;38
4621;18;40
4622;20;34
4623;14;30
4624;16;30
4625;14;18
4626;14;2
4627;14;0
4628;14;24
4629;14;34
4630;12;30
4631;12;24
4632;10;22
4633;6;22
4634;10;22
4635;8;18
4636;8;0
4637;6;0
4638;6;22
4639;6;34
4640;6;30
4641;8;24
4642;2;22
4643;2;22
4644;2;18
4645;0;4
4646;2;-12
4647;0;6
4648;6;22
4649;-2;20
4650;-2;16
4651;-2;12
4652;-4;12
4653;-4;10
4654;-2;2
4655;-6;-12
4656;-6;-4
4657;-6;22
4658;-6;22
4659;-4;16
4660;-10;12
4661;-10;12
4662;-12;8
4663;-12;-10
4664;-16;-12
4665;-14;16
4666;-16;24
4667;-18;8
4668;-16;2
4669;-18;-10
4670;-18;-24
4671;-20;-14
4672;-20;10
4673;-22;14
4674;-18;8
4675;-22;2
4676;-24;2
4677;-26;0
4678;-28;-8
4679;-26;-22
4680;-28;-14
4681;-30;10
4682;-28;12
4683;-30;6
4684;-30;2
4685;-30;2
4686;-32;-2
4687;-34;-16
4688;-34;-32
4689;-58;-14
4690;-36;2
4691;-36;0
4692;-40;-4
4693;-26;-8
4694;-42;-10
4695;-40;-12
4696;-42;-28
4697;-38;-32
4698;-42;-12
4699;-42;2
4700;-44;0
4701;-46;-6
4702;-48;-8
4703;-48;-8
4704;-26;-12
4705;-50;-28
4706;-50;-32
4707;-50;-10
4708;-66;-4
4709;-54;-10
4710;-54;-16
4711;-54;-16
4712;-56;-18
4713;-54;-20
4714;-56;-36
4715;-56;-40
4716;-58;-20
4717;-58;-6
4718;-58;-10
4719;-58;-14
4720;-58;-16
4721;-58;-18
4722;-58;-22
4723;-54;-38
4724;-60;-36
4725;-58;-10
4726;-60;-8
4727;-58;-14
4728;-60;-16
4729;-60;-24
4730;-60;-40
4731;-60;-46
4732;-58;-20
4733;-60;-12
4734;-58;-16
4735;-58;-20
4736;-58;-22
4737;-58;-24
4738;-56;-34
4739;-58;-46
4740;-58;-34
4741;-58;-12
4742;-56;-14
4743;-58;-20
4744;-58;-22
4745;-58;-22
4746;-56;-30
4747;-56;-46
4748;-54;-42
4749;-50;-18
4750;-54;-16
4751;-54;-22
4752;-54;-26
4753;-54;-28
4754;-52;-28
4755;-52;-34
4756;-52;-48
4757;-48;-46
4758;-50;-24
4759;-48;-16
4760;-50;-20
4761;-50;-24
4762;-46;-26
4763;-48;-28
4764;-44;-38
4765;-46;-50
4766;-42;-36
4767;-44;-16
4768;-48;-20
4769;-40;-24
4770;-42;-24
4771;-40;-34
4772;-38;-48
4773;-38;-48
4774;-36;-24
4775;-42;-16
4776;-34;-22
4777;-34;-24
4778;-34;-26
4779;-28;-28
4780;-32;-36
4781;-32;-48
4782;-28;-48
4783;-20;-24
4784;-28;-16
4785;-26;-20
4786;-26;-26
4787;-24;-28
4788;-24;-28
4789;-24;-28
4790;-10;-38
4791;-22;-50
4792;-22;-44
4793;-20;-22
4794;-26;-16
4795;-18;-20
4796;-18;-24
4797;-16;-26
4798;-24;-28
4799;-16;-30
4800;-14;-46
4801;-12;-48
4802;-12;-26
4803;-10;-16
4804;-10;-20
4805;4;-24
4806;-10;-26
4807;-8;-26
4808;-6;-28
4809;-6;-34
4810;-4;-50
4811;-2;-44
4812;-2;-10
4813;0;-10
4814;0;-16
4815;0;-20
4816;2;-22
4817;4;-24
4818;4;-38
4819;4;-44
4820;2;-24
4821;6;-10
4822;6;-12
4823;8;-16
4824;12;-20
4825;10;-20
4826;10;-24
4827;10;-40
4828;10;-42
4829;12;-16
4830;12;-10
4831;14;-14
4832;12;-20
4833;14;-14
4834;16;-28
4835;18;-38
4836;16;-22
4837;16;-4
4838;18;-4
4839;18;-8
4840;20;-14
4841;20;-12
4842;22;-14
4843;18;-28
4844;22;-38
4845;24;-18
4846;22;-2
4847;26;-6
4848;26;-10
4849;26;-12
4850;26;-14
4851;28;-18
4852;30;-34
4853;30;-34
4854;30;0
4855;32;6
4856;30;-2
4857;32;-6
4858;34;-8
4859;34;-24
4860;34;-30
4861;34;-10
4862;34;4
4863;34;2
4864;34;-2
4865;32;-6
4866;36;-6
4867;36;-8
4868;36;-10
4869;28;-26
4870;38;-28
4871;38;-8
4872;38;6
4873;40;2
4874;38;-2
4875;40;4
4876;26;-12
4877;38;-20
4878;40;2
4879;40;16
4880;38;14
4881;40;8
4882;40;6
4883;40;4
4884;42;4
4885;40;2
4886;40;-14
4887;40;-20
4888;42;8
4889;40;16
4890;40;10
4891;22;8
4892;42;6
4893;42;4
4894;42;2
4895;52;4
4896;42;6
4897;42;-8
4898;42;-2
4899;38;24
4900;40;28
4901;42;22
4902;40;20
4903;40;16
4904;40;16
4905;40;16
4906;42;2
4907;40;-10
4908;38;4
4909;38;24
4910;34;28
4911;40;24
4912;38;18
4913;38;18
4914;36;16
4915;36;12
4916;36;-4
4917;38;0
4918;38;30
4919;38;36
4920;36;32
4921;24;26
4922;36;24
4923;36;24
4924;36;12
4925;42;0
4926;36;12
4927;36;34
4928;36;34
4929;38;30
4930;36;26
4931;34;24
4932;34;24
4933;36;20
4934;34;6
4935;34;0
4936;36;22
4937;36;42
4938;34;40
4939;34;36
4940;36;32
4941;34;32
4942;34;30
4943;32;16
4944;32;6
4945;32;22
4946;34;42
4947;32;42
4948;32;36
4949;32;34
4950;32;30
4951;38;30
4952;30;28
4953;32;12
4954;32;6
4955;30;28
4956;30;42
4957;32;38
4958;32;42
4959;32;32
4960;32;14
4961;30;18
4962;32;46
4963;30;46
4964;32;40
4965;32;38
4966;34;36
4967;32;36
4968;32;36
4969;32;22
4970;32;10
4971;32;30
4972;32;46
4973;34;44
4974;34;38
4975;32;36
4976;32;36
4977;34;34
4978;34;20
4979;34;14
4980;34;30
4981;36;50
4982;34;50
4983;34;44
4984;34;40
4985;36;40
4986;34;38
4987;34;22
4988;34;14
4989;34;34
4990;34;50
4991;34;48
4992;56;44
4993;32;40
4994;32;38
4995;34;38
4996;24;30
4997;32;14
4998;34;24
4999;32;48
5000;26;50
5001;32;44
5002;34;40
5003;34;24
5004;34;16
5005;34;34
5006;34;52
5007;26;50
5008;36;44
5009;34;42
5010;34;40
5011;46;38
5012;32;24
5013;34;16
5014;34;40
5015;36;52
5016;32;48
5017;32;42
5018;32;40
5019;34;38
5020;32;40
5021;32;26
5022;52;14
5023;30;20
5024;30;46
5025;30;50
5026;16;44
5027;28;42
5028;30;38
5029;28;38
5030;26;26
5031;28;12
5032;28;26
5033;26;50
5034;24;46
5035;26;42
5036;26;38
5037;28;38
5038;24;34
5039;24;16
5040;22;12
5041;26;38
5042;22;46
5043;22;42
5044;22;38
5045;22;36
5046;22;36
5047;20;30
5048;18;12
5049;20;14
5050;20;42
5051;20;44
5052;14;38
5053;20;36
5054;20;34
5055;18;34
5056;18;26
5057;20;10
5058;18;16
5059;18;38
5060;18;46
5061;16;40
5062;18;30
5063;14;20
5064;14;2
5065;14;8
5066;14;32
5067;18;38
5068;14;32
5069;14;28
5070;12;26
5071;14;26
5072;10;24
5073;10;10
5074;10;2
5075;10;18
5076;10;38
5077;10;36
5078;8;30
5079;6;28
5080;8;26
5081;6;26
5082;0;24
5083;4;10
5084;4;-6
5085;4;-12
5086;-6;14
5087;2;26
5088;0;20
5089;0;16
5090;2;14
5091;0;12
5092;0;0
5093;12;-12
5094;-4;8
5095;-2;26
5096;-6;22
5097;-8;16
5098;-4;14
5099;-6;12
5100;-8;14
5101;-12;4
5102;-10;-10
5103;-10;-2
5104;-12;10
5105;-14;14
5106;-14;8
5107;-16;4
5108;-38;2
5109;-18;-8
5110;-20;-22
5111;-20;-10
5112;-10;12
5113;-20;14
5114;-24;6
5115;-24;4
5116;-22;2
5117;-26;-8
5118;-28;-20
5119;-26;-14
5120;-28;12
5121;-30;12
5122;-30;6
5123;-28;2
5124;-34;2
5125;-32;-12
5126;-34;-30
5127;-48;-30
5128;-36;-2
5129;-38;2
5130;-38;0
5131;-40;-8
5132;-40;-8
5133;-40;-12
5134;-40;-28
5135;-42;-30
5136;-44;-10
5137;-44;2
5138;-54;0
5139;-44;-6
5140;-46;-8
5141;-46;-8
5142;-44;-10
5143;-46;-16
5144;-50;-30
5145;-50;-26
5146;-48;-14
5147;-52;-6
5148;-52;-12
5149;-54;-14
5150;-54;-18
5151;-56;-18
5152;-54;-24
5153;-60;-38
5154;-56;-38
5155;-58;-16
5156;-56;-6
5157;-58;-12
5158;-58;-16
5159;-60;-16
5160;-58;-18
5161;-58;-18
5162;-58;-22
5163;-60;-38
5164;-60;-40
5165;-62;-12
5166;-62;-6
5167;-62;-18
5168;-52;-22
5169;-60;-32
5170;-60;-46
5171;-62;-38
5172;-58;-16
5173;-60;-12
5174;-60;-18
5175;-60;-22
5176;-58;-24
5177;-60;-24
5178;-62;-26
5179;-60;-38
5180;-60;-48
5181;-60;-34
5182;-60;-14
5183;-64;-14
5184;-60;-20
5185;-58;-22
5186;-60;-24
5187;-68;-26
5188;-60;-40
5189;-58;-52
5190;-56;-38
5191;-54;-18
5192;-56;-18
5193;-56;-22
5194;-58;-26
5195;-54;-28
5196;-54;-28
5197;-52;-30
5198;-50;-44
5199;-50;-50
5200;-50;-32
5201;-48;-18
5202;-38;-18
5203;-46;-24
5204;-42;-26
5205;-42;-26
5206;-42;-28
5207;-40;-28
5208;-40;-30
5209;-36;-46
5210;-36;-50
5211;-34;-32
5212;-34;-18
5213;-34;-18
5214;-32;-24
5215;-32;-26
5216;-30;-28
5217;-36;-28
5218;-28;-38
5219;-28;-50
5220;-26;-42
5221;-24;-20
5222;-24;-16
5223;-24;-22
5224;-18;-24
5225;-22;-28
5226;-20;-26
5227;-20;-28
5228;-28;-44
5229;-16;-46
5230;-16;-30
5231;-16;-12
5232;-18;-14
5233;-14;-18
5234;-14;-22
5235;-12;-24
5236;-12;-24
5237;-12;-26
5238;-10;-42
5239;-20;-46
5240;-8;-26
5241;-8;-12
5242;-8;-16
5243;-2;-20
5244;-6;-22
5245;-6;-24
5246;-4;-22
5247;0;-28
5248;-2;-44
5249;0;-42
5250;-2;-12
5251;0;-8
5252;0;-14
5253;2;-18
5254;6;-18
5255;2;-18
5256;4;-28
5257;6;-42
5258;6;-32
5259;6;-10
5260;8;-6
5261;8;-12
5262;6;-16
5263;10;-18
5264;10;-18
5265;10;-20
5266;12;-36
5267;14;-40
5268;12;-22
5269;22;-8
5270;16;-8
5271;14;-8
5272;16;-10
5273;18;-26
5274;18;-36
5275;18;-14
5276;16;0
5277;20;-4
5278;20;-8
5279;20;-12
5280;22;-12
5281;22;-18
5282;22;-34
5283;24;-30
5284;18;-2
5285;24;-2
5286;24;-8
5287;24;-10
5288;18;-12
5289;26;-16
5290;26;-32
5291;28;-32
5292;28;-6
5293;28;4
5294;30;2
5295;48;-2
5296;30;-6
5297;32;-8
5298;34;-10
5299;32;-26
5300;32;-28
5301;34;-6
5302;34;6
5303;38;2
5304;34;-4
5305;34;-6
5306;34;-6
5307;34;-10
5308;34;-26
5309;34;-28
5310;32;-2
5311;34;4
5312;34;2
5313;34;6
5314;44;0
5315;36;-16
5316;36;-24
5317;36;-4
5318;32;12
5319;36;10
5320;38;6
5321;36;4
5322;38;2
5323;38;-6
5324;38;-22
5325;62;-10
5326;38;14
5327;40;12
5328;40;6
5329;28;2
5330;40;2
5331;40;-6
5332;40;-22
5333;36;-8
5334;38;14
5335;40;20
5336;40;16
5337;40;12
5338;40;10
5339;40;10
5340;28;-6
5341;38;-14
5342;40;8
5343;40;22
5344;44;18
5345;40;14
5346;38;12
5347;40;10
5348;40;-6
5349;40;-14
5350;38;2
5351;40;22
5352;38;20
5353;38;16
5354;38;22
5355;34;4
5356;38;-6
5357;36;14
5358;38;32
5359;38;30
5360;36;24
5361;36;22
5362;36;20
5363;34;18
5364;36;6
5365;36;-6
5366;36;16
5367;34;32
5368;34;28
5369;34;24
5370;36;20
5371;36;16
5372;34;-2
5373;34;-2
5374;32;24
5375;34;42
5376;34;38
5377;36;32
5378;34;30
5379;34;30
5380;34;26
5381;34;10
5382;34;4
5383;34;26
5384;34;42
5385;30;38
5386;34;32
5387;32;30
5388;30;30
5389;24;28
5390;32;16
5391;32;2
5392;30;24
5393;32;42
5394;30;36
5395;30;34
5396;30;34
5397;32;16
5398;30;12
5399;32;34
5400;32;46
5401;32;44
5402;34;40
5403;32;36
5404;40;34
5405;34;30
5406;32;12
5407;34;14
5408;34;38
5409;34;46
5410;34;42
5411;28;38
5412;34;36
5413;34;34
5414;34;34
5415;34;26
5416;36;12
5417;36;18
5418;34;42
5419;28;52
5420;36;48
5421;34;42
5422;36;40
5423;36;38
5424;34;34
5425;34;18
5426;22;22
5427;34;46
5428;34;50
5429;36;44
5430;42;42
5431;36;40
5432;34;38
5433;34;36
5434;36;22
5435;32;14
5436;34;38
5437;34;56
5438;34;50
5439;34;46
5440;34;42
5441;26;40
5442;32;24
5443;34;16
5444;32;36
5445;36;54
5446;32;52
5447;32;46
5448;32;42
5449;36;42
5450;30;40
5451;32;34
5452;32;20
5453;30;22
5454;34;50
5455;30;54
5456;34;46
5457;32;42
5458;32;42
5459;30;26
5460;32;16
5461;30;38
5462;30;54
5463;28;50
5464;28;44
5465;28;40
5466;28;38
5467;28;22
5468;28;16
5469;28;44
5470;28;54
5471;32;48
5472;28;42
5473;26;42
5474;26;40
5475;26;32
5476;24;16
5477;26;20
5478;24;44
5479;26;48
5480;24;42
5481;24;38
5482;24;36
5483;22;36
5484;22;18
5485;22;8
5486;24;38
5487;22;46
5488;22;42
5489;20;38
5490;20;36
5491;20;34
5492;20;34
5493;20;32
5494;20;16
5495;20;10
5496;18;30
5497;18;46
5498;18;44
5499;18;40
5500;18;28
5501;22;12
5502;16;2
5503;14;20
5504;16;38
5505;22;36
5506;14;30
5507;12;28
5508;12;26
5509;10;26
5510;10;18
5511;10;2
5512;18;8
5513;8;34
5514;8;36
5515;8;32
5516;10;28
5517;6;26
5518;6;12
5519;6;0
5520;0;18
5521;4;26
5522;4;24
5523;2;18
5524;2;16
5525;0;14
5526;2;14
5527;16;-2
5528;0;-12
5529;0;12
5530;-2;26
5531;0;20
5532;-2;16
5533;-2;14
5534;-4;12
5535;-4;12
5536;-6;-4
5537;-6;-12
5538;-6;8
5539;-6;24
5540;-8;24
5541;-10;20
5542;-6;-2
5543;-12;-20
5544;-12;-20
5545;-14;-2
5546;-20;14
5547;-14;8
5548;-16;4
5549;-16;2
5550;-18;2
5551;-20;0
5552;-22;-10
5553;-22;-24
5554;-24;-10
5555;-24;12
5556;-26;10
5557;-22;6
5558;-28;2
5559;-28;2
5560;-30;-2
5561;-30;-18
5562;-32;-24
5563;-32;-18
5564;-34;-2
5565;-38;-2
5566;-36;-8
5567;-36;-10
5568;-38;-12
5569;-38;-12
5570;-40;-14
5571;-40;-26
5572;-46;-36
5573;-42;-16
5574;-44;0
5575;-44;-2
5576;-46;-10
5577;-44;-10
5578;-46;-12
5579;-46;-14
5580;-46;-24
5581;-48;-36
5582;-50;-16
5583;-50;-8
5584;-52;-14
5585;-52;-18
5586;-52;-20
5587;-54;-22
5588;-54;-36
5589;-54;-44
5590;-56;-28
5591;-56;-10
5592;-58;-10
5593;-58;-16
5594;-58;-20
5595;-58;-20
5596;-60;-20
5597;-60;-30
5598;-60;-42
5599;-62;-34
5600;-62;-10
5601;-60;-12
5602;-64;-16
5603;-60;-18
5604;-60;-24
5605;-60;-40
5606;-62;-46
5607;-60;-28
5608;-60;-12
5609;-60;-14
5610;-60;-18
5611;-58;-22
5612;-60;-22
5613;-42;-22
5614;-60;-32
5615;-60;-46
5616;-60;-36
5617;-64;-16
5618;-58;-12
5619;-60;-16
5620;-58;-20
5621;-64;-22
5622;-60;-22
5623;-58;-30
5624;-60;-44
5625;-58;-36
5626;-58;-18
5627;-58;-16
5628;-80;-20
5629;-56;-24
5630;-58;-24
5631;-56;-28
5632;-48;-44
5633;-56;-46
5634;-56;-24
5635;-56;-14
5636;-52;-16
5637;-54;-22
5638;-52;-24
5639;-52;-26
5640;-52;-26
5641;-50;-36
5642;-50;-48
5643;-50;-36
5644;-48;-18
5645;-46;-14
5646;-46;-20
5647;-54;-24
5648;-44;-28
5649;-42;-42
5650;-40;-48
5651;-38;-22
5652;-38;-14
5653;-36;-18
5654;-36;-22
5655;-36;-24
5656;-34;-26
5657;-32;-28
5658;-28;-44
5659;-30;-44
5660;-28;-18
5661;-28;-14
5662;-24;-20
5663;-26;-22
5664;-26;-24
5665;-22;-26
5666;-22;-24
5667;-20;-36
5668;-20;-46
5669;-18;-38
5670;-18;-16
5671;-16;-12
5672;-14;-18
5673;-16;-22
5674;-12;-24
5675;-12;-24
5676;-12;-32
5677;-10;-46
5678;-8;-38
5679;-8;-20
5680;-6;-12
5681;-4;-18
5682;-6;-20
5683;-4;-22
5684;-2;-24
5685;-4;-34
5686;-2;-48
5687;0;-32
5688;0;-10
5689;2;-10
5690;2;-14
5691;2;-18
5692;-4;-18
5693;4;-20
5694;6;-22
5695;6;-38
5696;8;-42
5697;8;-16
5698;8;-8
5699;-2;-12
5700;12;-18
5701;12;-20
5702;12;-22
5703;14;-38
5704;12;-40
5705;14;-20
5706;14;-8
5707;22;-10
5708;14;-8
5709;14;-20
5710;14;-36
5711;16;-26
5712;16;-6
5713;16;-2
5714;28;-8
5715;18;-12
5716;18;-12
5717;18;-12
5718;18;-24
5719;20;-38
5720;20;-24
5721;22;0
5722;14;-2
5723;22;-8
5724;22;-10
5725;24;-12
5726;24;-14
5727;26;-16
5728;24;-30
5729;46;-34
5730;26;-14
5731;26;2
5732;26;0
5733;24;-4
5734;30;-6
5735;28;-8
5736;30;-10
5737;28;-18
5738;32;-32
5739;32;-22
5740;30;-2
5741;34;2
5742;32;-4
5743;32;-6
5744;28;-8
5745;32;-8
5746;36;-8
5747;34;-22
5748;38;-34
5749;34;-14
5750;34;12
5751;34;8
5752;36;2
5753;36;0
5754;38;-2
5755;36;-18
5756;36;-24
5757;36;0
5758;36;12
5759;40;6
5760;38;2
5761;36;0
5762;38;-2
5763;36;-10
5764;38;-24
5765;38;-18
5766;38;4
5767;36;10
5768;38;6
5769;38;0
5770;38;2
5771;38;2
5772;38;-14
5773;38;-10
5774;34;18
5775;40;20
5776;38;16
5777;38;12
5778;38;10
5779;40;10
5780;40;2
5781;38;-14
5782;40;-10
5783;38;12
5784;38;22
5785;38;18
5786;38;12
5787;38;10
5788;38;10
5789;36;6
5790;38;-12
5791;38;-10
5792;38;20
5793;34;30
5794;36;26
5795;38;22
5796;36;20
5797;38;18
5798;36;4
5799;36;-6
5800;40;10
5801;36;30
5802;34;28
5803;36;24
5804;36;20
5805;38;20
5806;36;20
5807;36;14
5808;44;-2
5809;36;-4
5810;36;24
5811;38;30
5812;36;26
5813;36;30
5814;34;12
5815;38;6
5816;34;26
5817;36;40
5818;36;38
5819;26;34
5820;36;32
5821;36;30
5822;34;28
5823;28;12
5824;34;4
5825;34;22
5826;34;40
5827;34;40
5828;32;34
5829;32;30
5830;10;28
5831;32;28
5832;32;26
5833;32;38
5834;42;22
5835;32;16
5836;30;34
5837;30;50
5838;34;48
5839;32;44
5840;32;42
5841;32;40
5842;32;38
5843;32;38
5844;32;24
5845;30;14
5846;34;34
5847;32;52
5848;34;48
5849;36;44
5850;34;40
5851;32;40
5852;34;30
5853;38;16
5854;34;30
5855;36;52
5856;34;56
5857;34;50
5858;34;46
5859;34;44
5860;40;44
5861;34;38
5862;34;22
5863;34;24
5864;34;52
5865;34;56
5866;34;50
5867;34;46
5868;34;44
5869;36;44
5870;34;34
5871;34;22
5872;34;26
5873;36;48
5874;36;56
5875;40;52
5876;36;48
5877;34;42
5878;34;24
5879;32;24
5880;34;48
5881;34;58
5882;32;54
5883;34;48
5884;34;44
5885;32;44
5886;34;44
5887;34;34
5888;34;20
5889;32;32
5890;32;54
5891;34;54
5892;32;50
5893;32;46
5894;24;44
5895;32;46
5896;32;36
5897;32;20
5898;32;22
5899;30;46
5900;32;54
5901;20;52
5902;28;46
5903;30;44
5904;30;42
5905;30;38
5906;30;24
5907;26;20
5908;28;42
5909;34;54
5910;26;50
5911;26;46
5912;24;44
5913;26;44
5914;24;40
5915;24;28
5916;24;18
5917;22;22
5918;24;44
5919;24;48
5920;34;42
5921;22;38
5922;22;38
5923;22;34
5924;20;28
5925;20;12
5926;22;18
5927;22;40
5928;20;46
5929;20;42
5930;20;40
5931;40;38
5932;18;36
5933;18;28
5934;18;14
5935;10;16
5936;18;40
5937;18;48
5938;18;34
5939;14;28
5940;16;14
5941;16;0
5942;16;18
5943;16;36
5944;14;36
5945;14;30
5946;4;28
5947;14;26
5948;12;24
5949;10;18
5950;18;4
5951;12;6
5952;10;34
5953;8;38
5954;12;30
5955;8;26
5956;8;28
5957;8;24
5958;6;10
5959;6;-6
5960;4;-14
5961;6;6
5962;4;24
5963;2;22
5964;2;18
5965;4;14
5966;2;12
5967;2;12
5968;0;8
5969;-2;-10
5970;-2;-10
5971;-2;14
5972;-2;24
5973;-4;22
5974;-4;16
5975;-6;14
5976;-2;14
5977;-6;8
5978;-6;-10
5979;-8;-20
5980;-8;0
5981;-10;12
5982;-10;8
5983;-12;4
5984;-14;0
5985;-14;-2
5986;-16;-2
5987;-16;-8
5988;-18;-22
5989;-20;-20
5990;-20;4
5991;-26;12
5992;-22;8
5993;-22;4
5994;-24;0
5995;-32;0
5996;-26;-12
5997;-28;-24
5998;-30;-8
5999;-28;12
6000;-30;-2
6001;-32;-6
6002;-34;-10
6003;-32;-10
6004;-34;-22
6005;-34;-34
6006;-32;-26
6007;-34;-4
6008;-36;2
6009;-36;-4
6010;-30;-10
6011;-40;-10
6012;-38;-10
6013;-42;-18
6014;-40;-30
6015;-42;-32
6016;-44;-4
6017;-48;0
6018;-44;-4
6019;-46;-10
6020;-48;-10
6021;-42;-24
6022;-50;-38
6023;-48;-36
6024;-50;-14
6025;-54;-6
6026;-50;-10
6027;-52;-16
6028;-54;-18
6029;-52;-18
6030;-54;-20
6031;-56;-34
6032;-50;-42
6033;-58;-24
6034;-58;-6
6035;-58;-8
6036;-70;-14
6037;-58;-16
6038;-58;-18
6039;-60;-18
6040;-62;-20
6041;-60;-18
6042;-60;-32
6043;-60;-44
6044;-60;-36
6045;-60;-12
6046;-60;-10
6047;-64;-16
6048;-60;-20
6049;-60;-20
6050;-60;-22
6051;-54;-24
6052;-58;-38
6053;-60;-44
6054;-58;-26
6055;-56;-10
6056;-58;-12
6057;-58;-16
6058;-56;-20
6059;-56;-20
6060;-58;-20
6061;-58;-22
6062;-58;-22
6063;-58;-38
6064;-58;-46
6065;-56;-34
6066;-54;-14
6067;-54;-14
6068;-54;-18
6069;-56;-20
6070;-52;-22
6071;-52;-24
6072;-52;-30
6073;-52;-46
6074;-52;-38
6075;-50;-14
6076;-50;-14
6077;-44;-18
6078;-48;-22
6079;-48;-22
6080;-46;-22
6081;-44;-32
6082;-46;-46
6083;-44;-36
6084;-42;-16
6085;-42;-14
6086;-40;-18
6087;-40;-22
6088;-38;-24
6089;-40;-24
6090;-36;-28
6091;-36;-42
6092;-38;-44
6093;-34;-18
6094;-34;-14
6095;-34;-18
6096;-34;-22
6097;-32;-22
6098;-28;-24
6099;-30;-24
6100;-28;-36
6101;-26;-48
6102;-26;-34
6103;-12;-14
6104;-28;-12
6105;-24;-18
6106;-26;-22
6107;-30;-22
6108;-22;-26
6109;-22;-42
6110;-22;-44
6111;-26;-18
6112;-20;-12
6113;-18;-18
6114;-20;-20
6115;-16;-22
6116;-18;-22
6117;-18;-26
6118;-38;-44
6119;-14;-44
6120;-14;-22
6121;-12;-12
6122;0;-14
6123;-10;-20
6124;-10;-20
6125;-10;-24
6126;-6;-38
6127;-6;-42
6128;-8;-22
6129;-4;-10
6130;-4;-12
6131;-4;-18
6132;-2;-22
6133;4;-20
6134;0;-20
6135;0;-26
6136;2;-40
6137;-10;-40
6138;2;-20
6139;4;-8
6140;6;-14
6141;4;-18
6142;8;-20
6143;8;-20
6144;10;-22
6145;8;-20
6146;10;-28
6147;10;-38
6148;8;-32
6149;12;-8
6150;12;-4
6151;14;-10
6152;16;-14
6153;14;-16
6154;16;-16
6155;16;-18
6156;16;-34
6157;18;-40
6158;18;-14
6159;20;-4
6160;20;-8
6161;22;-14
6162;22;-16
6163;18;-16
6164;22;-16
6165;24;-26
6166;24;-38
6167;26;-26
6168;24;-4
6169;28;0
6170;28;-6
6171;28;-10
6172;30;-10
6173;28;-12
6174;28;-18
6175;30;-32
6176;30;-32
6177;32;-10
6178;40;0
6179;32;-4
6180;32;-8
6181;34;-10
6182;36;-12
6183;32;-10
6184;34;-18
6185;36;-34
6186;34;-30
6187;38;-6
6188;36;8
6189;34;2
6190;34;-4
6191;36;-2
6192;36;-4
6193;34;-4
6194;36;-16
6195;36;-28
6196;38;-14
6197;30;6
6198;36;6
6199;38;2
6200;38;-2
6201;40;-4
6202;38;-4
6203;38;-8
6204;28;-24
6205;40;-26
6206;40;-4
6207;42;8
6208;40;18
6209;40;12
6210;40;6
6211;40;-10
6212;38;-16
6213;42;4
6214;40;18
6215;42;16
6216;42;12
6217;42;8
6218;40;8
6219;20;6
6220;40;2
6221;42;-14
6222;40;-14
6223;50;16
6224;40;18
6225;38;12
6226;38;10
6227;36;8
6228;40;8
6229;40;18
6230;40;2
6231;38;-2
6232;38;20
6233;38;34
6234;44;30
6235;36;24
6236;38;20
6237;36;22
6238;32;6
6239;38;-4
6240;36;12
6241;36;30
6242;34;30
6243;36;26
6244;36;22
6245;36;22
6246;36;20
6247;34;14
6248;36;-2
6249;22;0
6250;34;36
6251;34;44
6252;34;38
6253;40;34
6254;36;32
6255;36;32
6256;34;30
6257;36;18
6258;34;8
6259;34;28
6260;34;44
6261;34;40
6262;34;34
6263;34;34
6264;32;32
6265;34;18
6266;34;6
6267;34;26
6268;34;44
6269;32;38
6270;32;36
6271;32;38
6272;36;20
6273;30;16
6274;32;38
6275;30;50
6276;32;48
6277;32;44
6278;32;40
6279;40;40
6280;32;34
6281;34;18
6282;32;20
6283;34;48
6284;34;50
6285;34;44
6286;34;42
6287;32;40
6288;32;36
6289;34;22
6290;32;12
6291;32;34
6292;34;56
6293;34;54
6294;28;46
6295;34;44
6296;34;44
6297;36;42
6298;26;26
6299;36;18
6300;36;44
6301;34;56
6302;34;50
6303;36;46
6304;34;44
6305;36;42
6306;34;28
6307;34;18
6308;32;34
6309;32;54
6310;34;52
6311;32;46
6312;34;46
6313;34;36
6314;32;22
6315;34;28
6316;32;50
6317;34;56
6318;34;50
6319;34;46
6320;16;44
6321;32;42
6322;32;26
6323;32;20
6324;44;42
6325;34;56
6326;32;52
6327;32;46
6328;34;44
6329;32;44
6330;30;42
6331;32;26
6332;32;18
6333;32;42
6334;32;52
6335;48;46
6336;30;42
6337;32;40
6338;30;38
6339;18;26
6340;32;14
6341;32;26
6342;30;50
6343;26;50
6344;30;44
6345;28;42
6346;28;40
6347;28;34
6348;30;18
6349;28;20
6350;16;42
6351;28;50
6352;28;46
6353;26;42
6354;32;36
6355;26;20
6356;26;10
6357;26;26
6358;24;46
6359;24;44
6360;24;40
6361;22;34
6362;22;34
6363;24;34
6364;24;30
6365;22;16
6366;22;10
6367;22;36
6368;22;44
6369;22;40
6370;20;36
6371;20;34
6372;20;34
6373;18;30
6374;18;16
6375;18;0
6376;18;18
6377;18;36
6378;16;34
6379;16;30
6380;22;26
6381;16;24
6382;14;24
6383;14;16
6384;16;0
6385;14;8
6386;14;32
6387;14;36
6388;12;32
6389;12;28
6390;10;26
6391;10;26
6392;10;20
6393;10;2
6394;8;6
6395;4;34
6396;8;22
6397;8;18
6398;6;12
6399;-4;-6
6400;6;-12
6401;4;10
6402;2;24
6403;4;22
6404;2;16
6405;0;12
6406;-8;12
6407;0;10
6408;0;-4
6409;0;-14
6410;0;12
6411;0;24
6412;-2;20
6413;-2;14
6414;4;12
6415;-4;12
6416;-4;12
6417;-6;-6
6418;-6;-20
6419;-8;-16
6420;-8;10
6421;-20;16
6422;-12;10
6423;-12;6
6424;-14;4
6425;-4;4
6426;-18;4
6427;-16;-8
6428;-18;-20
6429;-20;-8
6430;-22;12
6431;-22;16
6432;-22;10
6433;-22;6
6434;-24;4
6435;-26;4
6436;-12;2
6437;-26;2
6438;-28;-20
6439;-30;-30
6440;-42;-8
6441;-32;6
6442;-32;4
6443;-32;-2
6444;-34;-4
6445;-34;-10
6446;-36;-26
6447;-36;-26
6448;-38;-2
6449;-40;8
6450;-40;4
6451;-42;-2
6452;-42;-4
6453;-42;-4
6454;-42;-6
6455;-38;-20
6456;-44;-30
6457;-44;-14
6458;-46;-2
6459;-44;-2
6460;-46;-8
6461;-48;-12
6462;-48;-12
6463;-48;-20
6464;-50;-36
6465;-50;-26
6466;-48;-2
6467;-50;-4
6468;-52;-8
6469;-52;-10
6470;-52;-12
6471;-54;-14
6472;-56;-14
6473;-56;-28
6474;-56;-36
6475;-54;-24
6476;-58;-4
6477;-56;-2
6478;-56;-8
6479;-56;-16
6480;-58;-28
6481;-50;-40
6482;-56;-26
6483;-56;-6
6484;-58;-8
6485;-56;-14
6486;-58;-18
6487;-58;-18
6488;-56;-22
6489;-56;-38
6490;-56;-40
6491;-58;-14
6492;-56;-6
6493;-58;-12
6494;-58;-18
6495;-56;-18
6496;-58;-18
6497;-56;-22
6498;-56;-38
6499;-58;-40
6500;-54;-22
6501;-56;-12
6502;-56;-16
6503;-56;-20
6504;-56;-22
6505;-56;-24
6506;-56;-24
6507;-42;-32
6508;-54;-46
6509;-54;-40
6510;-56;-18
6511;-58;-12
6512;-52;-16
6513;-52;-20
6514;-52;-22
6515;-54;-24
6516;-52;-28
6517;-50;-42
6518;-50;-44
6519;-46;-18
6520;-48;-10
6521;-48;-20
6522;-64;-24
6523;-48;-34
6524;-44;-48
6525;-44;-40
6526;-30;-18
6527;-40;-16
6528;-40;-22
6529;-40;-24
6530;-38;-26
6531;-38;-26
6532;-38;-40
6533;-34;-50
6534;-36;-36
6535;-32;-16
6536;-32;-16
6537;-16;-20
6538;-32;-24
6539;-30;-24
6540;-30;-28
6541;-40;-26
6542;-26;-38
6543;-28;-48
6544;-28;-40
6545;-30;-18
6546;-24;-16
6547;-24;-20
6548;-24;-24
6549;-22;-26
6550;-22;-26
6551;-22;-32
6552;-34;-46
6553;-20;-44
6554;-18;-22
6555;-18;-16
6556;-14;-20
6557;-18;-22
6558;-18;-26
6559;-16;-26
6560;-14;-26
6561;-14;-40
6562;-14;-48
6563;-12;-34
6564;-10;-14
6565;-10;-14
6566;-10;-18
6567;-10;-22
6568;-6;-22
6569;-6;-22
6570;-6;-32
6571;-4;-46
6572;-4;-38
6573;-2;-16
6574;-2;-12
6575;-2;-18
6576;0;-22
6577;0;-20
6578;0;-22
6579;2;-36
6580;4;-46
6581;4;-32
6582;8;-14
6583;6;-6
6584;8;-12
6585;8;-16
6586;6;-20
6587;8;-18
6588;10;-26
6589;10;-40
6590;12;-34
6591;12;-14
6592;14;-6
6593;14;-12
6594;14;-16
6595;14;-16
6596;14;-18
6597;12;-20
6598;16;-36
6599;18;-42
6600;18;-20
6601;12;-6
6602;22;-10
6603;22;-14
6604;24;-12
6605;26;-26
6606;24;-36
6607;26;-16
6608;16;0
6609;28;-4
6610;30;-10
6611;28;-12
6612;26;-12
6613;30;-16
6614;32;-30
6615;32;-36
6616;32;-18
6617;32;-2
6618;34;-2
6619;34;-10
6620;34;-10
6621;34;-14
6622;36;-28
6623;12;-36
6624;36;-16
6625;36;8
6626;36;6
6627;50;0
6628;38;-2
6629;36;-4
6630;38;-8
6631;38;-22
6632;38;-26
6633;38;-4
6634;38;8
6635;38;4
6636;38;2
6637;38;-2
6638;60;-4
6639;40;-6
6640;40;-20
6641;40;-30
6642;30;-12
6643;40;6
6644;42;6
6645;38;2
6646;36;10
6647;40;-8
6648;40;-16
6649;38;10
6650;38;20
6651;40;16
6652;40;12
6653;36;10
6654;40;8
6655;40;-8
6656;40;-16
6657;46;10
6658;42;22
6659;40;16
6660;40;10
6661;40;10
6662;40;10
6663;40;6
6664;40;-10
6665;40;-16
6666;40;6
6667;40;32
6668;36;28
6669;40;22
6670;40;20
6671;40;18
6672;40;10
6673;40;-4
6674;40;2
6675;40;28
6676;40;30
6677;38;24
6678;40;20
6679;38;16
6680;38;0
6681;38;-6
6682;36;18
6683;42;30
6684;38;26
6685;38;22
6686;36;20
6687;38;20
6688;36;18
6689;36;6
6690;36;18
6691;36;40
6692;36;42
6693;36;36
6694;36;32
6695;34;30
6696;36;30
6697;36;28
6698;32;12
6699;34;8
6700;34;32
6701;34;44
6702;26;38
6703;34;32
6704;34;32
6705;34;30
6706;32;30
6707;32;18
6708;30;14
6709;52;24
6710;30;46
6711;30;50
6712;30;44
6713;28;40
6714;30;38
6715;30;36
6716;28;30
6717;26;14
6718;30;20
6719;30;44
6720;30;50
6721;28;44
6722;30;40
6723;32;38
6724;16;36
6725;32;36
6726;32;26
6727;32;12
6728;44;24
6729;34;50
6730;32;52
6731;34;44
6732;36;42
6733;32;40
6734;34;40
6735;34;30
6736;32;16
6737;34;26
6738;34;48
6739;42;52
6740;34;46
6741;34;42
6742;34;40
6743;22;40
6744;34;38
6745;34;30
6746;36;16
6747;30;28
6748;34;52
6749;34;50
6750;34;46
6751;34;42
6752;34;32
6753;34;18
6754;26;26
6755;32;52
6756;32;50
6757;34;44
6758;38;42
6759;34;40
6760;34;40
6761;34;26
6762;34;16
6763;34;32
6764;32;50
6765;32;50
6766;32;44
6767;32;42
6768;32;40
6769;36;38
6770;32;40
6771;32;30
6772;32;16
6773;30;18
6774;30;44
6775;30;52
6776;32;46
6777;28;42
6778;30;40
6779;32;38
6780;30;36
6781;30;20
6782;30;16
6783;30;36
6784;30;50
6785;28;46
6786;28;42
6787;30;40
6788;28;38
6789;26;38
6790;26;36
6791;26;38
6792;28;22
6793;26;10
6794;24;20
6795;26;42
6796;24;46
6797;24;40
6798;24;38
6799;20;34
6800;24;34
6801;22;30
6802;22;16
6803;14;10
6804;20;34
6805;22;46
6806;20;44
6807;22;40
6808;22;36
6809;22;34
6810;16;32
6811;20;18
6812;20;10
6813;20;22
6814;20;40
6815;20;36
6816;18;32
6817;18;30
6818;26;30
6819;16;28
6820;18;26
6821;16;20
6822;16;4
6823;14;12
6824;16;38
6825;8;38
6826;14;32
6827;12;28
6828;14;28
6829;18;26
6830;10;20
6831;10;4
6832;10;8
6833;6;24
6834;8;30
6835;6;24
6836;6;20
6837;6;16
6838;6;18
6839;4;14
6840;20;-4
6841;2;-6
6842;2;20
6843;0;30
6844;-10;26
6845;2;20
6846;0;18
6847;-2;18
6848;-6;12
6849;-2;-4
6850;-2;-6
6851;-2;18
6852;-4;28
6853;-6;26
6854;-6;12
6855;-12;0
6856;-8;-16
6857;-6;-8
6858;-8;14
6859;-4;18
6860;-10;12
6861;-12;8
6862;-10;8
6863;-12;6
6864;-14;-10
6865;-16;-18
6866;-16;2
6867;-18;18
6868;-16;16
6869;-20;12
6870;-18;8
6871;-20;6
6872;-22;6
6873;-24;-6
6874;-22;-18
6875;-24;-14
6876;-24;6
6877;-24;6
6878;-28;0
6879;-28;-2
6880;-30;-4
6881;-30;-6
6882;-28;-22
6883;-32;-26
6884;-34;-6
6885;-26;8
6886;-34;6
6887;-36;0
6888;-36;-2
6889;-36;-4
6890;-36;-10
6891;-40;-26
6892;-40;-22
6893;-40;2
6894;-42;8
6895;-42;4
6896;-42;-10
6897;-44;-26
6898;-44;-36
6899;-44;-14
6900;-50;-2
6901;-46;-6
6902;-48;-10
6903;-48;-12
6904;-54;-14
6905;-50;-28
6906;-52;-38
6907;-52;-16
6908;-54;-2
6909;-54;-6
6910;-54;-10
6911;-36;-12
6912;-56;-14
6913;-56;-26
6914;-58;-38
6915;-60;-26
6916;-58;-2
6917;-58;-8
6918;-60;-14
6919;-58;-18
6920;-60;-20
6921;-62;-24
6922;-60;-38
6923;-60;-40
6924;-60;-14
6925;-60;-8
6926;-70;-14
6927;-60;-18
6928;-58;-20
6929;-60;-20
6930;-48;-26
6931;-60;-42
6932;-60;-40
6933;-58;-16
6934;-62;-8
6935;-60;-12
6936;-60;-18
6937;-60;-18
6938;-60;-34
6939;-60;-46
6940;-60;-40
6941;-36;-20
6942;-58;-14
6943;-58;-18
6944;-58;-22
6945;-66;-24
6946;-56;-26
6947;-58;-36
6948;-56;-46
6949;-60;-40
6950;-56;-18
6951;-54;-14
6952;-54;-18
6953;-54;-24
6954;-54;-24
6955;-52;-26
6956;-62;-26
6957;-52;-40
6958;-50;-50
6959;-50;-30
6960;-44;-14
6961;-48;-18
6962;-48;-22
6963;-48;-26
6964;-44;-26
6965;-46;-36
6966;-44;-48
6967;-42;-42
6968;-42;-20
6969;-40;-16
6970;-42;-20
6971;-40;-22
6972;-40;-24
6973;-38;-26
6974;-36;-26
6975;-36;-38
6976;-34;-50
6977;-34;-38
6978;-34;-18
6979;-36;-16
6980;-32;-22
6981;-30;-28
6982;-30;-28
6983;-28;-32
6984;-28;-46
6985;-28;-50
6986;-28;-28
6987;-26;-16
6988;-22;-20
6989;-24;-26
6990;-24;-26
6991;-20;-28
6992;-20;-38
6993;-20;-50
6994;-20;-36
6995;-18;-16
6996;-18;-18
6997;-18;-24
6998;-18;-28
6999;-16;-28
7000;-16;-28
7001;-18;-42
7002;-14;-48
7003;-12;-28
7004;-10;-14
7005;-16;-16
7006;-8;-20
7007;-6;-24
7008;-6;-26
7009;-4;-26
7010;-4;-40
7011;0;-50
7012;-6;-24
7013;-2;-12
7014;0;-18
7015;2;-22
7016;2;-24
7017;4;-26
7018;4;-42
7019;4;-48
7020;10;-26
7021;6;-4
7022;8;-8
7023;10;-12
7024;10;-16
7025;10;-20
7026;12;-36
7027;0;-36
7028;10;-10
7029;14;-4
7030;14;-10
7031;18;-14
7032;14;-16
7033;14;-18
7034;16;-34
7035;10;-40
7036;18;-12
7037;16;-4
7038;18;-8
7039;20;-14
7040;20;-16
7041;20;-16
7042;22;-22
7043;22;-32
7044;22;-24
7045;24;-2
7046;22;2
7047;26;-4
7048;26;-6
7049;26;-8
7050;24;-10
7051;28;-18
7052;28;-32
7053;28;-24
7054;30;-2
7055;30;2
7056;32;-4
7057;18;-6
7058;32;-10
7059;34;-10
7060;34;-10
7061;38;-26
7062;34;-32
7063;34;-10
7064;34;10
7065;38;8
7066;36;2
7067;36;0
7068;36;-2
7069;36;-2
7070;38;-10
7071;38;-24
7072;40;-18
7073;38;10
7074;38;10
7075;38;4
7076;40;2
7077;38;0
7078;38;-2
7079;40;-2
7080;40;-18
7081;40;-26
7082;40;-10
7083;40;22
7084;40;20
7085;40;12
7086;40;10
7087;46;10
7088;40;2
7089;40;-14
7090;40;-4
7091;40;18
7092;42;20
7093;40;14
7094;40;12
7095;42;10
7096;40;10
7097;42;4
7098;40;-12
7099;42;-12
7100;42;12
7101;42;20
7102;36;16
7103;40;12
7104;40;22
7105;40;6
7106;32;-4
7107;40;12
7108;40;32
7109;38;30
7110;38;26
7111;38;22
7112;36;22
7113;56;20
7114;36;14
7115;38;-4
7116;36;2
7117;34;26
7118;38;32
7119;36;26
7120;36;24
7121;38;22
7122;36;20
7123;36;20
7124;34;6
7125;36;4
7126;34;18
7127;34;38
7128;24;38
7129;34;34
7130;34;30
7131;36;28
7132;46;28
7133;36;26
7134;36;12
7135;34;2
7136;34;20
7137;34;38
7138;34;38
7139;34;32
7140;32;30
7141;32;28
7142;34;28
7143;54;28
7144;32;10
7145;32;4
7146;32;30
7147;26;46
7148;30;42
7149;32;38
7150;30;36
7151;28;36
7152;28;34
7153;30;22
7154;30;8
7155;30;30
7156;30;46
7157;30;44
7158;26;38
7159;30;36
7160;28;34
7161;32;30
7162;34;14
7163;30;12
7164;30;34
7165;32;46
7166;34;44
7167;32;42
7168;32;38
7169;32;22
7170;30;16
7171;30;34
7172;30;50
7173;34;48
7174;32;42
7175;32;40
7176;32;38
7177;34;38
7178;32;36
7179;30;22
7180;32;12
7181;30;38
7182;32;50
7183;32;46
7184;34;40
7185;32;38
7186;32;38
7187;32;38
7188;32;26
7189;34;16
7190;32;24
7191;32;48
7192;32;50
7193;32;44
7194;32;40
7195;32;40
7196;34;38
7197;32;32
7198;30;16
7199;32;22
7200;30;50
7201;32;50
7202;32;44
7203;28;40
7204;34;40
7205;32;32
7206;32;16
7207;24;16
7208;32;44
7209;32;52
7210;32;46
7211;34;42
7212;32;40
7213;32;40
7214;26;26
7215;30;14
7216;32;28
7217;32;48
7218;32;48
7219;32;44
7220;30;40
7221;28;40
7222;38;38
7223;30;32
7224;30;16
7225;30;20
7226;30;44
7227;28;50
7228;28;44
7229;16;40
7230;26;30
7231;26;14
7232;26;24
7233;30;46
7234;24;46
7235;24;42
7236;26;38
7237;22;38
7238;24;32
7239;24;16
7240;24;14
7241;24;36
7242;24;48
7243;22;44
7244;42;40
7245;20;38
7246;20;34
7247;20;34
7248;8;22
7249;18;12
7250;20;24
7251;18;42
7252;18;40
7253;18;36
7254;18;32
7255;18;32
7256;18;32
7257;16;26
7258;16;10
7259;16;10
7260;16;32
7261;14;42
7262;16;40
7263;18;34
7264;14;32
7265;14;32
7266;12;30
7267;12;26
7268;10;10
7269;10;12
7270;10;40
7271;10;32
7272;8;26
7273;8;24
7274;4;22
7275;8;14
7276;6;-2
7277;8;0
7278;8;30
7279;6;32
7280;6;26
7281;4;22
7282;6;22
7283;4;20
7284;2;8
7285;0;-4
7286;0;6
7287;2;30
7288;0;32
7289;2;26
7290;0;20
7291;0;22
7292;-4;4
7293;-2;-14
7294;-4;-10
7295;-6;14
7296;-6;22
7297;-6;16
7298;-8;12
7299;-10;10
7300;-10;10
7301;-12;-4
7302;-12;-16
7303;-12;6
7304;-12;22
7305;-14;18
7306;-16;14
7307;-18;8
7308;-16;10
7309;-18;0
7310;-20;-14
7311;-22;-8
7312;-22;18
7313;-22;8
7314;-26;2
7315;-8;-2
7316;-26;-4
7317;-26;-4
7318;-28;-10
7319;-36;-24
7320;-30;-26
7321;-30;-2
7322;-32;8
7323;-36;4
7324;-36;-2
7325;-34;-2
7326;-36;-4
7327;-36;-6
7328;-36;-8
7329;-40;-24
7330;-62;-26
7331;-42;2
7332;-42;6
7333;-42;-8
7334;-30;-12
7335;-42;-16
7336;-44;-32
7337;-46;-38
7338;-42;-20
7339;-46;-4
7340;-48;-6
7341;-48;-10
7342;-48;-14
7343;-50;-14
7344;-50;-16
7345;-38;-22
7346;-52;-36
7347;-52;-32
7348;-52;-6
7349;-66;-4
7350;-54;-10
7351;-54;-12
7352;-56;-16
7353;-58;-16
7354;-56;-22
7355;-56;-38
7356;-56;-44
7357;-60;-26
7358;-58;-10
7359;-60;-12
7360;-70;-16
7361;-60;-18
7362;-58;-18
7363;-60;-30
7364;-60;-42
7365;-60;-34
7366;-60;-10
7367;-60;-8
7368;-62;-14
7369;-60;-18
7370;-60;-18
7371;-60;-20
7372;-58;-24
7373;-58;-38
7374;-60;-42
7375;-64;-20
7376;-60;-14
7377;-58;-20
7378;-58;-24
7379;-58;-26
7380;-60;-26
7381;-58;-30
7382;-60;-46
7383;-56;-46
7384;-56;-26
7385;-56;-14
7386;-58;-18
7387;-56;-22
7388;-56;-24
7389;-54;-24
7390;-48;-26
7391;-52;-42
7392;-52;-48
7393;-52;-24
7394;-50;-14
7395;-52;-18
7396;-50;-24
7397;-48;-36
7398;-48;-50
7399;-48;-40
7400;-46;-20
7401;-46;-18
7402;-48;-24
7403;-44;-26
7404;-40;-28
7405;-44;-28
7406;-42;-32
7407;-40;-48
7408;-38;-48
7409;-40;-20
7410;-38;-16
7411;-36;-22
7412;-34;-24
7413;-34;-26
7414;-34;-28
7415;-32;-42
7416;-42;-50
7417;-30;-34
7418;-30;-14
7419;-28;-14
7420;-32;-20
7421;-26;-24
7422;-26;-24
7423;-24;-26
7424;-24;-38
7425;-24;-48
7426;-22;-28
7427;-22;-12
7428;-20;-16
7429;-20;-22
7430;-20;-24
7431;-42;-24
7432;-18;-26
7433;-16;-40
7434;-16;-48
7435;-4;-30
7436;-14;-14
7437;-14;-14
7438;-14;-16
7439;-14;-20
7440;-10;-32
7441;-12;-44
7442;-10;-30
7443;-8;-12
7444;-8;-10
7445;-8;-16
7446;14;-20
7447;-6;-20
7448;-4;-22
7449;-4;-22
7450;-10;-36
7451;0;-46
7452;-2;-24
7453;0;-10
7454;0;-14
7455;0;-18
7456;2;-20
7457;4;-22
7458;6;-16
7459;6;-32
7460;6;-40
7461;-2;-24
7462;8;-4
7463;10;-6
7464;10;-10
7465;16;-14
7466;12;-16
7467;12;-16
7468;12;-16
7469;14;-30
7470;14;-40
7471;16;-18
7472;18;-4
7473;18;-8
7474;18;-12
7475;18;-14
7476;18;-16
7477;22;-22
7478;20;-38
7479;22;-28
7480;24;-6
7481;22;2
7482;24;-2
7483;24;-6
7484;28;-8
7485;26;-10
7486;28;-10
7487;28;-24
7488;28;-32
7489;28;-16
7490;30;2
7491;36;2
7492;30;-4
7493;30;-8
7494;32;-8
7495;36;-16
7496;32;-30
7497;34;-26
7498;36;-4
7499;36;4
7500;36;6
7501;36;2
7502;36;-8
7503;36;-24
7504;36;-18
7505;36;8
7506;32;8
7507;38;4
7508;36;-2
7509;38;-2
7510;30;-2
7511;40;-14
7512;38;-26
7513;38;-8
7514;38;10
7515;38;6
7516;38;2
7517;60;-2
7518;38;-2
7519;40;-16
7520;38;-26
7521;34;-4
7522;40;16
7523;40;14
7524;40;12
7525;40;8
7526;40;6
7527;40;2
7528;40;-14
7529;42;-16
7530;40;12
7531;40;18
7532;30;12
7533;40;8
7534;42;6
7535;40;2
7536;52;-16
7537;42;-14
7538;40;10
7539;40;18
7540;42;14
7541;42;12
7542;42;10
7543;40;-6
7544;42;-6
7545;42;22
7546;40;26
7547;50;20
7548;40;16
7549;40;14
7550;40;12
7551;28;-4
7552;40;-12
7553;38;10
7554;38;26
7555;36;24
7556;38;18
7557;38;16
7558;36;14
7559;38;14
7560;38;12
7561;38;-6
7562;22;-10
7563;36;20
7564;38;36
7565;36;34
7566;42;30
7567;36;26
7568;36;26
7569;36;12
7570;38;2
7571;34;18
7572;34;36
7573;36;36
7574;34;30
7575;34;26
7576;34;26
7577;30;26
7578;34;10
7579;34;0
7580;34;24
7581;36;38
7582;32;32
7583;32;38
7584;34;32
7585;34;14
7586;32;12
7587;32;34
7588;32;44
7589;32;40
7590;30;36
7591;30;34
7592;38;34
7593;32;28
7594;30;12
7595;30;14
7596;32;36
7597;30;44
7598;32;40
7599;32;36
7600;32;32
7601;30;32
7602;32;32
7603;34;32
7604;32;34
7605;32;18
7606;34;14
7607;30;36
7608;34;50
7609;34;46
7610;34;42
7611;28;40
7612;34;38
7613;34;32
7614;34;16
7615;36;18
7616;34;42
7617;34;50
7618;28;46
7619;34;40
7620;34;38
7621;34;38
7622;32;36
7623;36;32
7624;34;16
7625;34;22
7626;36;50
7627;34;54
7628;36;46
7629;34;44
7630;36;44
7631;34;40
7632;34;24
7633;12;20
7634;34;40
7635;34;54
7636;34;50
7637;46;46
7638;32;42
7639;34;42
7640;32;42
7641;36;38
7642;34;22
7643;32;16
7644;32;44
7645;34;54
7646;34;52
7647;32;48
7648;44;34
7649;32;20
7650;32;28
7651;32;50
7652;28;54
7653;32;50
7654;32;46
7655;32;44
7656;34;42
7657;32;38
7658;32;22
7659;30;22
7660;30;44
7661;30;54
7662;30;52
7663;34;46
7664;28;42
7665;30;42
7666;28;42
7667;30;28
7668;30;18
7669;26;26
7670;28;48
7671;28;52
7672;28;46
7673;26;42
7674;26;40
7675;26;40
7676;26;36
7677;26;20
7678;20;16
7679;26;38
7680;24;52
7681;24;48
7682;24;42
7683;22;40
7684;22;40
7685;22;40
7686;24;38
7687;22;40
7688;22;20
7689;22;8
7690;22;20
7691;20;42
7692;22;44
7693;22;38
7694;20;34
7695;20;32
7696;18;32
7697;20;32
7698;18;16
7699;18;8
7700;20;32
7701;18;44
7702;18;40
7703;14;34
7704;18;32
7705;14;32
7706;14;22
7707;12;8
7708;12;8
7709;12;28
7710;10;32
7711;10;26
7712;12;24
7713;8;22
7714;8;18
7715;8;0
7716;6;-6
7717;6;24
7718;4;34
7719;14;28
7720;4;22
7721;4;22
7722;4;20
7723;-6;20
7724;2;10
7725;2;-4
7726;0;4
7727;-6;28
7728;0;32
7729;-2;16
7730;-2;10
7731;-2;8
7732;-4;-10
7733;-4;-18
7734;-28;4
7735;-6;20
7736;-8;18
7737;-8;12
7738;2;10
7739;-8;8
7740;-10;8
7741;-10;2
7742;-10;-14
7743;-12;-14
7744;-14;10
7745;-14;20
7746;-16;16
7747;-18;12
7748;-18;8
7749;-18;8
7750;-20;-10
7751;-22;-24
7752;-24;-28
7753;-32;-4
7754;-24;8
7755;-26;4
7756;-26;-2
7757;-28;-4
7758;-28;-6
7759;-30;-8
7760;-30;-18
7761;-32;-30
7762;-34;-16
7763;-34;4
7764;-32;6
7765;-36;0
7766;-40;-4
7767;-40;-4
7768;-40;-6
7769;-40;-6
7770;-42;-6
7771;-44;-24
7772;-46;-38
7773;-44;-34
7774;-46;-12
7775;-44;-4
7776;-48;-6
7777;-48;-14
7778;-50;-14
7779;-52;-16
7780;-52;-24
7781;-52;-38
7782;-50;-32
7783;-52;-10
7784;-54;-4
7785;-50;-8
7786;-52;-14
7787;-50;-16
7788;-54;-16
7789;-54;-22
7790;-54;-38
7791;-54;-32
7792;-54;-16
7793;-54;-10
7794;-50;-16
7795;-56;-20
7796;-56;-20
7797;-56;-22
7798;-54;-32
7799;-56;-44
7800;-56;-32
7801;-56;-12
7802;-56;-14
7803;-56;-18
7804;-56;-22
7805;-52;-22
7806;-56;-26
7807;-56;-40
7808;-54;-44
7809;-54;-18
7810;-56;-10
7811;-56;-16
7812;-54;-18
7813;-50;-32
7814;-54;-46
7815;-54;-42
7816;-52;-14
7817;-54;-14
7818;-54;-20
7819;-54;-22
7820;-32;-24
7821;-52;-28
7822;-52;-44
7823;-52;-46
7824;-60;-28
7825;-52;-14
7826;-52;-16
7827;-50;-20
7828;-56;-24
7829;-52;-24
7830;-50;-26
7831;-50;-42
7832;-48;-48
7833;-50;-20
7834;-50;-12
7835;-54;-18
7836;-50;-22
7837;-46;-24
7838;-48;-30
7839;-34;-46
7840;-46;-40
7841;-44;-20
7842;-44;-12
7843;-42;-18
7844;-42;-22
7845;-44;-22
7846;-42;-30
7847;-42;-44
7848;-42;-42
7849;-40;-20
7850;-20;-12
7851;-38;-16
7852;-38;-20
7853;-36;-24
7854;-48;-24
7855;-36;-40
7856;-34;-46
7857;-34;-26
7858;-32;-12
7859;-30;-14
7860;-30;-20
7861;-30;-22
7862;-28;-24
7863;-28;-24
7864;-26;-32
7865;-22;-44
7866;-26;-40
7867;-26;-18
7868;-22;-12
7869;-20;-16
7870;-22;-22
7871;-20;-22
7872;-22;-22
7873;-20;-26
7874;-18;-38
7875;-16;-44
7876;-16;-28
7877;-16;-12
7878;-14;-10
7879;-12;-16
7880;-18;-18
7881;-10;-20
7882;-10;-20
7883;-10;-26
7884;-10;-42
7885;-8;-40
7886;-8;-12
7887;-6;-10
7888;-2;-16
7889;-4;-18
7890;-6;-22
7891;-2;-22
7892;-2;-30
7893;0;-44
7894;0;-36
7895;6;-12
7896;4;-4
7897;4;-10
7898;4;-14
7899;8;-16
7900;8;-16
7901;10;-32
7902;10;-38
7903;10;-20
7904;10;-4
7905;12;-6
7906;12;-10
7907;14;-14
7908;12;-16
7909;12;-16
7910;10;-26
7911;16;-38
7912;18;-24
7913;16;-4
7914;12;-6
7915;18;-12
7916;18;-12
7917;20;-16
7918;22;-32
7919;22;-30
7920;22;-8
7921;42;2
7922;22;-4
7923;24;-8
7924;26;-10
7925;18;-12
7926;28;-16
7927;28;-32
7928;28;-32
7929;22;-10
7930;30;0
7931;30;-4
7932;30;-10
7933;34;-10
7934;32;-10
7935;32;-12
7936;10;-24
7937;32;-34
7938;34;-20
7939;36;4
7940;48;6
7941;36;2
7942;36;-4
7943;38;-6
7944;40;-6
7945;38;-6
7946;38;-18
7947;36;-30
7948;38;-12
7949;38;6
7950;38;4
7951;42;-4
7952;40;-6
7953;38;-4
7954;38;-8
7955;28;-24
7956;40;-30
7957;38;-10
7958;38;18
7959;36;12
7960;40;8
7961;40;4
7962;38;2
7963;40;-12
7964;40;-22
7965;40;-6
7966;24;14
7967;40;14
7968;40;8
7969;40;6
7970;46;4
7971;40;4
7972;40;2
7973;38;-8
7974;42;-20
7975;38;-8
7976;40;16
7977;38;12
7978;40;6
7979;40;18
7980;40;4
7981;34;-10
7982;38;4
7983;40;26
7984;38;26
7985;40;20
7986;38;16
7987;38;16
7988;38;14
7989;36;6
7990;38;-8
7991;38;2
7992;36;26
7993;36;24
7994;38;20
7995;36;16
7996;40;16
7997;34;12
7998;34;-4
7999;34;-8
8000;36;22
8001;34;36
8002;34;32
8003;34;26
8004;36;26
8005;34;24
8006;34;14
8007;36;0
8008;34;14
8009;34;34
8010;36;34
8011;32;30
8012;34;26
8013;34;24
8014;34;22
8015;24;10
8016;34;-2
8017;34;14
8018;34;34
8019;36;34
8020;34;30
8021;34;34
8022;24;18
8023;32;8
8024;34;28
8025;34;44
8026;32;42
8027;34;38
8028;32;34
8029;32;32
8030;38;32
8031;32;22
8032;32;8
8033;32;18
8034;32;40
8035;32;44
8036;34;38
8037;20;36
8038;32;34
8039;34;32
8040;32;22
8041;44;8
8042;34;30
8043;32;54
8044;32;50
8045;34;46
8046;32;42
8047;34;40
8048;34;40
8049;34;40
8050;34;24
8051;34;16
8052;58;36
8053;34;54
8054;36;52
8055;36;44
8056;24;42
8057;34;40
8058;36;40
8059;34;32
8060;34;18
8061;36;24
8062;36;52
8063;36;56
8064;34;50
8065;36;48
8066;34;46
8067;28;38
8068;34;24
8069;36;26
8070;34;50
8071;42;58
8072;36;52
8073;36;48
8074;34;46
8075;36;46
8076;34;42
8077;36;26
8078;34;22
8079;34;48
8080;34;58
8081;34;52
8082;36;48
8083;34;48
8084;34;32
8085;34;22
8086;34;32
8087;34;54
8088;34;56
8089;32;52
8090;34;48
8091;32;46
8092;32;44
8093;32;44
8094;32;34
8095;30;20
8096;30;34
8097;38;56
8098;30;54
8099;32;48
8100;32;46
8101;32;44
8102;30;42
8103;28;24
8104;28;16
8105;30;36
8106;28;52
8107;26;48
8108;26;44
8109;26;42
8110;24;40
8111;26;40
8112;24;32
8113;24;16
8114;24;20
8115;24;42
8116;20;50
8117;22;46
8118;22;42
8119;22;40
8120;20;38
8121;20;32
8122;20;16
8123;36;18
8124;18;42
8125;18;44
8126;18;38
8127;16;34
8128;20;32
8129;18;30
8130;20;16
8131;14;6
8132;18;22
8133;18;40
8134;18;40
8135;18;36
8136;16;32
8137;18;32
8138;0;30
8139;16;28
8140;14;12
8141;14;6
8142;28;30
8143;14;42
8144;14;38
8145;14;34
8146;14;22
8147;12;2
8148;12;-4
8149;12;18
8150;10;32
8151;10;28
8152;8;24
8153;22;22
8154;8;20
8155;8;8
8156;6;-4
8157;-6;6
8158;8;28
8159;6;30
8160;6;26
8161;0;22
8162;4;20
8163;2;20
8164;2;6
8165;0;-6
8166;0;12
8167;-2;18
8168;-16;16
8169;-2;10
8170;-2;8
8171;-2;8
8172;0;2
8173;-4;-16
8174;-6;-12
8175;-6;14
8176;-6;18
8177;-8;12
8178;-10;10
8179;-10;6
8180;-10;6
8181;-12;-2
8182;-14;-16
8183;-18;-12
8184;-14;12
8185;-16;20
8186;-16;12
8187;-16;10
8188;-16;-10
8189;-20;-26
8190;-20;-24
8191;-22;-2
8192;-22;6
8193;-24;2
8194;-24;-2
8195;-26;-4
8196;-26;-6
8197;-28;-22
8198;-22;-30
8199;-28;-6
8200;-30;6
8201;-32;2
8202;-32;-4
8203;-32;-4
8204;-34;-6
8205;-36;-6
8206;-36;-12
8207;-36;-28
8208;-38;-28
8209;-38;-8
8210;-40;-2
8211;-42;-6
8212;-42;-10
8213;-46;-12
8214;-46;-14
8215;-44;-22
8216;-44;-36
8217;-54;-26
8218;-46;-4
8219;-48;-2
8220;-48;-8
8221;-48;-10
8222;-50;-12
8223;-52;-16
8224;-60;-30
8225;-52;-36
8226;-52;-10
8227;-52;-2
8228;-56;-6
8229;-56;-14
8230;-56;-28
8231;-54;-40
8232;-54;-30
8233;-54;-10
8234;-56;-8
8235;-56;-12
8236;-54;-16
8237;-56;-18
8238;-56;-24
8239;-80;-40
8240;-56;-36
8241;-58;-14
8242;-56;-6
8243;-44;-12
8244;-56;-16
8245;-54;-16
8246;-58;-18
8247;-54;-22
8248;-56;-34
8249;-56;-40
8250;-56;-24
8251;-56;-10
8252;-56;-14
8253;-56;-20
8254;-34;-20
8255;-56;-22
8256;-54;-28
8257;-54;-42
8258;-66;-38
8259;-54;-14
8260;-54;-10
8261;-54;-16
8262;-56;-20
8263;-56;-20
8264;-54;-22
8265;-54;-26
8266;-54;-40
8267;-52;-44
8268;-52;-22
8269;-58;-12
8270;-50;-12
8271;-50;-20
8272;-50;-32
8273;-44;-46
8274;-48;-32
8275;-46;-12
8276;-48;-16
8277;-46;-20
8278;-46;-22
8279;-46;-24
8280;-46;-30
8281;-46;-46
8282;-46;-42
8283;-44;-20
8284;-44;-12
8285;-42;-16
8286;-42;-22
8287;-42;-22
8288;-40;-26
8289;-40;-42
8290;-40;-46
8291;-38;-22
8292;-36;-10
8293;-36;-14
8294;-36;-20
8295;-34;-20
8296;-34;-22
8297;-34;-24
8298;-32;-28
8299;-26;-44
8300;-30;-38
8301;-30;-12
8302;-28;-12
8303;-26;-18
8304;-28;-20
8305;-28;-22
8306;-26;-22
8307;-24;-36
8308;-24;-46
8309;-26;-26
8310;-24;-10
8311;-24;-14
8312;-22;-16
8313;-22;-26
8314;-26;-42
8315;-18;-40
8316;-18;-18
8317;-18;-10
8318;-24;-16
8319;-16;-20
8320;-14;-22
8321;-14;-22
8322;-12;-24
8323;-12;-34
8324;-10;-46
8325;6;-26
8326;-8;-10
8327;-6;-14
8328;-8;-18
8329;-10;-20
8330;-4;-22
8331;0;-24
8332;-2;-40
8333;-2;-42
8334;0;-22
8335;0;-10
8336;4;-12
8337;4;-16
8338;4;-18
8339;6;-20
8340;-2;-28
8341;6;-42
8342;8;-32
8343;10;-8
8344;24;-10
8345;12;-14
8346;12;-18
8347;14;-20
8348;14;-28
8349;14;-42
8350;16;-34
8351;16;-12
8352;16;-10
8353;18;-14
8354;18;-12
8355;40;-26
8356;20;-38
8357;22;-20
8358;22;-2
8359;18;-8
8360;22;-12
8361;22;-14
8362;24;-14
8363;24;-16
8364;26;-18
8365;24;-32
8366;26;-38
8367;28;-20
8368;28;-6
8369;28;-6
8370;24;-10
8371;30;-14
8372;30;-14
8373;30;-16
8374;36;-30
8375;32;-34
8376;32;-14
8377;34;4
8378;38;0
8379;36;-6
8380;34;-8
8381;36;-10
8382;36;-10
8383;36;-24
8384;38;-34
8385;40;-14
8386;38;4
8387;36;0
8388;38;-6
8389;38;-8
8390;36;-8
8391;38;-8
8392;38;-14
8393;36;-28
8394;38;-32
8395;38;-8
8396;38;14
8397;38;10
8398;38;4
8399;38;2
8400;38;2
8401;38;-4
8402;38;-18
8403;40;-20
8404;36;0
8405;40;14
8406;38;10
8407;40;6
8408;40;2
8409;40;2
8410;40;0
8411;40;-4
8412;40;-18
8413;42;-20
8414;40;8
8415;36;12
8416;40;8
8417;40;16
8418;38;0
8419;34;-10
8420;40;6
8421;40;24
8422;40;24
8423;40;22
8424;38;16
8425;40;16
8426;40;14
8427;38;4
8428;38;-10
8429;38;6
8430;42;26
8431;38;24
8432;36;20
8433;38;16
8434;42;12
8435;36;-2
8436;36;-12
8437;34;12
8438;36;40
8439;34;36
8440;34;30
8441;32;28
8442;34;26
8443;34;26
8444;34;14
8445;36;2
8446;34;20
8447;34;38
8448;32;38
8449;28;30
8450;32;28
8451;34;28
8452;34;20
8453;34;4
8454;34;6
8455;34;30
8456;38;38
8457;32;32
8458;34;42
8459;34;30
8460;24;14
8461;32;20
8462;34;42
8463;32;50
8464;30;44
8465;34;40
8466;32;38
8467;34;36
8468;32;28
8469;34;14
8470;32;18
8471;20;42
8472;32;48
8473;32;42
8474;32;38
8475;38;38
8476;34;36
8477;34;34
8478;34;26
8479;36;18
8480;34;24
8481;34;48
8482;34;52
8483;34;48
8484;34;44
8485;34;42
8486;38;40
8487;34;36
8488;34;22
8489;36;18
8490;38;46
8491;34;52
8492;38;48
8493;38;44
8494;34;40
8495;36;34
8496;38;18
8497;36;22
8498;36;44
8499;38;52
8500;36;52
8501;44;48
8502;38;40
8503;36;24
8504;36;24
8505;36;46
8506;36;56
8507;36;50
8508;36;48
8509;34;44
8510;34;44
8511;34;42
8512;34;28
8513;34;20
8514;32;42
8515;34;54
8516;30;52
8517;32;46
8518;34;44
8519;34;42
8520;26;44
8521;34;34
8522;32;22
8523;32;24
8524;34;48
8525;32;56
8526;32;50
8527;34;46
8528;30;44
8529;32;44
8530;30;38
8531;32;22
8532;30;22
8533;32;46
8534;30;54
8535;38;50
8536;30;46
8537;30;44
8538;30;40
8539;30;42
8540;26;32
8541;28;18
8542;36;24
8543;26;48
8544;28;48
8545;28;44
8546;22;40
8547;26;40
8548;26;38
8549;26;30
8550;16;16
8551;24;22
8552;24;44
8553;26;50
8554;24;44
8555;24;40
8556;22;38
8557;30;38
8558;22;38
8559;22;24
8560;22;12
8561;22;26
8562;20;50
8563;20;42
8564;18;36
8565;16;32
8566;18;30
8567;20;30
8568;18;26
8569;18;10
8570;18;10
8571;16;36
8572;14;40
8573;16;36
8574;18;32
8575;16;30
8576;20;30
8577;16;26
8578;16;8
8579;14;8
8580;18;36
8581;14;42
8582;14;34
8583;12;22
8584;12;6
8585;12;-6
8586;12;8
8587;12;30
8588;10;30
8589;10;24
8590;10;20
8591;10;20
8592;8;18
8593;10;4
8594;8;-6
8595;6;14
8596;6;30
8597;6;28
8598;4;22
8599;4;18
8600;4;18
8601;4;18
8602;0;6
8603;2;-8
8604;0;-2
8605;0;16
8606;0;18
8607;0;14
8608;0;8
8609;0;8
8610;0;4
8611;-2;-14
8612;-2;-16
8613;-4;6
8614;-4;18
8615;-4;16
8616;-4;12
8617;-10;8
8618;-6;6
8619;-8;4
8620;-10;-12
8621;-16;-16
8622;-12;12
8623;-14;20
8624;-12;14
8625;-14;0
8626;-16;-16
8627;-16;-26
8628;-22;-10
8629;-20;8
8630;-18;8
8631;-20;2
8632;-22;-2
8633;-20;-2
8634;-24;-2
8635;-26;-8
8636;-20;-24
8637;-28;-22
8638;-26;4
8639;-28;8
8640;-30;4
8641;-30;0
8642;-32;-2
8643;-46;-4
8644;-34;-12
8645;-36;-26
8646;-36;-28
8647;-28;-4
8648;-36;0
8649;-40;-4
8650;-38;-8
8651;-44;-10
8652;-42;-10
8653;-42;-12
8654;-44;-24
8655;-44;-34
8656;-46;-24
8657;-44;-4
8658;-38;2
8659;-48;-6
8660;-48;-10
8661;-48;-10
8662;-54;-10
8663;-48;-12
8664;-52;-24
8665;-54;-36
8666;-56;-18
8667;-54;-6
8668;-52;-6
8669;-56;-12
8670;-56;-14
8671;-56;-16
8672;-56;-16
8673;-70;-22
8674;-58;-36
8675;-58;-36
8676;-56;-8
8677;-52;-6
8678;-60;-10
8679;-58;-14
8680;-60;-16
8681;-58;-18
8682;-60;-30
8683;-62;-40
8684;-60;-26
8685;-62;-6
8686;-60;-8
8687;-60;-10
8688;-62;-22
8689;-62;-38
8690;-60;-40
8691;-60;-20
8692;-58;-10
8693;-60;-12
8694;-60;-18
8695;-62;-20
8696;-58;-20
8697;-60;-20
8698;-60;-28
8699;-60;-42
8700;-60;-38
8701;-60;-16
8702;-58;-10
8703;-54;-14
8704;-58;-18
8705;-60;-20
8706;-58;-20
8707;-58;-22
8708;-58;-26
8709;-56;-40
8710;-56;-48
8711;-56;-30
8712;-58;-14
8713;-56;-16
8714;-56;-20
8715;-56;-24
8716;-52;-24
8717;-54;-30
8718;-58;-46
8719;-52;-42
8720;-52;-20
8721;-50;-12
8722;-58;-18
8723;-50;-20
8724;-48;-24
8725;-46;-24
8726;-44;-24
8727;-44;-26
8728;-44;-42
8729;-50;-48
8730;-44;-32
8731;-42;-16
8732;-40;-18
8733;-40;-24
8734;-38;-26
8735;-36;-26
8736;-36;-30
8737;-28;-46
8738;-34;-46
8739;-32;-20
8740;-32;-16
8741;-30;-20
8742;-30;-24
8743;-30;-26
8744;-26;-26
8745;-28;-36
8746;-26;-48
8747;-26;-38
8748;-14;-16
8749;-24;-18
8750;-22;-22
8751;-20;-34
8752;-24;-46
8753;-18;-34
8754;-18;-14
8755;-18;-18
8756;-18;-22
8757;-16;-24
8758;-16;-26
8759;-2;-38
8760;-14;-48
8761;-10;-34
8762;-10;-16
8763;-6;-16
8764;-10;-22
8765;-6;-24
8766;-6;-28
8767;-4;-42
8768;-6;-48
8769;-4;-32
8770;-2;-14
8771;0;-12
8772;-2;-18
8773;2;-26
8774;8;-42
8775;2;-42
8776;6;-16
8777;4;-10
8778;0;-16
8779;6;-20
8780;6;-20
8781;8;-24
8782;12;-40
8783;10;-44
8784;10;-26
8785;12;-10
8786;12;-14
8787;14;-18
8788;16;-20
8789;20;-22
8790;16;-24
8791;16;-36
8792;18;-40
8793;16;-24
8794;18;-6
8795;18;-8
8796;20;-12
8797;18;-16
8798;22;-16
8799;22;-22
8800;24;-38
8801;22;-38
8802;24;-10
8803;26;-6
8804;26;-10
8805;28;-16
8806;28;-16
8807;28;-16
8808;28;-30
8809;30;-40
8810;32;-22
8811;32;-6
8812;34;-8
8813;34;-4
8814;34;-8
8815;34;-24
8816;34;-32
8817;36;-10
8818;36;4
8819;32;0
8820;36;-4
8821;36;-6
8822;34;-8
8823;34;-22
8824;36;-32
8825;38;-18
8826;38;4
8827;40;2
8828;38;-2
8829;38;-6
8830;40;-8
8831;38;-8
8832;40;-8
8833;40;4
8834;42;-12
8835;40;-20
8836;38;-6
8837;38;14
8838;48;16
8839;38;10
8840;40;6
8841;40;4
8842;38;4
8843;40;0
8844;38;-18
8845;44;-18
8846;38;4
8847;38;16
8848;38;12
8849;38;8
8850;40;6
8851;38;4
8852;38;2
8853;34;-6
8854;40;-8
8855;38;0
8856;40;22
8857;40;28
8858;40;24
8859;38;18
8860;36;16
8861;40;16
8862;38;12
8863;38;-4
8864;34;-6
8865;38;22
8866;38;28
8867;38;22
8868;36;18
8869;40;16
8870;40;16
8871;38;10
8872;38;-6
8873;40;-4
8874;38;18
8875;24;38
8876;38;34
8877;38;28
8878;38;26
8879;42;20
8880;38;6
8881;36;8
8882;38;34
8883;40;38
8884;38;32
8885;36;28
8886;36;24
8887;36;10
8888;38;0
8889;38;18
8890;40;36
8891;36;34
8892;36;30
8893;36;30
8894;36;26
8895;36;26
8896;34;30
8897;36;16
8898;34;14
8899;36;38
8900;36;48
8901;34;44
8902;34;40
8903;34;38
8904;34;36
8905;38;34
8906;34;20
8907;32;12
8908;34;28
8909;32;46
8910;32;46
8911;32;40
8912;32;38
8913;34;36
8914;32;36
8915;32;34
8916;32;22
8917;34;16
8918;32;34
8919;34;52
8920;34;50
8921;32;46
8922;34;42
8923;34;40
8924;26;40
8925;34;28
8926;34;16
8927;34;30
8928;34;48
8929;34;50
8930;34;46
8931;30;44
8932;34;40
8933;34;40
8934;34;40
8935;32;28
8936;34;14
8937;34;36
8938;34;56
8939;42;52
8940;34;46
8941;34;44
8942;34;44
8943;36;34
8944;34;20
8945;34;32
8946;42;54
8947;34;54
8948;34;48
8949;36;46
8950;32;42
8951;34;42
8952;34;38
8953;32;20
8954;26;20
8955;34;50
8956;32;54
8957;34;48
8958;34;46
8959;34;34
8960;34;20
8961;44;24
8962;32;48
8963;32;54
8964;34;50
8965;28;46
8966;32;42
8967;32;40
8968;32;40
8969;30;28
8970;30;16
8971;32;36
8972;30;54
8973;30;50
8974;30;44
8975;30;42
8976;24;42
8977;30;32
8978;30;18
8979;28;24
8980;34;38
8981;28;36
8982;30;34
8983;28;34
8984;30;40
8985;28;46
8986;26;42
8987;28;40
8988;26;38
8989;26;38
8990;26;38
8991;26;34
8992;26;20
8993;24;12
8994;24;40
8995;24;50
8996;24;44
8997;24;40
8998;24;38
8999;20;38
9000;22;28
9001;20;14
9002;20;8
9003;20;30
9004;20;42
9005;20;40
9006;20;36
9007;20;32
9008;20;32
9009;18;32
9010;18;22
9011;20;8
9012;18;14
9013;20;36
9014;20;42
9015;18;38
9016;20;34
9017;18;32
9018;18;32
9019;16;30
9020;16;32
9021;12;16
9022;14;0
9023;14;4
9024;14;32
9025;8;34
9026;12;28
9027;12;26
9028;12;24
9029;12;22
9030;12;8
9031;10;-2
9032;14;12
9033;8;32
9034;8;34
9035;8;28
9036;6;26
9037;8;24
9038;6;20
9039;4;4
9040;12;-2
9041;2;26
9042;4;26
9043;2;20
9044;4;16
9045;0;14
9046;0;12
9047;-6;12
9048;-2;0
9049;-2;-12
9050;0;4
9051;-4;24
9052;-4;20
9053;-6;16
9054;-6;14
9055;-14;12
9056;-8;8
9057;-8;-8
9058;-8;-10
9059;-8;12
9060;-10;24
9061;-10;20
9062;-18;16
9063;-14;2
9064;-14;-16
9065;-16;-20
9066;-12;6
9067;-16;16
9068;-18;10
9069;-18;2
9070;-18;2
9071;-20;0
9072;-22;-14
9073;-22;-22
9074;-22;-4
9075;-22;12
9076;-24;12
9077;-36;6
9078;-26;4
9079;-28;4
9080;-28;0
9081;-26;-12
9082;-32;-24
9083;-32;-10
9084;-32;4
9085;-30;0
9086;-36;-6
9087;-36;-8
9088;-36;-10
9089;-38;-18
9090;-38;-32
9091;-40;-24
9092;-36;-2
9093;-40;4
9094;-42;-2
9095;-42;-6
9096;-42;-8
9097;-44;-10
9098;-44;-24
9099;-46;-32
9100;-48;-14
9101;-48;2
9102;-50;0
9103;-50;-6
9104;-52;-14
9105;-50;-28
9106;-52;-40
9107;-44;-26
9108;-54;-6
9109;-56;-6
9110;-58;-12
9111;-56;-14
9112;-58;-14
9113;-58;-20
9114;-60;-36
9115;-58;-36
9116;-60;-10
9117;-60;-4
9118;-62;-10
9119;-62;-14
9120;-62;-16
9121;-62;-16
9122;-64;-16
9123;-62;-30
9124;-64;-40
9125;-62;-30
9126;-70;-22
9127;-64;-26
9128;-64;-24
9129;-64;-20
9130;-62;-14
9131;-62;-18
9132;-64;-20
9133;-72;-22
9134;-62;-24
9135;-62;-24
9136;-62;-34
9137;-62;-44
9138;-62;-26
9139;-62;-10
9140;-60;-14
9141;-54;-20
9142;-60;-22
9143;-58;-20
9144;-58;-24
9145;-58;-22
9146;-60;-32
9147;-58;-48
9148;-54;-46
9149;-58;-24
9150;-54;-16
9151;-54;-20
9152;-46;-24
9153;-54;-26
9154;-54;-26
9155;-52;-38
9156;-56;-50
9157;-48;-34
9158;-50;-16
9159;-48;-18
9160;-48;-24
9161;-48;-26
9162;-44;-26
9163;-24;-28
9164;-44;-28
9165;-44;-42
9166;-42;-48
9167;-48;-32
9168;-42;-16
9169;-40;-20
9170;-38;-22
9171;-40;-26
9172;-38;-28
9173;-34;-32
9174;-36;-46
9175;-34;-48
9176;-32;-28
9177;-32;-16
9178;-38;-20
9179;-30;-24
9180;-26;-26
9181;-28;-28
9182;-22;-30
9183;-26;-30
9184;-26;-42
9185;-24;-52
9186;-20;-30
9187;-22;-14
9188;-22;-22
9189;-20;-26
9190;-18;-28
9191;-18;-32
9192;-16;-44
9193;-14;-52
9194;-16;-34
9195;-16;-18
9196;-14;-20
9197;-12;-24
9198;-14;-28
9199;-12;-28
9200;-10;-28
9201;-12;-34
9202;-10;-48
9203;-8;-48
9204;-6;-26
9205;-6;-16
9206;-4;-22
9207;-4;-26
9208;-2;-20
9209;-2;-32
9210;0;-44
9211;2;-38
9212;0;-16
9213;2;-10
9214;4;-16
9215;6;-20
9216;6;-22
9217;6;-22
9218;6;-30
9219;8;-44
9220;8;-34
9221;8;-12
9222;10;-12
9223;8;-18
9224;12;-20
9225;12;-22
9226;14;-26
9227;8;-42
9228;16;-44
9229;14;-12
9230;16;-2
9231;18;-6
9232;18;-12
9233;18;-12
9234;22;-14
9235;18;-18
9236;20;-32
9237;20;-38
9238;24;-12
9239;22;-2
9240;22;-8
9241;22;-12
9242;32;-12
9243;24;-14
9244;24;-20
9245;24;-34
9246;26;-34
9247;26;-12
9248;26;-2
9249;34;-6
9250;28;-4
9251;28;-16
9252;30;-28
9253;30;-20
9254;32;4
9255;30;4
9256;32;0
9257;26;-4
9258;34;-6
9259;34;-6
9260;34;-8
9261;34;-24
9262;34;-30
9263;36;-12
9264;32;4
9265;36;4
9266;38;-2
9267;36;-6
9268;34;-6
9269;36;-8
9270;38;-6
9271;38;-6
9272;36;-20
9273;38;-16
9274;38;6
9275;40;14
9276;38;12
9277;40;6
9278;40;4
9279;26;4
9280;40;4
9281;40;2
9282;40;-14
9283;44;-22
9284;40;4
9285;40;16
9286;40;10
9287;44;6
9288;40;4
9289;40;2
9290;40;-2
9291;40;-16
9292;40;-10
9293;40;14
9294;46;26
9295;40;24
9296;40;20
9297;40;16
9298;40;14
9299;40;14
9300;42;14
9301;40;-2
9302;40;-10
9303;40;6
9304;40;24
9305;40;24
9306;38;20
9307;38;16
9308;38;16
9309;44;16
9310;40;12
9311;38;-4
9312;38;-8
9313;36;22
9314;36;36
9315;36;32
9316;36;28
9317;36;26
9318;34;24
9319;36;24
9320;36;12
9321;34;0
9322;34;14
9323;34;36
9324;34;32
9325;34;28
9326;34;26
9327;34;24
9328;28;24
9329;34;10
9330;36;-2
9331;36;16
9332;36;34
9333;34;42
9334;34;34
9335;30;32
9336;34;16
9337;34;6
9338;34;22
9339;36;42
9340;32;40
9341;34;36
9342;34;32
9343;42;30
9344;34;30
9345;34;28
9346;34;12
9347;34;6
9348;34;32
9349;32;42
9350;52;38
9351;32;34
9352;32;32
9353;32;30
9354;24;28
9355;34;18
9356;32;12
9357;34;30
9358;30;46
9359;34;46
9360;34;40
9361;34;36
9362;36;34
9363;34;36
9364;34;24
9365;10;12
9366;34;22
9367;34;44
9368;34;46
9369;48;40
9370;34;38
9371;34;36
9372;34;34
9373;36;22
9374;34;12
9375;36;32
9376;34;52
9377;36;50
9378;34;44
9379;34;42
9380;54;40
9381;34;36
9382;34;20
9383;34;20
9384;22;42
9385;34;52
9386;34;48
9387;34;44
9388;34;42
9389;34;40
9390;34;38
9391;34;20
9392;34;16
9393;34;40
9394;34;52
9395;34;50
9396;34;48
9397;34;32
9398;32;18
9399;36;38
9400;32;54
9401;32;52
9402;32;46
9403;32;44
9404;32;42
9405;32;34
9406;34;20
9407;30;26
9408;32;50
9409;32;52
9410;28;46
9411;32;44
9412;32;42
9413;32;38
9414;34;22
9415;30;16
9416;32;46
9417;30;52
9418;32;48
9419;30;42
9420;30;40
9421;30;32
9422;28;16
9423;30;20
9424;28;44
9425;32;52
9426;28;48
9427;28;42
9428;26;42
9429;28;40
9430;26;36
9431;26;20
9432;24;18
9433;24;44
9434;24;50
9435;22;46
9436;20;40
9437;22;42
9438;24;26
9439;22;12
9440;24;16
9441;22;40
9442;20;46
9443;20;42
9444;24;38
9445;20;36
9446;18;34
9447;20;28
9448;18;12
9449;18;14
9450;18;38
9451;30;46
9452;16;42
9453;16;38
9454;16;34
9455;10;34
9456;16;34
9457;14;32
9458;16;24
9459;12;10
9460;16;0
9461;14;16
9462;14;36
9463;16;36
9464;12;32
9465;12;26
9466;-10;26
9467;10;24
9468;12;16
9469;12;2
9470;22;10
9471;12;36
9472;10;34
9473;10;30
9474;12;26
9475;8;26
9476;8;26
9477;8;22
9478;6;2
9479;6;-8
9480;4;14
9481;14;26
9482;4;22
9483;4;18
9484;4;14
9485;-4;14
9486;2;0
9487;0;-10
9488;0;6
9489;0;26
9490;-2;22
9491;-2;18
9492;-2;16
9493;-4;14
9494;-4;12
9495;-6;6
9496;-10;-8
9497;-4;-6
9498;-6;22
9499;-10;24
9500;-10;10
9501;-10;6
9502;-10;-6
9503;-12;-20
9504;-16;-12
9505;-14;10
9506;-14;16
9507;-18;10
9508;-18;6
9509;-18;4
9510;-20;4
9511;-22;-6
9512;-22;-20
9513;-24;-16
9514;-24;8
9515;-26;16
9516;-26;10
9517;-28;4
9518;-28;4
9519;-28;2
9520;-30;2
9521;-30;-16
9522;-32;-30
9523;-34;-32
9524;-36;-10
9525;-36;2
9526;-32;0
9527;-36;-6
9528;-36;-10
9529;-40;-10
9530;-40;-12
9531;-42;-28
9532;-42;-34
9533;-42;-6
9534;-44;2
9535;-44;-4
9536;-46;-8
9537;-44;-8
9538;-48;-8
9539;-48;-16
9540;-48;-30
9541;-46;-30
9542;-52;-16
9543;-50;-8
9544;-52;-12
9545;-44;-16
9546;-54;-18
9547;-52;-20
9548;-54;-28
9549;-56;-40
9550;-56;-34
9551;-58;-12
9552;-40;-8
9553;-58;-12
9554;-60;-16
9555;-58;-18
9556;-66;-18
9557;-62;-20
9558;-62;-28
9559;-62;-42
9560;-70;-34
9561;-62;-14
9562;-62;-6
9563;-64;-18
9564;-64;-22
9565;-62;-30
9566;-64;-44
9567;-66;-38
9568;-66;-14
9569;-64;-14
9570;-66;-18
9571;-64;-22
9572;-66;-24
9573;-64;-24
9574;-66;-28
9575;-62;-42
9576;-64;-44
9577;-64;-22
9578;-64;-12
9579;-62;-16
9580;-64;-20
9581;-62;-22
9582;-62;-24
9583;-62;-32
9584;-62;-42
9585;-60;-52
9586;-62;-40
9587;-60;-20
9588;-58;-18
9589;-58;-24
9590;-54;-26
9591;-56;-28
9592;-56;-28
9593;-56;-32
9594;-56;-48
9595;-56;-48
9596;-52;-24
9597;-50;-18
9598;-52;-22
9599;-52;-26
9600;-48;-28
9601;-48;-30
9602;-46;-44
9603;-46;-52
9604;-44;-26
9605;-44;-16
9606;-42;-20
9607;-40;-26
9608;-40;-28
9609;-38;-28
9610;-36;-40
9611;-36;-50
9612;-36;-40
9613;-34;-20
9614;-32;-18
9615;-30;-22
9616;-32;-26
9617;-30;-28
9618;-28;-28
9619;-28;-28
9620;-26;-38
9621;-26;-50
9622;-26;-38
9623;-24;-18
9624;-22;-18
9625;-22;-20
9626;-22;-34
9627;-24;-48
9628;-20;-32
9629;-18;-14
9630;-18;-16
9631;-24;-22
9632;-16;-24
9633;-14;-26
9634;-14;-26
9635;-12;-30
9636;-12;-44
9637;-12;-48
9638;-10;-26
9639;-12;-14
9640;-8;-16
9641;-8;-22
9642;-6;-24
9643;-6;-24
9644;-6;-28
9645;-4;-44
9646;6;-44
9647;-6;-22
9648;-2;-8
9649;-2;-12
9650;0;-16
9651;0;-20
9652;0;-20
9653;10;-20
9654;4;-22
9655;4;-38
9656;6;-42
9657;20;-18
9658;6;-8
9659;8;-12
9660;8;-16
9661;4;-20
9662;10;-20
9663;10;-28
9664;12;-42
9665;12;-38
9666;14;-14
9667;12;-2
9668;14;-6
9669;14;-10
9670;18;-14
9671;18;-14
9672;12;-28
9673;18;-38
9674;20;-22
9675;20;-4
9676;18;-4
9677;20;-8
9678;20;-12
9679;24;-14
9680;24;-14
9681;24;-20
9682;24;-34
9683;10;-32
9684;26;-10
9685;28;-2
9686;26;-8
9687;32;-10
9688;30;-10
9689;28;-26
9690;30;-26
9691;36;2
9692;30;6
9693;32;-2
9694;32;-4
9695;32;-6
9696;32;-8
9697;34;-20
9698;38;-30
9699;36;-14
9700;34;6
9701;38;4
9702;36;0
9703;36;-4
9704;36;-6
9705;36;-6
9706;34;-10
9707;36;-28
9708;36;-14
9709;36;4
9710;36;14
9711;36;10
9712;38;4
9713;38;2
9714;38;0
9715;36;-6
9716;38;-20
9717;36;-10
9718;38;14
9719;38;12
9720;38;8
9721;40;4
9722;40;4
9723;38;-2
9724;38;-18
9725;38;-20
9726;38;0
9727;40;14
9728;38;10
9729;40;16
9730;38;6
9731;38;-10
9732;34;-6
9733;40;18
9734;40;24
9735;40;18
9736;40;14
9737;40;12
9738;38;12
9739;42;0
9740;38;-14
9741;40;-4
9742;40;18
9743;42;22
9744;38;18
9745;40;14
9746;38;12
9747;42;12
9748;38;8
9749;40;-6
9750;38;-4
9751;40;12
9752;38;30
9753;38;30
9754;52;24
9755;36;22
9756;38;22
9757;36;20
9758;32;6
9759;36;-6
9760;34;16
9761;34;32
9762;34;28
9763;36;24
9764;34;20
9765;34;18
9766;36;2
9767;36;-6
9768;34;20
9769;16;32
9770;32;28
9771;34;30
9772;34;14
9773;48;6
9774;34;28
9775;34;40
9776;34;36
9777;36;32
9778;34;30
9779;32;28
9780;34;14
9781;32;2
9782;32;20
9783;34;38
9784;54;38
9785;32;32
9786;32;30
9787;32;28
9788;20;28
9789;32;26
9790;32;18
9791;30;6
9792;30;18
9793;32;40
9794;32;48
9795;34;44
9796;32;38
9797;32;38
9798;32;36
9799;30;30
9800;34;14
9801;32;18
9802;34;44
9803;36;46
9804;34;40
9805;34;36
9806;34;38
9807;34;36
9808;36;24
9809;34;10
9810;36;22
9811;34;44
9812;34;48
9813;36;48
9814;36;44
9815;36;40
9816;38;38
9817;36;28
9818;36;16
9819;38;34
9820;36;52
9821;36;48
9822;36;44
9823;36;40
9824;38;40
9825;36;40
9826;34;34
9827;36;18
9828;36;18
9829;42;42
9830;34;52
9831;36;48
9832;34;42
9833;36;48
9834;36;32
9835;34;18
9836;34;28
9837;34;52
9838;32;54
9839;34;50
9840;32;44
9841;32;42
9842;32;42
9843;32;34
9844;28;20
9845;34;24
9846;32;46
9847;32;54
9848;30;50
9849;30;46
9850;30;42
9851;30;40
9852;30;40
9853;30;34
9854;30;20
9855;50;22
9856;28;48
9857;28;52
9858;30;48
9859;22;44
9860;30;42
9861;28;40
9862;28;30
9863;24;16
9864;28;28
9865;28;48
9866;26;50
9867;26;46
9868;26;44
9869;26;42
9870;6;42
9871;24;40
9872;24;30
9873;24;16
9874;36;26
9875;24;48
9876;22;46
9877;22;40
9878;24;36
9879;22;36
9880;22;34
9881;22;20
9882;20;10
9883;22;30
9884;22;46
9885;42;46
9886;20;40
9887;20;36
9888;20;36
9889;6;26
9890;20;10
9891;20;24
9892;18;46
9893;16;44
9894;18;40
9895;18;38
9896;18;26
9897;16;10
9898;18;6
9899;18;28
9900;2;42
9901;18;36
9902;16;32
9903;16;30
9904;16;30
9905;12;26
9906;12;10
9907;12;4
9908;12;26
9909;10;40
9910;10;38
9911;8;32
9912;8;30
9913;8;28
9914;8;28
9915;0;20
9916;6;6
9917;6;-6
9918;6;18
9919;6;26
9920;4;22
9921;4;16
9922;4;16
9923;2;14
9924;2;14
9925;2;8
9926;2;-8
9927;-2;-8
9928;-2;22
9929;-2;26
9930;2;20
9931;-2;16
9932;-4;14
9933;-6;14
9934;-6;6
9935;-6;-10
9936;-6;-6
9937;-8;20
9938;-6;12
9939;-10;6
9940;-10;2
9941;-12;0
9942;-14;0
9943;-14;-2
9944;-16;-18
9945;-14;-26
9946;-16;4
9947;-16;12
9948;-16;6
9949;-30;2
9950;-18;2
9951;-22;0
9952;-22;-8
9953;-22;-24
9954;-24;-16
9955;-26;6
9956;-38;12
9957;-28;4
9958;-30;-8
9959;-30;-18
9960;-34;-32
9961;-32;-28
9962;-34;-4
9963;-34;2
9964;-36;-4
9965;-36;-8
9966;-38;-10
9967;-38;-12
9968;-40;-12
9969;-40;-26
9970;-40;-34
9971;-58;-10
9972;-42;2
9973;-44;-4
9974;-46;-6
9975;-32;-10
9976;-46;-10
9977;-48;-12
9978;-48;-18
9979;-50;-32
9980;-50;-38
9981;-52;-18
9982;-52;-8
9983;-52;-12
9984;-54;-18
9985;-54;-18
9986;-34;-20
9987;-56;-30
9988;-56;-42
9989;-56;-32
9990;-70;-12
9991;-56;-8
9992;-58;-14
9993;-58;-18
9994;-64;-18
9995;-62;-20
9996;-60;-30
9997;-62;-42
9998;-62;-28
9999;-62;-8
10000;-64;-14
