Column1;Column2;Column3
Channel              :;CH1;CH2
Frequency            :;14,16Hz;14,14Hz
Period               :;70,60ms;70,70ms
PK-PK                :;137,6mV;111,2mV
Probe attenuation    :;1X;1X
Voltage per ADC value:;0,050000mV;0,050000mV
Time interval        :;100,00000uS;100,00000uS
;;
index;CH1_Voltage(mV);CH2_Voltage(mV)
1;24,799999;33,599998
2;24,799999;33,599998
3;16,799999;44,799999
4;24;41,599998
5;24,799999;36,799999
6;24,799999;35,200001
7;22,4;32,799999
8;24;32,799999
9;24;22,4
10;24;8,8
11;23,200001;18,4
12;23,200001;41,599998
13;24;44
14;9,6;39,200001
15;24;34,400002
16;23,200001;33,599998
17;23,200001;32,799999
18;36,799999;29,6
19;24,799999;12,8
20;24;8,8
21;24,799999;34,400002
22;22,4;48
23;24;44,799999
24;25,6;39,200001
25;26,4;36,799999
26;24,799999;36
27;27,200001;33,599998
28;26,4;18,4
29;40;12
30;27,200001;32,799999
31;28;48
32;28;44
33;26,4;40
34;29,6;37,599998
35;28;36
36;28,799999;35,200001
37;28;32
38;28;16,799999
39;28,799999;12,8
40;28,799999;35,200001
41;29,6;46,400002
42;29,6;45,599998
43;29,6;42,400002
44;28;40
45;28;24
46;28,799999;15,2
47;28;32,799999
48;16;49,599998
49;29,6;48
50;28;43,200001
51;28;40
52;27,200001;39,200001
53;28;38,400002
54;27,200001;33,599998
55;27,200001;16,799999
56;26,4;18,4
57;27,200001;45,599998
58;27,200001;48,799999
59;26,4;44
60;25,6;40,799999
61;26,4;38,400002
62;25,6;37,599998
63;29,6;37,599998
64;25,6;22,4
65;25,6;13,6
66;26,4;30,4
67;25,6;49,599998
68;26,4;48,799999
69;26,4;43,200001
70;27,200001;40
71;25,6;38,400002
72;26,4;33,599998
73;25,6;17,6
74;24;16,799999
75;26,4;40
76;25,6;50,400002
77;26,4;44,799999
78;26,4;40,799999
79;26,4;40
80;26,4;38,400002
81;25,6;22,4
82;24,799999;12,8
83;25,6;36
84;24;49,599998
85;24,799999;44,799999
86;24,799999;40
87;25,6;37,599998
88;24,799999;35,200001
89;25,6;20,799999
90;24,799999;11,2
91;25,6;29,6
92;24;47,200001
93;23,200001;46,400002
94;24;40,799999
95;24;37,599998
96;25,6;36,799999
97;25,6;32,799999
98;23,200001;16,799999
99;24;13,6
100;24,799999;35,200001
101;23,200001;48
102;23,200001;44
103;24;39,200001
104;27,200001;37,599998
105;25,6;31,200001
106;23,200001;13,6
107;23,200001;9,6
108;24,799999;32
109;23,200001;44
110;24;40
111;24;36
112;24,799999;34,400002
113;23,200001;32,799999
114;23,200001;28,799999
115;23,200001;12,8
116;23,200001;10,4
117;24;32,799999
118;24;44
119;19,200001;40,799999
120;24;36
121;23,200001;33,599998
122;23,200001;32
123;16;27,200001
124;22,4;10,4
125;22,4;13,6
126;21,6;29,6
127;21,6;38,400002
128;20,799999;32,799999
129;20,799999;28,799999
130;14,4;27,200001
131;20;25,6
132;20;17,6
133;19,200001;2,4
134;24;13,6
135;20;36,799999
136;20;36
137;19,200001;31,200001
138;28;27,200001
139;18,4;24,799999
140;18,4;21,6
141;18,4;4
142;18,4;7,2
143;18,4;29,6
144;19,200001;37,599998
145;30,4;32
146;17,6;30,4
147;18,4;11,2
148;18,4;-5,6
149;9,6;-1,6
150;16,799999;21,6
151;17,6;28
152;18,4;24
153;12;19,200001
154;17,6;16,799999
155;17,6;16
156;18,4;9,6
157;19,200001;-5,6
158;17,6;-1,6
159;16,799999;24,799999
160;8;27,200001
161;16;21,6
162;17,6;18,4
163;16;16,799999
164;25,6;7,2
165;16;-8
166;16;-1,6
167;15,2;24,799999
168;9,6;19,200001
169;15,2;14,4
170;14,4;10,4
171;15,2;8
172;13,6;7,2
173;13,6;3,2
174;12,8;-12,8
175;12;-13,6
176;12;8
177;11,2;19,200001
178;10,4;16
179;7,2;10,4
180;10,4;8,8
181;11,2;2,4
182;10,4;-14,4
183;8;-9,6
184;8,8;16
185;8,8;17,6
186;8;12,8
187;8,8;8,8
188;7,2;0
189;7,2;-16
190;24;-24,799999
191;6,4;-9,6
192;5,6;10,4
193;4,8;9,6
194;-7,2;2,4
195;4;0,8
196;4;-0,8
197;4;-4,8
198;2,4;-20,799999
199;2,4;-22,4
200;2,4;-0,8
201;2,4;10,4
202;2,4;6,4
203;0;2,4
204;1,6;-0,8
205;-12,8;-1,6
206;-0,8;-4,8
207;0;-20,799999
208;-1,6;-22,4
209;1,6;-7,2
210;-2,4;2,4
211;-2,4;-1,6
212;-4;-6,4
213;-2,4;-8,8
214;-4;-9,6
215;-6,4;-18,4
216;-6,4;-31,200001
217;-7,2;-23,200001
218;-8;-1,6
219;-8;1,6
220;-4,8;-3,2
221;-9,6;-7,2
222;-11,2;-8,8
223;-10,4;-9,6
224;-8,8;-13,6
225;-10,4;-28,799999
226;-11,2;-28,799999
227;-12,8;-2,4
228;-16;1,6
229;-12,8;-2,4
230;-13,6;-12,8
231;-14,4;-29,6
232;-13,6;-36
233;-14,4;-16,799999
234;-14,4;-2,4
235;-22,4;-4,8
236;-16;-9,6
237;-16,799999;-12
238;-18,4;-12,8
239;-22,4;-14,4
240;-19,200001;-28
241;-19,200001;-36,799999
242;-20;-20,799999
243;-20;-3,2
244;-23,200001;-4
245;-22,4;-8,8
246;-22,4;-12
247;-25,6;-12,8
248;-24,799999;-13,6
249;-24,799999;-24,799999
250;-18,4;-36
251;-28;-27,200001
252;-28,799999;-7,2
253;-28,799999;-6,4
254;-27,200001;-11,2
255;-30,4;-14,4
256;-31,200001;-16
257;-32,799999;-19,200001
258;-31,200001;-34,400002
259;-34,400002;-37,599998
260;-35,200001;-16,799999
261;-35,200001;-4,8
262;-36;-8
263;-36;-12,8
264;-36;-14,4
265;-40,799999;-15,2
266;-36,799999;-16
267;-38,400002;-24
268;-40;-37,599998
269;-47,200001;-32
270;-40;-10,4
271;-40,799999;-3,2
272;-41,599998;-12
273;-40,799999;-16
274;-42,400002;-25,6
275;-43,200001;-40
276;-40;-32
277;-43,200001;-11,2
278;-43,200001;-7,2
279;-44;-12,8
280;-47,200001;-16,799999
281;-43,200001;-18,4
282;-45,599998;-18,4
283;-46,400002;-21,6
284;-40,799999;-36,799999
285;-48;-39,200001
286;-48,799999;-17,6
287;-48,799999;-7,2
288;-47,200001;-10,4
289;-48,799999;-15,2
290;-48;-16,799999
291;-28,799999;-19,200001
292;-50,400002;-17,6
293;-50,400002;-32,799999
294;-51,200001;-43,200001
295;-57,599998;-33,599998
296;-52,799999;-12,8
297;-52;-11,2
298;-52;-15,2
299;-53,599998;-19,200001
300;-53,599998;-20,799999
301;-52,799999;-21,6
302;-53,599998;-25,6
303;-53,599998;-40,799999
304;-53,599998;-40
305;-55,200001;-14,4
306;-63,200001;-11,2
307;-56;-16
308;-56,799999;-18,4
309;-56;-20
310;-44,799999;-22,4
311;-56;-37,599998
312;-56,799999;-44
313;-56,799999;-24
314;-61,599998;-12
315;-57,599998;-14,4
316;-57,599998;-20,799999
317;-57,599998;-21,6
318;-56,799999;-23,200001
319;-56;-30,4
320;-56,799999;-44
321;-62,400002;-39,200001
322;-57,599998;-17,6
323;-57,599998;-12
324;-58,400002;-16
325;-61,599998;-20
326;-60;-21,6
327;-59,200001;-22,4
328;-58,400002;-23,200001
329;-57,599998;-33,599998
330;-60;-45,599998
331;-60;-35,200001
332;-60;-15,2
333;-58,400002;-12
334;-60,799999;-22,4
335;-60,799999;-25,6
336;-50,400002;-33,599998
337;-61,599998;-48,799999
338;-60;-45,599998
339;-59,200001;-20
340;-71,199997;-17,6
341;-59,200001;-22,4
342;-59,200001;-25,6
343;-59,200001;-28
344;-60;-28
345;-59,200001;-34,400002
346;-58,400002;-49,599998
347;-57,599998;-46,400002
348;-57,599998;-24,799999
349;-58,400002;-16,799999
350;-56;-21,6
351;-64;-25,6
352;-56,799999;-27,200001
353;-56,799999;-28
354;-56,799999;-27,200001
355;-51,200001;-36,799999
356;-56,799999;-51,200001
357;-56;-52,799999
358;-56,799999;-31,200001
359;-53,599998;-19,200001
360;-55,200001;-23,200001
361;-54,400002;-27,200001
362;-54,400002;-29,6
363;-54,400002;-30,4
364;-54,400002;-32
365;-53,599998;-42,400002
366;-50,400002;-55,200001
367;-52,799999;-41,599998
368;-54,400002;-22,4
369;-52;-20,799999
370;-54,400002;-25,6
371;-52,799999;-29,6
372;-51,200001;-29,6
373;-51,200001;-30,4
374;-53,599998;-39,200001
375;-52;-52
376;-50,400002;-48,799999
377;-49,599998;-26,4
378;-50,400002;-21,6
379;-49,599998;-26,4
380;-48,799999;-29,6
381;-52,799999;-31,200001
382;-48,799999;-31,200001
383;-47,200001;-32
384;-47,200001;-44,799999
385;-45,599998;-55,200001
386;-45,599998;-41,599998
387;-46,400002;-22,4
388;-45,599998;-22,4
389;-43,200001;-27,200001
390;-44;-30,4
391;-44;-31,200001
392;-42,400002;-35,200001
393;-41,599998;-51,200001
394;-40;-51,200001
395;-40,799999;-30,4
396;-33,599998;-20
397;-39,200001;-22,4
398;-38,400002;-26,4
399;-37,599998;-32,799999
400;-38,400002;-48,799999
401;-36,799999;-50,400002
402;-36,799999;-28,799999
403;-35,200001;-18,4
404;-33,599998;-23,200001
405;-33,599998;-27,200001
406;-34,400002;-29,6
407;-32,799999;-29,6
408;-31,200001;-34,400002
409;-31,200001;-50,400002
410;-32;-49,599998
411;-29,6;-23,200001
412;-29,6;-20
413;-28;-24
414;-28,799999;-28
415;-30,4;-29,6
416;-28;-40,799999
417;-27,200001;-51,200001
418;-27,200001;-41,599998
419;-25,6;-20,799999
420;-24,799999;-17,6
421;-26,4;-21,6
422;-23,200001;-25,6
423;-25,6;-27,200001
424;-23,200001;-28
425;-23,200001;-30,4
426;-20;-45,599998
427;-20;-49,599998
428;-21,6;-31,200001
429;-19,200001;-17,6
430;-17,6;-19,200001
431;-20;-23,200001
432;-17,6;-25,6
433;-16;-27,200001
434;-17,6;-28,799999
435;-17,6;-40,799999
436;-15,2;-51,200001
437;-10,4;-31,200001
438;-14,4;-9,6
439;-14,4;-14,4
440;-13,6;-19,200001
441;-13,6;-20,799999
442;-10,4;-25,6
443;-12,8;-40,799999
444;-12;-42,400002
445;-6,4;-21,6
446;-10,4;-10,4
447;-10,4;-14,4
448;-11,2;-18,4
449;-9,6;-20,799999
450;-9,6;-21,6
451;-8;-29,6
452;-7,2;-44
453;-8,8;-37,599998
454;-8;-16
455;-7,2;-11,2
456;-3,2;-15,2
457;-6,4;-19,200001
458;-5,6;-21,6
459;-5,6;-16
460;-9,6;-30,4
461;-4,8;-39,200001
462;-3,2;-24
463;-4;-5,6
464;-3,2;-6,4
465;-2,4;-11,2
466;-1,6;-13,6
467;-9,6;-15,2
468;-1,6;-17,6
469;0;-33,599998
470;0,8;-37,599998
471;9,6;-11,2
472;3,2;-4
473;2,4;-8,8
474;4;-12,8
475;5,6;-15,2
476;4,8;-16
477;6,4;-17,6
478;8;-32
479;7,2;-38,400002
480;8,8;-13,6
481;8,8;1,6
482;17,6;-0,8
483;9,6;-5,6
484;10,4;-8
485;9,6;-9,6
486;4;-12,8
487;12;-27,200001
488;12;-31,200001
489;14,4;-10,4
490;16;2,4
491;14,4;-2,4
492;15,2;-4
493;16;-8
494;15,2;-10,4
495;16;-25,6
496;17,6;-32
497;4,8;-7,2
498;17,6;2,4
499;18,4;-3,2
500;20;-5,6
501;26,4;-8,8
502;21,6;-24
503;21,6;-26,4
504;22,4;-4
505;24;6,4
506;22,4;2,4
507;21,6;-2,4
508;24;-4
509;24;-5,6
510;24,799999;-13,6
511;24,799999;-28
512;31,200001;-20,799999
513;26,4;0,8
514;27,200001;5,6
515;26,4;0,8
516;27,200001;-3,2
517;28;-4,8
518;28,799999;-5,6
519;29,6;-6,4
520;27,200001;-20
521;29,6;-28,799999
522;30,4;-9,6
523;30,4;8,8
524;28,799999;8
525;30,4;3,2
526;30,4;0,8
527;24;-0,8
528;30,4;-2,4
529;29,6;-16,799999
530;29,6;-25,6
531;26,4;-8
532;30,4;9,6
533;29,6;8,8
534;31,200001;3,2
535;33,599998;0,8
536;31,200001;-0,8
537;30,4;-1,6
538;30,4;-3,2
539;30,4;-17,6
540;31,200001;-25,6
541;31,200001;-8
542;39,200001;11,2
543;32;12,8
544;32;7,2
545;32;3,2
546;32,799999;2,4
547;32,799999;-8
548;32,799999;-20
549;32,799999;-7,2
550;32,799999;14,4
551;32,799999;11,2
552;32,799999;6,4
553;33,599998;4
554;32,799999;2,4
555;34,400002;-6,4
556;34,400002;-20
557;30,4;-12,8
558;33,599998;8,8
559;33,599998;13,6
560;33,599998;8,8
561;25,6;4,8
562;33,599998;2,4
563;34,400002;8
564;34,400002;-7,2
565;35,200001;-16
566;34,400002;-0,8
567;34,400002;17,6
568;36,799999;17,6
569;33,599998;12,8
570;34,400002;9,6
571;34,400002;8
572;36;4
573;34,400002;-12
574;35,200001;-14,4
575;32,799999;7,2
576;40;19,200001
577;34,400002;16
578;32;12
579;32,799999;8,8
580;32,799999;8
581;31,200001;7,2
582;32,799999;2,4
583;36,799999;-13,6
584;31,200001;-8
585;32,799999;13,6
586;32;23,200001
587;28;20
588;32,799999;15,2
589;31,200001;12,8
590;32;12
591;33,599998;6,4
592;31,200001;-9,6
593;32,799999;-7,2
594;32;16
595;32;24
596;32;19,200001
597;32;15,2
598;31,200001;13,6
599;30,4;12
600;31,200001;11,2
601;31,200001;-0,8
602;41,599998;-12,8
603;31,200001;6,4
604;32;24
605;31,200001;26,4
606;22,4;20,799999
607;31,200001;10,4
608;30,4;-5,6
609;30,4;-3,2
610;31,200001;20
611;30,4;28
612;30,4;23,200001
613;12;19,200001
614;30,4;16,799999
615;30,4;16
616;29,6;15,2
617;29,6;4,8
618;30,4;-8
619;28,799999;1,6
620;30,4;22,4
621;31,200001;27,200001
622;27,200001;21,6
623;28,799999;17,6
624;29,6;16
625;29,6;16,799999
626;29,6;16,799999
627;28,799999;1,6
628;47,200001;2,4
629;29,6;25,6
630;30,4;34,400002
631;31,200001;30,4
632;20;26,4
633;29,6;24
634;31,200001;22,4
635;30,4;13,6
636;27,200001;-0,8
637;31,200001;7,2
638;31,200001;28,799999
639;31,200001;33,599998
640;31,200001;28,799999
641;31,200001;25,6
642;30,4;23,200001
643;18,4;22,4
644;29,6;16,799999
645;30,4;-0,8
646;28,799999;4,8
647;32,799999;32,799999
648;28,799999;39,200001
649;29,6;34,400002
650;29,6;29,6
651;32;28
652;28,799999;27,200001
653;28,799999;22,4
654;28,799999;5,6
655;28;8,8
656;28;35,200001
657;28;38,400002
658;31,200001;32,799999
659;27,200001;28,799999
660;27,200001;27,200001
661;28;26,4
662;26,4;13,6
663;27,200001;2,4
664;26,4;16
665;27,200001;36
666;24;36,799999
667;26,4;34,400002
668;27,200001;29,6
669;26,4;12,8
670;27,200001;14,4
671;27,200001;38,400002
672;27,200001;44,799999
673;26,4;40,799999
674;26,4;36
675;26,4;34,400002
676;26,4;32,799999
677;27,200001;32
678;27,200001;29,6
679;27,200001;15,2
680;28;8
681;29,6;27,200001
682;26,4;43,200001
683;27,200001;41,599998
684;25,6;36,799999
685;26,4;33,599998
686;26,4;32,799999
687;26,4;31,200001
688;31,200001;30,4
689;26,4;20
690;25,6;13,6
691;26,4;32
692;28;48,799999
693;25,6;47,200001
694;26,4;41,599998
695;26,4;39,200001
696;25,6;37,599998
697;26,4;32,799999
698;25,6;16,799999
699;26,4;16
700;25,6;38,400002
701;26,4;48,799999
702;24,799999;45,599998
703;21,6;40,799999
704;25,6;38,400002
705;24,799999;38,400002
706;24,799999;29,6
707;17,6;14,4
708;25,6;19,200001
709;25,6;48,799999
710;25,6;53,599998
711;26,4;48,799999
712;25,6;44
713;25,6;42,400002
714;16;41,599998
715;24;34,400002
716;25,6;19,200001
717;24,799999;24,799999
718;29,6;47,200001
719;24,799999;52,799999
720;26,4;48,799999
721;27,200001;44
722;33,599998;42,400002
723;26,4;41,599998
724;24,799999;35,200001
725;26,4;20
726;24,799999;22,4
727;25,6;50,400002
728;25,6;52
729;39,200001;47,200001
730;25,6;44
731;24,799999;28
732;25,6;17,6
733;17,6;36
734;24,799999;53,599998
735;26,4;52
736;24;47,200001
737;18,4;44
738;24,799999;42,400002
739;26,4;38,400002
740;27,200001;22,4
741;28;20
742;26,4;48
743;26,4;53,599998
744;5,6;48
745;26,4;44
746;26,4;42,400002
747;28;39,200001
748;40,799999;22,4
749;29,6;17,6
750;27,200001;48
751;26,4;52,799999
752;28,799999;47,200001
753;28;42,400002
754;29,6;40,799999
755;27,200001;33,599998
756;28;18,4
757;27,200001;23,200001
758;28;49,599998
759;32,799999;51,200001
760;27,200001;46,400002
761;27,200001;42,400002
762;28,799999;39,200001
763;23,200001;24
764;27,200001;15,2
765;28,799999;34,400002
766;28;51,200001
767;26,4;49,599998
768;27,200001;44,799999
769;28;41,599998
770;28;39,200001
771;27,200001;40
772;26,4;27,200001
773;27,200001;14,4
774;36;20
775;26,4;43,200001
776;26,4;48,799999
777;25,6;44
778;18,4;39,200001
779;25,6;38,400002
780;25,6;37,599998
781;24,799999;26,4
782;26,4;12,8
783;24,799999;23,200001
784;24,799999;45,599998
785;24,799999;48
786;24,799999;42,400002
787;24,799999;39,200001
788;25,6;37,599998
789;10,4;36,799999
790;24,799999;36
791;24;26,4
792;24,799999;13,6
793;27,200001;15,2
794;24;38,400002
795;24;45,599998
796;24;40,799999
797;26,4;36
798;23,200001;34,400002
799;24;32,799999
800;24;28,799999
801;21,6;12
802;23,200001;13,6
803;24;40,799999
804;26,4;44
805;23,200001;38,400002
806;24;35,200001
807;23,200001;32,799999
808;24;31,200001
809;22,4;16
810;22,4;8,8
811;22,4;33,599998
812;21,6;44
813;21,6;35,200001
814;21,6;29,6
815;20;23,200001
816;21,6;6,4
817;20,799999;6,4
818;21,6;29,6
819;24,799999;39,200001
820;20;34,400002
821;20;29,6
822;21,6;28
823;21,6;26,4
824;20;17,6
825;21,6;4
826;20,799999;9,6
827;23,200001;32,799999
828;21,6;37,599998
829;22,4;32,799999
830;21,6;29,6
831;21,6;27,200001
832;22,4;26,4
833;21,6;25,6
834;23,200001;18,4
835;22,4;2,4
836;22,4;-3,2
837;22,4;16,799999
838;16;32,799999
839;21,6;31,200001
840;21,6;24,799999
841;21,6;22,4
842;23,200001;21,6
843;21,6;16,799999
844;20,799999;3,2
845;23,200001;-1,6
846;20;20,799999
847;19,200001;32,799999
848;20,799999;29,6
849;17,6;24
850;20;22,4
851;19,200001;22,4
852;19,200001;12,8
853;20;-3,2
854;19,200001;7,2
855;17,6;24
856;16,799999;27,200001
857;17,6;20,799999
858;16,799999;17,6
859;16;16
860;27,200001;15,2
861;16;3,2
862;16,799999;-8,8
863;15,2;4
864;8,8;24,799999
865;15,2;26,4
866;15,2;20,799999
867;15,2;17,6
868;14,4;16
869;15,2;15,2
870;14,4;13,6
871;14,4;0
872;15,2;-9,6
873;15,2;8,8
874;13,6;25,6
875;-3,2;25,6
876;13,6;15,2
877;13,6;12
878;14,4;-2,4
879;26,4;-13,6
880;12,8;4,8
881;13,6;22,4
882;12,8;19,200001
883;7,2;13,6
884;12;11,2
885;11,2;10,4
886;12;6,4
887;11,2;-10,4
888;11,2;-12
889;10,4;10,4
890;22,4;21,6
891;10,4;18,4
892;9,6;13,6
893;8,8;11,2
894;3,2;10,4
895;8;4
896;7,2;-9,6
897;7,2;-17,6
898;6,4;4,8
899;6,4;16
900;7,2;12,8
901;7,2;8,8
902;6,4;5,6
903;5,6;4
904;4,8;2,4
905;-3,2;-12
906;4;-20
907;3,2;-2,4
908;3,2;15,2
909;2,4;13,6
910;1,6;8
911;1,6;5,6
912;1,6;4,8
913;4;2,4
914;0,8;-13,6
915;-0,8;-19,200001
916;-0,8;6,4
917;-0,8;16,799999
918;-1,6;4,8
919;-1,6;-0,8
920;2,4;-14,4
921;-2,4;-25,6
922;-3,2;-13,6
923;-4;7,2
924;-4;8
925;-7,2;3,2
926;-6,4;-0,8
927;-8;-2,4
928;-10,4;-4
929;-10,4;-10,4
930;-10,4;-24,799999
931;-11,2;-20
932;-12,8;2,4
933;-12;8,8
934;-12,8;4
935;-19,200001;0
936;-14,4;-1,6
937;-14,4;-4
938;-16;-10,4
939;-15,2;-24,799999
940;-16,799999;-33,599998
941;-18,4;-19,200001
942;-19,200001;0
943;-20;0
944;-20;-4,8
945;-20,799999;-8
946;-21,6;-9,6
947;-22,4;-11,2
948;-21,6;-25,6
949;-22,4;-33,599998
950;-22,4;-9,6
951;-24,799999;1,6
952;-24,799999;-2,4
953;-25,6;-7,2
954;-28;-8,8
955;-27,200001;-11,2
956;-26,4;-23,200001
957;-27,200001;-33,599998
958;-26,4;-12,8
959;-28,799999;-4
960;-30,4;-9,6
961;-30,4;-12
962;-31,200001;-16
963;-30,4;-24,799999
964;-32,799999;-38,400002
965;-29,6;-32
966;-32;-10,4
967;-32,799999;-5,6
968;-35,200001;-9,6
969;-33,599998;-13,6
970;-36;-15,2
971;-36,799999;-16
972;-37,599998;-18,4
973;-36,799999;-32,799999
974;-38,400002;-39,200001
975;-39,200001;-20
976;-40,799999;-5,6
977;-41,599998;-8
978;-41,599998;-12,8
979;-44;-14,4
980;-48,799999;-22,4
981;-42,400002;-38,400002
982;-44;-43,200001
983;-45,599998;-22,4
984;-51,200001;-9,6
985;-45,599998;-12,8
986;-48;-16,799999
987;-47,200001;-19,200001
988;-47,200001;-20,799999
989;-48,799999;-21,6
990;-48,799999;-22,4
991;-60,799999;-36,799999
992;-50,400002;-44
993;-49,599998;-26,4
994;-50,400002;-10,4
995;-49,599998;-12
996;-50,400002;-16,799999
997;-52;-20
998;-52;-20
999;-47,200001;-21,6
1000;-54,400002;-33,599998
1001;-54,400002;-48
1002;-53,599998;-33,599998
1003;-54,400002;-16
1004;-55,200001;-15,2
1005;-55,200001;-20
1006;-40;-23,200001
1007;-56,799999;-24,799999
1008;-56,799999;-26,4
1009;-58,400002;-41,599998
1010;-63,200001;-48
1011;-57,599998;-29,6
1012;-59,200001;-14,4
1013;-59,200001;-16
1014;-65,599998;-20,799999
1015;-60;-23,200001
1016;-59,200001;-24
1017;-60;-27,200001
1018;-58,400002;-42,400002
1019;-60,799999;-45,599998
1020;-61,599998;-21,6
1021;-78,400002;-13,6
1022;-63,200001;-20,799999
1023;-61,599998;-25,6
1024;-61,599998;-32,799999
1025;-47,200001;-48,799999
1026;-59,200001;-47,200001
1027;-60;-24,799999
1028;-60;-17,6
1029;-56,799999;-21,6
1030;-60,799999;-25,6
1031;-60;-28
1032;-60,799999;-28
1033;-60;-39,200001
1034;-59,200001;-51,200001
1035;-60;-40,799999
1036;-41,599998;-20,799999
1037;-59,200001;-17,6
1038;-58,400002;-23,200001
1039;-59,200001;-26,4
1040;-66,400002;-27,200001
1041;-59,200001;-29,6
1042;-58,400002;-28,799999
1043;-60;-41,599998
1044;-61,599998;-51,200001
1045;-59,200001;-38,400002
1046;-58,400002;-19,200001
1047;-58,400002;-17,6
1048;-58,400002;-22,4
1049;-57,599998;-25,6
1050;-57,599998;-27,200001
1051;-58,400002;-28
1052;-57,599998;-35,200001
1053;-56,799999;-49,599998
1054;-57,599998;-44
1055;-55,200001;-22,4
1056;-56,799999;-16
1057;-57,599998;-20,799999
1058;-58,400002;-24,799999
1059;-53,599998;-26,4
1060;-56,799999;-27,200001
1061;-57,599998;-40
1062;-57,599998;-51,200001
1063;-59,200001;-28,799999
1064;-57,599998;-16,799999
1065;-56,799999;-20,799999
1066;-52;-24,799999
1067;-56;-26,4
1068;-55,200001;-28,799999
1069;-56;-41,599998
1070;-54,400002;-51,200001
1071;-54,400002;-36
1072;-54,400002;-17,6
1073;-53,599998;-18,4
1074;-53,599998;-22,4
1075;-52;-25,6
1076;-51,200001;-28
1077;-51,200001;-35,200001
1078;-49,599998;-49,599998
1079;-48,799999;-40
1080;-49,599998;-17,6
1081;-54,400002;-18,4
1082;-47,200001;-23,200001
1083;-48;-25,6
1084;-47,200001;-27,200001
1085;-48;-42,400002
1086;-47,200001;-51,200001
1087;-44,799999;-32,799999
1088;-45,599998;-16
1089;-42,400002;-17,6
1090;-44;-22,4
1091;-43,200001;-25,6
1092;-42,400002;-26,4
1093;-42,400002;-29,6
1094;-40,799999;-44,799999
1095;-40,799999;-48,799999
1096;-33,599998;-28
1097;-39,200001;-15,2
1098;-39,200001;-19,200001
1099;-38,400002;-23,200001
1100;-35,200001;-25,6
1101;-37,599998;-26,4
1102;-36;-27,200001
1103;-35,200001;-35,200001
1104;-34,400002;-48,799999
1105;-33,599998;-40
1106;-34,400002;-19,200001
1107;-33,599998;-15,2
1108;-33,599998;-19,200001
1109;-31,200001;-23,200001
1110;-30,4;-24,799999
1111;-35,200001;-27,200001
1112;-29,6;-40,799999
1113;-29,6;-48
1114;-28,799999;-23,200001
1115;-34,400002;-13,6
1116;-27,200001;-18,4
1117;-26,4;-22,4
1118;-25,6;-24
1119;-23,200001;-28
1120;-24,799999;-44
1121;-24;-45,599998
1122;-25,6;-24,799999
1123;-22,4;-13,6
1124;-22,4;-17,6
1125;-22,4;-20,799999
1126;-21,6;-24,799999
1127;-24;-40,799999
1128;-22,4;-44
1129;-22,4;-22,4
1130;-14,4;-12
1131;-22,4;-15,2
1132;-20,799999;-20
1133;-19,200001;-22,4
1134;-20,799999;-24
1135;-20,799999;-24
1136;-20;-38,400002
1137;-2,4;-47,200001
1138;-19,200001;-27,200001
1139;-18,4;-12,8
1140;-17,6;-14,4
1141;-26,4;-19,200001
1142;-16;-21,6
1143;-17,6;-22,4
1144;-16;-23,200001
1145;-20;-28
1146;-15,2;-41,599998
1147;-14,4;-40,799999
1148;-14,4;-20
1149;-12;-8,8
1150;-13,6;-11,2
1151;-12,8;-16
1152;-32;-18,4
1153;-10,4;-19,200001
1154;-10,4;-27,200001
1155;-10,4;-42,400002
1156;-3,2;-32
1157;-9,6;-9,6
1158;-8;-10,4
1159;-8;-16
1160;-11,2;-17,6
1161;-6,4;-18,4
1162;-6,4;-20,799999
1163;-5,6;-33,599998
1164;-5,6;-43,200001
1165;-4;-28
1166;-4;-11,2
1167;0;-8
1168;-2,4;-13,6
1169;-3,2;-17,6
1170;-2,4;-32
1171;0;-42,400002
1172;-0,8;-20
1173;-0,8;-7,2
1174;0;-11,2
1175;0;-16
1176;0;-17,6
1177;1,6;-19,200001
1178;1,6;-33,599998
1179;2,4;-41,599998
1180;2,4;-18,4
1181;3,2;-7,2
1182;8,8;-11,2
1183;4,8;-16
1184;5,6;-17,6
1185;6,4;-19,200001
1186;-5,6;-32,799999
1187;7,2;-42,400002
1188;7,2;-13,6
1189;8;-3,2
1190;8;-7,2
1191;8,8;-12
1192;9,6;-15,2
1193;11,2;-29,6
1194;11,2;-37,599998
1195;11,2;-20,799999
1196;12,8;-2,4
1197;10,4;-4,8
1198;13,6;-10,4
1199;13,6;-12,8
1200;14,4;-13,6
1201;16,799999;-15,2
1202;16;-27,200001
1203;16;-37,599998
1204;16,799999;-17,6
1205;16;-2,4
1206;18,4;-6,4
1207;18,4;-11,2
1208;19,200001;-13,6
1209;19,200001;-9,6
1210;19,200001;-25,6
1211;20,799999;-32
1212;22,4;-13,6
1213;20,799999;2,4
1214;22,4;0,8
1215;21,6;-4,8
1216;24;-7,2
1217;23,200001;-8,8
1218;23,200001;-9,6
1219;24;-20,799999
1220;23,200001;-32,799999
1221;24;-19,200001
1222;24;0
1223;24,799999;1,6
1224;25,6;-4
1225;26,4;-7,2
1226;27,200001;-8,8
1227;25,6;-9,6
1228;28,799999;-16
1229;28;-30,4
1230;29,6;-21,6
1231;28;0,8
1232;28;6,4
1233;30,4;2,4
1234;30,4;-2,4
1235;33,599998;-3,2
1236;31,200001;-5,6
1237;32;-20
1238;32;-28
1239;32;-4
1240;33,599998;7,2
1241;32,799999;2,4
1242;37,599998;-1,6
1243;32,799999;-3,2
1244;32,799999;-4,8
1245;33,599998;-12,8
1246;32;-27,200001
1247;32,799999;-21,6
1248;35,200001;1,6
1249;33,599998;5,6
1250;33,599998;3,2
1251;33,599998;6,4
1252;33,599998;-9,6
1253;32,799999;-20
1254;33,599998;-3,2
1255;32,799999;14,4
1256;32,799999;12,8
1257;30,4;8
1258;32,799999;5,6
1259;32,799999;4
1260;32,799999;0
1261;30,4;-15,2
1262;32;-19,200001
1263;32,799999;8,8
1264;33,599998;14,4
1265;34,400002;9,6
1266;34,400002;5,6
1267;32,799999;4
1268;20,799999;2,4
1269;32,799999;0,8
1270;34,400002;-14,4
1271;32,799999;-20
1272;31,200001;6,4
1273;34,400002;22,4
1274;33,599998;20
1275;33,599998;15,2
1276;35,200001;12
1277;33,599998;11,2
1278;33,599998;9,6
1279;35,200001;-6,4
1280;36;-12
1281;33,599998;7,2
1282;33,599998;22,4
1283;33,599998;20,799999
1284;33,599998;15,2
1285;33,599998;12
1286;32;12
1287;45,599998;9,6
1288;35,200001;-7,2
1289;33,599998;-12,8
1290;33,599998;8,8
1291;27,200001;21,6
1292;32,799999;21,6
1293;33,599998;20,799999
1294;33,599998;16,799999
1295;33,599998;-0,8
1296;33,599998;-7,2
1297;34,400002;12
1298;22,4;18,4
1299;33,599998;15,2
1300;32,799999;14,4
1301;32;22,4
1302;30,4;24
1303;33,599998;20
1304;31,200001;18,4
1305;32;17,6
1306;35,200001;16
1307;32;16
1308;32;16
1309;32,799999;12
1310;32;-4
1311;32,799999;-3,2
1312;32;22,4
1313;43,200001;28,799999
1314;33,599998;27,200001
1315;32,799999;23,200001
1316;32,799999;8,8
1317;22,4;-2,4
1318;33,599998;13,6
1319;32;32
1320;31,200001;32
1321;31,200001;27,200001
1322;32;23,200001
1323;31,200001;22,4
1324;31,200001;21,6
1325;31,200001;8
1326;31,200001;-3,2
1327;30,4;12,8
1328;23,200001;32
1329;29,6;31,200001
1330;30,4;26,4
1331;30,4;24
1332;34,400002;22,4
1333;29,6;20,799999
1334;29,6;20,799999
1335;29,6;10,4
1336;29,6;1,6
1337;28;16
1338;28;36,799999
1339;28;36
1340;28;31,200001
1341;28,799999;28
1342;28;26,4
1343;24,799999;25,6
1344;28,799999;16,799999
1345;28;2,4
1346;28;12,8
1347;30,4;36
1348;28,799999;35,200001
1349;29,6;29,6
1350;28,799999;27,200001
1351;28;25,6
1352;28,799999;20
1353;29,6;4
1354;28;7,2
1355;28;36,799999
1356;29,6;39,200001
1357;28,799999;33,599998
1358;31,200001;28,799999
1359;29,6;28
1360;28;26,4
1361;28,799999;10,4
1362;27,200001;4
1363;28;22,4
1364;29,6;39,200001
1365;28,799999;36,799999
1366;30,4;32
1367;28,799999;29,6
1368;28;25,6
1369;28,799999;9,6
1370;28;4,8
1371;28,799999;32,799999
1372;28,799999;39,200001
1373;31,200001;34,400002
1374;28,799999;28,799999
1375;28;28,799999
1376;27,200001;25,6
1377;29,6;8,8
1378;27,200001;9,6
1379;26,4;32,799999
1380;26,4;41,599998
1381;27,200001;38,400002
1382;28;33,599998
1383;26,4;32
1384;25,6;30,4
1385;25,6;20,799999
1386;26,4;6,4
1387;26,4;14,4
1388;22,4;36,799999
1389;27,200001;40,799999
1390;25,6;36
1391;26,4;32
1392;19,200001;30,4
1393;25,6;20
1394;25,6;6,4
1395;27,200001;14,4
1396;25,6;38,400002
1397;25,6;44,799999
1398;25,6;39,200001
1399;16;35,200001
1400;25,6;32,799999
1401;25,6;30,4
1402;25,6;16
1403;28;8,8
1404;26,4;28
1405;24,799999;44
1406;26,4;41,599998
1407;32,799999;37,599998
1408;26,4;33,599998
1409;24;33,599998
1410;24;32
1411;25,6;16,799999
1412;24;8
1413;23,200001;27,200001
1414;34,400002;44
1415;23,200001;42,400002
1416;22,4;36,799999
1417;23,200001;36
1418;18,4;27,200001
1419;24;13,6
1420;22,4;20,799999
1421;23,200001;43,200001
1422;13,6;47,200001
1423;22,4;41,599998
1424;23,200001;38,400002
1425;24;36,799999
1426;25,6;36,799999
1427;24,799999;26,4
1428;26,4;12
1429;3,2;22,4
1430;24;46,400002
1431;26,4;45,599998
1432;26,4;40
1433;37,599998;36,799999
1434;28;35,200001
1435;27,200001;32
1436;27,200001;16
1437;30,4;12
1438;27,200001;39,200001
1439;28;49,599998
1440;29,6;46,400002
1441;28;41,599998
1442;28,799999;40
1443;28,799999;39,200001
1444;51,200001;33,599998
1445;28,799999;17,6
1446;26,4;17,6
1447;28,799999;44,799999
1448;16,799999;49,599998
1449;29,6;44,799999
1450;28;40
1451;28;38,400002
1452;26,4;37,599998
1453;27,200001;28
1454;28,799999;13,6
1455;27,200001;27,200001
1456;26,4;48,799999
1457;27,200001;47,200001
1458;26,4;41,599998
1459;20;41,599998
1460;26,4;25,6
1461;26,4;15,2
1462;27,200001;31,200001
1463;27,200001;50,400002
1464;26,4;50,400002
1465;27,200001;45,599998
1466;26,4;41,599998
1467;31,200001;40
1468;26,4;25,6
1469;26,4;15,2
1470;28;30,4
1471;26,4;49,599998
1472;28;49,599998
1473;26,4;44,799999
1474;31,200001;41,599998
1475;27,200001;39,200001
1476;28;39,200001
1477;27,200001;36,799999
1478;28,799999;20,799999
1479;27,200001;16
1480;27,200001;45,599998
1481;27,200001;52
1482;26,4;47,200001
1483;26,4;43,200001
1484;26,4;40,799999
1485;26,4;35,200001
1486;25,6;19,200001
1487;25,6;20,799999
1488;27,200001;43,200001
1489;20,799999;50,400002
1490;26,4;48
1491;26,4;43,200001
1492;25,6;41,599998
1493;25,6;40
1494;25,6;37,599998
1495;25,6;21,6
1496;24,799999;16,799999
1497;26,4;43,200001
1498;24,799999;51,200001
1499;25,6;45,599998
1500;25,6;43,200001
1501;24;34,400002
1502;24,799999;17,6
1503;24,799999;16
1504;29,6;39,200001
1505;24;49,599998
1506;24,799999;45,599998
1507;24;40,799999
1508;26,4;38,400002
1509;24,799999;37,599998
1510;24;23,200001
1511;24,799999;12,8
1512;25,6;26,4
1513;23,200001;46,400002
1514;24;48
1515;24;42,400002
1516;23,200001;40
1517;24,799999;36,799999
1518;24;36,799999
1519;20,799999;34,400002
1520;23,200001;18,4
1521;24;15,2
1522;24;28,799999
1523;16;42,400002
1524;24;39,200001
1525;23,200001;33,599998
1526;23,200001;32
1527;24;30,4
1528;22,4;22,4
1529;21,6;8
1530;10,4;17,6
1531;22,4;41,599998
1532;21,6;40,799999
1533;20,799999;35,200001
1534;20;32
1535;20,799999;31,200001
1536;20;29,6
1537;20;19,200001
1538;24,799999;6,4
1539;19,200001;17,6
1540;20;39,200001
1541;19,200001;40
1542;20;37,599998
1543;19,200001;19,200001
1544;20;1,6
1545;14,4;0,8
1546;20;23,200001
1547;19,200001;32
1548;20;28,799999
1549;22,4;24
1550;20;21,6
1551;20,799999;20
1552;20;10,4
1553;16;-3,2
1554;18,4;5,6
1555;20;28
1556;20;32
1557;19,200001;26,4
1558;20;22,4
1559;20;21,6
1560;18,4;20
1561;19,200001;18,4
1562;18,4;1,6
1563;18,4;-9,6
1564;26,4;10,4
1565;17,6;24,799999
1566;17,6;21,6
1567;17,6;17,6
1568;19,200001;15,2
1569;16,799999;14,4
1570;16;9,6
1571;17,6;-6,4
1572;16,799999;-8
1573;16;14,4
1574;16;25,6
1575;20,799999;21,6
1576;16;16,799999
1577;15,2;15,2
1578;15,2;13,6
1579;4;12,8
1580;14,4;8
1581;12,8;-7,2
1582;13,6;-8
1583;13,6;15,2
1584;12;17,6
1585;12;12,8
1586;12;8
1587;12;5,6
1588;10,4;2,4
1589;11,2;-13,6
1590;3,2;-17,6
1591;10,4;3,2
1592;9,6;16
1593;9,6;12,8
1594;14,4;8
1595;8;5,6
1596;8;4,8
1597;8,8;4
1598;5,6;0
1599;8,8;-14,4
1600;7,2;-17,6
1601;7,2;4,8
1602;5,6;15,2
1603;5,6;12
1604;6,4;9,6
1605;3,2;-3,2
1606;4,8;-17,6
1607;4;-28
1608;3,2;-11,2
1609;3,2;6,4
1610;3,2;5,6
1611;2,4;0,8
1612;1,6;-2,4
1613;4;-4
1614;0;-4,8
1615;0;-17,6
1616;0;-28
1617;-1,6;-12,8
1618;-3,2;6,4
1619;-2,4;6,4
1620;0;1,6
1621;-3,2;-2,4
1622;-3,2;-4
1623;-5,6;-4,8
1624;-4,8;-8,8
1625;-6,4;-23,200001
1626;-4,8;-31,200001
1627;-4,8;-9,6
1628;-5,6;2,4
1629;-7,2;-0,8
1630;-5,6;-6,4
1631;-7,2;-8
1632;-8;-9,6
1633;-8;-11,2
1634;-8,8;-24,799999
1635;-11,2;-32,799999
1636;-8,8;-8
1637;-10,4;2,4
1638;-10,4;-2,4
1639;-19,200001;-6,4
1640;-12;-8,8
1641;-12;-10,4
1642;-12,8;-23,200001
1643;-12,8;-33,599998
1644;-15,2;-12
1645;-15,2;2,4
1646;-13,6;0
1647;-16;-8,8
1648;-17,6;-22,4
1649;-18,4;-35,200001
1650;-16;-16,799999
1651;-18,4;0
1652;-20,799999;-4
1653;-22,4;-8,8
1654;-16;-10,4
1655;-22,4;-12
1656;-24;-20
1657;-24;-34,400002
1658;-26,4;-28,799999
1659;-27,200001;-6,4
1660;-27,200001;-0,8
1661;-8,8;-4,8
1662;-29,6;-8,8
1663;-29,6;-12,8
1664;-28,799999;-14,4
1665;-38,400002;-28
1666;-30,4;-36,799999
1667;-32;-15,2
1668;-33,599998;-5,6
1669;-40;-7,2
1670;-34,400002;-12
1671;-34,400002;-14,4
1672;-34,400002;-19,200001
1673;-34,400002;-34,400002
1674;-36;-36,799999
1675;-36;-15,2
1676;-48;-4,8
1677;-37,599998;-8
1678;-37,599998;-12,8
1679;-37,599998;-14,4
1680;-28,799999;-16,799999
1681;-38,400002;-16,799999
1682;-38,400002;-31,200001
1683;-39,200001;-39,200001
1684;-40,799999;-23,200001
1685;-42,400002;-5,6
1686;-42,400002;-7,2
1687;-41,599998;-12
1688;-42,400002;-16,799999
1689;-43,200001;-27,200001
1690;-44;-40,799999
1691;-32,799999;-32
1692;-44;-9,6
1693;-45,599998;-9,6
1694;-44,799999;-14,4
1695;-54,400002;-18,4
1696;-47,200001;-19,200001
1697;-48;-25,6
1698;-47,200001;-40,799999
1699;-47,200001;-35,200001
1700;-49,599998;-10,4
1701;-48;-8,8
1702;-49,599998;-14,4
1703;-48,799999;-17,6
1704;-51,200001;-18,4
1705;-51,200001;-28
1706;-50,400002;-41,599998
1707;-52;-34,400002
1708;-52;-12,8
1709;-52;-7,2
1710;-50,400002;-12,8
1711;-52;-18,4
1712;-52,799999;-34,400002
1713;-52,799999;-42,400002
1714;-50,400002;-23,200001
1715;-54,400002;-8
1716;-54,400002;-10,4
1717;-54,400002;-15,2
1718;-55,200001;-18,4
1719;-55,200001;-18,4
1720;-54,400002;-24,799999
1721;-50,400002;-40
1722;-55,200001;-37,599998
1723;-55,200001;-12
1724;-56,799999;-9,6
1725;-55,200001;-13,6
1726;-58,400002;-17,6
1727;-57,599998;-19,200001
1728;-58,400002;-20
1729;-60;-20
1730;-60;-28,799999
1731;-59,200001;-44
1732;-60;-45,599998
1733;-59,200001;-24
1734;-60;-12,8
1735;-60,799999;-16
1736;-65,599998;-20,799999
1737;-60,799999;-23,200001
1738;-60,799999;-24
1739;-60,799999;-28
1740;-60;-43,200001
1741;-60,799999;-44
1742;-61,599998;-17,6
1743;-62,400002;-13,6
1744;-59,200001;-18,4
1745;-60,799999;-21,6
1746;-60;-22,4
1747;-60;-24
1748;-61,599998;-32,799999
1749;-60;-47,200001
1750;-60;-35,200001
1751;-51,200001;-18,4
1752;-59,200001;-20
1753;-58,400002;-25,6
1754;-58,400002;-28,799999
1755;-56;-31,200001
1756;-56,799999;-44,799999
1757;-56,799999;-52
1758;-56,799999;-28,799999
1759;-56,799999;-17,6
1760;-56,799999;-20,799999
1761;-56,799999;-25,6
1762;-57,599998;-28,799999
1763;-56,799999;-41,599998
1764;-57,599998;-52
1765;-55,200001;-37,599998
1766;-59,200001;-20
1767;-56,799999;-18,4
1768;-56;-24
1769;-56,799999;-26,4
1770;-63,200001;-28,799999
1771;-55,200001;-28
1772;-56;-40
1773;-54,400002;-52
1774;-54,400002;-44,799999
1775;-55,200001;-23,200001
1776;-56;-19,200001
1777;-57,599998;-24
1778;-55,200001;-27,200001
1779;-54,400002;-29,6
1780;-54,400002;-30,4
1781;-51,200001;-42,400002
1782;-52,799999;-53,599998
1783;-52,799999;-40
1784;-52,799999;-20,799999
1785;-49,599998;-20
1786;-52,799999;-24,799999
1787;-51,200001;-28
1788;-50,400002;-28,799999
1789;-49,599998;-30,4
1790;-49,599998;-30,4
1791;-50,400002;-41,599998
1792;-29,6;-52
1793;-48,799999;-45,599998
1794;-47,200001;-23,200001
1795;-45,599998;-20
1796;-52,799999;-24,799999
1797;-47,200001;-29,6
1798;-45,599998;-29,6
1799;-45,599998;-32,799999
1800;-49,599998;-47,200001
1801;-44,799999;-53,599998
1802;-42,400002;-33,599998
1803;-42,400002;-20
1804;-42,400002;-22,4
1805;-41,599998;-27,200001
1806;-40,799999;-29,6
1807;-35,200001;-30,4
1808;-40;-32
1809;-39,200001;-45,599998
1810;-38,400002;-55,200001
1811;-29,6;-32
1812;-36;-20,799999
1813;-37,599998;-20,799999
1814;-35,200001;-26,4
1815;-36,799999;-32
1816;-35,200001;-48,799999
1817;-32,799999;-50,400002
1818;-33,599998;-29,6
1819;-31,200001;-19,200001
1820;-32;-21,6
1821;-32;-26,4
1822;-52;-28
1823;-30,4;-29,6
1824;-29,6;-31,200001
1825;-29,6;-36,799999
1826;-26,4;-51,200001
1827;-26,4;-46,400002
1828;-26,4;-24,799999
1829;-24,799999;-19,200001
1830;-22,4;-23,200001
1831;-24;-27,200001
1832;-24;-28,799999
1833;-23,200001;-30,4
1834;-22,4;-25,6
1835;-21,6;-40,799999
1836;-20;-47,200001
1837;-3,2;-31,200001
1838;-20;-14,4
1839;-19,200001;-14,4
1840;-18,4;-19,200001
1841;-16;-24,799999
1842;-18,4;-24
1843;-17,6;-24,799999
1844;-18,4;-36,799999
1845;-19,200001;-48
1846;-16;-33,599998
1847;-16;-15,2
1848;-16;-14,4
1849;-16;-19,200001
1850;-14,4;-22,4
1851;-14,4;-23,200001
1852;-27,200001;-28
1853;-13,6;-43,200001
1854;-13,6;-44
1855;-12,8;-11,2
1856;-9,6;-8
1857;-12;-13,6
1858;-11,2;-16,799999
1859;-11,2;-17,6
1860;-6,4;-19,200001
1861;-9,6;-25,6
1862;-9,6;-39,200001
1863;-9,6;-37,599998
1864;-9,6;-16
1865;-7,2;-7,2
1866;-8;-11,2
1867;-2,4;-16
1868;-6,4;-17,6
1869;-6,4;-18,4
1870;-4,8;-20
1871;-4;-34,400002
1872;-4;-41,599998
1873;-4;-24
1874;-2,4;-7,2
1875;-3,2;-8,8
1876;-0,8;-8,8
1877;-0,8;-12
1878;0;-24
1879;0,8;-36
1880;1,6;-24,799999
1881;2,4;-4,8
1882;7,2;-3,2
1883;4;-8
1884;4;-11,2
1885;4;-12,8
1886;4,8;-14,4
1887;6,4;-24
1888;7,2;-36,799999
1889;7,2;-24,799999
1890;8,8;-4,8
1891;8,8;-2,4
1892;8;-8
1893;11,2;-11,2
1894;9,6;-12,8
1895;12;-14,4
1896;11,2;-12,8
1897;12,8;-20,799999
1898;13,6;-31,200001
1899;13,6;-24
1900;13,6;-0,8
1901;14,4;1,6
1902;14,4;-3,2
1903;15,2;-6,4
1904;16;-8,8
1905;18,4;-8,8
1906;16;-15,2
1907;16,799999;-30,4
1908;20;-26,4
1909;18,4;-4,8
1910;20;2,4
1911;20;-1,6
1912;18,4;-6,4
1913;20,799999;-8
1914;21,6;-9,6
1915;23,200001;-10,4
1916;16;-24,799999
1917;22,4;-32
1918;24;-12
1919;24,799999;5,6
1920;24,799999;4
1921;25,6;-0,8
1922;26,4;-4
1923;38,400002;-4,8
1924;26,4;-5,6
1925;27,200001;-16
1926;27,200001;-28
1927;24;-18,4
1928;26,4;3,2
1929;26,4;4,8
1930;28;0,8
1931;25,6;-3,2
1932;27,200001;-4,8
1933;27,200001;-5,6
1934;28;-12
1935;28;-26,4
1936;28;-21,6
1937;27,200001;3,2
1938;20,799999;6,4
1939;28;4,8
1940;28,799999;-0,8
1941;28,799999;-16,799999
1942;32;-24
1943;28;-4,8
1944;30,4;10,4
1945;28,799999;8,8
1946;24;3,2
1947;30,4;0
1948;30,4;-0,8
1949;31,200001;-1,6
1950;32;-12
1951;31,200001;-24,799999
1952;31,200001;-14,4
1953;29,6;7,2
1954;32,799999;8,8
1955;32,799999;4,8
1956;32,799999;2,4
1957;30,4;0
1958;33,599998;-1,6
1959;32,799999;-2,4
1960;33,599998;-12,8
1961;31,200001;-22,4
1962;34,400002;-7,2
1963;34,400002;12,8
1964;34,400002;12,8
1965;34,400002;7,2
1966;33,599998;3,2
1967;35,200001;2,4
1968;43,200001;0
1969;34,400002;-14,4
1970;33,599998;-21,6
1971;33,599998;4,8
1972;26,4;13,6
1973;32,799999;9,6
1974;35,200001;4,8
1975;34,400002;3,2
1976;35,200001;1,6
1977;32,799999;-12
1978;33,599998;-22,4
1979;33,599998;-7,2
1980;32;16,799999
1981;32;16
1982;32;11,2
1983;21,6;7,2
1984;33,599998;6,4
1985;31,200001;5,6
1986;31,200001;-2,4
1987;33,599998;-16,799999
1988;31,200001;-12
1989;32;11,2
1990;33,599998;16,799999
1991;32,799999;12,8
1992;32,799999;8
1993;32,799999;6,4
1994;33,599998;5,6
1995;32;2,4
1996;32,799999;-13,6
1997;32,799999;-16,799999
1998;33,599998;4,8
1999;32,799999;16
2000;32,799999;14,4
2001;32,799999;16
2002;33,599998;11,2
2003;32;-6,4
2004;32;-10,4
2005;32,799999;10,4
2006;31,200001;22,4
2007;32;20
2008;32,799999;15,2
2009;31,200001;12,8
2010;32;12
2011;31,200001;10,4
2012;32;-6,4
2013;36,799999;-12
2014;31,200001;13,6
2015;31,200001;22,4
2016;31,200001;17,6
2017;32;16
2018;30,4;12
2019;29,6;11,2
2020;30,4;4
2021;30,4;-9,6
2022;29,6;-3,2
2023;30,4;20
2024;30,4;28,799999
2025;29,6;24
2026;30,4;18,4
2027;30,4;17,6
2028;30,4;16
2029;32,799999;3,2
2030;31,200001;-8
2031;30,4;5,6
2032;25,6;25,6
2033;31,200001;27,200001
2034;31,200001;21,6
2035;31,200001;17,6
2036;33,599998;16,799999
2037;31,200001;12,8
2038;30,4;-4
2039;32,799999;-6,4
2040;30,4;21,6
2041;30,4;25,6
2042;30,4;24
2043;34,400002;26,4
2044;31,200001;8,8
2045;31,200001;0
2046;31,200001;24
2047;29,6;36
2048;28,799999;32
2049;29,6;26,4
2050;29,6;24
2051;28,799999;20
2052;29,6;3,2
2053;28;2,4
2054;24,799999;30,4
2055;28,799999;35,200001
2056;28,799999;29,6
2057;28,799999;25,6
2058;21,6;24
2059;28,799999;22,4
2060;28;10,4
2061;27,200001;-1,6
2062;27,200001;10,4
2063;26,4;40
2064;28;40
2065;27,200001;34,400002
2066;28;31,200001
2067;27,200001;29,6
2068;28;19,200001
2069;4,8;5,6
2070;27,200001;16
2071;28;37,599998
2072;27,200001;40,799999
2073;37,599998;35,200001
2074;28,799999;32
2075;27,200001;31,200001
2076;28;22,4
2077;26,4;7,2
2078;28;10,4
2079;28;33,599998
2080;28,799999;40
2081;27,200001;36
2082;28,799999;31,200001
2083;28;29,6
2084;48,799999;33,599998
2085;26,4;17,6
2086;26,4;9,6
2087;28;28,799999
2088;20;44,799999
2089;27,200001;43,200001
2090;28;38,400002
2091;27,200001;35,200001
2092;24;34,400002
2093;27,200001;31,200001
2094;26,4;15,2
2095;27,200001;10,4
2096;27,200001;37,599998
2097;27,200001;44,799999
2098;26,4;40
2099;17,6;36
2100;26,4;34,400002
2101;26,4;33,599998
2102;27,200001;32
2103;28,799999;20
2104;27,200001;8,8
2105;26,4;29,6
2106;27,200001;40
2107;29,6;36,799999
2108;26,4;33,599998
2109;26,4;34,400002
2110;26,4;43,200001
2111;25,6;46,400002
2112;26,4;42,400002
2113;25,6;40
2114;30,4;38,400002
2115;26,4;38,400002
2116;26,4;37,599998
2117;26,4;37,599998
2118;26,4;37,599998
2119;25,6;32,799999
2120;25,6;16
2121;26,4;20
2122;24;46,400002
2123;26,4;48
2124;24,799999;42,400002
2125;24,799999;40,799999
2126;24,799999;38,400002
2127;24;21,6
2128;24;19,200001
2129;18,4;42,400002
2130;24;52,799999
2131;23,200001;48,799999
2132;23,200001;43,200001
2133;22,4;41,599998
2134;24;40,799999
2135;23,200001;32
2136;23,200001;17,6
2137;27,200001;27,200001
2138;24;51,200001
2139;24;50,400002
2140;24,799999;44,799999
2141;24,799999;42,400002
2142;25,6;40,799999
2143;25,6;36,799999
2144;32,799999;20,799999
2145;24,799999;16
2146;25,6;40
2147;26,4;52,799999
2148;28;49,599998
2149;26,4;44
2150;27,200001;41,599998
2151;27,200001;40
2152;26,4;38,400002
2153;27,200001;23,200001
2154;28;16
2155;27,200001;36,799999
2156;25,6;51,200001
2157;28;49,599998
2158;29,6;44
2159;27,200001;41,599998
2160;28;40,799999
2161;28;39,200001
2162;27,200001;24
2163;20;15,2
2164;28;39,200001
2165;28;52
2166;28;46,400002
2167;31,200001;44,799999
2168;28,799999;32
2169;27,200001;16,799999
2170;31,200001;19,200001
2171;28;42,400002
2172;27,200001;49,599998
2173;28;44,799999
2174;28;40
2175;28;37,599998
2176;27,200001;37,599998
2177;26,4;31,200001
2178;33,599998;16
2179;26,4;17,6
2180;26,4;40
2181;26,4;48,799999
2182;25,6;44
2183;26,4;40
2184;25,6;38,400002
2185;44;36,799999
2186;25,6;36
2187;25,6;28,799999
2188;24;12
2189;20;13,6
2190;25,6;36
2191;25,6;46,400002
2192;24,799999;42,400002
2193;24;35,200001
2194;24,799999;33,599998
2195;26,4;33,599998
2196;24,799999;32,799999
2197;26,4;24
2198;24,799999;9,6
2199;24,799999;19,200001
2200;13,6;43,200001
2201;24,799999;42,400002
2202;24;37,599998
2203;24,799999;34,400002
2204;36,799999;33,599998
2205;24,799999;32
2206;24,799999;20
2207;23,200001;7,2
2208;19,200001;20,799999
2209;23,200001;40
2210;23,200001;40
2211;23,200001;34,400002
2212;23,200001;32
2213;24;28,799999
2214;22,4;13,6
2215;31,200001;4,8
2216;21,6;29,6
2217;22,4;41,599998
2218;22,4;36
2219;15,2;31,200001
2220;22,4;30,4
2221;20,799999;29,6
2222;20,799999;19,200001
2223;18,4;4,8
2224;20,799999;14,4
2225;21,6;36
2226;22,4;40
2227;22,4;35,200001
2228;23,200001;31,200001
2229;22,4;29,6
2230;14,4;24
2231;22,4;7,2
2232;23,200001;4
2233;24;25,6
2234;17,6;39,200001
2235;23,200001;35,200001
2236;23,200001;30,4
2237;23,200001;28
2238;26,4;26,4
2239;23,200001;24
2240;21,6;8
2241;22,4;3,2
2242;22,4;24,799999
2243;22,4;38,400002
2244;22,4;35,200001
2245;26,4;30,4
2246;23,200001;28,799999
2247;21,6;27,200001
2248;20;26,4
2249;22,4;16
2250;20,799999;2,4
2251;20;7,2
2252;20;29,6
2253;18,4;32
2254;20;27,200001
2255;20;24
2256;20;21,6
2257;20;20,799999
2258;19,200001;15,2
2259;18,4;-0,8
2260;13,6;1,6
2261;19,200001;24,799999
2262;17,6;32,799999
2263;16,799999;28,799999
2264;19,200001;23,200001
2265;18,4;21,6
2266;17,6;21,6
2267;16,799999;14,4
2268;20;-0,8
2269;18,4;2,4
2270;16,799999;24,799999
2271;16,799999;32,799999
2272;16,799999;23,200001
2273;17,6;18,4
2274;16,799999;11,2
2275;23,200001;-5,6
2276;17,6;-4
2277;16,799999;18,4
2278;15,2;27,200001
2279;18,4;22,4
2280;16;18,4
2281;16;16
2282;16;15,2
2283;15,2;12
2284;14,4;-4
2285;14,4;-8
2286;14,4;20
2287;13,6;26,4
2288;14,4;21,6
2289;14,4;16,799999
2290;12;16
2291;13,6;12,8
2292;14,4;14,4
2293;12,8;-4,8
2294;6,4;-15,2
2295;11,2;-4,8
2296;12,8;17,6
2297;12,8;20
2298;13,6;15,2
2299;11,2;12
2300;10,4;9,6
2301;14,4;6,4
2302;9,6;-9,6
2303;9,6;-13,6
2304;9,6;14,4
2305;8,8;20,799999
2306;8,8;14,4
2307;8,8;12
2308;8,8;10,4
2309;13,6;4,8
2310;6,4;-12
2311;6,4;-12
2312;7,2;16
2313;7,2;16
2314;5,6;9,6
2315;5,6;5,6
2316;24;-8
2317;4,8;-20,799999
2318;4,8;-8
2319;4;12,8
2320;-4;14,4
2321;3,2;8,8
2322;2,4;5,6
2323;1,6;4
2324;-6,4;0,8
2325;0,8;-15,2
2326;-0,8;-20
2327;-2,4;1,6
2328;-0,8;15,2
2329;-4;12
2330;-4;7,2
2331;-28;4,8
2332;-5,6;2,4
2333;-5,6;2,4
2334;-5,6;-8,8
2335;-4,8;-24
2336;-6,4;-30,4
2337;-8,8;-11,2
2338;-8;4,8
2339;-8,8;3,2
2340;-9,6;-1,6
2341;-10,4;-4,8
2342;-12;-6,4
2343;-12,8;-7,2
2344;-12,8;-20,799999
2345;-13,6;-29,6
2346;4;-13,6
2347;-15,2;4,8
2348;-16;4,8
2349;-14,4;-1,6
2350;-28;-4,8
2351;-16,799999;-5,6
2352;-17,6;-7,2
2353;-18,4;-22,4
2354;-21,6;-28,799999
2355;-19,200001;-16,799999
2356;-20;-3,2
2357;-19,200001;-4,8
2358;-21,6;-10,4
2359;-21,6;-12,8
2360;-22,4;-12,8
2361;-30,4;-24
2362;-22,4;-36
2363;-24;-25,6
2364;-24;-5,6
2365;-27,200001;-2,4
2366;-24,799999;-7,2
2367;-27,200001;-12
2368;-26,4;-13,6
2369;-26,4;-12
2370;-28,799999;-15,2
2371;-29,6;-28,799999
2372;-30,4;-36,799999
2373;-31,200001;-19,200001
2374;-31,200001;-3,2
2375;-33,599998;-4
2376;-29,6;-13,6
2377;-35,200001;-16,799999
2378;-34,400002;-28,799999
2379;-35,200001;-41,599998
2380;-36,799999;-31,200001
2381;-36,799999;-10,4
2382;-36,799999;-8
2383;-39,200001;-12,8
2384;-40;-16,799999
2385;-40;-18,4
2386;-40,799999;-28
2387;-40,799999;-40,799999
2388;-42,400002;-32
2389;-42,400002;-11,2
2390;-42,400002;-8
2391;-46,400002;-12,8
2392;-43,200001;-16,799999
2393;-44;-17,6
2394;-45,599998;-19,200001
2395;-44;-24,799999
2396;-45,599998;-38,400002
2397;-46,400002;-44
2398;-47,200001;-22,4
2399;-45,599998;-13,6
2400;-48;-16
2401;-47,200001;-20,799999
2402;-48,799999;-23,200001
2403;-49,599998;-24,799999
2404;-50,400002;-24,799999
2405;-50,400002;-36
2406;-44;-48
2407;-52;-36
2408;-51,200001;-16
2409;-52,799999;-14,4
2410;-51,200001;-18,4
2411;-53,599998;-22,4
2412;-53,599998;-23,200001
2413;-54,400002;-24
2414;-56;-31,200001
2415;-56;-45,599998
2416;-55,200001;-41,599998
2417;-57,599998;-17,6
2418;-57,599998;-16,799999
2419;-58,400002;-20,799999
2420;-59,200001;-25,6
2421;-63,200001;-26,4
2422;-59,200001;-29,6
2423;-60;-45,599998
2424;-59,200001;-48,799999
2425;-67,199997;-28,799999
2426;-58,400002;-16,799999
2427;-60;-19,200001
2428;-58,400002;-24
2429;-57,599998;-25,6
2430;-59,200001;-27,200001
2431;-58,400002;-28
2432;-64;-35,200001
2433;-59,200001;-49,599998
2434;-60;-43,200001
2435;-58,400002;-21,6
2436;-56;-16
2437;-59,200001;-22,4
2438;-59,200001;-24
2439;-59,200001;-33,599998
2440;-54,400002;-48
2441;-60;-43,200001
2442;-59,200001;-21,6
2443;-59,200001;-16,799999
2444;-60,799999;-20,799999
2445;-60;-24,799999
2446;-60;-26,4
2447;-41,599998;-27,200001
2448;-60,799999;-32,799999
2449;-59,200001;-48
2450;-60;-44
2451;-68;-18,4
2452;-60,799999;-16,799999
2453;-59,200001;-22,4
2454;-60;-24,799999
2455;-68;-27,200001
2456;-60;-27,200001
2457;-59,200001;-36
2458;-60;-50,400002
2459;-58,400002;-38,400002
2460;-60,799999;-19,200001
2461;-58,400002;-17,6
2462;-80;-21,6
2463;-59,200001;-25,6
2464;-57,599998;-26,4
2465;-57,599998;-29,6
2466;-49,599998;-44
2467;-58,400002;-50,400002
2468;-57,599998;-23,200001
2469;-57,599998;-16
2470;-54,400002;-20,799999
2471;-56;-24
2472;-56,799999;-25,6
2473;-55,200001;-26,4
2474;-55,200001;-34,400002
2475;-56,799999;-48,799999
2476;-55,200001;-44
2477;-33,599998;-21,6
2478;-54,400002;-16
2479;-52,799999;-20
2480;-53,599998;-23,200001
2481;-60;-38,400002
2482;-52;-48
2483;-52;-32
2484;-52,799999;-16,799999
2485;-55,200001;-16,799999
2486;-51,200001;-20,799999
2487;-51,200001;-24
2488;-49,599998;-25,6
2489;-48,799999;-31,200001
2490;-48;-47,200001
2491;-48;-40,799999
2492;-61,599998;-16,799999
2493;-48;-16
2494;-48;-20,799999
2495;-47,200001;-24
2496;-42,400002;-24,799999
2497;-45,599998;-31,200001
2498;-44,799999;-46,400002
2499;-44;-44
2500;-40,799999;-20
2501;-44;-12
2502;-43,200001;-17,6
2503;-42,400002;-21,6
2504;-42,400002;-23,200001
2505;-40,799999;-32
2506;-40,799999;-45,599998
2507;-36,799999;-40,799999
2508;-38,400002;-19,200001
2509;-37,599998;-13,6
2510;-37,599998;-17,6
2511;-37,599998;-21,6
2512;-35,200001;-23,200001
2513;-36;-24
2514;-34,400002;-24,799999
2515;-35,200001;-36,799999
2516;-33,599998;-48
2517;-32,799999;-28,799999
2518;-32,799999;-12,8
2519;-32,799999;-16
2520;-31,200001;-20,799999
2521;-29,6;-21,6
2522;-28;-28,799999
2523;-28;-44
2524;-28,799999;-42,400002
2525;-28;-20
2526;-28,799999;-12,8
2527;-28;-16,799999
2528;-28;-20,799999
2529;-28;-22,4
2530;-24,799999;-24
2531;-27,200001;-27,200001
2532;-26,4;-42,400002
2533;-26,4;-44,799999
2534;-26,4;-24,799999
2535;-24,799999;-12,8
2536;-25,6;-16
2537;-23,200001;-19,200001
2538;-23,200001;-22,4
2539;-23,200001;-24
2540;-22,4;-36
2541;-22,4;-48
2542;-22,4;-24,799999
2543;-21,6;-10,4
2544;-21,6;-14,4
2545;-19,200001;-20,799999
2546;-19,200001;-20,799999
2547;-19,200001;-21,6
2548;-19,200001;-23,200001
2549;-20;-36
2550;-19,200001;-45,599998
2551;-17,6;-32
2552;-21,6;-12
2553;-16,799999;-12
2554;-15,2;-16,799999
2555;-16;-20
2556;-24;-20,799999
2557;-15,2;-23,200001
2558;-12,8;-39,200001
2559;-12,8;-44
2560;-12,8;-18,4
2561;-12;-10,4
2562;-12;-16
2563;-22,4;-17,6
2564;-12;-27,200001
2565;-10,4;-40,799999
2566;-8,8;-36,799999
2567;-8,8;-14,4
2568;-9,6;-8,8
2569;-8;-13,6
2570;-8,8;-16,799999
2571;-2,4;-18,4
2572;-7,2;-20
2573;-5,6;-31,200001
2574;-6,4;-42,400002
2575;-5,6;-31,200001
2576;-5,6;-11,2
2577;-5,6;-9,6
2578;2,4;-14,4
2579;-4,8;-17,6
2580;-3,2;-18,4
2581;-3,2;-20
2582;-12;-33,599998
2583;-2,4;-44
2584;-1,6;-25,6
2585;-0,8;-5,6
2586;-6,4;-7,2
2587;0;-12
2588;1,6;-15,2
2589;1,6;-16
2590;3,2;-18,4
2591;3,2;-33,599998
2592;3,2;-39,200001
2593;-16;-12,8
2594;5,6;-4,8
2595;5,6;-9,6
2596;6,4;-14,4
2597;12;-15,2
2598;7,2;-19,200001
2599;8,8;-35,200001
2600;7,2;-37,599998
2601;8,8;-16
2602;9,6;-4
2603;10,4;-8,8
2604;11,2;-12
2605;12;-14,4
2606;12;-30,4
2607;12,8;-36,799999
2608;32;-17,6
2609;13,6;-3,2
2610;14,4;-5,6
2611;14,4;-10,4
2612;16,799999;-12,8
2613;15,2;-13,6
2614;16;-18,4
2615;16,799999;-33,599998
2616;16;-35,200001
2617;18,4;-13,6
2618;18,4;-2,4
2619;19,200001;-6,4
2620;18,4;-10,4
2621;18,4;-12,8
2622;19,200001;-14,4
2623;5,6;-16,799999
2624;21,6;-32
2625;22,4;-35,200001
2626;22,4;-9,6
2627;23,200001;3,2
2628;24;-0,8
2629;24,799999;-4,8
2630;25,6;-8
2631;26,4;-8
2632;26,4;-11,2
2633;28;-24,799999
2634;27,200001;-31,200001
2635;28;-6,4
2636;28,799999;3,2
2637;27,200001;-1,6
2638;28,799999;-5,6
2639;31,200001;-8
2640;28,799999;-14,4
2641;30,4;-28,799999
2642;31,200001;-26,4
2643;30,4;-4
2644;30,4;3,2
2645;31,200001;-2,4
2646;31,200001;-4
2647;32;-6,4
2648;31,200001;-21,6
2649;31,200001;-22,4
2650;31,200001;0
2651;31,200001;9,6
2652;31,200001;4,8
2653;38,400002;0
2654;32,799999;-1,6
2655;32,799999;-2,4
2656;32,799999;-8,8
2657;31,200001;-23,200001
2658;32;-21,6
2659;32;5,6
2660;31,200001;7,2
2661;32,799999;3,2
2662;31,200001;-1,6
2663;32;-2,4
2664;32;-4
2665;31,200001;-14,4
2666;32,799999;-27,200001
2667;32;-8
2668;28,799999;17,6
2669;32,799999;13,6
2670;32,799999;8,8
2671;32,799999;6,4
2672;26,4;-5,6
2673;33,599998;-18,4
2674;33,599998;-8,8
2675;32,799999;13,6
2676;34,400002;16
2677;33,599998;11,2
2678;33,599998;7,2
2679;24,799999;5,6
2680;33,599998;4,8
2681;35,200001;-5,6
2682;34,400002;-18,4
2683;38,400002;-9,6
2684;33,599998;12
2685;34,400002;16
2686;34,400002;11,2
2687;42,400002;6,4
2688;35,200001;13,6
2689;35,200001;-0,8
2690;35,200001;-12
2691;35,200001;0
2692;34,400002;21,6
2693;34,400002;23,200001
2694;38,400002;17,6
2695;34,400002;14,4
2696;34,400002;12,8
2697;35,200001;11,2
2698;28;-2,4
2699;33,599998;-12,8
2700;32,799999;2,4
2701;34,400002;21,6
2702;25,6;21,6
2703;33,599998;16,799999
2704;34,400002;13,6
2705;33,599998;12,8
2706;34,400002;12
2707;33,599998;5,6
2708;32;-10,4
2709;18,4;3,2
2710;32,799999;24
2711;33,599998;30,4
2712;33,599998;25,6
2713;43,200001;21,6
2714;33,599998;20,799999
2715;32,799999;16
2716;33,599998;-0,8
2717;32;-1,6
2718;33,599998;20,799999
2719;32,799999;31,200001
2720;33,599998;26,4
2721;33,599998;24
2722;35,200001;20,799999
2723;32;20
2724;51,200001;19,200001
2725;32;14,4
2726;32;-1,6
2727;32;-2,4
2728;20,799999;20
2729;29,6;31,200001
2730;29,6;32,799999
2731;30,4;26,4
2732;32;21,6
2733;29,6;4,8
2734;29,6;1,6
2735;30,4;24
2736;28,799999;35,200001
2737;29,6;31,200001
2738;28,799999;27,200001
2739;15,2;24,799999
2740;29,6;24
2741;28,799999;22,4
2742;29,6;8,8
2743;32,799999;-1,6
2744;28;20,799999
2745;29,6;35,200001
2746;28,799999;31,200001
2747;28,799999;26,4
2748;29,6;24,799999
2749;28,799999;22,4
2750;29,6;22,4
2751;28;18,4
2752;29,6;4
2753;28,799999;4,8
2754;26,4;28
2755;29,6;37,599998
2756;28,799999;32,799999
2757;29,6;28,799999
2758;31,200001;26,4
2759;30,4;24,799999
2760;28,799999;12
2761;28,799999;0,8
2762;26,4;20
2763;30,4;37,599998
2764;29,6;33,599998
2765;29,6;28,799999
2766;29,6;26,4
2767;29,6;25,6
2768;29,6;23,200001
2769;28;6,4
2770;28,799999;-0,8
2771;29,6;22,4
2772;28,799999;41,599998
2773;26,4;37,599998
2774;28;32
2775;28;29,6
2776;27,200001;28,799999
2777;28,799999;19,200001
2778;28;4,8
2779;28;13,6
2780;27,200001;36
2781;28;40
2782;27,200001;34,400002
2783;25,6;31,200001
2784;28,799999;28,799999
2785;27,200001;28
2786;26,4;24,799999
2787;27,200001;9,6
2788;28,799999;5,6
2789;26,4;33,599998
2790;27,200001;39,200001
2791;27,200001;33,599998
2792;27,200001;32
2793;27,200001;27,200001
2794;26,4;11,2
2795;27,200001;10,4
2796;27,200001;33,599998
2797;26,4;43,200001
2798;25,6;39,200001
2799;26,4;34,400002
2800;26,4;32
2801;27,200001;31,200001
2802;26,4;29,6
2803;20;14,4
2804;27,200001;6,4
2805;26,4;25,6
2806;26,4;41,599998
2807;26,4;40
2808;25,6;35,200001
2809;24,799999;32,799999
2810;40,799999;31,200001
2811;25,6;30,4
2812;24,799999;15,2
2813;26,4;8,8
2814;24;24,799999
2815;24,799999;43,200001
2816;24,799999;43,200001
2817;23,200001;38,400002
2818;25,6;35,200001
2819;23,200001;33,599998
2820;24,799999;32,799999
2821;23,200001;29,6
2822;24,799999;14,4
2823;23,200001;8,8
2824;24,799999;31,200001
2825;8;44
2826;24;41,599998
2827;24,799999;36,799999
2828;24,799999;33,599998
2829;35,200001;32,799999
2830;24;32,799999
2831;24;25,6
2832;25,6;9,6
2833;27,200001;15,2
2834;24,799999;48
2835;26,4;48
2836;25,6;40,799999
2837;27,200001;38,400002
2838;25,6;36,799999
2839;26,4;36
2840;46,400002;24
2841;27,200001;12
2842;27,200001;31,200001
2843;27,200001;48,799999
2844;20;45,599998
2845;26,4;40,799999
2846;26,4;38,400002
2847;26,4;36,799999
2848;24,799999;36
2849;27,200001;29,6
2850;27,200001;13,6
2851;28;16,799999
2852;27,200001;40
2853;26,4;48,799999
2854;27,200001;44
2855;20;43,200001
2856;26,4;28,799999
2857;27,200001;16,799999
2858;25,6;30,4
2859;31,200001;50,400002
2860;26,4;51,200001
2861;26,4;46,400002
2862;26,4;42,400002
2863;29,6;40,799999
2864;26,4;40
2865;27,200001;39,200001
2866;25,6;28
2867;25,6;15,2
2868;27,200001;27,200001
2869;27,200001;48
2870;30,4;50,400002
2871;26,4;45,599998
2872;26,4;42,400002
2873;26,4;40
2874;27,200001;38,400002
2875;27,200001;26,4
2876;28;16
2877;27,200001;31,200001
2878;25,6;50,400002
2879;27,200001;51,200001
2880;27,200001;46,400002
2881;27,200001;42,400002
2882;27,200001;40,799999
2883;27,200001;40
2884;27,200001;31,200001
2885;24,799999;16,799999
2886;26,4;24
2887;27,200001;46,400002
2888;27,200001;51,200001
2889;25,6;46,400002
2890;26,4;42,400002
2891;26,4;40,799999
2892;27,200001;38,400002
2893;28;23,200001
2894;27,200001;14,4
2895;25,6;40,799999
2896;27,200001;53,599998
2897;25,6;46,400002
2898;26,4;43,200001
2899;25,6;35,200001
2900;30,4;18,4
2901;28,799999;21,6
2902;26,4;44,799999
2903;26,4;52
2904;22,4;48
2905;24,799999;43,200001
2906;25,6;40
2907;25,6;39,200001
2908;27,200001;24
2909;26,4;15,2
2910;26,4;40
2911;24;52
2912;23,200001;47,200001
2913;24,799999;42,400002
2914;25,6;40,799999
2915;23,200001;36,799999
2916;24,799999;18,4
2917;25,6;20
2918;24,799999;37,599998
2919;24;48
2920;25,6;43,200001
2921;24,799999;39,200001
2922;25,6;36,799999
2923;24;35,200001
2924;25,6;21,6
2925;23,200001;11,2
2926;23,200001;28
2927;20,799999;46,400002
2928;24,799999;45,599998
2929;24;40,799999
2930;16;37,599998
2931;23,200001;36
2932;21,6;35,200001
2933;21,6;24,799999
2934;24,799999;11,2
2935;22,4;21,6
2936;21,6;43,200001
2937;22,4;44,799999
2938;22,4;36,799999
2939;21,6;26,4
2940;19,200001;8
2941;12,8;13,6
2942;20;39,200001
2943;20,799999;40
2944;20,799999;34,400002
2945;32,799999;31,200001
2946;19,200001;29,6
2947;20,799999;25,6
2948;20,799999;9,6
2949;19,200001;5,6
2950;20,799999;28,799999
2951;20,799999;40,799999
2952;20,799999;36,799999
2953;20;32,799999
2954;20,799999;30,4
2955;20,799999;28,799999
2956;36;28,799999
2957;21,6;15,2
2958;22,4;3,2
2959;20,799999;11,2
2960;22,4;28,799999
2961;22,4;28
2962;20,799999;23,200001
2963;20,799999;20
2964;20,799999;18,4
2965;20,799999;18,4
2966;20;13,6
2967;19,200001;-2,4
2968;20;-2,4
2969;20;20
2970;18,4;29,6
2971;22,4;25,6
2972;17,6;21,6
2973;19,200001;20
2974;18,4;18,4
2975;5,6;8
2976;16;-5,6
2977;16,799999;4,8
2978;16,799999;26,4
2979;18,4;29,6
2980;16,799999;16
2981;15,2;12,8
2982;16,799999;4,8
2983;14,4;-11,2
2984;13,6;-8
2985;13,6;14,4
2986;3,2;21,6
2987;15,2;16,799999
2988;13,6;12,8
2989;14,4;11,2
2990;16,799999;9,6
2991;13,6;-1,6
2992;13,6;-14,4
2993;13,6;3,2
2994;12,8;21,6
2995;13,6;18,4
2996;13,6;13,6
2997;12;11,2
2998;13,6;10,4
2999;11,2;8,8
3000;11,2;9,6
3001;14,4;-6,4
3002;11,2;-20
3003;10,4;-17,6
3004;9,6;5,6
3005;11,2;13,6
3006;10,4;9,6
3007;9,6;4
3008;7,2;3,2
3009;8;-1,6
3010;8;-16,799999
3011;7,2;-20,799999
3012;6,4;1,6
3013;5,6;14,4
3014;5,6;8
3015;5,6;5,6
3016;6,4;3,2
3017;3,2;2,4
3018;4;-3,2
3019;3,2;-18,4
3020;4;-19,200001
3021;0,8;11,2
3022;0,8;6,4
3023;0,8;0,8
3024;1,6;-3,2
3025;0,8;-4
3026;0,8;-12,8
3027;0;-26,4
3028;-0,8;-20,799999
3029;-0,8;0,8
3030;0,8;7,2
3031;0;2,4
3032;-1,6;-1,6
3033;-0,8;-4
3034;-2,4;-5,6
3035;-7,2;-7,2
3036;-2,4;-22,4
3037;-4;-27,200001
3038;-3,2;-7,2
3039;-3,2;7,2
3040;-5,6;4
3041;-6,4;-2,4
3042;-3,2;-2,4
3043;-8,8;-17,6
3044;-7,2;-31,200001
3045;-8;-27,200001
3046;-11,2;-4,8
3047;-9,6;1,6
3048;-10,4;-4
3049;-12;-7,2
3050;-8,8;-9,6
3051;-12,8;-9,6
3052;-14,4;-18,4
3053;-15,2;-32
3054;-14,4;-25,6
3055;-16;-4
3056;-16;0,8
3057;-0,8;-4
3058;-19,200001;-7,2
3059;-19,200001;-8,8
3060;-20,799999;-10,4
3061;-24,799999;-12
3062;-22,4;-25,6
3063;-22,4;-36
3064;-23,200001;-20
3065;-28;-2,4
3066;-24,799999;-4
3067;-24;-8,8
3068;-25,6;-11,2
3069;-25,6;-12,8
3070;-27,200001;-20
3071;-28;-35,200001
3072;-52;-28
3073;-28;-0,8
3074;-28,799999;-3,2
3075;-29,6;-8
3076;-17,6;-11,2
3077;-29,6;-12,8
3078;-30,4;-12,8
3079;-31,200001;-20
3080;-31,200001;-34,400002
3081;-32;-30,4
3082;-31,200001;-8,8
3083;-32,799999;-2,4
3084;-34,400002;-8
3085;-35,200001;-16,799999
3086;-36,799999;-34,400002
3087;-14,4;-35,200001
3088;-36,799999;-8,8
3089;-36;-5,6
3090;-36,799999;-11,2
3091;-46,400002;-14,4
3092;-38,400002;-16
3093;-38,400002;-16
3094;-39,200001;-24,799999
3095;-42,400002;-38,400002
3096;-40;-30,4
3097;-40,799999;-6,4
3098;-41,599998;-6,4
3099;-43,200001;-11,2
3100;-43,200001;-15,2
3101;-42,400002;-16,799999
3102;-55,200001;-20,799999
3103;-44,799999;-36
3104;-44,799999;-36,799999
3105;-45,599998;-16
3106;-42,400002;-7,2
3107;-46,400002;-11,2
3108;-47,200001;-16
3109;-48;-17,6
3110;-44;-18,4
3111;-48;-30,4
3112;-48;-42,400002
3113;-48,799999;-29,6
3114;-49,599998;-9,6
3115;-50,400002;-8
3116;-50,400002;-13,6
3117;-45,599998;-16,799999
3118;-51,200001;-17,6
3119;-51,200001;-19,200001
3120;-52;-18,4
3121;-49,599998;-23,200001
3122;-50,400002;-38,400002
3123;-52;-38,400002
3124;-53,599998;-12,8
3125;-54,400002;-7,2
3126;-54,400002;-16
3127;-56;-20
3128;-56,799999;-31,200001
3129;-56,799999;-44,799999
3130;-56,799999;-36,799999
3131;-57,599998;-15,2
3132;-59,200001;-11,2
3133;-56,799999;-15,2
3134;-57,599998;-20
3135;-59,200001;-21,6
3136;-61,599998;-22,4
3137;-60,799999;-22,4
3138;-60,799999;-33,599998
3139;-60;-45,599998
3140;-60;-30,4
3141;-60,799999;-11,2
3142;-59,200001;-13,6
3143;-61,599998;-18,4
3144;-61,599998;-20,799999
3145;-62,400002;-23,200001
3146;-60,799999;-36,799999
3147;-58,400002;-49,599998
3148;-60,799999;-32
3149;-60,799999;-16
3150;-60,799999;-16,799999
3151;-67,199997;-21,6
3152;-60;-24
3153;-59,200001;-25,6
3154;-60;-26,4
3155;-59,200001;-32
3156;-58,400002;-47,200001
3157;-60;-44
3158;-58,400002;-17,6
3159;-60;-16
3160;-59,200001;-20,799999
3161;-59,200001;-24
3162;-58,400002;-25,6
3163;-56,799999;-28
3164;-58,400002;-43,200001
3165;-58,400002;-48,799999
3166;-52,799999;-29,6
3167;-58,400002;-13,6
3168;-57,599998;-20
3169;-57,599998;-25,6
3170;-56,799999;-28
3171;-58,400002;-29,6
3172;-57,599998;-41,599998
3173;-59,200001;-52
3174;-56,799999;-38,400002
3175;-57,599998;-19,200001
3176;-57,599998;-19,200001
3177;-64;-24
3178;-58,400002;-26,4
3179;-56,799999;-28,799999
3180;-57,599998;-31,200001
3181;-52,799999;-46,400002
3182;-57,599998;-50,400002
3183;-56,799999;-31,200001
3184;-56,799999;-17,6
3185;-55,200001;-20
3186;-56;-24
3187;-55,200001;-27,200001
3188;-55,200001;-28
3189;-56;-43,200001
3190;-53,599998;-52,799999
3191;-54,400002;-42,400002
3192;-42,400002;-21,6
3193;-52,799999;-20
3194;-52,799999;-25,6
3195;-52,799999;-28,799999
3196;-55,200001;-30,4
3197;-50,400002;-31,200001
3198;-52;-40
3199;-50,400002;-52,799999
3200;-49,599998;-42,400002
3201;-49,599998;-20,799999
3202;-48,799999;-21,6
3203;-41,599998;-26,4
3204;-48,799999;-28,799999
3205;-48;-29,6
3206;-47,200001;-30,4
3207;-46,400002;-37,599998
3208;-46,400002;-52
3209;-44,799999;-45,599998
3210;-45,599998;-28
3211;-44,799999;-22,4
3212;-43,200001;-27,200001
3213;-42,400002;-31,200001
3214;-42,400002;-32
3215;-41,599998;-32,799999
3216;-42,400002;-43,200001
3217;-40,799999;-55,200001
3218;-44,799999;-40,799999
3219;-40,799999;-21,6
3220;-40;-24
3221;-40;-28,799999
3222;-38,400002;-32
3223;-38,400002;-32
3224;-36,799999;-44,799999
3225;-34,400002;-56
3226;-31,200001;-42,400002
3227;-33,599998;-23,200001
3228;-32,799999;-22,4
3229;-32;-27,200001
3230;-32;-25,6
3231;-29,6;-40,799999
3232;-29,6;-51,200001
3233;-24;-32
3234;-28;-16,799999
3235;-26,4;-20
3236;-25,6;-24,799999
3237;-26,4;-27,200001
3238;-24,799999;-28
3239;-24;-36
3240;-23,200001;-50,400002
3241;-25,6;-44
3242;-24;-21,6
3243;-23,200001;-17,6
3244;-21,6;-21,6
3245;-22,4;-26,4
3246;-20,799999;-27,200001
3247;-20,799999;-28
3248;-24;-40,799999
3249;-20;-53,599998
3250;-20;-34,400002
3251;-20;-12,8
3252;-20,799999;-14,4
3253;-20;-19,200001
3254;-17,6;-22,4
3255;-17,6;-23,200001
3256;-16;-23,200001
3257;-17,6;-34,400002
3258;-16,799999;-46,400002
3259;-16,799999;-31,200001
3260;-16,799999;-12,8
3261;-16,799999;-15,2
3262;-15,2;-20
3263;-13,6;-21,6
3264;-13,6;-24
3265;-13,6;-37,599998
3266;-14,4;-47,200001
3267;-14,4;-31,200001
3268;-12,8;-12,8
3269;-12;-13,6
3270;-10,4;-19,200001
3271;-9,6;-20,799999
3272;-9,6;-23,200001
3273;-8,8;-39,200001
3274;-6,4;-36,799999
3275;-7,2;-14,4
3276;-7,2;-7,2
3277;-5,6;-11,2
3278;-2,4;-16
3279;-4;-17,6
3280;-4,8;-20,799999
3281;-3,2;-36
3282;5,6;-40,799999
3283;-2,4;-20
3284;-2,4;-8
3285;-2,4;-9,6
3286;-1,6;-14,4
3287;0;-16,799999
3288;-1,6;-17,6
3289;14,4;-19,200001
3290;0;-32
3291;2,4;-42,400002
3292;2,4;-23,200001
3293;-4;-2,4
3294;4,8;-3,2
3295;4;-8,8
3296;4,8;-10,4
3297;0;-12,8
3298;7,2;-12,8
3299;5,6;-20
3300;8;-34,400002
3301;9,6;-29,6
3302;8;-6,4
3303;10,4;0
3304;-12,8;-6,4
3305;10,4;-9,6
3306;10,4;-11,2
3307;11,2;-12,8
3308;16;-12,8
3309;13,6;-27,200001
3310;12;-36
3311;12,8;-18,4
3312;16,799999;-3,2
3313;14,4;-33,599998
3314;16;-2,4
3315;16,799999;-8
3316;16,799999;-24
3317;18,4;-28
3318;19,200001;-8
3319;40,799999;4,8
3320;20;1,6
3321;20;-3,2
3322;20,799999;-6,4
3323;10,4;-6,4
3324;22,4;-13,6
3325;23,200001;-28,799999
3326;21,6;-24
3327;19,200001;-2,4
3328;22,4;4,8
3329;23,200001;-0,8
3330;22,4;-4,8
3331;21,6;-6,4
3332;23,200001;-7,2
3333;24;-8,8
3334;22,4;-6,4
3335;24;-20,799999
3336;23,200001;-27,200001
3337;24,799999;-9,6
3338;30,4;7,2
3339;24,799999;4,8
3340;24,799999;0,8
3341;25,6;-2,4
3342;27,200001;-3,2
3343;27,200001;-6,4
3344;27,200001;-21,6
3345;26,4;-26,4
3346;26,4;0
3347;28;8
3348;29,6;2,4
3349;24,799999;-1,6
3350;29,6;-3,2
3351;30,4;-4
3352;29,6;-15,2
3353;32,799999;-28
3354;31,200001;-16
3355;31,200001;9,6
3356;30,4;10,4
3357;31,200001;4
3358;32;0,8
3359;32;-2,4
3360;32,799999;-16,799999
3361;31,200001;-23,200001
3362;33,599998;-4,8
3363;32,799999;10,4
3364;37,599998;9,6
3365;32,799999;3,2
3366;32,799999;0
3367;32;-0,8
3368;32;-1,6
3369;34,400002;-4,8
3370;33,599998;-20
3371;33,599998;-21,6
3372;33,599998;5,6
3373;32,799999;11,2
3374;33,599998;4,8
3375;32;2,4
3376;32,799999;2,4
3377;32;-14,4
3378;33,599998;-19,200001
3379;34,400002;1,6
3380;32,799999;15,2
3381;33,599998;13,6
3382;33,599998;8
3383;30,4;5,6
3384;33,599998;4,8
3385;32,799999;1,6
3386;32,799999;-14,4
3387;35,200001;-19,200001
3388;33,599998;7,2
3389;33,599998;15,2
3390;35,200001;10,4
3391;32;6,4
3392;32,799999;4,8
3393;32,799999;4
3394;32,799999;-8,8
3395;35,200001;-20,799999
3396;32,799999;-4,8
3397;34,400002;19,200001
3398;40,799999;19,200001
3399;33,599998;12,8
3400;32,799999;10,4
3401;33,599998;8,8
3402;33,599998;7,2
3403;32;-8
3404;32,799999;-16
3405;32,799999;2,4
3406;32;19,200001
3407;32,799999;17,6
3408;32,799999;13,6
3409;24,799999;10,4
3410;32,799999;8,8
3411;32;8,8
3412;31,200001;-2,4
3413;25,6;-15,2
3414;32,799999;0,8
3415;32;20
3416;31,200001;16,799999
3417;32,799999;13,6
3418;32;8,8
3419;29,6;-8
3420;16,799999;-7,2
3421;29,6;16,799999
3422;30,4;24,799999
3423;30,4;19,200001
3424;32,799999;16
3425;31,200001;15,2
3426;32;12,8
3427;32;10,4
3428;33,599998;-4,8
3429;32;-12
3430;32;8
3431;32,799999;24
3432;32;21,6
3433;32;16,799999
3434;32;14,4
3435;52,799999;13,6
3436;32,799999;12
3437;32;1,6
3438;33,599998;-3,2
3439;25,6;5,6
3440;32;28
3441;32,799999;32
3442;31,200001;27,200001
3443;28;22,4
3444;32;20,799999
3445;31,200001;20
3446;30,4;19,200001
3447;30,4;13,6
3448;32;-2,4
3449;29,6;1,6
3450;16,799999;24,799999
3451;30,4;31,200001
3452;29,6;27,200001
3453;29,6;23,200001
3454;35,200001;21,6
3455;28,799999;20
3456;29,6;19,200001
3457;28,799999;5,6
3458;32;-5,6
3459;28;26,4
3460;28,799999;38,400002
3461;28;34,400002
3462;28,799999;28,799999
3463;28;28
3464;28;27,200001
3465;30,4;21,6
3466;28;5,6
3467;27,200001;5,6
3468;28;28
3469;27,200001;38,400002
3470;28;34,400002
3471;27,200001;29,6
3472;28;27,200001
3473;25,6;27,200001
3474;28,799999;24
3475;28,799999;8,8
3476;29,6;1,6
3477;28,799999;22,4
3478;28,799999;36,799999
3479;29,6;34,400002
3480;32,799999;36
3481;28;24
3482;28;8
3483;28;18,4
3484;26,4;40,799999
3485;27,200001;40
3486;27,200001;35,200001
3487;28,799999;32
3488;29,6;30,4
3489;28;26,4
3490;28,799999;9,6
3491;28,799999;8
3492;26,4;31,200001
3493;28;41,599998
3494;28;37,599998
3495;27,200001;33,599998
3496;28;30,4
3497;27,200001;29,6
3498;27,200001;28,799999
3499;24,799999;15,2
3500;27,200001;5,6
3501;28;27,200001
3502;27,200001;45,599998
3503;28,799999;44
3504;27,200001;39,200001
3505;26,4;36,799999
3506;28,799999;35,200001
3507;27,200001;30,4
3508;26,4;14,4
3509;27,200001;13,6
3510;30,4;36,799999
3511;27,200001;46,400002
3512;25,6;42,400002
3513;26,4;38,400002
3514;33,599998;35,200001
3515;26,4;34,400002
3516;27,200001;21,6
3517;28;10,4
3518;26,4;24,799999
3519;26,4;44
3520;27,200001;44,799999
3521;26,4;40,799999
3522;26,4;41,599998
3523;27,200001;24,799999
3524;25,6;16
3525;23,200001;35,200001
3526;24;51,200001
3527;25,6;48,799999
3528;25,6;44
3529;20,799999;41,599998
3530;24;40
3531;24,799999;37,599998
3532;24;21,6
3533;24,799999;16
3534;24,799999;43,200001
3535;23,200001;51,200001
3536;18,4;45,599998
3537;22,4;41,599998
3538;22,4;40,799999
3539;22,4;39,200001
3540;34,400002;35,200001
3541;23,200001;18,4
3542;22,4;20
3543;22,4;40
3544;17,6;51,200001
3545;24;48
3546;24;41,599998
3547;23,200001;40,799999
3548;25,6;40
3549;25,6;30,4
3550;25,6;16
3551;24,799999;27,200001
3552;26,4;50,400002
3553;26,4;49,599998
3554;26,4;43,200001
3555;18,4;40,799999
3556;27,200001;40
3557;28;32,799999
3558;27,200001;17,6
3559;28,799999;19,200001
3560;27,200001;42,400002
3561;27,200001;51,200001
3562;28;44,799999
3563;29,6;40,799999
3564;28,799999;31,200001
3565;28,799999;16,799999
3566;28,799999;23,200001
3567;28,799999;45,599998
3568;28,799999;49,599998
3569;28,799999;44,799999
3570;23,200001;40,799999
3571;28,799999;39,200001
3572;28;38,400002
3573;27,200001;28
3574;28;14,4
3575;28;28,799999
3576;28,799999;49,599998
3577;28;47,200001
3578;26,4;41,599998
3579;27,200001;39,200001
3580;27,200001;38,400002
3581;28,799999;37,599998
3582;25,6;23,200001
3583;26,4;12
3584;26,4;28,799999
3585;30,4;47,200001
3586;26,4;45,599998
3587;26,4;40
3588;27,200001;37,599998
3589;24,799999;36,799999
3590;26,4;24
3591;27,200001;12
3592;25,6;24,799999
3593;26,4;46,400002
3594;26,4;46,400002
3595;25,6;40,799999
3596;22,4;38,400002
3597;26,4;35,200001
3598;26,4;34,400002
3599;25,6;23,200001
3600;27,200001;12
3601;25,6;24
3602;24,799999;44,799999
3603;26,4;45,599998
3604;25,6;40,799999
3605;25,6;35,200001
3606;25,6;20
3607;24,799999;9,6
3608;25,6;25,6
3609;24,799999;43,200001
3610;25,6;43,200001
3611;31,200001;37,599998
3612;25,6;35,200001
3613;24;33,599998
3614;24;32
3615;24,799999;18,4
3616;22,4;8
3617;23,200001;24
3618;23,200001;43,200001
3619;23,200001;43,200001
3620;23,200001;37,599998
3621;22,4;34,400002
3622;22,4;32,799999
3623;21,6;32
3624;21,6;28
3625;22,4;12,8
3626;20,799999;6,4
3627;23,200001;28
3628;22,4;40,799999
3629;23,200001;36,799999
3630;16;32,799999
3631;23,200001;30,4
3632;24,799999;28,799999
3633;24,799999;14,4
3634;24;4
3635;24;27,200001
3636;24;40,799999
3637;18,4;37,599998
3638;23,200001;32
3639;23,200001;29,6
3640;23,200001;28
3641;23,200001;22,4
3642;22,4;6,4
3643;22,4;9,6
3644;23,200001;32
3645;25,6;39,200001
3646;22,4;36,799999
3647;23,200001;28,799999
3648;22,4;10,4
3649;23,200001;4
3650;21,6;25,6
3651;22,4;38,400002
3652;29,6;35,200001
3653;21,6;30,4
3654;20,799999;28,799999
3655;20,799999;27,200001
3656;18,4;16,799999
3657;21,6;3,2
3658;20,799999;16
3659;20,799999;36,799999
3660;12;36
3661;20;31,200001
3662;19,200001;28
3663;18,4;26,4
3664;19,200001;25,6
3665;19,200001;17,6
3666;19,200001;1,6
3667;13,6;12,8
3668;19,200001;28,799999
3669;18,4;33,599998
3670;18,4;27,200001
3671;8,8;24
3672;17,6;22,4
3673;17,6;16,799999
3674;18,4;0,8
3675;20;0,8
3676;16,799999;24
3677;18,4;32,799999
3678;17,6;28,799999
3679;19,200001;24,799999
3680;17,6;22,4
3681;17,6;20,799999
3682;21,6;20
3683;17,6;4,8
3684;17,6;-3,2
3685;16;16
3686;19,200001;32
3687;15,2;29,6
3688;16;27,200001
3689;16;10,4
3690;20;-6,4
3691;16;-1,6
3692;16;21,6
3693;15,2;27,200001
3694;15,2;22,4
3695;16;18,4
3696;15,2;16
3697;19,200001;13,6
3698;15,2;-2,4
3699;13,6;-8,8
3700;14,4;12
3701;17,6;26,4
3702;13,6;24
3703;13,6;18,4
3704;12,8;16
3705;11,2;15,2
3706;12,8;14,4
3707;12;2,4
3708;11,2;-10,4
3709;11,2;4,8
3710;12;19,200001
3711;11,2;14,4
3712;5,6;11,2
3713;10,4;8
3714;10,4;2,4
3715;8,8;-14,4
3716;11,2;-12
3717;8,8;9,6
3718;8,8;19,200001
3719;9,6;14,4
3720;10,4;10,4
3721;8;8,8
3722;7,2;7,2
3723;7,2;-1,6
3724;5,6;-16
3725;5,6;-5,6
3726;4;17,6
3727;7,2;16,799999
3728;3,2;11,2
3729;3,2;8,8
3730;1,6;-2,4
3731;0;-17,6
3732;1,6;-25,6
3733;0;-8,8
3734;-0,8;8,8
3735;-0,8;8
3736;-2,4;2,4
3737;-3,2;-0,8
3738;-3,2;-1,6
3739;-4,8;-2,4
3740;-4,8;-9,6
3741;-4,8;-24
3742;-5,6;-17,6
3743;-6,4;8,8
3744;-6,4;8,8
3745;-8;2,4
3746;-14,4;0
3747;-8,8;-1,6
3748;-8,8;-9,6
3749;-8,8;-24,799999
3750;-8;-15,2
3751;-10,4;1,6
3752;-11,2;0,8
3753;-8,8;-5,6
3754;-12;-8,8
3755;-12;-12
3756;-12;-27,200001
3757;-9,6;-32
3758;-12;-12
3759;-12,8;2,4
3760;-14,4;0
3761;-8;-5,6
3762;-16,799999;-8
3763;-16,799999;-8,8
3764;-18,4;-17,6
3765;-18,4;-32
3766;-18,4;-22,4
3767;-18,4;1,6
3768;-1,6;0,8
3769;-21,6;-4,8
3770;-22,4;-8
3771;-23,200001;-8
3772;-30,4;-23,200001
3773;-24;-37,599998
3774;-24,799999;-32,799999
3775;-25,6;-12
3776;-33,599998;-5,6
3777;-26,4;-8,8
3778;-28;-12,8
3779;-29,6;-15,2
3780;-28;-16
3781;-30,4;-16
3782;-30,4;-24,799999
3783;-45,599998;-37,599998
3784;-33,599998;-31,200001
3785;-34,400002;-8,8
3786;-33,599998;-4
3787;-28;-9,6
3788;-35,200001;-13,6
3789;-35,200001;-14,4
3790;-35,200001;-15,2
3791;-33,599998;-20,799999
3792;-38,400002;-33,599998
3793;-38,400002;-42,400002
3794;-40;-20,799999
3795;-38,400002;-10,4
3796;-40;-13,6
3797;-41,599998;-17,6
3798;-19,200001;-20
3799;-42,400002;-21,6
3800;-40,799999;-21,6
3801;-42,400002;-35,200001
3802;-53,599998;-44,799999
3803;-44,799999;-24,799999
3804;-44;-9,6
3805;-45,599998;-13,6
3806;-48;-17,6
3807;-46,400002;-20
3808;-46,400002;-21,6
3809;-47,200001;-22,4
3810;-47,200001;-36,799999
3811;-49,599998;-44,799999
3812;-47,200001;-29,6
3813;-60;-9,6
3814;-49,599998;-16,799999
3815;-50,400002;-20,799999
3816;-51,200001;-24
3817;-46,400002;-25,6
3818;-52,799999;-31,200001
3819;-52,799999;-47,200001
3820;-54,400002;-44,799999
3821;-51,200001;-22,4
3822;-55,200001;-15,2
3823;-56;-19,200001
3824;-56;-23,200001
3825;-54,400002;-24,799999
3826;-54,400002;-26,4
3827;-54,400002;-40
3828;-52,799999;-49,599998
3829;-55,200001;-32,799999
3830;-55,200001;-16
3831;-55,200001;-16,799999
3832;-56,799999;-20,799999
3833;-56;-24
3834;-56;-24,799999
3835;-56;-37,599998
3836;-58,400002;-49,599998
3837;-57,599998;-39,200001
3838;-56,799999;-18,4
3839;-58,400002;-16
3840;-58,400002;-21,6
3841;-58,400002;-24,799999
3842;-58,400002;-26,4
3843;-58,400002;-29,6
3844;-59,200001;-44,799999
3845;-59,200001;-47,200001
3846;-59,200001;-21,6
3847;-61,599998;-16
3848;-60;-20
3849;-59,200001;-24
3850;-60;-25,6
3851;-60;-32,799999
3852;-60,799999;-47,200001
3853;-61,599998;-45,599998
3854;-61,599998;-23,200001
3855;-62,400002;-17,6
3856;-61,599998;-20,799999
3857;-60,799999;-26,4
3858;-56,799999;-28
3859;-60,799999;-28,799999
3860;-60;-30,4
3861;-60;-44
3862;-60;-52
3863;-61,599998;-34,400002
3864;-60,799999;-17,6
3865;-60;-19,200001
3866;-59,200001;-24
3867;-60;-26,4
3868;-59,200001;-28
3869;-58,400002;-30,4
3870;-60;-45,599998
3871;-58,400002;-50,400002
3872;-60;-28,799999
3873;-56,799999;-16,799999
3874;-56,799999;-20,799999
3875;-57,599998;-24
3876;-56;-27,200001
3877;-48,799999;-44
3878;-56;-50,400002
3879;-55,200001;-24
3880;-55,200001;-16,799999
3881;-56,799999;-20,799999
3882;-54,400002;-24,799999
3883;-54,400002;-26,4
3884;-48,799999;-27,200001
3885;-56;-37,599998
3886;-55,200001;-50,400002
3887;-54,400002;-42,400002
3888;-56,799999;-20,799999
3889;-54,400002;-16,799999
3890;-54,400002;-20,799999
3891;-52,799999;-24,799999
3892;-57,599998;-27,200001
3893;-52;-28
3894;-51,200001;-36,799999
3895;-51,200001;-51,200001
3896;-50,400002;-36,799999
3897;-51,200001;-16,799999
3898;-50,400002;-16
3899;-59,200001;-20,799999
3900;-50,400002;-24
3901;-49,599998;-24,799999
3902;-48;-28
3903;-36;-44
3904;-46,400002;-46,400002
3905;-46,400002;-25,6
3906;-47,200001;-14,4
3907;-51,200001;-17,6
3908;-45,599998;-21,6
3909;-44,799999;-24
3910;-44;-26,4
3911;-44;-41,599998
3912;-43,200001;-48
3913;-41,599998;-29,6
3914;-34,400002;-15,2
3915;-41,599998;-16
3916;-40,799999;-22,4
3917;-40,799999;-22,4
3918;-50,400002;-32
3919;-38,400002;-47,200001
3920;-38,400002;-43,200001
3921;-38,400002;-20,799999
3922;-38,400002;-14,4
3923;-34,400002;-19,200001
3924;-35,200001;-23,200001
3925;-36;-24,799999
3926;-34,400002;-25,6
3927;-35,200001;-34,400002
3928;-33,599998;-47,200001
3929;-43,200001;-40
3930;-33,599998;-19,200001
3931;-32,799999;-14,4
3932;-32;-19,200001
3933;-33,599998;-22,4
3934;-30,4;-24,799999
3935;-32;-25,6
3936;-32;-25,6
3937;-27,200001;-35,200001
3938;-28,799999;-47,200001
3939;-29,6;-41,599998
3940;-28,799999;-19,200001
3941;-28;-15,2
3942;-28;-20
3943;-27,200001;-23,200001
3944;-22,4;-25,6
3945;-27,200001;-26,4
3946;-25,6;-37,599998
3947;-24,799999;-49,599998
3948;-24,799999;-36,799999
3949;-24;-17,6
3950;-23,200001;-16
3951;-23,200001;-20,799999
3952;-25,6;-23,200001
3953;-22,4;-25,6
3954;-20,799999;-25,6
3955;-20;-30,4
3956;-20;-46,400002
3957;-18,4;-45,599998
3958;-19,200001;-24
3959;-23,200001;-13,6
3960;-18,4;-17,6
3961;-16,799999;-21,6
3962;-16;-24,799999
3963;-16;-25,6
3964;-15,2;-37,599998
3965;-16;-48,799999
3966;-15,2;-34,400002
3967;-12,8;-15,2
3968;-14,4;-15,2
3969;-14,4;-20
3970;-14,4;-23,200001
3971;-13,6;-24,799999
3972;-12;-25,6
3973;-12;-27,200001
3974;-4;-42,400002
3975;-12;-47,200001
3976;-11,2;-27,200001
3977;-10,4;-14,4
3978;-8;-16
3979;-10,4;-20,799999
3980;-9,6;-19,200001
3981;-8,8;-33,599998
3982;-8,8;-43,200001
3983;-8,8;-27,200001
3984;-7,2;-9,6
3985;-7,2;-10,4
3986;-8;-16
3987;-4,8;-18,4
3988;-5,6;-20
3989;-9,6;-20,799999
3990;-4;-30,4
3991;-4;-43,200001
3992;-2,4;-28,799999
3993;-4,8;-9,6
3994;-1,6;-11,2
3995;-1,6;-16,799999
3996;-0,8;-18,4
3997;0;-19,200001
3998;0,8;-23,200001
3999;2,4;-38,400002
4000;-6,4;-40,799999
4001;2,4;-10,4
4002;3,2;-5,6
4003;3,2;-11,2
4004;3,2;-14,4
4005;4,8;-16
4006;4,8;-24
4007;5,6;-37,599998
4008;12;-31,200001
4009;7,2;-10,4
4010;8,8;-5,6
4011;8;-9,6
4012;8;-13,6
4013;9,6;-15,2
4014;10,4;-16,799999
4015;15,2;-16,799999
4016;11,2;-28
4017;12;-40
4018;12;-21,6
4019;23,200001;-4,8
4020;13,6;-8
4021;13,6;-11,2
4022;13,6;-12,8
4023;6,4;-28,799999
4024;14,4;-35,200001
4025;14,4;-16
4026;16,799999;-1,6
4027;19,200001;-3,2
4028;19,200001;-8
4029;19,200001;-11,2
4030;15,2;-12
4031;20,799999;-13,6
4032;21,6;-27,200001
4033;22,4;-36
4034;21,6;-19,200001
4035;22,4;-1,6
4036;23,200001;-3,2
4037;23,200001;-8
4038;25,6;-10,4
4039;25,6;-12
4040;26,4;-13,6
4041;26,4;-29,6
4042;27,200001;-33,599998
4043;28;-8,8
4044;27,200001;5,6
4045;22,4;2,4
4046;27,200001;-1,6
4047;28,799999;-4,8
4048;29,6;-4,8
4049;31,200001;-9,6
4050;28;-24,799999
4051;28;-26,4
4052;29,6;-4,8
4053;32,799999;5,6
4054;28,799999;2,4
4055;28,799999;-2,4
4056;28,799999;-4,8
4057;29,6;-5,6
4058;31,200001;-8
4059;29,6;-23,200001
4060;32,799999;-28
4061;30,4;-7,2
4062;30,4;4,8
4063;30,4;4
4064;29,6;7,2
4065;31,200001;2,4
4066;31,200001;-15,2
4067;31,200001;-20,799999
4068;30,4;0,8
4069;32;14,4
4070;32;9,6
4071;32;6,4
4072;32;4
4073;33,599998;2,4
4074;32;2,4
4075;36,799999;-0,8
4076;33,599998;-16,799999
4077;33,599998;-20
4078;33,599998;7,2
4079;32,799999;13,6
4080;32,799999;8,8
4081;35,200001;5,6
4082;35,200001;3,2
4083;33,599998;1,6
4084;32;5,6
4085;33,599998;-11,2
4086;33,599998;-16,799999
4087;33,599998;0,8
4088;34,400002;17,6
4089;35,200001;16
4090;33,599998;11,2
4091;34,400002;8,8
4092;33,599998;7,2
4093;34,400002;6,4
4094;28,799999;4,8
4095;34,400002;-9,6
4096;33,599998;-17,6
4097;34,400002;0
4098;35,200001;16,799999
4099;34,400002;16
4100;34,400002;11,2
4101;37,599998;8,8
4102;32,799999;8
4103;35,200001;4
4104;34,400002;-12,8
4105;35,200001;-9,6
4106;35,200001;12
4107;33,599998;24
4108;34,400002;20,799999
4109;42,400002;16
4110;34,400002;13,6
4111;34,400002;12,8
4112;33,599998;12,8
4113;33,599998;8
4114;33,599998;-8,8
4115;34,400002;-6,4
4116;54,400002;20,799999
4117;32,799999;24
4118;34,400002;18,4
4119;34,400002;15,2
4120;25,6;13,6
4121;36;5,6
4122;34,400002;-9,6
4123;34,400002;-4,8
4124;24,799999;17,6
4125;32;24,799999
4126;32;28
4127;32;22,4
4128;33,599998;12
4129;31,200001;-0,8
4130;31,200001;3,2
4131;7,2;25,6
4132;30,4;31,200001
4133;30,4;26,4
4134;30,4;21,6
4135;33,599998;20,799999
4136;31,200001;19,200001
4137;29,6;4,8
4138;30,4;-4,8
4139;31,200001;18,4
4140;30,4;31,200001
4141;29,6;27,200001
4142;29,6;22,4
4143;29,6;20,799999
4144;28,799999;16
4145;28,799999;-0,8
4146;50,400002;-1,6
4147;29,6;29,6
4148;29,6;33,599998
4149;30,4;27,200001
4150;17,6;24,799999
4151;30,4;22,4
4152;30,4;10,4
4153;30,4;-2,4
4154;27,200001;10,4
4155;29,6;32
4156;28,799999;32,799999
4157;30,4;27,200001
4158;29,6;24
4159;30,4;22,4
4160;30,4;20
4161;15,2;4,8
4162;31,200001;-2,4
4163;30,4;24
4164;29,6;32,799999
4165;31,200001;28,799999
4166;28;23,200001
4167;30,4;23,200001
4168;30,4;16
4169;33,599998;2,4
4170;28,799999;9,6
4171;29,6;32
4172;29,6;36
4173;29,6;31,200001
4174;29,6;27,200001
4175;28;25,6
4176;32,799999;23,200001
4177;28,799999;11,2
4178;28;0
4179;28,799999;14,4
4180;28;34,400002
4181;27,200001;34,400002
4182;27,200001;29,6
4183;28,799999;26,4
4184;24,799999;25,6
4185;27,200001;24,799999
4186;28,799999;12,8
4187;28;-0,8
4188;27,200001;18,4
4189;28;40
4190;28;36
4191;23,200001;31,200001
4192;28;28,799999
4193;27,200001;28,799999
4194;28;20
4195;26,4;4,8
4196;28;11,2
4197;26,4;33,599998
4198;28;39,200001
4199;28,799999;34,400002
4200;28;30,4
4201;26,4;28
4202;27,200001;28
4203;27,200001;24
4204;27,200001;8
4205;27,200001;4,8
4206;33,599998;27,200001
4207;27,200001;40
4208;26,4;36
4209;26,4;36
4210;24,799999;26,4
4211;27,200001;10,4
4212;26,4;15,2
4213;25,6;40,799999
4214;25,6;41,599998
4215;26,4;36
4216;26,4;32,799999
4217;25,6;31,200001
4218;24;30,4
4219;26,4;16,799999
4220;25,6;5,6
4221;20;21,6
4222;24,799999;41,599998
4223;24;41,599998
4224;24,799999;36
4225;18,4;32,799999
4226;24,799999;31,200001
4227;24,799999;31,200001
4228;26,4;23,200001
4229;28;8
4230;25,6;18,4
4231;25,6;40
4232;20,799999;45,599998
4233;25,6;41,599998
4234;26,4;36,799999
4235;26,4;35,200001
4236;20;34,400002
4237;26,4;27,200001
4238;25,6;12
4239;24,799999;16,799999
4240;33,599998;39,200001
4241;25,6;45,599998
4242;25,6;42,400002
4243;25,6;37,599998
4244;25,6;33,599998
4245;25,6;33,599998
4246;24,799999;32,799999
4247;32;16,799999
4248;24,799999;10,4
4249;24,799999;28,799999
4250;24,799999;45,599998
4251;35,200001;48,799999
4252;24;43,200001
4253;24,799999;38,400002
4254;25,6;20,799999
4255;20;17,6
4256;25,6;44,799999
4257;26,4;50,400002
4258;25,6;46,400002
4259;25,6;40,799999
4260;25,6;40
4261;26,4;38,400002
4262;29,6;26,4
4263;24,799999;14,4
4264;26,4;28
4265;26,4;48
4266;32;49,599998
4267;25,6;44
4268;25,6;40,799999
4269;26,4;39,200001
4270;28;36,799999
4271;26,4;38,400002
4272;26,4;32
4273;26,4;17,6
4274;28;21,6
4275;26,4;44,799999
4276;28;52
4277;24,799999;48
4278;28;43,200001
4279;28,799999;40,799999
4280;28;39,200001
4281;26,4;26,4
4282;28,799999;15,2
4283;27,200001;29,6
4284;28;48,799999
4285;32;49,599998
4286;27,200001;44,799999
4287;28;40,799999
4288;28;40
4289;28;39,200001
4290;28;38,400002
4291;28;25,6
4292;32;15,2
4293;28;29,6
4294;28;50,400002
4295;27,200001;52
4296;28;46,400002
4297;27,200001;43,200001
4298;27,200001;41,599998
4299;27,200001;38,400002
4300;25,6;22,4
4301;26,4;17,6
4302;27,200001;38,400002
4303;27,200001;52
4304;27,200001;50,400002
4305;26,4;43,200001
4306;27,200001;42,400002
4307;21,6;40,799999
4308;27,200001;38,400002
4309;26,4;24
4310;28;15,2
4311;24,799999;35,200001
4312;26,4;49,599998
4313;26,4;51,200001
4314;25,6;44
4315;28,799999;40
4316;26,4;23,200001
4317;26,4;16
4318;26,4;34,400002
4319;26,4;50,400002
4320;25,6;48
4321;27,200001;42,400002
4322;33,599998;40,799999
4323;26,4;39,200001
4324;25,6;38,400002
4325;25,6;37,599998
4326;23,200001;22,4
4327;24,799999;13,6
4328;24,799999;31,200001
4329;23,200001;48,799999
4330;24;48,799999
4331;23,200001;43,200001
4332;24;40
4333;22,4;37,599998
4334;22,4;33,599998
4335;22,4;19,200001
4336;21,6;8,8
4337;22,4;24
4338;22,4;43,200001
4339;20,799999;44
4340;21,6;38,400002
4341;16;34,400002
4342;20;34,400002
4343;21,6;32,799999
4344;21,6;27,200001
4345;23,200001;12
4346;21,6;14,4
4347;21,6;41,599998
4348;12,8;44
4349;21,6;38,400002
4350;21,6;35,200001
4351;21,6;33,599998
4352;16;32
4353;20,799999;18,4
4354;22,4;8
4355;21,6;19,200001
4356;28,799999;36
4357;21,6;34,400002
4358;22,4;30,4
4359;21,6;28,799999
4360;22,4;25,6
4361;22,4;22,4
4362;22,4;7,2
4363;24,799999;0,8
4364;20;28,799999
4365;21,6;37,599998
4366;21,6;32,799999
4367;16;28
4368;21,6;25,6
4369;20,799999;24
4370;20,799999;8,8
4371;12;0,8
4372;20,799999;20
4373;20;36,799999
4374;20;33,599998
4375;20;29,6
4376;19,200001;17,6
4377;19,200001;1,6
4378;11,2;-6,4
4379;18,4;12
4380;17,6;28,799999
4381;18,4;26,4
4382;29,6;21,6
4383;17,6;17,6
4384;17,6;16,799999
4385;17,6;16
4386;20;14,4
4387;17,6;-1,6
4388;16,799999;-8
4389;16;12
4390;16,799999;28
4391;16;26,4
4392;16;22,4
4393;26,4;18,4
4394;15,2;16,799999
4395;15,2;15,2
4396;15,2;16,799999
4397;3,2;-0,8
4398;15,2;-14,4
4399;14,4;-10,4
4400;15,2;12,8
4401;13,6;19,200001
4402;13,6;14,4
4403;13,6;10,4
4404;13,6;8,8
4405;12,8;8
4406;12,8;2,4
4407;12,8;-12,8
4408;6,4;-13,6
4409;12;8,8
4410;10,4;19,200001
4411;11,2;16
4412;11,2;11,2
4413;10,4;8,8
4414;10,4;8
4415;9,6;7,2
4416;5,6;-6,4
4417;8;-16
4418;8;-10,4
4419;6,4;9,6
4420;7,2;10,4
4421;6,4;4,8
4422;4,8;-1,6
4423;5,6;0
4424;5,6;-2,4
4425;5,6;-17,6
4426;6,4;-24
4427;3,2;-3,2
4428;4,8;10,4
4429;5,6;8
4430;4,8;3,2
4431;5,6;0,8
4432;4,8;-0,8
4433;4;-1,6
4434;3,2;-1,6
4435;2,4;-11,2
4436;3,2;-24
4437;2,4;-13,6
4438;8;12
4439;1,6;3,2
4440;1,6;-2,4
4441;0;-16
4442;1,6;-28,799999
4443;-0,8;-17,6
4444;-0,8;3,2
4445;-1,6;4,8
4446;-1,6;0
4447;-4;-3,2
4448;-4,8;-5,6
4449;-4;-7,2
4450;-5,6;-21,6
4451;-5,6;-29,6
4452;-7,2;-12
4453;-9,6;4,8
4454;-7,2;3,2
4455;-8;-1,6
4456;-10,4;-5,6
4457;-18,4;-6,4
4458;-11,2;-15,2
4459;-12,8;-27,200001
4460;-12,8;-25,6
4461;-12;-4
4462;-14,4;0,8
4463;-15,2;-3,2
4464;-17,6;-8
4465;-16,799999;-9,6
4466;-16;-10,4
4467;-17,6;-17,6
4468;-19,200001;-32
4469;-20;-24,799999
4470;-19,200001;-0,8
4471;-20,799999;0
4472;-11,2;-4
4473;-20,799999;-8,8
4474;-21,6;-10,4
4475;-21,6;-16,799999
4476;-22,4;-32
4477;-23,200001;-27,200001
4478;-22,4;-4,8
4479;-16,799999;1,6
4480;-24,799999;-7,2
4481;-24,799999;-9,6
4482;-25,6;-17,6
4483;-34,400002;-32,799999
4484;-26,4;-33,599998
4485;-28;-12
4486;-28;-2,4
4487;-36,799999;-6,4
4488;-29,6;-11,2
4489;-29,6;-13,6
4490;-31,200001;-13,6
4491;-31,200001;-17,6
4492;-31,200001;-32
4493;-32;-35,200001
4494;-39,200001;-14,4
4495;-33,599998;-2,4
4496;-32,799999;-6,4
4497;-34,400002;-10,4
4498;-26,4;-12,8
4499;-35,200001;-14,4
4500;-36;-13,6
4501;-36;-21,6
4502;-36;-36,799999
4503;-37,599998;-36,799999
4504;-39,200001;-15,2
4505;-40;-5,6
4506;-39,200001;-8,8
4507;-40;-13,6
4508;-41,599998;-16
4509;-34,400002;-16,799999
4510;-41,599998;-26,4
4511;-42,400002;-39,200001
4512;-43,200001;-29,6
4513;-43,200001;-8,8
4514;-44,799999;-5,6
4515;-44;-11,2
4516;-44,799999;-14,4
4517;-41,599998;-16
4518;-45,599998;-16,799999
4519;-46,400002;-20
4520;-46,400002;-36
4521;-45,599998;-36
4522;-47,200001;-22,4
4523;-47,200001;-13,6
4524;-54,400002;-11,2
4525;-49,599998;-15,2
4526;-50,400002;-18,4
4527;-51,200001;-19,200001
4528;-48,799999;-19,200001
4529;-53,599998;-22,4
4530;-52,799999;-37,599998
4531;-53,599998;-42,400002
4532;-53,599998;-22,4
4533;-54,400002;-8,8
4534;-55,200001;-12
4535;-56;-16,799999
4536;-56;-17,6
4537;-56,799999;-19,200001
4538;-56;-20,799999
4539;-60;-30,4
4540;-57,599998;-43,200001
4541;-58,400002;-32,799999
4542;-57,599998;-10,4
4543;-59,200001;-14,4
4544;-58,400002;-19,200001
4545;-58,400002;-23,200001
4546;-59,200001;-24
4547;-60;-27,200001
4548;-59,200001;-42,400002
4549;-59,200001;-46,400002
4550;-58,400002;-20
4551;-59,200001;-13,6
4552;-60;-18,4
4553;-59,200001;-22,4
4554;-56;-23,200001
4555;-61,599998;-24,799999
4556;-59,200001;-38,400002
4557;-60;-48
4558;-60;-32
4559;-59,200001;-14,4
4560;-60;-15,2
4561;-60,799999;-20
4562;-59,200001;-23,200001
4563;-59,200001;-22,4
4564;-59,200001;-39,200001
4565;-60;-51,200001
4566;-60,799999;-40
4567;-60;-19,200001
4568;-59,200001;-17,6
4569;-64,800003;-22,4
4570;-60;-26,4
4571;-60;-27,200001
4572;-60;-28
4573;-64;-38,400002
4574;-60;-50,400002
4575;-57,599998;-40
4576;-58,400002;-19,200001
4577;-57,599998;-17,6
4578;-58,400002;-22,4
4579;-59,200001;-24,799999
4580;-55,200001;-26,4
4581;-59,200001;-28
4582;-58,400002;-33,599998
4583;-59,200001;-48,799999
4584;-56;-47,200001
4585;-58,400002;-26,4
4586;-58,400002;-20,799999
4587;-58,400002;-24,799999
4588;-48,799999;-28
4589;-57,599998;-30,4
4590;-56,799999;-31,200001
4591;-57,599998;-32,799999
4592;-57,599998;-46,400002
4593;-57,599998;-54,400002
4594;-56,799999;-32
4595;-49,599998;-18,4
4596;-56,799999;-24
4597;-55,200001;-28,799999
4598;-55,200001;-28,799999
4599;-64;-30,4
4600;-54,400002;-37,599998
4601;-55,200001;-52
4602;-54,400002;-46,400002
4603;-60,799999;-20,799999
4604;-53,599998;-20,799999
4605;-52,799999;-26,4
4606;-52,799999;-29,6
4607;-52;-38,400002
4608;-52;-53,599998
4609;-51,200001;-49,599998
4610;-61,599998;-26,4
4611;-50,400002;-20
4612;-51,200001;-24,799999
4613;-48,799999;-28,799999
4614;-46,400002;-30,4
4615;-48,799999;-33,599998
4616;-48,799999;-48
4617;-47,200001;-53,599998
4618;-49,599998;-28
4619;-45,599998;-20
4620;-46,400002;-24,799999
4621;-45,599998;-28,799999
4622;-45,599998;-30,4
4623;-44;-31,200001
4624;-44;-43,200001
4625;-32;-54,400002
4626;-40;-38,400002
4627;-40,799999;-27,200001
4628;-39,200001;-30,4
4629;-45,599998;-33,599998
4630;-38,400002;-32
4631;-37,599998;-24,799999
4632;-35,200001;-22,4
4633;-34,400002;-24,799999
4634;-34,400002;-26,4
4635;-34,400002;-28,799999
4636;-32,799999;-29,6
4637;-32,799999;-29,6
4638;-31,200001;-35,200001
4639;-32;-49,599998
4640;-36;-44,799999
4641;-29,6;-20
4642;-28,799999;-19,200001
4643;-27,200001;-24
4644;-28;-27,200001
4645;-27,200001;-28,799999
4646;-26,4;-28
4647;-26,4;-32
4648;-24,799999;-45,599998
4649;-24,799999;-44,799999
4650;-24,799999;-22,4
4651;-24,799999;-16
4652;-25,6;-19,200001
4653;-23,200001;-23,200001
4654;-23,200001;-24,799999
4655;-27,200001;-25,6
4656;-22,4;-27,200001
4657;-22,4;-44,799999
4658;-21,6;-48,799999
4659;-22,4;-23,200001
4660;-20,799999;-14,4
4661;-20,799999;-19,200001
4662;-20,799999;-23,200001
4663;-19,200001;-25,6
4664;-20;-25,6
4665;-19,200001;-33,599998
4666;-19,200001;-48,799999
4667;-19,200001;-34,400002
4668;-18,4;-9,6
4669;-16,799999;-12
4670;-8,8;-16,799999
4671;-16;-19,200001
4672;-14,4;-23,200001
4673;-15,2;-38,400002
4674;-14,4;-42,400002
4675;-13,6;-21,6
4676;-12;-8,8
4677;-11,2;-12
4678;-11,2;-16,799999
4679;-10,4;-19,200001
4680;-10,4;-20
4681;-8,8;-20,799999
4682;-9,6;-34,400002
4683;-8,8;-44
4684;-8,8;-28,799999
4685;-12;-10,4
4686;-7,2;-10,4
4687;-7,2;-16
4688;-6,4;-16,799999
4689;-14,4;-23,200001
4690;-4;-36,799999
4691;-4,8;-29,6
4692;-3,2;-8
4693;-2,4;-4
4694;-2,4;-9,6
4695;-2,4;-12,8
4696;-12;-15,2
4697;-1,6;-15,2
4698;-0,8;-21,6
4699;0,8;-36
4700;2,4;-32,799999
4701;0,8;-10,4
4702;1,6;-4
4703;3,2;-8,8
4704;8,8;-12
4705;3,2;-14,4
4706;4;-15,2
4707;6,4;-15,2
4708;6,4;-21,6
4709;5,6;-32
4710;7,2;-30,4
4711;5,6;-8,8
4712;7,2;0
4713;9,6;-5,6
4714;10,4;-8,8
4715;18,4;-10,4
4716;12,8;-11,2
4717;11,2;-12,8
4718;11,2;-23,200001
4719;7,2;-35,200001
4720;13,6;-21,6
4721;15,2;-2,4
4722;16;-1,6
4723;18,4;-6,4
4724;16,799999;-9,6
4725;16;-10,4
4726;7,2;-11,2
4727;16;-14,4
4728;16,799999;-29,6
4729;17,6;-33,599998
4730;18,4;-8
4731;16,799999;4
4732;18,4;0
4733;18,4;-4,8
4734;16,799999;-6,4
4735;19,200001;-7,2
4736;20,799999;-8
4737;20;-18,4
4738;20;-31,200001
4739;20,799999;-19,200001
4740;21,6;0,8
4741;24;3,2
4742;20,799999;-2,4
4743;23,200001;-5,6
4744;22,4;-7,2
4745;27,200001;-8
4746;24,799999;-8
4747;24;-20
4748;24;-31,200001
4749;26,4;-18,4
4750;25,6;2,4
4751;25,6;7,2
4752;26,4;1,6
4753;26,4;-3,2
4754;27,200001;-4
4755;28;-8
4756;30,4;-23,200001
4757;28;-25,6
4758;28,799999;-4
4759;29,6;7,2
4760;29,6;4
4761;29,6;-0,8
4762;30,4;-2,4
4763;30,4;-4
4764;28;-8,8
4765;31,200001;-24
4766;32;-23,200001
4767;32;4
4768;31,200001;7,2
4769;32;1,6
4770;31,200001;-2,4
4771;25,6;-4
4772;32;-4
4773;32;-18,4
4774;32;-25,6
4775;32,799999;-4
4776;32,799999;10,4
4777;31,200001;8
4778;32;2,4
4779;32,799999;-0,8
4780;32,799999;-1,6
4781;32;-7,2
4782;33,599998;-21,6
4783;31,200001;-20
4784;32,799999;2,4
4785;32;10,4
4786;40;6,4
4787;33,599998;1,6
4788;32,799999;0
4789;33,599998;-1,6
4790;32,799999;-13,6
4791;32;-26,4
4792;32,799999;-11,2
4793;32,799999;13,6
4794;33,599998;14,4
4795;33,599998;8,8
4796;33,599998;5,6
4797;34,400002;4
4798;32,799999;0
4799;35,200001;-15,2
4800;33,599998;-18,4
4801;30,4;8,8
4802;32,799999;16
4803;32,799999;10,4
4804;32,799999;6,4
4805;25,6;4,8
4806;32,799999;1,6
4807;33,599998;-13,6
4808;32,799999;-20
4809;33,599998;-0,8
4810;33,599998;15,2
4811;32,799999;12,8
4812;27,200001;7,2
4813;32;6,4
4814;32,799999;0
4815;32;-13,6
4816;33,599998;-4,8
4817;32,799999;17,6
4818;31,200001;20
4819;32;15,2
4820;38,400002;12
4821;30,4;10,4
4822;31,200001;8,8
4823;31,200001;-2,4
4824;32,799999;-15,2
4825;32;2,4
4826;33,599998;20,799999
4827;45,599998;17,6
4828;32;12,8
4829;33,599998;11,2
4830;34,400002;8
4831;26,4;-8,8
4832;33,599998;-15,2
4833;32;7,2
4834;32;28,799999
4835;27,200001;25,6
4836;33,599998;20
4837;32,799999;16,799999
4838;32;13,6
4839;34,400002;-3,2
4840;32,799999;-6,4
4841;32,799999;21,6
4842;12,8;27,200001
4843;32;22,4
4844;32,799999;18,4
4845;32,799999;16,799999
4846;33,599998;11,2
4847;31,200001;-4,8
4848;32;-4
4849;30,4;17,6
4850;33,599998;28
4851;31,200001;24
4852;31,200001;19,200001
4853;30,4;16,799999
4854;29,6;15,2
4855;29,6;22,4
4856;29,6;6,4
4857;41,599998;-0,8
4858;29,6;16,799999
4859;29,6;35,200001
4860;29,6;33,599998
4861;28,799999;28
4862;29,6;25,6
4863;28,799999;24,799999
4864;28,799999;20,799999
4865;28,799999;4,8
4866;28,799999;0,8
4867;28;21,6
4868;28,799999;35,200001
4869;27,200001;32
4870;29,6;27,200001
4871;28,799999;24,799999
4872;30,4;24
4873;29,6;19,200001
4874;27,200001;3,2
4875;28,799999;2,4
4876;31,200001;28,799999
4877;27,200001;40
4878;28,799999;35,200001
4879;29,6;30,4
4880;28,799999;28,799999
4881;29,6;27,200001
4882;28,799999;14,4
4883;29,6;3,2
4884;28;20
4885;29,6;38,400002
4886;28;37,599998
4887;22,4;32,799999
4888;29,6;30,4
4889;28,799999;28,799999
4890;28;27,200001
4891;29,6;22,4
4892;29,6;6,4
4893;28;7,2
4894;27,200001;29,6
4895;30,4;38,400002
4896;29,6;36
4897;28,799999;38,400002
4898;28;34,400002
4899;27,200001;17,6
4900;29,6;11,2
4901;29,6;31,200001
4902;35,200001;46,400002
4903;28,799999;42,400002
4904;28;38,400002
4905;28,799999;36
4906;27,200001;34,400002
4907;27,200001;31,200001
4908;27,200001;16
4909;28,799999;11,2
4910;28,799999;32
4911;27,200001;45,599998
4912;28;42,400002
4913;27,200001;37,599998
4914;26,4;35,200001
4915;28;33,599998
4916;28;32,799999
4917;22,4;34,400002
4918;27,200001;27,200001
4919;28;15,2
4920;28;25,6
4921;20,799999;48
4922;28;49,599998
4923;28;44,799999
4924;28;40,799999
4925;27,200001;40
4926;25,6;35,200001
4927;26,4;18,4
4928;15,2;18,4
4929;24,799999;40,799999
4930;26,4;50,400002
4931;25,6;47,200001
4932;24;41,599998
4933;25,6;40
4934;24;39,200001
4935;24,799999;38,400002
4936;25,6;35,200001
4937;23,200001;18,4
4938;24;17,6
4939;24;39,200001
4940;24;50,400002
4941;23,200001;47,200001
4942;23,200001;42,400002
4943;29,6;40,799999
4944;23,200001;39,200001
4945;24,799999;36,799999
4946;23,200001;21,6
4947;31,200001;16
4948;23,200001;35,200001
4949;22,4;50,400002
4950;24,799999;49,599998
4951;16,799999;43,200001
4952;23,200001;40
4953;24;39,200001
4954;24;38,400002
4955;25,6;27,200001
4956;24,799999;14,4
4957;25,6;28
4958;2,4;47,200001
4959;25,6;50,400002
4960;27,200001;44,799999
4961;27,200001;40
4962;23,200001;24
4963;27,200001;14,4
4964;27,200001;40
4965;26,4;50,400002
4966;30,4;45,599998
4967;28;40,799999
4968;28;39,200001
4969;28;38,400002
4970;28;27,200001
4971;28,799999;14,4
4972;26,4;24,799999
4973;36,799999;46,400002
4974;26,4;49,599998
4975;27,200001;44
4976;28,799999;40,799999
4977;15,2;38,400002
4978;28;38,400002
4979;27,200001;37,599998
4980;27,200001;33,599998
4981;26,4;17,6
4982;26,4;13,6
4983;26,4;40,799999
4984;27,200001;48
4985;26,4;43,200001
4986;26,4;40
4987;27,200001;36,799999
4988;23,200001;36
4989;29,6;25,6
4990;27,200001;12
4991;28;22,4
4992;32,799999;44,799999
4993;28;47,200001
4994;27,200001;41,599998
4995;26,4;38,400002
4996;28,799999;36,799999
4997;28;36
4998;28;30,4
4999;27,200001;14,4
5000;26,4;17,6
5001;26,4;44,799999
5002;27,200001;47,200001
5003;27,200001;40,799999
5004;27,200001;37,599998
5005;27,200001;36
5006;27,200001;21,6
5007;28,799999;11,2
5008;27,200001;26,4
5009;26,4;44
5010;25,6;46,400002
5011;28;40,799999
5012;25,6;37,599998
5013;24;36
5014;25,6;35,200001
5015;24,799999;24,799999
5016;25,6;11,2
5017;24;21,6
5018;25,6;43,200001
5019;25,6;46,400002
5020;23,200001;40
5021;23,200001;38,400002
5022;23,200001;32,799999
5023;23,200001;16,799999
5024;22,4;10,4
5025;24;32
5026;25,6;45,599998
5027;24,799999;43,200001
5028;23,200001;38,400002
5029;26,4;35,200001
5030;24,799999;34,400002
5031;25,6;32,799999
5032;24,799999;24,799999
5033;25,6;10,4
5034;26,4;17,6
5035;24,799999;40
5036;25,6;44,799999
5037;16,799999;40
5038;24;36,799999
5039;24,799999;33,599998
5040;25,6;33,599998
5041;25,6;32
5042;24,799999;33,599998
5043;24,799999;20
5044;25,6;8
5045;23,200001;16,799999
5046;24,799999;40
5047;24;42,400002
5048;24;37,599998
5049;24;34,400002
5050;23,200001;32,799999
5051;22,4;31,200001
5052;29,6;30,4
5053;21,6;16,799999
5054;22,4;7,2
5055;21,6;22,4
5056;21,6;41,599998
5057;21,6;40,799999
5058;20,799999;36,799999
5059;38,400002;33,599998
5060;19,200001;32
5061;20,799999;30,4
5062;19,200001;19,200001
5063;19,200001;8
5064;19,200001;11,2
5065;20;32
5066;20;36
5067;13,6;32
5068;18,4;27,200001
5069;19,200001;25,6
5070;20;24,799999
5071;20;19,200001
5072;20;3,2
5073;20;6,4
5074;-3,2;32,799999
5075;18,4;35,200001
5076;20,799999;29,6
5077;20;26,4
5078;32,799999;25,6
5079;20,799999;19,200001
5080;19,200001;3,2
5081;20;4
5082;22,4;26,4
5083;20;35,200001
5084;19,200001;33,599998
5085;19,200001;21,6
5086;19,200001;16
5087;16,799999;-0,8
5088;18,4;-5,6
5089;30,4;22,4
5090;19,200001;29,6
5091;18,4;24
5092;18,4;20
5093;6,4;18,4
5094;16,799999;11,2
5095;17,6;-4,8
5096;16,799999;-0,8
5097;15,2;22,4
5098;16,799999;28,799999
5099;16,799999;24
5100;16,799999;20,799999
5101;16;18,4
5102;15,2;16,799999
5103;16,799999;2,4
5104;4;-8
5105;16;6,4
5106;15,2;22,4
5107;16;20,799999
5108;19,200001;15,2
5109;14,4;12,8
5110;15,2;11,2
5111;15,2;11,2
5112;13,6;6,4
5113;15,2;-9,6
5114;14,4;-10,4
5115;12,8;12,8
5116;12,8;23,200001
5117;13,6;19,200001
5118;12;14,4
5119;15,2;12,8
5120;12,8;11,2
5121;12;9,6
5122;12,8;-7,2
5123;14,4;-12,8
5124;11,2;14,4
5125;9,6;24
5126;9,6;8,8
5127;8,8;6,4
5128;8;-1,6
5129;8;-17,6
5130;7,2;-17,6
5131;6,4;6,4
5132;5,6;15,2
5133;4,8;10,4
5134;5,6;6,4
5135;4;4,8
5136;4;3,2
5137;3,2;-8
5138;4;-20
5139;0,8;-10,4
5140;1,6;11,2
5141;0,8;13,6
5142;2,4;8,8
5143;-0,8;5,6
5144;0,8;4
5145;-0,8;1,6
5146;-1,6;2,4
5147;-0,8;-13,6
5148;-2,4;-27,200001
5149;-4,8;-24
5150;-2,4;-6,4
5151;-3,2;-4,8
5152;-3,2;-8,8
5153;-9,6;-8,8
5154;-4,8;-3,2
5155;-5,6;2,4
5156;-4,8;0
5157;-4;-4
5158;-8;-4,8
5159;-8;-5,6
5160;-6,4;-6,4
5161;-8,8;-9,6
5162;-8,8;-24,799999
5163;-8;-25,6
5164;-10,4;0
5165;-9,6;5,6
5166;-12;-0,8
5167;-12,8;-1,6
5168;-6,4;-15,2
5169;-14,4;-30,4
5170;-13,6;-28,799999
5171;-15,2;-7,2
5172;-16,799999;0,8
5173;-16,799999;-3,2
5174;-17,6;-8
5175;-2,4;-9,6
5176;-20;-10,4
5177;-20,799999;-15,2
5178;-22,4;-31,200001
5179;-28;-28,799999
5180;-23,200001;-2,4
5181;-22,4;0
5182;-22,4;-5,6
5183;-28,799999;-8,8
5184;-25,6;-11,2
5185;-26,4;-9,6
5186;-26,4;-20,799999
5187;-27,200001;-35,200001
5188;-27,200001;-21,6
5189;-28,799999;-8,8
5190;-51,200001;-6,4
5191;-30,4;-12
5192;-28,799999;-15,2
5193;-31,200001;-16,799999
5194;-19,200001;-16,799999
5195;-31,200001;-24
5196;-33,599998;-38,400002
5197;-33,599998;-30,4
5198;-29,6;-7,2
5199;-34,400002;-7,2
5200;-35,200001;-12
5201;-36;-15,2
5202;-36;-16
5203;-36,799999;-16,799999
5204;-37,599998;-29,6
5205;-16,799999;-40
5206;-39,200001;-25,6
5207;-40;-7,2
5208;-40;-7,2
5209;-52;-15,2
5210;-41,599998;-26,4
5211;-42,400002;-41,599998
5212;-43,200001;-36
5213;-44,799999;-12
5214;-44;-11,2
5215;-45,599998;-16,799999
5216;-45,599998;-20
5217;-45,599998;-20,799999
5218;-47,200001;-25,6
5219;-46,400002;-41,599998
5220;-60;-41,599998
5221;-48,799999;-20
5222;-48,799999;-9,6
5223;-50,400002;-14,4
5224;-49,599998;-18,4
5225;-48,799999;-20
5226;-50,400002;-21,6
5227;-51,200001;-22,4
5228;-48;-35,200001
5229;-51,200001;-45,599998
5230;-50,400002;-31,200001
5231;-52;-15,2
5232;-52,799999;-15,2
5233;-52;-20
5234;-52;-22,4
5235;-48,799999;-24
5236;-52,799999;-24
5237;-54,400002;-33,599998
5238;-53,599998;-46,400002
5239;-52;-38,400002
5240;-54,400002;-16,799999
5241;-55,200001;-12,8
5242;-55,200001;-17,6
5243;-56;-22,4
5244;-55,200001;-23,200001
5245;-56;-24
5246;-56;-26,4
5247;-56,799999;-41,599998
5248;-57,599998;-45,599998
5249;-57,599998;-20
5250;-51,200001;-12,8
5251;-58,400002;-17,6
5252;-59,200001;-22,4
5253;-59,200001;-35,200001
5254;-59,200001;-48
5255;-60,799999;-36,799999
5256;-60,799999;-16,799999
5257;-60,799999;-14,4
5258;-60;-19,200001
5259;-60,799999;-22,4
5260;-61,599998;-23,200001
5261;-61,599998;-24,799999
5262;-62,400002;-28
5263;-60,799999;-43,200001
5264;-60,799999;-46,400002
5265;-65,599998;-25,6
5266;-60;-13,6
5267;-60,799999;-16,799999
5268;-61,599998;-20,799999
5269;-69,599998;-23,200001
5270;-61,599998;-25,6
5271;-60,799999;-24
5272;-60,799999;-32,799999
5273;-59,200001;-47,200001
5274;-60;-44
5275;-60;-21,6
5276;-71,199997;-14,4
5277;-60;-18,4
5278;-58,400002;-22,4
5279;-57,599998;-24
5280;-53,599998;-25,6
5281;-57,599998;-27,200001
5282;-57,599998;-40
5283;-57,599998;-49,599998
5284;-49,599998;-32
5285;-56,799999;-15,2
5286;-56;-15,2
5287;-56;-20,799999
5288;-56,799999;-23,200001
5289;-55,200001;-24,799999
5290;-54,400002;-24,799999
5291;-49,599998;-30,4
5292;-55,200001;-44,799999
5293;-54,400002;-48
5294;-55,200001;-25,6
5295;-61,599998;-16
5296;-54,400002;-19,200001
5297;-54,400002;-23,200001
5298;-55,200001;-24,799999
5299;-62,400002;-26,4
5300;-54,400002;-38,400002
5301;-52,799999;-50,400002
5302;-52,799999;-32
5303;-52;-16
5304;-52;-17,6
5305;-52;-23,200001
5306;-61,599998;-25,6
5307;-51,200001;-26,4
5308;-50,400002;-27,200001
5309;-49,599998;-32,799999
5310;-44;-47,200001
5311;-48,799999;-46,400002
5312;-48,799999;-24,799999
5313;-46,400002;-13,6
5314;-48;-18,4
5315;-47,200001;-23,200001
5316;-45,599998;-34,400002
5317;-45,599998;-48
5318;-44,799999;-35,200001
5319;-44;-16
5320;-44;-16,799999
5321;-38,400002;-22,4
5322;-42,400002;-24,799999
5323;-41,599998;-25,6
5324;-42,400002;-28
5325;-39,200001;-43,200001
5326;-41,599998;-48,799999
5327;-40,799999;-28,799999
5328;-41,599998;-14,4
5329;-40;-17,6
5330;-40,799999;-21,6
5331;-40;-24,799999
5332;-38,400002;-25,6
5333;-40;-26,4
5334;-37,599998;-27,200001
5335;-38,400002;-42,400002
5336;-38,400002;-49,599998
5337;-37,599998;-35,200001
5338;-36,799999;-16
5339;-36,799999;-16,799999
5340;-36,799999;-21,6
5341;-35,200001;-24,799999
5342;-33,599998;-25,6
5343;-34,400002;-27,200001
5344;-35,200001;-40,799999
5345;-32;-49,599998
5346;-32;-27,200001
5347;-31,200001;-15,2
5348;-30,4;-18,4
5349;-30,4;-23,200001
5350;-29,6;-25,6
5351;-33,599998;-26,4
5352;-28;-28
5353;-28;-40
5354;-26,4;-49,599998
5355;-24,799999;-31,200001
5356;-26,4;-15,2
5357;-23,200001;-15,2
5358;-24;-20,799999
5359;-22,4;-24
5360;-23,200001;-24
5361;-24;-28
5362;-21,6;-42,400002
5363;-21,6;-46,400002
5364;-20;-25,6
5365;-20,799999;-13,6
5366;-13,6;-16,799999
5367;-19,200001;-20,799999
5368;-19,200001;-23,200001
5369;-18,4;-24
5370;-17,6;-24,799999
5371;-18,4;-35,200001
5372;-17,6;-47,200001
5373;-17,6;-38,400002
5374;-16;-17,6
5375;-17,6;-12,8
5376;-16;-15,2
5377;-16;-19,200001
5378;-16,799999;-28
5379;-16;-43,200001
5380;-15,2;-38,400002
5381;-17,6;-16
5382;-16;-11,2
5383;-14,4;-15,2
5384;-12;-19,200001
5385;-20;-20,799999
5386;-12,8;-21,6
5387;-12;-22,4
5388;-11,2;-33,599998
5389;-10,4;-44
5390;-11,2;-33,599998
5391;-9,6;-13,6
5392;-13,6;-11,2
5393;-8;-16
5394;-7,2;-19,200001
5395;-8;-20,799999
5396;-4;-21,6
5397;-5,6;-23,200001
5398;-5,6;-38,400002
5399;-4;-40,799999
5400;3,2;-19,200001
5401;-4;-8,8
5402;-3,2;-12
5403;-3,2;-16
5404;-2,4;-18,4
5405;-1,6;-19,200001
5406;-0,8;-19,200001
5407;4;-24,799999
5408;0;-39,200001
5409;0;-37,599998
5410;1,6;-12
5411;7,2;-8,8
5412;3,2;-13,6
5413;3,2;-17,6
5414;4;-18,4
5415;0;-24
5416;4;-40,799999
5417;4,8;-34,400002
5418;4,8;-6,4
5419;6,4;-6,4
5420;5,6;-12
5421;7,2;-15,2
5422;-4;-16,799999
5423;8;-28,799999
5424;8;-40
5425;10,4;-20,799999
5426;1,6;-4,8
5427;12;-7,2
5428;13,6;-12,8
5429;12,8;-15,2
5430;16;-15,2
5431;15,2;-24
5432;16;-37,599998
5433;16;-32
5434;17,6;-9,6
5435;18,4;-4,8
5436;18,4;-9,6
5437;22,4;-14,4
5438;20;-13,6
5439;20,799999;-20
5440;22,4;-32,799999
5441;25,6;-24,799999
5442;20,799999;-3,2
5443;21,6;0,8
5444;22,4;-4
5445;24,799999;-8,8
5446;23,200001;-9,6
5447;24;-12
5448;24;-24,799999
5449;23,200001;-34,400002
5450;24,799999;-12
5451;26,4;1,6
5452;28;-3,2
5453;25,6;-8
5454;25,6;-9,6
5455;25,6;-11,2
5456;27,200001;-26,4
5457;26,4;-33,599998
5458;26,4;-10,4
5459;27,200001;10,4
5460;24,799999;4,8
5461;26,4;-0,8
5462;27,200001;-2,4
5463;28,799999;-4
5464;28,799999;-18,4
5465;28,799999;-27,200001
5466;28,799999;-11,2
5467;26,4;8
5468;29,6;7,2
5469;30,4;1,6
5470;29,6;-0,8
5471;28,799999;-3,2
5472;30,4;-8,8
5473;31,200001;-24
5474;30,4;-21,6
5475;33,599998;0
5476;31,200001;9,6
5477;33,599998;5,6
5478;33,599998;-2,4
5479;32,799999;-2,4
5480;32,799999;3,2
5481;33,599998;-12,8
5482;35,200001;-20
5483;35,200001;-1,6
5484;33,599998;15,2
5485;32,799999;13,6
5486;32;8,8
5487;33,599998;5,6
5488;33,599998;4
5489;33,599998;-1,6
5490;35,200001;-16,799999
5491;34,400002;-16
5492;34,400002;7,2
5493;37,599998;15,2
5494;34,400002;11,2
5495;35,200001;7,2
5496;34,400002;4,8
5497;37,599998;4
5498;36;1,6
5499;34,400002;-13,6
5500;35,200001;-19,200001
5501;38,400002;5,6
5502;35,200001;20
5503;35,200001;16
5504;34,400002;12
5505;35,200001;10,4
5506;33,599998;8,8
5507;34,400002;2,4
5508;34,400002;-13,6
5509;33,599998;-9,6
5510;35,200001;17,6
5511;34,400002;19,200001
5512;31,200001;13,6
5513;33,599998;10,4
5514;34,400002;8,8
5515;35,200001;8
5516;31,200001;3,2
5517;34,400002;-12,8
5518;35,200001;-12
5519;34,400002;16
5520;36,799999;18,4
5521;35,200001;15,2
5522;35,200001;15,2
5523;21,6;-1,6
5524;32,799999;-7,2
5525;33,599998;14,4
5526;33,599998;27,200001
5527;43,200001;24
5528;34,400002;19,200001
5529;32,799999;16,799999
5530;32,799999;15,2
5531;32;12,8
5532;32;-2,4
5533;31,200001;-9,6
5534;32;10,4
5535;31,200001;26,4
5536;30,4;24
5537;30,4;21,6
5538;49,599998;16
5539;30,4;15,2
5540;30,4;10,4
5541;30,4;-7,2
5542;19,200001;-2,4
5543;31,200001;23,200001
5544;31,200001;31,200001
5545;30,4;25,6
5546;26,4;22,4
5547;31,200001;20
5548;30,4;19,200001
5549;31,200001;9,6
5550;30,4;-4
5551;29,6;4
5552;31,200001;26,4
5553;17,6;29,6
5554;31,200001;25,6
5555;31,200001;21,6
5556;31,200001;20
5557;35,200001;18,4
5558;30,4;14,4
5559;31,200001;-1,6
5560;31,200001;-3,2
5561;35,200001;20,799999
5562;30,4;29,6
5563;29,6;28
5564;31,200001;25,6
5565;31,200001;20,799999
5566;30,4;4
5567;31,200001;-0,8
5568;33,599998;25,6
5569;30,4;33,599998
5570;30,4;28
5571;31,200001;24
5572;32;22,4
5573;30,4;21,6
5574;29,6;16
5575;30,4;0
5576;28,799999;0,8
5577;29,6;23,200001
5578;28;32,799999
5579;29,6;28,799999
5580;28;24
5581;29,6;22,4
5582;28;21,6
5583;26,4;20
5584;28,799999;24
5585;28;8
5586;28;1,6
5587;26,4;24
5588;25,6;36,799999
5589;28;32,799999
5590;27,200001;28
5591;28,799999;25,6
5592;28;19,200001
5593;28;4
5594;28;5,6
5595;27,200001;28
5596;28;36,799999
5597;27,200001;32
5598;30,4;28
5599;28,799999;26,4
5600;28;24
5601;28;8,8
5602;21,6;0
5603;26,4;18,4
5604;27,200001;34,400002
5605;28;40,799999
5606;28;34,400002
5607;28,799999;29,6
5608;27,200001;15,2
5609;28;4,8
5610;27,200001;28
5611;27,200001;40,799999
5612;26,4;36,799999
5613;30,4;32
5614;26,4;30,4
5615;27,200001;29,6
5616;26,4;28
5617;34,400002;25,6
5618;26,4;9,6
5619;26,4;4,8
5620;26,4;25,6
5621;25,6;40,799999
5622;25,6;37,599998
5623;26,4;32,799999
5624;45,599998;28,799999
5625;25,6;29,6
5626;25,6;30,4
5627;26,4;13,6
5628;18,4;9,6
5629;28;32
5630;26,4;44,799999
5631;26,4;41,599998
5632;24;36,799999
5633;27,200001;34,400002
5634;26,4;33,599998
5635;27,200001;28
5636;27,200001;12
5637;26,4;13,6
5638;27,200001;36
5639;6,4;44,799999
5640;26,4;40,799999
5641;26,4;36
5642;26,4;33,599998
5643;39,200001;32
5644;25,6;30,4
5645;26,4;14,4
5646;25,6;10,4
5647;28,799999;36
5648;24,799999;48,799999
5649;25,6;45,599998
5650;24,799999;41,599998
5651;24,799999;39,200001
5652;24;36,799999
5653;24,799999;34,400002
5654;32,799999;22,4
5655;24;12
5656;23,200001;38,400002
5657;23,200001;48,799999
5658;11,2;44
5659;23,200001;40
5660;23,200001;38,400002
5661;24,799999;36,799999
5662;22,4;25,6
5663;22,4;12,8
5664;24,799999;24
5665;24;44,799999
5666;24;47,200001
5667;24;44,799999
5668;24,799999;40,799999
5669;20;23,200001
5670;25,6;19,200001
5671;25,6;47,200001
5672;25,6;52,799999
5673;26,4;48
5674;26,4;43,200001
5675;26,4;41,599998
5676;28;34,400002
5677;24,799999;18,4
5678;28;21,6
5679;27,200001;44,799999
5680;27,200001;52
5681;26,4;48
5682;28;43,200001
5683;28,799999;41,599998
5684;26,4;40,799999
5685;28;34,400002
5686;26,4;18,4
5687;26,4;20
5688;28;46,400002
5689;28,799999;53,599998
5690;28;49,599998
5691;28,799999;44
5692;29,6;42,400002
5693;27,200001;41,599998
5694;26,4;28,799999
5695;28;16,799999
5696;27,200001;30,4
5697;27,200001;50,400002
5698;27,200001;51,200001
5699;35,200001;46,400002
5700;27,200001;43,200001
5701;28;41,599998
5702;27,200001;36,799999
5703;29,6;21,6
5704;28;20
5705;28;42,400002
5706;27,200001;52,799999
5707;27,200001;48,799999
5708;26,4;43,200001
5709;28;43,200001
5710;26,4;32
5711;26,4;17,6
5712;26,4;25,6
5713;28;47,200001
5714;25,6;51,200001
5715;28;46,400002
5716;27,200001;43,200001
5717;27,200001;40,799999
5718;21,6;40
5719;28,799999;38,400002
5720;27,200001;24
5721;28;15,2
5722;28;33,599998
5723;28;50,400002
5724;27,200001;49,599998
5725;28;44
5726;24,799999;41,599998
5727;25,6;40
5728;26,4;37,599998
5729;24;20,799999
5730;24,799999;12
5731;24;32,799999
5732;24,799999;47,200001
5733;29,6;45,599998
5734;22,4;40,799999
5735;24;37,599998
5736;23,200001;36,799999
5737;23,200001;32
5738;22,4;16
5739;22,4;14,4
5740;23,200001;37,599998
5741;22,4;48
5742;21,6;43,200001
5743;23,200001;39,200001
5744;28,799999;36,799999
5745;22,4;36,799999
5746;21,6;31,200001
5747;23,200001;16
5748;20;13,6
5749;22,4;35,200001
5750;23,200001;48
5751;22,4;39,200001
5752;23,200001;33,599998
5753;22,4;26,4
5754;21,6;10,4
5755;32;9,6
5756;21,6;32
5757;23,200001;41,599998
5758;22,4;36,799999
5759;22,4;32,799999
5760;23,200001;30,4
5761;22,4;29,6
5762;22,4;25,6
5763;21,6;9,6
5764;21,6;8,8
5765;23,200001;36
5766;22,4;40
5767;24;36
5768;22,4;32
5769;21,6;28,799999
5770;25,6;28,799999
5771;21,6;29,6
5772;22,4;13,6
5773;20,799999;-0,8
5774;21,6;0,8
5775;20,799999;24,799999
5776;20;32,799999
5777;20;28,799999
5778;22,4;24
5779;20,799999;21,6
5780;20;20,799999
5781;19,200001;16,799999
5782;19,200001;0,8
5783;20;-1,6
5784;19,200001;20,799999
5785;13,6;32
5786;19,200001;28,799999
5787;18,4;24,799999
5788;17,6;21,6
5789;19,200001;20,799999
5790;18,4;17,6
5791;18,4;1,6
5792;18,4;-1,6
5793;17,6;12,8
5794;18,4;25,6
5795;17,6;22,4
5796;17,6;17,6
5797;17,6;15,2
5798;16,799999;13,6
5799;16,799999;9,6
5800;12,8;-7,2
5801;16,799999;-6,4
5802;16;16,799999
5803;16,799999;26,4
5804;16,799999;21,6
5805;16;17,6
5806;15,2;15,2
5807;15,2;13,6
5808;16,799999;12
5809;14,4;-3,2
5810;13,6;-10,4
5811;13,6;16
5812;13,6;24,799999
5813;13,6;23,200001
5814;13,6;4,8
5815;21,6;-12,8
5816;12;-14,4
5817;12,8;14,4
5818;11,2;17,6
5819;12,8;12
5820;11,2;8,8
5821;10,4;7,2
5822;10,4;1,6
5823;9,6;-14,4
5824;9,6;-15,2
5825;9,6;7,2
5826;10,4;16,799999
5827;8,8;13,6
5828;10,4;9,6
5829;10,4;8
5830;4,8;4
5831;11,2;5,6
5832;8,8;-4
5833;8,8;-18,4
5834;-1,6;-13,6
5835;8;6,4
5836;7,2;10,4
5837;7,2;4
5838;8;0,8
5839;6,4;-0,8
5840;7,2;-8
5841;-7,2;-22,4
5842;4,8;-18,4
5843;4,8;4
5844;4;10,4
5845;4;5,6
5846;4,8;1,6
5847;3,2;-0,8
5848;2,4;-1,6
5849;3,2;-8,8
5850;0;-23,200001
5851;-0,8;-17,6
5852;-0,8;4,8
5853;-0,8;10,4
5854;-1,6;5,6
5855;-3,2;-2,4
5856;-4,8;-15,2
5857;-4,8;-28
5858;-5,6;-16
5859;-5,6;4
5860;2,4;4,8
5861;-4,8;0
5862;-7,2;-3,2
5863;-8;-5,6
5864;-8;-11,2
5865;-9,6;-26,4
5866;-9,6;-22,4
5867;-11,2;-0,8
5868;-9,6;5,6
5869;-13,6;2,4
5870;-12,8;-2,4
5871;-8;-4,8
5872;-12,8;-5,6
5873;-12,8;-6,4
5874;-13,6;-13,6
5875;-22,4;-27,200001
5876;-14,4;-22,4
5877;-15,2;0,8
5878;-16;0
5879;-18,4;-4,8
5880;-16,799999;-8
5881;-16,799999;-8,8
5882;-16,799999;-15,2
5883;-20;-30,4
5884;-19,200001;-27,200001
5885;-21,6;-6,4
5886;-20;3,2
5887;-22,4;-2,4
5888;-24;-7,2
5889;-21,6;-8
5890;-19,200001;-8,8
5891;-24;-12
5892;-24;-28
5893;-24;-30,4
5894;-23,200001;-3,2
5895;-25,6;1,6
5896;-27,200001;-1,6
5897;-28;-12,8
5898;-29,6;-29,6
5899;-28;-36
5900;-29,6;-16
5901;-24,799999;-1,6
5902;-30,4;-4,8
5903;-31,200001;-10,4
5904;-32;-12
5905;-32,799999;-13,6
5906;-34,400002;-14,4
5907;-34,400002;-20,799999
5908;-33,599998;-35,200001
5909;-37,599998;-31,200001
5910;-36;-9,6
5911;-36,799999;-2,4
5912;-36,799999;-7,2
5913;-37,599998;-10,4
5914;-36,799999;-12,8
5915;-37,599998;-13,6
5916;-44;-20
5917;-37,599998;-33,599998
5918;-39,200001;-36
5919;-40,799999;-12,8
5920;-40,799999;-4,8
5921;-40;-8
5922;-41,599998;-13,6
5923;-41,599998;-15,2
5924;-40,799999;-17,6
5925;-44;-32,799999
5926;-44,799999;-38,400002
5927;-44,799999;-19,200001
5928;-47,200001;-4,8
5929;-47,200001;-8
5930;-48,799999;-12,8
5931;-43,200001;-14,4
5932;-48;-14,4
5933;-49,599998;-19,200001
5934;-52;-35,200001
5935;-49,599998;-36,799999
5936;-51,200001;-10,4
5937;-53,599998;-6,4
5938;-52,799999;-8,8
5939;-52,799999;-19,200001
5940;-52,799999;-23,200001
5941;-53,599998;-38,400002
5942;-54,400002;-44
5943;-56;-25,6
5944;-54,400002;-10,4
5945;-55,200001;-12
5946;-60;-17,6
5947;-54,400002;-20,799999
5948;-56,799999;-20,799999
5949;-56,799999;-22,4
5950;-52,799999;-24
5951;-58,400002;-40
5952;-58,400002;-43,200001
5953;-57,599998;-16,799999
5954;-56,799999;-10,4
5955;-59,200001;-15,2
5956;-58,400002;-20
5957;-66,400002;-20,799999
5958;-59,200001;-23,200001
5959;-58,400002;-26,4
5960;-59,200001;-40,799999
5961;-60;-48,799999
5962;-57,599998;-36
5963;-59,200001;-16,799999
5964;-59,200001;-16
5965;-53,599998;-20,799999
5966;-59,200001;-24
5967;-59,200001;-24,799999
5968;-59,200001;-25,6
5969;-60;-32,799999
5970;-60;-47,200001
5971;-60,799999;-41,599998
5972;-52;-20
5973;-60,799999;-14,4
5974;-60,799999;-20
5975;-60;-23,200001
5976;-52;-24,799999
5977;-60,799999;-25,6
5978;-61,599998;-28,799999
5979;-61,599998;-41,599998
5980;-68,800003;-52
5981;-61,599998;-36
5982;-60,799999;-18,4
5983;-60;-20,799999
5984;-59,200001;-24,799999
5985;-60,799999;-28
5986;-60,799999;-28,799999
5987;-83,199997;-36,799999
5988;-60,799999;-50,400002
5989;-60,799999;-43,200001
5990;-60;-20
5991;-48,799999;-19,200001
5992;-60;-24
5993;-59,200001;-28
5994;-60;-28,799999
5995;-55,200001;-33,599998
5996;-58,400002;-49,599998
5997;-58,400002;-48,799999
5998;-57,599998;-21,6
5999;-57,599998;-18,4
6000;-59,200001;-22,4
6001;-57,599998;-28,799999
6002;-54,400002;-42,400002
6003;-58,400002;-53,599998
6004;-56,799999;-40,799999
6005;-57,599998;-21,6
6006;-68,800003;-19,200001
6007;-57,599998;-24,799999
6008;-55,200001;-28,799999
6009;-56,799999;-30,4
6010;-54,400002;-32
6011;-55,200001;-45,599998
6012;-55,200001;-54,400002
6013;-54,400002;-36,799999
6014;-54,400002;-20
6015;-53,599998;-20,799999
6016;-53,599998;-25,6
6017;-51,200001;-28,799999
6018;-52;-29,6
6019;-52,799999;-36
6020;-51,200001;-51,200001
6021;-51,200001;-48
6022;-51,200001;-27,200001
6023;-51,200001;-20,799999
6024;-50,400002;-25,6
6025;-51,200001;-29,6
6026;-48;-31,200001
6027;-47,200001;-32
6028;-46,400002;-44
6029;-45,599998;-55,200001
6030;-44,799999;-41,599998
6031;-44;-22,4
6032;-47,200001;-22,4
6033;-42,400002;-26,4
6034;-42,400002;-29,6
6035;-41,599998;-31,200001
6036;-38,400002;-31,200001
6037;-39,200001;-36,799999
6038;-39,200001;-52
6039;-38,400002;-48,799999
6040;-36;-23,200001
6041;-37,599998;-21,6
6042;-36;-25,6
6043;-35,200001;-30,4
6044;-36;-47,200001
6045;-35,200001;-49,599998
6046;-32,799999;-28,799999
6047;-24,799999;-17,6
6048;-32,799999;-21,6
6049;-32;-25,6
6050;-32;-28
6051;-28,799999;-29,6
6052;-31,200001;-30,4
6053;-30,4;-45,599998
6054;-30,4;-52
6055;-28,799999;-28
6056;-28;-18,4
6057;-28;-21,6
6058;-28,799999;-26,4
6059;-28;-28,799999
6060;-28;-29,6
6061;-27,200001;-42,400002
6062;-28;-52,799999
6063;-25,6;-35,200001
6064;-24,799999;-13,6
6065;-24,799999;-14,4
6066;-31,200001;-20
6067;-24;-22,4
6068;-24;-24
6069;-22,4;-25,6
6070;-21,6;-39,200001
6071;-21,6;-47,200001
6072;-20,799999;-24,799999
6073;-30,4;-12,8
6074;-20;-16
6075;-18,4;-20,799999
6076;-17,6;-22,4
6077;-22,4;-24
6078;-16;-34,400002
6079;-16,799999;-46,400002
6080;-16,799999;-37,599998
6081;-8,8;-16,799999
6082;-14,4;-13,6
6083;-12,8;-18,4
6084;-13,6;-15,2
6085;-12,8;-25,6
6086;-12,8;-40,799999
6087;-12;-34,400002
6088;-12,8;-12,8
6089;-12;-8
6090;-12;-12
6091;-9,6;-16,799999
6092;-10,4;-16,799999
6093;-8;-19,200001
6094;-8;-29,6
6095;-8;-41,599998
6096;-12;-30,4
6097;-8;-10,4
6098;-6,4;-8
6099;-6,4;-12,8
6100;-4,8;-16,799999
6101;-5,6;-17,6
6102;-4;-19,200001
6103;8;-19,200001
6104;-4;-28,799999
6105;-2,4;-36
6106;-1,6;-29,6
6107;-1,6;-8,8
6108;0;-3,2
6109;0;-7,2
6110;0;-11,2
6111;0;-13,6
6112;1,6;-17,6
6113;1,6;-33,599998
6114;4;-35,200001
6115;4,8;-12,8
6116;4,8;-2,4
6117;4,8;-7,2
6118;8,8;-11,2
6119;7,2;-12,8
6120;7,2;-13,6
6121;8;-27,200001
6122;12;-37,599998
6123;10,4;-23,200001
6124;10,4;-4,8
6125;9,6;-3,2
6126;14,4;-4
6127;9,6;-8,8
6128;10,4;-20
6129;12;-32,799999
6130;11,2;-22,4
6131;11,2;-2,4
6132;12;0
6133;13,6;-5,6
6134;13,6;-8
6135;13,6;-9,6
6136;13,6;-14,4
6137;16;-28,799999
6138;14,4;-30,4
6139;15,2;-9,6
6140;16;0,8
6141;14,4;-2,4
6142;16,799999;-7,2
6143;16,799999;-8,8
6144;18,4;-10,4
6145;17,6;-11,2
6146;20;-10,4
6147;20;-14,4
6148;13,6;-28,799999
6149;20;-25,6
6150;20,799999;-4
6151;20,799999;4,8
6152;23,200001;-0,8
6153;22,4;-4,8
6154;23,200001;-6,4
6155;24;-7,2
6156;24,799999;-15,2
6157;24,799999;-29,6
6158;24,799999;-20,799999
6159;26,4;2,4
6160;25,6;2,4
6161;26,4;-2,4
6162;27,200001;-6,4
6163;35,200001;-7,2
6164;27,200001;-8
6165;28;-20,799999
6166;28;-32
6167;29,6;-16,799999
6168;28,799999;5,6
6169;29,6;6,4
6170;28,799999;0
6171;29,6;-2,4
6172;29,6;-4
6173;30,4;-7,2
6174;29,6;-23,200001
6175;29,6;-26,4
6176;29,6;0,8
6177;30,4;7,2
6178;26,4;2,4
6179;30,4;-2,4
6180;30,4;-2,4
6181;30,4;-4
6182;23,200001;-20,799999
6183;30,4;-28
6184;30,4;-11,2
6185;31,200001;7,2
6186;32,799999;5,6
6187;31,200001;-0,8
6188;32;-1,6
6189;28,799999;-8,8
6190;31,200001;-21,6
6191;32,799999;-14,4
6192;32;9,6
6193;36,799999;10,4
6194;32,799999;4,8
6195;32;1,6
6196;33,599998;0
6197;40;-2,4
6198;33,599998;-17,6
6199;32,799999;-24
6200;32,799999;-5,6
6201;32,799999;11,2
6202;32;8,8
6203;33,599998;4
6204;38,400002;0,8
6205;32;0
6206;33,599998;-0,8
6207;32,799999;-11,2
6208;30,4;-24,799999
6209;32,799999;-6,4
6210;33,599998;12
6211;32,799999;13,6
6212;32,799999;8,8
6213;32,799999;6,4
6214;33,599998;4,8
6215;32,799999;-0,8
6216;32,799999;-16,799999
6217;33,599998;-16,799999
6218;32,799999;5,6
6219;30,4;16
6220;32;12
6221;32;7,2
6222;32;4
6223;25,6;4
6224;32;3,2
6225;32;-6,4
6226;32,799999;-19,200001
6227;32,799999;-9,6
6228;32,799999;12
6229;33,599998;15,2
6230;32,799999;19,200001
6231;32,799999;15,2
6232;33,599998;9,6
6233;33,599998;-8
6234;39,200001;-11,2
6235;34,400002;11,2
6236;33,599998;23,200001
6237;36;19,200001
6238;38,400002;15,2
6239;33,599998;13,6
6240;33,599998;12
6241;32,799999;11,2
6242;36;-3,2
6243;32,799999;-12,8
6244;33,599998;8,8
6245;32,799999;24
6246;32,799999;20
6247;32,799999;15,2
6248;32;12,8
6249;36;11,2
6250;32;11,2
6251;30,4;13,6
6252;32,799999;-2,4
6253;32;-4
6254;30,4;17,6
6255;30,4;32
6256;29,6;27,200001
6257;27,200001;22,4
6258;29,6;20
6259;29,6;19,200001
6260;29,6;17,6
6261;28,799999;2,4
6262;30,4;-6,4
6263;30,4;12
6264;28,799999;29,6
6265;29,6;28
6266;28,799999;23,200001
6267;28;20
6268;27,200001;19,200001
6269;29,6;18,4
6270;28,799999;16
6271;28,799999;1,6
6272;30,4;1,6
6273;28,799999;20
6274;29,6;36,799999
6275;28,799999;36
6276;29,6;30,4
6277;29,6;27,200001
6278;30,4;26,4
6279;30,4;24,799999
6280;30,4;16,799999
6281;30,4;2,4
6282;30,4;9,6
6283;28;32
6284;28,799999;36,799999
6285;28,799999;32
6286;28,799999;28,799999
6287;30,4;26,4
6288;29,6;24,799999
6289;28,799999;24
6290;31,200001;10,4
6291;29,6;-0,8
6292;28;17,6
6293;28,799999;40,799999
6294;31,200001;40
6295;28,799999;34,400002
6296;29,6;31,200001
6297;28,799999;32
6298;36,799999;28,799999
6299;28;16
6300;28,799999;4,8
6301;28,799999;20,799999
6302;28,799999;40
6303;28,799999;40
6304;28,799999;35,200001
6305;36,799999;31,200001
6306;28,799999;30,4
6307;28,799999;28,799999
6308;28,799999;15,2
6309;32;5,6
6310;29,6;28,799999
6311;28;41,599998
6312;28;36
6313;26,4;34,400002
6314;27,200001;30,4
6315;29,6;14,4
6316;28;16
6317;28,799999;39,200001
6318;28,799999;47,200001
6319;29,6;43,200001
6320;29,6;38,400002
6321;28,799999;36
6322;28;34,400002
6323;28,799999;19,200001
6324;20,799999;10,4
6325;28;34,400002
6326;27,200001;46,400002
6327;27,200001;42,400002
6328;28,799999;37,599998
6329;26,4;36
6330;27,200001;34,400002
6331;26,4;20
6332;26,4;9,6
6333;25,6;24
6334;26,4;46,400002
6335;28;47,200001
6336;24,799999;41,599998
6337;24,799999;38,400002
6338;24;36,799999
6339;28,799999;23,200001
6340;24,799999;12,8
6341;24,799999;27,200001
6342;23,200001;45,599998
6343;28,799999;47,200001
6344;24,799999;41,599998
6345;24;38,400002
6346;24;36,799999
6347;24;30,4
6348;24,799999;14,4
6349;24,799999;16,799999
6350;28,799999;39,200001
6351;24;48
6352;24;44
6353;24;40
6354;25,6;36,799999
6355;24;36
6356;24,799999;21,6
6357;24;12
6358;22,4;28,799999
6359;23,200001;46,400002
6360;24;46,400002
6361;24,799999;40,799999
6362;24,799999;37,599998
6363;24,799999;36,799999
6364;24,799999;36
6365;19,200001;26,4
6366;25,6;12
6367;24,799999;20,799999
6368;25,6;43,200001
6369;26,4;47,200001
6370;25,6;41,599998
6371;26,4;38,400002
6372;25,6;36,799999
6373;28,799999;36
6374;25,6;23,200001
6375;26,4;11,2
6376;26,4;28,799999
6377;25,6;46,400002
6378;26,4;46,400002
6379;26,4;41,599998
6380;32;38,400002
6381;28;37,599998
6382;27,200001;25,6
6383;26,4;12,8
6384;28,799999;29,6
6385;26,4;48
6386;26,4;45,599998
6387;27,200001;40,799999
6388;27,200001;38,400002
6389;26,4;35,200001
6390;26,4;22,4
6391;28;12
6392;26,4;27,200001
6393;27,200001;46,400002
6394;28,799999;46,400002
6395;22,4;40
6396;28,799999;38,400002
6397;27,200001;32,799999
6398;28;16,799999
6399;20,799999;14,4
6400;27,200001;36,799999
6401;26,4;48
6402;28,799999;44
6403;29,6;40
6404;27,200001;37,599998
6405;27,200001;35,200001
6406;19,200001;32,799999
6407;25,6;16
6408;26,4;12,8
6409;28,799999;34,400002
6410;22,4;48
6411;27,200001;43,200001
6412;26,4;38,400002
6413;25,6;36,799999
6414;32;36
6415;24,799999;35,200001
6416;25,6;23,200001
6417;27,200001;12
6418;27,200001;22,4
6419;25,6;43,200001
6420;25,6;45,599998
6421;24,799999;40,799999
6422;24;36,799999
6423;25,6;35,200001
6424;24;34,400002
6425;31,200001;32
6426;25,6;16
6427;24,799999;10,4
6428;24,799999;32
6429;20;45,599998
6430;25,6;43,200001
6431;25,6;37,599998
6432;26,4;36
6433;25,6;34,400002
6434;26,4;33,599998
6435;26,4;20,799999
6436;30,4;9,6
6437;26,4;28,799999
6438;25,6;47,200001
6439;26,4;42,400002
6440;24;37,599998
6441;27,200001;29,6
6442;25,6;12,8
6443;24,799999;13,6
6444;22,4;36
6445;24,799999;45,599998
6446;24,799999;41,599998
6447;24,799999;36,799999
6448;24;34,400002
6449;24;33,599998
6450;24;32,799999
6451;19,200001;19,200001
6452;23,200001;8
6453;23,200001;28,799999
6454;22,4;45,599998
6455;22,4;41,599998
6456;22,4;36
6457;22,4;34,400002
6458;23,200001;32
6459;24;29,6
6460;21,6;15,2
6461;21,6;5,6
6462;20,799999;20
6463;21,6;40
6464;22,4;40,799999
6465;20,799999;36
6466;25,6;32
6467;21,6;31,200001
6468;20;27,200001
6469;21,6;11,2
6470;20;6,4
6471;20,799999;28
6472;20,799999;41,599998
6473;20,799999;38,400002
6474;20;34,400002
6475;20,799999;31,200001
6476;21,6;30,4
6477;21,6;28
6478;21,6;12
6479;20,799999;5,6
6480;21,6;29,6
6481;16,799999;37,599998
6482;22,4;32
6483;20,799999;27,200001
6484;20,799999;26,4
6485;18,4;24,799999
6486;19,200001;9,6
6487;20,799999;0,8
6488;20;16,799999
6489;23,200001;36
6490;20;35,200001
6491;19,200001;30,4
6492;20,799999;26,4
6493;18,4;25,6
6494;20;22,4
6495;20;6,4
6496;23,200001;1,6
6497;18,4;21,6
6498;19,200001;36,799999
6499;18,4;33,599998
6500;19,200001;29,6
6501;19,200001;19,200001
6502;18,4;1,6
6503;18,4;-5,6
6504;18,4;15,2
6505;18,4;29,6
6506;17,6;26,4
6507;16,799999;21,6
6508;17,6;19,200001
6509;16,799999;17,6
6510;17,6;9,6
6511;17,6;-5,6
6512;17,6;2,4
6513;16,799999;24
6514;16,799999;28,799999
6515;16;24,799999
6516;15,2;20
6517;16;18,4
6518;16,799999;17,6
6519;16;16,799999
6520;15,2;2,4
6521;15,2;-6,4
6522;36;4
6523;16;21,6
6524;15,2;20
6525;14,4;14,4
6526;12;12
6527;12,8;11,2
6528;12;8,8
6529;12,8;-5,6
6530;9,6;-14,4
6531;10,4;10,4
6532;11,2;23,200001
6533;8,8;18,4
6534;9,6;11,2
6535;8,8;11,2
6536;8;9,6
6537;-10,4;4,8
6538;7,2;-11,2
6539;7,2;-9,6
6540;5,6;12,8
6541;20;20,799999
6542;6,4;18,4
6543;5,6;3,2
6544;5,6;-13,6
6545;7,2;-22,4
6546;4,8;-2,4
6547;4;12,8
6548;3,2;10,4
6549;2,4;4,8
6550;3,2;2,4
6551;1,6;0,8
6552;24;-0,8
6553;0,8;-12
6554;0,8;-24
6555;1,6;-4,8
6556;-10,4;12
6557;0;9,6
6558;-0,8;4,8
6559;-1,6;1,6
6560;-4,8;0
6561;-2,4;0
6562;-2,4;-9,6
6563;-3,2;-21,6
6564;-4;-24,799999
6565;-3,2;-2,4
6566;-5,6;5,6
6567;-12,8;0
6568;-6,4;-4
6569;-7,2;-6,4
6570;-6,4;-6,4
6571;-5,6;-9,6
6572;-8;-24,799999
6573;-10,4;-30,4
6574;-10,4;-8,8
6575;-8;4,8
6576;-12,8;1,6
6577;-12;-3,2
6578;-13,6;-5,6
6579;-14,4;-7,2
6580;-14,4;-20
6581;-15,2;-31,200001
6582;-12,8;-13,6
6583;-16,799999;3,2
6584;-18,4;-3,2
6585;-19,200001;-9,6
6586;-19,200001;-14,4
6587;-19,200001;-28,799999
6588;-20;-36,799999
6589;-21,6;-18,4
6590;-24,799999;-3,2
6591;-22,4;-4,8
6592;-24;-11,2
6593;-24;-12,8
6594;-25,6;-13,6
6595;-24;-14,4
6596;-25,6;-17,6
6597;-29,6;-32,799999
6598;-25,6;-36
6599;-27,200001;-14,4
6600;-28;-2,4
6601;-27,200001;-5,6
6602;-29,6;-10,4
6603;-30,4;-12,8
6604;-30,4;-14,4
6605;-28,799999;-21,6
6606;-32,799999;-36
6607;-32;-44,799999
6608;-32,799999;-22,4
6609;-33,599998;-9,6
6610;-36;-12,8
6611;-36;-18,4
6612;-32,799999;-20
6613;-35,200001;-20,799999
6614;-38,400002;-28,799999
6615;-38,400002;-43,200001
6616;-38,400002;-36,799999
6617;-40,799999;-15,2
6618;-40,799999;-9,6
6619;-41,599998;-15,2
6620;-40,799999;-18,4
6621;-43,200001;-20
6622;-43,200001;-20,799999
6623;-43,200001;-28
6624;-44;-41,599998
6625;-44,799999;-37,599998
6626;-44,799999;-17,6
6627;-48;-11,2
6628;-44,799999;-16
6629;-44;-20,799999
6630;-44,799999;-22,4
6631;-48,799999;-24
6632;-45,599998;-34,400002
6633;-45,599998;-46,400002
6634;-46,400002;-28,799999
6635;-47,200001;-11,2
6636;-48;-14,4
6637;-48,799999;-18,4
6638;-48;-21,6
6639;-49,599998;-22,4
6640;-48,799999;-28
6641;-49,599998;-43,200001
6642;-56;-42,400002
6643;-51,200001;-20
6644;-52;-10,4
6645;-52;-15,2
6646;-57,599998;-19,200001
6647;-53,599998;-23,200001
6648;-52,799999;-38,400002
6649;-54,400002;-45,599998
6650;-54,400002;-23,200001
6651;-55,200001;-12,8
6652;-56;-16
6653;-64;-20
6654;-57,599998;-22,4
6655;-56,799999;-22,4
6656;-57,599998;-34,400002
6657;-51,200001;-46,400002
6658;-59,200001;-36
6659;-58,400002;-15,2
6660;-58,400002;-12
6661;-57,599998;-17,6
6662;-59,200001;-20,799999
6663;-60;-22,4
6664;-60;-23,200001
6665;-59,200001;-34,400002
6666;-60,799999;-48
6667;-60,799999;-33,599998
6668;-39,200001;-17,6
6669;-60;-16
6670;-60,799999;-21,6
6671;-60,799999;-24
6672;-73,599998;-25,6
6673;-59,200001;-26,4
6674;-60;-33,599998
6675;-61,599998;-48
6676;-63,200001;-40,799999
6677;-60;-16,799999
6678;-59,200001;-16,799999
6679;-60;-22,4
6680;-60;-24,799999
6681;-60;-26,4
6682;-59,200001;-30,4
6683;-66,400002;-45,599998
6684;-57,599998;-47,200001
6685;-60;-24,799999
6686;-59,200001;-15,2
6687;-53,599998;-18,4
6688;-58,400002;-20,799999
6689;-57,599998;-30,4
6690;-58,400002;-46,400002
6691;-57,599998;-44
6692;-56,799999;-21,6
6693;-56;-15,2
6694;-56;-20
6695;-56;-24
6696;-55,200001;-24,799999
6697;-56;-26,4
6698;-59,200001;-30,4
6699;-55,200001;-44,799999
6700;-55,200001;-48,799999
6701;-56;-27,200001
6702;-52,799999;-14,4
6703;-54,400002;-18,4
6704;-55,200001;-22,4
6705;-54,400002;-24,799999
6706;-52,799999;-25,6
6707;-54,400002;-26,4
6708;-54,400002;-33,599998
6709;-53,599998;-47,200001
6710;-53,599998;-43,200001
6711;-52,799999;-22,4
6712;-52,799999;-15,2
6713;-44,799999;-19,200001
6714;-52;-23,200001
6715;-51,200001;-24,799999
6716;-52;-26,4
6717;-48;-32,799999
6718;-49,599998;-47,200001
6719;-51,200001;-41,599998
6720;-48;-16,799999
6721;-48,799999;-16
6722;-48,799999;-20,799999
6723;-48;-24
6724;-48;-25,6
6725;-48,799999;-35,200001
6726;-48;-48
6727;-47,200001;-40
6728;-49,599998;-19,200001
6729;-48;-15,2
6730;-48;-20
6731;-45,599998;-24
6732;-53,599998;-31,200001
6733;-46,400002;-47,200001
6734;-45,599998;-47,200001
6735;-44,799999;-24,799999
6736;-43,200001;-16,799999
6737;-44,799999;-20,799999
6738;-44;-24
6739;-46,400002;-26,4
6740;-43,200001;-27,200001
6741;-42,400002;-32
6742;-41,599998;-47,200001
6743;-43,200001;-47,200001
6744;-41,599998;-20,799999
6745;-40,799999;-17,6
6746;-39,200001;-21,6
6747;-30,4;-25,6
6748;-37,599998;-26,4
6749;-36;-28
6750;-37,599998;-40,799999
6751;-36;-50,400002
6752;-36;-37,599998
6753;-33,599998;-18,4
6754;-26,4;-16
6755;-33,599998;-21,6
6756;-32;-24,799999
6757;-32;-26,4
6758;-30,4;-31,200001
6759;-28,799999;-47,200001
6760;-30,4;-46,400002
6761;-29,6;-24,799999
6762;-36,799999;-15,2
6763;-28;-20
6764;-28;-24,799999
6765;-25,6;-25,6
6766;-24,799999;-26,4
6767;-24,799999;-28
6768;-24,799999;-33,599998
6769;-32;-48
6770;-24;-45,599998
6771;-22,4;-22,4
6772;-22,4;-13,6
6773;-11,2;-17,6
6774;-22,4;-23,200001
6775;-21,6;-24,799999
6776;-22,4;-28,799999
6777;-18,4;-43,200001
6778;-21,6;-46,400002
6779;-20,799999;-20
6780;-20;-14,4
6781;-20;-19,200001
6782;-19,200001;-21,6
6783;-20;-24,799999
6784;-12;-34,400002
6785;-19,200001;-48
6786;-18,4;-38,400002
6787;-16,799999;-17,6
6788;-28;-14,4
6789;-15,2;-19,200001
6790;-16;-22,4
6791;-15,2;-24,799999
6792;-12;-24
6793;-13,6;-31,200001
6794;-13,6;-43,200001
6795;-13,6;-37,599998
6796;-12;-16
6797;-12;-11,2
6798;-11,2;-16
6799;-23,200001;-19,200001
6800;-10,4;-20,799999
6801;-10,4;-21,6
6802;-8,8;-27,200001
6803;-4,8;-42,400002
6804;-8,8;-40,799999
6805;-8;-19,200001
6806;-6,4;-10,4
6807;-8;-15,2
6808;-6,4;-18,4
6809;-4,8;-20,799999
6810;-5,6;-20,799999
6811;-4,8;-23,200001
6812;-4;-38,400002
6813;-3,2;-43,200001
6814;-4,8;-24
6815;-2,4;-8,8
6816;-2,4;-12
6817;-2,4;-16
6818;0,8;-18,4
6819;0;-19,200001
6820;-0,8;-22,4
6821;1,6;-37,599998
6822;-0,8;-41,599998
6823;2,4;-16
6824;2,4;-8
6825;4,8;-14,4
6826;4;-17,6
6827;5,6;-18,4
6828;5,6;-19,200001
6829;12;-27,200001
6830;8;-41,599998
6831;8,8;-36
6832;8,8;-13,6
6833;11,2;-9,6
6834;11,2;-6,4
6835;12;-11,2
6836;13,6;-17,6
6837;13,6;-33,599998
6838;13,6;-32,799999
6839;13,6;-12
6840;14,4;-2,4
6841;13,6;-6,4
6842;16;-11,2
6843;16;-12,8
6844;12;-13,6
6845;18,4;-15,2
6846;16,799999;-16,799999
6847;17,6;-29,6
6848;10,4;-37,599998
6849;19,200001;-20,799999
6850;20;-4
6851;20;-4
6852;21,6;-9,6
6853;21,6;-12,8
6854;20,799999;-13,6
6855;9,6;-8,8
6856;21,6;-23,200001
6857;22,4;-32
6858;22,4;-12,8
6859;22,4;3,2
6860;23,200001;1,6
6861;22,4;-3,2
6862;23,200001;-6,4
6863;26,4;-7,2
6864;24,799999;-8
6865;24,799999;-11,2
6866;24;-25,6
6867;26,4;-30,4
6868;26,4;-9,6
6869;25,6;4
6870;12,8;0,8
6871;27,200001;-4
6872;28;-6,4
6873;28;-8
6874;40;-8
6875;29,6;-8,8
6876;28;-6,4
6877;30,4;-20
6878;33,599998;-21,6
6879;30,4;0
6880;31,200001;12
6881;30,4;8
6882;31,200001;3,2
6883;31,200001;0
6884;31,200001;1,6
6885;53,599998;-1,6
6886;31,200001;-18,4
6887;31,200001;-23,200001
6888;31,200001;-5,6
6889;20;11,2
6890;34,400002;8,8
6891;33,599998;4
6892;32,799999;1,6
6893;30,4;0
6894;32,799999;-1,6
6895;34,400002;-15,2
6896;32,799999;-23,200001
6897;34,400002;-0,8
6898;32,799999;15,2
6899;33,599998;13,6
6900;20,799999;10,4
6901;34,400002;7,2
6902;34,400002;5,6
6903;33,599998;4
6904;35,200001;-8
6905;34,400002;-18,4
6906;35,200001;0,8
6907;35,200001;16,799999
6908;36,799999;13,6
6909;33,599998;8,8
6910;35,200001;7,2
6911;34,400002;5,6
6912;35,200001;0
6913;34,400002;-16
6914;34,400002;-14,4
6915;36,799999;8
6916;35,200001;16
6917;35,200001;13,6
6918;36;15,2
6919;33,599998;-1,6
6920;35,200001;-12
6921;34,400002;5,6
6922;35,200001;22,4
6923;33,599998;21,6
6924;36;16
6925;35,200001;12,8
6926;33,599998;12
6927;33,599998;12
6928;34,400002;1,6
6929;34,400002;-12
6930;33,599998;2,4
6931;33,599998;23,200001
6932;32,799999;20,799999
6933;32,799999;16
6934;30,4;13,6
6935;33,599998;12
6936;31,200001;9,6
6937;32;-7,2
6938;31,200001;-11,2
6939;32;12
6940;31,200001;27,200001
6941;31,200001;22,4
6942;31,200001;18,4
6943;31,200001;16,799999
6944;30,4;15,2
6945;30,4;8,8
6946;31,200001;-6,4
6947;32;-5,6
6948;31,200001;18,4
6949;28;26,4
6950;29,6;22,4
6951;32;17,6
6952;31,200001;16
6953;32,799999;15,2
6954;30,4;9,6
6955;31,200001;-6,4
6956;33,599998;-5,6
6957;30,4;17,6
6958;31,200001;25,6
6959;31,200001;24
6960;34,400002;20
6961;31,200001;2,4
6962;32;-4,8
6963;30,4;21,6
6964;36,799999;30,4
6965;30,4;25,6
6966;32;20,799999
6967;30,4;19,200001
6968;31,200001;12,8
6969;31,200001;-3,2
6970;32;-1,6
6971;40;21,6
6972;29,6;29,6
6973;30,4;25,6
6974;29,6;21,6
6975;26,4;19,200001
6976;28,799999;17,6
6977;29,6;4
6978;29,6;-6,4
6979;21,6;8,8
6980;28,799999;34,400002
6981;30,4;32,799999
6982;29,6;28
6983;29,6;24
6984;29,6;23,200001
6985;28,799999;22,4
6986;6,4;17,6
6987;28,799999;1,6
6988;28;1,6
6989;28,799999;24
6990;24;33,599998
6991;28;29,6
6992;28,799999;25,6
6993;28;23,200001
6994;29,6;22,4
6995;28,799999;20
6996;29,6;5,6
6997;28;-1,6
6998;29,6;16,799999
6999;29,6;32
7000;28;30,4
7001;31,200001;32
7002;28,799999;18,4
7003;27,200001;0,8
7004;27,200001;12
7005;24,799999;32,799999
7006;28;36
7007;27,200001;30,4
7008;28;27,200001
7009;31,200001;25,6
7010;28;24
7011;28;13,6
7012;28,799999;0,8
7013;27,200001;12
7014;26,4;33,599998
7015;28;35,200001
7016;32;30,4
7017;28;27,200001
7018;27,200001;25,6
7019;26,4;24
7020;28;22,4
7021;26,4;9,6
7022;26,4;4
7023;25,6;20
7024;23,200001;38,400002
7025;26,4;38,400002
7026;27,200001;33,599998
7027;27,200001;30,4
7028;27,200001;28,799999
7029;27,200001;27,200001
7030;28;11,2
7031;22,4;4
7032;28;24
7033;28;39,200001
7034;28;36,799999
7035;25,6;32,799999
7036;28;29,6
7037;26,4;28
7038;27,200001;27,200001
7039;29,6;24,799999
7040;27,200001;8,8
7041;28;3,2
7042;26,4;28
7043;25,6;46,400002
7044;25,6;43,200001
7045;27,200001;36,799999
7046;33,599998;34,400002
7047;25,6;34,400002
7048;26,4;32
7049;25,6;16,799999
7050;23,200001;9,6
7051;25,6;34,400002
7052;25,6;44,799999
7053;24,799999;41,599998
7054;26,4;36,799999
7055;24;34,400002
7056;24;32,799999
7057;24,799999;17,6
7058;23,200001;8,8
7059;24;32
7060;23,200001;45,599998
7061;25,6;40,799999
7062;25,6;36,799999
7063;23,200001;35,200001
7064;23,200001;33,599998
7065;27,200001;17,6
7066;23,200001;21,6
7067;22,4;48,799999
7068;22,4;51,200001
7069;24;44,799999
7070;23,200001;40,799999
7071;23,200001;39,200001
7072;43,200001;36,799999
7073;24;20
7074;24;15,2
7075;24,799999;36
7076;19,200001;50,400002
7077;24,799999;48
7078;28;42,400002
7079;25,6;40
7080;22,4;39,200001
7081;27,200001;38,400002
7082;26,4;26,4
7083;26,4;12,8
7084;25,6;32,799999
7085;26,4;51,200001
7086;27,200001;52
7087;4;46,400002
7088;27,200001;43,200001
7089;26,4;42,400002
7090;26,4;40
7091;38,400002;28
7092;26,4;16,799999
7093;26,4;32
7094;28;51,200001
7095;31,200001;52
7096;26,4;45,599998
7097;27,200001;42,400002
7098;28;40,799999
7099;28,799999;40,799999
7100;28,799999;37,599998
7101;28,799999;20,799999
7102;32,799999;19,200001
7103;28;40,799999
7104;28;52,799999
7105;28;49,599998
7106;17,6;44
7107;28,799999;37,599998
7108;28,799999;21,6
7109;28;20
7110;30,4;41,599998
7111;29,6;52
7112;28;48
7113;28;43,200001
7114;28,799999;41,599998
7115;28;40
7116;27,200001;30,4
7117;24,799999;16
7118;28;25,6
7119;28;47,200001
7120;28,799999;51,200001
7121;29,6;45,599998
7122;28;41,599998
7123;28;40,799999
7124;28;39,200001
7125;26,4;38,400002
7126;27,200001;36
7127;27,200001;19,200001
7128;26,4;16
7129;25,6;37,599998
7130;25,6;51,200001
7131;24,799999;46,400002
7132;20,799999;42,400002
7133;24;40,799999
7134;24,799999;39,200001
7135;24,799999;28
7136;20,799999;14,4
7137;24;30,4
7138;24,799999;50,400002
7139;24;48
7140;25,6;43,200001
7141;24;40
7142;23,200001;39,200001
7143;23,200001;35,200001
7144;23,200001;20
7145;24;14,4
7146;24;36,799999
7147;29,6;48
7148;24;44,799999
7149;23,200001;39,200001
7150;22,4;36,799999
7151;24,799999;36
7152;23,200001;33,599998
7153;23,200001;19,200001
7154;23,200001;10,4
7155;24;28,799999
7156;23,200001;45,599998
7157;23,200001;44,799999
7158;23,200001;40
7159;22,4;36
7160;23,200001;36
7161;24;33,599998
7162;25,6;18,4
7163;23,200001;10,4
7164;24;36
7165;24;46,400002
7166;14,4;40,799999
7167;23,200001;40
7168;21,6;24
7169;23,200001;8
7170;23,200001;5,6
7171;22,4;28,799999
7172;22,4;39,200001
7173;14,4;35,200001
7174;21,6;29,6
7175;20,799999;28,799999
7176;20,799999;26,4
7177;20,799999;24,799999
7178;21,6;12
7179;20;2,4
7180;20,799999;17,6
7181;26,4;36,799999
7182;19,200001;36,799999
7183;20,799999;32
7184;20,799999;28,799999
7185;20,799999;28
7186;20,799999;25,6
7187;20;11,2
7188;14,4;3,2
7189;20;17,6
7190;20,799999;30,4
7191;20,799999;27,200001
7192;19,200001;21,6
7193;18,4;19,200001
7194;19,200001;8,8
7195;19,200001;-6,4
7196;12;4,8
7197;18,4;26,4
7198;17,6;28,799999
7199;19,200001;24
7200;19,200001;20,799999
7201;19,200001;18,4
7202;19,200001;18,4
7203;21,6;12
7204;17,6;-4
7205;17,6;0
7206;17,6;27,200001
7207;8,8;29,6
7208;18,4;22,4
7209;17,6;12
7210;16,799999;-1,6
7211;14,4;-13,6
7212;16,799999;-3,2
7213;16;18,4
7214;15,2;20
7215;14,4;14,4
7216;14,4;12
7217;15,2;9,6
7218;11,2;9,6
7219;14,4;8
7220;15,2;-5,6
7221;13,6;-15,2
7222;15,2;-0,8
7223;13,6;19,200001
7224;12,8;19,200001
7225;13,6;13,6
7226;17,6;10,4
7227;12;9,6
7228;12,8;9,6
7229;13,6;-3,2
7230;13,6;-19,200001
7231;13,6;-9,6
7232;12,8;12
7233;16;13,6
7234;11,2;9,6
7235;11,2;5,6
7236;12;5,6
7237;12;4,8
7238;12;-4
7239;11,2;-17,6
7240;9,6;-17,6
7241;7,2;5,6
7242;9,6;15,2
7243;9,6;11,2
7244;9,6;7,2
7245;8;4,8
7246;7,2;4
7247;7,2;-8
7248;10,4;-20
7249;7,2;-6,4
7250;7,2;15,2
7251;4,8;8
7252;4,8;3,2
7253;4,8;-4,8
7254;3,2;-21,6
7255;3,2;-23,200001
7256;3,2;0
7257;1,6;10,4
7258;0,8;5,6
7259;0;0,8
7260;-0,8;-0,8
7261;0;-2,4
7262;-1,6;-8
7263;-6,4;-23,200001
7264;-1,6;-20
7265;-3,2;6,4
7266;-4;8,8
7267;-12;4
7268;-4,8;-0,8
7269;-4,8;-1,6
7270;-6,4;-12,8
7271;-5,6;-25,6
7272;-6,4;-16
7273;-7,2;4
7274;-17,6;4,8
7275;-7,2;0
7276;-7,2;-3,2
7277;-8;-4
7278;-8,8;-8
7279;-9,6;-22,4
7280;-9,6;-28
7281;-11,2;-2,4
7282;-5,6;6,4
7283;-12,8;2,4
7284;-13,6;-2,4
7285;-13,6;-4
7286;-13,6;-5,6
7287;-14,4;-20
7288;-16;-28,799999
7289;-11,2;-6,4
7290;-16,799999;6,4
7291;-16,799999;2,4
7292;-17,6;0
7293;-17,6;-12
7294;-17,6;-28
7295;-19,200001;-30,4
7296;-20,799999;-9,6
7297;-23,200001;3,2
7298;-20;-0,8
7299;-21,6;-5,6
7300;-23,200001;-8
7301;-21,6;-8,8
7302;-24;-19,200001
7303;-23,200001;-32
7304;-32,799999;-21,6
7305;-26,4;-0,8
7306;-27,200001;1,6
7307;-26,4;-3,2
7308;-36;-7,2
7309;-27,200001;-8,8
7310;-29,6;-9,6
7311;-30,4;-23,200001
7312;-28;-34,400002
7313;-31,200001;-15,2
7314;-32;-2,4
7315;-31,200001;-4
7316;-32;-9,6
7317;-32;-12
7318;-33,599998;-12,8
7319;-28,799999;-15,2
7320;-33,599998;-28,799999
7321;-35,200001;-36,799999
7322;-35,200001;-13,6
7323;-30,4;-2,4
7324;-36,799999;-5,6
7325;-38,400002;-10,4
7326;-38,400002;-12
7327;-36;-16
7328;-39,200001;-32
7329;-40,799999;-35,200001
7330;-42,400002;-8
7331;-42,400002;-1,6
7332;-43,200001;-7,2
7333;-43,200001;-11,2
7334;-40,799999;-16,799999
7335;-44,799999;-33,599998
7336;-46,400002;-43,200001
7337;-46,400002;-29,6
7338;-48,799999;-10,4
7339;-46,400002;-9,6
7340;-48;-14,4
7341;-48,799999;-18,4
7342;-52;-20
7343;-48,799999;-20
7344;-50,400002;-25,6
7345;-51,200001;-40,799999
7346;-50,400002;-37,599998
7347;-52;-12
7348;-50,400002;-9,6
7349;-54,400002;-13,6
7350;-52;-18,4
7351;-52,799999;-20
7352;-53,599998;-21,6
7353;-56;-35,200001
7354;-54,400002;-42,400002
7355;-54,400002;-23,200001
7356;-54,400002;-12
7357;-54,400002;-16,799999
7358;-56;-21,6
7359;-56;-22,4
7360;-56;-24
7361;-56,799999;-38,400002
7362;-56,799999;-47,200001
7363;-56,799999;-30,4
7364;-53,599998;-12,8
7365;-57,599998;-14,4
7366;-56,799999;-19,200001
7367;-58,400002;-21,6
7368;-64;-23,200001
7369;-58,400002;-30,4
7370;-59,200001;-45,599998
7371;-58,400002;-39,200001
7372;-59,200001;-17,6
7373;-60;-12
7374;-60;-16,799999
7375;-59,200001;-20,799999
7376;-62,400002;-28
7377;-60,799999;-44
7378;-60,799999;-49,599998
7379;-61,599998;-31,200001
7380;-60;-16
7381;-61,599998;-18,4
7382;-61,599998;-24
7383;-61,599998;-26,4
7384;-62,400002;-27,200001
7385;-62,400002;-28
7386;-60,799999;-36,799999
7387;-60,799999;-49,599998
7388;-62,400002;-42,400002
7389;-60,799999;-21,6
7390;-70,400002;-16
7391;-62,400002;-20,799999
7392;-60,799999;-24,799999
7393;-60;-26,4
7394;-67,199997;-27,200001
7395;-61,599998;-30,4
7396;-61,599998;-44,799999
7397;-60,799999;-52,799999
7398;-55,200001;-32
7399;-60;-19,200001
7400;-60;-21,6
7401;-59,200001;-26,4
7402;-57,599998;-28,799999
7403;-59,200001;-29,6
7404;-59,200001;-40
7405;-71,199997;-52,799999
7406;-59,200001;-43,200001
7407;-57,599998;-22,4
7408;-57,599998;-19,200001
7409;-53,599998;-24,799999
7410;-56,799999;-27,200001
7411;-57,599998;-28,799999
7412;-58,400002;-29,6
7413;-60;-32
7414;-57,599998;-43,200001
7415;-57,599998;-53,599998
7416;-57,599998;-38,400002
7417;-56,799999;-18,4
7418;-57,599998;-20,799999
7419;-56,799999;-26,4
7420;-36,799999;-29,6
7421;-55,200001;-30,4
7422;-56;-35,200001
7423;-56,799999;-50,400002
7424;-64,800003;-50,400002
7425;-54,400002;-23,200001
7426;-53,599998;-20
7427;-52,799999;-25,6
7428;-54,400002;-28,799999
7429;-51,200001;-29,6
7430;-50,400002;-30,4
7431;-48,799999;-41,599998
7432;-48,799999;-53,599998
7433;-48,799999;-43,200001
7434;-48;-22,4
7435;-58,400002;-19,200001
7436;-46,400002;-24,799999
7437;-46,400002;-28,799999
7438;-45,599998;-28,799999
7439;-39,200001;-37,599998
7440;-44;-51,200001
7441;-44;-44,799999
7442;-42,400002;-22,4
7443;-40,799999;-17,6
7444;-41,599998;-23,200001
7445;-40,799999;-26,4
7446;-40,799999;-28,799999
7447;-40;-30,4
7448;-39,200001;-45,599998
7449;-38,400002;-52
7450;-36;-32
7451;-37,599998;-18,4
7452;-38,400002;-20,799999
7453;-36,799999;-24,799999
7454;-35,200001;-27,200001
7455;-36;-28,799999
7456;-36;-29,6
7457;-35,200001;-30,4
7458;-37,599998;-45,599998
7459;-33,599998;-48,799999
7460;-34,400002;-33,599998
7461;-32,799999;-15,2
7462;-31,200001;-16,799999
7463;-32,799999;-20,799999
7464;-31,200001;-24,799999
7465;-30,4;-24,799999
7466;-29,6;-33,599998
7467;-29,6;-48
7468;-28,799999;-37,599998
7469;-28;-15,2
7470;-26,4;-16,799999
7471;-26,4;-21,6
7472;-26,4;-24
7473;-24,799999;-25,6
7474;-25,6;-28
7475;-24;-42,400002
7476;-24;-48
7477;-24;-22,4
7478;-23,200001;-15,2
7479;-21,6;-19,200001
7480;-25,6;-18,4
7481;-20;-32
7482;-20,799999;-44,799999
7483;-20;-33,599998
7484;-26,4;-13,6
7485;-18,4;-11,2
7486;-18,4;-16,799999
7487;-17,6;-20,799999
7488;-16;-21,6
7489;-16;-24
7490;-16;-40
7491;-25,6;-44,799999
7492;-16;-24
7493;-14,4;-10,4
7494;-13,6;-13,6
7495;-14,4;-17,6
7496;-13,6;-20,799999
7497;-13,6;-21,6
7498;-11,2;-22,4
7499;-7,2;-25,6
7500;-11,2;-40,799999
7501;-10,4;-39,200001
7502;-10,4;-18,4
7503;-9,6;-5,6
7504;-8;-8
7505;-8,8;-13,6
7506;-10,4;-16
7507;-8;-16,799999
7508;-7,2;-19,200001
7509;-5,6;-35,200001
7510;-2,4;-38,400002
7511;-5,6;-17,6
7512;-4,8;-5,6
7513;-4;-9,6
7514;-6,4;-12,8
7515;-2,4;-15,2
7516;-2,4;-16,799999
7517;-0,8;-17,6
7518;0;-32
7519;0;-40
7520;0,8;-23,200001
7521;6,4;-5,6
7522;2,4;-1,6
7523;2,4;-7,2
7524;2,4;-16
7525;-6,4;-32
7526;4;-28
7527;4;-5,6
7528;4;0
7529;0,8;-6,4
7530;4;-9,6
7531;4,8;-9,6
7532;6,4;-11,2
7533;6,4;-12,8
7534;6,4;-25,6
7535;7,2;-35,200001
7536;1,6;-12
7537;8,8;0,8
7538;8,8;-4
7539;9,6;-8
7540;12;-10,4
7541;9,6;-12
7542;10,4;-10,4
7543;11,2;-19,200001
7544;15,2;-32
7545;12;-25,6
7546;12;-3,2
7547;13,6;1,6
7548;13,6;-3,2
7549;13,6;-7,2
7550;13,6;-8,8
7551;19,200001;-10,4
7552;16;-10,4
7553;16;-19,200001
7554;17,6;-32
7555;19,200001;-24
7556;18,4;-2,4
7557;19,200001;2,4
7558;20;-3,2
7559;20;-7,2
7560;20,799999;-8,8
7561;22,4;-10,4
7562;21,6;-11,2
7563;22,4;-10,4
7564;23,200001;-21,6
7565;24;-30,4
7566;25,6;-18,4
7567;24,799999;2,4
7568;24,799999;3,2
7569;25,6;-2,4
7570;24;-4,8
7571;24,799999;-7,2
7572;25,6;-8,8
7573;26,4;-24
7574;27,200001;-30,4
7575;26,4;-11,2
7576;28;4
7577;26,4;2,4
7578;26,4;-3,2
7579;28;-5,6
7580;28;-7,2
7581;26,4;-11,2
7582;28;-26,4
7583;28;-28,799999
7584;27,200001;-5,6
7585;28;9,6
7586;28;5,6
7587;29,6;-0,8
7588;29,6;-1,6
7589;30,4;-2,4
7590;30,4;-7,2
7591;30,4;-22,4
7592;34,400002;-24
7593;29,6;3,2
7594;30,4;8,8
7595;31,200001;2,4
7596;34,400002;-1,6
7597;32;-2,4
7598;32,799999;-4,8
7599;31,200001;-19,200001
7600;38,400002;-26,4
7601;32;-8,8
7602;32;8
7603;32;5,6
7604;32;0
7605;32;4
7606;32;-11,2
7607;51,200001;-23,200001
7608;32,799999;-4,8
7609;33,599998;12,8
7610;32,799999;9,6
7611;25,6;4
7612;31,200001;2,4
7613;32,799999;0,8
7614;33,599998;-9,6
7615;24,799999;-21,6
7616;32,799999;-10,4
7617;32,799999;12
7618;32,799999;10,4
7619;33,599998;5,6
7620;32,799999;2,4
7621;31,200001;-1,6
7622;8;-16,799999
7623;32;-22,4
7624;33,599998;-3,2
7625;32,799999;12
7626;33,599998;17,6
7627;35,200001;12
7628;34,400002;6,4
7629;35,200001;-11,2
7630;38,400002;-14,4
7631;33,599998;13,6
7632;34,400002;19,200001
7633;35,200001;13,6
7634;35,200001;10,4
7635;34,400002;8
7636;34,400002;3,2
7637;50,400002;-13,6
7638;34,400002;-13,6
7639;34,400002;8,8
7640;35,200001;19,200001
7641;25,6;15,2
7642;33,599998;10,4
7643;34,400002;8
7644;35,200001;8
7645;34,400002;-2,4
7646;33,599998;-16,799999
7647;32,799999;0
7648;32,799999;20,799999
7649;32,799999;26,4
7650;33,599998;21,6
7651;32,799999;17,6
7652;36;16
7653;33,599998;14,4
7654;32,799999;13,6
7655;32,799999;-0,8
7656;32;-9,6
7657;32;8
7658;30,4;25,6
7659;32;24,799999
7660;28;19,200001
7661;30,4;16,799999
7662;30,4;15,2
7663;30,4;14,4
7664;30,4;0,8
7665;31,200001;-9,6
7666;29,6;5,6
7667;25,6;26,4
7668;29,6;32
7669;28,799999;27,200001
7670;29,6;23,200001
7671;28;22,4
7672;29,6;14,4
7673;28,799999;-0,8
7674;30,4;6,4
7675;31,200001;31,200001
7676;28,799999;31,200001
7677;30,4;26,4
7678;30,4;23,200001
7679;29,6;21,6
7680;30,4;20
7681;30,4;4,8
7682;33,599998;-3,2
7683;30,4;16
7684;28,799999;32,799999
7685;30,4;31,200001
7686;22,4;26,4
7687;28,799999;21,6
7688;30,4;23,200001
7689;30,4;18,4
7690;32;5,6
7691;29,6;13,6
7692;29,6;36
7693;31,200001;39,200001
7694;28,799999;34,400002
7695;29,6;31,200001
7696;29,6;28,799999
7697;32,799999;18,4
7698;30,4;4
7699;29,6;15,2
7700;30,4;36,799999
7701;30,4;39,200001
7702;29,6;34,400002
7703;30,4;29,6
7704;29,6;28
7705;30,4;28,799999
7706;28,799999;25,6
7707;28,799999;7,2
7708;38,400002;4
7709;28,799999;36
7710;28;45,599998
7711;28,799999;41,599998
7712;23,200001;36
7713;29,6;34,400002
7714;29,6;32,799999
7715;28,799999;30,4
7716;26,4;15,2
7717;29,6;9,6
7718;29,6;30,4
7719;29,6;44
7720;29,6;41,599998
7721;29,6;37,599998
7722;28,799999;34,400002
7723;7,2;33,599998
7724;29,6;32
7725;27,200001;25,6
7726;27,200001;10,4
7727;40;15,2
7728;28;37,599998
7729;27,200001;43,200001
7730;26,4;44
7731;29,6;39,200001
7732;28;34,400002
7733;27,200001;18,4
7734;26,4;13,6
7735;25,6;40,799999
7736;25,6;48
7737;25,6;43,200001
7738;27,200001;39,200001
7739;25,6;36
7740;24,799999;35,200001
7741;25,6;21,6
7742;24,799999;11,2
7743;25,6;27,200001
7744;24,799999;46,400002
7745;24,799999;46,400002
7746;28,799999;40,799999
7747;25,6;37,599998
7748;25,6;36,799999
7749;25,6;35,200001
7750;24,799999;36
7751;26,4;33,599998
7752;25,6;17,6
7753;28,799999;12,8
7754;25,6;34,400002
7755;25,6;48
7756;24,799999;45,599998
7757;24,799999;40,799999
7758;25,6;36,799999
7759;24,799999;36,799999
7760;24,799999;32,799999
7761;23,200001;16,799999
7762;24,799999;13,6
7763;25,6;37,599998
7764;26,4;48
7765;24,799999;43,200001
7766;24;41,599998
7767;24,799999;37,599998
7768;20;36,799999
7769;26,4;34,400002
7770;24,799999;18,4
7771;23,200001;12,8
7772;23,200001;34,400002
7773;23,200001;48
7774;24;45,599998
7775;23,200001;40,799999
7776;26,4;38,400002
7777;24;36
7778;24;21,6
7779;23,200001;12,8
7780;24;36
7781;24,799999;48,799999
7782;26,4;44,799999
7783;31,200001;40
7784;24,799999;37,599998
7785;26,4;36,799999
7786;24;35,200001
7787;27,200001;24,799999
7788;26,4;12
7789;26,4;24
7790;25,6;45,599998
7791;25,6;47,200001
7792;26,4;42,400002
7793;27,200001;37,599998
7794;27,200001;20,799999
7795;26,4;12
7796;27,200001;29,6
7797;28;46,400002
7798;25,6;45,599998
7799;28,799999;40
7800;26,4;36,799999
7801;28,799999;36
7802;20;34,400002
7803;27,200001;27,200001
7804;28,799999;12,8
7805;27,200001;17,6
7806;28;40
7807;27,200001;46,400002
7808;26,4;41,599998
7809;27,200001;38,400002
7810;26,4;35,200001
7811;27,200001;35,200001
7812;28;33,599998
7813;26,4;34,400002
7814;27,200001;20,799999
7815;27,200001;10,4
7816;27,200001;20,799999
7817;24,799999;42,400002
7818;27,200001;44,799999
7819;25,6;39,200001
7820;26,4;36
7821;26,4;34,400002
7822;25,6;34,400002
7823;25,6;32
7824;3,2;16,799999
7825;25,6;8,8
7826;26,4;28
7827;25,6;44,799999
7828;40;43,200001
7829;28;37,599998
7830;28;35,200001
7831;28,799999;34,400002
7832;28,799999;32,799999
7833;27,200001;19,200001
7834;26,4;10,4
7835;26,4;22,4
7836;26,4;44
7837;28;44,799999
7838;27,200001;40
7839;46,400002;36,799999
7840;27,200001;34,400002
7841;28;33,599998
7842;28;32,799999
7843;16;18,4
7844;26,4;8,8
7845;25,6;31,200001
7846;26,4;45,599998
7847;25,6;41,599998
7848;24;36,799999
7849;25,6;35,200001
7850;25,6;33,599998
7851;24;32,799999
7852;24;18,4
7853;24,799999;8,8
7854;10,4;24,799999
7855;23,200001;43,200001
7856;23,200001;41,599998
7857;23,200001;36,799999
7858;22,4;33,599998
7859;22,4;32
7860;22,4;24,799999
7861;22,4;9,6
7862;21,6;12,8
7863;23,200001;35,200001
7864;21,6;43,200001
7865;23,200001;39,200001
7866;20,799999;34,400002
7867;22,4;32
7868;21,6;31,200001
7869;15,2;30,4
7870;20,799999;14,4
7871;21,6;6,4
7872;21,6;25,6
7873;21,6;41,599998
7874;20,799999;40
7875;20,799999;35,200001
7876;21,6;29,6
7877;24;14,4
7878;21,6;3,2
7879;21,6;20,799999
7880;22,4;39,200001
7881;20,799999;36
7882;22,4;32,799999
7883;21,6;30,4
7884;24;28
7885;21,6;18,4
7886;20,799999;4,8
7887;20,799999;12,8
7888;20,799999;35,200001
7889;23,200001;38,400002
7890;21,6;32,799999
7891;22,4;29,6
7892;22,4;28
7893;20,799999;27,200001
7894;20,799999;16
7895;23,200001;3,2
7896;20;18,4
7897;20;34,400002
7898;20;30,4
7899;20;24,799999
7900;20;22,4
7901;20,799999;20
7902;19,200001;5,6
7903;20,799999;-3,2
7904;20;21,6
7905;17,6;33,599998
7906;19,200001;28,799999
7907;20,799999;24,799999
7908;19,200001;21,6
7909;19,200001;13,6
7910;38,400002;-1,6
7911;18,4;5,6
7912;19,200001;31,200001
7913;19,200001;31,200001
7914;10,4;26,4
7915;19,200001;22,4
7916;17,6;18,4
7917;19,200001;2,4
7918;9,6;-8,8
7919;18,4;11,2
7920;19,200001;26,4
7921;17,6;24
7922;19,200001;18,4
7923;19,200001;16
7924;17,6;14,4
7925;-4;3,2
7926;16;-9,6
7927;16;1,6
7928;16;22,4
7929;27,200001;25,6
7930;14,4;20
7931;13,6;16,799999
7932;14,4;14,4
7933;15,2;8,8
7934;12;-7,2
7935;12,8;-4
7936;13,6;22,4
7937;10,4;23,200001
7938;10,4;20,799999
7939;10,4;7,2
7940;27,200001;-9,6
7941;10,4;-15,2
7942;9,6;3,2
7943;9,6;19,200001
7944;6,4;16
7945;8;11,2
7946;7,2;8,8
7947;8,8;6,4
7948;6,4;-3,2
7949;7,2;-16,799999
7950;7,2;-8
7951;7,2;15,2
7952;7,2;18,4
7953;7,2;12,8
7954;6,4;9,6
7955;0,8;7,2
7956;4,8;6,4
7957;5,6;-8
7958;4,8;-18,4
7959;8,8;0,8
7960;4,8;9,6
7961;4;8
7962;2,4;2,4
7963;2,4;0
7964;1,6;-0,8
7965;1,6;-8
7966;2,4;-22,4
7967;1,6;-18,4
7968;0,8;8
7969;0;9,6
7970;-5,6;4
7971;-2,4;0,8
7972;-2,4;-0,8
7973;-4;-12
7974;-2,4;-24,799999
7975;-4;-14,4
7976;-5,6;7,2
7977;-5,6;9,6
7978;-4,8;4,8
7979;-8;0
7980;-8;-8
7981;-8,8;-21,6
7982;-10,4;-32
7983;-9,6;-16,799999
7984;-11,2;0,8
7985;-4;1,6
7986;-11,2;-4
7987;-13,6;-7,2
7988;-12,8;-8
7989;-11,2;-9,6
7990;-15,2;-19,200001
7991;-14,4;-31,200001
7992;-16;-18,4
7993;-16,799999;2,4
7994;-16,799999;0
7995;-17,6;-5,6
7996;-18,4;-7,2
7997;-20,799999;-8,8
7998;-19,200001;-16
7999;-20;-30,4
8000;-25,6;-24,799999
8001;-20,799999;-10,4
8002;-21,6;-5,6
8003;-22,4;-10,4
8004;-28;-14,4
8005;-24,799999;-16
8006;-24;-16,799999
8007;-25,6;-29,6
8008;-24,799999;-39,200001
8009;-26,4;-25,6
8010;-27,200001;-6,4
8011;-38,400002;-6,4
8012;-29,6;-12
8013;-29,6;-14,4
8014;-30,4;-16
8015;-34,400002;-16,799999
8016;-31,200001;-17,6
8017;-32,799999;-31,200001
8018;-32,799999;-40
8019;-32;-23,200001
8020;-35,200001;-5,6
8021;-35,200001;-6,4
8022;-36,799999;-16
8023;-34,400002;-19,200001
8024;-37,599998;-30,4
8025;-37,599998;-44
8026;-41,599998;-33,599998
8027;-37,599998;-13,6
8028;-39,200001;-10,4
8029;-38,400002;-16
8030;-26,4;-18,4
8031;-39,200001;-20
8032;-39,200001;-20,799999
8033;-39,200001;-32
8034;-39,200001;-44
8035;-41,599998;-28,799999
8036;-41,599998;-9,6
8037;-42,400002;-12,8
8038;-42,400002;-16,799999
8039;-42,400002;-20
8040;-44;-21,6
8041;-25,6;-34,400002
8042;-44,799999;-43,200001
8043;-45,599998;-28
8044;-45,599998;-12
8045;-55,200001;-14,4
8046;-46,400002;-18,4
8047;-47,200001;-20,799999
8048;-48;-22,4
8049;-51,200001;-24
8050;-49,599998;-39,200001
8051;-50,400002;-45,599998
8052;-51,200001;-27,200001
8053;-52;-12
8054;-52;-13,6
8055;-54,400002;-18,4
8056;-60,799999;-20,799999
8057;-52,799999;-21,6
8058;-55,200001;-23,200001
8059;-55,200001;-39,200001
8060;-53,599998;-45,599998
8061;-55,200001;-28
8062;-56;-12,8
8063;-56,799999;-12
8064;-59,200001;-19,200001
8065;-58,400002;-23,200001
8066;-57,599998;-36,799999
8067;-59,200001;-48
8068;-57,599998;-27,200001
8069;-58,400002;-12,8
8070;-60;-16,799999
8071;-64,800003;-20,799999
8072;-59,200001;-23,200001
8073;-60;-24
8074;-59,200001;-28,799999
8075;-59,200001;-43,200001
8076;-59,200001;-44,799999
8077;-58,400002;-23,200001
8078;-59,200001;-12,8
8079;-56,799999;-16
8080;-59,200001;-20
8081;-59,200001;-22,4
8082;-59,200001;-24
8083;-58,400002;-25,6
8084;-59,200001;-24,799999
8085;-60;-40
8086;-53,599998;-48,799999
8087;-60;-32,799999
8088;-59,200001;-15,2
8089;-60;-16
8090;-58,400002;-20
8091;-58,400002;-24
8092;-59,200001;-24,799999
8093;-57,599998;-25,6
8094;-58,400002;-28
8095;-59,200001;-43,200001
8096;-58,400002;-46,400002
8097;-57,599998;-25,6
8098;-58,400002;-13,6
8099;-58,400002;-16,799999
8100;-57,599998;-21,6
8101;-56,799999;-23,200001
8102;-56,799999;-24,799999
8103;-56,799999;-24,799999
8104;-58,400002;-36,799999
8105;-61,599998;-48,799999
8106;-55,200001;-36,799999
8107;-56;-16,799999
8108;-56;-15,2
8109;-54,400002;-19,200001
8110;-54,400002;-22,4
8111;-54,400002;-24,799999
8112;-36;-35,200001
8113;-55,200001;-48
8114;-53,599998;-36,799999
8115;-54,400002;-16,799999
8116;-59,200001;-15,2
8117;-52;-20
8118;-54,400002;-21,6
8119;-52,799999;-23,200001
8120;-54,400002;-24,799999
8121;-53,599998;-25,6
8122;-51,200001;-37,599998
8123;-52;-48
8124;-50,400002;-31,200001
8125;-52;-13,6
8126;-52;-16,799999
8127;-75,199997;-22,4
8128;-52,799999;-28,799999
8129;-52,799999;-44
8130;-52;-46,400002
8131;-39,200001;-25,6
8132;-50,400002;-14,4
8133;-52;-17,6
8134;-50,400002;-22,4
8135;-48;-24,799999
8136;-49,599998;-25,6
8137;-49,599998;-26,4
8138;-50,400002;-40,799999
8139;-49,599998;-48,799999
8140;-48,799999;-26,4
8141;-49,599998;-14,4
8142;-35,200001;-17,6
8143;-46,400002;-22,4
8144;-46,400002;-24
8145;-45,599998;-26,4
8146;-57,599998;-38,400002
8147;-44,799999;-50,400002
8148;-44,799999;-36
8149;-44,799999;-17,6
8150;-42,400002;-17,6
8151;-44;-22,4
8152;-43,200001;-25,6
8153;-41,599998;-27,200001
8154;-40;-32
8155;-39,200001;-48
8156;-40;-45,599998
8157;-52;-19,200001
8158;-37,599998;-16,799999
8159;-36,799999;-21,6
8160;-37,599998;-24,799999
8161;-34,400002;-26,4
8162;-34,400002;-30,4
8163;-34,400002;-45,599998
8164;-34,400002;-48,799999
8165;-33,599998;-28
8166;-32,799999;-17,6
8167;-32;-17,6
8168;-31,200001;-24
8169;-31,200001;-27,200001
8170;-29,6;-42,400002
8171;-30,4;-50,400002
8172;-30,4;-27,200001
8173;-28,799999;-16,799999
8174;-28,799999;-20
8175;-28;-24,799999
8176;-27,200001;-26,4
8177;-26,4;-28
8178;-27,200001;-29,6
8179;-26,4;-44,799999
8180;-24,799999;-50,400002
8181;-25,6;-31,200001
8182;-24,799999;-16,799999
8183;-24;-19,200001
8184;-24,799999;-24
8185;-24;-25,6
8186;-23,200001;-27,200001
8187;-16;-33,599998
8188;-22,4;-47,200001
8189;-22,4;-46,400002
8190;-20,799999;-24
8191;-21,6;-15,2
8192;-21,6;-18,4
8193;-20;-22,4
8194;-19,200001;-24,799999
8195;-16,799999;-25,6
8196;-18,4;-30,4
8197;-16,799999;-45,599998
8198;-16,799999;-45,599998
8199;-17,6;-24
8200;-15,2;-14,4
8201;-16;-18,4
8202;-19,200001;-23,200001
8203;-14,4;-24,799999
8204;-15,2;-24,799999
8205;-13,6;-30,4
8206;-20,799999;-46,400002
8207;-12;-42,400002
8208;-12;-18,4
8209;-11,2;-14,4
8210;-11,2;-16
8211;-10,4;-20
8212;-11,2;-33,599998
8213;-20;-44,799999
8214;-10,4;-31,200001
8215;-8,8;-12
8216;-8;-12
8217;-8,8;-16
8218;-6,4;-19,200001
8219;-8;-20,799999
8220;-7,2;-31,200001
8221;-0,8;-44
8222;-5,6;-33,599998
8223;-4,8;-13,6
8224;-4,8;-10,4
8225;-3,2;-15,2
8226;-3,2;-19,200001
8227;-1,6;-20
8228;0;-27,200001
8229;0;-43,200001
8230;2,4;-32
8231;1,6;-16,799999
8232;13,6;-8,8
8233;4,8;-11,2
8234;3,2;-14,4
8235;3,2;-15,2
8236;6,4;-16,799999
8237;5,6;-17,6
8238;7,2;-20
8239;7,2;-35,200001
8240;9,6;-38,400002
8241;8,8;-20
8242;8,8;-6,4
8243;16,799999;-8,8
8244;10,4;-13,6
8245;10,4;-16
8246;11,2;-16
8247;0;-17,6
8248;13,6;-32
8249;12;-40,799999
8250;12,8;-17,6
8251;9,6;2,4
8252;12,8;-2,4
8253;14,4;-7,2
8254;15,2;-9,6
8255;16;-12,8
8256;15,2;-28
8257;16;-32
8258;7,2;-11,2
8259;16;2,4
8260;16,799999;-1,6
8261;17,6;-5,6
8262;24;-8,8
8263;18,4;-10,4
8264;19,200001;-24
8265;20;-33,599998
8266;24;-17,6
8267;20,799999;0,8
8268;21,6;0
8269;21,6;-4,8
8270;21,6;-8
8271;23,200001;-8,8
8272;23,200001;-7,2
8273;25,6;-23,200001
8274;24,799999;-24
8275;25,6;-2,4
8276;26,4;8,8
8277;27,200001;4,8
8278;26,4;0
8279;26,4;-2,4
8280;27,200001;-2,4
8281;28;-8
8282;28,799999;-23,200001
8283;28,799999;-23,200001
8284;28,799999;3,2
8285;28;8
8286;28,799999;2,4
8287;28;-1,6
8288;35,200001;-3,2
8289;32;-4
8290;29,6;-12,8
8291;32;-27,200001
8292;31,200001;-13,6
8293;32;13,6
8294;31,200001;11,2
8295;32;6,4
8296;31,200001;3,2
8297;32,799999;0,8
8298;33,599998;-14,4
8299;32,799999;-22,4
8300;32;-3,2
8301;33,599998;13,6
8302;33,599998;11,2
8303;30,4;6,4
8304;33,599998;3,2
8305;33,599998;2,4
8306;33,599998;-5,6
8307;32;-20,799999
8308;34,400002;-14,4
8309;32,799999;8,8
8310;33,599998;14,4
8311;35,200001;8,8
8312;34,400002;3,2
8313;35,200001;4,8
8314;28,799999;-0,8
8315;33,599998;-14,4
8316;35,200001;-9,6
8317;36;13,6
8318;35,200001;18,4
8319;35,200001;14,4
8320;35,200001;9,6
8321;36;8,8
8322;36,799999;7,2
8323;36;-7,2
8324;36,799999;-16,799999
8325;35,200001;-2,4
8326;36;16,799999
8327;32,799999;17,6
8328;35,200001;12,8
8329;28,799999;8,8
8330;33,599998;7,2
8331;33,599998;7,2
8332;34,400002;4
8333;45,599998;-12,8
8334;34,400002;-12,8
8335;32;11,2
8336;32;21,6
8337;28,799999;16,799999
8338;32;12,8
8339;32,799999;12
8340;32;9,6
8341;32;-5,6
8342;32;-13,6
8343;31,200001;4
8344;53,599998;21,6
8345;32;20
8346;32,799999;14,4
8347;32;12,8
8348;23,200001;12
8349;33,599998;10,4
8350;32;2,4
8351;32,799999;-12
8352;28,799999;-8
8353;32;15,2
8354;31,200001;21,6
8355;32;24
8356;30,4;19,200001
8357;31,200001;8,8
8358;32,799999;-6,4
8359;18,4;-1,6
8360;31,200001;21,6
8361;32,799999;26,4
8362;32;22,4
8363;36,799999;17,6
8364;32;16
8365;31,200001;15,2
8366;31,200001;12,8
8367;35,200001;-3,2
8368;32;-8
8369;31,200001;13,6
8370;31,200001;27,200001
8371;32;24
8372;30,4;19,200001
8373;31,200001;16,799999
8374;36;15,2
8375;30,4;15,2
8376;30,4;16
8377;29,6;0
8378;32;-3,2
8379;30,4;25,6
8380;28,799999;32
8381;30,4;26,4
8382;28,799999;22,4
8383;29,6;20,799999
8384;28,799999;14,4
8385;28,799999;-2,4
8386;29,6;0
8387;28,799999;23,200001
8388;28,799999;31,200001
8389;26,4;26,4
8390;29,6;22,4
8391;29,6;20,799999
8392;29,6;19,200001
8393;27,200001;18,4
8394;29,6;12,8
8395;28,799999;-3,2
8396;30,4;0,8
8397;30,4;28,799999
8398;28,799999;36
8399;29,6;29,6
8400;28;26,4
8401;26,4;24,799999
8402;28,799999;23,200001
8403;28,799999;8
8404;26,4;-0,8
8405;30,4;17,6
8406;28;35,200001
8407;28,799999;32,799999
8408;22,4;28
8409;28,799999;26,4
8410;28,799999;24,799999
8411;26,4;21,6
8412;29,6;19,200001
8413;27,200001;4
8414;28,799999;0
8415;28;21,6
8416;27,200001;34,400002
8417;28;32,799999
8418;28;32,799999
8419;26,4;29,6
8420;27,200001;18,4
8421;27,200001;4,8
8422;26,4;16,799999
8423;35,200001;39,200001
8424;26,4;36,799999
8425;26,4;32
8426;27,200001;29,6
8427;28;28
8428;28,799999;27,200001
8429;28,799999;21,6
8430;33,599998;5,6
8431;28;7,2
8432;28,799999;31,200001
8433;28;39,200001
8434;19,200001;35,200001
8435;29,6;30,4
8436;28,799999;28
8437;28;26,4
8438;20;28
8439;28,799999;20
8440;28,799999;8,8
8441;28;19,200001
8442;28;40,799999
8443;29,6;43,200001
8444;28;38,400002
8445;19,200001;34,400002
8446;26,4;32,799999
8447;27,200001;31,200001
8448;27,200001;31,200001
8449;24,799999;23,200001
8450;26,4;8,8
8451;27,200001;17,6
8452;26,4;42,400002
8453;24;42,400002
8454;25,6;37,599998
8455;24;33,599998
8456;26,4;32
8457;25,6;29,6
8458;24;12,8
8459;24,799999;9,6
8460;18,4;36
8461;23,200001;48,799999
8462;24;44,799999
8463;23,200001;40
8464;28,799999;38,400002
8465;23,200001;37,599998
8466;23,200001;24
8467;24;12,8
8468;24,799999;25,6
8469;24;45,599998
8470;23,200001;48
8471;23,200001;42,400002
8472;22,4;38,400002
8473;23,200001;36,799999
8474;21,6;36,799999
8475;26,4;30,4
8476;24;15,2
8477;24;16
8478;23,200001;38,400002
8479;25,6;48
8480;24;50,400002
8481;24;44
8482;25,6;36,799999
8483;23,200001;20
8484;24,799999;21,6
8485;24,799999;48,799999
8486;24,799999;51,200001
8487;24,799999;46,400002
8488;26,4;43,200001
8489;25,6;40,799999
8490;32,799999;40
8491;25,6;36
8492;27,200001;19,200001
8493;26,4;18,4
8494;29,6;40,799999
8495;28;52
8496;26,4;48
8497;26,4;43,200001
8498;28,799999;41,599998
8499;28;40
8500;28;30,4
8501;26,4;20
8502;27,200001;27,200001
8503;28,799999;48,799999
8504;28;53,599998
8505;24;48,799999
8506;28;44,799999
8507;27,200001;42,400002
8508;27,200001;41,599998
8509;19,200001;31,200001
8510;27,200001;18,4
8511;28;28,799999
8512;28;49,599998
8513;28,799999;53,599998
8514;28,799999;47,200001
8515;28,799999;44
8516;26,4;42,400002
8517;28,799999;41,599998
8518;28;36
8519;28,799999;20
8520;28;21,6
8521;28,799999;44,799999
8522;28,799999;55,200001
8523;28,799999;49,599998
8524;24,799999;43,200001
8525;28,799999;42,400002
8526;28;42,400002
8527;28;28,799999
8528;28,799999;16,799999
8529;27,200001;37,599998
8530;26,4;52,799999
8531;15,2;49,599998
8532;26,4;44,799999
8533;25,6;42,400002
8534;25,6;40
8535;37,599998;25,6
8536;26,4;16,799999
8537;24;42,400002
8538;25,6;53,599998
8539;28,799999;48,799999
8540;24,799999;44
8541;24;41,599998
8542;24,799999;41,599998
8543;24,799999;29,6
8544;25,6;15,2
8545;24;18,4
8546;44;42,400002
8547;24,799999;49,599998
8548;24;44,799999
8549;24,799999;40
8550;22,4;38,400002
8551;24,799999;37,599998
8552;24,799999;28,799999
8553;24,799999;13,6
8554;21,6;20,799999
8555;24;43,200001
8556;24;48
8557;24;43,200001
8558;24,799999;39,200001
8559;23,200001;38,400002
8560;24,799999;28,799999
8561;10,4;13,6
8562;23,200001;24
8563;24,799999;49,599998
8564;23,200001;42,400002
8565;28,799999;36,799999
8566;24;32,799999
8567;23,200001;32,799999
8568;24;20
8569;26,4;8
8570;23,200001;20
8571;23,200001;40,799999
8572;22,4;42,400002
8573;23,200001;37,599998
8574;22,4;33,599998
8575;21,6;32
8576;24;31,200001
8577;22,4;16,799999
8578;22,4;8
8579;20,799999;30,4
8580;21,6;43,200001
8581;21,6;39,200001
8582;21,6;34,400002
8583;21,6;31,200001
8584;19,200001;32,799999
8585;21,6;13,6
8586;20,799999;0,8
8587;21,6;13,6
8588;20;34,400002
8589;20,799999;36,799999
8590;20,799999;31,200001
8591;21,6;28
8592;20,799999;26,4
8593;20,799999;24
8594;20,799999;8,8
8595;19,200001;0,8
8596;20,799999;20,799999
8597;20;36,799999
8598;20,799999;34,400002
8599;21,6;30,4
8600;20,799999;26,4
8601;20;25,6
8602;20;24
8603;19,200001;12
8604;19,200001;0
8605;20;10,4
8606;20;28
8607;20;27,200001
8608;20;23,200001
8609;18,4;20
8610;12;17,6
8611;18,4;16
8612;19,200001;0,8
8613;19,200001;-7,2
8614;20;17,6
8615;17,6;29,6
8616;17,6;24,799999
8617;16,799999;20,799999
8618;15,2;18,4
8619;16,799999;17,6
8620;16;7,2
8621;13,6;-7,2
8622;16;7,2
8623;15,2;28,799999
8624;13,6;26,4
8625;20;21,6
8626;14,4;12,8
8627;16;-1,6
8628;16;-12,8
8629;16;0
8630;16;20,799999
8631;16,799999;21,6
8632;21,6;16,799999
8633;15,2;12,8
8634;15,2;11,2
8635;15,2;4,8
8636;27,200001;-11,2
8637;15,2;-8,8
8638;15,2;15,2
8639;14,4;22,4
8640;8;17,6
8641;13,6;13,6
8642;14,4;12
8643;12,8;11,2
8644;12,8;1,6
8645;12;-13,6
8646;12,8;-4
8647;20;12,8
8648;11,2;15,2
8649;11,2;9,6
8650;10,4;6,4
8651;7,2;4,8
8652;8,8;1,6
8653;8,8;-14,4
8654;8,8;-18,4
8655;4;2,4
8656;6,4;16
8657;6,4;12,8
8658;5,6;8
8659;5,6;5,6
8660;6,4;4
8661;4;4
8662;-7,2;-0,8
8663;4;-16,799999
8664;3,2;-17,6
8665;1,6;5,6
8666;6,4;15,2
8667;1,6;12,8
8668;1,6;3,2
8669;0,8;0,8
8670;-2,4;-14,4
8671;0;-24
8672;-0,8;-8,8
8673;-0,8;10,4
8674;-0,8;9,6
8675;-0,8;4,8
8676;-1,6;1,6
8677;2,4;-0,8
8678;-2,4;-0,8
8679;-3,2;-6,4
8680;-4;-21,6
8681;-3,2;-20
8682;-5,6;2,4
8683;-5,6;11,2
8684;-6,4;7,2
8685;-6,4;3,2
8686;-8,8;0,8
8687;-8;-1,6
8688;-8;0
8689;-8,8;-18,4
8690;-8,8;-28,799999
8691;-8,8;-19,200001
8692;-7,2;2,4
8693;-10,4;5,6
8694;-12;-0,8
8695;-11,2;-4
8696;-11,2;-5,6
8697;-13,6;-6,4
8698;-15,2;-16
8699;-14,4;-28,799999
8700;-13,6;-20
8701;-15,2;1,6
8702;-16;4,8
8703;-16,799999;0
8704;-18,4;-4
8705;-17,6;-5,6
8706;-18,4;-6,4
8707;-19,200001;-10,4
8708;-20,799999;-26,4
8709;-21,6;-24
8710;-20,799999;-8,8
8711;-28;-0,8
8712;-24;-4,8
8713;-23,200001;-8,8
8714;-24;-11,2
8715;-24;-12
8716;-25,6;-12
8717;-24,799999;-25,6
8718;-30,4;-35,200001
8719;-27,200001;-20,799999
8720;-27,200001;-2,4
8721;-28;-1,6
8722;-28,799999;-6,4
8723;-28,799999;-9,6
8724;-28,799999;-10,4
8725;-30,4;-13,6
8726;-23,200001;-29,6
8727;-32,799999;-33,599998
8728;-32,799999;-12,8
8729;-33,599998;-0,8
8730;-34,400002;-7,2
8731;-35,200001;-12
8732;-36,799999;-16
8733;-36,799999;-30,4
8734;-38,400002;-39,200001
8735;-39,200001;-21,6
8736;-40;-5,6
8737;-46,400002;-7,2
8738;-43,200001;-12
8739;-40,799999;-14,4
8740;-43,200001;-16
8741;-46,400002;-16,799999
8742;-44;-28,799999
8743;-45,599998;-40
8744;-44,799999;-20,799999
8745;-45,599998;-5,6
8746;-45,599998;-7,2
8747;-46,400002;-12
8748;-41,599998;-14,4
8749;-47,200001;-16,799999
8750;-47,200001;-31,200001
8751;-48;-45,599998
8752;-48,799999;-30,4
8753;-48;-12,8
8754;-49,599998;-12
8755;-49,599998;-16,799999
8756;-52,799999;-20
8757;-50,400002;-21,6
8758;-51,200001;-21,6
8759;-51,200001;-24
8760;-52;-38,400002
8761;-52,799999;-44,799999
8762;-52,799999;-25,6
8763;-59,200001;-13,6
8764;-53,599998;-13,6
8765;-53,599998;-17,6
8766;-55,200001;-20
8767;-50,400002;-21,6
8768;-54,400002;-23,200001
8769;-56;-37,599998
8770;-55,200001;-45,599998
8771;-51,200001;-19,200001
8772;-56;-15,2
8773;-56,799999;-20,799999
8774;-56,799999;-24,799999
8775;-58,400002;-27,200001
8776;-57,599998;-29,6
8777;-59,200001;-45,599998
8778;-54,400002;-49,599998
8779;-60;-28,799999
8780;-60;-16
8781;-60,799999;-18,4
8782;-60,799999;-23,200001
8783;-60;-25,6
8784;-60,799999;-27,200001
8785;-60,799999;-28
8786;-63,200001;-37,599998
8787;-61,599998;-49,599998
8788;-62,400002;-40
8789;-62,400002;-19,200001
8790;-63,200001;-16,799999
8791;-62,400002;-22,4
8792;-61,599998;-24
8793;-64,800003;-32
8794;-61,599998;-47,200001
8795;-63,200001;-51,200001
8796;-62,400002;-30,4
8797;-60,799999;-18,4
8798;-61,599998;-21,6
8799;-61,599998;-25,6
8800;-61,599998;-28
8801;-60;-28,799999
8802;-62,400002;-29,6
8803;-60,799999;-32
8804;-61,599998;-46,400002
8805;-61,599998;-52
8806;-61,599998;-34,400002
8807;-60,799999;-18,4
8808;-56,799999;-20
8809;-59,200001;-24,799999
8810;-60;-28
8811;-61,599998;-28
8812;-57,599998;-30,4
8813;-60;-28,799999
8814;-59,200001;-41,599998
8815;-59,200001;-52,799999
8816;-58,400002;-47,200001
8817;-59,200001;-24
8818;-59,200001;-20
8819;-57,599998;-24
8820;-58,400002;-28,799999
8821;-60;-30,4
8822;-58,400002;-31,200001
8823;-63,200001;-35,200001
8824;-59,200001;-50,400002
8825;-57,599998;-49,599998
8826;-56,799999;-24
8827;-60,799999;-20
8828;-56;-24,799999
8829;-55,200001;-28,799999
8830;-55,200001;-29,6
8831;-54,400002;-37,599998
8832;-54,400002;-52
8833;-53,599998;-48
8834;-51,200001;-24
8835;-52;-18,4
8836;-51,200001;-24
8837;-50,400002;-28
8838;-58,400002;-28,799999
8839;-50,400002;-36
8840;-48,799999;-51,200001
8841;-49,599998;-46,400002
8842;-56;-24
8843;-48;-18,4
8844;-48;-23,200001
8845;-46,400002;-27,200001
8846;-46,400002;-28
8847;-46,400002;-29,6
8848;-47,200001;-41,599998
8849;-59,200001;-52,799999
8850;-45,599998;-35,200001
8851;-44,799999;-18,4
8852;-44,799999;-20,799999
8853;-41,599998;-25,6
8854;-44;-28,799999
8855;-43,200001;-26,4
8856;-43,200001;-40,799999
8857;-40,799999;-51,200001
8858;-42,400002;-36,799999
8859;-41,599998;-17,6
8860;-40,799999;-17,6
8861;-40,799999;-22,4
8862;-40;-24,799999
8863;-39,200001;-27,200001
8864;-18,4;-28,799999
8865;-38,400002;-42,400002
8866;-38,400002;-50,400002
8867;-36,799999;-34,400002
8868;-48;-16
8869;-35,200001;-17,6
8870;-35,200001;-22,4
8871;-34,400002;-25,6
8872;-35,200001;-26,4
8873;-32;-34,400002
8874;-31,200001;-48,799999
8875;-30,4;-39,200001
8876;-29,6;-15,2
8877;-28,799999;-15,2
8878;-28,799999;-20,799999
8879;-23,200001;-24
8880;-26,4;-27,200001
8881;-27,200001;-42,400002
8882;-24,799999;-48
8883;-24;-21,6
8884;-25,6;-13,6
8885;-24;-18,4
8886;-24;-23,200001
8887;-26,4;-24
8888;-23,200001;-28,799999
8889;-21,6;-44
8890;-21,6;-46,400002
8891;-21,6;-24,799999
8892;-20,799999;-12,8
8893;-20;-17,6
8894;-25,6;-21,6
8895;-19,200001;-23,200001
8896;-18,4;-24
8897;-19,200001;-24,799999
8898;-17,6;-40
8899;-17,6;-41,599998
8900;-17,6;-19,200001
8901;-16,799999;-9,6
8902;-14,4;-12,8
8903;-14,4;-17,6
8904;-15,2;-20
8905;-13,6;-20
8906;-16;-21,6
8907;-12,8;-32
8908;-12,8;-43,200001
8909;-7,2;-32,799999
8910;-11,2;-12,8
8911;-11,2;-9,6
8912;-11,2;-15,2
8913;-17,6;-18,4
8914;-9,6;-19,200001
8915;-8;-20
8916;-8;-29,6
8917;-6,4;-42,400002
8918;-8;-28
8919;-6,4;-7,2
8920;-3,2;-4
8921;-6,4;-8
8922;-4;-11,2
8923;-4;-13,6
8924;1,6;-14,4
8925;-3,2;-28
8926;-2,4;-36,799999
8927;-3,2;-20
8928;4,8;-4
8929;-3,2;-4,8
8930;-1,6;-8,8
8931;-1,6;-12
8932;-1,6;-13,6
8933;0;-17,6
8934;-0,8;-33,599998
8935;16,799999;-32,799999
8936;0;-6,4
8937;1,6;-5,6
8938;1,6;-8
8939;5,6;-10,4
8940;2,4;-28,799999
8941;4;-34,400002
8942;2,4;-13,6
8943;-1,6;-0,8
8944;5,6;-4
8945;5,6;-8
8946;6,4;-10,4
8947;8;-12
8948;7,2;-16,799999
8949;8;-32
8950;-5,6;-32,799999
8951;8,8;-11,2
8952;10,4;-0,8
8953;10,4;-4,8
8954;15,2;-8,8
8955;12;-12
8956;12;-12
8957;12,8;-12,8
8958;13,6;-20
8959;14,4;-32,799999
8960;15,2;-28,799999
8961;16,799999;-7,2
8962;16,799999;0,8
8963;16,799999;-2,4
8964;16,799999;-7,2
8965;24;-8,8
8966;19,200001;-10,4
8967;19,200001;-13,6
8968;20;-29,6
8969;7,2;-30,4
8970;20;-3,2
8971;21,6;0,8
8972;20;-4,8
8973;18,4;-8,8
8974;21,6;-9,6
8975;21,6;-10,4
8976;23,200001;-20,799999
8977;23,200001;-32,799999
8978;22,4;-23,200001
8979;21,6;-2,4
8980;16;5,6
8981;24;-0,8
8982;24,799999;-6,4
8983;24,799999;-23,200001
8984;26,4;-28,799999
8985;26,4;-2,4
8986;25,6;5,6
8987;25,6;-0,8
8988;26,4;-4
8989;26,4;-6,4
8990;27,200001;-7,2
8991;27,200001;-20
8992;27,200001;-31,200001
8993;28;-17,6
8994;28;3,2
8995;26,4;3,2
8996;30,4;-1,6
8997;29,6;-4
8998;29,6;-7,2
8999;28,799999;-7,2
9000;29,6;-7,2
9001;29,6;-6,4
9002;30,4;-21,6
9003;32,799999;-24
9004;32,799999;-3,2
9005;31,200001;9,6
9006;31,200001;6,4
9007;30,4;2,4
9008;32,799999;-0,8
9009;32,799999;-3,2
9010;37,599998;-17,6
9011;32;-25,6
9012;32;0
9013;31,200001;10,4
9014;32,799999;4,8
9015;32,799999;1,6
9016;32,799999;-0,8
9017;31,200001;-2,4
9018;31,200001;-8,8
9019;32;-23,200001
9020;32;-20
9021;32;4
9022;31,200001;16
9023;32,799999;11,2
9024;32,799999;6,4
9025;35,200001;4
9026;32,799999;2,4
9027;33,599998;-12,8
9028;32,799999;-19,200001
9029;38,400002;-1,6
9030;32,799999;15,2
9031;33,599998;13,6
9032;35,200001;8,8
9033;36;5,6
9034;35,200001;4
9035;35,200001;3,2
9036;44,799999;-7,2
9037;34,400002;-20
9038;34,400002;-4,8
9039;36;15,2
9040;26,4;12,8
9041;35,200001;7,2
9042;34,400002;6,4
9043;34,400002;7,2
9044;27,200001;-8,8
9045;33,599998;-8,8
9046;33,599998;19,200001
9047;35,200001;22,4
9048;34,400002;18,4
9049;33,599998;13,6
9050;33,599998;11,2
9051;19,200001;11,2
9052;32;1,6
9053;32,799999;-12
9054;32,799999;-4,8
9055;32;19,200001
9056;32;23,200001
9057;32;17,6
9058;32,799999;13,6
9059;29,6;12,8
9060;32;11,2
9061;32;4,8
9062;30,4;-11,2
9063;30,4;-1,6
9064;30,4;29,6
9065;31,200001;29,6
9066;37,599998;24
9067;30,4;21,6
9068;30,4;16,799999
9069;31,200001;-0,8
9070;33,599998;-3,2
9071;30,4;19,200001
9072;31,200001;31,200001
9073;30,4;28
9074;33,599998;22,4
9075;30,4;20,799999
9076;30,4;19,200001
9077;29,6;15,2
9078;30,4;-1,6
9079;32;-2,4
9080;32;25,6
9081;36;30,4
9082;29,6;25,6
9083;31,200001;20,799999
9084;29,6;20,799999
9085;29,6;13,6
9086;30,4;0,8
9087;29,6;10,4
9088;29,6;32,799999
9089;27,200001;36
9090;29,6;31,200001
9091;31,200001;27,200001
9092;30,4;24,799999
9093;30,4;24,799999
9094;29,6;22,4
9095;30,4;8
9096;29,6;-0,8
9097;30,4;17,6
9098;30,4;34,400002
9099;28,799999;34,400002
9100;29,6;28,799999
9101;30,4;25,6
9102;29,6;24
9103;29,6;23,200001
9104;31,200001;13,6
9105;29,6;6,4
9106;29,6;12,8
9107;28,799999;35,200001
9108;29,6;40,799999
9109;28,799999;36,799999
9110;29,6;32
9111;28,799999;29,6
9112;29,6;28
9113;29,6;28
9114;29,6;13,6
9115;24;1,6
9116;29,6;23,200001
9117;29,6;40
9118;29,6;37,599998
9119;31,200001;32,799999
9120;29,6;30,4
9121;29,6;28,799999
9122;24,799999;28
9123;30,4;20
9124;29,6;4,8
9125;29,6;12
9126;27,200001;40,799999
9127;28;44,799999
9128;28,799999;39,200001
9129;28;34,400002
9130;29,6;33,599998
9131;26,4;32,799999
9132;27,200001;29,6
9133;27,200001;14,4
9134;26,4;8,8
9135;27,200001;30,4
9136;26,4;44
9137;30,4;41,599998
9138;24,799999;36,799999
9139;26,4;34,400002
9140;25,6;32
9141;32,799999;19,200001
9142;26,4;8
9143;27,200001;22,4
9144;25,6;42,400002
9145;23,200001;42,400002
9146;25,6;37,599998
9147;25,6;37,599998
9148;26,4;24
9149;26,4;11,2
9150;25,6;21,6
9151;25,6;42,400002
9152;28,799999;44,799999
9153;27,200001;40
9154;25,6;36,799999
9155;25,6;34,400002
9156;18,4;34,400002
9157;28,799999;24
9158;26,4;10,4
9159;25,6;24
9160;25,6;44
9161;26,4;43,200001
9162;25,6;38,400002
9163;26,4;35,200001
9164;26,4;33,599998
9165;26,4;32
9166;25,6;15,2
9167;26,4;11,2
9168;25,6;32
9169;24,799999;36
9170;26,4;32
9171;23,200001;31,200001
9172;24,799999;33,599998
9173;24,799999;41,599998
9174;24,799999;41,599998
9175;27,200001;38,400002
9176;24;36
9177;24,799999;35,200001
9178;23,200001;34,400002
9179;23,200001;33,599998
9180;24;32
9181;22,4;16
9182;28;12
9183;24;38,400002
9184;23,200001;45,599998
9185;23,200001;40,799999
9186;21,6;36,799999
9187;23,200001;33,599998
9188;24;36
9189;24;26,4
9190;21,6;12,8
9191;24,799999;20,799999
9192;24;42,400002
9193;24;47,200001
9194;24,799999;41,599998
9195;26,4;37,599998
9196;26,4;36,799999
9197;23,200001;34,400002
9198;26,4;20,799999
9199;27,200001;11,2
9200;25,6;34,400002
9201;22,4;48
9202;25,6;43,200001
9203;26,4;38,400002
9204;27,200001;36,799999
9205;28;32
9206;27,200001;16
9207;26,4;12,8
9208;26,4;33,599998
9209;26,4;48
9210;26,4;44
9211;27,200001;39,200001
9212;28,799999;36
9213;27,200001;35,200001
9214;27,200001;24,799999
9215;26,4;11,2
9216;20;24,799999
9217;27,200001;46,400002
9218;26,4;44,799999
9219;26,4;39,200001
9220;26,4;36
9221;26,4;36
9222;25,6;31,200001
9223;28,799999;15,2
9224;25,6;12
9225;25,6;34,400002
9226;27,200001;47,200001
9227;25,6;43,200001
9228;28;37,599998
9229;26,4;35,200001
9230;27,200001;38,400002
9231;35,200001;22,4
9232;27,200001;11,2
9233;27,200001;25,6
9234;28,799999;46,400002
9235;27,200001;46,400002
9236;28,799999;40,799999
9237;28,799999;38,400002
9238;40,799999;36
9239;27,200001;31,200001
9240;28;14,4
9241;28;16
9242;25,6;43,200001
9243;28;46,400002
9244;27,200001;40,799999
9245;28;37,599998
9246;19,200001;36
9247;26,4;31,200001
9248;26,4;14,4
9249;26,4;13,6
9250;27,200001;36
9251;24,799999;48,799999
9252;24,799999;44
9253;30,4;39,200001
9254;24,799999;36,799999
9255;25,6;32,799999
9256;24,799999;16
9257;28;12,8
9258;24,799999;34,400002
9259;23,200001;46,400002
9260;24,799999;44
9261;21,6;39,200001
9262;22,4;36,799999
9263;24;35,200001
9264;23,200001;35,200001
9265;23,200001;27,200001
9266;21,6;12
9267;22,4;18,4
9268;14,4;40,799999
9269;22,4;46,400002
9270;22,4;40,799999
9271;22,4;37,599998
9272;26,4;32,799999
9273;20,799999;16,799999
9274;22,4;10,4
9275;23,200001;30,4
9276;24;45,599998
9277;21,6;43,200001
9278;21,6;37,599998
9279;22,4;35,200001
9280;22,4;34,400002
9281;22,4;32,799999
9282;23,200001;21,6
9283;26,4;8,8
9284;23,200001;21,6
9285;21,6;42,400002
9286;21,6;44
9287;24;39,200001
9288;21,6;36
9289;21,6;32,799999
9290;22,4;32
9291;20,799999;24
9292;22,4;9,6
9293;21,6;21,6
9294;21,6;40
9295;21,6;36,799999
9296;22,4;32
9297;21,6;29,6
9298;24;27,200001
9299;20,799999;11,2
9300;21,6;4,8
9301;20,799999;24
9302;20;40
9303;21,6;36,799999
9304;21,6;32
9305;20,799999;28,799999
9306;23,200001;28,799999
9307;20,799999;27,200001
9308;20;18,4
9309;20,799999;4,8
9310;20;15,2
9311;21,6;38,400002
9312;20,799999;36,799999
9313;16,799999;33,599998
9314;20;18,4
9315;20;2,4
9316;20;3,2
9317;17,6;26,4
9318;20,799999;34,400002
9319;20;30,4
9320;21,6;25,6
9321;21,6;24
9322;20;14,4
9323;20;0
9324;17,6;8
9325;19,200001;32
9326;18,4;31,200001
9327;17,6;26,4
9328;23,200001;23,200001
9329;16;22,4
9330;16,799999;20,799999
9331;16;12,8
9332;24;-2,4
9333;15,2;3,2
9334;16;29,6
9335;16,799999;25,6
9336;14,4;20
9337;14,4;15,2
9338;14,4;13,6
9339;21,6;13,6
9340;13,6;4
9341;12,8;-10,4
9342;12,8;-3,2
9343;14,4;20,799999
9344;13,6;24,799999
9345;12;19,200001
9346;12;16
9347;10,4;13,6
9348;12;12,8
9349;11,2;8
9350;10,4;-8
9351;12;-6,4
9352;11,2;16
9353;11,2;24,799999
9354;-9,6;19,200001
9355;9,6;8,8
9356;10,4;-4,8
9357;8,8;-18,4
9358;16,799999;-9,6
9359;8,8;12
9360;7,2;14,4
9361;8;9,6
9362;8;6,4
9363;7,2;4,8
9364;7,2;2,4
9365;6,4;3,2
9366;7,2;-6,4
9367;6,4;-19,200001
9368;5,6;-12
9369;12;10,4
9370;5,6;15,2
9371;3,2;9,6
9372;3,2;6,4
9373;0,8;4
9374;1,6;4
9375;1,6;3,2
9376;0,8;-9,6
9377;-0,8;-24,799999
9378;-0,8;-28,799999
9379;-0,8;-9,6
9380;-0,8;-4,8
9381;-3,2;-8
9382;-2,4;-8,8
9383;-3,2;1,6
9384;-1,6;1,6
9385;-4;-2,4
9386;-6,4;-4
9387;-6,4;-5,6
9388;-4,8;-5,6
9389;-7,2;-5,6
9390;-7,2;-6,4
9391;-8,8;-16
9392;-9,6;-28,799999
9393;-9,6;-15,2
9394;-8,8;4,8
9395;-11,2;3,2
9396;-11,2;-1,6
9397;-10,4;-11,2
9398;-12;-28
9399;-17,6;-33,599998
9400;-14,4;-13,6
9401;-14,4;-0,8
9402;-14,4;-3,2
9403;-15,2;-8
9404;-15,2;-9,6
9405;-16;-11,2
9406;-17,6;-12,8
9407;-16;-14,4
9408;-17,6;-27,200001
9409;-20;-35,200001
9410;-19,200001;-17,6
9411;-20,799999;-0,8
9412;-22,4;-2,4
9413;-22,4;-7,2
9414;-17,6;-9,6
9415;-23,200001;-11,2
9416;-24,799999;-20,799999
9417;-24,799999;-33,599998
9418;-26,4;-32
9419;-26,4;-10,4
9420;-27,200001;-8
9421;-28,799999;-12
9422;-26,4;-16
9423;-30,4;-17,6
9424;-29,6;-18,4
9425;-29,6;-18,4
9426;-30,4;-22,4
9427;-31,200001;-38,400002
9428;-30,4;-37,599998
9429;-28,799999;-16,799999
9430;-31,200001;-7,2
9431;-31,200001;-11,2
9432;-32,799999;-14,4
9433;-24,799999;-16,799999
9434;-33,599998;-17,6
9435;-34,400002;-18,4
9436;-35,200001;-21,6
9437;-35,200001;-37,599998
9438;-36,799999;-36,799999
9439;-36,799999;-18,4
9440;-24;-8
9441;-36,799999;-12,8
9442;-38,400002;-16,799999
9443;-39,200001;-18,4
9444;-32,799999;-19,200001
9445;-41,599998;-24
9446;-40,799999;-39,200001
9447;-41,599998;-39,200001
9448;-49,599998;-12,8
9449;-43,200001;-8,8
9450;-44;-14,4
9451;-44,799999;-16,799999
9452;-44;-18,4
9453;-46,400002;-24,799999
9454;-46,400002;-40
9455;-60,799999;-38,400002
9456;-48,799999;-16
9457;-48,799999;-8
9458;-49,599998;-13,6
9459;-52;-15,2
9460;-48,799999;-24
9461;-51,200001;-40,799999
9462;-51,200001;-40,799999
9463;-54,400002;-20
9464;-53,599998;-10,4
9465;-52;-12,8
9466;-53,599998;-17,6
9467;-54,400002;-21,6
9468;-54,400002;-20,799999
9469;-54,400002;-30,4
9470;-63,200001;-44
9471;-55,200001;-35,200001
9472;-55,200001;-14,4
9473;-55,200001;-11,2
9474;-54,400002;-16
9475;-56,799999;-19,200001
9476;-56,799999;-20
9477;-56;-22,4
9478;-52,799999;-36,799999
9479;-56,799999;-44,799999
9480;-56,799999;-26,4
9481;-56,799999;-12
9482;-57,599998;-14,4
9483;-57,599998;-19,200001
9484;-57,599998;-21,6
9485;-54,400002;-23,200001
9486;-59,200001;-25,6
9487;-59,200001;-41,599998
9488;-59,200001;-44,799999
9489;-55,200001;-23,200001
9490;-58,400002;-11,2
9491;-58,400002;-14,4
9492;-59,200001;-19,200001
9493;-56;-21,6
9494;-60;-22,4
9495;-58,400002;-27,200001
9496;-59,200001;-42,400002
9497;-58,400002;-42,400002
9498;-59,200001;-20,799999
9499;-59,200001;-11,2
9500;-55,200001;-16
9501;-57,599998;-20
9502;-58,400002;-32
9503;-59,200001;-45,599998
9504;-56,799999;-32
9505;-59,200001;-12,8
9506;-58,400002;-14,4
9507;-58,400002;-20
9508;-58,400002;-22,4
9509;-57,599998;-23,200001
9510;-58,400002;-29,6
9511;-57,599998;-44
9512;-58,400002;-42,400002
9513;-56,799999;-20
9514;-56,799999;-12,8
9515;-58,400002;-16,799999
9516;-55,200001;-20,799999
9517;-55,200001;-22,4
9518;-55,200001;-24
9519;-63,200001;-30,4
9520;-55,200001;-44,799999
9521;-54,400002;-40
9522;-55,200001;-20
9523;-52;-14,4
9524;-54,400002;-19,200001
9525;-53,599998;-23,200001
9526;-57,599998;-24,799999
9527;-56;-25,6
9528;-54,400002;-27,200001
9529;-56;-41,599998
9530;-56,799999;-48,799999
9531;-53,599998;-23,200001
9532;-54,400002;-14,4
9533;-55,200001;-18,4
9534;-47,200001;-21,6
9535;-54,400002;-24,799999
9536;-55,200001;-25,6
9537;-54,400002;-38,400002
9538;-54,400002;-48,799999
9539;-54,400002;-34,400002
9540;-53,599998;-15,2
9541;-53,599998;-16
9542;-53,599998;-19,200001
9543;-52,799999;-25,6
9544;-52;-40,799999
9545;-60,799999;-50,400002
9546;-50,400002;-33,599998
9547;-52;-17,6
9548;-51,200001;-17,6
9549;-58,400002;-22,4
9550;-50,400002;-24,799999
9551;-48,799999;-27,200001
9552;-48,799999;-36,799999
9553;-48;-49,599998
9554;-46,400002;-40
9555;-47,200001;-19,200001
9556;-53,599998;-16,799999
9557;-46,400002;-21,6
9558;-45,599998;-24,799999
9559;-44;-26,4
9560;-41,599998;-27,200001
9561;-43,200001;-29,6
9562;-42,400002;-44,799999
9563;-42,400002;-48
9564;-42,400002;-31,200001
9565;-41,599998;-19,200001
9566;-39,200001;-21,6
9567;-38,400002;-25,6
9568;-39,200001;-28
9569;-37,599998;-29,6
9570;-37,599998;-42,400002
9571;-24,799999;-52
9572;-36,799999;-36
9573;-36,799999;-19,200001
9574;-35,200001;-19,200001
9575;-40;-24
9576;-34,400002;-27,200001
9577;-33,599998;-28,799999
9578;-34,400002;-30,4
9579;-32;-45,599998
9580;-33,599998;-52
9581;-31,200001;-32
9582;-32;-16,799999
9583;-31,200001;-20,799999
9584;-30,4;-23,200001
9585;-29,6;-31,200001
9586;-28;-47,200001
9587;-28;-45,599998
9588;-27,200001;-24
9589;-28;-16
9590;-28;-21,6
9591;-25,6;-24,799999
9592;-26,4;-27,200001
9593;-24,799999;-28
9594;-27,200001;-36
9595;-24,799999;-49,599998
9596;-24;-40
9597;-22,4;-17,6
9598;-22,4;-18,4
9599;-21,6;-23,200001
9600;-22,4;-26,4
9601;-25,6;-27,200001
9602;-20;-29,6
9603;-20;-44,799999
9604;-20;-51,200001
9605;-20;-20,799999
9606;-18,4;-13,6
9607;-18,4;-18,4
9608;-17,6;-22,4
9609;-16;-24
9610;-17,6;-25,6
9611;-16;-40
9612;-16;-48
9613;-16;-32,799999
9614;-15,2;-15,2
9615;-15,2;-15,2
9616;-15,2;-20
9617;-12,8;-23,200001
9618;-13,6;-24
9619;-12,8;-24,799999
9620;-15,2;-27,200001
9621;-12,8;-42,400002
9622;-12;-47,200001
9623;-11,2;-20,799999
9624;-9,6;-13,6
9625;-10,4;-17,6
9626;-9,6;-16,799999
9627;-6,4;-31,200001
9628;-7,2;-42,400002
9629;-6,4;-29,6
9630;-6,4;-9,6
9631;-1,6;-8,8
9632;-3,2;-14,4
9633;-3,2;-17,6
9634;-2,4;-18,4
9635;4,8;-23,200001
9636;-2,4;-38,400002
9637;0;-39,200001
9638;0,8;-17,6
9639;0,8;-8
9640;1,6;-11,2
9641;2,4;-16,799999
9642;16,799999;-19,200001
9643;2,4;-17,6
9644;4;-20
9645;4;-20,799999
9646;-2,4;-34,400002
9647;4,8;-38,400002
9648;5,6;-23,200001
9649;6,4;-4,8
9650;-1,6;-4,8
9651;7,2;-9,6
9652;7,2;-12,8
9653;8;-14,4
9654;10,4;-16,799999
9655;8,8;-32
9656;8,8;-36,799999
9657;-12,8;-16,799999
9658;9,6;-3,2
9659;10,4;-7,2
9660;11,2;-10,4
9661;14,4;-13,6
9662;13,6;-15,2
9663;12;-15,2
9664;13,6;-22,4
9665;16;-36
9666;13,6;-30,4
9667;16;-4
9668;15,2;2,4
9669;16,799999;-3,2
9670;15,2;-8
9671;17,6;-8
9672;28;-17,6
9673;18,4;-31,200001
9674;19,200001;-23,200001
9675;20;-1,6
9676;8,8;2,4
9677;21,6;-1,6
9678;21,6;-5,6
9679;22,4;-7,2
9680;23,200001;-8,8
9681;24;-11,2
9682;24;-27,200001
9683;24,799999;-30,4
9684;24;-3,2
9685;24,799999;3,2
9686;24,799999;-1,6
9687;28,799999;-6,4
9688;24,799999;-7,2
9689;28;-10,4
9690;27,200001;-24
9691;29,6;-22,4
9692;28;0,8
9693;28;8,8
9694;28,799999;4,8
9695;26,4;-0,8
9696;28,799999;-2,4
9697;29,6;-6,4
9698;29,6;-21,6
9699;29,6;-24,799999
9700;30,4;3,2
9701;32;8
9702;26,4;2,4
9703;32;-1,6
9704;32;-2,4
9705;31,200001;-3,2
9706;29,6;-11,2
9707;31,200001;-25,6
9708;32,799999;-21,6
9709;32;4,8
9710;33,599998;16
9711;32,799999;10,4
9712;31,200001;6,4
9713;32,799999;4
9714;32,799999;3,2
9715;32,799999;2,4
9716;33,599998;-4
9717;33,599998;-18,4
9718;33,599998;-15,2
9719;34,400002;8
9720;35,200001;15,2
9721;28,799999;10,4
9722;35,200001;6,4
9723;35,200001;4
9724;34,400002;3,2
9725;36,799999;-4
9726;34,400002;-19,200001
9727;34,400002;-13,6
9728;36,799999;8,8
9729;33,599998;13,6
9730;33,599998;15,2
9731;33,599998;11,2
9732;32,799999;6,4
9733;34,400002;-11,2
9734;32,799999;-13,6
9735;32;8,8
9736;38,400002;20
9737;33,599998;16
9738;32;10,4
9739;32,799999;9,6
9740;32,799999;8
9741;32;6,4
9742;32,799999;-8
9743;52;-16
9744;32,799999;8
9745;32;19,200001
9746;32,799999;15,2
9747;24;11,2
9748;32,799999;8,8
9749;32;7,2
9750;32;7,2
9751;25,6;8,8
9752;33,599998;-6,4
9753;32,799999;-13,6
9754;32,799999;6,4
9755;32,799999;23,200001
9756;33,599998;21,6
9757;32,799999;16
9758;19,200001;12
9759;32,799999;12
9760;33,599998;8
9761;32,799999;-9,6
9762;44,799999;-9,6
9763;33,599998;13,6
9764;32,799999;23,200001
9765;32;18,4
9766;33,599998;15,2
9767;32,799999;12,8
9768;31,200001;11,2
9769;32;8,8
9770;32,799999;-6,4
9771;32;-12,8
9772;32,799999;13,6
9773;39,200001;26,4
9774;31,200001;24
9775;30,4;20
9776;31,200001;16
9777;28;16,799999
9778;32;13,6
9779;30,4;-2,4
9780;30,4;-8
9781;32,799999;12
9782;30,4;27,200001
9783;29,6;24,799999
9784;28,799999;20
9785;31,200001;17,6
9786;30,4;16
9787;29,6;15,2
9788;16;2,4
9789;30,4;-9,6
9790;28;6,4
9791;29,6;24
9792;28;27,200001
9793;30,4;25,6
9794;29,6;20,799999
9795;28,799999;8,8
9796;32;-4,8
9797;29,6;10,4
9798;29,6;30,4
9799;29,6;28
9800;28;23,200001
9801;30,4;20
9802;28,799999;19,200001
9803;28;11,2
9804;29,6;-4
9805;29,6;1,6
9806;28,799999;24
9807;29,6;29,6
9808;29,6;24,799999
9809;28,799999;21,6
9810;28,799999;19,200001
9811;29,6;18,4
9812;28;14,4
9813;28;0
9814;28;-1,6
9815;28;19,200001
9816;28;33,599998
9817;28;32
9818;35,200001;28
9819;27,200001;21,6
9820;28;23,200001
9821;27,200001;20
9822;28,799999;3,2
9823;26,4;-0,8
9824;26,4;20,799999
9825;28;33,599998
9826;28,799999;31,200001
9827;28;25,6
9828;28,799999;24
9829;28;22,4
9830;28;14,4
9831;29,6;-0,8
9832;29,6;5,6
9833;25,6;27,200001
9834;29,6;35,200001
9835;28,799999;35,200001
9836;28,799999;31,200001
9837;22,4;19,200001
9838;28,799999;5,6
9839;29,6;19,200001
9840;30,4;40
9841;28;38,400002
9842;29,6;32,799999
9843;28,799999;30,4
9844;32;28,799999
9845;28;23,200001
9846;27,200001;7,2
9847;27,200001;8
9848;22,4;31,200001
9849;27,200001;40
9850;27,200001;36
9851;27,200001;31,200001
9852;20,799999;29,6
9853;26,4;29,6
9854;26,4;22,4
9855;26,4;15,2
9856;27,200001;14,4
9857;26,4;42,400002
9858;25,6;46,400002
9859;22,4;40,799999
9860;24,799999;36,799999
9861;26,4;36
9862;24;26,4
9863;36;11,2
9864;24,799999;17,6
9865;23,200001;40,799999
9866;24,799999;46,400002
9867;25,6;41,599998
9868;24;37,599998
9869;24;36
9870;24,799999;34,400002
9871;24;33,599998
9872;24;20,799999
9873;24,799999;10,4
9874;46,400002;28
9875;24,799999;45,599998
9876;24,799999;49,599998
9877;24,799999;44
9878;12,8;36
9879;24,799999;19,200001
9880;24,799999;19,200001
9881;24,799999;42,400002
9882;21,6;52
9883;24,799999;48
9884;24;42,400002
9885;24;40,799999
9886;24;39,200001
9887;23,200001;31,200001
9888;24;16,799999
9889;13,6;21,6
9890;24;44,799999
9891;24;51,200001
9892;24;46,400002
9893;29,6;41,599998
9894;25,6;40
9895;24;39,200001
9896;26,4;38,400002
9897;27,200001;38,400002
9898;25,6;22,4
9899;24;20,799999
9900;24,799999;43,200001
9901;26,4;55,200001
9902;26,4;51,200001
9903;26,4;46,400002
9904;22,4;44
9905;27,200001;42,400002
9906;27,200001;38,400002
9907;27,200001;21,6
9908;29,6;20,799999
9909;27,200001;43,200001
9910;28;55,200001
9911;27,200001;50,400002
9912;31,200001;45,599998
9913;27,200001;44
9914;27,200001;42,400002
9915;28,799999;41,599998
9916;28;27,200001
9917;28,799999;18,4
9918;28,799999;36
9919;35,200001;53,599998
9920;29,6;52,799999
9921;29,6;48
9922;29,6;45,599998
9923;27,200001;44
9924;28,799999;40,799999
9925;28,799999;24
9926;28,799999;21,6
9927;28,799999;48,799999
9928;28,799999;54,400002
9929;28,799999;49,599998
9930;27,200001;45,599998
9931;26,4;44
9932;28;38,400002
9933;27,200001;22,4
9934;27,200001;22,4
9935;26,4;44,799999
9936;26,4;54,400002
9937;26,4;50,400002
9938;31,200001;48
9939;25,6;39,200001
9940;26,4;22,4
9941;26,4;22,4
9942;26,4;49,599998
9943;24,799999;52
9944;24,799999;48
9945;44,799999;43,200001
9946;24,799999;41,599998
9947;24,799999;40
9948;26,4;24,799999
9949;23,200001;16,799999
9950;24,799999;42,400002
9951;26,4;53,599998
9952;24,799999;48
9953;20,799999;44
9954;24,799999;41,599998
9955;25,6;38,400002
9956;25,6;22,4
9957;25,6;16,799999
9958;24,799999;37,599998
9959;26,4;53,599998
9960;4,8;45,599998
9961;25,6;40
9962;24,799999;37,599998
9963;24,799999;35,200001
9964;37,599998;20,799999
9965;24;11,2
9966;24,799999;28,799999
9967;24;46,400002
9968;28;45,599998
9969;24,799999;40,799999
9970;24;37,599998
9971;24;36
9972;24;36
9973;24;23,200001
9974;24;11,2
9975;44;24,799999
9976;23,200001;46,400002
9977;24;46,400002
9978;21,6;40,799999
9979;11,2;36,799999
9980;23,200001;31,200001
9981;20,799999;17,6
9982;22,4;6,4
9983;22,4;18,4
9984;21,6;39,200001
9985;22,4;40,799999
9986;22,4;35,200001
9987;21,6;31,200001
9988;22,4;29,6
9989;20,799999;30,4
9990;7,2;27,200001
9991;20,799999;12
9992;21,6;5,6
9993;22,4;25,6
9994;23,200001;40
9995;21,6;40
9996;21,6;33,599998
9997;22,4;30,4
9998;21,6;28,799999
9999;20,799999;28,799999
10000;20,799999;17,6
