Column1;Column2;Column3
Channel              :;CH1;CH2
Frequency            :;109,0Hz;109,4Hz
Period               :;9,175ms;9,137ms
PK-PK                :;704,0mV;144,0mV
Probe attenuation    :;1X;1X
Voltage per ADC value:;0,500000mV;0,500000mV
Time interval        :;10,00000uS;10,00000uS
;;
index;CH1_Voltage(mV);CH2_Voltage(mV)
1;96;16
2;96;16
3;96;16
4;96;16
5;96;16
6;88;16
7;88;16
8;88;16
9;88;16
10;88;16
11;80;16
12;80;16
13;80;16
14;72;16
15;72;16
16;72;16
17;72;16
18;72;8
19;64;16
20;56;16
21;64;24
22;56;16
23;56;16
24;72;16
25;48;16
26;48;16
27;48;16
28;48;16
29;40;16
30;40;16
31;40;8
32;32;8
33;32;8
34;32;0
35;32;0
36;16;0
37;24;0
38;24;0
39;16;0
40;16;0
41;8;-8
42;16;-8
43;0;-16
44;8;-8
45;8;-8
46;0;-8
47;0;-8
48;0;-8
49;0;-16
50;-8;-8
51;-8;0
52;-8;0
53;-8;0
54;-16;8
55;-16;16
56;-16;8
57;-24;8
58;-24;16
59;-24;24
60;-32;24
61;-32;24
62;-32;24
63;-32;24
64;-48;24
65;-32;24
66;-40;32
67;-40;32
68;-48;24
69;-48;24
70;-48;24
71;-48;24
72;-48;32
73;-56;24
74;-56;24
75;-64;24
76;-56;24
77;-64;24
78;-64;24
79;-72;24
80;-72;24
81;-72;24
82;-80;16
83;-72;16
84;-80;24
85;-72;16
86;-88;16
87;-88;24
88;-88;16
89;-88;16
90;-96;24
91;-88;16
92;-96;16
93;-96;16
94;-104;16
95;-104;16
96;-104;16
97;-112;16
98;-104;16
99;-112;16
100;-112;16
101;-112;16
102;-112;16
103;-120;16
104;-120;16
105;-120;16
106;-144;16
107;-128;16
108;-128;8
109;-128;16
110;-136;8
111;-136;8
112;-136;8
113;-144;8
114;-144;8
115;-136;0
116;-144;0
117;-152;0
118;-136;0
119;-152;-8
120;-152;0
121;-160;-8
122;-152;-8
123;-160;-8
124;-160;-8
125;-168;-8
126;-168;-8
127;-168;-16
128;-176;-8
129;-168;-8
130;-176;-8
131;-176;-8
132;-176;-8
133;-184;0
134;-176;0
135;-184;0
136;-184;0
137;-184;8
138;-184;8
139;-192;16
140;-192;16
141;-192;16
142;-192;16
143;-192;24
144;-200;24
145;-200;24
146;-200;24
147;-208;24
148;-208;24
149;-208;24
150;-208;24
151;-216;24
152;-208;24
153;-216;24
154;-216;24
155;-216;24
156;-216;24
157;-224;24
158;-224;32
159;-224;24
160;-232;24
161;-224;24
162;-232;24
163;-232;24
164;-232;16
165;-232;24
166;-232;24
167;-232;16
168;-240;24
169;-240;16
170;-240;16
171;-248;16
172;-240;16
173;-248;16
174;-240;16
175;-248;16
176;-248;16
177;-248;24
178;-256;16
179;-248;16
180;-256;16
181;-240;72
182;-264;72
183;-264;72
184;-264;64
185;-264;64
186;-264;64
187;-264;64
188;-272;64
189;-272;64
190;-272;56
191;-272;56
192;-272;56
193;-280;48
194;-272;48
195;-272;48
196;-280;48
197;-280;48
198;-280;48
199;-280;48
200;-288;40
201;-288;40
202;-288;48
203;-280;40
204;-280;40
205;-296;48
206;-288;48
207;-288;48
208;-288;48
209;-288;48
210;-296;56
211;-296;56
212;-296;56
213;-296;64
214;-296;64
215;-296;64
216;-296;72
217;-296;72
218;-304;72
219;-296;72
220;-304;72
221;-312;72
222;-304;80
223;-304;80
224;-304;80
225;-304;80
226;-304;80
227;-304;80
228;-296;80
229;-304;80
230;-312;80
231;-312;80
232;-312;80
233;-312;80
234;-312;80
235;-312;72
236;-312;80
237;-312;80
238;-312;80
239;-320;72
240;-320;72
241;-312;72
242;-320;80
243;-320;72
244;-312;72
245;-320;72
246;-320;72
247;-320;72
248;-320;64
249;-320;64
250;-320;72
251;-320;72
252;-320;72
253;-320;72
254;-328;64
255;-320;72
256;-328;72
257;-320;72
258;-320;72
259;-320;64
260;-320;72
261;-312;72
262;-320;72
263;-328;72
264;-320;64
265;-320;72
266;-320;64
267;-320;64
268;-320;64
269;-320;64
270;-304;64
271;-320;64
272;-320;64
273;-320;64
274;-320;64
275;-312;64
276;-312;56
277;-320;56
278;-320;48
279;-320;48
280;-320;48
281;-320;48
282;-328;48
283;-320;48
284;-312;40
285;-312;40
286;-320;48
287;-312;40
288;-312;40
289;-320;48
290;-320;48
291;-312;48
292;-320;48
293;-312;56
294;-312;56
295;-312;64
296;-312;64
297;-312;64
298;-312;64
299;-312;72
300;-312;72
301;-312;80
302;-312;72
303;-312;80
304;-312;80
305;-304;80
306;-304;80
307;-312;80
308;-304;80
309;-312;80
310;-312;80
311;-304;80
312;-304;80
313;-304;72
314;-304;80
315;-304;72
316;-304;80
317;-304;72
318;-304;72
319;-304;80
320;-296;72
321;-296;72
322;-288;72
323;-296;72
324;-296;72
325;-296;72
326;-288;72
327;-296;72
328;-296;72
329;-288;72
330;-288;72
331;-280;72
332;-280;72
333;-288;72
334;-288;72
335;-280;72
336;-280;72
337;-280;72
338;-264;72
339;-280;64
340;-280;64
341;-280;72
342;-272;64
343;-272;72
344;-272;64
345;-280;64
346;-264;64
347;-264;72
348;-272;64
349;-264;72
350;-264;64
351;-264;64
352;-272;72
353;-264;72
354;-256;72
355;-256;72
356;-256;64
357;-248;64
358;-248;72
359;-248;72
360;-248;64
361;-248;64
362;-248;64
363;-240;64
364;-240;64
365;-248;64
366;-240;64
367;-240;64
368;-232;56
369;-232;56
370;-232;56
371;-232;48
372;-232;48
373;-224;48
374;-224;48
375;-224;48
376;-224;40
377;-224;40
378;-216;40
379;-216;48
380;-216;40
381;-208;40
382;-208;40
383;-208;48
384;-208;48
385;-192;48
386;-200;48
387;-200;48
388;-200;56
389;-200;24
390;-192;24
391;-192;32
392;-192;32
393;-184;32
394;-192;32
395;-184;40
396;-184;40
397;-184;40
398;-176;48
399;-176;40
400;-176;48
401;-168;48
402;-168;48
403;-168;48
404;-168;48
405;-168;48
406;-168;48
407;-160;48
408;-160;48
409;-152;40
410;-152;40
411;-152;40
412;-152;40
413;-160;40
414;-144;40
415;-144;40
416;-136;40
417;-136;40
418;-136;40
419;-136;40
420;-120;40
421;-128;40
422;-128;40
423;-120;40
424;-120;40
425;-120;40
426;-112;40
427;-104;32
428;-112;32
429;-112;32
430;-104;32
431;-112;32
432;-104;32
433;-104;32
434;-96;32
435;-96;32
436;-96;32
437;-88;40
438;-88;40
439;-96;32
440;-88;32
441;-88;32
442;-80;40
443;-80;32
444;-80;32
445;-80;32
446;-72;32
447;-72;32
448;-72;32
449;-72;32
450;-64;32
451;-64;24
452;-64;32
453;-56;24
454;-56;24
455;-56;24
456;-48;24
457;-48;24
458;-48;24
459;-40;16
460;-56;16
461;-40;8
462;-40;16
463;-40;16
464;-32;8
465;-32;8
466;-32;16
467;-32;8
468;-24;8
469;-24;8
470;-24;8
471;-16;16
472;-16;16
473;-16;16
474;-8;24
475;-8;24
476;-8;24
477;-8;32
478;0;40
479;0;40
480;0;40
481;8;40
482;0;40
483;8;48
484;16;48
485;16;48
486;16;48
487;16;48
488;24;48
489;24;48
490;24;48
491;24;40
492;32;48
493;32;48
494;32;40
495;32;48
496;32;40
497;40;40
498;40;40
499;48;40
500;48;32
501;48;40
502;32;40
503;56;40
504;56;40
505;56;40
506;56;32
507;48;40
508;64;32
509;56;40
510;72;40
511;72;32
512;72;40
513;80;32
514;88;32
515;80;40
516;80;32
517;88;32
518;88;40
519;88;32
520;88;32
521;88;40
522;96;40
523;96;32
524;96;40
525;104;32
526;96;32
527;104;32
528;112;32
529;104;32
530;112;32
531;112;32
532;112;32
533;120;32
534;120;32
535;128;32
536;120;40
537;128;32
538;128;32
539;128;32
540;128;32
541;136;32
542;144;32
543;136;24
544;136;24
545;144;24
546;144;24
547;144;16
548;144;24
549;144;16
550;144;16
551;152;16
552;152;16
553;152;8
554;160;8
555;160;8
556;160;8
557;168;8
558;168;8
559;168;8
560;168;8
561;176;0
562;176;16
563;168;16
564;184;16
565;176;16
566;184;24
567;184;24
568;184;24
569;184;32
570;192;40
571;192;40
572;192;40
573;192;48
574;192;40
575;200;48
576;200;48
577;224;48
578;200;48
579;200;48
580;208;48
581;200;48
582;208;48
583;208;48
584;216;40
585;216;40
586;216;40
587;216;40
588;224;40
589;208;40
590;224;40
591;224;40
592;224;40
593;224;40
594;232;40
595;232;40
596;232;40
597;232;40
598;240;-16
599;232;-16
600;240;-24
601;240;-24
602;240;-24
603;240;-24
604;240;-24
605;248;-32
606;248;-24
607;248;-32
608;248;-32
609;248;-32
610;256;-40
611;248;-40
612;256;-40
613;256;-40
614;256;-40
615;256;-40
616;256;-48
617;248;-48
618;264;-48
619;264;-48
620;264;-48
621;264;-40
622;264;-48
623;264;-48
624;280;-40
625;272;-40
626;272;-40
627;272;-40
628;280;-32
629;280;-32
630;272;-32
631;280;-24
632;280;-32
633;272;-24
634;280;-24
635;280;-16
636;288;-16
637;280;-16
638;288;-16
639;288;-16
640;288;-16
641;296;-8
642;288;-16
643;288;-16
644;296;-16
645;288;-8
646;296;-8
647;296;-8
648;296;-16
649;296;-16
650;296;-16
651;304;-16
652;288;-16
653;304;-16
654;304;-16
655;304;-16
656;304;-16
657;304;-16
658;304;-16
659;296;-16
660;304;-16
661;304;-24
662;312;-16
663;312;-16
664;312;-24
665;312;-24
666;336;-24
667;312;-24
668;312;-16
669;320;-24
670;320;-24
671;320;-16
672;320;-16
673;320;-24
674;312;-24
675;320;-24
676;320;-24
677;320;-24
678;312;-24
679;320;-24
680;320;-24
681;320;-24
682;328;-24
683;320;-24
684;328;-24
685;320;-24
686;328;-24
687;320;-24
688;328;-24
689;328;-24
690;328;-24
691;328;-24
692;328;-24
693;328;-24
694;328;-24
695;328;-24
696;328;-24
697;328;-24
698;328;-24
699;320;-32
700;328;-32
701;336;-32
702;336;-40
703;336;-40
704;328;-40
705;328;-40
706;344;-40
707;328;-40
708;336;-40
709;336;-40
710;336;-40
711;336;-48
712;336;-48
713;336;-48
714;328;-48
715;336;-48
716;336;-48
717;336;-40
718;336;-40
719;336;-40
720;344;-40
721;336;-40
722;336;-40
723;336;-32
724;336;-32
725;336;-32
726;336;-24
727;336;-24
728;328;-24
729;336;-24
730;336;-16
731;336;-16
732;328;-16
733;328;-8
734;336;-16
735;336;-16
736;328;-8
737;336;-16
738;336;-8
739;328;-16
740;336;-16
741;312;-16
742;336;-16
743;328;-16
744;328;-16
745;336;-16
746;320;-16
747;328;-16
748;320;-16
749;328;-16
750;328;-16
751;328;-16
752;328;-16
753;328;-16
754;328;-16
755;328;-16
756;320;-16
757;328;-24
758;328;-16
759;328;-16
760;328;-24
761;320;-24
762;320;-24
763;320;-16
764;320;-24
765;320;-24
766;320;-24
767;320;-24
768;320;-24
769;312;-24
770;320;-24
771;320;-24
772;320;-24
773;312;-24
774;312;-24
775;312;-16
776;312;-24
777;312;-24
778;312;-16
779;312;-24
780;312;-24
781;328;-24
782;304;-24
783;304;-24
784;312;-24
785;304;-24
786;304;-24
787;304;-32
788;304;-24
789;304;-24
790;304;-32
791;296;-32
792;296;-32
793;296;-40
794;296;-32
795;296;-32
796;304;-40
797;296;-40
798;288;-40
799;296;-48
800;288;-48
801;288;-40
802;288;-48
803;288;-40
804;288;-48
805;288;-48
806;280;-40
807;288;-40
808;288;-40
809;272;-32
810;280;-32
811;280;-32
812;272;-32
813;280;-32
814;280;-24
815;272;-24
816;280;-24
817;272;-16
818;272;-16
819;264;-8
820;264;-16
821;272;-16
822;264;-8
823;272;-8
824;264;-8
825;264;0
826;264;-8
827;264;0
828;256;-8
829;264;0
830;256;-8
831;256;0
832;248;-8
833;248;-8
834;256;-8
835;240;-8
836;248;-8
837;248;-8
838;248;-8
839;240;-8
840;240;-8
841;240;-8
842;240;-16
843;240;-8
844;232;-8
845;232;-8
846;232;-8
847;224;-8
848;224;-16
849;232;-8
850;224;-8
851;224;-8
852;224;-16
853;224;-16
854;216;-16
855;216;-16
856;208;-16
857;216;-8
858;216;-16
859;216;-16
860;216;-16
861;208;-16
862;208;-16
863;208;-16
864;200;-24
865;200;-16
866;200;-16
867;200;-16
868;200;-16
869;192;-16
870;200;-16
871;192;-16
872;184;-16
873;184;-16
874;184;-16
875;184;-16
876;184;-16
877;184;-24
878;176;-16
879;176;-16
880;176;-16
881;168;-24
882;168;-16
883;168;-16
884;168;-24
885;160;-24
886;160;-24
887;160;-24
888;160;-32
889;160;-32
890;152;-32
891;152;-32
892;152;-32
893;152;-32
894;152;-40
895;144;-40
896;136;-32
897;136;-40
898;112;-40
899;136;-40
900;136;-40
901;136;-40
902;136;-40
903;128;-40
904;128;-32
905;120;-40
906;128;-32
907;128;-32
908;120;-24
909;120;-24
910;120;-24
911;112;-16
912;112;-24
913;112;-16
914;112;-16
915;104;-8
916;104;-16
917;104;-8
918;96;-8
919;96;-8
920;96;-8
921;96;-8
922;88;-8
923;88;0
924;88;0
925;88;-8
926;80;0
927;80;0
928;80;-8
929;72;0
930;80;-8
931;80;-8
932;72;-8
933;72;-8
934;72;-8
935;64;-8
936;56;-8
937;56;-8
938;64;-8
939;56;-8
940;56;-16
941;56;-16
942;48;-16
943;48;-8
944;40;-8
945;32;-16
946;40;-16
947;40;-8
948;40;-16
949;32;-8
950;32;-16
951;24;-16
952;24;-16
953;24;-16
954;24;-16
955;24;-16
956;16;-16
957;16;-16
958;16;-16
959;8;-16
960;8;-16
961;0;-16
962;0;-16
963;0;-16
964;0;-16
965;0;-16
966;0;-16
967;-8;-16
968;-8;-16
969;-8;-16
970;-8;-16
971;-8;-16
972;-16;-16
973;0;-16
974;-24;-16
975;-24;-16
976;-24;-24
977;-32;-16
978;-32;-16
979;-32;-24
980;-32;-24
981;-40;-24
982;-40;-24
983;-40;-24
984;-40;-32
985;-48;-32
986;-48;-32
987;-40;-32
988;-56;-32
989;-56;-40
990;-56;-40
991;-56;-40
992;-64;-40
993;-56;-40
994;-64;-40
995;-64;-40
996;-64;-40
997;-72;-40
998;-72;-40
999;-72;-32
1000;-80;-40
1001;-80;-32
1002;-88;-32
1003;-80;-32
1004;-80;-24
1005;-88;-24
1006;-88;-24
1007;-96;-16
1008;-104;-16
1009;-96;-8
1010;-96;-8
1011;-96;-8
1012;-104;-8
1013;-112;-8
1014;-104;64
1015;-112;56
1016;-112;64
1017;-112;64
1018;-112;64
1019;-112;64
1020;-104;64
1021;-120;64
1022;-120;56
1023;-128;64
1024;-128;64
1025;-128;56
1026;-128;56
1027;-136;56
1028;-136;56
1029;-136;56
1030;-136;56
1031;-136;56
1032;-144;56
1033;-144;56
1034;-144;48
1035;-144;56
1036;-144;56
1037;-152;56
1038;-152;48
1039;-152;48
1040;-160;56
1041;-168;56
1042;-160;56
1043;-160;48
1044;-160;56
1045;-168;56
1046;-168;48
1047;-176;48
1048;-184;48
1049;-176;48
1050;-176;48
1051;-176;48
1052;-176;48
1053;-176;48
1054;-184;48
1055;-176;48
1056;-184;40
1057;-184;48
1058;-184;48
1059;-192;48
1060;-200;48
1061;-200;48
1062;-192;40
1063;-200;40
1064;-200;40
1065;-200;40
1066;-208;40
1067;-216;32
1068;-208;32
1069;-208;32
1070;-208;32
1071;-216;24
1072;-216;24
1073;-216;24
1074;-224;24
1075;-224;24
1076;-224;32
1077;-224;16
1078;-224;24
1079;-232;16
1080;-232;32
1081;-232;24
1082;-232;32
1083;-232;32
1084;-232;40
1085;-240;40
1086;-240;40
1087;-240;40
1088;-240;48
1089;-240;48
1090;-248;56
1091;-248;56
1092;-248;56
1093;-248;64
1094;-248;56
1095;-264;56
1096;-256;64
1097;-256;64
1098;-256;56
1099;-256;56
1100;-256;64
1101;-264;56
1102;-256;64
1103;-264;64
1104;-264;64
1105;-264;56
1106;-264;56
1107;-264;56
1108;-264;48
1109;-264;56
1110;-272;56
1111;-272;56
1112;-272;56
1113;-280;56
1114;-280;48
1115;-280;48
1116;-272;56
1117;-280;48
1118;-288;48
1119;-280;48
1120;-280;56
1121;-280;48
1122;-288;48
1123;-288;48
1124;-288;48
1125;-288;48
1126;-288;48
1127;-288;48
1128;-296;56
1129;-288;48
1130;-296;48
1131;-296;48
1132;-296;48
1133;-296;48
1134;-296;48
1135;-296;48
1136;-296;48
1137;-320;48
1138;-296;48
1139;-304;48
1140;-304;48
1141;-304;48
1142;-304;48
1143;-304;48
1144;-296;48
1145;-304;48
1146;-312;48
1147;-304;48
1148;-304;48
1149;-304;48
1150;-312;48
1151;-312;40
1152;-312;40
1153;-312;40
1154;-312;40
1155;-312;40
1156;-312;32
1157;-312;24
1158;-312;32
1159;-312;32
1160;-320;24
1161;-312;24
1162;-312;24
1163;-320;24
1164;-312;24
1165;-312;16
1166;-312;24
1167;-320;24
1168;-320;24
1169;-320;24
1170;-312;24
1171;-312;24
1172;-320;32
1173;-320;32
1174;-320;32
1175;-320;40
1176;-320;40
1177;-320;40
1178;-320;48
1179;-320;48
1180;-320;48
1181;-320;56
1182;-320;56
1183;-320;56
1184;-328;56
1185;-320;56
1186;-320;64
1187;-320;56
1188;-320;64
1189;-320;56
1190;-320;56
1191;-328;64
1192;-320;64
1193;-320;56
1194;-320;64
1195;-320;64
1196;-320;56
1197;-320;56
1198;-320;56
1199;-320;56
1200;-320;56
1201;-320;56
1202;-320;48
1203;-312;56
1204;-320;56
1205;-320;56
1206;-320;56
1207;-320;56
1208;-312;48
1209;-312;56
1210;-312;48
1211;-320;48
1212;-304;48
1213;-312;48
1214;-312;48
1215;-312;48
1216;-312;48
1217;-320;48
1218;-312;56
1219;-320;48
1220;-312;56
1221;-312;48
1222;-312;48
1223;-312;64
1224;-312;56
1225;-304;56
1226;-312;56
1227;-304;56
1228;-304;56
1229;-304;56
1230;-304;48
1231;-296;48
1232;-304;48
1233;-304;48
1234;-296;48
1235;-304;48
1236;-304;40
1237;-296;40
1238;-296;40
1239;-296;40
1240;-296;32
1241;-296;40
1242;-296;32
1243;-296;32
1244;-296;32
1245;-288;32
1246;-288;32
1247;-288;32
1248;-288;32
1249;-288;32
1250;-288;40
1251;-280;40
1252;-280;40
1253;-280;48
1254;-280;48
1255;-280;56
1256;-280;56
1257;-272;64
1258;-272;64
1259;-256;64
1260;-272;64
1261;-272;64
1262;-272;72
1263;-272;64
1264;-264;72
1265;-264;72
1266;-264;72
1267;-264;64
1268;-264;72
1269;-264;72
1270;-256;72
1271;-256;72
1272;-256;64
1273;-256;64
1274;-248;72
1275;-256;64
1276;-248;64
1277;-248;72
1278;-248;64
1279;-240;64
1280;-248;64
1281;-240;64
1282;-232;64
1283;-240;64
1284;-232;64
1285;-232;64
1286;-232;64
1287;-248;64
1288;-224;64
1289;-224;56
1290;-224;64
1291;-224;64
1292;-216;64
1293;-224;56
1294;-216;56
1295;-224;56
1296;-216;56
1297;-216;56
1298;-216;56
1299;-208;56
1300;-208;56
1301;-192;64
1302;-200;64
1303;-200;56
1304;-200;56
1305;-200;56
1306;-200;56
1307;-192;56
1308;-192;56
1309;-192;56
1310;-192;56
1311;-184;56
1312;-184;56
1313;-192;56
1314;-184;56
1315;-176;56
1316;-176;56
1317;-176;56
1318;-176;56
1319;-176;56
1320;-168;48
1321;-168;48
1322;-168;48
1323;-160;48
1324;-160;48
1325;-160;40
1326;-160;40
1327;-152;40
1328;-152;40
1329;-152;40
1330;-152;40
1331;-144;40
1332;-144;32
1333;-144;32
1334;-144;24
1335;-136;32
1336;-136;32
1337;-136;32
1338;-128;32
1339;-128;32
1340;-128;32
1341;-120;40
1342;-120;40
1343;-120;40
1344;-120;48
1345;-112;48
1346;-112;48
1347;-112;48
1348;-104;56
1349;-104;56
1350;-104;64
1351;-104;64
1352;-96;64
1353;-96;64
1354;-96;64
1355;-88;64
1356;-88;72
1357;-88;72
1358;-88;64
1359;-80;64
1360;-80;72
1361;-80;72
1362;-88;72
1363;-80;72
1364;-72;64
1365;-72;72
1366;-72;64
1367;-72;64
1368;-72;72
1369;-72;64
1370;-64;64
1371;-56;64
1372;-56;64
1373;-56;64
1374;-48;64
1375;-56;64
1376;-56;64
1377;-40;64
1378;-40;64
1379;-40;56
1380;-32;64
1381;-32;64
1382;-32;64
1383;-8;64
1384;-32;56
1385;-24;56
1386;-24;56
1387;-24;56
1388;-24;56
1389;-16;64
1390;-16;64
1391;-16;64
1392;-8;56
1393;-8;56
1394;-8;56
1395;-8;64
1396;0;56
1397;0;56
1398;0;56
1399;0;56
1400;8;64
1401;8;56
1402;8;56
1403;16;56
1404;16;56
1405;16;56
1406;16;64
1407;24;56
1408;24;48
1409;24;64
1410;24;56
1411;32;56
1412;32;56
1413;40;56
1414;40;56
1415;40;56
1416;32;48
1417;48;56
1418;48;48
1419;48;48
1420;48;48
1421;56;48
1422;56;48
1423;56;48
1424;64;40
1425;64;40
1426;64;40
1427;64;32
1428;72;40
1429;72;32
1430;72;40
1431;72;-24
1432;80;-24
1433;80;-24
1434;80;-24
1435;88;-24
1436;80;-24
1437;96;-24
1438;88;-24
1439;96;-24
1440;96;-16
1441;96;-24
1442;104;-16
1443;104;-16
1444;104;-16
1445;104;-16
1446;104;-8
1447;112;-8
1448;112;-8
1449;112;0
1450;120;0
1451;112;0
1452;120;8
1453;120;0
1454;128;16
1455;120;8
1456;128;16
1457;128;8
1458;112;8
1459;128;16
1460;136;16
1461;136;8
1462;136;8
1463;136;8
1464;144;8
1465;136;8
1466;144;8
1467;152;8
1468;152;8
1469;152;8
1470;160;8
1471;152;8
1472;160;0
1473;160;8
1474;168;8
1475;168;8
1476;168;0
1477;168;8
1478;168;8
1479;168;0
1480;168;0
1481;176;8
1482;176;0
1483;176;0
1484;184;8
1485;184;0
1486;184;0
1487;184;0
1488;192;0
1489;192;0
1490;192;0
1491;192;0
1492;200;0
1493;200;0
1494;200;0
1495;200;0
1496;200;0
1497;208;0
1498;224;0
1499;208;-8
1500;208;0
1501;216;0
1502;216;0
1503;216;0
1504;216;0
1505;216;0
1506;224;0
1507;224;-8
1508;224;0
1509;224;0
1510;224;-8
1511;224;0
1512;224;-8
1513;232;-8
1514;232;-8
1515;232;-16
1516;232;-8
1517;240;-16
1518;240;-16
1519;232;-16
1520;248;-24
1521;248;-16
1522;248;-24
1523;248;-24
1524;248;-24
1525;248;-24
1526;240;-24
1527;256;-24
1528;248;-24
1529;256;-24
1530;256;-32
1531;264;-24
1532;256;-24
1533;272;-24
1534;264;-16
1535;264;-16
1536;264;-8
1537;264;-8
1538;264;0
1539;272;0
1540;272;0
1541;272;8
1542;272;8
1543;272;8
1544;272;8
1545;272;8
1546;272;8
1547;280;16
1548;280;8
1549;280;8
1550;280;8
1551;280;8
1552;280;16
1553;288;8
1554;288;8
1555;288;8
1556;288;8
1557;288;8
1558;288;0
1559;288;0
1560;296;8
1561;296;8
1562;296;8
1563;296;8
1564;296;0
1565;304;8
1566;304;8
1567;304;0
1568;296;0
1569;304;0
1570;304;0
1571;304;0
1572;304;0
1573;296;0
1574;312;0
1575;312;0
1576;312;0
1577;312;0
1578;312;0
1579;312;0
1580;312;0
1581;312;0
1582;312;0
1583;312;0
1584;312;0
1585;320;0
1586;312;0
1587;320;0
1588;320;0
1589;320;0
1590;320;-8
1591;320;-8
1592;320;0
1593;320;0
1594;328;-8
1595;320;-8
1596;320;-8
1597;320;-8
1598;320;-8
1599;328;-8
1600;328;-16
1601;328;-16
1602;320;-16
1603;328;-16
1604;328;-16
1605;328;-16
1606;328;-24
1607;328;-24
1608;328;-24
1609;328;-24
1610;328;-24
1611;328;-24
1612;328;-24
1613;328;-24
1614;328;-24
1615;304;-24
1616;328;-24
1617;328;-24
1618;328;-16
1619;336;-16
1620;328;-8
1621;336;-8
1622;328;0
1623;328;0
1624;336;0
1625;336;0
1626;336;8
1627;344;8
1628;328;8
1629;336;8
1630;336;8
1631;336;8
1632;328;8
1633;336;8
1634;336;16
1635;336;16
1636;336;16
1637;336;8
1638;336;8
1639;336;-8
1640;336;-8
1641;336;-16
1642;336;-8
1643;336;-16
1644;336;-16
1645;336;-16
1646;336;-16
1647;336;-16
1648;336;-16
1649;336;-16
1650;336;-24
1651;336;-16
1652;336;-16
1653;336;-24
1654;328;-24
1655;344;-16
1656;336;-24
1657;328;-24
1658;336;-24
1659;328;-24
1660;336;-24
1661;336;-24
1662;328;-24
1663;328;-32
1664;328;-32
1665;328;-32
1666;328;-40
1667;328;-40
1668;328;-40
1669;328;-40
1670;328;-40
1671;328;-40
1672;328;-48
1673;328;-48
1674;328;-48
1675;328;-48
1676;320;-48
1677;320;-48
1678;328;-40
1679;320;-40
1680;320;-40
1681;320;-40
1682;320;-32
1683;312;-32
1684;320;-32
1685;320;-24
1686;320;-24
1687;320;-24
1688;320;-24
1689;320;-24
1690;328;-16
1691;312;-16
1692;312;-8
1693;312;-16
1694;312;-16
1695;312;-16
1696;312;-16
1697;320;-8
1698;312;-8
1699;312;-8
1700;304;-16
1701;304;-8
1702;304;-8
1703;312;-8
1704;312;-8
1705;304;-16
1706;304;-8
1707;304;-8
1708;304;-8
1709;296;-16
1710;304;-16
1711;296;-16
1712;296;-16
1713;296;-16
1714;296;-16
1715;296;-16
1716;296;-16
1717;296;-16
1718;288;-24
1719;296;-16
1720;296;-24
1721;288;-16
1722;288;-24
1723;280;-24
1724;288;-16
1725;280;-16
1726;288;-24
1727;280;-24
1728;280;-16
1729;280;-16
1730;272;-16
1731;272;-16
1732;272;-24
1733;272;-24
1734;272;-24
1735;272;-16
1736;272;-24
1737;280;-16
1738;264;-24
1739;264;-24
1740;272;-24
1741;264;-16
1742;264;-24
1743;256;-24
1744;256;-24
1745;264;-16
1746;256;-24
1747;256;-24
1748;248;-24
1749;256;-24
1750;248;-24
1751;256;-24
1752;248;-24
1753;248;-24
1754;248;-24
1755;248;-24
1756;248;-32
1757;240;-32
1758;240;-32
1759;240;-40
1760;240;-40
1761;232;-40
1762;232;-32
1763;232;-40
1764;232;-40
1765;216;-48
1766;224;-40
1767;224;-48
1768;224;-48
1769;224;-48
1770;224;-48
1771;216;-40
1772;216;-48
1773;216;-40
1774;216;-40
1775;216;-40
1776;216;-40
1777;216;-40
1778;208;-32
1779;224;-24
1780;200;-24
1781;208;-24
1782;200;-16
1783;200;-16
1784;200;-16
1785;200;-16
1786;192;-16
1787;192;-16
1788;192;-8
1789;192;-8
1790;192;-8
1791;176;-8
1792;184;-8
1793;176;-8
1794;184;-8
1795;184;-16
1796;176;-8
1797;176;-16
1798;168;-16
1799;168;-16
1800;168;-16
1801;168;-16
1802;168;-16
1803;168;-16
1804;160;-16
1805;168;-16
1806;160;-24
1807;160;-16
1808;152;-16
1809;152;-16
1810;152;-16
1811;152;-16
1812;144;-16
1813;144;-16
1814;144;-16
1815;144;-24
1816;136;-16
1817;136;-24
1818;136;-16
1819;128;-24
1820;136;-24
1821;128;-16
1822;128;-16
1823;128;-24
1824;120;-24
1825;120;-16
1826;120;-24
1827;120;-24
1828;120;-16
1829;112;-24
1830;112;-24
1831;112;-24
1832;104;-24
1833;112;-24
1834;104;-24
1835;104;-24
1836;104;-24
1837;96;-24
1838;96;-24
1839;96;-24
1840;96;-24
1841;88;-24
1842;80;-24
1843;88;-24
1844;88;-16
1845;80;-24
1846;80;-16
1847;80;-24
1848;72;24
1849;72;24
1850;72;24
1851;72;24
1852;64;24
1853;64;24
1854;40;16
1855;56;24
1856;56;16
1857;56;16
1858;56;8
1859;48;8
1860;48;16
1861;32;8
1862;48;8
1863;48;8
1864;40;8
1865;40;8
1866;40;8
1867;32;8
1868;32;0
1869;32;0
1870;32;8
1871;24;8
1872;24;8
1873;24;8
1874;24;8
1875;16;16
1876;16;16
1877;8;16
1878;8;24
1879;8;24
1880;8;24
1881;0;32
1882;8;32
1883;0;32
1884;-8;32
1885;0;40
1886;-8;40
1887;0;40
1888;-8;40
1889;-16;40
1890;-16;40
1891;-24;40
1892;-16;40
1893;-24;40
1894;-16;48
1895;-32;40
1896;-32;40
1897;-24;40
1898;-32;40
1899;-40;40
1900;-32;40
1901;-48;40
1902;-40;32
1903;-48;40
1904;-48;40
1905;-48;32
1906;-48;40
1907;-56;40
1908;-56;40
1909;-56;32
1910;-64;32
1911;-64;32
1912;-64;32
1913;-64;32
1914;-64;32
1915;-72;32
1916;-80;32
1917;-72;32
1918;-80;32
1919;-80;32
1920;-80;32
1921;-80;32
1922;-88;32
1923;-88;32
1924;-88;32
1925;-88;32
1926;-96;32
1927;-96;32
1928;-96;32
1929;-80;32
1930;-104;32
1931;-104;24
1932;-104;32
1933;-104;32
1934;-112;32
1935;-112;32
1936;-112;32
1937;-112;24
1938;-120;32
1939;-120;32
1940;-120;24
1941;-128;24
1942;-120;32
1943;-120;24
1944;-128;24
1945;-128;24
1946;-136;24
1947;-136;16
1948;-144;16
1949;-136;16
1950;-144;16
1951;-144;16
1952;-144;16
1953;-152;8
1954;-144;8
1955;-160;8
1956;-160;8
1957;-160;8
1958;-160;8
1959;-160;8
1960;-160;0
1961;-160;8
1962;-168;8
1963;-168;8
1964;-176;8
1965;-168;8
1966;-176;16
1967;-176;16
1968;-176;24
1969;-192;24
1970;-176;32
1971;-184;32
1972;-184;32
1973;-184;32
1974;-192;32
1975;-192;40
1976;-176;40
1977;-192;40
1978;-192;40
1979;-192;40
1980;-200;40
1981;-200;40
1982;-200;40
1983;-208;40
1984;-208;40
1985;-208;48
1986;-208;40
1987;-208;40
1988;-216;40
1989;-216;40
1990;-216;40
1991;-224;32
1992;-224;40
1993;-224;40
1994;-224;32
1995;-224;32
1996;-232;32
1997;-232;32
1998;-232;32
1999;-232;32
2000;-240;40
2001;-232;32
2002;-240;32
2003;-240;32
2004;-248;24
2005;-240;32
2006;-248;32
2007;-248;24
2008;-248;32
2009;-248;32
2010;-248;32
2011;-264;32
2012;-248;32
2013;-248;32
2014;-256;32
2015;-256;32
2016;-256;32
2017;-264;32
2018;-240;32
2019;-264;32
2020;-264;32
2021;-264;32
2022;-264;24
2023;-264;32
2024;-272;32
2025;-272;24
2026;-272;32
2027;-272;24
2028;-272;24
2029;-272;24
2030;-280;16
2031;-280;16
2032;-280;16
2033;-280;16
2034;-280;16
2035;-280;8
2036;-280;8
2037;-280;8
2038;-280;8
2039;-288;8
2040;-288;0
2041;-288;8
2042;-288;0
2043;-288;8
2044;-288;0
2045;-288;0
2046;-296;8
2047;-296;8
2048;-296;8
2049;-296;16
2050;-296;8
2051;-304;16
2052;-296;24
2053;-296;24
2054;-304;24
2055;-304;32
2056;-304;32
2057;-304;40
2058;-312;72
2059;-304;80
2060;-304;80
2061;-304;80
2062;-312;80
2063;-304;80
2064;-312;88
2065;-312;80
2066;-304;88
2067;-312;88
2068;-312;88
2069;-312;88
2070;-312;80
2071;-312;80
2072;-304;88
2073;-312;80
2074;-312;72
2075;-312;80
2076;-312;80
2077;-320;80
2078;-312;80
2079;-312;80
2080;-320;80
2081;-320;72
2082;-312;80
2083;-320;72
2084;-320;72
2085;-320;72
2086;-312;72
2087;-320;72
2088;-320;72
2089;-320;72
2090;-320;80
2091;-320;72
2092;-320;72
2093;-336;72
2094;-320;72
2095;-320;72
2096;-320;72
2097;-320;72
2098;-320;72
2099;-320;72
2100;-336;72
2101;-320;72
2102;-320;80
2103;-320;72
2104;-320;72
2105;-312;72
2106;-320;72
2107;-328;72
2108;-320;64
2109;-320;64
2110;-320;72
2111;-320;64
2112;-320;72
2113;-328;64
2114;-320;64
2115;-320;64
2116;-320;64
2117;-320;64
2118;-320;64
2119;-320;64
2120;-320;56
2121;-312;56
2122;-320;56
2123;-320;56
2124;-312;48
2125;-320;48
2126;-312;48
2127;-320;48
2128;-320;48
2129;-320;48
2130;-320;48
2131;-312;48
2132;-320;48
2133;-304;48
2134;-312;48
2135;-312;48
2136;-312;48
2137;-312;48
2138;-312;56
2139;-312;56
2140;-312;56
2141;-312;64
2142;-312;72
2143;-304;72
2144;-312;80
2145;-312;80
2146;-304;80
2147;-304;80
2148;-304;80
2149;-304;80
2150;-304;80
2151;-304;80
2152;-304;80
2153;-304;80
2154;-304;80
2155;-296;80
2156;-296;80
2157;-296;80
2158;-296;72
2159;-296;88
2160;-296;80
2161;-296;80
2162;-288;80
2163;-288;80
2164;-288;80
2165;-288;80
2166;-288;80
2167;-288;80
2168;-264;80
2169;-288;72
2170;-288;72
2171;-280;72
2172;-280;72
2173;-272;72
2174;-280;72
2175;-272;72
2176;-280;72
2177;-272;80
2178;-272;72
2179;-272;72
2180;-272;72
2181;-264;72
2182;-264;72
2183;-264;72
2184;-264;72
2185;-264;72
2186;-264;72
2187;-272;72
2188;-256;64
2189;-256;72
2190;-256;64
2191;-256;72
2192;-256;72
2193;-256;72
2194;-248;64
2195;-248;72
2196;-248;64
2197;-248;64
2198;-240;64
2199;-240;64
2200;-240;56
2201;-232;56
2202;-232;56
2203;-232;56
2204;-232;56
2205;-232;48
2206;-232;56
2207;-224;48
2208;-232;48
2209;-224;48
2210;-224;40
2211;-224;48
2212;-216;48
2213;-216;48
2214;-216;48
2215;-216;48
2216;-216;48
2217;-208;56
2218;-208;56
2219;-216;56
2220;-200;64
2221;-200;64
2222;-200;64
2223;-200;64
2224;-200;72
2225;-192;72
2226;-192;72
2227;-184;80
2228;-184;80
2229;-176;80
2230;-184;80
2231;-184;80
2232;-176;80
2233;-176;80
2234;-176;80
2235;-176;80
2236;-168;80
2237;-168;80
2238;-168;80
2239;-168;80
2240;-160;88
2241;-160;80
2242;-160;80
2243;-160;80
2244;-152;80
2245;-152;80
2246;-152;80
2247;-144;72
2248;-152;80
2249;-144;80
2250;-160;72
2251;-136;72
2252;-136;72
2253;-136;72
2254;-128;72
2255;-136;72
2256;-120;72
2257;-136;72
2258;-120;72
2259;-120;72
2260;-120;72
2261;-120;72
2262;-104;72
2263;-112;72
2264;-112;72
2265;-112;80
2266;-104;72
2267;-104;32
2268;-104;32
2269;-96;24
2270;-96;24
2271;-88;24
2272;-88;24
2273;-96;16
2274;-88;16
2275;-88;16
2276;-80;16
2277;-80;8
2278;-80;8
2279;-72;8
2280;-80;8
2281;-72;8
2282;-72;0
2283;-64;0
2284;-72;0
2285;-64;0
2286;-64;0
2287;-64;0
2288;-56;0
2289;-56;0
2290;-48;0
2291;-48;0
2292;-48;0
2293;-48;0
2294;-40;8
2295;-40;8
2296;-40;8
2297;-40;16
2298;-32;16
2299;-32;24
2300;-32;24
2301;-24;32
2302;-24;32
2303;-24;32
2304;-24;32
2305;-16;32
2306;-16;40
2307;-16;40
2308;-16;40
2309;-8;40
2310;-8;40
2311;-8;40
2312;-8;40
2313;-8;40
2314;0;32
2315;8;32
2316;8;40
2317;16;32
2318;16;32
2319;16;32
2320;16;32
2321;16;32
2322;16;32
2323;24;32
2324;24;32
2325;48;32
2326;24;32
2327;32;32
2328;32;32
2329;32;24
2330;40;24
2331;40;24
2332;40;24
2333;48;24
2334;48;24
2335;48;32
2336;48;24
2337;48;24
2338;56;24
2339;64;24
2340;56;24
2341;56;24
2342;64;24
2343;56;24
2344;56;24
2345;64;24
2346;72;24
2347;72;24
2348;80;24
2349;72;24
2350;80;24
2351;80;24
2352;88;24
2353;88;24
2354;88;24
2355;96;16
2356;88;24
2357;96;16
2358;96;24
2359;104;16
2360;104;16
2361;104;16
2362;104;16
2363;104;8
2364;112;8
2365;104;8
2366;112;8
2367;112;8
2368;120;8
2369;120;8
2370;120;0
2371;128;0
2372;136;0
2373;128;0
2374;136;0
2375;136;0
2376;136;0
2377;136;0
2378;136;0
2379;136;0
2380;136;8
2381;144;8
2382;144;8
2383;152;8
2384;144;8
2385;152;8
2386;160;16
2387;152;16
2388;160;24
2389;160;24
2390;160;24
2391;168;32
2392;160;32
2393;160;32
2394;168;32
2395;168;32
2396;168;40
2397;176;40
2398;176;32
2399;176;40
2400;168;32
2401;184;32
2402;184;32
2403;184;40
2404;192;32
2405;192;32
2406;184;32
2407;192;32
2408;192;32
2409;192;32
2410;192;32
2411;200;32
2412;200;32
2413;208;32
2414;224;32
2415;208;32
2416;208;24
2417;208;32
2418;208;24
2419;224;24
2420;216;24
2421;216;24
2422;224;24
2423;224;24
2424;224;32
2425;224;24
2426;224;24
2427;232;24
2428;224;24
2429;232;24
2430;232;24
2431;232;24
2432;232;24
2433;240;24
2434;232;24
2435;240;24
2436;240;24
2437;240;24
2438;240;24
2439;248;24
2440;248;24
2441;248;16
2442;248;24
2443;248;24
2444;248;24
2445;248;24
2446;256;24
2447;248;24
2448;256;24
2449;256;24
2450;264;24
2451;264;16
2452;264;16
2453;264;16
2454;280;16
2455;264;8
2456;272;16
2457;272;8
2458;272;8
2459;272;0
2460;272;0
2461;272;0
2462;280;0
2463;280;0
2464;280;0
2465;280;0
2466;280;0
2467;280;0
2468;288;0
2469;280;0
2470;288;0
2471;288;0
2472;288;8
2473;288;-40
2474;288;-40
2475;296;-40
2476;288;-32
2477;288;-40
2478;296;-32
2479;296;-32
2480;296;-32
2481;296;-24
2482;296;-24
2483;296;-24
2484;296;-24
2485;304;-16
2486;304;-16
2487;304;-16
2488;304;-16
2489;280;-16
2490;304;-16
2491;304;-16
2492;304;-16
2493;312;-16
2494;304;-16
2495;312;-16
2496;304;-16
2497;312;-24
2498;312;-16
2499;312;-16
2500;312;-24
2501;328;-24
2502;312;-24
2503;312;-24
2504;320;-24
2505;320;-24
2506;312;-24
2507;320;-24
2508;320;-24
2509;320;-24
2510;320;-24
2511;320;-24
2512;320;-24
2513;320;-24
2514;320;-24
2515;328;-24
2516;320;-24
2517;328;-24
2518;328;-32
2519;320;-24
2520;320;-24
2521;328;-24
2522;328;-24
2523;328;-24
2524;328;-24
2525;328;-24
2526;328;-24
2527;336;-24
2528;328;-24
2529;336;-24
2530;328;-32
2531;328;-32
2532;328;-32
2533;336;-32
2534;336;-32
2535;328;-24
2536;328;-32
2537;336;-32
2538;336;-32
2539;336;-32
2540;328;-32
2541;336;-40
2542;328;-40
2543;328;-40
2544;336;-48
2545;336;-40
2546;328;-48
2547;328;-48
2548;336;-48
2549;336;-48
2550;336;-48
2551;336;-48
2552;336;-56
2553;328;-56
2554;328;-56
2555;336;-48
2556;336;-48
2557;336;-48
2558;336;-48
2559;336;-48
2560;336;-48
2561;336;-40
2562;336;-40
2563;328;-40
2564;360;-32
2565;336;-32
2566;336;-32
2567;336;-32
2568;336;-24
2569;336;-24
2570;328;-24
2571;336;-24
2572;328;-24
2573;336;-16
2574;336;-24
2575;328;-16
2576;328;-24
2577;328;-16
2578;336;-16
2579;328;-16
2580;328;-8
2581;328;-24
2582;328;-16
2583;320;-16
2584;328;-16
2585;328;-24
2586;328;-24
2587;328;-16
2588;328;-24
2589;328;-24
2590;320;-24
2591;328;-24
2592;320;-24
2593;320;-24
2594;320;-24
2595;328;-24
2596;320;-24
2597;320;-24
2598;320;-24
2599;320;-24
2600;320;-24
2601;312;-24
2602;320;-24
2603;320;-32
2604;304;-24
2605;320;-24
2606;312;-24
2607;312;-32
2608;312;-24
2609;312;-32
2610;312;-32
2611;320;-24
2612;312;-24
2613;312;-32
2614;312;-32
2615;312;-24
2616;312;-24
2617;312;-32
2618;304;-32
2619;304;-32
2620;304;-24
2621;304;-24
2622;304;-32
2623;304;-24
2624;304;-32
2625;304;-24
2626;304;-40
2627;304;-32
2628;304;-32
2629;296;-32
2630;296;-32
2631;296;-40
2632;296;-48
2633;296;-40
2634;296;-48
2635;296;-48
2636;288;-48
2637;288;-48
2638;288;-48
2639;272;-48
2640;288;-48
2641;280;-48
2642;288;-48
2643;280;-56
2644;280;-48
2645;280;-48
2646;272;-48
2647;280;-48
2648;272;-48
2649;280;-40
2650;272;-40
2651;272;-40
2652;264;-32
2653;288;-32
2654;264;-24
2655;264;-24
2656;264;-24
2657;264;-24
2658;264;-24
2659;264;-16
2660;264;-16
2661;264;-16
2662;256;-16
2663;256;-16
2664;256;-16
2665;248;-16
2666;256;-16
2667;248;-24
2668;248;-16
2669;248;-16
2670;248;-24
2671;248;-16
2672;248;-16
2673;240;-16
2674;240;-24
2675;240;-24
2676;240;-24
2677;240;-24
2678;232;-24
2679;240;-24
2680;232;-24
2681;232;0
2682;224;0
2683;232;0
2684;224;-8
2685;224;0
2686;216;0
2687;224;-8
2688;216;-8
2689;216;-8
2690;216;-8
2691;216;-8
2692;208;-16
2693;200;-16
2694;208;-16
2695;208;-16
2696;208;-24
2697;200;-24
2698;200;-24
2699;200;-24
2700;200;-32
2701;200;-24
2702;200;-32
2703;192;-32
2704;200;-32
2705;192;-32
2706;184;-24
2707;200;-24
2708;192;-24
2709;184;-24
2710;184;-24
2711;184;-24
2712;176;-16
2713;176;-16
2714;184;-16
2715;168;-8
2716;168;-8
2717;168;-8
2718;168;0
2719;160;0
2720;168;0
2721;168;0
2722;160;8
2723;160;8
2724;152;8
2725;152;8
2726;152;8
2727;152;8
2728;136;8
2729;144;8
2730;144;8
2731;144;8
2732;144;8
2733;136;8
2734;136;0
2735;128;0
2736;136;0
2737;136;0
2738;128;8
2739;128;0
2740;136;0
2741;128;0
2742;120;0
2743;120;0
2744;120;0
2745;112;0
2746;112;0
2747;112;0
2748;112;0
2749;112;0
2750;104;0
2751;104;-8
2752;104;-8
2753;96;0
2754;104;0
2755;96;0
2756;96;0
2757;88;0
2758;88;-8
2759;88;-8
2760;88;-8
2761;88;-8
2762;80;0
2763;80;-8
2764;80;-8
2765;72;-8
2766;72;-8
2767;72;0
2768;80;-8
2769;64;-8
2770;56;-8
2771;56;-8
2772;56;0
2773;56;-8
2774;56;-8
2775;48;0
2776;48;-8
2777;48;-8
2778;48;0
2779;48;-8
2780;40;-8
2781;40;-8
2782;32;-8
2783;32;-8
2784;32;-8
2785;24;-8
2786;24;-8
2787;24;-16
2788;24;-16
2789;16;-16
2790;24;-16
2791;24;-24
2792;16;-16
2793;16;-24
2794;16;-24
2795;16;-24
2796;8;-24
2797;8;-24
2798;0;-32
2799;0;-32
2800;0;-24
2801;0;-32
2802;-8;-32
2803;16;-24
2804;-16;-24
2805;-16;-24
2806;-16;-24
2807;-24;-24
2808;-16;-24
2809;-16;-16
2810;-24;-16
2811;-24;-8
2812;-24;-8
2813;-24;-8
2814;-32;0
2815;-40;0
2816;-32;8
2817;-40;8
2818;-40;8
2819;-40;8
2820;-48;8
2821;-48;8
2822;-48;0
2823;-56;8
2824;-56;8
2825;-56;8
2826;-56;8
2827;-64;8
2828;-64;0
2829;-64;0
2830;-72;8
2831;-72;0
2832;-64;0
2833;-72;0
2834;-72;0
2835;-80;0
2836;-80;0
2837;-88;0
2838;-88;0
2839;-88;0
2840;-88;0
2841;-88;0
2842;-96;0
2843;-112;0
2844;-96;-8
2845;-104;-8
2846;-104;0
2847;-104;-8
2848;-112;-8
2849;-104;-8
2850;-104;-8
2851;-112;-8
2852;-112;-8
2853;-120;-8
2854;-120;-8
2855;-120;-8
2856;-128;-8
2857;-120;-8
2858;-128;0
2859;-128;0
2860;-128;-8
2861;-136;-8
2862;-136;-8
2863;-136;-8
2864;-136;-8
2865;-136;0
2866;-144;-8
2867;-144;-8
2868;-144;-8
2869;-144;-8
2870;-152;-8
2871;-160;-8
2872;-152;-16
2873;-160;-16
2874;-160;-24
2875;-160;-24
2876;-160;-24
2877;-168;-24
2878;-184;-32
2879;-168;-24
2880;-176;-32
2881;-168;-24
2882;-176;-32
2883;-176;-32
2884;-176;-32
2885;-184;-32
2886;-184;-24
2887;-184;-32
2888;-184;-24
2889;-192;32
2890;-192;32
2891;-192;40
2892;-176;48
2893;-200;40
2894;-192;40
2895;-200;48
2896;-200;48
2897;-192;56
2898;-200;56
2899;-208;56
2900;-208;64
2901;-208;64
2902;-208;64
2903;-208;64
2904;-224;72
2905;-216;72
2906;-216;64
2907;-216;64
2908;-224;72
2909;-224;64
2910;-224;64
2911;-224;72
2912;-224;64
2913;-224;72
2914;-232;64
2915;-232;64
2916;-232;64
2917;-232;64
2918;-232;72
2919;-240;64
2920;-240;64
2921;-240;64
2922;-240;64
2923;-248;64
2924;-248;64
2925;-256;64
2926;-248;64
2927;-248;64
2928;-256;64
2929;-256;64
2930;-256;56
2931;-256;56
2932;-272;64
2933;-256;56
2934;-264;56
2935;-264;56
2936;-264;56
2937;-272;56
2938;-264;56
2939;-272;56
2940;-272;56
2941;-272;56
2942;-272;56
2943;-280;56
2944;-272;56
2945;-272;56
2946;-272;56
2947;-280;56
2948;-280;48
2949;-280;48
2950;-288;48
2951;-280;48
2952;-288;48
2953;-280;40
2954;-288;40
2955;-288;40
2956;-288;32
2957;-288;40
2958;-288;40
2959;-288;32
2960;-272;40
2961;-296;40
2962;-296;40
2963;-296;32
2964;-296;32
2965;-304;32
2966;-296;32
2967;-304;40
2968;-296;40
2969;-304;40
2970;-304;40
2971;-304;48
2972;-312;48
2973;-304;48
2974;-304;56
2975;-312;56
2976;-304;64
2977;-304;64
2978;-312;64
2979;-312;64
2980;-304;64
2981;-312;64
2982;-312;72
2983;-312;72
2984;-312;72
2985;-312;64
2986;-312;72
2987;-312;64
2988;-312;64
2989;-320;64
2990;-312;72
2991;-312;64
2992;-320;64
2993;-320;64
2994;-320;64
2995;-312;64
2996;-320;64
2997;-320;64
2998;-320;64
2999;-320;64
3000;-336;64
3001;-320;64
3002;-320;64
3003;-320;64
3004;-312;56
3005;-328;64
3006;-320;56
3007;-312;56
3008;-320;64
3009;-320;56
3010;-320;56
3011;-320;56
3012;-320;56
3013;-320;56
3014;-320;56
3015;-320;56
3016;-320;56
3017;-320;56
3018;-320;56
3019;-320;56
3020;-320;64
3021;-320;64
3022;-320;56
3023;-320;56
3024;-320;56
3025;-320;56
3026;-320;56
3027;-320;56
3028;-328;56
3029;-320;56
3030;-320;56
3031;-320;48
3032;-320;56
3033;-320;56
3034;-320;56
3035;-328;48
3036;-320;48
3037;-320;48
3038;-320;48
3039;-312;48
3040;-312;40
3041;-320;40
3042;-320;40
3043;-312;40
3044;-320;40
3045;-312;40
3046;-312;32
3047;-312;40
3048;-312;32
3049;-296;32
3050;-312;32
3051;-312;32
3052;-320;32
3053;-312;40
3054;-304;24
3055;-312;32
3056;-304;40
3057;-312;40
3058;-304;40
3059;-304;40
3060;-304;48
3061;-312;48
3062;-304;56
3063;-304;48
3064;-304;56
3065;-304;56
3066;-304;64
3067;-304;64
3068;-304;64
3069;-296;64
3070;-304;72
3071;-296;64
3072;-304;72
3073;-296;64
3074;-296;64
3075;-296;64
3076;-296;72
3077;-296;64
3078;-296;72
3079;-296;64
3080;-288;64
3081;-288;64
3082;-296;64
3083;-288;64
3084;-288;64
3085;-288;64
3086;-280;64
3087;-280;64
3088;-280;64
3089;-288;64
3090;-280;64
3091;-272;64
3092;-272;64
3093;-272;64
3094;-272;64
3095;-272;64
3096;-272;64
3097;-272;64
3098;-272;48
3099;-264;48
3100;-272;48
3101;-264;48
3102;-264;48
3103;-256;48
3104;-256;48
3105;-264;48
3106;-256;40
3107;-256;40
3108;-248;40
3109;-248;40
3110;-248;32
3111;-248;32
3112;-248;32
3113;-248;32
3114;-248;32
3115;-240;24
3116;-240;24
3117;-232;24
3118;-240;24
3119;-232;24
3120;-232;24
3121;-232;24
3122;-232;24
3123;-224;24
3124;-248;24
3125;-224;24
3126;-216;24
3127;-224;32
3128;-224;32
3129;-224;32
3130;-216;40
3131;-224;40
3132;-208;40
3133;-208;48
3134;-208;48
3135;-208;48
3136;-200;56
3137;-200;56
3138;-200;56
3139;-200;56
3140;-200;56
3141;-200;64
3142;-192;56
3143;-192;56
3144;-192;64
3145;-184;64
3146;-192;56
3147;-184;56
3148;-176;64
3149;-176;64
3150;-176;64
3151;-176;56
3152;-176;64
3153;-176;56
3154;-168;64
3155;-168;56
3156;-168;56
3157;-160;48
3158;-160;56
3159;-160;56
3160;-160;56
3161;-152;48
3162;-152;48
3163;-152;48
3164;-160;48
3165;-144;48
3166;-144;48
3167;-144;56
3168;-144;48
3169;-136;48
3170;-136;48
3171;-136;48
3172;-128;48
3173;-128;48
3174;-128;48
3175;-120;48
3176;-120;48
3177;-120;48
3178;-120;48
3179;-112;48
3180;-112;48
3181;-112;48
3182;-104;48
3183;-104;48
3184;-104;48
3185;-96;48
3186;-96;48
3187;-104;48
3188;-96;48
3189;-96;48
3190;-88;48
3191;-88;48
3192;-88;48
3193;-88;48
3194;-80;48
3195;-80;48
3196;-80;40
3197;-72;40
3198;-72;40
3199;-64;40
3200;-72;40
3201;-64;40
3202;-64;32
3203;-64;32
3204;-64;32
3205;-64;32
3206;-72;32
3207;-56;24
3208;-48;24
3209;-48;24
3210;-48;24
3211;-56;24
3212;-40;24
3213;-48;24
3214;-40;24
3215;-40;24
3216;-32;24
3217;-32;24
3218;-24;24
3219;-24;24
3220;-24;32
3221;-24;32
3222;-16;32
3223;-16;32
3224;-16;40
3225;-16;40
3226;-8;48
3227;-8;48
3228;-8;48
3229;-8;48
3230;0;56
3231;0;56
3232;8;56
3233;8;56
3234;8;56
3235;8;64
3236;16;64
3237;16;56
3238;16;56
3239;16;56
3240;24;64
3241;24;56
3242;24;56
3243;24;64
3244;32;56
3245;32;56
3246;40;56
3247;40;56
3248;40;56
3249;40;56
3250;48;56
3251;48;56
3252;48;56
3253;48;56
3254;56;56
3255;56;56
3256;56;48
3257;56;56
3258;56;56
3259;56;48
3260;64;48
3261;64;48
3262;72;48
3263;72;48
3264;72;48
3265;72;48
3266;72;48
3267;72;48
3268;80;48
3269;80;48
3270;88;48
3271;88;48
3272;88;48
3273;88;48
3274;80;48
3275;96;48
3276;96;48
3277;104;48
3278;104;48
3279;112;48
3280;104;48
3281;112;48
3282;112;56
3283;112;48
3284;112;48
3285;120;48
3286;120;48
3287;120;48
3288;136;48
3289;128;48
3290;128;40
3291;128;48
3292;128;40
3293;136;48
3294;136;48
3295;136;48
3296;136;48
3297;144;40
3298;144;48
3299;144;48
3300;136;40
3301;144;48
3302;152;48
3303;152;48
3304;152;40
3305;152;48
3306;160;-16
3307;160;-16
3308;160;-16
3309;168;-16
3310;160;-16
3311;168;-24
3312;168;-24
3313;168;-24
3314;176;-24
3315;176;-24
3316;176;-32
3317;184;-32
3318;184;-32
3319;176;-32
3320;184;-40
3321;176;-32
3322;184;-40
3323;192;-40
3324;192;-40
3325;192;-32
3326;200;-40
3327;192;-40
3328;200;-40
3329;200;-40
3330;208;-32
3331;200;-32
3332;208;-32
3333;208;-24
3334;208;-24
3335;216;-24
3336;208;-24
3337;216;-16
3338;216;-16
3339;216;-16
3340;216;-16
3341;216;-8
3342;232;-8
3343;216;-8
3344;216;-8
3345;224;-8
3346;224;0
3347;232;0
3348;232;0
3349;232;0
3350;232;0
3351;240;0
3352;240;0
3353;232;0
3354;240;0
3355;240;0
3356;240;0
3357;248;-8
3358;248;0
3359;248;-8
3360;248;0
3361;248;-8
3362;256;-8
3363;232;-8
3364;256;-8
3365;256;-8
3366;256;0
3367;256;-8
3368;264;-16
3369;256;-8
3370;256;-16
3371;264;-16
3372;264;-8
3373;264;-8
3374;264;-16
3375;272;-16
3376;264;-16
3377;272;-8
3378;272;-8
3379;272;-8
3380;280;-16
3381;272;-16
3382;280;-16
3383;280;-16
3384;280;-8
3385;280;-16
3386;280;-8
3387;288;-8
3388;288;-8
3389;288;-8
3390;288;-16
3391;288;-16
3392;288;-16
3393;288;-16
3394;288;-16
3395;288;-16
3396;296;-24
3397;296;-24
3398;296;-24
3399;296;-24
3400;296;-32
3401;296;-32
3402;296;-40
3403;304;-40
3404;296;-40
3405;304;-32
3406;296;-32
3407;304;-40
3408;304;-40
3409;304;-40
3410;296;-40
3411;304;-40
3412;312;-40
3413;304;-40
3414;304;-32
3415;304;-32
3416;312;-32
3417;304;-32
3418;312;-24
3419;312;-24
3420;320;-24
3421;320;-16
3422;320;-16
3423;312;-8
3424;320;-16
3425;320;-8
3426;320;-8
3427;312;0
3428;320;-8
3429;320;0
3430;320;-8
3431;328;0
3432;320;-8
3433;320;0
3434;320;0
3435;328;0
3436;320;0
3437;328;-8
3438;336;0
3439;328;0
3440;328;0
3441;328;0
3442;328;0
3443;320;-8
3444;328;-8
3445;312;-8
3446;328;-8
3447;328;-8
3448;328;-8
3449;328;-8
3450;320;-8
3451;328;-8
3452;320;-8
3453;328;-8
3454;336;-8
3455;336;-16
3456;328;-8
3457;336;-16
3458;328;-8
3459;328;-8
3460;328;-8
3461;336;-8
3462;328;-16
3463;336;-8
3464;336;-16
3465;328;-16
3466;336;-8
3467;336;-16
3468;336;-16
3469;336;-8
3470;336;-16
3471;336;-16
3472;336;-16
3473;336;-16
3474;336;-16
3475;328;-16
3476;336;-8
3477;336;-16
3478;336;-16
3479;336;-16
3480;336;-16
3481;336;-16
3482;328;-16
3483;328;-16
3484;336;-8
3485;344;-16
3486;328;-16
3487;328;-16
3488;336;-8
3489;336;-16
3490;328;-16
3491;336;-16
3492;328;-16
3493;328;-16
3494;336;-16
3495;336;-16
3496;328;-24
3497;328;-24
3498;336;-24
3499;328;-24
3500;328;-32
3501;328;-32
3502;328;-32
3503;328;-40
3504;328;-40
3505;328;-40
3506;320;-40
3507;328;-40
3508;328;-40
3509;328;-40
3510;320;-32
3511;328;-40
3512;320;-32
3513;328;-32
3514;320;-32
3515;328;-32
3516;320;-32
3517;320;-32
3518;320;-24
3519;320;-24
3520;336;-24
3521;320;-24
3522;320;-16
3523;320;-16
3524;320;-16
3525;312;-16
3526;312;-16
3527;304;-16
3528;312;-8
3529;312;-8
3530;312;-8
3531;312;-8
3532;304;-8
3533;312;-8
3534;304;-8
3535;304;-8
3536;312;-8
3537;312;-8
3538;304;-8
3539;304;-16
3540;304;-8
3541;296;-8
3542;304;-16
3543;304;-16
3544;296;-16
3545;304;-16
3546;296;-8
3547;296;-16
3548;296;-8
3549;296;-8
3550;296;-16
3551;296;-16
3552;296;-16
3553;296;-16
3554;296;-16
3555;288;-16
3556;288;-16
3557;288;-16
3558;288;-16
3559;288;-16
3560;272;-16
3561;280;-16
3562;280;-16
3563;280;-16
3564;280;-16
3565;280;-24
3566;280;-16
3567;288;-16
3568;272;-16
3569;272;-16
3570;272;-16
3571;272;-24
3572;272;-24
3573;272;-24
3574;264;-24
3575;264;-24
3576;264;-24
3577;264;-16
3578;264;-16
3579;256;-24
3580;256;-24
3581;256;-32
3582;256;-32
3583;256;-32
3584;256;-32
3585;256;-40
3586;248;-32
3587;248;-40
3588;248;-40
3589;240;-40
3590;248;-40
3591;240;-40
3592;240;-40
3593;240;-48
3594;240;-40
3595;224;-40
3596;232;-40
3597;232;-40
3598;232;-40
3599;232;-40
3600;232;-32
3601;224;-32
3602;216;-32
3603;224;-32
3604;224;-32
3605;224;-24
3606;216;-24
3607;216;-24
3608;216;-16
3609;240;-16
3610;216;-16
3611;208;-8
3612;208;-8
3613;208;-8
3614;216;-8
3615;208;-8
3616;200;-8
3617;200;-16
3618;200;-8
3619;200;-8
3620;192;-8
3621;200;-8
3622;192;-8
3623;192;-16
3624;184;-16
3625;192;-8
3626;184;-16
3627;184;-8
3628;184;-8
3629;176;-16
3630;176;-16
3631;176;-16
3632;176;-16
3633;176;-16
3634;168;-16
3635;176;-16
3636;168;-16
3637;160;-16
3638;168;-16
3639;160;-16
3640;160;-16
3641;160;-16
3642;152;-16
3643;152;-16
3644;160;-16
3645;152;-16
3646;152;-16
3647;152;-16
3648;152;-16
3649;136;-16
3650;136;-16
3651;136;-16
3652;136;-24
3653;136;-16
3654;136;-16
3655;128;-24
3656;128;-24
3657;128;-16
3658;128;-16
3659;128;-16
3660;120;-24
3661;120;-24
3662;120;-24
3663;120;-16
3664;112;-24
3665;112;-24
3666;112;-24
3667;104;-16
3668;104;-16
3669;104;-24
3670;104;-24
3671;96;-16
3672;96;-16
3673;96;-16
3674;96;-24
3675;96;-16
3676;88;-24
3677;104;-24
3678;88;-24
3679;80;-24
3680;80;-24
3681;80;-24
3682;72;-24
3683;72;-32
3684;64;-32
3685;72;-32
3686;72;-32
3687;64;-32
3688;64;-40
3689;56;-40
3690;56;-40
3691;48;-40
3692;56;-40
3693;56;-40
3694;48;-40
3695;48;-40
3696;40;-40
3697;48;-40
3698;40;-48
3699;40;-40
3700;40;-40
3701;32;-40
3702;32;-40
3703;32;-32
3704;32;-32
3705;24;-32
3706;24;-24
3707;24;-24
3708;24;-24
3709;16;-24
3710;16;-16
3711;16;-16
3712;16;-16
3713;8;-16
3714;8;-16
3715;0;0
3716;0;-8
3717;0;-8
3718;0;-8
3719;0;-8
3720;-8;-8
3721;-8;0
3722;-8;0
3723;-16;48
3724;0;56
3725;-16;56
3726;-24;56
3727;-24;56
3728;-24;48
3729;-24;48
3730;-32;48
3731;-32;48
3732;-32;48
3733;-32;48
3734;-40;56
3735;-40;48
3736;-40;48
3737;-40;48
3738;-40;40
3739;-48;48
3740;-56;40
3741;-48;48
3742;-56;48
3743;-64;40
3744;-56;40
3745;-64;40
3746;-64;40
3747;-64;48
3748;-72;40
3749;-72;40
3750;-72;40
3751;-72;48
3752;-88;48
3753;-80;40
3754;-80;40
3755;-80;48
3756;-80;40
3757;-80;40
3758;-88;48
3759;-88;40
3760;-96;40
3761;-96;40
3762;-96;40
3763;-96;40
3764;-96;40
3765;-104;40
3766;-96;40
3767;-104;32
3768;-112;32
3769;-112;24
3770;-112;24
3771;-112;24
3772;-112;32
3773;-120;24
3774;-120;24
3775;-128;24
3776;-128;16
3777;-128;16
3778;-136;16
3779;-136;16
3780;-136;16
3781;-136;16
3782;-136;16
3783;-144;8
3784;-144;16
3785;-144;24
3786;-144;24
3787;-144;32
3788;-144;24
3789;-152;32
3790;-152;32
3791;-160;40
3792;-160;40
3793;-160;40
3794;-160;48
3795;-160;48
3796;-168;48
3797;-168;48
3798;-176;56
3799;-184;56
3800;-168;56
3801;-176;56
3802;-176;56
3803;-176;56
3804;-176;48
3805;-184;56
3806;-176;56
3807;-184;56
3808;-184;56
3809;-184;48
3810;-192;48
3811;-184;48
3812;-192;48
3813;-200;48
3814;-200;48
3815;-200;48
3816;-200;48
3817;-200;48
3818;-208;48
3819;-208;48
3820;-200;48
3821;-216;48
3822;-208;48
3823;-216;40
3824;-216;40
3825;-216;40
3826;-224;48
3827;-224;48
3828;-224;48
3829;-224;40
3830;-224;40
3831;-232;40
3832;-232;48
3833;-232;40
3834;-232;40
3835;-232;40
3836;-240;40
3837;-240;40
3838;-240;40
3839;-240;40
3840;-248;40
3841;-264;40
3842;-248;40
3843;-248;40
3844;-248;40
3845;-248;40
3846;-248;40
3847;-248;40
3848;-256;40
3849;-256;40
3850;-256;32
3851;-256;32
3852;-256;32
3853;-264;32
3854;-264;24
3855;-264;32
3856;-264;24
3857;-264;24
3858;-272;24
3859;-272;16
3860;-272;16
3861;-272;24
3862;-272;16
3863;-272;16
3864;-272;16
3865;-272;16
3866;-272;16
3867;-280;16
3868;-280;16
3869;-280;24
3870;-280;24
3871;-280;24
3872;-288;24
3873;-280;24
3874;-288;32
3875;-288;32
3876;-288;32
3877;-288;40
3878;-288;40
3879;-288;40
3880;-288;40
3881;-304;48
3882;-296;48
3883;-296;48
3884;-296;56
3885;-296;48
3886;-296;48
3887;-296;56
3888;-296;56
3889;-304;56
3890;-304;56
3891;-304;56
3892;-312;56
3893;-304;56
3894;-304;48
3895;-304;56
3896;-304;48
3897;-312;48
3898;-312;48
3899;-312;48
3900;-312;48
3901;-312;48
3902;-304;48
3903;-312;48
3904;-312;48
3905;-312;48
3906;-312;48
3907;-304;48
3908;-312;48
3909;-312;48
3910;-312;48
3911;-320;40
3912;-312;48
3913;-320;40
3914;-320;40
3915;-312;40
3916;-312;40
3917;-312;40
3918;-320;48
3919;-312;48
3920;-320;40
3921;-320;40
3922;-320;40
3923;-336;40
3924;-320;40
3925;-320;40
3926;-320;40
3927;-320;48
3928;-328;40
3929;-320;40
3930;-328;40
3931;-320;72
3932;-320;64
3933;-320;64
3934;-320;64
3935;-312;64
3936;-320;64
3937;-320;56
3938;-320;56
3939;-320;56
3940;-320;56
3941;-320;56
3942;-320;48
3943;-320;48
3944;-320;48
3945;-320;48
3946;-320;40
3947;-320;40
3948;-320;48
3949;-320;40
3950;-320;40
3951;-312;40
3952;-312;40
3953;-320;40
3954;-320;40
3955;-312;48
3956;-312;40
3957;-320;48
3958;-320;48
3959;-320;56
3960;-312;56
3961;-312;56
3962;-312;56
3963;-304;64
3964;-312;64
3965;-312;64
3966;-312;64
3967;-312;72
3968;-312;72
3969;-312;72
3970;-312;80
3971;-312;80
3972;-304;80
3973;-312;80
3974;-312;80
3975;-304;80
3976;-312;80
3977;-304;80
3978;-304;80
3979;-304;72
3980;-304;80
3981;-304;80
3982;-304;72
3983;-304;80
3984;-304;80
3985;-296;80
3986;-296;80
3987;-304;72
3988;-304;72
3989;-304;72
3990;-296;72
3991;-304;72
3992;-296;72
3993;-296;72
3994;-288;72
3995;-288;72
3996;-288;72
3997;-296;72
3998;-280;64
3999;-288;72
4000;-280;72
4001;-288;64
4002;-288;64
4003;-280;72
4004;-280;64
4005;-272;72
4006;-280;72
4007;-280;64
4008;-280;64
4009;-272;72
4010;-280;64
4011;-280;64
4012;-272;64
4013;-272;72
4014;-272;64
4015;-272;64
4016;-272;64
4017;-272;64
4018;-264;64
4019;-264;64
4020;-264;64
4021;-256;64
4022;-256;64
4023;-256;64
4024;-256;64
4025;-256;64
4026;-248;64
4027;-248;56
4028;-248;64
4029;-248;56
4030;-240;48
4031;-248;56
4032;-240;40
4033;-240;48
4034;-240;48
4035;-240;48
4036;-240;40
4037;-232;40
4038;-248;40
4039;-232;40
4040;-232;40
4041;-232;40
4042;-224;40
4043;-224;40
4044;-224;40
4045;-208;40
4046;-224;48
4047;-216;48
4048;-216;48
4049;-216;56
4050;-216;56
4051;-208;56
4052;-200;56
4053;-208;64
4054;-208;64
4055;-208;72
4056;-200;64
4057;-200;72
4058;-192;72
4059;-192;72
4060;-192;80
4061;-192;72
4062;-192;80
4063;-192;80
4064;-184;80
4065;-184;80
4066;-184;80
4067;-176;80
4068;-176;80
4069;-176;80
4070;-176;80
4071;-168;80
4072;-168;80
4073;-168;72
4074;-168;72
4075;-160;72
4076;-160;72
4077;-160;72
4078;-152;72
4079;-152;72
4080;-176;72
4081;-144;72
4082;-152;72
4083;-144;72
4084;-144;72
4085;-144;72
4086;-136;72
4087;-136;72
4088;-128;72
4089;-136;72
4090;-136;72
4091;-128;64
4092;-120;64
4093;-120;64
4094;-120;72
4095;-128;64
4096;-120;72
4097;-112;72
4098;-112;64
4099;-112;64
4100;-112;64
4101;-104;64
4102;-104;64
4103;-104;64
4104;-104;64
4105;-96;64
4106;-96;72
4107;-88;64
4108;-88;64
4109;-88;64
4110;-88;64
4111;-88;64
4112;-80;64
4113;-72;64
4114;-72;64
4115;-80;64
4116;-72;72
4117;-72;64
4118;-72;64
4119;-64;64
4120;-64;64
4121;-56;64
4122;-56;64
4123;-56;64
4124;-56;56
4125;-56;64
4126;-56;64
4127;-56;56
4128;-48;48
4129;-48;48
4130;-48;56
4131;-40;48
4132;-40;48
4133;-32;48
4134;-40;48
4135;-32;40
4136;-32;48
4137;-24;40
4138;-24;48
4139;-24;-16
4140;-16;-16
4141;-16;-16
4142;-16;-16
4143;-16;-16
4144;-8;-16
4145;-16;-16
4146;-8;-8
4147;0;-8
4148;0;-8
4149;0;-8
4150;8;0
4151;8;0
4152;8;8
4153;16;8
4154;8;8
4155;32;8
4156;16;16
4157;24;16
4158;24;16
4159;24;16
4160;24;16
4161;24;24
4162;24;16
4163;40;16
4164;32;24
4165;32;24
4166;32;16
4167;32;24
4168;40;24
4169;48;16
4170;48;24
4171;48;16
4172;56;16
4173;56;16
4174;56;16
4175;56;24
4176;64;16
4177;64;16
4178;64;16
4179;72;16
4180;72;8
4181;72;16
4182;80;16
4183;80;8
4184;72;16
4185;80;16
4186;80;16
4187;88;8
4188;88;16
4189;88;16
4190;88;8
4191;96;8
4192;96;16
4193;96;8
4194;104;8
4195;104;8
4196;104;8
4197;104;16
4198;112;8
4199;112;8
4200;112;8
4201;112;8
4202;120;8
4203;120;8
4204;120;8
4205;120;8
4206;120;8
4207;128;8
4208;128;8
4209;120;8
4210;136;8
4211;136;8
4212;136;8
4213;136;8
4214;136;0
4215;144;0
4216;136;0
4217;144;0
4218;144;0
4219;152;-8
4220;152;-8
4221;152;-8
4222;152;-8
4223;152;-8
4224;152;-8
4225;160;-8
4226;160;-16
4227;168;-16
4228;168;-16
4229;168;-16
4230;168;-16
4231;168;-16
4232;176;-16
4233;176;-16
4234;176;-16
4235;184;-16
4236;176;-8
4237;200;-8
4238;192;-8
4239;184;8
4240;184;8
4241;192;8
4242;192;8
4243;192;16
4244;208;16
4245;200;8
4246;200;16
4247;200;16
4248;208;24
4249;208;24
4250;208;24
4251;208;24
4252;208;24
4253;216;24
4254;216;16
4255;216;24
4256;208;16
4257;216;16
4258;216;16
4259;224;24
4260;224;16
4261;224;16
4262;232;16
4263;224;16
4264;232;16
4265;232;16
4266;232;16
4267;240;16
4268;240;16
4269;232;16
4270;248;8
4271;240;16
4272;248;16
4273;240;8
4274;240;8
4275;248;8
4276;248;8
4277;240;8
4278;256;8
4279;248;16
4280;256;16
4281;256;8
4282;256;8
4283;256;8
4284;256;16
4285;264;8
4286;256;16
4287;264;8
4288;264;8
4289;264;8
4290;264;8
4291;272;8
4292;264;8
4293;272;8
4294;272;8
4295;272;8
4296;280;8
4297;272;8
4298;280;8
4299;280;0
4300;280;0
4301;280;0
4302;280;0
4303;288;-8
4304;280;-8
4305;288;-8
4306;288;-8
4307;280;-16
4308;288;-8
4309;288;-8
4310;296;-16
4311;296;-16
4312;296;-16
4313;296;-16
4314;296;-16
4315;296;-16
4316;296;-16
4317;296;-16
4318;296;-8
4319;280;-16
4320;304;-8
4321;304;-8
4322;304;-8
4323;304;0
4324;296;0
4325;304;0
4326;296;8
4327;304;8
4328;312;8
4329;304;8
4330;312;16
4331;312;16
4332;312;16
4333;312;16
4334;312;16
4335;320;16
4336;312;16
4337;312;24
4338;320;24
4339;312;16
4340;312;24
4341;320;24
4342;320;24
4343;320;24
4344;328;24
4345;320;24
4346;328;24
4347;320;16
4348;328;-24
4349;320;-16
4350;320;-16
4351;320;-24
4352;320;-24
4353;328;-24
4354;320;-24
4355;328;-24
4356;328;-24
4357;328;-24
4358;328;-24
4359;336;-24
4360;328;-24
4361;328;-24
4362;328;-24
4363;328;-24
4364;328;-24
4365;328;-24
4366;328;-32
4367;336;-32
4368;328;-32
4369;328;-32
4370;336;-32
4371;336;-32
4372;336;-32
4373;328;-40
4374;328;-40
4375;336;-40
4376;336;-40
4377;336;-40
4378;336;-40
4379;336;-48
4380;328;-48
4381;336;-48
4382;336;-56
4383;336;-48
4384;336;-48
4385;336;-48
4386;336;-56
4387;328;-56
4388;336;-48
4389;336;-48
4390;336;-48
4391;336;-48
4392;336;-40
4393;336;-48
4394;344;-40
4395;336;-40
4396;336;-40
4397;336;-32
4398;328;-32
4399;336;-24
4400;336;-24
4401;352;-24
4402;336;-16
4403;336;-24
4404;336;-16
4405;328;-16
4406;336;-16
4407;336;-16
4408;336;-16
4409;336;-16
4410;328;-16
4411;328;-16
4412;328;-16
4413;328;-16
4414;328;-16
4415;328;-16
4416;336;-16
4417;328;-16
4418;328;-24
4419;328;-24
4420;328;-16
4421;328;-16
4422;328;-16
4423;328;-24
4424;328;-16
4425;320;-24
4426;328;-24
4427;328;-24
4428;320;-24
4429;320;-24
4430;328;-24
4431;328;-24
4432;320;-24
4433;320;-24
4434;312;-24
4435;320;-24
4436;320;-24
4437;320;-32
4438;320;-32
4439;320;-24
4440;320;-24
4441;312;-32
4442;320;-24
4443;312;-32
4444;312;-24
4445;312;-32
4446;312;-24
4447;312;-24
4448;312;-24
4449;312;-24
4450;312;-24
4451;312;-32
4452;312;-24
4453;304;-24
4454;312;-24
4455;312;-24
4456;304;-24
4457;304;-24
4458;304;-32
4459;296;-24
4460;312;-32
4461;296;-24
4462;304;-24
4463;304;-32
4464;296;-24
4465;296;-32
4466;296;-32
4467;296;-32
4468;296;-32
4469;296;-32
4470;296;-32
4471;288;-32
4472;288;-40
4473;288;-40
4474;288;-40
4475;288;-40
4476;264;-48
4477;280;-40
4478;280;-48
4479;280;-48
4480;280;-48
4481;272;-48
4482;280;-48
4483;264;-48
4484;272;-56
4485;272;-48
4486;272;-56
4487;272;-56
4488;272;-56
4489;272;-48
4490;264;-48
4491;264;-48
4492;264;-40
4493;256;-40
4494;264;-40
4495;264;-40
4496;264;-40
4497;264;-32
4498;256;-32
4499;256;-24
4500;256;-24
4501;256;-24
4502;256;-24
4503;248;-24
4504;248;-16
4505;248;-16
4506;248;-16
4507;240;-24
4508;240;-16
4509;232;-16
4510;240;-16
4511;240;-16
4512;232;-16
4513;232;-16
4514;232;-24
4515;232;-16
4516;240;-16
4517;232;-24
4518;224;-24
4519;224;-24
4520;224;-24
4521;224;-16
4522;216;-24
4523;216;-16
4524;216;-16
4525;216;-24
4526;216;-24
4527;208;-24
4528;208;-24
4529;216;-24
4530;200;-24
4531;200;-24
4532;208;-24
4533;200;-24
4534;200;-24
4535;200;-24
4536;200;-24
4537;192;-24
4538;192;-24
4539;192;-24
4540;192;-24
4541;192;-32
4542;192;-24
4543;184;-24
4544;176;-32
4545;176;-32
4546;176;-32
4547;176;-32
4548;176;-24
4549;176;-24
4550;176;-24
4551;192;-24
4552;168;-24
4553;160;-24
4554;160;-24
4555;160;-24
4556;160;8
4557;160;8
4558;160;8
4559;160;8
4560;152;8
4561;152;0
4562;144;0
4563;136;0
4564;144;0
4565;144;-8
4566;136;-8
4567;144;-8
4568;136;-8
4569;136;-8
4570;136;-8
4571;136;-16
4572;128;-8
4573;128;-8
4574;128;-8
4575;120;-16
4576;120;-16
4577;120;-16
4578;120;-16
4579;120;-16
4580;112;-16
4581;112;-16
4582;112;-16
4583;112;-8
4584;112;-8
4585;104;0
4586;96;0
4587;96;0
4588;96;8
4589;96;8
4590;96;16
4591;88;8
4592;88;16
4593;88;16
4594;88;16
4595;88;16
4596;80;24
4597;80;16
4598;88;24
4599;72;24
4600;72;24
4601;72;24
4602;72;24
4603;72;24
4604;64;24
4605;64;24
4606;64;24
4607;56;16
4608;56;16
4609;56;16
4610;48;16
4611;48;16
4612;48;16
4613;40;16
4614;40;16
4615;40;16
4616;40;16
4617;40;16
4618;32;16
4619;24;16
4620;32;16
4621;24;16
4622;24;16
4623;24;8
4624;16;16
4625;16;16
4626;8;16
4627;16;16
4628;8;8
4629;8;8
4630;8;8
4631;8;16
4632;0;8
4633;0;8
4634;0;8
4635;0;8
4636;-8;8
4637;-8;8
4638;-8;8
4639;-16;8
4640;8;8
4641;-16;8
4642;-16;8
4643;-24;8
4644;-24;8
4645;-16;8
4646;-24;8
4647;-24;8
4648;-32;8
4649;-32;8
4650;-40;8
4651;-40;8
4652;-48;8
4653;-40;8
4654;-48;8
4655;-48;8
4656;-48;8
4657;-56;8
4658;-56;8
4659;-56;8
4660;-64;0
4661;-64;8
4662;-64;0
4663;-64;0
4664;-64;0
4665;-72;-8
4666;-72;-8
4667;-72;-8
4668;-80;-8
4669;-72;-8
4670;-80;-16
4671;-88;-16
4672;-80;-16
4673;-88;-16
4674;-80;-16
4675;-96;-16
4676;-96;-16
4677;-96;-16
4678;-96;-16
4679;-96;-16
4680;-112;-8
4681;-104;-8
4682;-104;0
4683;-112;-8
4684;-112;0
4685;-112;0
4686;-112;8
4687;-120;16
4688;-120;16
4689;-120;16
4690;-120;16
4691;-120;16
4692;-120;24
4693;-128;24
4694;-120;24
4695;-128;24
4696;-128;24
4697;-136;24
4698;-136;24
4699;-136;24
4700;-136;16
4701;-144;24
4702;-144;24
4703;-152;16
4704;-152;24
4705;-152;24
4706;-160;16
4707;-160;16
4708;-144;16
4709;-160;16
4710;-160;16
4711;-168;16
4712;-160;16
4713;-176;16
4714;-168;16
4715;-184;16
4716;-168;16
4717;-176;16
4718;-176;16
4719;-176;16
4720;-192;8
4721;-184;16
4722;-192;8
4723;-184;16
4724;-192;8
4725;-192;16
4726;-192;8
4727;-192;8
4728;-200;8
4729;-192;8
4730;-200;8
4731;-200;16
4732;-208;8
4733;-208;8
4734;-208;16
4735;-208;8
4736;-216;8
4737;-216;8
4738;-216;8
4739;-216;8
4740;-216;16
4741;-216;8
4742;-224;0
4743;-224;16
4744;-224;8
4745;-224;8
4746;-224;8
4747;-224;8
4748;-232;8
4749;-232;0
4750;-240;0
4751;-232;0
4752;-232;0
4753;-240;0
4754;-240;-8
4755;-224;-8
4756;-240;-8
4757;-240;-16
4758;-248;-8
4759;-248;-16
4760;-248;-8
4761;-248;-8
4762;-256;-16
4763;-256;-16
4764;-248;8
4765;-256;40
4766;-256;40
4767;-256;40
4768;-256;40
4769;-264;48
4770;-264;40
4771;-272;48
4772;-264;48
4773;-264;56
4774;-264;48
4775;-272;56
4776;-280;64
4777;-272;64
4778;-272;64
4779;-272;64
4780;-280;72
4781;-280;72
4782;-280;72
4783;-296;72
4784;-280;80
4785;-280;72
4786;-280;80
4787;-280;80
4788;-280;80
4789;-288;72
4790;-280;72
4791;-288;80
4792;-288;80
4793;-288;72
4794;-288;72
4795;-288;80
4796;-296;72
4797;-280;72
4798;-296;72
4799;-296;72
4800;-296;72
4801;-304;72
4802;-304;72
4803;-296;72
4804;-296;72
4805;-304;72
4806;-304;64
4807;-304;72
4808;-304;64
4809;-312;72
4810;-304;64
4811;-304;64
4812;-304;72
4813;-304;64
4814;-312;72
4815;-312;64
4816;-312;64
4817;-312;64
4818;-312;64
4819;-312;64
4820;-312;64
4821;-312;64
4822;-312;64
4823;-312;64
4824;-312;64
4825;-312;64
4826;-312;64
4827;-312;64
4828;-320;64
4829;-320;64
4830;-328;64
4831;-320;64
4832;-320;64
4833;-320;64
4834;-320;64
4835;-320;64
4836;-320;64
4837;-312;64
4838;-320;64
4839;-320;64
4840;-328;64
4841;-320;64
4842;-320;64
4843;-320;64
4844;-320;64
4845;-320;64
4846;-320;64
4847;-320;64
4848;-320;64
4849;-320;56
4850;-320;56
4851;-320;56
4852;-320;56
4853;-320;56
4854;-320;48
4855;-320;48
4856;-320;48
4857;-320;40
4858;-328;40
4859;-328;40
4860;-320;40
4861;-320;48
4862;-320;40
4863;-328;40
4864;-320;40
4865;-328;40
4866;-320;40
4867;-320;40
4868;-320;40
4869;-320;40
4870;-320;48
4871;-320;48
4872;-344;48
4873;-320;48
4874;-320;56
4875;-320;56
4876;-312;64
4877;-320;56
4878;-312;64
4879;-312;64
4880;-312;64
4881;-312;64
4882;-312;72
4883;-320;80
4884;-304;72
4885;-312;72
4886;-312;80
4887;-312;72
4888;-312;72
4889;-312;72
4890;-312;72
4891;-312;80
4892;-312;72
4893;-312;72
4894;-312;72
4895;-304;72
4896;-312;72
4897;-312;80
4898;-304;72
4899;-304;72
4900;-304;72
4901;-304;64
4902;-296;72
4903;-304;72
4904;-304;72
4905;-304;72
4906;-304;72
4907;-296;64
4908;-296;64
4909;-296;64
4910;-296;64
4911;-296;64
4912;-304;64
4913;-288;64
4914;-296;64
4915;-296;64
4916;-296;64
4917;-288;64
4918;-288;72
4919;-280;64
4920;-288;64
4921;-288;64
4922;-280;64
4923;-288;64
4924;-280;64
4925;-280;64
4926;-280;64
4927;-280;64
4928;-280;64
4929;-272;64
4930;-272;64
4931;-272;64
4932;-272;64
4933;-264;64
4934;-264;64
4935;-264;64
4936;-264;64
4937;-264;64
4938;-264;64
4939;-264;64
4940;-256;56
4941;-256;56
4942;-256;56
4943;-248;56
4944;-256;56
4945;-248;56
4946;-248;56
4947;-248;48
4948;-248;48
4949;-248;48
4950;-240;48
4951;-240;48
4952;-248;32
4953;-240;40
4954;-256;40
4955;-232;40
4956;-232;40
4957;-232;40
4958;-224;40
4959;-232;40
4960;-232;40
4961;-240;40
4962;-224;40
4963;-224;48
4964;-224;48
4965;-216;48
4966;-208;56
4967;-216;64
4968;-216;64
4969;-208;72
4970;-208;64
4971;-208;72
4972;-208;72
4973;-200;48
4974;-200;48
4975;-200;48
4976;-200;48
4977;-192;48
4978;-200;48
4979;-192;48
4980;-184;48
4981;-184;48
4982;-184;48
4983;-184;48
4984;-184;48
4985;-176;40
4986;-176;40
4987;-176;40
4988;-176;40
4989;-168;40
4990;-168;40
4991;-168;40
4992;-168;40
4993;-160;40
4994;-144;40
4995;-160;40
4996;-152;40
4997;-152;40
4998;-152;32
4999;-144;32
5000;-144;32
5001;-144;32
5002;-144;40
5003;-136;40
5004;-136;32
5005;-136;40
5006;-128;32
5007;-128;32
5008;-128;32
5009;-128;32
5010;-128;32
5011;-120;32
5012;-120;32
5013;-120;32
5014;-120;32
5015;-120;32
5016;-112;32
5017;-112;32
5018;-104;32
5019;-104;32
5020;-104;24
5021;-96;24
5022;-104;24
5023;-96;24
5024;-96;24
5025;-88;24
5026;-88;16
5027;-88;16
5028;-80;16
5029;-72;16
5030;-80;16
5031;-80;16
5032;-72;8
5033;-72;8
5034;-72;8
5035;-72;8
5036;-64;8
5037;-64;8
5038;-64;8
5039;-64;16
5040;-56;16
5041;-56;16
5042;-48;16
5043;-48;24
5044;-48;24
5045;-40;24
5046;-40;24
5047;-40;32
5048;-48;32
5049;-32;32
5050;-32;32
5051;-32;40
5052;-24;40
5053;-24;48
5054;-24;48
5055;-24;40
5056;-16;48
5057;-16;48
5058;-16;48
5059;-8;48
5060;-8;48
5061;-16;48
5062;-8;48
5063;-8;48
5064;-8;48
5065;0;40
5066;0;48
5067;0;48
5068;8;40
5069;-8;40
5070;16;40
5071;16;40
5072;16;40
5073;16;40
5074;16;40
5075;24;40
5076;32;40
5077;24;40
5078;32;40
5079;32;40
5080;32;40
5081;40;32
5082;40;32
5083;48;40
5084;40;32
5085;48;32
5086;48;40
5087;48;32
5088;56;32
5089;56;32
5090;56;32
5091;56;32
5092;64;32
5093;56;32
5094;64;32
5095;72;32
5096;64;32
5097;72;32
5098;72;32
5099;80;32
5100;80;32
5101;80;32
5102;80;32
5103;80;32
5104;88;32
5105;88;32
5106;88;40
5107;96;32
5108;96;32
5109;96;32
5110;96;32
5111;80;32
5112;104;32
5113;104;24
5114;112;24
5115;112;24
5116;104;24
5117;112;16
5118;112;16
5119;120;16
5120;120;16
5121;120;16
5122;120;8
5123;136;8
5124;128;8
5125;128;8
5126;136;8
5127;128;8
5128;136;8
5129;136;8
5130;136;8
5131;144;8
5132;144;16
5133;144;16
5134;152;16
5135;152;16
5136;152;16
5137;160;24
5138;152;24
5139;152;24
5140;160;32
5141;160;32
5142;160;32
5143;168;40
5144;176;40
5145;168;40
5146;168;40
5147;168;48
5148;176;48
5149;176;40
5150;176;40
5151;184;48
5152;176;48
5153;184;48
5154;184;40
5155;176;48
5156;192;48
5157;192;48
5158;184;40
5159;192;40
5160;200;40
5161;200;40
5162;200;40
5163;200;40
5164;200;40
5165;200;40
5166;208;40
5167;208;40
5168;208;40
5169;216;40
5170;216;32
5171;216;40
5172;208;32
5173;216;40
5174;224;32
5175;224;32
5176;216;40
5177;224;32
5178;224;40
5179;232;40
5180;232;40
5181;232;40
5182;232;32
5183;232;-16
5184;240;-24
5185;240;-24
5186;256;-24
5187;240;-24
5188;240;-32
5189;248;-24
5190;240;-32
5191;248;-32
5192;248;-32
5193;248;-32
5194;256;-40
5195;256;-40
5196;256;-40
5197;256;-40
5198;248;-40
5199;256;-40
5200;264;-48
5201;264;-40
5202;264;-40
5203;264;-48
5204;264;-48
5205;264;-48
5206;264;-48
5207;264;-40
5208;272;-40
5209;272;-40
5210;272;-40
5211;272;-40
5212;272;-40
5213;280;-32
5214;272;-32
5215;272;-32
5216;280;-24
5217;280;-24
5218;280;-24
5219;280;-24
5220;288;-16
5221;288;-16
5222;288;-16
5223;288;-16
5224;288;-8
5225;288;-8
5226;280;-8
5227;288;-16
5228;296;-16
5229;296;-8
5230;296;-8
5231;296;-16
5232;296;-16
5233;312;-16
5234;304;-16
5235;296;-8
5236;296;-16
5237;304;-16
5238;304;-16
5239;304;-16
5240;304;-16
5241;304;-16
5242;304;-16
5243;304;-16
5244;304;-16
5245;304;-16
5246;312;-24
5247;312;-24
5248;312;-16
5249;312;-16
5250;304;-24
5251;312;-24
5252;320;-16
5253;312;-16
5254;312;-16
5255;320;-24
5256;312;-16
5257;320;-24
5258;320;-24
5259;320;-24
5260;320;-24
5261;304;-24
5262;320;-24
5263;320;-24
5264;320;-24
5265;320;-24
5266;328;-24
5267;320;-24
5268;328;-24
5269;320;-24
5270;328;-24
5271;328;-24
5272;328;-24
5273;320;-24
5274;328;-16
5275;336;-24
5276;328;-24
5277;328;-24
5278;328;-24
5279;328;-24
5280;328;-16
5281;328;-24
5282;336;-24
5283;328;-24
5284;328;-24
5285;328;-24
5286;328;-24
5287;320;-32
5288;336;-32
5289;336;-32
5290;336;-32
5291;328;-40
5292;336;-40
5293;336;-40
5294;336;-40
5295;336;-40
5296;336;-48
5297;336;-40
5298;328;-48
5299;336;-48
5300;328;-48
5301;336;-48
5302;336;-48
5303;336;-48
5304;336;-48
5305;336;-40
5306;336;-40
5307;336;-40
5308;328;-40
5309;336;-40
5310;336;-32
5311;328;-32
5312;336;-24
5313;336;-24
5314;328;-16
5315;336;-16
5316;336;-16
5317;336;-8
5318;336;-8
5319;336;-16
5320;328;-16
5321;328;-8
5322;336;-8
5323;328;-8
5324;328;-8
5325;328;-8
5326;328;-8
5327;336;-8
5328;328;-8
5329;336;-8
5330;328;-16
5331;328;-16
5332;328;-16
5333;328;-16
5334;328;-16
5335;328;-16
5336;328;-16
5337;328;-16
5338;328;-16
5339;328;-16
5340;328;-16
5341;320;-16
5342;328;-16
5343;320;-24
5344;320;-16
5345;320;-16
5346;328;-24
5347;320;-16
5348;320;-24
5349;320;-24
5350;296;-24
5351;320;-24
5352;312;-24
5353;320;-24
5354;320;-24
5355;320;-24
5356;320;-24
5357;320;-24
5358;320;-24
5359;320;-24
5360;312;-24
5361;320;-24
5362;320;-16
5363;312;-24
5364;312;-24
5365;312;-24
5366;312;-24
5367;304;-24
5368;304;-32
5369;304;-32
5370;304;-32
5371;304;-32
5372;304;-32
5373;304;-40
5374;304;-40
5375;304;-40
5376;304;-40
5377;304;-40
5378;296;-40
5379;296;-48
5380;296;-48
5381;296;-48
5382;296;-48
5383;304;-48
5384;296;-48
5385;296;-48
5386;296;-48
5387;296;-40
5388;296;-40
5389;288;-32
5390;288;-40
5391;288;-32
5392;288;-24
5393;288;-24
5394;288;-16
5395;280;-16
5396;280;-16
5397;272;-8
5398;272;-8
5399;280;0
5400;272;0
5401;272;0
5402;272;0
5403;272;-8
5404;264;0
5405;264;0
5406;264;0
5407;264;0
5408;264;0
5409;264;0
5410;256;0
5411;264;0
5412;264;0
5413;256;0
5414;256;-8
5415;256;0
5416;256;-8
5417;256;0
5418;256;-8
5419;240;-8
5420;248;0
5421;248;-8
5422;248;-8
5423;248;-8
5424;248;-8
5425;264;-8
5426;240;-8
5427;232;-8
5428;232;-8
5429;240;-8
5430;232;-8
5431;232;-8
5432;232;-8
5433;232;-8
5434;232;-16
5435;224;-8
5436;224;-16
5437;216;-8
5438;224;-8
5439;224;-8
5440;216;-8
5441;216;-8
5442;216;-8
5443;208;-16
5444;208;-8
5445;208;-16
5446;208;-8
5447;208;-8
5448;208;-16
5449;200;-8
5450;200;-16
5451;200;-16
5452;200;-16
5453;200;-16
5454;192;-16
5455;192;-24
5456;192;-24
5457;184;-24
5458;192;-24
5459;192;-24
5460;184;-24
5461;184;-24
5462;184;-32
5463;184;-32
5464;176;-32
5465;168;-32
5466;176;-32
5467;168;-32
5468;168;-40
5469;168;-32
5470;160;-40
5471;168;-32
5472;176;-32
5473;160;-32
5474;160;-24
5475;160;-24
5476;152;-24
5477;152;-24
5478;152;-16
5479;152;-16
5480;152;-8
5481;144;-8
5482;152;0
5483;144;0
5484;144;0
5485;136;-8
5486;136;0
5487;136;0
5488;128;0
5489;136;0
5490;128;0
5491;128;0
5492;128;0
5493;120;0
5494;120;0
5495;120;0
5496;120;0
5497;120;0
5498;112;-8
5499;112;0
5500;96;0
5501;104;-8
5502;104;-8
5503;104;-8
5504;104;-8
5505;104;0
5506;96;0
5507;104;-8
5508;96;-8
5509;88;-8
5510;88;-8
5511;88;-8
5512;88;-8
5513;88;-8
5514;96;-8
5515;80;-8
5516;72;-8
5517;72;-8
5518;72;-8
5519;64;-8
5520;64;-8
5521;64;-8
5522;64;-16
5523;64;-8
5524;56;-16
5525;56;-8
5526;48;-16
5527;56;-16
5528;48;-16
5529;56;-16
5530;48;-16
5531;48;-24
5532;48;-24
5533;40;-24
5534;40;-24
5535;32;-32
5536;32;-24
5537;32;-32
5538;32;-32
5539;32;-32
5540;24;-32
5541;24;-32
5542;16;-32
5543;24;-32
5544;16;-32
5545;16;-32
5546;16;-32
5547;0;-32
5548;0;-32
5549;8;-32
5550;0;-24
5551;0;-24
5552;0;-24
5553;-8;-16
5554;0;-16
5555;-8;-16
5556;-8;-8
5557;-16;0
5558;-16;-8
5559;-16;-8
5560;-16;0
5561;-16;0
5562;-24;0
5563;-24;0
5564;-32;0
5565;-32;0
5566;-32;0
5567;-32;0
5568;-32;0
5569;-32;0
5570;-40;0
5571;-40;0
5572;-48;0
5573;-48;0
5574;-48;0
5575;-56;0
5576;-56;0
5577;-56;0
5578;-64;0
5579;-64;-8
5580;-64;-8
5581;-64;-8
5582;-72;-8
5583;-72;-8
5584;-72;-8
5585;-72;-8
5586;-80;-8
5587;-80;-8
5588;-80;-8
5589;-104;-8
5590;-80;-8
5591;-88;-8
5592;-88;-8
5593;-88;-8
5594;-96;-8
5595;-96;-8
5596;-104;-8
5597;-104;-8
5598;-96;56
5599;-104;48
5600;-104;48
5601;-96;56
5602;-112;48
5603;-112;48
5604;-120;48
5605;-120;40
5606;-120;48
5607;-120;40
5608;-128;40
5609;-120;40
5610;-128;32
5611;-128;40
5612;-128;32
5613;-136;32
5614;-128;32
5615;-144;32
5616;-144;32
5617;-144;24
5618;-144;24
5619;-144;24
5620;-144;32
5621;-144;24
5622;-144;32
5623;-152;32
5624;-152;32
5625;-160;32
5626;-160;32
5627;-160;40
5628;-160;40
5629;-176;40
5630;-160;48
5631;-168;48
5632;-168;48
5633;-168;48
5634;-168;56
5635;-176;56
5636;-176;56
5637;-176;64
5638;-176;56
5639;-184;64
5640;-184;64
5641;-184;64
5642;-184;64
5643;-184;64
5644;-192;64
5645;-192;64
5646;-192;64
5647;-192;64
5648;-192;64
5649;-200;64
5650;-192;64
5651;-208;56
5652;-200;64
5653;-208;64
5654;-216;64
5655;-208;64
5656;-208;64
5657;-216;64
5658;-216;56
5659;-216;56
5660;-216;56
5661;-224;56
5662;-224;56
5663;-232;56
5664;-216;56
5665;-224;56
5666;-224;56
5667;-232;56
5668;-240;64
5669;-240;56
5670;-240;56
5671;-256;48
5672;-240;56
5673;-240;56
5674;-240;56
5675;-248;56
5676;-256;56
5677;-248;56
5678;-256;48
5679;-248;56
5680;-256;56
5681;-248;56
5682;-256;48
5683;-256;56
5684;-256;56
5685;-264;48
5686;-256;48
5687;-256;56
5688;-264;48
5689;-264;48
5690;-264;48
5691;-264;40
5692;-264;48
5693;-272;40
5694;-272;40
5695;-272;40
5696;-272;40
5697;-272;40
5698;-272;40
5699;-280;32
5700;-280;32
5701;-280;32
5702;-280;24
5703;-280;24
5704;-296;24
5705;-280;32
5706;-280;24
5707;-280;24
5708;-288;32
5709;-280;32
5710;-288;32
5711;-280;32
5712;-288;32
5713;-288;40
5714;-288;40
5715;-296;40
5716;-288;48
5717;-296;40
5718;-288;56
5719;-296;56
5720;-296;56
5721;-304;56
5722;-296;64
5723;-304;64
5724;-304;64
5725;-304;64
5726;-304;64
5727;-304;64
5728;-304;64
5729;-304;64
5730;-304;64
5731;-304;64
5732;-312;72
5733;-312;64
5734;-304;64
5735;-312;64
5736;-312;64
5737;-312;64
5738;-312;64
5739;-320;64
5740;-312;64
5741;-304;64
5742;-312;64
5743;-312;56
5744;-312;56
5745;-312;56
5746;-312;64
5747;-312;56
5748;-312;56
5749;-320;56
5750;-320;56
5751;-312;56
5752;-320;56
5753;-304;64
5754;-320;48
5755;-320;56
5756;-320;48
5757;-320;56
5758;-312;56
5759;-320;64
5760;-312;56
5761;-320;56
5762;-320;56
5763;-320;56
5764;-320;56
5765;-328;56
5766;-320;56
5767;-320;56
5768;-320;56
5769;-320;56
5770;-320;48
5771;-320;56
5772;-320;56
5773;-320;56
5774;-320;56
5775;-320;48
5776;-320;56
5777;-320;56
5778;-320;56
5779;-312;48
5780;-320;48
5781;-320;48
5782;-320;48
5783;-320;48
5784;-320;40
5785;-312;48
5786;-328;40
5787;-320;40
5788;-320;40
5789;-312;32
5790;-320;32
5791;-320;32
5792;-320;24
5793;-328;32
5794;-312;24
5795;-312;32
5796;-312;24
5797;-312;24
5798;-312;24
5799;-312;24
5800;-312;24
5801;-312;32
5802;-312;32
5803;-320;40
5804;-312;40
5805;-312;40
5806;-312;48
5807;-304;56
5808;-304;56
5809;-312;64
5810;-312;64
5811;-304;64
5812;-304;64
5813;-312;64
5814;-304;72
5815;-304;72
5816;-304;72
5817;-304;72
5818;-304;72
5819;-304;72
5820;-296;72
5821;-296;72
5822;-296;72
5823;-296;72
5824;-296;80
5825;-296;72
5826;-296;80
5827;-296;72
5828;-312;72
5829;-296;72
5830;-296;72
5831;-296;80
5832;-288;64
5833;-296;64
5834;-288;64
5835;-296;72
5836;-288;64
5837;-280;64
5838;-280;72
5839;-280;64
5840;-272;64
5841;-280;64
5842;-280;64
5843;-280;64
5844;-272;64
5845;-272;64
5846;-272;64
5847;-272;64
5848;-272;64
5849;-272;72
5850;-264;64
5851;-264;64
5852;-264;64
5853;-264;64
5854;-256;64
5855;-264;64
5856;-256;64
5857;-256;56
5858;-256;64
5859;-256;64
5860;-256;64
5861;-248;64
5862;-248;64
5863;-248;64
5864;-248;64
5865;-240;64
5866;-240;64
5867;-240;64
5868;-232;64
5869;-240;56
5870;-240;64
5871;-232;64
5872;-232;56
5873;-232;56
5874;-224;56
5875;-232;56
5876;-224;48
5877;-224;56
5878;-216;48
5879;-224;48
5880;-216;48
5881;-216;48
5882;-216;40
5883;-216;40
5884;-208;40
5885;-208;40
5886;-208;40
5887;-200;40
5888;-200;40
5889;-208;40
5890;-200;32
5891;-200;32
5892;-192;40
5893;-200;40
5894;-192;40
5895;-192;40
5896;-192;40
5897;-192;48
5898;-184;48
5899;-176;56
5900;-176;56
5901;-176;56
5902;-176;56
5903;-152;56
5904;-168;64
5905;-168;64
5906;-168;64
5907;-168;72
5908;-160;64
5909;-160;72
5910;-144;72
5911;-152;72
5912;-152;80
5913;-152;72
5914;-152;72
5915;-152;72
5916;-144;72
5917;-144;72
5918;-144;72
5919;-136;72
5920;-136;72
5921;-128;72
5922;-136;72
5923;-128;72
5924;-128;72
5925;-128;72
5926;-120;72
5927;-120;72
5928;-112;64
5929;-120;72
5930;-120;72
5931;-112;72
5932;-112;64
5933;-104;64
5934;-104;64
5935;-104;64
5936;-104;64
5937;-96;64
5938;-96;64
5939;-96;64
5940;-96;64
5941;-88;64
5942;-88;64
5943;-104;64
5944;-88;64
5945;-80;64
5946;-80;64
5947;-80;64
5948;-72;64
5949;-72;64
5950;-64;64
5951;-72;64
5952;-64;64
5953;-64;64
5954;-64;64
5955;-56;64
5956;-56;64
5957;-64;56
5958;-56;56
5959;-48;56
5960;-48;56
5961;-48;56
5962;-40;48
5963;-40;48
5964;-40;56
5965;-40;48
5966;-40;48
5967;-32;48
5968;-32;40
5969;-24;40
5970;-24;40
5971;-32;40
5972;-24;32
5973;-24;40
5974;-24;40
5975;-16;40
5976;-8;32
5977;-8;40
5978;-24;32
5979;-8;40
5980;-8;40
5981;0;48
5982;0;48
5983;8;48
5984;8;48
5985;8;56
5986;8;56
5987;16;64
5988;8;64
5989;16;64
5990;24;64
5991;24;64
5992;40;64
5993;24;72
5994;32;80
5995;32;72
5996;32;72
5997;40;72
5998;40;72
5999;40;72
6000;40;72
6001;40;72
6002;48;72
6003;40;72
6004;40;72
6005;56;72
6006;56;72
6007;56;64
6008;56;72
6009;56;72
6010;64;72
6011;64;72
6012;64;72
6013;72;72
6014;72;8
6015;72;0
6016;72;0
6017;80;8
6018;80;0
6019;80;8
6020;88;0
6021;88;8
6022;88;0
6023;88;0
6024;96;0
6025;88;0
6026;96;0
6027;96;0
6028;104;0
6029;96;0
6030;104;0
6031;104;0
6032;104;0
6033;112;0
6034;112;0
6035;120;0
6036;120;0
6037;120;-8
6038;120;-8
6039;120;-8
6040;120;-8
6041;128;-8
6042;128;-16
6043;128;-16
6044;136;-16
6045;136;-16
6046;144;-16
6047;136;-16
6048;136;-24
6049;144;-24
6050;144;-24
6051;152;-24
6052;144;-24
6053;152;-24
6054;152;-24
6055;152;-24
6056;152;-24
6057;152;-24
6058;160;-16
6059;160;-16
6060;168;-8
6061;168;0
6062;168;0
6063;168;0
6064;168;0
6065;168;0
6066;176;8
6067;160;8
6068;184;8
6069;176;16
6070;184;8
6071;184;8
6072;176;16
6073;192;16
6074;184;16
6075;192;8
6076;192;16
6077;192;16
6078;200;16
6079;208;8
6080;200;8
6081;200;8
6082;200;8
6083;200;8
6084;208;8
6085;208;0
6086;208;8
6087;208;8
6088;208;8
6089;216;8
6090;216;8
6091;216;8
6092;224;0
6093;224;0
6094;224;0
6095;224;8
6096;224;8
6097;224;0
6098;232;0
6099;224;0
6100;240;0
6101;232;0
6102;232;0
6103;232;0
6104;240;0
6105;232;0
6106;240;0
6107;256;0
6108;248;0
6109;240;0
6110;248;8
6111;248;0
6112;256;0
6113;248;0
6114;248;0
6115;248;-8
6116;256;0
6117;256;-8
6118;256;0
6119;256;-8
6120;264;-8
6121;256;-8
6122;264;-8
6123;264;-16
6124;264;-8
6125;264;-16
6126;264;-16
6127;272;-16
6128;264;-16
6129;272;-24
6130;272;-24
6131;280;-24
6132;272;-24
6133;280;-24
6134;280;-24
6135;272;-24
6136;280;-24
6137;280;-24
6138;280;-24
6139;288;-24
6140;288;-16
6141;288;-16
6142;304;-16
6143;288;-16
6144;288;-16
6145;296;-8
6146;288;-8
6147;296;-8
6148;296;0
6149;304;0
6150;296;0
6151;296;0
6152;296;8
6153;296;8
6154;296;8
6155;296;8
6156;304;8
6157;304;8
6158;304;8
6159;304;16
6160;304;16
6161;296;16
6162;304;8
6163;304;16
6164;312;8
6165;312;8
6166;312;16
6167;312;8
6168;312;8
6169;312;8
6170;312;0
6171;312;8
6172;312;8
6173;320;8
6174;312;8
6175;320;0
6176;320;8
6177;320;0
6178;320;8
6179;320;0
6180;320;0
6181;320;0
6182;304;0
6183;320;0
6184;328;0
6185;320;0
6186;328;0
6187;328;0
6188;328;0
6189;336;0
6190;328;0
6191;328;0
6192;328;0
6193;328;0
6194;328;0
6195;328;0
6196;336;0
6197;328;0
6198;336;0
6199;328;0
6200;336;0
6201;328;0
6202;328;0
6203;336;0
6204;328;0
6205;336;0
6206;328;0
6207;328;0
6208;328;0
6209;336;-8
6210;328;0
6211;328;-8
6212;336;-8
6213;336;-8
6214;336;-8
6215;336;-16
6216;336;-16
6217;328;-16
6218;328;-16
6219;336;-16
6220;336;-16
6221;336;-16
6222;336;-24
6223;336;-48
6224;320;-48
6225;328;-48
6226;336;-48
6227;336;-48
6228;336;-48
6229;336;-48
6230;336;-48
6231;344;-48
6232;336;-40
6233;336;-40
6234;336;-40
6235;336;-40
6236;344;-32
6237;336;-32
6238;336;-32
6239;336;-32
6240;336;-24
6241;328;-24
6242;336;-24
6243;328;-24
6244;328;-24
6245;328;-16
6246;336;-16
6247;328;-16
6248;328;-16
6249;328;-16
6250;328;-16
6251;328;-16
6252;328;-16
6253;328;-16
6254;328;-16
6255;328;-16
6256;320;-16
6257;328;-16
6258;328;-16
6259;328;-16
6260;328;-16
6261;328;-16
6262;320;-16
6263;328;-16
6264;312;-16
6265;320;-16
6266;320;-24
6267;320;-24
6268;320;-24
6269;320;-24
6270;320;-24
6271;312;-24
6272;312;-24
6273;320;-24
6274;312;-24
6275;320;-24
6276;320;-24
6277;312;-24
6278;312;-24
6279;312;-24
6280;312;-24
6281;312;-24
6282;312;-24
6283;312;-24
6284;304;-24
6285;312;-24
6286;312;-24
6287;312;-24
6288;304;-32
6289;304;-24
6290;304;-24
6291;304;-32
6292;312;-24
6293;304;-24
6294;304;-32
6295;296;-32
6296;304;-32
6297;304;-32
6298;304;-40
6299;304;-40
6300;296;-40
6301;296;-40
6302;288;-48
6303;296;-40
6304;288;-40
6305;288;-48
6306;280;-56
6307;288;-48
6308;288;-48
6309;288;-48
6310;288;-48
6311;280;-48
6312;280;-48
6313;272;-48
6314;280;-48
6315;280;-40
6316;280;-40
6317;280;-40
6318;288;-40
6319;272;-40
6320;272;-40
6321;272;-32
6322;272;-32
6323;272;-24
6324;264;-24
6325;272;-24
6326;264;-24
6327;264;-24
6328;264;-16
6329;264;-16
6330;256;-16
6331;264;-16
6332;256;-16
6333;256;-16
6334;256;-16
6335;248;-16
6336;256;-16
6337;256;-16
6338;248;-16
6339;248;-16
6340;248;-16
6341;248;-16
6342;240;-16
6343;240;-24
6344;240;-24
6345;240;-16
6346;240;-24
6347;232;-24
6348;232;-24
6349;232;-24
6350;232;-24
6351;232;-24
6352;232;-24
6353;224;-16
6354;224;-24
6355;224;-24
6356;224;-24
6357;224;-24
6358;216;-24
6359;216;-24
6360;216;-24
6361;216;-24
6362;216;-24
6363;216;-24
6364;208;-24
6365;208;-24
6366;208;-24
6367;200;-32
6368;200;-24
6369;200;-24
6370;200;-24
6371;192;-24
6372;200;-24
6373;192;-24
6374;184;-24
6375;192;-24
6376;184;-24
6377;184;-24
6378;184;-24
6379;192;-24
6380;176;-24
6381;192;-24
6382;176;-24
6383;176;-32
6384;176;-24
6385;176;-24
6386;176;-24
6387;168;-32
6388;176;-32
6389;168;-32
6390;168;-32
6391;160;-40
6392;160;-40
6393;160;-40
6394;160;-40
6395;152;-48
6396;152;-48
6397;144;-48
6398;144;-48
6399;144;-48
6400;136;-48
6401;144;-48
6402;136;-48
6403;136;-56
6404;136;-48
6405;136;-48
6406;128;-48
6407;128;-48
6408;136;-40
6409;128;-48
6410;120;-40
6411;120;-32
6412;120;-32
6413;120;-32
6414;120;-24
6415;112;-24
6416;112;-24
6417;112;-24
6418;112;-24
6419;104;-16
6420;104;-16
6421;96;-16
6422;104;-16
6423;96;-8
6424;96;-16
6425;88;-16
6426;88;-8
6427;88;-8
6428;80;-16
6429;80;-8
6430;80;-16
6431;80;32
6432;80;32
6433;72;32
6434;72;32
6435;72;32
6436;72;32
6437;64;32
6438;64;24
6439;64;24
6440;72;24
6441;64;24
6442;72;24
6443;56;32
6444;56;32
6445;48;24
6446;48;24
6447;48;24
6448;48;24
6449;40;24
6450;32;24
6451;40;24
6452;32;16
6453;32;16
6454;32;24
6455;32;16
6456;40;16
6457;24;16
6458;24;8
6459;16;8
6460;24;8
6461;16;8
6462;8;0
6463;0;0
6464;8;0
6465;8;0
6466;8;0
6467;0;0
6468;-8;0
6469;0;0
6470;-8;0
6471;-8;-8
6472;-8;0
6473;-8;0
6474;-16;0
6475;-16;0
6476;-16;8
6477;-24;8
6478;-24;8
6479;-24;16
6480;-32;16
6481;-32;16
6482;-24;24
6483;-32;24
6484;-32;24
6485;-40;32
6486;-40;32
6487;-40;32
6488;-40;32
6489;-40;32
6490;-48;32
6491;-48;32
6492;-48;40
6493;-56;40
6494;-56;32
6495;-56;32
6496;-64;32
6497;-64;32
6498;-64;32
6499;-64;32
6500;-72;32
6501;-72;32
6502;-72;32
6503;-64;32
6504;-72;32
6505;-80;32
6506;-80;24
6507;-88;24
6508;-88;32
6509;-88;32
6510;-88;24
6511;-96;32
6512;-96;32
6513;-104;24
6514;-104;24
6515;-104;24
6516;-104;24
6517;-104;24
6518;-104;24
6519;-112;24
6520;-112;24
6521;-112;24
6522;-120;24
6523;-120;24
6524;-128;24
6525;-120;24
6526;-128;24
6527;-120;24
6528;-128;24
6529;-136;24
6530;-128;24
6531;-152;24
6532;-136;24
6533;-136;24
6534;-144;24
6535;-144;24
6536;-136;24
6537;-144;24
6538;-144;24
6539;-152;16
6540;-160;16
6541;-152;24
6542;-160;16
6543;-160;16
6544;-160;16
6545;-152;8
6546;-160;8
6547;-168;8
6548;-168;8
6549;-168;0
6550;-168;0
6551;-168;0
6552;-168;0
6553;-176;0
6554;-176;0
6555;-184;0
6556;-184;-8
6557;-192;0
6558;-184;0
6559;-192;0
6560;-192;0
6561;-192;0
6562;-192;8
6563;-200;8
6564;-200;16
6565;-200;16
6566;-200;16
6567;-208;16
6568;-208;24
6569;-208;24
6570;-208;24
6571;-208;24
6572;-216;32
6573;-216;32
6574;-216;32
6575;-224;32
6576;-216;40
6577;-224;40
6578;-232;32
6579;-224;40
6580;-232;32
6581;-224;32
6582;-232;32
6583;-232;32
6584;-232;32
6585;-232;32
6586;-240;32
6587;-240;32
6588;-240;32
6589;-240;32
6590;-240;32
6591;-248;24
6592;-248;24
6593;-256;24
6594;-248;32
6595;-248;32
6596;-256;24
6597;-248;24
6598;-256;24
6599;-248;24
6600;-256;24
6601;-256;24
6602;-264;24
6603;-264;24
6604;-264;24
6605;-264;24
6606;-264;24
6607;-272;24
6608;-264;24
6609;-272;24
6610;-272;24
6611;-280;24
6612;-280;24
6613;-280;24
6614;-272;24
6615;-280;24
6616;-280;24
6617;-280;24
6618;-288;24
6619;-288;24
6620;-312;24
6621;-280;24
6622;-288;24
6623;-288;24
6624;-288;24
6625;-296;24
6626;-288;24
6627;-304;24
6628;-296;24
6629;-296;24
6630;-296;24
6631;-296;24
6632;-288;24
6633;-296;24
6634;-296;24
6635;-296;24
6636;-296;24
6637;-296;24
6638;-304;24
6639;-304;72
6640;-304;64
6641;-304;64
6642;-304;64
6643;-304;56
6644;-304;56
6645;-304;56
6646;-312;56
6647;-304;56
6648;-304;48
6649;-312;48
6650;-312;48
6651;-312;40
6652;-312;48
6653;-312;48
6654;-312;40
6655;-320;40
6656;-312;40
6657;-312;40
6658;-312;40
6659;-312;40
6660;-320;40
6661;-312;40
6662;-320;40
6663;-320;40
6664;-320;40
6665;-320;40
6666;-320;48
6667;-312;48
6668;-320;48
6669;-320;48
6670;-320;56
6671;-320;56
6672;-312;64
6673;-320;64
6674;-320;72
6675;-320;72
6676;-320;72
6677;-320;72
6678;-320;72
6679;-320;80
6680;-328;80
6681;-320;72
6682;-320;72
6683;-328;80
6684;-328;80
6685;-320;80
6686;-320;72
6687;-320;80
6688;-320;80
6689;-320;80
6690;-320;80
6691;-328;72
6692;-320;72
6693;-320;80
6694;-320;72
6695;-320;72
6696;-320;72
6697;-328;72
6698;-320;72
6699;-320;72
6700;-328;64
6701;-320;64
6702;-344;72
6703;-320;72
6704;-320;64
6705;-320;64
6706;-320;72
6707;-328;64
6708;-320;64
6709;-328;64
6710;-320;64
6711;-312;72
6712;-320;64
6713;-320;72
6714;-312;64
6715;-320;64
6716;-320;64
6717;-312;64
6718;-312;72
6719;-320;64
6720;-312;64
6721;-312;64
6722;-312;64
6723;-312;64
6724;-312;64
6725;-312;64
6726;-304;64
6727;-312;64
6728;-304;64
6729;-312;64
6730;-312;64
6731;-312;64
6732;-304;64
6733;-312;64
6734;-304;64
6735;-312;56
6736;-304;56
6737;-304;56
6738;-296;56
6739;-304;56
6740;-304;48
6741;-304;40
6742;-288;48
6743;-304;48
6744;-296;40
6745;-296;40
6746;-296;40
6747;-296;40
6748;-288;40
6749;-296;40
6750;-288;40
6751;-288;40
6752;-296;40
6753;-288;40
6754;-280;40
6755;-280;48
6756;-288;40
6757;-288;48
6758;-280;48
6759;-280;56
6760;-280;56
6761;-272;56
6762;-280;64
6763;-280;64
6764;-272;64
6765;-272;72
6766;-272;72
6767;-264;72
6768;-272;72
6769;-264;72
6770;-272;72
6771;-264;80
6772;-264;80
6773;-256;72
6774;-256;80
6775;-256;80
6776;-256;80
6777;-248;80
6778;-256;80
6779;-248;72
6780;-248;72
6781;-248;72
6782;-248;72
6783;-248;72
6784;-232;72
6785;-240;72
6786;-240;72
6787;-240;72
6788;-232;64
6789;-240;72
6790;-240;72
6791;-232;72
6792;-224;72
6793;-232;72
6794;-224;64
6795;-224;72
6796;-232;72
6797;-224;64
6798;-224;64
6799;-216;72
6800;-224;64
6801;-216;64
6802;-216;64
6803;-216;72
6804;-208;64
6805;-208;64
6806;-208;64
6807;-200;64
6808;-200;64
6809;-200;64
6810;-192;64
6811;-192;64
6812;-200;64
6813;-184;64
6814;-192;64
6815;-192;64
6816;-184;64
6817;-200;64
6818;-184;64
6819;-176;64
6820;-176;64
6821;-176;64
6822;-176;64
6823;-176;64
6824;-160;56
6825;-168;64
6826;-168;64
6827;-160;56
6828;-160;56
6829;-160;48
6830;-152;48
6831;-152;48
6832;-152;48
6833;-152;48
6834;-152;40
6835;-144;40
6836;-144;40
6837;-136;40
6838;-128;40
6839;-136;40
6840;-136;40
6841;-128;40
6842;-128;40
6843;-128;40
6844;-128;40
6845;-120;48
6846;-120;56
6847;-120;48
6848;-120;8
6849;-112;8
6850;-112;16
6851;-104;16
6852;-112;16
6853;-104;16
6854;-104;16
6855;-104;24
6856;-104;24
6857;-96;24
6858;-96;32
6859;-112;32
6860;-88;24
6861;-88;32
6862;-88;24
6863;-88;32
6864;-80;32
6865;-80;32
6866;-64;32
6867;-72;32
6868;-72;32
6869;-80;32
6870;-64;32
6871;-56;32
6872;-64;24
6873;-64;32
6874;-64;32
6875;-56;32
6876;-56;32
6877;-56;24
6878;-56;24
6879;-48;24
6880;-48;24
6881;-40;24
6882;-40;24
6883;-40;24
6884;-40;24
6885;-32;24
6886;-24;24
6887;-24;24
6888;-24;24
6889;-24;24
6890;-24;24
6891;-24;24
6892;-16;24
6893;-16;24
6894;-8;24
6895;-8;24
6896;-8;24
6897;-8;24
6898;0;24
6899;-8;24
6900;0;24
6901;0;24
6902;8;24
6903;8;24
6904;8;24
6905;8;16
6906;8;24
6907;16;24
6908;16;16
6909;24;24
6910;24;16
6911;24;24
6912;24;24
6913;32;16
6914;32;16
6915;32;16
6916;40;16
6917;40;16
6918;40;16
6919;40;16
6920;48;16
6921;48;16
6922;48;16
6923;56;8
6924;48;8
6925;56;8
6926;56;0
6927;64;0
6928;64;0
6929;64;0
6930;64;0
6931;64;0
6932;72;0
6933;72;0
6934;88;-8
6935;80;-8
6936;72;-8
6937;80;0
6938;80;-8
6939;80;-8
6940;88;0
6941;72;0
6942;88;0
6943;96;0
6944;96;8
6945;96;8
6946;88;16
6947;104;16
6948;96;24
6949;104;16
6950;104;24
6951;112;24
6952;112;24
6953;120;24
6954;112;32
6955;120;24
6956;120;32
6957;120;32
6958;120;32
6959;128;24
6960;128;32
6961;128;32
6962;136;40
6963;136;32
6964;136;32
6965;136;32
6966;136;32
6967;144;24
6968;144;32
6969;152;24
6970;152;24
6971;152;24
6972;152;24
6973;152;24
6974;160;24
6975;152;24
6976;160;24
6977;160;24
6978;160;24
6979;160;24
6980;168;24
6981;176;24
6982;176;24
6983;176;16
6984;176;24
6985;176;24
6986;176;16
6987;184;24
6988;184;16
6989;184;24
6990;192;24
6991;184;16
6992;192;24
6993;192;24
6994;192;24
6995;192;24
6996;200;24
6997;200;24
6998;200;24
6999;200;16
7000;208;16
7001;208;24
7002;208;24
7003;216;24
7004;208;24
7005;216;24
7006;216;16
7007;216;24
7008;216;24
7009;224;16
7010;216;24
7011;224;16
7012;232;16
7013;224;8
7014;232;16
7015;232;16
7016;256;16
7017;232;16
7018;232;8
7019;240;8
7020;240;8
7021;232;0
7022;240;0
7023;240;0
7024;240;0
7025;248;0
7026;240;-8
7027;248;0
7028;240;-8
7029;256;0
7030;256;-8
7031;256;0
7032;264;0
7033;256;0
7034;256;0
7035;248;0
7036;264;0
7037;264;0
7038;264;8
7039;264;16
7040;264;8
7041;264;16
7042;264;16
7043;272;16
7044;272;24
7045;272;24
7046;272;24
7047;280;24
7048;272;32
7049;280;24
7050;280;32
7051;280;32
7052;280;32
7053;280;32
7054;280;32
7055;288;32
7056;272;-16
7057;288;-16
7058;288;-16
7059;288;-16
7060;288;-16
7061;288;-16
7062;296;-16
7063;296;-16
7064;296;-24
7065;296;-16
7066;296;-24
7067;296;-24
7068;304;-24
7069;296;-24
7070;304;-24
7071;296;-16
7072;304;-24
7073;304;-24
7074;304;-24
7075;312;-24
7076;312;-24
7077;304;-24
7078;304;-24
7079;304;-24
7080;312;-24
7081;304;-32
7082;312;-24
7083;312;-24
7084;312;-32
7085;312;-24
7086;312;-32
7087;320;-24
7088;320;-24
7089;312;-24
7090;320;-32
7091;312;-24
7092;320;-24
7093;320;-32
7094;320;-24
7095;328;-32
7096;320;-24
7097;320;-24
7098;296;-24
7099;320;-32
7100;328;-32
7101;328;-24
7102;320;-32
7103;320;-32
7104;328;-32
7105;328;-32
7106;328;-32
7107;328;-40
7108;328;-40
7109;328;-40
7110;336;-40
7111;328;-40
7112;336;-40
7113;328;-40
7114;328;-48
7115;328;-48
7116;328;-48
7117;328;-48
7118;336;-56
7119;336;-56
7120;336;-48
7121;328;-48
7122;336;-48
7123;336;-48
7124;336;-48
7125;336;-40
7126;336;-48
7127;336;-40
7128;336;-40
7129;336;-40
7130;336;-32
7131;336;-32
7132;336;-24
7133;336;-24
7134;336;-24
7135;336;-16
7136;336;-24
7137;336;-16
7138;344;-16
7139;336;-16
7140;336;-16
7141;328;-16
7142;336;-16
7143;336;-16
7144;336;-16
7145;328;-16
7146;336;-16
7147;336;-16
7148;336;-16
7149;336;-16
7150;344;-16
7151;336;-16
7152;328;-16
7153;336;-16
7154;336;-16
7155;336;-24
7156;336;-16
7157;336;-16
7158;336;-24
7159;336;-24
7160;336;-24
7161;328;-24
7162;336;-24
7163;328;-24
7164;328;-24
7165;328;-24
7166;336;-24
7167;328;-24
7168;328;-24
7169;328;-24
7170;328;-16
7171;336;-24
7172;336;-24
7173;352;-24
7174;328;-24
7175;328;-24
7176;328;-24
7177;328;-24
7178;336;-32
7179;328;-24
7180;328;-24
7181;320;-24
7182;328;-24
7183;320;-24
7184;320;-24
7185;320;-24
7186;320;-24
7187;328;-32
7188;320;-24
7189;320;-24
7190;320;-24
7191;320;-24
7192;312;-24
7193;312;-24
7194;320;-32
7195;312;-24
7196;312;-32
7197;312;-32
7198;312;-40
7199;312;-32
7200;312;-40
7201;312;-40
7202;312;-40
7203;312;-40
7204;304;-40
7205;304;-40
7206;304;-48
7207;304;-48
7208;304;-48
7209;304;-48
7210;304;-48
7211;304;-48
7212;296;-48
7213;288;-48
7214;304;-48
7215;304;-48
7216;296;-48
7217;296;-40
7218;296;-40
7219;296;-40
7220;304;-32
7221;296;-32
7222;296;-24
7223;288;-24
7224;288;-24
7225;288;-24
7226;288;-24
7227;288;-16
7228;288;-16
7229;280;-16
7230;280;-16
7231;280;-16
7232;280;-16
7233;280;-16
7234;280;-16
7235;272;-16
7236;280;-16
7237;272;-16
7238;272;-16
7239;264;-16
7240;264;-16
7241;272;-16
7242;272;-16
7243;264;-24
7244;264;-24
7245;264;-16
7246;264;-24
7247;264;-24
7248;256;-24
7249;256;-24
7250;256;-16
7251;256;-24
7252;248;-24
7253;256;-24
7254;248;-24
7255;232;-24
7256;248;-24
7257;256;-24
7258;248;-24
7259;240;-24
7260;240;-24
7261;240;-24
7262;256;-24
7263;240;-24
7264;240;-32
7265;232;0
7266;232;0
7267;240;0
7268;232;0
7269;224;-8
7270;224;-8
7271;224;-8
7272;224;-8
7273;216;-16
7274;216;-8
7275;224;-16
7276;216;-16
7277;216;-16
7278;216;-16
7279;208;-24
7280;216;-24
7281;208;-24
7282;208;-24
7283;200;-24
7284;208;-24
7285;200;-24
7286;200;-32
7287;200;-24
7288;200;-24
7289;200;-24
7290;192;-16
7291;192;-24
7292;192;-16
7293;184;-16
7294;184;-8
7295;184;-8
7296;184;-8
7297;184;0
7298;184;0
7299;176;8
7300;176;8
7301;176;0
7302;160;8
7303;168;8
7304;168;8
7305;168;16
7306;160;8
7307;168;8
7308;160;8
7309;152;8
7310;152;8
7311;160;8
7312;152;8
7313;144;8
7314;152;8
7315;144;8
7316;152;8
7317;144;8
7318;136;8
7319;136;8
7320;136;0
7321;136;8
7322;136;0
7323;136;0
7324;128;0
7325;128;0
7326;128;0
7327;128;0
7328;120;0
7329;120;0
7330;136;0
7331;120;0
7332;112;0
7333;112;0
7334;112;0
7335;104;0
7336;104;0
7337;96;0
7338;104;0
7339;96;0
7340;96;0
7341;96;0
7342;88;0
7343;88;0
7344;88;-8
7345;88;-8
7346;88;-8
7347;88;-8
7348;80;-8
7349;72;-8
7350;80;-16
7351;72;-16
7352;72;-16
7353;72;-16
7354;64;-16
7355;72;-24
7356;64;-24
7357;56;-24
7358;64;-24
7359;56;-24
7360;56;-24
7361;48;-32
7362;48;-24
7363;48;-24
7364;48;-24
7365;48;-24
7366;40;-24
7367;40;-24
7368;32;-16
7369;32;-16
7370;32;-16
7371;32;-16
7372;32;-16
7373;24;-8
7374;24;-8
7375;24;0
7376;16;0
7377;16;0
7378;16;0
7379;8;8
7380;8;8
7381;8;8
7382;8;8
7383;0;8
7384;-8;16
7385;0;16
7386;-8;8
7387;-8;8
7388;-8;8
7389;-8;8
7390;-16;8
7391;-16;8
7392;-16;8
7393;-24;8
7394;-24;8
7395;-24;8
7396;-24;8
7397;-24;8
7398;-32;8
7399;-32;8
7400;-32;0
7401;-32;8
7402;-40;8
7403;-40;8
7404;-40;8
7405;-40;8
7406;-40;0
7407;-48;0
7408;-48;0
7409;-48;0
7410;-56;0
7411;-56;0
7412;-40;0
7413;-64;0
7414;-64;0
7415;-64;0
7416;-64;0
7417;-64;0
7418;-72;0
7419;-72;0
7420;-80;0
7421;-80;0
7422;-80;0
7423;-80;0
7424;-88;0
7425;-88;0
7426;-88;0
7427;-96;0
7428;-96;0
7429;-96;0
7430;-96;-8
7431;-112;0
7432;-104;0
7433;-104;0
7434;-104;0
7435;-104;0
7436;-112;0
7437;-112;0
7438;-120;0
7439;-120;0
7440;-120;0
7441;-120;-8
7442;-120;0
7443;-128;0
7444;-128;-8
7445;-128;0
7446;-128;0
7447;-136;0
7448;-136;0
7449;-136;-8
7450;-144;-8
7451;-136;-8
7452;-152;-8
7453;-144;-8
7454;-144;-16
7455;-152;-16
7456;-152;-16
7457;-152;-24
7458;-152;-24
7459;-152;-24
7460;-160;-24
7461;-160;-24
7462;-160;-32
7463;-168;-24
7464;-168;-24
7465;-168;-32
7466;-168;-24
7467;-176;-24
7468;-176;-24
7469;-176;-24
7470;-176;-16
7471;-184;-16
7472;-184;-16
7473;-176;48
7474;-184;48
7475;-184;56
7476;-192;64
7477;-192;56
7478;-192;64
7479;-192;64
7480;-200;64
7481;-200;64
7482;-200;72
7483;-200;64
7484;-200;72
7485;-216;72
7486;-208;72
7487;-216;80
7488;-216;72
7489;-216;72
7490;-216;72
7491;-216;72
7492;-216;72
7493;-224;72
7494;-240;72
7495;-224;72
7496;-224;72
7497;-224;64
7498;-232;72
7499;-232;72
7500;-224;72
7501;-224;64
7502;-232;64
7503;-232;64
7504;-232;64
7505;-232;64
7506;-232;64
7507;-240;64
7508;-240;64
7509;-240;64
7510;-248;64
7511;-248;64
7512;-248;64
7513;-248;64
7514;-248;64
7515;-248;64
7516;-256;64
7517;-256;64
7518;-256;64
7519;-264;64
7520;-256;64
7521;-264;64
7522;-264;64
7523;-264;64
7524;-264;64
7525;-264;64
7526;-272;64
7527;-264;64
7528;-272;64
7529;-280;64
7530;-280;64
7531;-272;64
7532;-280;64
7533;-280;64
7534;-280;56
7535;-272;56
7536;-280;56
7537;-280;48
7538;-280;48
7539;-280;48
7540;-280;48
7541;-296;48
7542;-288;40
7543;-288;40
7544;-288;40
7545;-288;40
7546;-288;40
7547;-288;32
7548;-296;32
7549;-296;40
7550;-296;40
7551;-296;32
7552;-296;40
7553;-296;40
7554;-296;40
7555;-288;48
7556;-304;48
7557;-304;48
7558;-304;56
7559;-304;56
7560;-304;56
7561;-304;64
7562;-304;64
7563;-304;64
7564;-304;72
7565;-304;64
7566;-312;72
7567;-312;72
7568;-312;72
7569;-296;72
7570;-312;72
7571;-312;72
7572;-312;72
7573;-304;72
7574;-312;72
7575;-312;72
7576;-320;72
7577;-312;72
7578;-312;72
7579;-312;72
7580;-320;72
7581;-320;64
7582;-312;64
7583;-320;64
7584;-320;64
7585;-320;72
7586;-320;64
7587;-312;64
7588;-312;64
7589;-320;64
7590;-312;64
7591;-320;56
7592;-320;64
7593;-320;64
7594;-320;64
7595;-320;64
7596;-320;64
7597;-320;64
7598;-320;64
7599;-320;64
7600;-320;64
7601;-320;56
7602;-320;64
7603;-320;64
7604;-328;64
7605;-328;64
7606;-320;64
7607;-320;64
7608;-320;64
7609;-320;56
7610;-312;64
7611;-320;64
7612;-320;64
7613;-328;64
7614;-320;64
7615;-320;64
7616;-312;64
7617;-320;64
7618;-320;64
7619;-320;64
7620;-320;64
7621;-320;56
7622;-320;64
7623;-320;56
7624;-320;64
7625;-312;56
7626;-312;56
7627;-320;48
7628;-320;48
7629;-320;48
7630;-312;48
7631;-312;48
7632;-320;48
7633;-312;40
7634;-312;40
7635;-312;40
7636;-312;40
7637;-320;40
7638;-320;32
7639;-312;40
7640;-312;40
7641;-304;40
7642;-312;40
7643;-304;40
7644;-320;32
7645;-304;40
7646;-304;40
7647;-304;48
7648;-304;48
7649;-304;56
7650;-304;56
7651;-296;64
7652;-304;64
7653;-304;64
7654;-304;64
7655;-304;72
7656;-296;72
7657;-304;72
7658;-288;72
7659;-296;72
7660;-296;72
7661;-296;72
7662;-296;80
7663;-296;72
7664;-296;72
7665;-296;72
7666;-288;72
7667;-288;72
7668;-288;72
7669;-288;72
7670;-296;72
7671;-288;72
7672;-280;64
7673;-280;64
7674;-280;64
7675;-280;64
7676;-280;72
7677;-280;72
7678;-280;72
7679;-272;64
7680;-272;64
7681;-272;56
7682;-264;56
7683;-272;56
7684;-264;56
7685;-264;56
7686;-264;48
7687;-264;48
7688;-256;48
7689;-256;48
7690;-256;40
7691;-264;40
7692;-256;40
7693;-256;40
7694;-256;32
7695;-248;32
7696;-248;32
7697;-248;32
7698;-240;32
7699;-248;32
7700;-248;32
7701;-248;24
7702;-240;24
7703;-240;24
7704;-240;24
7705;-232;24
7706;-232;24
7707;-232;24
7708;-224;24
7709;-224;32
7710;-232;32
7711;-224;32
7712;-224;40
7713;-224;40
7714;-224;40
7715;-216;48
7716;-216;48
7717;-208;48
7718;-216;56
7719;-208;56
7720;-208;56
7721;-208;56
7722;-200;64
7723;-200;64
7724;-200;64
7725;-200;64
7726;-208;64
7727;-200;64
7728;-192;64
7729;-192;64
7730;-192;64
7731;-184;64
7732;-184;64
7733;-184;56
7734;-184;64
7735;-184;64
7736;-176;64
7737;-168;56
7738;-168;64
7739;-176;56
7740;-152;56
7741;-168;56
7742;-160;56
7743;-160;56
7744;-168;56
7745;-152;56
7746;-152;56
7747;-160;56
7748;-152;56
7749;-152;56
7750;-144;48
7751;-144;56
7752;-152;56
7753;-144;48
7754;-136;56
7755;-136;56
7756;-136;56
7757;-128;56
7758;-136;48
7759;-128;48
7760;-128;56
7761;-120;48
7762;-120;48
7763;-120;48
7764;-120;56
7765;-120;48
7766;-112;48
7767;-112;48
7768;-104;48
7769;-104;48
7770;-104;48
7771;-96;48
7772;-104;48
7773;-88;48
7774;-96;48
7775;-96;48
7776;-88;48
7777;-88;48
7778;-88;48
7779;-80;48
7780;-88;40
7781;-80;40
7782;-80;40
7783;-80;40
7784;-72;32
7785;-72;40
7786;-72;32
7787;-72;32
7788;-64;32
7789;-64;24
7790;-64;24
7791;-56;32
7792;-56;24
7793;-56;24
7794;-48;24
7795;-48;24
7796;-48;32
7797;-40;24
7798;-40;32
7799;-40;32
7800;-40;32
7801;-32;32
7802;-32;40
7803;-32;40
7804;-24;40
7805;-24;40
7806;-16;48
7807;-16;48
7808;-8;48
7809;-16;56
7810;-16;56
7811;-16;64
7812;-8;64
7813;-8;56
7814;-8;64
7815;-8;64
7816;0;64
7817;0;64
7818;0;56
7819;8;64
7820;0;64
7821;8;64
7822;16;64
7823;16;64
7824;16;64
7825;16;64
7826;16;64
7827;24;64
7828;24;56
7829;32;64
7830;24;56
7831;32;56
7832;32;56
7833;32;56
7834;40;56
7835;40;56
7836;48;56
7837;48;56
7838;48;56
7839;48;48
7840;48;56
7841;56;56
7842;56;56
7843;56;48
7844;56;48
7845;64;48
7846;64;48
7847;64;56
7848;56;56
7849;72;48
7850;72;48
7851;80;56
7852;80;56
7853;80;48
7854;88;56
7855;96;56
7856;88;56
7857;88;48
7858;96;48
7859;96;48
7860;96;48
7861;104;48
7862;104;48
7863;104;48
7864;104;56
7865;104;48
7866;112;48
7867;112;48
7868;120;48
7869;112;48
7870;120;48
7871;120;48
7872;120;40
7873;128;48
7874;128;40
7875;128;40
7876;128;40
7877;128;32
7878;128;40
7879;136;32
7880;136;32
7881;136;32
7882;136;32
7883;128;32
7884;144;24
7885;144;32
7886;152;24
7887;152;24
7888;152;24
7889;152;24
7890;144;-32
7891;160;-32
7892;160;-32
7893;160;-32
7894;160;-32
7895;168;-32
7896;160;-32
7897;192;-24
7898;168;-24
7899;176;-16
7900;176;-16
7901;176;-16
7902;184;-8
7903;184;-8
7904;184;-8
7905;184;-8
7906;184;0
7907;192;-8
7908;192;0
7909;192;0
7910;192;0
7911;192;8
7912;200;0
7913;200;0
7914;200;0
7915;208;0
7916;208;0
7917;200;0
7918;208;0
7919;208;0
7920;208;0
7921;208;0
7922;216;-8
7923;216;0
7924;216;-8
7925;216;-8
7926;224;-8
7927;224;0
7928;224;0
7929;224;-8
7930;224;-8
7931;232;-8
7932;232;-8
7933;232;-8
7934;232;-8
7935;232;-8
7936;240;-8
7937;232;-8
7938;240;-8
7939;240;-8
7940;248;-8
7941;248;-16
7942;248;-8
7943;248;-8
7944;248;-8
7945;248;-16
7946;248;-8
7947;256;-8
7948;256;-8
7949;256;-8
7950;256;-16
7951;272;-8
7952;256;-8
7953;264;-16
7954;264;-16
7955;264;-8
7956;272;-8
7957;264;-8
7958;272;-16
7959;272;-8
7960;264;-16
7961;272;-16
7962;272;-8
7963;280;-8
7964;272;-8
7965;288;-16
7966;280;-16
7967;280;-8
7968;280;-16
7969;280;-8
7970;280;-8
7971;280;-16
7972;272;-16
7973;288;-16
7974;288;-16
7975;288;-16
7976;288;-16
7977;280;-24
7978;296;-24
7979;288;-24
7980;296;-32
7981;296;-24
7982;296;-32
7983;296;-24
7984;296;-32
7985;296;-32
7986;304;-32
7987;304;-40
7988;296;-32
7989;296;-40
7990;304;-32
7991;304;-32
7992;304;-32
7993;312;-32
7994;304;-32
7995;312;-24
7996;312;-24
7997;312;-24
7998;312;-16
7999;312;-16
8000;312;-16
8001;312;-16
8002;312;-8
8003;312;-16
8004;320;-8
8005;312;-8
8006;312;-8
8007;320;0
8008;312;0
8009;320;0
8010;320;0
8011;320;0
8012;328;0
8013;320;0
8014;320;0
8015;320;0
8016;320;0
8017;320;0
8018;320;0
8019;328;0
8020;328;0
8021;328;0
8022;328;0
8023;328;0
8024;328;-8
8025;328;-8
8026;328;-8
8027;328;-8
8028;336;-8
8029;336;-8
8030;328;-8
8031;328;-8
8032;328;0
8033;328;-8
8034;328;-8
8035;328;-8
8036;328;-8
8037;328;-8
8038;336;-8
8039;328;-8
8040;312;-16
8041;328;-8
8042;336;-8
8043;328;-8
8044;336;-8
8045;336;-8
8046;328;-8
8047;336;-8
8048;328;-8
8049;336;-8
8050;336;-8
8051;336;-8
8052;336;-8
8053;336;-8
8054;352;-8
8055;336;-8
8056;336;-8
8057;328;-8
8058;336;-8
8059;328;-16
8060;336;-8
8061;336;-16
8062;336;-16
8063;328;-8
8064;336;-16
8065;328;-24
8066;328;-16
8067;336;-24
8068;336;-24
8069;336;-24
8070;336;-24
8071;336;-24
8072;328;-32
8073;336;-32
8074;336;-32
8075;328;-32
8076;336;-32
8077;328;-32
8078;328;-32
8079;328;-32
8080;336;-32
8081;328;-32
8082;328;-32
8083;328;-32
8084;328;-32
8085;328;-32
8086;328;-24
8087;328;-24
8088;336;-16
8089;328;-16
8090;328;-16
8091;328;-16
8092;328;-8
8093;320;-8
8094;336;0
8095;320;0
8096;320;0
8097;320;8
8098;320;-8
8099;320;-8
8100;328;-8
8101;320;-8
8102;320;-8
8103;320;-8
8104;320;-8
8105;320;-8
8106;320;-8
8107;320;-8
8108;320;-8
8109;320;-8
8110;320;-8
8111;312;-8
8112;312;-16
8113;312;-8
8114;312;-16
8115;304;-16
8116;312;-16
8117;312;-16
8118;312;-16
8119;312;-16
8120;312;-8
8121;304;-16
8122;296;-24
8123;304;-16
8124;304;-16
8125;304;-16
8126;304;-16
8127;304;-16
8128;304;-16
8129;296;-16
8130;296;-24
8131;296;-16
8132;296;-16
8133;296;-16
8134;288;-16
8135;296;-24
8136;320;-16
8137;296;-16
8138;288;-24
8139;288;-24
8140;288;-24
8141;296;-24
8142;288;-24
8143;288;-24
8144;288;-24
8145;288;-24
8146;280;-24
8147;280;-32
8148;280;-40
8149;280;-40
8150;272;-40
8151;272;-40
8152;272;-40
8153;272;-40
8154;272;-40
8155;272;-40
8156;264;-40
8157;272;-48
8158;272;-40
8159;264;-40
8160;264;-48
8161;264;-40
8162;264;-40
8163;264;-40
8164;264;-40
8165;256;-32
8166;256;-32
8167;256;-24
8168;256;-24
8169;248;-24
8170;248;-24
8171;248;-16
8172;248;-16
8173;248;-16
8174;240;-16
8175;240;-16
8176;232;-16
8177;240;-8
8178;232;-8
8179;240;-8
8180;232;-16
8181;232;-8
8182;232;-8
8183;232;-8
8184;232;-8
8185;224;-8
8186;224;-8
8187;224;-8
8188;224;-8
8189;224;-8
8190;224;-8
8191;224;-8
8192;216;-16
8193;216;-8
8194;216;-16
8195;216;-16
8196;208;-8
8197;216;-16
8198;208;-16
8199;208;-16
8200;208;-16
8201;200;-16
8202;200;-16
8203;200;-16
8204;216;-16
8205;200;-16
8206;200;-16
8207;192;-16
8208;192;-16
8209;184;-16
8210;184;-16
8211;176;-16
8212;184;-16
8213;184;-16
8214;176;-16
8215;176;-16
8216;176;-16
8217;176;-24
8218;168;-24
8219;168;-24
8220;168;-16
8221;168;-16
8222;168;-16
8223;160;-16
8224;160;-24
8225;160;-24
8226;152;-16
8227;160;-24
8228;152;-24
8229;152;-16
8230;152;-24
8231;152;-16
8232;144;-24
8233;144;-24
8234;144;-24
8235;136;-24
8236;136;-16
8237;136;-24
8238;136;-24
8239;136;-24
8240;128;-24
8241;128;-32
8242;128;-32
8243;128;-32
8244;120;-32
8245;120;-40
8246;128;-40
8247;120;-40
8248;120;-40
8249;112;-40
8250;112;-40
8251;120;-40
8252;112;-40
8253;104;-40
8254;104;-40
8255;104;-40
8256;96;-40
8257;88;-40
8258;96;-40
8259;88;-32
8260;88;-32
8261;88;-24
8262;88;-24
8263;88;-24
8264;88;-16
8265;80;-16
8266;80;-16
8267;80;-8
8268;72;-8
8269;72;-8
8270;72;-8
8271;72;-8
8272;56;-8
8273;64;-8
8274;64;-8
8275;56;-8
8276;56;-8
8277;56;-8
8278;56;-8
8279;40;-8
8280;48;-8
8281;48;-8
8282;40;-8
8283;40;-16
8284;40;-16
8285;40;-8
8286;40;-8
8287;32;-16
8288;32;-16
8289;32;-16
8290;24;-16
8291;24;-16
8292;24;-16
8293;32;-16
8294;16;-16
8295;16;-24
8296;8;-16
8297;8;-16
8298;8;-24
8299;8;-16
8300;0;-16
8301;0;-16
8302;0;-16
8303;0;-16
8304;0;-16
8305;-16;-16
8306;-8;-16
8307;-16;-16
8308;-16;48
8309;-16;40
8310;-24;40
8311;-16;40
8312;-24;32
8313;-24;32
8314;-24;24
8315;-24;32
8316;-32;32
8317;-32;24
8318;-32;24
8319;-32;24
8320;-40;16
8321;-40;16
8322;-40;16
8323;-48;16
8324;-48;16
8325;-48;16
8326;-56;16
8327;-56;8
8328;-56;16
8329;-64;16
8330;-64;16
8331;-64;16
8332;-64;16
8333;-64;16
8334;-72;16
8335;-72;24
8336;-72;24
8337;-80;24
8338;-80;24
8339;-80;32
8340;-80;32
8341;-80;40
8342;-88;40
8343;-88;40
8344;-88;40
8345;-88;48
8346;-96;48
8347;-88;48
8348;-96;48
8349;-96;48
8350;-104;48
8351;-104;48
8352;-104;48
8353;-104;48
8354;-104;48
8355;-112;48
8356;-112;48
8357;-120;48
8358;-120;48
8359;-120;48
8360;-120;48
8361;-128;48
8362;-128;48
8363;-128;40
8364;-128;48
8365;-128;40
8366;-136;48
8367;-136;40
8368;-160;48
8369;-144;40
8370;-144;48
8371;-152;40
8372;-152;40
8373;-152;40
8374;-152;40
8375;-160;40
8376;-160;40
8377;-160;40
8378;-160;40
8379;-160;40
8380;-152;40
8381;-168;40
8382;-168;40
8383;-168;40
8384;-168;40
8385;-176;40
8386;-176;40
8387;-176;40
8388;-176;40
8389;-176;40
8390;-184;40
8391;-184;40
8392;-192;40
8393;-184;40
8394;-192;40
8395;-192;40
8396;-192;40
8397;-192;40
8398;-200;32
8399;-208;32
8400;-200;32
8401;-192;32
8402;-200;24
8403;-208;24
8404;-208;24
8405;-208;24
8406;-208;24
8407;-216;16
8408;-216;16
8409;-224;16
8410;-216;16
8411;-224;16
8412;-224;16
8413;-224;16
8414;-224;8
8415;-224;16
8416;-232;8
8417;-224;16
8418;-232;16
8419;-232;16
8420;-232;16
8421;-232;24
8422;-240;24
8423;-240;24
8424;-240;24
8425;-248;32
8426;-248;32
8427;-248;32
8428;-248;40
8429;-240;40
8430;-248;40
8431;-256;40
8432;-256;48
8433;-256;48
8434;-256;48
8435;-256;56
8436;-248;48
8437;-264;48
8438;-264;48
8439;-264;56
8440;-264;48
8441;-264;48
8442;-264;48
8443;-264;48
8444;-272;48
8445;-272;48
8446;-272;48
8447;-272;48
8448;-280;48
8449;-272;48
8450;-296;48
8451;-280;48
8452;-280;40
8453;-280;40
8454;-280;48
8455;-288;40
8456;-288;40
8457;-296;40
8458;-288;40
8459;-288;40
8460;-288;40
8461;-288;40
8462;-288;40
8463;-288;40
8464;-288;40
8465;-296;40
8466;-296;40
8467;-296;40
8468;-296;40
8469;-296;40
8470;-296;40
8471;-296;40
8472;-304;32
8473;-304;40
8474;-304;40
8475;-304;40
8476;-304;40
8477;-304;40
8478;-304;40
8479;-304;40
8480;-304;40
8481;-312;40
8482;-304;40
8483;-312;32
8484;-312;40
8485;-312;40
8486;-312;40
8487;-312;40
8488;-312;40
8489;-312;40
8490;-296;32
8491;-320;32
8492;-312;32
8493;-320;32
8494;-312;32
8495;-312;24
8496;-320;24
8497;-312;24
8498;-312;24
8499;-320;16
8500;-320;16
8501;-320;16
8502;-320;16
8503;-320;16
8504;-320;16
8505;-320;16
8506;-320;16
8507;-320;8
8508;-328;16
8509;-320;16
8510;-320;16
8511;-328;16
8512;-320;16
8513;-320;24
8514;-320;24
8515;-320;24
8516;-328;24
8517;-320;56
8518;-336;64
8519;-320;64
8520;-320;64
8521;-328;64
8522;-320;64
8523;-320;72
8524;-328;72
8525;-320;80
8526;-320;72
8527;-320;80
8528;-320;80
8529;-320;80
8530;-320;80
8531;-328;80
8532;-304;80
8533;-320;72
8534;-320;72
8535;-320;72
8536;-312;72
8537;-320;80
8538;-320;72
8539;-320;72
8540;-320;72
8541;-320;72
8542;-320;72
8543;-320;72
8544;-320;72
8545;-320;72
8546;-320;72
8547;-320;72
8548;-312;64
8549;-312;64
8550;-312;64
8551;-320;64
8552;-320;72
8553;-320;64
8554;-312;64
8555;-312;64
8556;-312;64
8557;-312;64
8558;-304;64
8559;-312;64
8560;-312;64
8561;-312;64
8562;-304;64
8563;-312;64
8564;-312;72
8565;-312;64
8566;-304;64
8567;-312;64
8568;-304;64
8569;-304;64
8570;-312;64
8571;-304;64
8572;-312;64
8573;-304;64
8574;-304;64
8575;-296;64
8576;-304;64
8577;-296;64
8578;-296;64
8579;-304;64
8580;-304;64
8581;-296;56
8582;-296;56
8583;-288;56
8584;-288;56
8585;-288;56
8586;-288;48
8587;-288;48
8588;-288;48
8589;-280;48
8590;-280;48
8591;-280;40
8592;-280;40
8593;-280;40
8594;-280;40
8595;-280;40
8596;-272;32
8597;-280;48
8598;-272;40
8599;-272;40
8600;-256;48
8601;-272;48
8602;-272;48
8603;-272;56
8604;-264;56
8605;-264;56
8606;-264;64
8607;-272;64
8608;-256;72
8609;-264;72
8610;-256;72
8611;-256;72
8612;-264;72
8613;-256;80
8614;-256;80
8615;-248;80
8616;-248;80
8617;-248;80
8618;-240;80
8619;-240;72
8620;-240;80
8621;-240;72
8622;-240;72
8623;-232;72
8624;-240;72
8625;-232;80
8626;-232;72
8627;-232;72
8628;-224;72
8629;-224;72
8630;-224;72
8631;-224;72
8632;-224;72
8633;-216;64
8634;-216;64
8635;-216;64
8636;-216;64
8637;-208;64
8638;-208;64
8639;-208;72
8640;-216;64
8641;-200;64
8642;-200;64
8643;-200;64
8644;-200;64
8645;-200;64
8646;-192;64
8647;-176;64
8648;-192;64
8649;-184;64
8650;-184;64
8651;-184;64
8652;-184;64
8653;-184;64
8654;-176;64
8655;-176;72
8656;-176;64
8657;-176;64
8658;-168;64
8659;-168;64
8660;-168;64
8661;-160;64
8662;-168;64
8663;-160;56
8664;-160;56
8665;-152;56
8666;-152;56
8667;-152;56
8668;-160;48
8669;-144;48
8670;-144;48
8671;-136;48
8672;-144;48
8673;-136;40
8674;-136;40
8675;-144;40
8676;-136;40
8677;-128;40
8678;-128;40
8679;-120;40
8680;-120;40
8681;-120;40
8682;-120;40
8683;-120;48
8684;-112;48
8685;-112;48
8686;-112;48
8687;-104;48
8688;-104;64
8689;-88;64
8690;-104;64
8691;-104;72
8692;-96;72
8693;-96;72
8694;-88;80
8695;-88;72
8696;-88;72
8697;-80;72
8698;-80;80
8699;-80;80
8700;-72;72
8701;-80;80
8702;-72;72
8703;-72;80
8704;-72;72
8705;-64;72
8706;-72;80
8707;-64;72
8708;-64;72
8709;-56;72
8710;-56;64
8711;-48;72
8712;-48;72
8713;-48;64
8714;-48;72
8715;-40;72
8716;-40;64
8717;-40;72
8718;-40;72
8719;-32;64
8720;-32;64
8721;-32;72
8722;-32;72
8723;-24;16
8724;-24;8
8725;-24;16
8726;-24;16
8727;-16;8
8728;-16;16
8729;-16;0
8730;-8;8
8731;-8;0
8732;0;0
8733;-8;0
8734;0;0
8735;0;-8
8736;0;-8
8737;0;-8
8738;8;-8
8739;8;-8
8740;8;-16
8741;16;-8
8742;16;-16
8743;24;-16
8744;24;-16
8745;24;-16
8746;32;-16
8747;24;-16
8748;32;-16
8749;32;-16
8750;40;-16
8751;40;-8
8752;48;-8
8753;40;0
8754;48;0
8755;40;8
8756;48;0
8757;56;0
8758;56;8
8759;56;8
8760;56;16
8761;56;16
8762;56;16
8763;64;16
8764;40;24
8765;64;24
8766;64;24
8767;72;16
8768;72;24
8769;80;24
8770;80;24
8771;72;24
8772;80;24
8773;80;16
8774;88;16
8775;88;24
8776;96;24
8777;96;16
8778;96;16
8779;96;16
8780;96;16
8781;96;16
8782;104;16
8783;104;16
8784;112;16
8785;112;16
8786;112;8
8787;120;16
8788;120;16
8789;120;16
8790;120;16
8791;120;16
8792;128;8
8793;128;16
8794;128;8
8795;128;8
8796;128;8
8797;136;8
8798;136;8
8799;136;8
8800;144;8
8801;144;8
8802;144;8
8803;144;16
8804;152;8
8805;152;8
8806;152;8
8807;152;8
8808;160;8
8809;160;8
8810;160;8
8811;152;8
8812;160;8
8813;160;8
8814;160;8
8815;168;8
8816;168;8
8817;176;0
8818;176;0
8819;176;-8
8820;176;0
8821;176;0
8822;184;0
8823;184;-8
8824;184;-8
8825;192;-8
8826;192;-16
8827;192;-8
8828;192;-8
8829;192;-16
8830;200;-16
8831;200;-16
8832;208;-16
8833;200;-16
8834;208;-16
8835;208;-16
8836;208;-16
8837;208;-8
8838;208;-8
8839;232;-8
8840;216;0
8841;216;0
8842;216;0
8843;216;8
8844;216;8
8845;224;16
8846;216;16
8847;224;16
8848;224;16
8849;224;16
8850;224;24
8851;224;24
8852;232;16
8853;232;16
8854;232;24
8855;240;24
8856;232;16
8857;240;16
8858;232;24
8859;248;24
8860;248;16
8861;248;16
8862;248;16
8863;248;16
8864;248;16
8865;256;16
8866;248;16
8867;248;16
8868;256;16
8869;256;16
8870;256;16
8871;256;16
8872;264;8
8873;264;8
8874;264;8
8875;272;8
8876;264;16
8877;264;8
8878;272;16
8879;264;8
8880;272;8
8881;272;16
8882;272;8
8883;272;8
8884;280;8
8885;280;8
8886;288;8
8887;280;0
8888;280;8
8889;280;8
8890;288;8
8891;288;8
8892;288;8
8893;288;8
8894;288;8
8895;288;8
8896;288;8
8897;288;0
8898;288;8
8899;288;0
8900;288;0
8901;296;0
8902;296;0
8903;296;0
8904;296;-8
8905;296;-8
8906;296;-8
8907;296;-16
8908;304;-16
8909;304;-16
8910;304;-16
8911;304;-16
8912;312;-16
8913;304;-16
8914;296;-16
8915;304;-16
8916;312;-16
8917;312;-16
8918;312;-16
8919;312;-16
8920;312;-8
8921;312;-8
8922;312;-8
8923;312;-8
8924;312;0
8925;320;0
8926;312;8
8927;320;8
8928;336;16
8929;312;16
8930;320;16
8931;320;-24
8932;320;-24
8933;320;-24
8934;320;-16
8935;320;-16
8936;328;-16
8937;328;-16
8938;320;-16
8939;328;-16
8940;320;-16
8941;328;-16
8942;320;-16
8943;328;-24
8944;328;-24
8945;320;-16
8946;328;-24
8947;320;-24
8948;328;-24
8949;328;-24
8950;328;-24
8951;328;-24
8952;328;-24
8953;328;-24
8954;328;-24
8955;328;-24
8956;328;-24
8957;328;-24
8958;328;-24
8959;328;-24
8960;328;-24
8961;320;-24
8962;328;-32
8963;336;-24
8964;336;-24
8965;336;-32
8966;336;-32
8967;336;-32
8968;336;-24
8969;336;-24
8970;328;-24
8971;328;-32
8972;328;-32
8973;336;-32
8974;336;-32
8975;336;-32
8976;328;-32
8977;336;-32
8978;336;-32
8979;336;-32
8980;336;-40
8981;336;-40
8982;336;-32
8983;336;-40
8984;328;-40
8985;336;-40
8986;336;-48
8987;336;-40
8988;336;-48
8989;328;-48
8990;336;-48
8991;336;-48
8992;336;-48
8993;336;-48
8994;328;-56
8995;328;-48
8996;328;-56
8997;328;-56
8998;336;-56
8999;328;-56
9000;328;-48
9001;328;-48
9002;328;-56
9003;304;-40
9004;328;-48
9005;328;-40
9006;328;-40
9007;328;-32
9008;320;-40
9009;328;-32
9010;312;-32
9011;320;-32
9012;328;-24
9013;328;-24
9014;328;-24
9015;336;-24
9016;320;-24
9017;320;-16
9018;320;-24
9019;320;-16
9020;328;-16
9021;320;-16
9022;320;-16
9023;320;-16
9024;320;-16
9025;320;-16
9026;320;-16
9027;312;-24
9028;320;-24
9029;312;-16
9030;312;-24
9031;312;-16
9032;312;-24
9033;312;-24
9034;312;-24
9035;312;-24
9036;312;-24
9037;304;-24
9038;312;-24
9039;304;-24
9040;304;-24
9041;304;-24
9042;304;-24
9043;304;-24
9044;304;-24
9045;304;-24
9046;296;-24
9047;296;-24
9048;296;-24
9049;296;-24
9050;296;-24
9051;296;-24
9052;296;-24
9053;296;-32
9054;296;-32
9055;288;-24
9056;288;-24
9057;288;-32
9058;288;-32
9059;288;-32
9060;288;-32
9061;288;-32
9062;288;-32
9063;288;-32
9064;280;-32
9065;280;-24
9066;288;-32
9067;280;-32
9068;280;-32
9069;280;-32
9070;280;-24
9071;272;-32
9072;272;-32
9073;272;-32
9074;272;-32
9075;264;-32
9076;272;-32
9077;272;-32
9078;288;-32
9079;264;-32
9080;264;-32
9081;256;-32
9082;256;-40
9083;256;-40
9084;256;-40
9085;256;-40
9086;256;-40
9087;256;-40
9088;248;-48
9089;248;-48
9090;240;-40
9091;248;-48
9092;248;-48
9093;240;-56
9094;248;-48
9095;248;-56
9096;240;-56
9097;232;-56
9098;232;-56
9099;240;-56
9100;232;-48
9101;232;-48
9102;232;-48
9103;224;-48
9104;224;-40
9105;224;-40
9106;224;-40
9107;224;-32
9108;216;-32
9109;216;-24
9110;216;-24
9111;216;-24
9112;216;-16
9113;216;-16
9114;208;-16
9115;208;-16
9116;208;-16
9117;208;-16
9118;200;-16
9119;200;-16
9120;200;-16
9121;200;-24
9122;200;-16
9123;192;-16
9124;192;-24
9125;192;-24
9126;192;-24
9127;192;-24
9128;192;-24
9129;184;-24
9130;184;-24
9131;184;-24
9132;176;-24
9133;184;-24
9134;176;-24
9135;176;-24
9136;176;-24
9137;168;-24
9138;168;-24
9139;168;-24
9140;168;16
9141;160;8
9142;168;16
9143;160;16
9144;160;16
9145;152;8
9146;152;8
9147;152;8
9148;152;0
9149;152;0
9150;144;0
9151;152;0
9152;136;0
9153;136;0
9154;144;-8
9155;128;-8
9156;136;-8
9157;136;-8
9158;136;-16
9159;128;-16
9160;152;-16
9161;128;-16
9162;128;-16
9163;120;-16
9164;120;-16
9165;120;-16
9166;112;-16
9167;120;-8
9168;112;-16
9169;112;-8
9170;112;-8
9171;104;0
9172;104;-8
9173;104;0
9174;96;0
9175;96;0
9176;88;8
9177;96;8
9178;88;16
9179;80;16
9180;88;16
9181;80;16
9182;80;24
9183;80;16
9184;80;24
9185;72;24
9186;72;24
9187;72;24
9188;72;16
9189;72;16
9190;56;24
9191;64;24
9192;64;16
9193;56;24
9194;56;24
9195;56;24
9196;48;16
9197;48;16
9198;48;16
9199;48;16
9200;32;16
9201;40;16
9202;40;16
9203;32;16
9204;32;16
9205;32;16
9206;32;16
9207;24;16
9208;32;16
9209;32;16
9210;24;8
9211;16;16
9212;16;8
9213;16;16
9214;16;8
9215;8;8
9216;8;8
9217;8;8
9218;8;8
9219;0;8
9220;0;8
9221;0;8
9222;-8;16
9223;-8;8
9224;-16;16
9225;-8;8
9226;-16;16
9227;-16;8
9228;-16;8
9229;-24;8
9230;-24;8
9231;-24;8
9232;-32;8
9233;-32;0
9234;-32;0
9235;-32;0
9236;-40;0
9237;-32;-8
9238;-40;-8
9239;-40;-8
9240;-48;-16
9241;-48;-16
9242;-80;-16
9243;-48;-16
9244;-56;-16
9245;-56;-16
9246;-56;-16
9247;-64;-16
9248;-64;-8
9249;-72;-16
9250;-72;-16
9251;-72;-16
9252;-72;-8
9253;-72;-8
9254;-72;-8
9255;-80;0
9256;-80;-8
9257;-80;0
9258;-88;8
9259;-88;0
9260;-88;8
9261;-88;16
9262;-96;16
9263;-96;16
9264;-96;16
9265;-104;24
9266;-104;16
9267;-104;16
9268;-104;24
9269;-104;16
9270;-112;24
9271;-112;24
9272;-112;24
9273;-112;16
9274;-120;24
9275;-112;24
9276;-120;24
9277;-120;24
9278;-120;16
9279;-128;16
9280;-128;24
9281;-136;16
9282;-128;16
9283;-136;16
9284;-136;16
9285;-136;16
9286;-144;16
9287;-144;16
9288;-144;16
9289;-152;16
9290;-144;16
9291;-152;16
9292;-152;16
9293;-160;16
9294;-160;16
9295;-168;16
9296;-168;8
9297;-168;16
9298;-160;8
9299;-168;8
9300;-168;8
9301;-176;8
9302;-176;8
9303;-176;16
9304;-176;16
9305;-176;16
9306;-184;8
9307;-184;8
9308;-184;8
9309;-192;8
9310;-184;8
9311;-192;8
9312;-192;16
9313;-192;8
9314;-192;8
9315;-192;8
9316;-200;8
9317;-176;8
9318;-200;8
9319;-208;8
9320;-208;8
9321;-208;8
9322;-208;8
9323;-216;8
9324;-216;8
9325;-216;8
9326;-216;8
9327;-216;8
9328;-216;8
9329;-232;0
9330;-224;0
9331;-224;0
9332;-224;0
9333;-232;-8
9334;-232;-8
9335;-232;-8
9336;-240;-8
9337;-240;-16
9338;-240;-16
9339;-240;-8
9340;-248;-16
9341;-240;-16
9342;-248;-16
9343;-240;-16
9344;-248;-16
9345;-248;-8
9346;-248;-8
9347;-248;-16
9348;-256;48
9349;-248;48
9350;-256;48
9351;-264;56
9352;-256;56
9353;-256;56
9354;-256;56
9355;-256;64
9356;-264;64
9357;-280;64
9358;-264;64
9359;-272;72
9360;-272;72
9361;-264;72
9362;-272;72
9363;-272;80
9364;-264;72
9365;-272;80
9366;-280;80
9367;-280;80
9368;-280;80
9369;-280;80
9370;-280;72
9371;-280;80
9372;-280;80
9373;-288;72
9374;-288;80
9375;-288;72
9376;-288;80
9377;-288;80
9378;-288;72
9379;-288;72
9380;-296;72
9381;-288;72
9382;-296;72
9383;-296;64
9384;-296;72
9385;-304;72
9386;-296;72
9387;-296;72
9388;-296;72
9389;-304;72
9390;-304;64
9391;-296;72
9392;-312;72
9393;-304;64
9394;-304;64
9395;-304;72
9396;-304;72
9397;-304;64
9398;-304;64
9399;-312;64
9400;-312;64
9401;-312;64
9402;-312;64
9403;-312;64
9404;-312;64
9405;-312;64
9406;-296;64
9407;-312;64
9408;-312;64
9409;-312;64
9410;-320;64
9411;-312;64
9412;-312;64
9413;-312;56
9414;-320;56
9415;-312;56
9416;-320;48
9417;-320;48
9418;-328;48
9419;-320;48
9420;-320;48
9421;-320;48
9422;-320;48
9423;-320;40
9424;-320;40
9425;-320;40
9426;-320;40
9427;-320;40
9428;-320;40
9429;-320;48
9430;-320;48
9431;-320;48
9432;-312;48
9433;-320;56
9434;-320;56
9435;-320;56
9436;-320;56
9437;-320;64
9438;-320;64
9439;-328;64
9440;-328;72
9441;-320;72
9442;-320;72
9443;-320;72
9444;-320;72
9445;-320;72
9446;-336;72
9447;-320;72
9448;-320;80
9449;-320;80
9450;-320;80
9451;-320;80
9452;-320;80
9453;-320;80
9454;-320;72
9455;-320;80
9456;-320;80
9457;-320;72
9458;-320;80
9459;-320;80
9460;-312;72
9461;-320;72
9462;-320;72
9463;-320;72
9464;-320;72
9465;-320;72
9466;-312;72
9467;-320;72
9468;-320;72
9469;-312;72
9470;-312;64
9471;-312;72
9472;-312;72
9473;-312;72
9474;-304;64
9475;-312;64
9476;-312;72
9477;-312;64
9478;-312;64
9479;-304;64
9480;-304;64
9481;-328;64
9482;-304;64
9483;-312;64
9484;-304;64
9485;-304;64
9486;-304;72
9487;-304;64
9488;-296;64
9489;-304;64
9490;-304;72
9491;-296;64
9492;-296;64
9493;-296;64
9494;-296;64
9495;-296;64
9496;-296;64
9497;-296;64
9498;-288;64
9499;-296;64
9500;-296;64
9501;-288;56
9502;-288;64
9503;-288;56
9504;-296;56
9505;-280;56
9506;-288;56
9507;-280;48
9508;-280;48
9509;-280;56
9510;-280;40
9511;-280;40
9512;-280;48
9513;-280;40
9514;-272;40
9515;-272;40
9516;-272;40
9517;-264;40
9518;-272;40
9519;-264;40
9520;-264;48
9521;-272;48
9522;-264;48
9523;-256;56
9524;-264;56
9525;-256;56
9526;-256;64
9527;-256;64
9528;-264;64
9529;-248;64
9530;-256;72
9531;-248;72
9532;-248;72
9533;-240;80
9534;-240;72
9535;-248;72
9536;-240;80
9537;-240;80
9538;-240;80
9539;-232;80
9540;-240;80
9541;-232;80
9542;-224;80
9543;-232;72
9544;-224;72
9545;-224;80
9546;-224;72
9547;-216;80
9548;-224;72
9549;-216;72
9550;-216;72
9551;-216;72
9552;-208;72
9553;-208;72
9554;-208;72
9555;-208;72
9556;-192;48
9557;-208;40
9558;-200;40
9559;-192;40
9560;-200;40
9561;-200;40
9562;-192;40
9563;-192;40
9564;-192;32
9565;-184;32
9566;-184;32
9567;-184;32
9568;-192;32
9569;-176;24
9570;-184;24
9571;-176;24
9572;-176;16
9573;-168;16
9574;-176;16
9575;-176;16
9576;-168;16
9577;-168;16
9578;-160;16
9579;-160;16
9580;-160;16
9581;-160;16
9582;-152;16
9583;-152;16
9584;-144;16
9585;-144;16
9586;-144;24
9587;-144;24
9588;-136;32
9589;-136;32
9590;-136;32
9591;-128;32
9592;-128;40
9593;-128;40
9594;-128;40
9595;-128;40
9596;-128;48
9597;-120;48
9598;-120;48
9599;-112;48
9600;-112;48
9601;-112;56
9602;-104;48
9603;-96;48
9604;-104;48
9605;-104;56
9606;-104;48
9607;-96;48
9608;-96;48
9609;-96;48
9610;-88;48
9611;-88;48
9612;-88;48
9613;-88;48
9614;-88;48
9615;-80;48
9616;-80;48
9617;-80;48
9618;-80;48
9619;-72;40
9620;-72;48
9621;-64;48
9622;-64;40
9623;-64;40
9624;-64;40
9625;-56;40
9626;-56;40
9627;-48;40
9628;-56;40
9629;-48;40
9630;-48;40
9631;-64;40
9632;-40;40
9633;-40;40
9634;-40;40
9635;-32;40
9636;-32;40
9637;-32;40
9638;-24;40
9639;-24;40
9640;-24;40
9641;-24;40
9642;-16;40
9643;-16;40
9644;-16;40
9645;8;40
9646;-16;40
9647;-8;40
9648;0;40
9649;-8;40
9650;0;32
9651;0;32
9652;8;32
9653;8;32
9654;8;32
9655;8;32
9656;16;24
9657;8;32
9658;16;24
9659;16;24
9660;24;24
9661;24;16
9662;24;16
9663;32;16
9664;32;16
9665;32;16
9666;32;16
9667;40;16
9668;40;16
9669;40;16
9670;40;16
9671;48;8
9672;48;16
9673;48;16
9674;56;16
9675;48;24
9676;56;24
9677;64;32
9678;56;32
9679;64;40
9680;64;40
9681;64;40
9682;72;48
9683;72;48
9684;72;48
9685;72;48
9686;80;48
9687;80;48
9688;80;48
9689;88;48
9690;88;56
9691;88;48
9692;96;56
9693;88;48
9694;96;48
9695;96;48
9696;104;48
9697;104;48
9698;104;48
9699;112;48
9700;104;48
9701;104;40
9702;112;48
9703;112;40
9704;112;48
9705;120;40
9706;120;48
9707;120;48
9708;120;40
9709;128;40
9710;128;48
9711;128;40
9712;136;40
9713;136;40
9714;136;40
9715;136;40
9716;136;40
9717;136;40
9718;136;40
9719;144;40
9720;120;40
9721;152;40
9722;152;40
9723;152;40
9724;160;40
9725;152;40
9726;160;40
9727;152;40
9728;160;40
9729;160;32
9730;168;40
9731;168;40
9732;176;40
9733;168;32
9734;168;40
9735;168;40
9736;176;40
9737;176;40
9738;184;40
9739;184;40
9740;184;40
9741;184;40
9742;192;32
9743;192;40
9744;192;32
9745;192;32
9746;192;32
9747;192;24
9748;200;24
9749;200;24
9750;200;24
9751;200;24
9752;208;24
9753;208;16
9754;208;16
9755;208;16
9756;216;16
9757;216;16
9758;216;16
9759;216;16
9760;224;16
9761;224;8
9762;224;16
9763;224;16
9764;224;16
9765;224;-32
9766;224;-32
9767;224;-32
9768;232;-32
9769;232;-24
9770;232;-24
9771;232;-24
9772;232;-16
9773;240;-16
9774;240;-16
9775;240;-16
9776;240;-16
9777;240;-16
9778;248;-8
9779;248;-8
9780;256;-8
9781;248;-8
9782;256;-8
9783;256;-8
9784;256;-8
9785;256;-8
9786;264;-8
9787;256;-8
9788;264;-8
9789;264;-8
9790;264;0
9791;264;-8
9792;264;-16
9793;272;-8
9794;264;-16
9795;296;-8
9796;272;-16
9797;272;-8
9798;272;-8
9799;272;-8
9800;272;-8
9801;280;-16
9802;280;-8
9803;272;-16
9804;280;-8
9805;288;-16
9806;280;-16
9807;280;-16
9808;288;-16
9809;288;-16
9810;288;-16
9811;288;-16
9812;296;-16
9813;296;-16
9814;296;-24
9815;296;-16
9816;296;-16
9817;296;-16
9818;296;-24
9819;296;-16
9820;304;-16
9821;304;-16
9822;304;-16
9823;304;-16
9824;304;-16
9825;304;-16
9826;304;-16
9827;304;-16
9828;312;-24
9829;304;-16
9830;304;-24
9831;312;-24
9832;312;-24
9833;312;-24
9834;312;-24
9835;312;-32
9836;312;-32
9837;312;-32
9838;320;-32
9839;312;-32
9840;312;-40
9841;320;-40
9842;336;-40
9843;312;-40
9844;320;-40
9845;320;-40
9846;320;-40
9847;320;-40
9848;328;-40
9849;320;-40
9850;320;-40
9851;328;-40
9852;320;-32
9853;328;-32
9854;320;-32
9855;328;-24
9856;320;-32
9857;328;-24
9858;328;-16
9859;328;-16
9860;328;-16
9861;328;-16
9862;328;-8
9863;320;-16
9864;328;-8
9865;328;-8
9866;328;-8
9867;328;-8
9868;328;0
9869;336;0
9870;312;-8
9871;336;-8
9872;328;-8
9873;328;-8
9874;336;-8
9875;336;-8
9876;336;-8
9877;328;-8
9878;328;-8
9879;336;-16
9880;336;-8
9881;336;-8
9882;336;-8
9883;336;-8
9884;352;-8
9885;328;-16
9886;336;-8
9887;336;-8
9888;336;-16
9889;344;-16
9890;336;-16
9891;336;-16
9892;336;-16
9893;336;-16
9894;336;-16
9895;344;-16
9896;328;-16
9897;336;-16
9898;336;-16
9899;336;-16
9900;336;-16
9901;336;-16
9902;336;-16
9903;336;-16
9904;336;-16
9905;336;-16
9906;336;-16
9907;336;-16
9908;336;-16
9909;328;-16
9910;344;-16
9911;336;-16
9912;328;-16
9913;336;-24
9914;328;-16
9915;328;-16
9916;328;-16
9917;336;-16
9918;336;-16
9919;336;-16
9920;328;-24
9921;328;-16
9922;328;-16
9923;328;-24
9924;320;-24
9925;328;-24
9926;328;-32
9927;328;-24
9928;336;-24
9929;328;-32
9930;320;-32
9931;320;-32
9932;328;-32
9933;328;-40
9934;328;-40
9935;320;-40
9936;328;-40
9937;320;-40
9938;328;-40
9939;320;-40
9940;320;-40
9941;320;-40
9942;320;-40
9943;320;-40
9944;312;-40
9945;320;-40
9946;312;-32
9947;320;-32
9948;312;-24
9949;312;-32
9950;320;-32
9951;312;-24
9952;320;-24
9953;312;-16
9954;312;-16
9955;312;-16
9956;304;-8
9957;304;-8
9958;304;-8
9959;296;-8
9960;304;-8
9961;304;-8
9962;304;-8
9963;304;0
9964;288;-8
9965;304;-8
9966;296;0
9967;296;-8
9968;304;-8
9969;296;-8
9970;296;-8
9971;296;-8
9972;296;-8
9973;288;0
9974;296;0
9975;288;0
9976;288;0
9977;288;0
9978;288;-8
9979;280;0
9980;288;0
9981;288;0
9982;288;0
9983;280;0
9984;280;0
9985;280;-8
9986;280;-8
9987;272;-8
9988;272;-8
9989;272;-8
9990;272;-8
9991;272;-8
9992;256;-8
9993;272;-8
9994;264;-16
9995;264;-16
9996;264;-16
9997;264;-16
9998;264;-16
9999;272;-24
10000;256;-24
