Column1;Column2;Column3
Channel              :;CH1;CH2
Frequency            :;163,3Hz;164,6Hz
Period               :;6,125ms;6,075ms
PK-PK                :;444,0mV;68,00mV
Probe attenuation    :;1X;1X
Voltage per ADC value:;0,250000mV;0,250000mV
Time interval        :;10,00000uS;10,00000uS
;;
index;CH1_Voltage(mV);CH2_Voltage(mV)
1;208;-24
2;208;-24
3;216;-24
4;204;-24
5;204;-28
6;204;-24
7;204;-24
8;208;-24
9;204;-24
10;204;-24
11;204;-20
12;204;-20
13;204;-20
14;204;-16
15;204;-12
16;204;-12
17;204;-8
18;204;-8
19;204;-4
20;204;0
21;200;4
22;208;0
23;204;4
24;196;8
25;200;8
26;204;8
27;200;12
28;200;12
29;196;12
30;200;12
31;188;12
32;196;12
33;200;12
34;200;8
35;196;8
36;200;8
37;192;8
38;188;8
39;196;8
40;192;8
41;192;8
42;192;8
43;196;4
44;192;4
45;212;0
46;188;4
47;188;4
48;188;4
49;188;0
50;192;4
51;184;0
52;184;0
53;184;0
54;184;0
55;180;0
56;180;0
57;176;0
58;180;0
59;180;0
60;176;0
61;176;0
62;176;0
63;176;0
64;172;0
65;172;0
66;172;0
67;168;0
68;168;0
69;164;-4
70;164;0
71;168;0
72;164;0
73;164;0
74;160;-4
75;160;-4
76;156;-4
77;156;-4
78;148;-8
79;156;-8
80;152;-8
81;152;-8
82;148;-12
83;148;-12
84;148;-16
85;140;-16
86;144;-20
87;144;-20
88;140;-24
89;140;-24
90;140;-24
91;136;-24
92;136;-24
93;132;-24
94;132;-24
95;132;-28
96;128;-28
97;132;-24
98;128;-24
99;132;-24
100;124;-16
101;120;-16
102;120;-12
103;116;-8
104;120;-4
105;116;-4
106;116;0
107;108;4
108;108;8
109;108;8
110;104;8
111;100;12
112;100;12
113;108;12
114;100;8
115;96;12
116;96;12
117;92;12
118;88;12
119;92;12
120;72;8
121;84;12
122;84;8
123;80;8
124;80;4
125;80;8
126;76;4
127;68;4
128;72;4
129;72;4
130;68;4
131;68;4
132;72;4
133;64;0
134;64;4
135;60;0
136;56;4
137;56;4
138;52;0
139;52;0
140;52;0
141;48;0
142;44;0
143;44;-4
144;40;0
145;40;0
146;40;0
147;36;0
148;36;0
149;32;0
150;28;0
151;28;0
152;24;0
153;28;0
154;24;0
155;20;-4
156;16;-4
157;16;0
158;16;-4
159;12;-4
160;16;-4
161;8;-4
162;4;-8
163;4;-8
164;0;-12
165;0;-16
166;-4;-16
167;-8;-16
168;-8;-20
169;-8;-20
170;-12;-20
171;-12;-24
172;-16;-24
173;-12;-24
174;-20;-28
175;-24;-28
176;-20;-28
177;-24;-24
178;-28;-28
179;-24;-28
180;-32;-24
181;-32;-24
182;-32;-20
183;-36;-20
184;-40;-16
185;-40;-12
186;-40;-12
187;-44;-12
188;-44;-8
189;-52;-4
190;-48;0
191;-52;0
192;-56;4
193;-52;4
194;-60;4
195;-40;4
196;-60;8
197;-64;8
198;-68;8
199;-68;8
200;-64;8
201;-72;12
202;-64;12
203;-76;12
204;-76;12
205;-80;8
206;-84;12
207;-80;12
208;-84;8
209;-80;24
210;-88;28
211;-92;28
212;-88;24
213;-92;28
214;-100;28
215;-96;24
216;-100;24
217;-100;24
218;-104;24
219;-104;24
220;-108;24
221;-108;20
222;-108;24
223;-112;24
224;-112;20
225;-112;24
226;-116;24
227;-120;16
228;-116;16
229;-120;12
230;-124;16
231;-124;12
232;-124;12
233;-128;8
234;-132;8
235;-136;4
236;-132;0
237;-132;0
238;-136;0
239;-136;-4
240;-136;-4
241;-140;-4
242;-148;-4
243;-140;-8
244;-144;-8
245;-144;-8
246;-148;-8
247;-148;-8
248;-148;-8
249;-148;-4
250;-152;-4
251;-152;0
252;-156;0
253;-156;4
254;-156;4
255;-156;8
256;-152;12
257;-160;12
258;-160;16
259;-160;20
260;-164;20
261;-164;24
262;-164;28
263;-164;24
264;-168;28
265;-172;28
266;-172;28
267;-172;28
268;-172;32
269;-172;28
270;-164;28
271;-176;32
272;-176;28
273;-176;28
274;-180;28
275;-180;28
276;-180;28
277;-196;28
278;-180;28
279;-180;24
280;-184;24
281;-184;24
282;-192;24
283;-188;24
284;-192;24
285;-184;24
286;-188;24
287;-188;24
288;-188;20
289;-188;20
290;-192;20
291;-188;20
292;-192;20
293;-192;20
294;-192;20
295;-192;20
296;-192;20
297;-192;20
298;-192;20
299;-196;20
300;-192;20
301;-192;16
302;-196;20
303;-192;16
304;-196;16
305;-196;20
306;-196;20
307;-192;16
308;-196;20
309;-196;20
310;-196;16
311;-200;20
312;-196;16
313;-196;16
314;-196;20
315;-196;16
316;-196;16
317;-188;20
318;-196;12
319;-196;16
320;-200;12
321;-200;12
322;-196;12
323;-196;12
324;-196;8
325;-196;4
326;-196;4
327;-196;0
328;-196;0
329;-192;0
330;-196;-4
331;-192;-4
332;-192;-8
333;-192;-8
334;-192;-8
335;-192;-8
336;-192;-12
337;-192;-8
338;-196;-8
339;-188;-8
340;-188;-4
341;-188;-4
342;-184;-4
343;-188;0
344;-188;4
345;-200;4
346;-184;8
347;-188;12
348;-184;12
349;-184;16
350;-180;20
351;-180;20
352;-180;24
353;-180;24
354;-176;24
355;-176;28
356;-176;28
357;-172;28
358;-172;32
359;-156;28
360;-172;28
361;-172;28
362;-172;32
363;-168;32
364;-164;32
365;-164;32
366;-164;28
367;-164;28
368;-164;28
369;-160;28
370;-164;28
371;-160;24
372;-156;24
373;-156;24
374;-156;24
375;-156;24
376;-152;24
377;-152;24
378;-152;24
379;-148;20
380;-148;24
381;-144;20
382;-144;20
383;-144;20
384;-144;20
385;-136;24
386;-140;20
387;-136;20
388;-136;20
389;-136;20
390;-132;20
391;-132;20
392;-132;16
393;-124;20
394;-124;20
395;-124;20
396;-120;16
397;-120;16
398;-120;20
399;-128;16
400;-116;16
401;-116;20
402;-112;20
403;-112;16
404;-108;16
405;-112;16
406;-108;16
407;-100;16
408;-100;16
409;-100;16
410;-96;16
411;-92;16
412;-96;16
413;-88;16
414;-92;16
415;-88;20
416;-84;20
417;-84;12
418;-80;12
419;-84;8
420;-72;8
421;-76;8
422;-72;8
423;-72;8
424;-72;4
425;-68;0
426;-68;-4
427;-52;-4
428;-64;-4
429;-60;-4
430;-60;-8
431;-56;-8
432;-60;-12
433;-52;-12
434;-60;-12
435;-48;-12
436;-44;-12
437;-48;-12
438;-40;-12
439;-52;-12
440;-36;-12
441;-40;-12
442;-36;-8
443;-32;-8
444;-32;-8
445;-28;-4
446;-28;-4
447;-24;0
448;-24;4
449;-20;4
450;-20;8
451;-16;8
452;-12;12
453;-16;12
454;-8;16
455;-8;16
456;-4;20
457;-4;20
458;-4;24
459;0;24
460;0;24
461;4;24
462;4;24
463;8;24
464;8;24
465;12;24
466;16;20
467;20;20
468;20;24
469;24;20
470;24;20
471;24;20
472;24;20
473;28;20
474;28;20
475;32;16
476;36;16
477;36;16
478;40;16
479;40;12
480;40;16
481;36;16
482;48;16
483;48;16
484;52;16
485;56;16
486;52;12
487;56;12
488;52;12
489;60;12
490;64;12
491;64;12
492;68;12
493;72;12
494;72;12
495;68;12
496;76;12
497;72;12
498;76;12
499;80;12
500;80;8
501;84;12
502;80;12
503;88;12
504;88;12
505;92;12
506;92;12
507;100;12
508;96;12
509;116;12
510;100;12
511;104;12
512;104;12
513;108;12
514;108;12
515;108;8
516;116;12
517;112;8
518;116;8
519;116;8
520;120;4
521;120;4
522;120;0
523;124;0
524;124;0
525;124;-4
526;128;-4
527;128;-8
528;124;-8
529;132;-12
530;132;-12
531;136;-12
532;136;-16
533;140;-16
534;140;-12
535;140;-12
536;144;-16
537;144;-12
538;148;-12
539;148;-8
540;148;-4
541;152;-4
542;152;-4
543;152;4
544;152;8
545;152;12
546;156;12
547;156;16
548;160;20
549;148;16
550;160;20
551;164;24
552;164;24
553;164;24
554;168;24
555;168;24
556;168;24
557;168;24
558;172;24
559;176;20
560;176;20
561;176;20
562;176;20
563;180;20
564;176;20
565;176;20
566;180;20
567;184;20
568;184;20
569;184;16
570;192;16
571;184;16
572;188;20
573;184;16
574;188;16
575;192;16
576;192;16
577;192;16
578;192;16
579;192;12
580;192;16
581;196;12
582;192;12
583;196;12
584;192;12
585;196;12
586;196;12
587;196;12
588;196;12
589;196;12
590;200;12
591;176;12
592;200;12
593;200;12
594;200;12
595;200;12
596;200;12
597;204;12
598;192;12
599;204;12
600;204;12
601;204;8
602;204;12
603;212;8
604;204;8
605;204;8
606;204;4
607;204;4
608;204;0
609;204;0
610;208;-4
611;208;-4
612;204;-8
613;204;-8
614;204;-8
615;208;-12
616;208;-12
617;208;-12
618;208;-12
619;208;-12
620;208;-12
621;204;-12
622;204;-12
623;204;-8
624;212;-12
625;204;-8
626;208;-24
627;204;-20
628;204;-20
629;208;-16
630;208;-12
631;208;-12
632;204;-8
633;204;-8
634;204;-8
635;204;-8
636;204;-4
637;204;-8
638;196;-4
639;200;-4
640;204;-4
641;200;-4
642;200;-4
643;200;-4
644;200;-4
645;196;-4
646;200;-4
647;196;-4
648;196;-4
649;196;-8
650;196;-8
651;196;-4
652;192;-12
653;192;-8
654;192;-8
655;192;-8
656;192;-8
657;192;-12
658;192;-8
659;188;-8
660;188;-8
661;188;-12
662;188;-12
663;184;-8
664;188;-12
665;188;-8
666;208;-12
667;184;-8
668;180;-8
669;176;-8
670;176;-8
671;176;-8
672;176;-8
673;180;-8
674;176;-4
675;176;-4
676;176;-4
677;172;-4
678;160;0
679;172;0
680;172;0
681;168;0
682;164;4
683;164;4
684;164;4
685;160;0
686;164;4
687;160;4
688;156;4
689;156;4
690;156;4
691;156;4
692;152;4
693;152;0
694;152;0
695;148;0
696;148;0
697;144;0
698;144;0
699;144;0
700;144;0
701;140;0
702;140;0
703;140;0
704;136;-4
705;136;0
706;120;-4
707;132;-4
708;132;-4
709;128;-4
710;128;-4
711;124;-4
712;124;-4
713;132;-4
714;120;-4
715;116;-4
716;116;-4
717;112;-4
718;112;-4
719;112;-4
720;108;-4
721;108;-4
722;108;-4
723;108;-8
724;100;-4
725;100;-4
726;100;-4
727;100;-4
728;96;-4
729;96;-4
730;92;-4
731;92;-4
732;88;-4
733;88;-4
734;76;-8
735;80;-8
736;80;-4
737;76;-4
738;76;-8
739;72;-8
740;72;-8
741;60;-8
742;68;-4
743;68;-8
744;64;-8
745;60;-4
746;64;-4
747;60;-8
748;44;-8
749;52;-4
750;52;-4
751;52;-8
752;48;-8
753;52;-8
754;44;-8
755;64;-8
756;40;-8
757;36;-8
758;36;-8
759;32;-8
760;40;-8
761;32;-12
762;28;-12
763;28;-12
764;24;-16
765;20;-16
766;20;-16
767;16;-20
768;16;-20
769;16;-24
770;16;-24
771;8;-24
772;8;-28
773;4;-28
774;4;-28
775;4;-32
776;0;-28
777;0;-28
778;-4;-28
779;-4;-28
780;-4;-28
781;-12;-28
782;-12;-24
783;-12;-20
784;-16;-20
785;-16;-16
786;-20;-12
787;-24;-8
788;-36;-4
789;-24;-4
790;-28;0
791;-28;0
792;-32;4
793;-32;4
794;-36;4
795;-28;4
796;-40;8
797;-40;8
798;-44;8
799;-48;8
800;-48;4
801;-48;8
802;-52;4
803;-52;4
804;-56;4
805;-52;4
806;-60;4
807;-60;0
808;-60;0
809;-60;0
810;-68;0
811;-68;0
812;-68;0
813;-72;0
814;-72;0
815;-76;0
816;-76;0
817;-80;-4
818;-84;-4
819;-80;-4
820;-88;-4
821;-92;-4
822;-88;-4
823;-92;-4
824;-92;-4
825;-96;-4
826;-96;-4
827;-100;-8
828;-104;-4
829;-100;-4
830;-128;-4
831;-108;-4
832;-108;-4
833;-108;-4
834;-112;20
835;-120;20
836;-116;16
837;-128;16
838;-116;12
839;-116;16
840;-120;12
841;-120;12
842;-120;8
843;-124;8
844;-124;8
845;-132;4
846;-132;0
847;-132;0
848;-132;-4
849;-132;-4
850;-136;-4
851;-136;-4
852;-140;-4
853;-140;-8
854;-144;-8
855;-144;-8
856;-144;-8
857;-144;-8
858;-144;-8
859;-148;-8
860;-152;-8
861;-152;-4
862;-152;0
863;-160;0
864;-156;4
865;-156;4
866;-156;8
867;-156;12
868;-160;12
869;-160;16
870;-148;16
871;-160;20
872;-164;20
873;-164;24
874;-164;24
875;-168;24
876;-168;28
877;-168;28
878;-172;28
879;-172;28
880;-172;28
881;-172;28
882;-172;32
883;-176;28
884;-172;28
885;-176;28
886;-176;28
887;-180;28
888;-180;24
889;-180;24
890;-180;24
891;-188;24
892;-180;24
893;-184;24
894;-184;20
895;-184;24
896;-184;24
897;-188;24
898;-200;20
899;-188;20
900;-188;20
901;-188;20
902;-188;20
903;-184;20
904;-188;16
905;-192;20
906;-192;20
907;-192;20
908;-192;16
909;-192;20
910;-188;20
911;-196;20
912;-176;20
913;-192;20
914;-192;16
915;-192;16
916;-196;16
917;-188;16
918;-196;16
919;-196;20
920;-196;16
921;-196;16
922;-200;16
923;-196;20
924;-200;20
925;-196;16
926;-196;16
927;-196;16
928;-196;12
929;-200;16
930;-196;12
931;-200;16
932;-196;12
933;-196;12
934;-200;12
935;-196;12
936;-196;8
937;-196;8
938;-188;4
939;-192;0
940;-196;0
941;-192;0
942;-192;-4
943;-192;-4
944;-192;-4
945;-196;-8
946;-192;-8
947;-192;-8
948;-192;-8
949;-192;-8
950;-188;-8
951;-188;-8
952;-196;-8
953;-188;-4
954;-184;-4
955;-184;0
956;-184;4
957;-184;8
958;-184;12
959;-184;16
960;-184;20
961;-180;20
962;-180;24
963;-180;24
964;-176;28
965;-176;28
966;-172;28
967;-172;28
968;-176;28
969;-172;28
970;-172;28
971;-172;28
972;-172;28
973;-164;28
974;-168;28
975;-168;28
976;-164;28
977;-168;28
978;-164;24
979;-160;28
980;-148;24
981;-160;24
982;-160;24
983;-156;24
984;-160;20
985;-160;20
986;-156;20
987;-160;24
988;-152;20
989;-152;20
990;-152;20
991;-148;20
992;-152;20
993;-144;20
994;-148;20
995;-144;20
996;-140;20
997;-140;16
998;-136;16
999;-132;16
1000;-132;16
1001;-132;20
1002;-132;20
1003;-128;16
1004;-128;16
1005;-128;20
1006;-124;16
1007;-124;16
1008;-120;16
1009;-120;16
1010;-116;20
1011;-116;16
1012;-116;16
1013;-112;16
1014;-108;16
1015;-108;16
1016;-104;12
1017;-108;12
1018;-100;16
1019;-100;12
1020;-104;8
1021;-100;8
1022;-96;4
1023;-96;4
1024;-92;0
1025;-88;0
1026;-88;-4
1027;-76;-4
1028;-84;-4
1029;-84;-4
1030;-84;-8
1031;-76;-8
1032;-80;-8
1033;-76;-12
1034;-76;-12
1035;-72;-8
1036;-68;-8
1037;-68;-4
1038;-64;-4
1039;-64;-4
1040;-64;0
1041;-60;4
1042;-56;8
1043;-56;4
1044;-52;8
1045;-52;8
1046;-52;12
1047;-48;16
1048;-48;16
1049;-40;20
1050;-40;20
1051;-40;20
1052;-40;24
1053;-36;24
1054;-32;24
1055;-44;24
1056;-28;24
1057;-28;28
1058;-24;24
1059;-24;24
1060;-16;24
1061;-20;24
1062;-8;24
1063;-16;24
1064;-16;24
1065;-12;24
1066;-12;20
1067;-4;20
1068;-4;20
1069;8;20
1070;0;20
1071;0;20
1072;4;20
1073;4;20
1074;8;16
1075;8;16
1076;12;16
1077;12;16
1078;16;16
1079;16;16
1080;20;16
1081;16;16
1082;24;16
1083;24;16
1084;24;16
1085;28;16
1086;28;16
1087;36;12
1088;40;12
1089;36;16
1090;40;16
1091;44;12
1092;40;12
1093;44;12
1094;48;12
1095;52;12
1096;52;12
1097;52;12
1098;56;12
1099;60;12
1100;60;8
1101;64;4
1102;56;4
1103;64;4
1104;68;0
1105;68;0
1106;68;-4
1107;76;-4
1108;76;-4
1109;88;-8
1110;76;-8
1111;80;-12
1112;80;-12
1113;84;-12
1114;88;-12
1115;88;-12
1116;88;-12
1117;92;-12
1118;92;-12
1119;96;-12
1120;96;-8
1121;100;-4
1122;100;0
1123;104;4
1124;104;0
1125;104;8
1126;108;12
1127;108;16
1128;112;16
1129;112;16
1130;112;20
1131;116;24
1132;116;24
1133;116;24
1134;120;24
1135;120;28
1136;124;28
1137;116;24
1138;124;24
1139;132;24
1140;132;24
1141;136;24
1142;132;24
1143;136;20
1144;128;24
1145;136;20
1146;140;20
1147;140;20
1148;144;20
1149;144;20
1150;144;20
1151;164;16
1152;148;16
1153;148;20
1154;152;16
1155;152;16
1156;164;16
1157;156;16
1158;156;16
1159;156;12
1160;160;16
1161;156;12
1162;160;12
1163;160;16
1164;164;12
1165;164;12
1166;168;16
1167;168;16
1168;168;16
1169;172;12
1170;172;12
1171;172;12
1172;176;12
1173;176;12
1174;176;12
1175;176;12
1176;176;16
1177;184;12
1178;180;12
1179;180;12
1180;184;12
1181;184;12
1182;184;12
1183;184;12
1184;188;12
1185;184;12
1186;188;12
1187;188;12
1188;188;12
1189;188;12
1190;192;12
1191;184;8
1192;192;8
1193;192;4
1194;196;4
1195;192;4
1196;192;0
1197;196;0
1198;192;-4
1199;196;-4
1200;200;-4
1201;196;-8
1202;200;-8
1203;200;-12
1204;200;-8
1205;200;-12
1206;200;-12
1207;196;-12
1208;200;-12
1209;204;-12
1210;204;-12
1211;204;-12
1212;204;-12
1213;204;-8
1214;204;-8
1215;204;-4
1216;200;-4
1217;204;0
1218;204;4
1219;224;4
1220;204;8
1221;204;12
1222;204;12
1223;204;16
1224;204;16
1225;204;20
1226;204;20
1227;204;20
1228;204;24
1229;204;24
1230;204;24
1231;200;24
1232;204;24
1233;208;24
1234;204;28
1235;204;24
1236;204;24
1237;204;24
1238;200;20
1239;208;20
1240;204;20
1241;204;20
1242;204;20
1243;204;20
1244;204;20
1245;204;20
1246;204;20
1247;204;20
1248;204;20
1249;204;20
1250;200;16
1251;200;4
1252;200;4
1253;200;0
1254;200;0
1255;200;4
1256;200;0
1257;200;-4
1258;200;0
1259;184;-4
1260;196;-4
1261;196;-8
1262;192;-8
1263;196;-12
1264;192;-12
1265;192;-16
1266;204;-16
1267;192;-20
1268;192;-20
1269;188;-20
1270;188;-20
1271;192;-24
1272;188;-24
1273;188;-24
1274;188;-24
1275;188;-24
1276;188;-24
1277;184;-24
1278;184;-24
1279;180;-20
1280;184;-20
1281;180;-20
1282;180;-20
1283;180;-16
1284;176;-12
1285;180;-8
1286;172;-4
1287;168;-4
1288;172;-4
1289;176;0
1290;172;4
1291;168;4
1292;164;4
1293;168;8
1294;152;8
1295;164;8
1296;164;12
1297;160;12
1298;160;12
1299;164;12
1300;160;8
1301;148;12
1302;156;12
1303;156;12
1304;152;12
1305;148;12
1306;152;8
1307;152;8
1308;168;8
1309;148;8
1310;144;8
1311;144;8
1312;140;8
1313;148;4
1314;140;4
1315;136;4
1316;136;4
1317;136;4
1318;132;4
1319;132;4
1320;128;4
1321;128;0
1322;128;0
1323;124;0
1324;124;0
1325;120;0
1326;120;0
1327;120;0
1328;116;0
1329;116;0
1330;112;0
1331;112;0
1332;108;0
1333;108;0
1334;112;0
1335;104;0
1336;104;0
1337;104;0
1338;100;0
1339;100;0
1340;96;0
1341;88;-4
1342;92;0
1343;92;-4
1344;88;0
1345;84;-4
1346;84;0
1347;84;0
1348;76;-4
1349;80;-4
1350;76;0
1351;72;-4
1352;72;-4
1353;72;-8
1354;72;-8
1355;68;-8
1356;68;-12
1357;64;-16
1358;60;-12
1359;60;-16
1360;60;-16
1361;56;-20
1362;60;-20
1363;52;-24
1364;52;-24
1365;48;-24
1366;48;-28
1367;48;-24
1368;40;-28
1369;44;-28
1370;40;-24
1371;36;-28
1372;32;-24
1373;32;-20
1374;32;-20
1375;28;-16
1376;36;-12
1377;24;-12
1378;20;-12
1379;20;-4
1380;20;0
1381;16;4
1382;16;4
1383;0;4
1384;12;8
1385;8;8
1386;8;12
1387;4;12
1388;-8;12
1389;0;12
1390;-8;12
1391;-4;12
1392;-4;12
1393;-8;8
1394;-8;12
1395;-12;12
1396;-12;12
1397;-12;8
1398;-16;8
1399;-20;8
1400;-20;8
1401;-20;8
1402;-24;8
1403;-24;4
1404;-32;4
1405;-32;4
1406;-32;4
1407;-32;4
1408;-36;4
1409;-36;4
1410;-40;0
1411;-40;0
1412;-44;4
1413;-48;0
1414;-48;0
1415;-48;0
1416;-52;0
1417;-52;4
1418;-56;4
1419;-60;0
1420;-60;0
1421;-60;0
1422;-64;0
1423;-64;0
1424;-68;0
1425;-72;0
1426;-72;0
1427;-72;0
1428;-76;0
1429;-76;0
1430;-80;0
1431;-80;0
1432;-84;-4
1433;-84;-4
1434;-84;-4
1435;-88;-4
1436;-92;-8
1437;-96;-12
1438;-96;-12
1439;-96;-12
1440;-96;-16
1441;-100;-20
1442;-100;-20
1443;-100;-20
1444;-108;-24
1445;-104;-24
1446;-108;-24
1447;-112;-24
1448;-112;-28
1449;-112;-28
1450;-112;-28
1451;-116;-28
1452;-120;-28
1453;-120;-24
1454;-124;-20
1455;-124;-20
1456;-124;-16
1457;-128;-12
1458;-108;-12
1459;-128;16
1460;-132;16
1461;-136;16
1462;-132;20
1463;-140;24
1464;-136;24
1465;-140;28
1466;-140;28
1467;-144;28
1468;-140;28
1469;-140;32
1470;-152;32
1471;-148;32
1472;-148;32
1473;-152;32
1474;-152;36
1475;-156;32
1476;-156;36
1477;-164;32
1478;-156;32
1479;-156;32
1480;-160;32
1481;-160;32
1482;-160;28
1483;-160;28
1484;-164;28
1485;-164;28
1486;-164;28
1487;-164;28
1488;-168;28
1489;-168;28
1490;-172;28
1491;-168;28
1492;-172;24
1493;-172;24
1494;-172;24
1495;-176;24
1496;-176;24
1497;-176;24
1498;-188;24
1499;-176;24
1500;-180;24
1501;-180;24
1502;-180;24
1503;-180;20
1504;-180;24
1505;-180;24
1506;-184;24
1507;-184;20
1508;-184;20
1509;-188;24
1510;-184;24
1511;-188;24
1512;-184;20
1513;-188;24
1514;-188;20
1515;-188;20
1516;-188;20
1517;-192;20
1518;-188;20
1519;-184;20
1520;-192;20
1521;-192;20
1522;-192;20
1523;-192;20
1524;-192;20
1525;-196;16
1526;-192;16
1527;-192;16
1528;-192;12
1529;-192;8
1530;-192;8
1531;-196;4
1532;-196;4
1533;-196;4
1534;-196;0
1535;-196;0
1536;-196;-4
1537;-196;-4
1538;-200;0
1539;-196;-4
1540;-216;-4
1541;-196;-4
1542;-196;-4
1543;-196;0
1544;-196;0
1545;-204;0
1546;-196;0
1547;-204;8
1548;-196;8
1549;-196;12
1550;-196;16
1551;-192;20
1552;-188;24
1553;-192;28
1554;-192;28
1555;-192;28
1556;-192;32
1557;-192;32
1558;-192;32
1559;-188;32
1560;-192;32
1561;-192;32
1562;-192;36
1563;-188;32
1564;-188;36
1565;-188;32
1566;-188;32
1567;-188;32
1568;-184;32
1569;-188;32
1570;-184;32
1571;-184;28
1572;-184;28
1573;-180;28
1574;-180;28
1575;-180;28
1576;-180;28
1577;-180;28
1578;-176;24
1579;-176;24
1580;-164;24
1581;-176;24
1582;-172;24
1583;-172;24
1584;-172;24
1585;-168;24
1586;-172;24
1587;-172;24
1588;-168;24
1589;-164;20
1590;-164;24
1591;-164;24
1592;-164;24
1593;-160;24
1594;-160;24
1595;-160;20
1596;-156;20
1597;-156;20
1598;-156;24
1599;-152;20
1600;-152;20
1601;-152;20
1602;-152;20
1603;-148;20
1604;-148;20
1605;-148;20
1606;-144;20
1607;-144;20
1608;-148;24
1609;-140;20
1610;-136;20
1611;-136;20
1612;-136;20
1613;-132;20
1614;-132;20
1615;-116;16
1616;-128;16
1617;-128;16
1618;-128;16
1619;-124;12
1620;-120;8
1621;-120;8
1622;-112;8
1623;-120;4
1624;-116;4
1625;-112;4
1626;-112;4
1627;-112;-4
1628;-112;0
1629;-104;-4
1630;-104;-4
1631;-104;-4
1632;-100;-4
1633;-100;-4
1634;-108;-4
1635;-96;-4
1636;-92;0
1637;-92;0
1638;-92;0
1639;-88;4
1640;-84;8
1641;-84;8
1642;-84;12
1643;-76;12
1644;-80;16
1645;-76;20
1646;-76;24
1647;-72;24
1648;-68;24
1649;-68;28
1650;-64;28
1651;-64;32
1652;-64;32
1653;-60;32
1654;-60;32
1655;-68;32
1656;-52;32
1657;-56;32
1658;-52;32
1659;-48;32
1660;-44;32
1661;-44;32
1662;-32;32
1663;-40;32
1664;-40;32
1665;-36;32
1666;-36;32
1667;-32;32
1668;-32;20
1669;-24;20
1670;-28;20
1671;-24;20
1672;-24;20
1673;-20;20
1674;-20;16
1675;-16;16
1676;-8;16
1677;-12;20
1678;-12;16
1679;-8;16
1680;-4;16
1681;0;16
1682;-4;12
1683;0;16
1684;4;16
1685;4;12
1686;4;12
1687;8;12
1688;8;12
1689;12;12
1690;8;12
1691;16;8
1692;20;4
1693;20;0
1694;24;0
1695;24;-4
1696;28;0
1697;8;-4
1698;32;-4
1699;32;-8
1700;36;-8
1701;36;-8
1702;40;-12
1703;40;-12
1704;44;-12
1705;48;-12
1706;48;-12
1707;48;-12
1708;52;-12
1709;64;-8
1710;56;-8
1711;60;-8
1712;60;0
1713;64;-4
1714;64;0
1715;68;4
1716;68;4
1717;72;8
1718;72;8
1719;72;12
1720;76;16
1721;76;16
1722;80;20
1723;84;16
1724;84;24
1725;84;24
1726;84;24
1727;88;24
1728;88;28
1729;92;28
1730;96;24
1731;96;24
1732;96;24
1733;100;24
1734;100;24
1735;104;24
1736;104;20
1737;100;20
1738;108;24
1739;108;20
1740;112;20
1741;116;20
1742;116;20
1743;116;20
1744;124;20
1745;120;20
1746;124;16
1747;124;16
1748;124;20
1749;128;16
1750;132;16
1751;128;16
1752;128;16
1753;132;16
1754;136;16
1755;136;12
1756;140;16
1757;140;12
1758;148;16
1759;144;12
1760;148;12
1761;148;16
1762;148;12
1763;152;16
1764;152;12
1765;156;12
1766;152;12
1767;156;12
1768;156;12
1769;156;12
1770;156;12
1771;160;12
1772;164;12
1773;160;12
1774;164;12
1775;164;12
1776;168;12
1777;164;12
1778;168;12
1779;152;12
1780;172;12
1781;172;12
1782;172;8
1783;176;8
1784;172;8
1785;180;4
1786;168;4
1787;180;0
1788;180;0
1789;180;-4
1790;184;-4
1791;188;-4
1792;184;-4
1793;184;-8
1794;188;-8
1795;188;-8
1796;188;-12
1797;192;-12
1798;192;-12
1799;192;-12
1800;192;-12
1801;192;-12
1802;192;-12
1803;192;-12
1804;192;-8
1805;192;-8
1806;196;-4
1807;196;-4
1808;196;0
1809;200;4
1810;200;4
1811;196;8
1812;200;8
1813;200;12
1814;200;16
1815;200;16
1816;200;20
1817;200;20
1818;204;24
1819;216;20
1820;200;20
1821;204;24
1822;204;24
1823;204;24
1824;204;24
1825;204;24
1826;204;24
1827;204;24
1828;204;24
1829;208;24
1830;208;20
1831;208;24
1832;208;20
1833;204;20
1834;208;20
1835;208;20
1836;208;20
1837;208;16
1838;208;20
1839;208;20
1840;204;20
1841;208;16
1842;208;16
1843;212;16
1844;208;16
1845;208;16
1846;208;16
1847;196;16
1848;208;16
1849;204;16
1850;208;16
1851;208;16
1852;212;12
1853;208;16
1854;208;12
1855;204;12
1856;204;12
1857;204;12
1858;208;12
1859;212;12
1860;204;12
1861;220;12
1862;204;12
1863;204;12
1864;200;16
1865;204;12
1866;204;12
1867;204;12
1868;204;12
1869;200;12
1870;200;12
1871;200;16
1872;200;12
1873;192;12
1874;196;12
1875;200;16
1876;196;12
1877;196;12
1878;192;0
1879;196;0
1880;192;-8
1881;192;-8
1882;192;-8
1883;192;-8
1884;188;-12
1885;188;-12
1886;188;-16
1887;188;-16
1888;188;-16
1889;184;-20
1890;184;-20
1891;184;-20
1892;184;-20
1893;184;-24
1894;172;-24
1895;180;-24
1896;176;-24
1897;180;-24
1898;176;-24
1899;176;-24
1900;176;-20
1901;172;-20
1902;172;-20
1903;172;-16
1904;172;-16
1905;168;-12
1906;168;-8
1907;168;-8
1908;168;-4
1909;164;0
1910;164;0
1911;160;4
1912;160;4
1913;160;8
1914;160;8
1915;164;12
1916;156;12
1917;152;12
1918;152;12
1919;152;12
1920;152;12
1921;148;12
1922;148;12
1923;144;12
1924;140;12
1925;144;12
1926;140;12
1927;136;12
1928;136;8
1929;144;8
1930;136;12
1931;132;8
1932;132;8
1933;132;8
1934;124;4
1935;124;8
1936;104;4
1937;120;4
1938;120;4
1939;120;4
1940;116;4
1941;108;4
1942;116;4
1943;104;4
1944;112;4
1945;108;4
1946;108;4
1947;104;4
1948;112;4
1949;104;4
1950;100;0
1951;96;4
1952;96;0
1953;96;0
1954;92;4
1955;96;0
1956;88;0
1957;88;0
1958;84;0
1959;84;0
1960;80;0
1961;80;0
1962;80;0
1963;76;0
1964;72;0
1965;72;0
1966;68;-4
1967;68;-4
1968;64;-4
1969;64;-8
1970;60;-8
1971;60;-8
1972;60;-12
1973;56;-12
1974;56;-16
1975;52;-16
1976;64;-20
1977;52;-16
1978;44;-20
1979;44;-24
1980;44;-20
1981;40;-24
1982;40;-24
1983;36;-24
1984;32;-24
1985;32;-24
1986;28;-20
1987;32;-24
1988;24;-20
1989;24;-16
1990;20;-16
1991;20;-12
1992;16;-8
1993;16;-8
1994;16;-8
1995;12;-4
1996;12;0
1997;4;0
1998;8;4
1999;4;4
2000;0;8
2001;0;12
2002;0;12
2003;-4;12
2004;-20;12
2005;-8;12
2006;-8;12
2007;-12;12
2008;-12;12
2009;-12;12
2010;-16;12
2011;-16;12
2012;-20;12
2013;-24;12
2014;-24;12
2015;-28;8
2016;-28;8
2017;-32;8
2018;-20;12
2019;-36;8
2020;-36;8
2021;-40;8
2022;-40;8
2023;-44;4
2024;-44;4
2025;-48;4
2026;-48;4
2027;-52;4
2028;-56;4
2029;-56;4
2030;-64;0
2031;-60;4
2032;-60;0
2033;-64;4
2034;-64;4
2035;-68;4
2036;-68;4
2037;-72;0
2038;-72;4
2039;-76;0
2040;-76;0
2041;-80;0
2042;-80;0
2043;-80;0
2044;-84;0
2045;-88;0
2046;-88;0
2047;-88;0
2048;-88;0
2049;-96;0
2050;-96;0
2051;-100;-4
2052;-100;0
2053;-100;-8
2054;-104;-4
2055;-104;-8
2056;-104;-8
2057;-108;-12
2058;-96;-12
2059;-112;-12
2060;-112;-16
2061;-112;-16
2062;-116;-20
2063;-116;-20
2064;-120;-20
2065;-124;-20
2066;-124;-24
2067;-124;-24
2068;-128;-24
2069;-128;-24
2070;-128;-24
2071;-128;-24
2072;-128;-24
2073;-132;-20
2074;-136;-16
2075;-136;-20
2076;-140;-16
2077;-140;-12
2078;-140;-12
2079;-148;-8
2080;-144;-4
2081;-148;0
2082;-148;0
2083;-148;4
2084;-152;8
2085;-152;8
2086;-164;8
2087;-152;32
2088;-156;32
2089;-156;32
2090;-156;32
2091;-156;32
2092;-160;32
2093;-172;32
2094;-160;32
2095;-164;32
2096;-164;32
2097;-164;32
2098;-168;32
2099;-168;32
2100;-152;32
2101;-168;28
2102;-172;28
2103;-172;28
2104;-172;28
2105;-164;28
2106;-172;24
2107;-176;24
2108;-176;24
2109;-176;20
2110;-180;24
2111;-176;24
2112;-176;24
2113;-180;24
2114;-184;20
2115;-180;20
2116;-184;20
2117;-184;20
2118;-184;24
2119;-184;24
2120;-188;20
2121;-188;20
2122;-188;20
2123;-188;20
2124;-188;20
2125;-188;20
2126;-188;20
2127;-188;20
2128;-192;20
2129;-192;20
2130;-192;20
2131;-192;20
2132;-192;20
2133;-180;20
2134;-188;20
2135;-192;20
2136;-192;20
2137;-196;20
2138;-192;20
2139;-196;20
2140;-196;20
2141;-192;20
2142;-196;20
2143;-196;20
2144;-196;16
2145;-196;16
2146;-196;12
2147;-200;12
2148;-196;8
2149;-196;8
2150;-196;4
2151;-196;4
2152;-196;4
2153;-196;0
2154;-200;0
2155;-196;-4
2156;-200;-4
2157;-196;-4
2158;-196;-4
2159;-196;-8
2160;-196;-8
2161;-200;-4
2162;-196;-4
2163;-196;-4
2164;-196;0
2165;-196;0
2166;-192;4
2167;-192;4
2168;-180;8
2169;-192;16
2170;-196;16
2171;-192;20
2172;-192;24
2173;-188;24
2174;-192;28
2175;-180;28
2176;-192;28
2177;-192;28
2178;-188;32
2179;-188;32
2180;-184;32
2181;-184;32
2182;-188;32
2183;-184;32
2184;-184;32
2185;-180;32
2186;-180;28
2187;-188;28
2188;-180;32
2189;-176;28
2190;-180;28
2191;-180;28
2192;-176;28
2193;-176;28
2194;-176;24
2195;-172;24
2196;-172;24
2197;-172;24
2198;-172;24
2199;-168;24
2200;-168;24
2201;-164;24
2202;-164;24
2203;-168;20
2204;-164;20
2205;-164;24
2206;-164;20
2207;-160;20
2208;-168;20
2209;-156;24
2210;-156;20
2211;-156;20
2212;-156;20
2213;-152;20
2214;-148;20
2215;-156;20
2216;-144;20
2217;-144;20
2218;-148;20
2219;-144;20
2220;-144;20
2221;-140;20
2222;-140;20
2223;-140;20
2224;-136;16
2225;-136;16
2226;-132;16
2227;-132;12
2228;-132;12
2229;-120;8
2230;-132;12
2231;-124;8
2232;-124;4
2233;-120;4
2234;-116;0
2235;-120;0
2236;-112;-4
2237;-112;0
2238;-112;-4
2239;-112;-4
2240;-112;-4
2241;-108;-4
2242;-104;-8
2243;-96;-8
2244;-100;-4
2245;-100;-4
2246;-96;-4
2247;-96;-4
2248;-96;0
2249;-92;4
2250;-108;4
2251;-88;4
2252;-84;12
2253;-88;12
2254;-84;16
2255;-88;16
2256;-80;20
2257;-84;24
2258;-76;24
2259;-72;28
2260;-72;28
2261;-72;32
2262;-64;32
2263;-64;32
2264;-60;32
2265;-60;32
2266;-60;32
2267;-60;32
2268;-56;32
2269;-52;32
2270;-52;32
2271;-48;32
2272;-52;32
2273;-48;32
2274;-44;28
2275;-44;28
2276;-36;28
2277;-36;28
2278;-36;28
2279;-36;24
2280;-32;24
2281;-28;24
2282;-28;24
2283;-28;24
2284;-20;20
2285;-24;24
2286;-16;24
2287;-16;24
2288;-12;24
2289;-12;20
2290;4;24
2291;-8;24
2292;-8;24
2293;-4;8
2294;-4;8
2295;0;8
2296;0;4
2297;4;4
2298;8;4
2299;8;0
2300;12;0
2301;12;-4
2302;12;-4
2303;16;-4
2304;16;-4
2305;20;-8
2306;20;-8
2307;24;-12
2308;24;-12
2309;28;-16
2310;28;-16
2311;24;-16
2312;32;-20
2313;36;-16
2314;40;-20
2315;40;-16
2316;40;-20
2317;44;-20
2318;36;-16
2319;48;-12
2320;52;-12
2321;52;-8
2322;52;-4
2323;60;-4
2324;56;-4
2325;60;0
2326;60;4
2327;64;4
2328;68;4
2329;68;8
2330;72;12
2331;72;12
2332;88;16
2333;76;16
2334;76;20
2335;76;20
2336;80;20
2337;84;20
2338;84;20
2339;84;20
2340;88;20
2341;92;16
2342;88;20
2343;92;16
2344;88;16
2345;96;16
2346;100;16
2347;100;16
2348;104;16
2349;104;12
2350;104;12
2351;108;12
2352;108;12
2353;112;12
2354;112;12
2355;116;12
2356;116;12
2357;120;12
2358;124;8
2359;120;8
2360;120;12
2361;124;8
2362;128;12
2363;128;8
2364;128;8
2365;124;8
2366;132;8
2367;136;8
2368;136;8
2369;136;8
2370;136;8
2371;140;8
2372;132;8
2373;144;8
2374;144;8
2375;148;4
2376;148;8
2377;152;8
2378;152;8
2379;148;4
2380;152;8
2381;152;4
2382;156;8
2383;156;4
2384;156;4
2385;160;4
2386;168;0
2387;160;-4
2388;164;0
2389;164;-4
2390;168;-8
2391;168;-8
2392;168;-12
2393;172;-12
2394;168;-12
2395;172;-12
2396;172;-16
2397;176;-16
2398;172;-16
2399;176;-20
2400;176;-20
2401;180;-20
2402;180;-16
2403;180;-20
2404;180;-16
2405;184;-16
2406;184;-12
2407;164;-12
2408;184;-12
2409;184;-8
2410;188;-8
2411;188;-4
2412;188;0
2413;188;0
2414;192;4
2415;192;8
2416;192;8
2417;192;12
2418;192;12
2419;200;16
2420;196;16
2421;196;16
2422;192;20
2423;196;20
2424;196;16
2425;200;20
2426;196;20
2427;200;20
2428;196;20
2429;200;16
2430;200;16
2431;196;16
2432;204;16
2433;204;16
2434;200;16
2435;200;16
2436;204;12
2437;200;16
2438;200;12
2439;204;12
2440;208;12
2441;204;12
2442;204;8
2443;200;12
2444;204;12
2445;204;12
2446;204;12
2447;212;8
2448;204;8
2449;208;8
2450;204;8
2451;204;8
2452;204;8
2453;204;8
2454;200;8
2455;204;8
2456;208;8
2457;204;4
2458;204;8
2459;208;8
2460;204;8
2461;204;8
2462;208;4
2463;204;8
2464;204;4
2465;204;8
2466;208;8
2467;204;4
2468;204;8
2469;204;8
2470;204;8
2471;200;4
2472;200;4
2473;204;4
2474;204;4
2475;204;0
2476;200;0
2477;200;0
2478;200;-4
2479;200;-8
2480;200;-4
2481;196;-8
2482;216;-8
2483;196;-12
2484;196;-16
2485;196;-16
2486;196;-16
2487;196;-16
2488;196;-20
2489;196;-20
2490;192;-20
2491;192;-20
2492;192;-20
2493;192;-20
2494;188;-16
2495;192;-16
2496;192;-12
2497;188;-8
2498;188;-8
2499;188;0
2500;188;0
2501;176;-4
2502;184;0
2503;184;4
2504;180;4
2505;180;8
2506;180;4
2507;180;8
2508;176;8
2509;176;8
2510;176;8
2511;176;12
2512;176;8
2513;172;12
2514;172;8
2515;168;8
2516;168;8
2517;172;8
2518;168;8
2519;168;8
2520;168;4
2521;164;4
2522;148;4
2523;160;8
2524;160;4
2525;160;0
2526;156;4
2527;156;4
2528;152;0
2529;164;0
2530;152;0
2531;148;0
2532;148;0
2533;148;0
2534;148;0
2535;144;0
2536;144;0
2537;144;0
2538;140;-4
2539;140;0
2540;136;0
2541;136;0
2542;136;-4
2543;136;-4
2544;132;0
2545;128;0
2546;128;-4
2547;128;-4
2548;128;-4
2549;124;-4
2550;120;-4
2551;120;-4
2552;116;-4
2553;116;-4
2554;116;-4
2555;112;-4
2556;112;-4
2557;104;-4
2558;104;-4
2559;108;-8
2560;104;-12
2561;104;-8
2562;100;-12
2563;100;-12
2564;80;-16
2565;96;-16
2566;92;-20
2567;92;-20
2568;92;-24
2569;88;-24
2570;88;-24
2571;96;-24
2572;84;-24
2573;80;-28
2574;80;-24
2575;76;-28
2576;84;-28
2577;72;-24
2578;72;-28
2579;68;-24
2580;68;-24
2581;64;-24
2582;64;-20
2583;60;-20
2584;60;-16
2585;56;-12
2586;56;-8
2587;52;-8
2588;52;-4
2589;48;-4
2590;48;0
2591;44;4
2592;40;4
2593;44;4
2594;40;8
2595;36;8
2596;36;8
2597;36;8
2598;28;12
2599;28;8
2600;28;8
2601;28;12
2602;24;8
2603;24;8
2604;16;8
2605;20;8
2606;16;8
2607;12;8
2608;12;8
2609;12;8
2610;8;8
2611;-4;8
2612;4;4
2613;0;0
2614;0;4
2615;-4;4
2616;-4;0
2617;-8;4
2618;-12;0
2619;-8;4
2620;-12;0
2621;-16;0
2622;-16;-4
2623;-16;0
2624;-20;0
2625;-20;-4
2626;-24;0
2627;-28;0
2628;-28;0
2629;-32;0
2630;-32;-4
2631;-36;0
2632;-32;0
2633;-36;0
2634;-40;0
2635;-44;-4
2636;-44;0
2637;-44;0
2638;-48;0
2639;-32;-4
2640;-52;-4
2641;-52;-4
2642;-56;-4
2643;-60;-4
2644;-60;-4
2645;-64;-4
2646;-76;-8
2647;-64;-8
2648;-68;-12
2649;-68;-12
2650;-72;-12
2651;-80;-12
2652;-76;-16
2653;-80;-16
2654;-80;-20
2655;-80;-20
2656;-84;-24
2657;-88;-24
2658;-88;-28
2659;-88;-24
2660;-92;-24
2661;-92;-24
2662;-92;-28
2663;-96;-28
2664;-96;-28
2665;-96;-24
2666;-104;-24
2667;-104;-24
2668;-104;-20
2669;-108;-20
2670;-108;-16
2671;-112;-12
2672;-112;-12
2673;-116;-8
2674;-116;-8
2675;-120;-4
2676;-116;-4
2677;-120;0
2678;-124;0
2679;-124;4
2680;-124;4
2681;-124;8
2682;-128;8
2683;-128;8
2684;-128;8
2685;-132;8
2686;-120;12
2687;-136;12
2688;-136;8
2689;-140;8
2690;-140;8
2691;-140;8
2692;-144;8
2693;-144;8
2694;-144;4
2695;-148;8
2696;-148;4
2697;-152;4
2698;-152;4
2699;-152;4
2700;-156;4
2701;-156;0
2702;-156;4
2703;-156;4
2704;-156;4
2705;-156;4
2706;-160;4
2707;-164;4
2708;-164;0
2709;-164;20
2710;-164;20
2711;-168;20
2712;-164;20
2713;-168;20
2714;-168;20
2715;-172;16
2716;-172;16
2717;-172;12
2718;-176;12
2719;-172;8
2720;-176;8
2721;-156;8
2722;-180;4
2723;-180;4
2724;-180;0
2725;-180;0
2726;-184;-4
2727;-180;-4
2728;-180;-4
2729;-184;-4
2730;-184;-8
2731;-184;-8
2732;-184;-8
2733;-192;-8
2734;-188;-4
2735;-184;-4
2736;-188;0
2737;-188;0
2738;-188;4
2739;-188;8
2740;-200;8
2741;-192;16
2742;-192;16
2743;-192;20
2744;-192;24
2745;-196;24
2746;-192;24
2747;-196;32
2748;-192;28
2749;-192;28
2750;-196;28
2751;-196;28
2752;-196;32
2753;-200;32
2754;-192;32
2755;-200;28
2756;-196;32
2757;-200;28
2758;-196;28
2759;-196;28
2760;-196;28
2761;-208;28
2762;-200;24
2763;-200;24
2764;-200;24
2765;-196;24
2766;-200;24
2767;-200;24
2768;-204;24
2769;-200;24
2770;-200;24
2771;-200;20
2772;-200;24
2773;-200;24
2774;-196;24
2775;-196;20
2776;-196;20
2777;-196;20
2778;-196;20
2779;-200;20
2780;-196;20
2781;-196;20
2782;-192;20
2783;-192;20
2784;-196;20
2785;-196;20
2786;-196;20
2787;-188;20
2788;-192;20
2789;-188;20
2790;-188;16
2791;-188;20
2792;-188;16
2793;-188;16
2794;-188;16
2795;-188;16
2796;-184;16
2797;-188;12
2798;-184;12
2799;-180;12
2800;-184;12
2801;-184;8
2802;-180;4
2803;-204;4
2804;-180;4
2805;-176;0
2806;-180;-4
2807;-176;0
2808;-180;-4
2809;-176;-4
2810;-180;-8
2811;-172;-4
2812;-168;-8
2813;-168;-8
2814;-168;-8
2815;-160;-8
2816;-164;-8
2817;-164;-8
2818;-160;-4
2819;-160;0
2820;-160;4
2821;-160;4
2822;-156;8
2823;-156;12
2824;-160;16
2825;-156;20
2826;-152;20
2827;-152;24
2828;-152;24
2829;-148;28
2830;-148;28
2831;-144;32
2832;-144;32
2833;-140;32
2834;-140;32
2835;-144;32
2836;-136;32
2837;-140;32
2838;-132;28
2839;-136;28
2840;-132;28
2841;-128;28
2842;-128;28
2843;-116;28
2844;-128;24
2845;-124;24
2846;-124;24
2847;-120;24
2848;-116;24
2849;-116;24
2850;-116;24
2851;-116;24
2852;-112;24
2853;-108;20
2854;-108;20
2855;-104;20
2856;-104;20
2857;-104;20
2858;-100;20
2859;-100;20
2860;-92;20
2861;-96;20
2862;-92;20
2863;-88;20
2864;-92;20
2865;-88;20
2866;-88;16
2867;-80;16
2868;-80;20
2869;-76;16
2870;-76;12
2871;-84;12
2872;-72;12
2873;-72;12
2874;-68;12
2875;-64;8
2876;-60;4
2877;-64;4
2878;-48;4
2879;-60;0
2880;-60;0
2881;-52;-4
2882;-52;-4
2883;-52;-8
2884;-48;-4
2885;-36;-8
2886;-44;-8
2887;-44;-8
2888;-40;-8
2889;-36;-8
2890;-36;-4
2891;-36;-4
2892;-32;-4
2893;-28;-4
2894;-32;0
2895;-28;4
2896;-24;8
2897;-28;8
2898;-20;12
2899;-20;12
2900;-16;20
2901;-12;20
2902;-12;24
2903;-8;24
2904;-8;24
2905;-4;24
2906;-4;24
2907;0;28
2908;0;28
2909;4;32
2910;8;32
2911;8;32
2912;8;32
2913;12;32
2914;12;32
2915;16;32
2916;20;32
2917;20;32
2918;12;20
2919;24;16
2920;24;16
2921;28;12
2922;28;12
2923;32;12
2924;36;12
2925;40;12
2926;36;8
2927;40;12
2928;40;12
2929;44;12
2930;48;8
2931;48;12
2932;52;12
2933;52;8
2934;56;8
2935;56;8
2936;60;8
2937;60;8
2938;64;4
2939;72;4
2940;64;4
2941;68;0
2942;68;0
2943;72;0
2944;76;-8
2945;76;-8
2946;76;-8
2947;76;-12
2948;80;-12
2949;84;-16
2950;84;-16
2951;84;-16
2952;88;-20
2953;88;-20
2954;92;-20
2955;92;-20
2956;96;-20
2957;100;-20
2958;100;-20
2959;100;-20
2960;80;-16
2961;108;-16
2962;104;-12
2963;112;-12
2964;112;-8
2965;108;-4
2966;116;0
2967;108;4
2968;116;8
2969;120;12
2970;120;12
2971;120;12
2972;132;16
2973;124;16
2974;128;16
2975;132;16
2976;132;16
2977;132;16
2978;132;16
2979;136;16
2980;136;16
2981;140;16
2982;140;16
2983;144;12
2984;144;12
2985;144;12
2986;148;12
2987;148;16
2988;148;8
2989;152;12
2990;148;12
2991;152;8
2992;156;8
2993;160;8
2994;156;8
2995;160;8
2996;160;8
2997;164;8
2998;160;8
2999;164;8
3000;176;8
3001;168;4
3002;168;8
3003;168;8
3004;168;4
3005;172;4
3006;176;4
3007;168;4
3008;176;4
3009;176;8
3010;180;8
3011;180;8
3012;176;4
3013;180;4
3014;176;8
3015;180;4
3016;184;4
3017;184;4
3018;184;4
3019;188;4
3020;188;0
3021;188;0
3022;188;0
3023;188;-4
3024;192;-4
3025;192;-4
3026;196;-8
3027;192;-12
3028;196;-12
3029;192;-16
3030;196;-12
3031;196;-16
3032;196;-16
3033;196;-20
3034;200;-20
3035;216;-20
3036;196;-24
3037;196;-20
3038;200;-20
3039;200;-20
3040;196;-20
3041;204;-16
3042;196;-12
3043;204;-16
3044;200;-8
3045;204;-8
3046;200;-4
3047;200;-4
3048;204;-4
3049;200;0
3050;204;4
3051;204;4
3052;204;8
3053;204;8
3054;208;12
3055;204;12
3056;204;16
3057;204;16
3058;208;16
3059;204;16
3060;208;16
3061;208;16
3062;208;16
3063;208;16
3064;208;16
3065;204;16
3066;204;16
3067;208;16
3068;208;16
3069;208;12
3070;208;12
3071;208;12
3072;208;12
3073;208;12
3074;208;12
3075;196;12
3076;204;8
3077;208;8
3078;208;8
3079;208;8
3080;204;8
3081;204;8
3082;216;8
3083;204;8
3084;200;8
3085;204;8
3086;204;8
3087;204;8
3088;204;8
3089;208;8
3090;200;4
3091;200;4
3092;200;4
3093;200;4
3094;200;8
3095;200;8
3096;200;4
3097;200;8
3098;200;4
3099;196;8
3100;196;4
3101;196;8
3102;196;4
3103;188;4
3104;196;4
3105;192;4
3106;192;4
3107;188;4
3108;188;4
3109;192;0
3110;176;4
3111;192;4
3112;188;4
3113;188;4
3114;184;4
3115;188;4
3116;180;4
3117;176;0
3118;180;4
3119;180;4
3120;180;4
3121;180;4
3122;180;4
3123;176;4
3124;192;4
3125;172;4
3126;172;0
3127;168;0
3128;168;0
3129;176;-4
3130;168;-4
3131;168;-8
3132;168;-8
3133;164;-12
3134;164;-12
3135;164;-12
3136;160;-16
3137;160;-16
3138;160;-20
3139;156;-20
3140;156;-20
3141;156;-20
3142;152;-24
3143;152;-24
3144;152;-20
3145;148;-24
3146;148;-24
3147;148;-24
3148;144;-24
3149;144;-24
3150;148;-20
3151;140;-20
3152;140;-20
3153;136;-16
3154;136;-12
3155;132;-12
3156;132;-8
3157;128;-8
3158;128;-4
3159;128;0
3160;124;4
3161;124;4
3162;124;8
3163;124;8
3164;112;8
3165;116;12
3166;116;12
3167;112;16
3168;112;12
3169;112;12
3170;108;12
3171;104;12
3172;104;12
3173;104;12
3174;100;12
3175;100;12
3176;100;12
3177;96;12
3178;100;12
3179;92;8
3180;88;8
3181;92;8
3182;84;8
3183;84;8
3184;80;8
3185;84;8
3186;80;8
3187;80;4
3188;76;4
3189;76;4
3190;72;4
3191;68;4
3192;76;4
3193;68;4
3194;64;0
3195;60;4
3196;60;0
3197;56;4
3198;56;0
3199;40;0
3200;52;4
3201;52;0
3202;48;0
3203;48;4
3204;40;4
3205;40;0
3206;28;0
3207;36;0
3208;36;4
3209;36;0
3210;32;0
3211;32;0
3212;28;0
3213;24;0
3214;24;0
3215;20;0
3216;20;0
3217;16;0
3218;16;-4
3219;12;0
3220;12;-4
3221;8;-4
3222;8;-8
3223;4;-8
3224;4;-12
3225;4;-12
3226;0;-16
3227;0;-16
3228;-4;-16
3229;-4;-20
3230;-12;-20
3231;-8;-20
3232;-12;-24
3233;-12;-24
3234;-16;-24
3235;-16;-24
3236;-20;-24
3237;-24;-24
3238;-24;-24
3239;-16;-24
3240;-28;-20
3241;-32;-20
3242;-32;-16
3243;-36;-12
3244;-36;-8
3245;-36;-8
3246;-44;0
3247;-40;0
3248;-44;4
3249;-44;8
3250;-48;8
3251;-48;12
3252;-52;12
3253;-56;12
3254;-56;12
3255;-56;12
3256;-60;12
3257;-60;12
3258;-60;12
3259;-64;12
3260;-72;12
3261;-68;12
3262;-72;12
3263;-72;12
3264;-72;8
3265;-76;8
3266;-80;8
3267;-84;8
3268;-84;8
3269;-84;8
3270;-88;8
3271;-88;4
3272;-88;8
3273;-92;8
3274;-68;4
3275;-96;4
3276;-96;4
3277;-100;4
3278;-100;0
3279;-104;4
3280;-104;4
3281;-100;4
3282;-108;4
3283;-112;4
3284;-112;4
3285;-112;0
3286;-120;0
3287;-116;4
3288;-116;4
3289;-120;0
3290;-120;4
3291;-124;0
3292;-124;0
3293;-132;0
3294;-124;0
3295;-128;0
3296;-132;0
3297;-128;0
3298;-132;0
3299;-136;0
3300;-136;-4
3301;-136;-4
3302;-140;-4
3303;-140;-8
3304;-144;-12
3305;-140;-12
3306;-140;-12
3307;-148;-16
3308;-148;-16
3309;-148;-16
3310;-152;-20
3311;-156;-20
3312;-156;-20
3313;-156;-20
3314;-168;-20
3315;-156;-24
3316;-160;-24
3317;-160;-24
3318;-160;-24
3319;-160;-24
3320;-164;-24
3321;-156;-24
3322;-164;-20
3323;-168;-16
3324;-168;-16
3325;-168;-12
3326;-168;-8
3327;-172;-4
3328;-168;0
3329;-172;4
3330;-172;4
3331;-176;8
3332;-176;12
3333;-176;12
3334;-176;36
3335;-176;36
3336;-176;36
3337;-180;36
3338;-180;36
3339;-180;36
3340;-180;36
3341;-184;36
3342;-188;32
3343;-184;32
3344;-184;32
3345;-184;32
3346;-188;32
3347;-188;32
3348;-188;28
3349;-200;28
3350;-192;28
3351;-188;28
3352;-192;28
3353;-192;28
3354;-188;28
3355;-192;24
3356;-192;28
3357;-192;28
3358;-196;24
3359;-192;24
3360;-196;24
3361;-192;24
3362;-192;24
3363;-180;20
3364;-196;24
3365;-196;24
3366;-196;24
3367;-196;24
3368;-196;20
3369;-196;24
3370;-196;24
3371;-196;24
3372;-196;20
3373;-196;24
3374;-200;24
3375;-204;24
3376;-196;24
3377;-200;20
3378;-196;20
3379;-196;20
3380;-196;20
3381;-196;16
3382;-196;12
3383;-196;12
3384;-196;12
3385;-196;8
3386;-196;8
3387;-196;8
3388;-196;4
3389;-192;0
3390;-196;0
3391;-192;0
3392;-192;0
3393;-196;-4
3394;-192;-4
3395;-192;-4
3396;-196;-4
3397;-192;-4
3398;-192;-4
3399;-188;0
3400;-188;0
3401;-188;4
3402;-188;4
3403;-196;8
3404;-184;8
3405;-188;12
3406;-188;12
3407;-184;16
3408;-184;20
3409;-184;24
3410;-184;24
3411;-180;28
3412;-180;28
3413;-180;32
3414;-176;32
3415;-180;32
3416;-176;32
3417;-168;32
3418;-176;32
3419;-172;36
3420;-172;32
3421;-172;36
3422;-168;36
3423;-172;36
3424;-164;32
3425;-168;32
3426;-168;32
3427;-164;32
3428;-164;32
3429;-160;32
3430;-160;32
3431;-152;32
3432;-160;28
3433;-160;28
3434;-156;28
3435;-156;28
3436;-156;32
3437;-152;28
3438;-164;28
3439;-148;24
3440;-152;24
3441;-148;24
3442;-144;24
3443;-152;24
3444;-140;24
3445;-144;24
3446;-140;24
3447;-140;24
3448;-140;24
3449;-136;24
3450;-136;20
3451;-132;24
3452;-132;24
3453;-132;24
3454;-128;24
3455;-128;20
3456;-124;20
3457;-124;20
3458;-124;24
3459;-116;20
3460;-120;20
3461;-116;20
3462;-116;24
3463;-112;24
3464;-112;20
3465;-108;20
3466;-108;20
3467;-108;20
3468;-104;20
3469;-100;20
3470;-100;16
3471;-108;16
3472;-96;12
3473;-96;12
3474;-92;12
3475;-88;8
3476;-88;4
3477;-84;4
3478;-72;4
3479;-84;4
3480;-80;0
3481;-80;0
3482;-76;0
3483;-72;0
3484;-72;-4
3485;-68;-4
3486;-68;-4
3487;-68;-4
3488;-64;-4
3489;-64;0
3490;-60;0
3491;-60;4
3492;-56;4
3493;-56;8
3494;-52;12
3495;-48;12
3496;-48;16
3497;-48;20
3498;-44;20
3499;-48;20
3500;-40;24
3501;-40;24
3502;-36;24
3503;-36;28
3504;-36;28
3505;-32;32
3506;-44;32
3507;-28;32
3508;-28;32
3509;-20;36
3510;-20;32
3511;-16;32
3512;-16;36
3513;-16;32
3514;-12;36
3515;-8;32
3516;-8;32
3517;-4;32
3518;0;32
3519;-4;32
3520;16;28
3521;4;28
3522;4;32
3523;8;28
3524;8;24
3525;16;28
3526;16;28
3527;16;24
3528;16;24
3529;20;24
3530;20;24
3531;24;24
3532;20;24
3533;28;24
3534;28;24
3535;32;24
3536;32;24
3537;36;24
3538;36;24
3539;40;24
3540;40;28
3541;44;24
3542;48;24
3543;48;8
3544;52;8
3545;52;8
3546;60;8
3547;56;4
3548;56;4
3549;60;0
3550;60;0
3551;64;0
3552;68;-4
3553;64;-8
3554;68;-8
3555;72;-12
3556;72;-12
3557;72;-12
3558;76;-12
3559;80;-16
3560;72;-16
3561;80;-16
3562;84;-16
3563;88;-16
3564;88;-16
3565;92;-20
3566;92;-16
3567;88;-16
3568;96;-12
3569;96;-12
3570;96;-8
3571;100;-8
3572;104;0
3573;104;0
3574;108;4
3575;108;8
3576;108;8
3577;108;12
3578;112;16
3579;116;16
3580;116;16
3581;124;16
3582;120;16
3583;124;20
3584;124;20
3585;124;20
3586;124;20
3587;128;20
3588;140;16
3589;132;16
3590;132;16
3591;132;16
3592;136;16
3593;132;16
3594;136;16
3595;128;12
3596;144;12
3597;144;12
3598;144;12
3599;148;12
3600;140;12
3601;148;12
3602;144;12
3603;148;8
3604;152;12
3605;152;8
3606;156;12
3607;160;8
3608;156;8
3609;160;8
3610;160;8
3611;160;8
3612;164;8
3613;168;8
3614;168;8
3615;168;8
3616;168;8
3617;172;8
3618;172;8
3619;176;8
3620;172;8
3621;176;8
3622;176;8
3623;176;8
3624;176;4
3625;180;8
3626;180;4
3627;180;4
3628;180;4
3629;184;4
3630;184;0
3631;184;0
3632;184;-4
3633;184;-4
3634;188;-4
3635;200;-8
3636;188;-8
3637;188;-12
3638;188;-12
3639;192;-12
3640;192;-16
3641;192;-16
3642;192;-16
3643;196;-16
3644;196;-16
3645;196;-20
3646;196;-20
3647;200;-20
3648;196;-16
3649;200;-16
3650;200;-16
3651;200;-12
3652;200;-12
3653;200;-8
3654;200;-8
3655;200;-4
3656;200;-4
3657;200;0
3658;204;4
3659;204;8
3660;204;8
3661;204;8
3662;204;16
3663;200;16
3664;204;16
3665;204;16
3666;208;16
3667;204;20
3668;204;20
3669;208;20
3670;228;20
3671;208;20
3672;204;20
3673;208;20
3674;208;20
3675;204;16
3676;208;16
3677;212;16
3678;208;16
3679;208;16
3680;208;16
3681;208;12
3682;200;12
3683;208;12
3684;208;12
3685;208;12
3686;208;12
3687;208;12
3688;208;8
3689;204;12
3690;208;8
3691;208;12
3692;204;8
3693;204;8
3694;204;8
3695;204;8
3696;204;8
3697;204;8
3698;204;8
3699;204;8
3700;208;8
3701;204;8
3702;200;8
3703;200;8
3704;200;8
3705;200;8
3706;204;8
3707;200;8
3708;200;8
3709;200;8
3710;188;8
3711;196;4
3712;200;4
3713;200;8
3714;196;8
3715;196;4
3716;196;8
3717;200;8
3718;196;8
3719;196;4
3720;192;4
3721;188;4
3722;192;8
3723;192;4
3724;196;4
3725;188;0
3726;184;0
3727;188;0
3728;184;-4
3729;184;-4
3730;184;-4
3731;184;-8
3732;180;-12
3733;176;-12
3734;180;-12
3735;176;-16
3736;180;-16
3737;176;-20
3738;172;-20
3739;172;-20
3740;172;-20
3741;172;-20
3742;172;-16
3743;164;-16
3744;168;-16
3745;160;-12
3746;164;-12
3747;164;-8
3748;164;-4
3749;160;0
3750;164;4
3751;160;4
3752;144;8
3753;156;8
3754;156;12
3755;152;12
3756;152;12
3757;152;16
3758;148;16
3759;156;16
3760;148;20
3761;144;16
3762;144;16
3763;144;16
3764;148;16
3765;140;16
3766;140;16
3767;136;16
3768;136;12
3769;132;16
3770;132;12
3771;128;12
3772;132;12
3773;128;12
3774;124;12
3775;124;8
3776;120;8
3777;120;8
3778;120;8
3779;116;8
3780;116;8
3781;116;8
3782;112;8
3783;108;4
3784;108;8
3785;112;4
3786;104;4
3787;100;8
3788;100;4
3789;100;8
3790;96;8
3791;96;4
3792;96;4
3793;92;8
3794;88;4
3795;88;4
3796;88;4
3797;84;4
3798;84;4
3799;72;4
3800;76;4
3801;76;4
3802;76;4
3803;72;4
3804;72;4
3805;68;0
3806;64;0
3807;64;0
3808;60;-4
3809;64;-8
3810;60;-8
3811;60;-12
3812;56;-12
3813;56;-12
3814;52;-12
3815;52;-16
3816;48;-16
3817;44;-16
3818;44;-20
3819;44;-20
3820;44;-16
3821;36;-20
3822;40;-20
3823;36;-20
3824;32;-20
3825;32;-20
3826;28;-16
3827;48;-16
3828;24;-12
3829;24;-12
3830;20;-8
3831;20;-4
3832;16;-4
3833;16;0
3834;12;0
3835;8;4
3836;8;8
3837;4;8
3838;4;8
3839;-8;12
3840;0;12
3841;0;16
3842;-4;16
3843;-8;16
3844;-8;16
3845;-12;16
3846;-16;16
3847;-12;16
3848;-16;16
3849;-20;16
3850;-20;16
3851;-24;16
3852;-24;16
3853;-24;12
3854;-32;12
3855;-32;16
3856;-36;12
3857;-36;12
3858;-40;12
3859;-36;12
3860;-40;12
3861;-40;12
3862;-44;8
3863;-52;8
3864;-48;8
3865;-52;8
3866;-52;8
3867;-64;8
3868;-56;8
3869;-60;8
3870;-60;8
3871;-64;8
3872;-64;8
3873;-64;8
3874;-56;8
3875;-68;4
3876;-72;8
3877;-76;8
3878;-72;4
3879;-80;4
3880;-80;8
3881;-84;8
3882;-84;4
3883;-88;4
3884;-88;4
3885;-88;4
3886;-92;4
3887;-92;4
3888;-96;4
3889;-96;4
3890;-100;4
3891;-100;8
3892;-104;4
3893;-104;8
3894;-108;4
3895;-112;4
3896;-108;0
3897;-112;0
3898;-112;0
3899;-112;0
3900;-120;-4
3901;-120;-4
3902;-132;-4
3903;-120;-8
3904;-120;-12
3905;-124;-12
3906;-124;-12
3907;-124;-16
3908;-132;-16
3909;-140;-16
3910;-132;-20
3911;-132;-20
3912;-136;-20
3913;-136;-20
3914;-136;-20
3915;-140;-20
3916;-120;-20
3917;-144;-20
3918;-144;-20
3919;-148;-16
3920;-148;-12
3921;-144;-12
3922;-152;-12
3923;-152;-8
3924;-152;-4
3925;-152;-4
3926;-156;0
3927;-156;4
3928;-164;4
3929;-156;8
3930;-160;8
3931;-160;12
3932;-164;12
3933;-164;12
3934;-164;16
3935;-168;16
3936;-168;16
3937;-172;16
3938;-172;16
3939;-168;16
3940;-168;16
3941;-172;16
3942;-168;16
3943;-172;12
3944;-176;16
3945;-176;16
3946;-176;12
3947;-176;12
3948;-176;12
3949;-188;12
3950;-180;12
3951;-180;12
3952;-184;12
3953;-184;8
3954;-184;12
3955;-184;12
3956;-192;8
3957;-184;12
3958;-188;8
3959;-188;28
3960;-188;28
3961;-188;28
3962;-192;28
3963;-192;24
3964;-192;24
3965;-192;24
3966;-192;24
3967;-192;20
3968;-192;20
3969;-192;16
3970;-188;16
3971;-192;12
3972;-192;12
3973;-192;12
3974;-196;8
3975;-192;8
3976;-196;4
3977;-192;4
3978;-196;0
3979;-196;0
3980;-196;0
3981;-196;-4
3982;-196;-4
3983;-200;0
3984;-184;-4
3985;-196;-4
3986;-200;0
3987;-196;4
3988;-200;4
3989;-200;4
3990;-200;8
3991;-208;12
3992;-196;12
3993;-200;16
3994;-200;20
3995;-200;20
3996;-196;24
3997;-196;28
3998;-208;28
3999;-200;28
4000;-196;32
4001;-196;32
4002;-196;36
4003;-188;36
4004;-196;36
4005;-196;36
4006;-196;36
4007;-196;36
4008;-192;36
4009;-192;36
4010;-188;36
4011;-192;32
4012;-188;32
4013;-188;36
4014;-188;32
4015;-192;32
4016;-188;32
4017;-188;32
4018;-188;32
4019;-184;28
4020;-188;28
4021;-184;28
4022;-184;28
4023;-184;28
4024;-176;28
4025;-180;28
4026;-180;28
4027;-180;28
4028;-180;24
4029;-180;28
4030;-176;28
4031;-172;24
4032;-176;24
4033;-172;24
4034;-172;24
4035;-176;24
4036;-168;24
4037;-168;24
4038;-172;24
4039;-168;24
4040;-164;24
4041;-164;24
4042;-164;24
4043;-164;24
4044;-160;24
4045;-160;24
4046;-160;24
4047;-156;24
4048;-156;24
4049;-156;24
4050;-152;24
4051;-152;24
4052;-152;24
4053;-148;24
4054;-144;20
4055;-148;24
4056;-148;24
4057;-144;24
4058;-144;20
4059;-148;24
4060;-140;20
4061;-136;20
4062;-136;16
4063;-136;16
4064;-128;16
4065;-132;12
4066;-116;8
4067;-128;8
4068;-128;4
4069;-124;4
4070;-124;0
4071;-120;0
4072;-120;0
4073;-112;0
4074;-116;0
4075;-112;-4
4076;-112;0
4077;-112;-4
4078;-108;0
4079;-104;-4
4080;-104;0
4081;-100;0
4082;-104;4
4083;-100;4
4084;-96;8
4085;-104;8
4086;-92;12
4087;-92;12
4088;-92;16
4089;-88;20
4090;-88;24
4091;-84;24
4092;-84;28
4093;-80;28
4094;-80;32
4095;-76;32
4096;-72;32
4097;-72;36
4098;-72;36
4099;-64;36
4100;-68;36
4101;-64;36
4102;-60;36
4103;-60;36
4104;-60;36
4105;-56;36
4106;-60;36
4107;-52;32
4108;-52;32
4109;-48;32
4110;-48;32
4111;-44;32
4112;-44;32
4113;-44;28
4114;-40;32
4115;-40;32
4116;-32;28
4117;-32;28
4118;-28;24
4119;-28;28
4120;-24;28
4121;-24;28
4122;-24;28
4123;-20;24
4124;-20;24
4125;-16;28
4126;-12;24
4127;-4;24
4128;-8;28
4129;-8;24
4130;-4;24
4131;-4;24
4132;0;24
4133;0;24
4134;4;24
4135;4;24
4136;8;24
4137;8;24
4138;8;24
4139;12;24
4140;12;20
4141;20;20
4142;20;24
4143;20;24
4144;24;24
4145;28;24
4146;24;24
4147;32;24
4148;12;24
4149;32;20
4150;36;20
4151;40;24
4152;40;24
4153;36;20
4154;40;24
4155;32;20
4156;48;20
4157;48;20
4158;52;16
4159;56;16
4160;64;16
4161;56;16
4162;60;12
4163;60;8
4164;64;8
4165;64;4
4166;68;4
4167;72;4
4168;72;-16
4169;76;-20
4170;76;-20
4171;80;-20
4172;76;-20
4173;80;-20
4174;84;-24
4175;84;-20
4176;88;-20
4177;88;-20
4178;92;-20
4179;92;-16
4180;96;-12
4181;92;-12
4182;96;-12
4183;100;-8
4184;100;-8
4185;104;-4
4186;104;0
4187;104;0
4188;120;4
4189;108;4
4190;112;8
4191;112;8
4192;116;12
4193;116;12
4194;120;16
4195;120;16
4196;124;16
4197;124;16
4198;124;16
4199;128;12
4200;128;16
4201;132;16
4202;132;16
4203;132;16
4204;136;16
4205;136;12
4206;136;16
4207;140;12
4208;140;12
4209;136;8
4210;144;12
4211;148;12
4212;148;12
4213;148;12
4214;148;8
4215;152;8
4216;140;8
4217;152;8
4218;156;8
4219;156;4
4220;156;8
4221;164;8
4222;160;4
4223;160;4
4224;164;8
4225;164;4
4226;168;8
4227;168;4
4228;172;4
4229;168;4
4230;192;8
4231;172;4
4232;172;4
4233;172;4
4234;176;4
4235;180;4
4236;176;4
4237;176;4
4238;176;4
4239;180;4
4240;180;4
4241;180;4
4242;176;0
4243;184;4
4244;188;4
4245;184;4
4246;188;0
4247;184;4
4248;188;4
4249;192;4
4250;188;0
4251;192;4
4252;192;0
4253;192;0
4254;192;0
4255;192;0
4256;200;0
4257;196;-4
4258;196;-4
4259;196;-8
4260;196;-8
4261;196;-8
4262;200;-12
4263;196;-12
4264;200;-12
4265;200;-16
4266;204;-16
4267;200;-20
4268;200;-20
4269;204;-20
4270;196;-20
4271;204;-20
4272;204;-20
4273;204;-20
4274;204;-24
4275;204;-20
4276;204;-20
4277;204;-16
4278;204;-16
4279;204;-16
4280;204;-12
4281;204;-8
4282;208;-4
4283;208;-4
4284;208;0
4285;208;0
4286;208;4
4287;204;4
4288;208;8
4289;208;8
4290;208;12
4291;212;12
4292;204;12
4293;208;12
4294;208;12
4295;208;16
4296;208;16
4297;208;16
4298;224;16
4299;208;16
4300;208;16
4301;208;12
4302;208;12
4303;208;12
4304;204;12
4305;192;12
4306;204;12
4307;204;12
4308;204;12
4309;204;12
4310;204;8
4311;204;8
4312;192;8
4313;204;8
4314;204;8
4315;200;8
4316;204;8
4317;208;8
4318;200;4
4319;200;8
4320;200;4
4321;196;4
4322;196;4
4323;196;4
4324;196;4
4325;196;4
4326;192;4
4327;196;4
4328;192;4
4329;192;4
4330;192;4
4331;192;4
4332;188;4
4333;192;4
4334;188;4
4335;184;4
4336;188;4
4337;184;4
4338;188;4
4339;184;4
4340;184;4
4341;184;4
4342;180;4
4343;180;4
4344;176;4
4345;184;4
4346;176;4
4347;176;4
4348;172;0
4349;172;0
4350;172;0
4351;168;0
4352;168;0
4353;172;0
4354;168;-4
4355;172;-4
4356;168;-8
4357;164;-8
4358;164;-12
4359;160;-12
4360;160;-12
4361;160;-16
4362;160;-16
4363;156;-20
4364;156;-20
4365;156;-20
4366;152;-20
4367;152;-24
4368;152;-20
4369;148;-24
4370;148;-20
4371;148;-20
4372;144;-16
4373;144;-16
4374;140;-12
4375;140;-8
4376;140;-12
4377;140;-8
4378;140;-4
4379;132;-4
4380;152;-4
4381;132;0
4382;128;4
4383;128;4
4384;128;8
4385;128;12
4386;124;12
4387;128;12
4388;120;12
4389;120;12
4390;116;12
4391;116;12
4392;116;12
4393;112;12
4394;108;12
4395;108;12
4396;104;12
4397;108;12
4398;104;12
4399;92;12
4400;100;12
4401;96;8
4402;96;8
4403;96;8
4404;92;8
4405;88;4
4406;88;8
4407;84;4
4408;80;8
4409;84;4
4410;80;4
4411;76;4
4412;76;4
4413;76;4
4414;72;4
4415;68;4
4416;68;4
4417;68;4
4418;64;0
4419;64;0
4420;56;0
4421;60;0
4422;56;4
4423;56;0
4424;56;0
4425;52;4
4426;52;0
4427;44;0
4428;44;4
4429;44;0
4430;40;0
4431;36;0
4432;40;0
4433;40;0
4434;36;0
4435;32;0
4436;28;0
4437;28;4
4438;24;0
4439;24;0
4440;20;0
4441;28;0
4442;16;0
4443;16;0
4444;16;0
4445;8;0
4446;8;-4
4447;8;-4
4448;8;-4
4449;4;-8
4450;0;-8
4451;-4;-12
4452;-4;-12
4453;-4;-16
4454;-4;-16
4455;0;-16
4456;-8;-20
4457;-16;-20
4458;-12;-20
4459;-16;-24
4460;-24;-24
4461;-24;-24
4462;-40;-24
4463;-24;-24
4464;-28;-24
4465;-28;-24
4466;-32;-24
4467;-40;-20
4468;-36;-16
4469;-44;-16
4470;-36;-12
4471;-40;-8
4472;-44;-4
4473;-44;0
4474;-44;0
4475;-48;4
4476;-48;8
4477;-52;8
4478;-52;8
4479;-56;12
4480;-60;12
4481;-56;12
4482;-60;16
4483;-64;12
4484;-64;12
4485;-68;12
4486;-72;12
4487;-72;12
4488;-72;12
4489;-80;12
4490;-76;12
4491;-80;12
4492;-80;12
4493;-84;8
4494;-84;8
4495;-84;8
4496;-88;8
4497;-92;8
4498;-92;8
4499;-92;4
4500;-96;8
4501;-96;8
4502;-88;8
4503;-104;0
4504;-100;4
4505;-104;4
4506;-104;4
4507;-108;4
4508;-112;0
4509;-116;4
4510;-116;4
4511;-116;4
4512;-116;4
4513;-120;0
4514;-120;4
4515;-124;4
4516;-124;0
4517;-124;0
4518;-128;0
4519;-128;0
4520;-132;0
4521;-132;0
4522;-132;4
4523;-140;0
4524;-136;0
4525;-136;0
4526;-140;0
4527;-136;0
4528;-140;4
4529;-144;0
4530;-152;0
4531;-148;-4
4532;-148;0
4533;-152;4
4534;-148;-4
4535;-148;-4
4536;-152;-4
4537;-144;-8
4538;-156;-4
4539;-156;-8
4540;-156;-12
4541;-156;-16
4542;-160;-16
4543;-164;-16
4544;-152;-20
4545;-164;-20
4546;-168;-20
4547;-164;-24
4548;-168;-24
4549;-168;-24
4550;-168;-24
4551;-172;-24
4552;-172;-24
4553;-172;-24
4554;-172;-20
4555;-176;-20
4556;-184;-20
4557;-176;-20
4558;-176;-16
4559;-180;-16
4560;-180;-12
4561;-180;-12
4562;-180;-8
4563;-180;-4
4564;-184;0
4565;-184;0
4566;-184;0
4567;-184;4
4568;-184;8
4569;-188;8
4570;-188;12
4571;-188;12
4572;-188;12
4573;-188;12
4574;-188;12
4575;-192;12
4576;-188;12
4577;-204;12
4578;-192;12
4579;-192;12
4580;-192;12
4581;-192;12
4582;-192;12
4583;-192;16
4584;-192;32
4585;-192;28
4586;-192;28
4587;-192;28
4588;-196;24
4589;-196;24
4590;-196;24
4591;-192;24
4592;-196;24
4593;-196;24
4594;-196;24
4595;-196;24
4596;-196;24
4597;-200;24
4598;-192;24
4599;-196;20
4600;-196;20
4601;-196;20
4602;-196;20
4603;-196;20
4604;-196;20
4605;-196;20
4606;-196;16
4607;-196;12
4608;-200;12
4609;-196;12
4610;-200;12
4611;-196;12
4612;-196;8
4613;-196;4
4614;-196;0
4615;-196;0
4616;-196;0
4617;-192;-4
4618;-192;-4
4619;-216;-4
4620;-192;-4
4621;-192;-8
4622;-192;-8
4623;-192;-4
4624;-188;-8
4625;-192;-8
4626;-188;-4
4627;-188;-4
4628;-188;0
4629;-188;4
4630;-188;8
4631;-180;8
4632;-184;12
4633;-184;16
4634;-184;20
4635;-180;20
4636;-184;24
4637;-184;28
4638;-180;28
4639;-180;28
4640;-180;32
4641;-176;32
4642;-176;32
4643;-176;32
4644;-176;32
4645;-172;28
4646;-172;32
4647;-168;32
4648;-172;28
4649;-168;28
4650;-168;28
4651;-168;28
4652;-160;28
4653;-164;28
4654;-164;28
4655;-164;28
4656;-160;28
4657;-160;24
4658;-160;24
4659;-148;24
4660;-156;24
4661;-156;20
4662;-156;24
4663;-152;24
4664;-152;24
4665;-148;20
4666;-148;20
4667;-148;20
4668;-144;24
4669;-144;20
4670;-140;20
4671;-140;20
4672;-140;20
4673;-140;20
4674;-136;20
4675;-136;16
4676;-132;16
4677;-132;16
4678;-128;20
4679;-128;16
4680;-128;16
4681;-124;20
4682;-124;20
4683;-120;16
4684;-120;16
4685;-116;20
4686;-120;16
4687;-116;20
4688;-112;20
4689;-112;20
4690;-108;16
4691;-108;20
4692;-104;20
4693;-104;20
4694;-80;16
4695;-100;16
4696;-100;20
4697;-96;16
4698;-96;16
4699;-92;16
4700;-92;16
4701;-84;12
4702;-88;12
4703;-84;8
4704;-84;8
4705;-80;4
4706;-80;0
4707;-76;4
4708;-72;-4
4709;-72;0
4710;-72;-4
4711;-72;-4
4712;-68;-4
4713;-72;-4
4714;-64;-8
4715;-60;-8
4716;-60;-8
4717;-56;-8
4718;-56;-8
4719;-52;-8
4720;-52;-4
4721;-48;-4
4722;-48;-4
4723;-44;0
4724;-44;4
4725;-40;8
4726;-40;8
4727;-36;12
4728;-36;12
4729;-32;16
4730;-32;20
4731;-28;20
4732;-28;20
4733;-28;24
4734;-32;28
4735;-20;28
4736;-20;28
4737;-20;28
4738;-16;32
4739;-12;32
4740;-12;32
4741;-8;32
4742;-4;32
4743;-4;32
4744;0;32
4745;0;28
4746;0;28
4747;4;28
4748;8;28
4749;8;28
4750;8;28
4751;12;28
4752;12;28
4753;16;28
4754;16;24
4755;24;24
4756;20;24
4757;20;20
4758;28;24
4759;28;20
4760;32;20
4761;32;24
4762;36;24
4763;36;20
4764;36;20
4765;36;20
4766;40;20
4767;44;20
4768;44;20
4769;48;20
4770;48;20
4771;52;20
4772;56;20
4773;56;20
4774;56;20
4775;60;20
4776;36;20
4777;64;16
4778;64;20
4779;68;20
4780;68;16
4781;68;20
4782;72;20
4783;64;16
4784;72;16
4785;76;16
4786;80;16
4787;84;20
4788;92;20
4789;88;20
4790;88;20
4791;88;20
4792;92;20
4793;92;-4
4794;96;0
4795;100;-8
4796;100;-8
4797;100;-8
4798;100;-8
4799;104;-12
4800;104;-12
4801;108;-16
4802;112;-16
4803;108;-20
4804;116;-20
4805;116;-20
4806;116;-20
4807;116;-24
4808;120;-24
4809;124;-24
4810;120;-24
4811;124;-24
4812;124;-28
4813;128;-28
4814;128;-28
4815;132;-28
4816;144;-24
4817;132;-24
4818;136;-20
4819;136;-20
4820;136;-16
4821;140;-16
4822;140;-12
4823;140;-8
4824;144;-8
4825;148;-8
4826;148;-4
4827;148;0
4828;148;0
4829;152;4
4830;152;4
4831;156;8
4832;156;8
4833;160;8
4834;160;8
4835;160;8
4836;160;12
4837;156;12
4838;164;8
4839;164;8
4840;164;8
4841;168;8
4842;168;8
4843;168;8
4844;160;8
4845;172;8
4846;176;8
4847;176;8
4848;176;4
4849;184;4
4850;180;4
4851;188;4
4852;180;4
4853;180;4
4854;180;4
4855;180;0
4856;188;0
4857;184;0
4858;196;0
4859;188;0
4860;188;0
4861;188;0
4862;192;0
4863;192;0
4864;192;0
4865;192;0
4866;192;0
4867;192;-4
4868;192;0
4869;192;0
4870;188;0
4871;196;-4
4872;196;0
4873;196;0
4874;196;-4
4875;196;-4
4876;200;0
4877;196;-4
4878;200;-4
4879;200;-4
4880;200;-4
4881;200;-4
4882;200;-4
4883;204;0
4884;204;-4
4885;204;-4
4886;204;0
4887;204;0
4888;204;-4
4889;204;-4
4890;204;-4
4891;196;-4
4892;204;-4
4893;204;-4
4894;204;-4
4895;204;-8
4896;208;-8
4897;208;-12
4898;204;-12
4899;208;-16
4900;208;-16
4901;208;-16
4902;208;-20
4903;208;-20
4904;204;-24
4905;208;-24
4906;208;-24
4907;208;-24
4908;204;-28
4909;208;-24
4910;208;-28
4911;208;-24
4912;216;-28
4913;208;-28
4914;208;-24
4915;208;-24
4916;204;-24
4917;208;-20
4918;204;-16
4919;208;-16
4920;204;-12
4921;204;-12
4922;204;-12
4923;204;-4
4924;200;-4
4925;204;0
4926;204;0
4927;204;4
4928;204;8
4929;200;8
4930;200;8
4931;200;8
4932;200;8
4933;176;8
4934;200;8
4935;200;8
4936;196;12
4937;196;8
4938;192;8
4939;192;8
4940;184;8
4941;196;8
4942;192;8
4943;192;8
4944;192;8
4945;200;4
4946;192;8
4947;192;4
4948;188;8
4949;188;4
4950;188;4
4951;188;4
4952;176;4
4953;184;0
4954;184;0
4955;180;0
4956;180;0
4957;180;0
4958;176;0
4959;176;0
4960;180;0
4961;176;0
4962;176;0
4963;176;0
4964;168;-4
4965;172;0
4966;172;0
4967;168;0
4968;168;0
4969;164;0
4970;168;0
4971;164;0
4972;160;0
4973;152;0
4974;160;0
4975;160;0
4976;156;0
4977;160;0
4978;156;0
4979;156;0
4980;148;0
4981;152;-4
4982;148;0
4983;152;-4
4984;148;-4
4985;144;-4
4986;148;-4
4987;140;-4
4988;144;-8
4989;140;-8
4990;140;-12
4991;136;-12
4992;136;-12
4993;132;-16
4994;136;-16
4995;132;-16
4996;128;-16
4997;128;-20
4998;124;-20
4999;128;-24
5000;124;-24
5001;124;-24
5002;120;-24
5003;116;-20
5004;116;-20
5005;112;-20
5006;112;-20
5007;112;-20
5008;124;-20
5009;108;-20
5010;104;-16
5011;104;-16
5012;100;-12
5013;96;-12
5014;96;-8
5015;92;-4
5016;96;0
5017;92;0
5018;92;4
5019;88;4
5020;80;8
5021;84;12
5022;88;12
5023;80;12
5024;80;12
5025;80;16
5026;76;16
5027;68;16
5028;68;16
5029;72;16
5030;68;16
5031;68;16
5032;64;16
5033;64;16
5034;60;16
5035;60;16
5036;60;12
5037;52;12
5038;52;16
5039;48;12
5040;48;12
5041;44;12
5042;44;12
5043;40;12
5044;40;12
5045;36;12
5046;36;12
5047;32;8
5048;20;8
5049;32;8
5050;28;8
5051;28;8
5052;24;8
5053;20;4
5054;20;4
5055;28;4
5056;16;8
5057;12;4
5058;12;8
5059;12;4
5060;8;4
5061;8;4
5062;8;4
5063;0;8
5064;0;4
5065;0;4
5066;-4;4
5067;-4;4
5068;-8;4
5069;-8;4
5070;-8;4
5071;-16;4
5072;-16;4
5073;-20;4
5074;-20;4
5075;-20;4
5076;-28;0
5077;-28;0
5078;-28;4
5079;-32;0
5080;-32;0
5081;-36;0
5082;-36;-4
5083;-48;-8
5084;-40;-8
5085;-40;-8
5086;-44;-12
5087;-48;-12
5088;-48;-16
5089;-48;-16
5090;-60;-16
5091;-56;-16
5092;-56;-20
5093;-56;-20
5094;-60;-20
5095;-60;-20
5096;-64;-20
5097;-48;-20
5098;-68;-20
5099;-68;-20
5100;-72;-20
5101;-72;-16
5102;-72;-16
5103;-72;-16
5104;-80;-12
5105;-80;-12
5106;-84;-8
5107;-84;-8
5108;-84;-4
5109;-92;0
5110;-88;4
5111;-88;8
5112;-96;8
5113;-96;8
5114;-100;12
5115;-100;16
5116;-100;16
5117;-104;16
5118;-104;16
5119;-108;16
5120;-108;16
5121;-108;16
5122;-112;16
5123;-108;16
5124;-116;16
5125;-116;16
5126;-120;12
5127;-120;16
5128;-124;16
5129;-124;16
5130;-128;12
5131;-128;12
5132;-128;12
5133;-128;12
5134;-132;12
5135;-132;12
5136;-136;8
5137;-144;8
5138;-136;8
5139;-140;8
5140;-140;8
5141;-140;8
5142;-140;8
5143;-144;8
5144;-152;8
5145;-148;8
5146;-148;8
5147;-152;8
5148;-152;4
5149;-152;4
5150;-156;4
5151;-148;4
5152;-160;4
5153;-156;4
5154;-160;4
5155;-160;4
5156;-160;4
5157;-164;4
5158;-160;4
5159;-164;4
5160;-168;4
5161;-168;4
5162;-168;4
5163;-172;4
5164;-172;4
5165;-164;4
5166;-172;4
5167;-172;4
5168;-176;0
5169;-176;0
5170;-180;0
5171;-176;-4
5172;-192;-4
5173;-180;-8
5174;-184;-8
5175;-180;-8
5176;-180;-12
5177;-188;-12
5178;-184;-12
5179;-188;-16
5180;-184;-16
5181;-184;-20
5182;-188;-20
5183;-188;-20
5184;-184;-20
5185;-188;-20
5186;-188;-20
5187;-188;-20
5188;-192;-20
5189;-192;-20
5190;-192;-16
5191;-188;-16
5192;-192;-12
5193;-192;-8
5194;-192;-4
5195;-192;0
5196;-196;0
5197;-192;4
5198;-196;4
5199;-192;8
5200;-196;12
5201;-196;12
5202;-196;16
5203;-196;16
5204;-196;16
5205;-196;16
5206;-196;16
5207;-200;20
5208;-196;16
5209;-196;16
5210;-196;16
5211;-200;16
5212;-184;36
5213;-196;32
5214;-196;32
5215;-196;32
5216;-200;32
5217;-200;32
5218;-196;32
5219;-200;32
5220;-200;32
5221;-196;28
5222;-196;28
5223;-200;28
5224;-200;28
5225;-196;28
5226;-200;28
5227;-196;28
5228;-196;24
5229;-196;24
5230;-196;24
5231;-196;24
5232;-192;24
5233;-196;24
5234;-192;20
5235;-196;20
5236;-188;16
5237;-192;16
5238;-192;12
5239;-188;12
5240;-200;8
5241;-188;8
5242;-188;8
5243;-188;4
5244;-184;4
5245;-180;4
5246;-184;0
5247;-180;0
5248;-184;0
5249;-180;-4
5250;-180;-4
5251;-180;-4
5252;-176;-4
5253;-176;-4
5254;-168;0
5255;-176;0
5256;-176;0
5257;-176;4
5258;-172;8
5259;-180;16
5260;-172;16
5261;-168;20
5262;-168;24
5263;-168;28
5264;-168;32
5265;-168;32
5266;-168;32
5267;-164;36
5268;-160;32
5269;-160;36
5270;-160;36
5271;-156;36
5272;-156;36
5273;-156;36
5274;-156;36
5275;-152;32
5276;-156;36
5277;-152;36
5278;-152;32
5279;-148;32
5280;-144;32
5281;-144;32
5282;-144;28
5283;-140;28
5284;-140;28
5285;-140;28
5286;-136;28
5287;-144;28
5288;-136;28
5289;-132;28
5290;-132;28
5291;-128;24
5292;-128;24
5293;-124;24
5294;-112;24
5295;-124;24
5296;-120;24
5297;-116;24
5298;-120;24
5299;-116;24
5300;-116;24
5301;-112;24
5302;-112;24
5303;-108;20
5304;-108;24
5305;-104;20
5306;-104;24
5307;-100;24
5308;-96;24
5309;-96;24
5310;-96;20
5311;-96;20
5312;-92;20
5313;-88;20
5314;-88;20
5315;-92;16
5316;-84;16
5317;-84;12
5318;-80;12
5319;-76;12
5320;-80;8
5321;-72;8
5322;-84;4
5323;-72;4
5324;-68;0
5325;-68;0
5326;-64;0
5327;-64;0
5328;-60;0
5329;-72;-4
5330;-52;-4
5331;-52;-4
5332;-52;0
5333;-52;-4
5334;-52;-4
5335;-48;0
5336;-32;4
5337;-40;4
5338;-40;8
5339;-40;12
5340;-36;12
5341;-28;16
5342;-32;16
5343;-32;20
5344;-28;20
5345;-24;24
5346;-24;28
5347;-20;28
5348;-20;32
5349;-16;32
5350;-12;32
5351;-12;32
5352;-12;32
5353;-8;36
5354;-4;36
5355;-4;36
5356;0;32
5357;-4;36
5358;0;32
5359;4;32
5360;8;32
5361;8;32
5362;16;32
5363;12;32
5364;16;32
5365;16;32
5366;16;32
5367;20;32
5368;24;28
5369;32;28
5370;28;28
5371;28;28
5372;28;28
5373;32;28
5374;32;24
5375;36;24
5376;36;24
5377;40;24
5378;44;24
5379;44;24
5380;48;24
5381;48;24
5382;52;28
5383;48;24
5384;56;24
5385;60;24
5386;60;20
5387;64;20
5388;64;24
5389;64;24
5390;68;24
5391;68;24
5392;68;20
5393;72;24
5394;72;20
5395;76;24
5396;76;24
5397;80;20
5398;84;24
5399;84;20
5400;88;20
5401;84;20
5402;92;20
5403;92;16
5404;112;16
5405;96;12
5406;96;12
5407;100;8
5408;100;8
5409;104;8
5410;104;4
5411;112;4
5412;104;4
5413;108;0
5414;112;0
5415;112;0
5416;112;0
5417;116;-4
5418;120;-20
5419;120;-20
5420;120;-20
5421;120;-20
5422;124;-20
5423;116;-20
5424;128;-16
5425;128;-16
5426;132;-12
5427;132;-8
5428;132;-8
5429;136;-8
5430;136;-4
5431;140;0
5432;140;0
5433;140;4
5434;144;8
5435;144;12
5436;148;12
5437;148;12
5438;148;16
5439;148;16
5440;152;12
5441;152;16
5442;152;16
5443;156;16
5444;144;12
5445;160;16
5446;160;12
5447;160;12
5448;160;16
5449;164;12
5450;164;16
5451;176;12
5452;168;12
5453;168;12
5454;172;12
5455;172;12
5456;172;8
5457;172;8
5458;180;8
5459;176;8
5460;176;8
5461;176;8
5462;176;8
5463;180;8
5464;180;4
5465;188;8
5466;180;4
5467;184;4
5468;184;4
5469;184;4
5470;188;4
5471;188;8
5472;188;4
5473;188;4
5474;188;4
5475;192;4
5476;192;4
5477;192;4
5478;192;4
5479;188;0
5480;196;0
5481;196;4
5482;196;4
5483;196;4
5484;192;4
5485;196;0
5486;176;0
5487;200;0
5488;200;-4
5489;200;-4
5490;200;-8
5491;200;-4
5492;200;-12
5493;192;-8
5494;200;-12
5495;204;-16
5496;200;-16
5497;204;-16
5498;212;-20
5499;208;-20
5500;204;-20
5501;204;-20
5502;204;-24
5503;204;-20
5504;204;-24
5505;204;-24
5506;204;-24
5507;208;-20
5508;204;-20
5509;208;-16
5510;208;-12
5511;208;-8
5512;208;-8
5513;208;0
5514;208;0
5515;208;4
5516;204;4
5517;208;8
5518;208;12
5519;212;12
5520;208;12
5521;208;12
5522;204;12
5523;208;16
5524;208;16
5525;208;16
5526;212;16
5527;208;16
5528;208;16
5529;208;16
5530;204;12
5531;204;12
5532;204;12
5533;200;12
5534;204;12
5535;204;12
5536;204;12
5537;204;8
5538;204;8
5539;200;8
5540;196;8
5541;200;8
5542;200;8
5543;200;8
5544;200;8
5545;200;4
5546;196;4
5547;200;8
5548;196;4
5549;196;8
5550;196;4
5551;196;4
5552;196;4
5553;196;4
5554;196;4
5555;192;4
5556;192;4
5557;192;4
5558;192;4
5559;192;4
5560;188;0
5561;212;4
5562;188;4
5563;184;4
5564;184;4
5565;184;0
5566;184;0
5567;184;4
5568;184;0
5569;180;4
5570;180;0
5571;176;4
5572;180;0
5573;172;0
5574;176;-4
5575;176;-4
5576;176;-4
5577;172;-4
5578;172;-8
5579;168;-12
5580;160;-12
5581;168;-12
5582;168;-16
5583;164;-16
5584;164;-20
5585;164;-20
5586;164;-20
5587;160;-20
5588;156;-20
5589;156;-24
5590;156;-24
5591;156;-20
5592;152;-20
5593;152;-24
5594;152;-20
5595;152;-20
5596;148;-16
5597;148;-16
5598;144;-16
5599;144;-12
5600;140;-8
5601;144;-8
5602;140;-4
5603;136;0
5604;132;0
5605;132;4
5606;132;4
5607;132;8
5608;136;8
5609;128;12
5610;128;12
5611;124;16
5612;124;12
5613;120;12
5614;120;12
5615;116;12
5616;116;12
5617;116;12
5618;112;16
5619;108;16
5620;108;16
5621;108;16
5622;104;12
5623;104;12
5624;104;16
5625;100;12
5626;96;20
5627;96;16
5628;96;16
5629;88;16
5630;92;16
5631;88;16
5632;84;12
5633;84;12
5634;80;12
5635;80;16
5636;68;12
5637;80;12
5638;72;12
5639;76;12
5640;72;8
5641;72;12
5642;68;12
5643;72;8
5644;64;8
5645;64;8
5646;60;8
5647;60;8
5648;56;8
5649;52;4
5650;68;4
5651;52;0
5652;48;0
5653;48;0
5654;44;-4
5655;44;-4
5656;40;-4
5657;40;-8
5658;36;-12
5659;36;-12
5660;28;-12
5661;32;-16
5662;24;-16
5663;24;-16
5664;24;-16
5665;20;-16
5666;20;-16
5667;16;-16
5668;16;-16
5669;16;-16
5670;12;-12
5671;12;-12
5672;8;-12
5673;4;-8
5674;4;-4
5675;4;-4
5676;4;0
5677;0;4
5678;-4;4
5679;-4;8
5680;-4;8
5681;-12;16
5682;-12;16
5683;-20;16
5684;-12;16
5685;-16;20
5686;-20;20
5687;-20;20
5688;-24;20
5689;-24;20
5690;-32;20
5691;-32;20
5692;-32;20
5693;-32;20
5694;-36;20
5695;-36;20
5696;-40;20
5697;-40;16
5698;-44;16
5699;-48;20
5700;-48;16
5701;-48;16
5702;-48;16
5703;-56;16
5704;-48;12
5705;-60;12
5706;-56;12
5707;-60;12
5708;-60;12
5709;-64;12
5710;-68;12
5711;-64;12
5712;-72;12
5713;-72;12
5714;-72;12
5715;-76;8
5716;-80;12
5717;-80;8
5718;-72;12
5719;-84;8
5720;-84;12
5721;-88;8
5722;-88;8
5723;-92;8
5724;-92;8
5725;-112;12
5726;-96;8
5727;-96;8
5728;-100;8
5729;-100;8
5730;-112;8
5731;-104;8
5732;-112;8
5733;-108;8
5734;-112;8
5735;-112;8
5736;-116;8
5737;-112;8
5738;-120;8
5739;-120;8
5740;-120;8
5741;-120;4
5742;-124;4
5743;-124;0
5744;-124;0
5745;-128;-4
5746;-128;-4
5747;-132;-4
5748;-132;-8
5749;-136;-12
5750;-132;-12
5751;-136;-16
5752;-140;-16
5753;-140;-12
5754;-140;-16
5755;-140;-12
5756;-144;-16
5757;-148;-16
5758;-148;-16
5759;-148;-16
5760;-148;-16
5761;-152;-16
5762;-152;-12
5763;-156;-12
5764;-156;-8
5765;-144;-8
5766;-156;-4
5767;-156;-4
5768;-156;0
5769;-160;4
5770;-160;4
5771;-160;8
5772;-164;12
5773;-164;12
5774;-164;16
5775;-168;16
5776;-168;20
5777;-168;16
5778;-172;20
5779;-172;20
5780;-168;20
5781;-176;20
5782;-172;20
5783;-176;20
5784;-172;20
5785;-176;20
5786;-180;20
5787;-180;20
5788;-180;20
5789;-180;20
5790;-180;20
5791;-180;16
5792;-184;16
5793;-192;16
5794;-184;12
5795;-184;12
5796;-184;12
5797;-188;12
5798;-184;12
5799;-184;12
5800;-176;12
5801;-192;12
5802;-184;12
5803;-188;12
5804;-192;12
5805;-188;8
5806;-192;8
5807;-180;8
5808;-188;12
5809;-192;8
5810;-192;12
5811;-192;8
5812;-192;8
5813;-192;8
5814;-192;8
5815;-192;8
5816;-192;8
5817;-196;8
5818;-196;8
5819;-200;8
5820;-196;8
5821;-192;8
5822;-192;8
5823;-196;8
5824;-196;8
5825;-192;8
5826;-196;8
5827;-192;8
5828;-196;8
5829;-196;8
5830;-196;8
5831;-196;8
5832;-196;8
5833;-196;8
5834;-192;20
5835;-192;24
5836;-196;20
5837;-196;20
5838;-196;20
5839;-192;20
5840;-204;16
5841;-192;16
5842;-192;12
5843;-192;12
5844;-192;8
5845;-188;8
5846;-192;4
5847;-180;4
5848;-192;0
5849;-188;0
5850;-192;0
5851;-188;0
5852;-184;-4
5853;-184;0
5854;-184;0
5855;-184;0
5856;-188;0
5857;-184;4
5858;-184;4
5859;-184;4
5860;-180;4
5861;-172;8
5862;-180;12
5863;-180;12
5864;-180;12
5865;-180;20
5866;-176;24
5867;-172;24
5868;-172;28
5869;-172;28
5870;-172;28
5871;-172;32
5872;-168;32
5873;-172;36
5874;-168;36
5875;-168;36
5876;-164;36
5877;-164;36
5878;-164;36
5879;-160;36
5880;-164;36
5881;-160;36
5882;-180;36
5883;-156;36
5884;-156;36
5885;-156;32
5886;-156;32
5887;-152;32
5888;-152;32
5889;-152;32
5890;-148;32
5891;-148;32
5892;-148;28
5893;-144;28
5894;-136;28
5895;-140;28
5896;-140;28
5897;-140;28
5898;-140;28
5899;-136;28
5900;-132;28
5901;-136;28
5902;-128;28
5903;-128;24
5904;-124;24
5905;-128;24
5906;-124;28
5907;-120;28
5908;-120;28
5909;-116;28
5910;-116;24
5911;-116;24
5912;-112;24
5913;-112;24
5914;-112;24
5915;-108;24
5916;-104;24
5917;-108;24
5918;-104;24
5919;-104;24
5920;-100;24
5921;-96;24
5922;-104;24
5923;-96;24
5924;-92;20
5925;-88;20
5926;-88;20
5927;-88;16
5928;-88;20
5929;-84;16
5930;-80;12
5931;-80;12
5932;-76;8
5933;-72;8
5934;-72;4
5935;-68;4
5936;-68;4
5937;-68;4
5938;-64;0
5939;-60;0
5940;-60;0
5941;-56;0
5942;-56;0
5943;-48;0
5944;-52;0
5945;-52;0
5946;-48;4
5947;-48;4
5948;-44;8
5949;-44;8
5950;-36;12
5951;-40;16
5952;-36;20
5953;-36;24
5954;-32;24
5955;-32;28
5956;-28;32
5957;-16;32
5958;-24;36
5959;-24;36
5960;-20;36
5961;-16;36
5962;-20;36
5963;-12;32
5964;-24;36
5965;-12;36
5966;-8;36
5967;-4;36
5968;-4;36
5969;-8;32
5970;0;32
5971;-4;32
5972;4;32
5973;4;32
5974;8;32
5975;12;32
5976;8;32
5977;16;32
5978;16;32
5979;20;28
5980;20;28
5981;20;28
5982;24;28
5983;28;28
5984;28;28
5985;32;28
5986;32;28
5987;36;28
5988;36;24
5989;36;28
5990;36;24
5991;44;24
5992;44;28
5993;48;24
5994;48;24
5995;48;24
5996;52;24
5997;40;24
5998;56;24
5999;56;24
6000;60;24
6001;64;24
6002;68;24
6003;68;24
6004;76;24
6005;68;24
6006;72;24
6007;76;24
6008;76;24
6009;80;24
6010;80;24
6011;84;24
6012;84;24
6013;84;20
6014;84;20
6015;88;20
6016;88;16
6017;92;16
6018;96;12
6019;96;12
6020;100;8
6021;100;8
6022;100;4
6023;100;0
6024;108;4
6025;104;0
6026;108;0
6027;112;-4
6028;112;0
6029;112;0
6030;116;0
6031;116;0
6032;108;-4
6033;120;0
6034;120;0
6035;124;4
6036;124;4
6037;124;8
6038;128;12
6039;120;12
6040;132;16
6041;136;24
6042;132;20
6043;136;0
6044;140;4
6045;140;4
6046;160;8
6047;140;8
6048;144;8
6049;148;8
6050;144;12
6051;156;12
6052;148;12
6053;148;12
6054;152;12
6055;152;12
6056;156;12
6057;156;12
6058;156;12
6059;160;12
6060;160;12
6061;160;8
6062;164;8
6063;164;8
6064;164;8
6065;168;8
6066;168;8
6067;168;4
6068;168;4
6069;172;4
6070;172;4
6071;176;4
6072;176;4
6073;176;4
6074;176;4
6075;180;4
6076;180;4
6077;180;0
6078;184;4
6079;184;0
6080;184;0
6081;184;0
6082;188;0
6083;184;0
6084;188;0
6085;188;0
6086;180;0
6087;192;0
6088;192;0
6089;192;0
6090;188;0
6091;196;0
6092;192;4
6093;188;-4
6094;196;0
6095;192;0
6096;196;0
6097;196;0
6098;200;-4
6099;196;0
6100;204;0
6101;200;-4
6102;200;-4
6103;200;-4
6104;200;-8
6105;204;-8
6106;200;-12
6107;204;-12
6108;204;-16
6109;204;-20
6110;204;-16
6111;204;-20
6112;204;-20
6113;204;-24
6114;220;-24
6115;204;-24
6116;204;-24
6117;204;-24
6118;204;-28
6119;204;-24
6120;204;-24
6121;200;-24
6122;204;-24
6123;208;-20
6124;208;-20
6125;204;-16
6126;200;-12
6127;208;-12
6128;208;-12
6129;204;-8
6130;204;-4
6131;208;0
6132;208;0
6133;200;4
6134;208;4
6135;204;4
6136;208;8
6137;204;12
6138;204;12
6139;204;12
6140;204;12
6141;204;12
6142;204;12
6143;204;12
6144;204;12
6145;204;12
6146;204;12
6147;200;12
6148;204;12
6149;204;8
6150;204;8
6151;200;8
6152;204;8
6153;204;8
6154;188;8
6155;200;4
6156;200;8
6157;200;4
6158;200;4
6159;196;4
6160;200;4
6161;208;4
6162;196;4
6163;196;4
6164;192;4
6165;196;0
6166;196;4
6167;192;0
6168;192;0
6169;192;0
6170;192;0
6171;188;0
6172;188;0
6173;188;0
6174;188;0
6175;188;0
6176;184;4
6177;184;0
6178;184;0
6179;184;0
6180;180;0
6181;180;0
6182;176;0
6183;180;0
6184;176;0
6185;176;-4
6186;176;-4
6187;172;-4
6188;176;-8
6189;164;-8
6190;172;-8
6191;168;-12
6192;168;-12
6193;168;-20
6194;164;-16
6195;168;-16
6196;148;-20
6197;160;-20
6198;160;-24
6199;160;-24
6200;156;-24
6201;156;-24
6202;156;-24
6203;164;-24
6204;152;-24
6205;152;-24
6206;152;-24
6207;148;-20
6208;156;-16
6209;144;-12
6210;144;-8
6211;144;-8
6212;140;-4
6213;140;0
6214;136;0
6215;136;4
6216;136;8
6217;136;12
6218;132;8
6219;132;8
6220;132;12
6221;128;12
6222;120;12
6223;124;12
6224;124;12
6225;120;12
6226;120;12
6227;120;12
6228;116;12
6229;116;12
6230;112;8
6231;112;8
6232;108;8
6233;108;8
6234;108;8
6235;104;8
6236;92;8
6237;100;4
6238;100;0
6239;96;4
6240;92;4
6241;96;4
6242;92;0
6243;96;4
6244;88;4
6245;84;4
6246;84;4
6247;80;4
6248;80;4
6249;80;4
6250;80;4
6251;72;8
6252;72;8
6253;72;8
6254;68;4
6255;68;4
6256;64;4
6257;68;0
6258;64;0
6259;60;-4
6260;60;-4
6261;56;-8
6262;56;-8
6263;52;-12
6264;56;-12
6265;48;-12
6266;44;-16
6267;44;-16
6268;44;-16
6269;40;-16
6270;36;-20
6271;44;-20
6272;36;-20
6273;32;-20
6274;28;-20
6275;28;-20
6276;20;-16
6277;24;-16
6278;4;-12
6279;20;-8
6280;16;-8
6281;16;-8
6282;12;-4
6283;4;0
6284;8;0
6285;0;4
6286;4;8
6287;0;8
6288;0;12
6289;0;12
6290;-4;12
6291;-4;16
6292;-8;16
6293;-8;16
6294;-8;16
6295;-16;20
6296;-16;20
6297;-20;20
6298;-20;20
6299;-20;16
6300;-24;20
6301;-24;16
6302;-28;16
6303;-32;16
6304;-32;16
6305;-32;16
6306;-32;16
6307;-36;16
6308;-40;12
6309;-44;12
6310;-44;12
6311;-56;12
6312;-48;12
6313;-48;12
6314;-52;12
6315;-52;8
6316;-56;8
6317;-60;8
6318;-44;12
6319;-60;8
6320;-64;12
6321;-64;8
6322;-64;8
6323;-68;8
6324;-68;8
6325;-72;8
6326;-76;8
6327;-76;8
6328;-80;8
6329;-80;8
6330;-84;8
6331;-84;8
6332;-84;8
6333;-84;8
6334;-88;8
6335;-92;8
6336;-92;8
6337;-92;4
6338;-96;4
6339;-104;4
6340;-100;4
6341;-100;4
6342;-104;0
6343;-104;0
6344;-108;0
6345;-108;-4
6346;-120;-4
6347;-112;-4
6348;-116;-8
6349;-116;-8
6350;-116;-12
6351;-120;-12
6352;-120;-16
6353;-128;-16
6354;-124;-16
6355;-124;-16
6356;-128;-16
6357;-132;-16
6358;-128;-20
6359;-132;-20
6360;-116;-20
6361;-136;-20
6362;-136;-20
6363;-140;-16
6364;-140;-16
6365;-136;-12
6366;-140;-8
6367;-148;-8
6368;-148;-4
6369;-148;-4
6370;-148;0
6371;-148;4
6372;-156;4
6373;-152;8
6374;-152;8
6375;-152;12
6376;-156;16
6377;-160;12
6378;-160;16
6379;-160;16
6380;-160;16
6381;-160;16
6382;-164;16
6383;-164;20
6384;-164;20
6385;-164;16
6386;-164;20
6387;-168;20
6388;-172;16
6389;-168;16
6390;-172;16
6391;-172;16
6392;-172;16
6393;-180;16
6394;-176;12
6395;-176;12
6396;-180;12
6397;-176;12
6398;-180;12
6399;-180;12
6400;-188;12
6401;-180;8
6402;-184;12
6403;-184;8
6404;-184;8
6405;-188;8
6406;-188;8
6407;-188;8
6408;-188;8
6409;-188;8
6410;-188;8
6411;-188;8
6412;-188;8
6413;-192;8
6414;-184;8
6415;-192;4
6416;-188;8
6417;-192;4
6418;-192;8
6419;-192;8
6420;-196;4
6421;-192;8
6422;-192;4
6423;-196;4
6424;-196;4
6425;-196;4
6426;-196;4
6427;-196;4
6428;-188;4
6429;-196;4
6430;-196;4
6431;-196;8
6432;-196;4
6433;-204;4
6434;-200;4
6435;-212;8
6436;-196;4
6437;-200;4
6438;-196;4
6439;-196;4
6440;-208;0
6441;-200;0
6442;-204;-4
6443;-196;-8
6444;-200;-8
6445;-196;-8
6446;-196;-12
6447;-196;-12
6448;-196;-16
6449;-200;-16
6450;-196;-16
6451;-196;-20
6452;-196;-16
6453;-196;-20
6454;-192;-20
6455;-192;-20
6456;-196;-16
6457;-196;-20
6458;-196;-16
6459;-192;-4
6460;-192;-4
6461;-192;0
6462;-192;4
6463;-188;4
6464;-192;8
6465;-188;12
6466;-188;12
6467;-188;16
6468;-184;16
6469;-188;20
6470;-184;24
6471;-184;24
6472;-184;24
6473;-180;28
6474;-184;28
6475;-172;28
6476;-180;28
6477;-176;28
6478;-176;32
6479;-180;28
6480;-176;28
6481;-172;28
6482;-176;28
6483;-172;28
6484;-172;28
6485;-168;28
6486;-168;28
6487;-168;28
6488;-168;24
6489;-168;24
6490;-164;24
6491;-164;24
6492;-164;24
6493;-160;24
6494;-160;24
6495;-160;20
6496;-160;24
6497;-160;20
6498;-156;24
6499;-156;20
6500;-156;20
6501;-152;20
6502;-152;20
6503;-160;20
6504;-144;20
6505;-148;20
6506;-144;20
6507;-148;20
6508;-140;20
6509;-140;16
6510;-124;16
6511;-136;20
6512;-136;20
6513;-136;20
6514;-136;20
6515;-132;20
6516;-128;20
6517;-116;20
6518;-128;16
6519;-124;16
6520;-124;16
6521;-120;16
6522;-120;16
6523;-116;12
6524;-116;12
6525;-112;8
6526;-112;4
6527;-112;4
6528;-108;0
6529;-112;0
6530;-104;0
6531;-100;0
6532;-100;-4
6533;-96;-4
6534;-96;-4
6535;-96;-8
6536;-96;-8
6537;-92;-8
6538;-88;-8
6539;-88;-8
6540;-88;-8
6541;-84;-4
6542;-84;-4
6543;-80;-4
6544;-80;4
6545;-72;4
6546;-72;4
6547;-72;4
6548;-68;8
6549;-68;12
6550;-80;12
6551;-64;16
6552;-60;20
6553;-60;20
6554;-56;24
6555;-56;28
6556;-56;24
6557;-48;28
6558;-52;28
6559;-48;28
6560;-48;28
6561;-44;28
6562;-40;32
6563;-40;28
6564;-40;32
6565;-36;32
6566;-32;28
6567;-32;28
6568;-28;28
6569;-28;28
6570;-24;28
6571;-20;28
6572;-20;24
6573;-20;24
6574;-20;24
6575;-16;24
6576;-8;20
6577;-12;24
6578;-12;24
6579;-8;20
6580;-4;20
6581;-4;20
6582;0;20
6583;0;20
6584;4;20
6585;-4;20
6586;8;20
6587;8;20
6588;12;20
6589;12;20
6590;16;20
6591;16;20
6592;16;20
6593;24;20
6594;24;20
6595;28;20
6596;28;16
6597;32;20
6598;32;20
6599;56;20
6600;36;20
6601;40;20
6602;40;20
6603;44;16
6604;52;16
6605;48;16
6606;48;16
6607;48;16
6608;52;16
6609;52;16
6610;56;16
6611;52;16
6612;60;12
6613;60;12
6614;64;8
6615;64;8
6616;68;4
6617;68;4
6618;72;4
6619;72;4
6620;76;0
6621;76;0
6622;76;-4
6623;84;-4
6624;84;-4
6625;88;-4
6626;84;-8
6627;88;-8
6628;92;-8
6629;92;-8
6630;92;-8
6631;96;-4
6632;104;-4
6633;100;-4
6634;100;0
6635;100;4
6636;104;8
6637;104;12
6638;108;16
6639;104;20
6640;116;20
6641;112;24
6642;116;28
6643;116;28
6644;116;28
6645;120;28
6646;116;28
6647;124;32
6648;124;32
6649;128;32
6650;128;28
6651;132;32
6652;132;28
6653;136;28
6654;136;28
6655;136;24
6656;140;28
6657;140;24
6658;144;24
6659;144;24
6660;148;24
6661;144;24
6662;148;24
6663;148;24
6664;148;24
6665;152;24
6666;152;24
6667;172;24
6668;156;0
6669;156;0
6670;160;-4
6671;160;0
6672;160;-4
6673;164;-4
6674;160;-8
6675;164;-8
6676;164;-12
6677;164;-12
6678;168;-16
6679;160;-16
6680;168;-20
6681;172;-20
6682;172;-20
6683;176;-24
6684;176;-24
6685;176;-24
6686;172;-28
6687;180;-24
6688;176;-28
6689;176;-28
6690;180;-28
6691;180;-28
6692;180;-28
6693;184;-28
6694;184;-24
6695;188;-24
6696;184;-24
6697;188;-20
6698;188;-16
6699;188;-16
6700;188;-12
6701;188;-12
6702;192;-8
6703;192;-4
6704;192;-4
6705;192;-4
6706;196;0
6707;184;4
6708;196;4
6709;200;4
6710;196;8
6711;196;8
6712;200;4
6713;196;4
6714;208;8
6715;200;8
6716;196;8
6717;200;8
6718;200;8
6719;200;8
6720;200;4
6721;204;4
6722;204;4
6723;200;4
6724;200;4
6725;204;4
6726;204;0
6727;204;0
6728;208;0
6729;204;0
6730;204;0
6731;204;-4
6732;208;0
6733;208;-4
6734;204;0
6735;204;0
6736;204;-4
6737;204;0
6738;208;-4
6739;208;-4
6740;204;-4
6741;204;-4
6742;196;-4
6743;204;-4
6744;208;-4
6745;204;-4
6746;204;-4
6747;208;-4
6748;204;-8
6749;192;-4
6750;208;-4
6751;204;-8
6752;208;-4
6753;204;-4
6754;204;-8
6755;204;-4
6756;224;-4
6757;204;-8
6758;204;-8
6759;204;-4
6760;204;-8
6761;208;-8
6762;200;-8
6763;200;-8
6764;200;-8
6765;200;-12
6766;196;-12
6767;200;-16
6768;196;-16
6769;200;-20
6770;200;-20
6771;196;-20
6772;200;-24
6773;192;-24
6774;196;-28
6775;192;-24
6776;192;-28
6777;192;-28
6778;192;-32
6779;192;-32
6780;192;-32
6781;192;-28
6782;192;-28
6783;188;-28
6784;188;-28
6785;188;-24
6786;184;-20
6787;184;-20
6788;184;-20
6789;180;-16
6790;184;-16
6791;180;-12
6792;180;-8
6793;176;-8
6794;176;-4
6795;176;-4
6796;168;0
6797;176;4
6798;172;4
6799;172;4
6800;168;8
6801;172;8
6802;172;8
6803;164;8
6804;168;8
6805;168;8
6806;160;8
6807;164;4
6808;164;4
6809;160;8
6810;164;4
6811;156;4
6812;156;4
6813;156;4
6814;156;0
6815;156;4
6816;148;0
6817;152;0
6818;148;0
6819;148;0
6820;148;0
6821;144;0
6822;144;-4
6823;140;0
6824;152;0
6825;140;-4
6826;132;0
6827;136;-4
6828;136;-4
6829;128;-4
6830;132;-4
6831;116;-4
6832;128;-4
6833;124;-4
6834;124;-4
6835;124;-4
6836;116;-4
6837;124;-4
6838;112;-8
6839;116;-4
6840;116;-8
6841;112;-8
6842;112;-4
6843;116;-4
6844;108;-4
6845;104;-4
6846;108;-4
6847;104;-4
6848;104;-8
6849;100;-4
6850;100;-8
6851;96;-8
6852;96;-8
6853;92;-8
6854;92;-8
6855;88;-8
6856;84;-8
6857;88;-12
6858;84;-12
6859;80;-12
6860;80;-16
6861;80;-16
6862;76;-20
6863;72;-20
6864;68;-24
6865;72;-24
6866;68;-24
6867;68;-28
6868;64;-28
6869;64;-28
6870;60;-28
6871;60;-28
6872;56;-32
6873;56;-28
6874;52;-28
6875;52;-28
6876;48;-12
6877;44;-12
6878;48;-8
6879;44;-8
6880;44;-4
6881;40;0
6882;36;0
6883;36;4
6884;32;4
6885;28;8
6886;28;8
6887;28;12
6888;24;12
6889;24;12
6890;24;16
6891;20;20
6892;20;20
6893;12;20
6894;12;20
6895;12;20
6896;8;20
6897;12;20
6898;4;20
6899;8;20
6900;0;20
6901;0;20
6902;0;16
6903;-4;20
6904;-4;20
6905;-8;20
6906;4;16
6907;-16;16
6908;-16;16
6909;-16;16
6910;-16;12
6911;-24;12
6912;-20;16
6913;-28;12
6914;-28;12
6915;-28;12
6916;-32;12
6917;-32;12
6918;-44;12
6919;-36;12
6920;-36;12
6921;-44;12
6922;-44;12
6923;-44;8
6924;-44;12
6925;-52;12
6926;-48;12
6927;-52;12
6928;-56;8
6929;-56;8
6930;-60;8
6931;-60;8
6932;-60;12
6933;-64;12
6934;-68;8
6935;-68;8
6936;-68;8
6937;-72;8
6938;-72;8
6939;-76;8
6940;-76;8
6941;-80;4
6942;-80;8
6943;-80;4
6944;-84;4
6945;-84;0
6946;-100;0
6947;-84;-4
6948;-92;-4
6949;-92;-8
6950;-96;-8
6951;-100;-8
6952;-100;-12
6953;-92;-12
6954;-104;-16
6955;-104;-12
6956;-104;-12
6957;-108;-16
6958;-104;-16
6959;-112;-16
6960;-108;-16
6961;-116;-16
6962;-112;-16
6963;-120;-12
6964;-120;-8
6965;-124;-8
6966;-124;-4
6967;-120;0
6968;-128;0
6969;-128;4
6970;-128;8
6971;-128;12
6972;-132;12
6973;-136;16
6974;-140;16
6975;-136;20
6976;-140;20
6977;-136;20
6978;-140;20
6979;-144;20
6980;-144;20
6981;-156;20
6982;-148;20
6983;-144;16
6984;-148;20
6985;-152;20
6986;-152;20
6987;-152;20
6988;-168;20
6989;-156;16
6990;-156;16
6991;-156;16
6992;-160;16
6993;-160;12
6994;-160;12
6995;-144;12
6996;-164;12
6997;-164;12
6998;-168;12
6999;-168;12
7000;-160;12
7001;-168;12
7002;-168;12
7003;-168;12
7004;-172;12
7005;-172;12
7006;-172;12
7007;-176;12
7008;-176;12
7009;-176;12
7010;-176;12
7011;-176;8
7012;-180;8
7013;-180;12
7014;-180;12
7015;-180;8
7016;-180;12
7017;-184;8
7018;-184;12
7019;-184;8
7020;-184;12
7021;-180;12
7022;-184;8
7023;-184;4
7024;-188;8
7025;-188;4
7026;-188;4
7027;-188;4
7028;-192;0
7029;-188;0
7030;-188;0
7031;-188;-4
7032;-192;-4
7033;-192;-8
7034;-192;-12
7035;-204;-8
7036;-196;-12
7037;-192;-12
7038;-192;-12
7039;-196;-16
7040;-196;-16
7041;-192;-16
7042;-200;-16
7043;-196;-16
7044;-196;-16
7045;-196;-16
7046;-196;-12
7047;-192;-12
7048;-196;-8
7049;-192;-4
7050;-196;0
7051;-196;4
7052;-196;4
7053;-196;8
7054;-192;12
7055;-196;12
7056;-192;16
7057;-196;16
7058;-200;20
7059;-196;20
7060;-196;20
7061;-192;20
7062;-196;20
7063;-176;20
7064;-192;24
7065;-196;20
7066;-196;20
7067;-196;20
7068;-196;20
7069;-192;16
7070;-192;20
7071;-192;16
7072;-188;16
7073;-192;16
7074;-188;12
7075;-196;16
7076;-188;16
7077;-184;16
7078;-188;12
7079;-188;12
7080;-184;12
7081;-188;12
7082;-188;12
7083;-184;12
7084;-184;12
7085;-180;24
7086;-180;24
7087;-180;24
7088;-180;20
7089;-176;20
7090;-176;20
7091;-176;16
7092;-176;12
7093;-176;12
7094;-172;8
7095;-172;12
7096;-172;8
7097;-168;4
7098;-168;4
7099;-168;0
7100;-168;0
7101;-164;0
7102;-164;-4
7103;-172;-4
7104;-160;-4
7105;-160;-4
7106;-160;-8
7107;-160;-8
7108;-160;-4
7109;-156;-4
7110;-140;-4
7111;-152;0
7112;-152;4
7113;-148;4
7114;-148;4
7115;-148;8
7116;-148;12
7117;-148;12
7118;-144;16
7119;-140;16
7120;-140;24
7121;-140;24
7122;-140;28
7123;-136;28
7124;-132;28
7125;-136;32
7126;-132;32
7127;-132;32
7128;-128;32
7129;-124;32
7130;-124;32
7131;-128;36
7132;-124;32
7133;-120;32
7134;-116;32
7135;-116;28
7136;-116;32
7137;-116;32
7138;-124;32
7139;-108;32
7140;-108;28
7141;-104;28
7142;-104;28
7143;-100;24
7144;-100;24
7145;-104;24
7146;-96;24
7147;-96;24
7148;-92;24
7149;-92;28
7150;-88;24
7151;-88;24
7152;-68;20
7153;-84;24
7154;-84;24
7155;-80;24
7156;-80;24
7157;-72;24
7158;-76;20
7159;-72;20
7160;-68;20
7161;-68;20
7162;-68;24
7163;-64;20
7164;-68;24
7165;-60;20
7166;-60;20
7167;-56;20
7168;-56;20
7169;-52;20
7170;-48;20
7171;-48;20
7172;-44;20
7173;-44;20
7174;-44;20
7175;-40;20
7176;-40;20
7177;-36;20
7178;-36;20
7179;-32;20
7180;-32;20
7181;-28;16
7182;-28;16
7183;-24;16
7184;-24;16
7185;-32;12
7186;-20;12
7187;-16;8
7188;-16;8
7189;-12;8
7190;-12;4
7191;-8;4
7192;4;0
7193;-4;-4
7194;-4;0
7195;0;0
7196;4;-4
7197;8;-4
7198;8;-4
7199;8;-4
7200;8;-8
7201;12;-4
7202;16;-8
7203;16;-4
7204;16;-4
7205;20;-4
7206;32;0
7207;24;0
7208;24;4
7209;28;8
7210;28;12
7211;36;12
7212;32;16
7213;40;16
7214;40;20
7215;40;20
7216;44;24
7217;48;28
7218;48;28
7219;48;32
7220;52;32
7221;52;32
7222;56;32
7223;56;32
7224;60;32
7225;60;28
7226;64;32
7227;44;32
7228;68;32
7229;68;32
7230;68;32
7231;72;32
7232;64;28
7233;76;28
7234;68;28
7235;80;28
7236;84;28
7237;84;28
7238;84;28
7239;84;28
7240;88;24
7241;92;24
7242;92;24
7243;96;24
7244;96;24
7245;96;24
7246;104;24
7247;104;24
7248;104;24
7249;104;20
7250;108;24
7251;108;24
7252;108;20
7253;112;20
7254;116;20
7255;116;20
7256;116;20
7257;120;20
7258;120;20
7259;120;20
7260;116;20
7261;128;20
7262;128;20
7263;128;20
7264;128;20
7265;132;20
7266;132;20
7267;144;20
7268;136;20
7269;140;20
7270;140;20
7271;140;20
7272;140;20
7273;144;20
7274;148;20
7275;148;16
7276;148;16
7277;152;16
7278;152;12
7279;152;16
7280;156;12
7281;156;8
7282;156;8
7283;156;4
7284;160;4
7285;156;0
7286;164;0
7287;164;4
7288;160;-4
7289;168;-4
7290;168;0
7291;172;-4
7292;172;-4
7293;168;-24
7294;172;-28
7295;160;-28
7296;172;-28
7297;176;-24
7298;176;-24
7299;176;-20
7300;180;-20
7301;176;-20
7302;176;-12
7303;180;-12
7304;184;-8
7305;184;-8
7306;184;-8
7307;188;-4
7308;188;0
7309;204;0
7310;188;4
7311;188;8
7312;188;8
7313;192;8
7314;196;8
7315;192;8
7316;188;12
7317;192;12
7318;192;12
7319;196;12
7320;196;12
7321;192;8
7322;200;12
7323;196;8
7324;196;8
7325;196;8
7326;200;8
7327;200;4
7328;200;8
7329;200;8
7330;200;8
7331;200;4
7332;200;4
7333;200;4
7334;204;4
7335;208;4
7336;204;4
7337;204;4
7338;204;4
7339;204;0
7340;204;0
7341;204;-4
7342;204;0
7343;204;0
7344;204;0
7345;204;0
7346;204;0
7347;204;0
7348;208;0
7349;200;0
7350;208;-4
7351;204;0
7352;208;0
7353;208;0
7354;208;0
7355;204;0
7356;204;-4
7357;208;-4
7358;204;-4
7359;208;-4
7360;208;-8
7361;204;-8
7362;204;-12
7363;208;-12
7364;208;-12
7365;204;-16
7366;208;-20
7367;204;-16
7368;208;-20
7369;204;-24
7370;208;-24
7371;204;-24
7372;204;-24
7373;204;-28
7374;204;-24
7375;204;-28
7376;200;-24
7377;216;-24
7378;204;-24
7379;200;-24
7380;200;-20
7381;200;-20
7382;196;-20
7383;200;-16
7384;192;-12
7385;200;-8
7386;196;-8
7387;196;-8
7388;196;-4
7389;188;0
7390;192;4
7391;192;4
7392;192;8
7393;192;8
7394;192;8
7395;192;8
7396;184;8
7397;188;8
7398;184;12
7399;184;12
7400;188;12
7401;184;8
7402;184;12
7403;180;8
7404;180;12
7405;184;8
7406;180;8
7407;180;8
7408;180;8
7409;180;8
7410;180;4
7411;176;8
7412;176;4
7413;172;4
7414;172;4
7415;172;4
7416;168;4
7417;160;4
7418;168;4
7419;168;0
7420;164;0
7421;164;0
7422;160;4
7423;160;4
7424;172;0
7425;160;0
7426;156;0
7427;152;0
7428;156;0
7429;152;0
7430;152;0
7431;152;0
7432;148;0
7433;148;-4
7434;144;-4
7435;144;-4
7436;144;0
7437;140;0
7438;140;-4
7439;140;-4
7440;136;0
7441;140;0
7442;132;-4
7443;136;0
7444;132;-4
7445;124;-4
7446;128;-4
7447;128;-4
7448;124;-4
7449;120;0
7450;120;-4
7451;120;-4
7452;108;-4
7453;116;-4
7454;112;-4
7455;112;-8
7456;108;-8
7457;112;-12
7458;104;-12
7459;104;-12
7460;104;-16
7461;104;-16
7462;100;-16
7463;96;-20
7464;100;-20
7465;96;-20
7466;108;-24
7467;88;-28
7468;88;-24
7469;84;-24
7470;84;-28
7471;84;-28
7472;80;-28
7473;80;-24
7474;76;-24
7475;76;-24
7476;76;-20
7477;72;-20
7478;64;-16
7479;68;-16
7480;68;-12
7481;64;-8
7482;64;-8
7483;60;-4
7484;56;-4
7485;56;0
7486;56;4
7487;52;4
7488;52;4
7489;48;8
7490;48;8
7491;44;8
7492;48;12
7493;40;8
7494;40;8
7495;36;12
7496;36;12
7497;32;12
7498;32;12
7499;24;12
7500;28;12
7501;24;24
7502;24;24
7503;20;24
7504;20;20
7505;16;20
7506;8;20
7507;12;20
7508;12;20
7509;8;20
7510;8;20
7511;8;16
7512;4;16
7513;0;16
7514;0;16
7515;-4;16
7516;-4;16
7517;-8;16
7518;-8;16
7519;-12;16
7520;-4;16
7521;-16;12
7522;-16;16
7523;-20;16
7524;-20;16
7525;-20;16
7526;-24;12
7527;-20;12
7528;-28;12
7529;-28;16
7530;-32;12
7531;-36;12
7532;-36;12
7533;-40;12
7534;-44;12
7535;-40;12
7536;-44;12
7537;-48;12
7538;-48;12
7539;-48;12
7540;-52;12
7541;-76;12
7542;-56;8
7543;-56;8
7544;-60;4
7545;-60;4
7546;-60;0
7547;-64;-4
7548;-68;-4
7549;-68;-8
7550;-72;-8
7551;-76;-8
7552;-76;-8
7553;-68;-12
7554;-80;-12
7555;-76;-12
7556;-84;-12
7557;-84;-12
7558;-88;-12
7559;-88;-12
7560;-92;-12
7561;-92;-8
7562;-96;-8
7563;-96;-8
7564;-96;-4
7565;-100;4
7566;-100;4
7567;-100;12
7568;-104;12
7569;-108;12
7570;-108;20
7571;-112;20
7572;-112;20
7573;-112;24
7574;-112;20
7575;-120;24
7576;-120;24
7577;-120;28
7578;-124;28
7579;-124;24
7580;-124;24
7581;-116;24
7582;-128;24
7583;-128;24
7584;-128;24
7585;-132;20
7586;-136;20
7587;-136;20
7588;-140;20
7589;-140;16
7590;-140;16
7591;-144;16
7592;-144;20
7593;-144;16
7594;-148;16
7595;-152;16
7596;-148;20
7597;-148;16
7598;-148;16
7599;-152;12
7600;-152;12
7601;-156;16
7602;-156;12
7603;-156;12
7604;-156;16
7605;-160;16
7606;-160;12
7607;-160;16
7608;-164;16
7609;-164;12
7610;-164;12
7611;-168;12
7612;-168;12
7613;-172;12
7614;-164;16
7615;-168;16
7616;-148;12
7617;-172;12
7618;-172;12
7619;-176;12
7620;-176;12
7621;-176;16
7622;-180;12
7623;-176;12
7624;-176;12
7625;-180;12
7626;-180;12
7627;-180;12
7628;-188;8
7629;-180;4
7630;-184;4
7631;-184;4
7632;-188;4
7633;-184;0
7634;-188;-4
7635;-192;-4
7636;-188;-8
7637;-188;-8
7638;-188;-8
7639;-188;-8
7640;-188;-12
7641;-188;-12
7642;-192;-12
7643;-192;-12
7644;-192;-12
7645;-192;-12
7646;-192;-12
7647;-192;-12
7648;-192;-8
7649;-196;-8
7650;-192;-4
7651;-196;0
7652;-192;0
7653;-196;4
7654;-192;4
7655;-196;8
7656;-208;8
7657;-192;12
7658;-196;16
7659;-196;16
7660;-196;20
7661;-192;20
7662;-196;24
7663;-184;20
7664;-196;24
7665;-196;24
7666;-192;24
7667;-196;24
7668;-196;24
7669;-196;24
7670;-196;24
7671;-192;24
7672;-196;24
7673;-196;24
7674;-196;24
7675;-196;24
7676;-192;20
7677;-192;20
7678;-196;20
7679;-192;20
7680;-192;20
7681;-192;16
7682;-192;20
7683;-192;16
7684;-196;16
7685;-192;20
7686;-188;16
7687;-192;16
7688;-188;20
7689;-188;16
7690;-188;16
7691;-196;12
7692;-184;16
7693;-184;12
7694;-180;12
7695;-180;12
7696;-180;12
7697;-180;12
7698;-188;12
7699;-180;12
7700;-180;12
7701;-180;12
7702;-176;12
7703;-176;16
7704;-176;12
7705;-156;16
7706;-172;16
7707;-172;16
7708;-172;12
7709;-172;28
7710;-164;24
7711;-168;20
7712;-168;20
7713;-164;20
7714;-164;20
7715;-160;20
7716;-164;16
7717;-164;12
7718;-160;12
7719;-156;12
7720;-156;8
7721;-156;8
7722;-156;4
7723;-152;4
7724;-152;4
7725;-152;0
7726;-148;0
7727;-148;0
7728;-144;0
7729;-144;0
7730;-144;-4
7731;-140;-4
7732;-140;0
7733;-140;-4
7734;-136;0
7735;-136;0
7736;-136;4
7737;-132;4
7738;-136;8
7739;-128;8
7740;-128;12
7741;-124;16
7742;-124;16
7743;-120;16
7744;-124;24
7745;-128;24
7746;-116;28
7747;-116;28
7748;-116;32
7749;-112;32
7750;-108;32
7751;-108;32
7752;-108;32
7753;-104;36
7754;-108;36
7755;-104;36
7756;-100;36
7757;-96;36
7758;-96;32
7759;-88;32
7760;-92;36
7761;-92;32
7762;-88;32
7763;-84;32
7764;-84;32
7765;-80;32
7766;-80;32
7767;-80;32
7768;-76;32
7769;-76;32
7770;-72;28
7771;-72;28
7772;-68;24
7773;-56;28
7774;-68;28
7775;-60;28
7776;-60;24
7777;-60;24
7778;-60;24
7779;-56;24
7780;-64;24
7781;-52;24
7782;-48;24
7783;-48;24
7784;-48;24
7785;-52;24
7786;-40;24
7787;-48;20
7788;-40;20
7789;-36;24
7790;-32;24
7791;-28;20
7792;-24;24
7793;-28;20
7794;-24;20
7795;-20;24
7796;-20;24
7797;-20;24
7798;-16;24
7799;-12;24
7800;-12;20
7801;-8;20
7802;-8;20
7803;-8;20
7804;-4;20
7805;0;20
7806;0;20
7807;4;20
7808;4;16
7809;4;16
7810;8;12
7811;12;8
7812;12;8
7813;16;8
7814;16;4
7815;16;4
7816;20;0
7817;24;4
7818;24;0
7819;28;0
7820;40;0
7821;32;0
7822;32;-4
7823;36;-4
7824;36;-4
7825;40;-4
7826;40;-4
7827;40;0
7828;44;4
7829;44;8
7830;52;8
7831;52;8
7832;52;16
7833;56;20
7834;56;24
7835;60;24
7836;60;28
7837;64;32
7838;64;32
7839;68;32
7840;68;32
7841;68;32
7842;72;32
7843;76;32
7844;76;36
7845;76;36
7846;80;36
7847;80;32
7848;88;36
7849;84;32
7850;84;32
7851;92;32
7852;92;32
7853;92;32
7854;96;32
7855;116;32
7856;96;28
7857;100;28
7858;100;28
7859;100;28
7860;104;28
7861;104;24
7862;104;24
7863;108;28
7864;112;24
7865;116;24
7866;116;24
7867;108;24
7868;116;24
7869;120;24
7870;120;24
7871;124;24
7872;124;24
7873;128;24
7874;120;24
7875;128;20
7876;132;24
7877;132;24
7878;136;24
7879;132;24
7880;136;20
7881;136;20
7882;140;24
7883;140;24
7884;140;24
7885;144;24
7886;148;24
7887;144;20
7888;148;20
7889;148;20
7890;148;20
7891;152;20
7892;156;16
7893;156;16
7894;160;16
7895;148;12
7896;160;12
7897;160;8
7898;160;8
7899;164;8
7900;164;4
7901;168;4
7902;168;0
7903;168;0
7904;168;-4
7905;168;-4
7906;172;-4
7907;176;-4
7908;176;-4
7909;180;-4
7910;176;-4
7911;176;0
7912;180;4
7913;180;8
7914;184;8
7915;180;12
7916;188;16
7917;184;20
7918;184;0
7919;184;4
7920;184;4
7921;192;8
7922;188;12
7923;188;8
7924;184;12
7925;188;12
7926;192;12
7927;192;12
7928;192;12
7929;192;12
7930;192;12
7931;196;12
7932;196;12
7933;196;8
7934;196;12
7935;192;8
7936;196;8
7937;176;8
7938;196;8
7939;200;8
7940;200;8
7941;200;4
7942;196;4
7943;200;4
7944;192;4
7945;204;4
7946;200;4
7947;200;4
7948;200;4
7949;212;0
7950;204;4
7951;204;4
7952;204;4
7953;204;0
7954;204;0
7955;204;0
7956;204;0
7957;204;0
7958;208;0
7959;204;4
7960;204;0
7961;204;0
7962;204;0
7963;204;0
7964;204;0
7965;204;0
7966;208;0
7967;208;0
7968;204;0
7969;204;0
7970;208;0
7971;208;-4
7972;204;0
7973;204;-4
7974;204;-4
7975;204;-8
7976;204;-8
7977;216;-8
7978;204;-12
7979;204;-16
7980;200;-16
7981;204;-16
7982;204;-20
7983;204;-20
7984;200;-20
7985;204;-24
7986;200;-24
7987;200;-24
7988;200;-24
7989;200;-28
7990;200;-24
7991;196;-24
7992;200;-24
7993;200;-24
7994;200;-24
7995;200;-20
7996;200;-20
7997;196;-16
7998;192;-16
7999;196;-12
8000;192;-8
8001;192;-8
8002;196;-4
8003;196;-4
8004;192;0
8005;188;4
8006;192;4
8007;188;8
8008;188;8
8009;188;8
8010;192;12
8011;184;12
8012;204;12
8013;184;12
8014;184;12
8015;184;12
8016;180;12
8017;184;12
8018;180;12
8019;184;12
8020;176;12
8021;176;12
8022;176;12
8023;176;8
8024;172;8
8025;168;8
8026;172;4
8027;172;8
8028;168;4
8029;168;4
8030;168;4
8031;156;4
8032;164;4
8033;164;4
8034;160;4
8035;160;4
8036;160;4
8037;160;0
8038;152;0
8039;152;0
8040;156;0
8041;152;4
8042;152;0
8043;148;0
8044;148;0
8045;148;0
8046;144;0
8047;144;0
8048;140;0
8049;140;0
8050;140;0
8051;140;-4
8052;124;0
8053;136;4
8054;132;-4
8055;132;0
8056;128;0
8057;132;0
8058;128;0
8059;128;0
8060;124;0
8061;120;0
8062;120;0
8063;120;0
8064;116;0
8065;116;0
8066;116;0
8067;112;-4
8068;112;0
8069;108;-4
8070;108;-4
8071;108;-4
8072;104;-4
8073;108;-8
8074;100;-8
8075;100;-12
8076;96;-12
8077;92;-12
8078;92;-16
8079;88;-20
8080;92;-20
8081;88;-20
8082;84;-20
8083;80;-20
8084;80;-20
8085;76;-24
8086;80;-24
8087;76;-24
8088;76;-28
8089;72;-24
8090;68;-24
8091;68;-24
8092;64;-24
8093;64;-20
8094;40;-20
8095;60;-12
8096;60;-12
8097;56;-8
8098;56;-4
8099;48;-4
8100;48;0
8101;40;8
8102;48;8
8103;44;12
8104;44;12
8105;40;12
8106;48;12
8107;36;12
8108;32;12
8109;36;12
8110;28;12
8111;28;12
8112;28;12
8113;28;12
8114;24;8
8115;20;8
8116;20;8
8117;16;8
8118;12;8
8119;12;8
8120;12;8
8121;8;8
8122;8;8
8123;4;8
8124;4;8
8125;0;4
8126;0;8
8127;0;4
8128;-4;20
8129;-8;16
8130;-8;16
8131;-12;16
8132;-12;16
8133;-16;16
8134;-4;12
8135;-16;12
8136;-24;12
8137;-24;8
8138;-24;8
8139;-28;4
8140;-32;4
8141;-32;0
8142;-32;0
8143;-36;-4
8144;-36;-4
8145;-40;-4
8146;-40;-8
8147;-40;-8
8148;-48;-8
8149;-48;-12
8150;-48;-12
8151;-48;-12
8152;-52;-12
8153;-52;-12
8154;-56;-12
8155;-60;-12
8156;-60;-8
8157;-60;-8
8158;-64;-4
8159;-68;-8
8160;-64;0
8161;-68;0
8162;-76;4
8163;-72;8
8164;-76;8
8165;-76;12
8166;-80;12
8167;-80;16
8168;-84;16
8169;-60;20
8170;-88;20
8171;-88;24
8172;-92;24
8173;-88;24
8174;-96;24
8175;-96;28
8176;-96;28
8177;-100;28
8178;-100;28
8179;-104;24
8180;-108;24
8181;-112;24
8182;-108;24
8183;-108;24
8184;-112;20
8185;-116;20
8186;-116;24
8187;-116;20
8188;-120;20
8189;-120;20
8190;-120;20
8191;-124;20
8192;-124;20
8193;-128;20
8194;-132;16
8195;-132;20
8196;-128;16
8197;-132;16
8198;-132;12
8199;-136;12
8200;-136;16
8201;-140;12
8202;-140;12
8203;-140;16
8204;-144;16
8205;-144;12
8206;-148;12
8207;-148;12
8208;-148;16
8209;-160;12
8210;-152;16
8211;-152;12
8212;-156;12
8213;-156;12
8214;-156;16
8215;-156;12
8216;-148;12
8217;-160;12
8218;-160;12
8219;-160;12
8220;-160;12
8221;-164;12
8222;-164;12
8223;-164;8
8224;-168;8
8225;-168;4
8226;-172;4
8227;-172;4
8228;-172;0
8229;-172;0
8230;-168;-4
8231;-176;-4
8232;-176;-8
8233;-176;-8
8234;-180;-8
8235;-180;-12
8236;-180;-12
8237;-184;-12
8238;-180;-12
8239;-180;-12
8240;-184;-12
8241;-184;-12
8242;-184;-12
8243;-184;-8
8244;-192;-8
8245;-184;-4
8246;-188;-4
8247;-188;0
8248;-188;0
8249;-188;0
8250;-188;4
8251;-212;8
8252;-188;12
8253;-192;12
8254;-192;12
8255;-192;20
8256;-192;20
8257;-192;20
8258;-192;24
8259;-192;24
8260;-196;24
8261;-192;24
8262;-196;24
8263;-188;28
8264;-196;24
8265;-196;24
8266;-192;24
8267;-196;24
8268;-196;24
8269;-196;24
8270;-196;20
8271;-196;24
8272;-196;24
8273;-196;24
8274;-196;20
8275;-196;20
8276;-196;20
8277;-196;20
8278;-196;20
8279;-196;20
8280;-196;20
8281;-196;16
8282;-196;16
8283;-196;16
8284;-192;16
8285;-196;16
8286;-196;12
8287;-200;16
8288;-196;16
8289;-196;12
8290;-192;16
8291;-188;12
8292;-192;16
8293;-192;16
8294;-192;12
8295;-192;16
8296;-192;12
8297;-192;12
8298;-196;16
8299;-192;16
8300;-192;12
8301;-188;12
8302;-188;12
8303;-188;12
8304;-188;12
8305;-192;12
8306;-184;16
8307;-184;12
8308;-184;12
8309;-184;12
8310;-180;12
8311;-184;12
8312;-180;12
8313;-180;12
8314;-180;8
8315;-176;8
8316;-180;4
8317;-176;4
8318;-172;4
8319;-176;4
8320;-172;0
8321;-172;-4
8322;-168;-4
8323;-168;-8
8324;-164;-8
8325;-168;-8
8326;-148;-12
8327;-164;-12
8328;-164;-12
8329;-160;-12
8330;-164;-12
8331;-160;-12
8332;-160;-12
8333;-152;-12
8334;-156;-8
8335;-156;-4
8336;-156;0
8337;-152;4
8338;-156;8
8339;-152;8
8340;-148;12
8341;-148;16
8342;-144;20
8343;-144;24
8344;-144;24
8345;-152;24
8346;-140;28
8347;-140;28
8348;-136;28
8349;-132;28
8350;-136;28
8351;-132;28
8352;-132;28
8353;-128;32
8354;-124;28
8355;-124;28
8356;-124;28
8357;-124;28
8358;-120;24
8359;-120;24
8360;-116;28
8361;-116;24
8362;-112;24
8363;-112;20
8364;-112;20
8365;-108;20
8366;-120;24
8367;-104;20
8368;-100;20
8369;-100;24
8370;-100;20
8371;-96;20
8372;-96;20
8373;-84;20
8374;-92;20
8375;-92;20
8376;-88;20
8377;-88;20
8378;-80;20
8379;-80;16
8380;-80;16
8381;-80;20
8382;-72;16
8383;-72;16
8384;-72;16
8385;-68;16
8386;-68;16
8387;-64;16
8388;-64;16
8389;-64;16
8390;-60;20
8391;-60;16
8392;-56;16
8393;-52;16
8394;-52;16
8395;-52;12
8396;-48;8
8397;-44;8
8398;-48;8
8399;-40;4
8400;-40;4
8401;-48;4
8402;-36;0
8403;-36;0
8404;-32;-4
8405;-32;-4
8406;-28;-4
8407;-28;-8
8408;-40;-8
8409;-24;-8
8410;-24;-12
8411;-20;-8
8412;-16;-8
8413;-12;-8
8414;-12;-8
8415;4;-8
8416;-8;-4
8417;-4;-4
8418;-4;0
8419;-4;0
8420;8;4
8421;4;8
8422;4;8
8423;8;12
8424;8;16
8425;12;16
8426;12;20
8427;12;24
8428;16;24
8429;20;24
8430;20;28
8431;24;28
8432;24;28
8433;28;32
8434;28;32
8435;32;28
8436;36;28
8437;36;28
8438;36;28
8439;36;28
8440;40;28
8441;48;28
8442;44;24
8443;44;28
8444;52;24
8445;52;28
8446;52;24
8447;56;24
8448;56;24
8449;60;24
8450;60;20
8451;60;20
8452;68;20
8453;68;20
8454;68;20
8455;60;20
8456;72;16
8457;72;20
8458;76;20
8459;76;20
8460;80;20
8461;80;16
8462;76;20
8463;84;20
8464;88;20
8465;84;16
8466;92;20
8467;96;16
8468;96;16
8469;100;16
8470;100;16
8471;100;16
8472;100;16
8473;104;16
8474;108;16
8475;108;20
8476;112;16
8477;108;16
8478;112;16
8479;116;16
8480;116;16
8481;120;20
8482;120;16
8483;136;16
8484;120;12
8485;124;12
8486;124;12
8487;124;8
8488;128;8
8489;132;4
8490;120;4
8491;132;0
8492;136;0
8493;136;-4
8494;136;-4
8495;136;-8
8496;140;-4
8497;136;-8
8498;144;-8
8499;144;-8
8500;144;-8
8501;148;-12
8502;156;-8
8503;152;-12
8504;152;-8
8505;152;-8
8506;156;-4
8507;156;0
8508;156;0
8509;164;0
8510;160;4
8511;160;8
8512;164;8
8513;164;12
8514;164;12
8515;164;16
8516;168;20
8517;168;24
8518;172;24
8519;172;24
8520;172;28
8521;176;28
8522;176;28
8523;180;28
8524;176;28
8525;176;28
8526;176;28
8527;180;28
8528;180;28
8529;184;28
8530;196;24
8531;184;24
8532;184;28
8533;184;24
8534;188;24
8535;188;24
8536;192;24
8537;188;24
8538;192;20
8539;192;24
8540;192;24
8541;192;20
8542;192;24
8543;192;0
8544;192;0
8545;192;0
8546;200;0
8547;196;0
8548;196;-4
8549;200;-4
8550;196;-4
8551;192;-8
8552;196;-8
8553;200;-12
8554;204;-12
8555;200;-16
8556;200;-20
8557;200;-20
8558;188;-20
8559;200;-20
8560;204;-24
8561;204;-24
8562;204;-28
8563;208;-28
8564;204;-28
8565;208;-28
8566;204;-28
8567;204;-28
8568;204;-28
8569;208;-28
8570;208;-24
8571;204;-24
8572;220;-20
8573;208;-16
8574;208;-16
8575;204;-12
8576;208;-8
8577;212;-8
8578;208;-8
8579;208;-4
8580;204;-4
8581;208;0
8582;204;4
8583;208;4
8584;200;4
8585;204;4
8586;204;8
8587;204;8
8588;204;8
8589;204;8
8590;204;8
8591;204;8
8592;204;4
8593;204;8
8594;208;8
8595;204;4
8596;204;4
8597;204;4
8598;204;4
8599;204;4
8600;204;4
8601;200;4
8602;200;4
8603;200;4
8604;200;0
8605;196;0
8606;196;0
8607;200;0
8608;196;0
8609;200;0
8610;196;0
8611;196;0
8612;188;0
8613;192;-4
8614;192;-4
8615;196;-4
8616;192;0
8617;192;-4
8618;192;-4
8619;184;-4
8620;188;-4
8621;188;-4
8622;188;-4
8623;188;-4
8624;188;-4
8625;184;-4
8626;188;-4
8627;184;-4
8628;184;-4
8629;180;-4
8630;180;-4
8631;180;-4
8632;176;-4
8633;180;-4
8634;176;-4
8635;172;-4
8636;176;-8
8637;176;-4
8638;172;-12
8639;172;-8
8640;184;-12
8641;168;-12
8642;168;-12
8643;164;-16
8644;164;-20
8645;160;-20
8646;164;-20
8647;152;-24
8648;156;-24
8649;160;-28
8650;152;-24
8651;156;-24
8652;148;-28
8653;156;-28
8654;148;-28
8655;148;-28
8656;148;-28
8657;148;-28
8658;148;-24
8659;144;-24
8660;148;-20
8661;144;-16
8662;140;-12
8663;140;-12
8664;136;-8
8665;136;-4
8666;140;0
8667;132;0
8668;132;0
8669;132;4
8670;128;4
8671;124;8
8672;128;8
8673;124;8
8674;120;8
8675;120;8
8676;120;8
8677;116;8
8678;116;4
8679;116;8
8680;104;8
8681;112;4
8682;108;4
8683;104;4
8684;104;4
8685;104;4
8686;100;4
8687;112;0
8688;100;0
8689;96;0
8690;92;0
8691;92;0
8692;88;0
8693;88;0
8694;88;0
8695;84;0
8696;80;0
8697;80;0
8698;80;0
8699;76;0
8700;72;0
8701;72;-4
8702;72;-4
8703;68;-4
8704;64;-4
8705;64;-4
8706;64;-4
8707;60;-4
8708;56;-4
8709;56;-4
8710;56;-4
8711;52;-4
8712;52;-4
8713;48;-4
8714;48;-4
8715;32;-4
8716;44;-4
8717;40;-4
8718;44;-8
8719;36;-8
8720;40;-8
8721;32;-8
8722;24;-12
8723;28;-12
8724;28;-16
8725;24;-16
8726;24;-20
8727;24;-20
8728;20;-20
8729;36;-20
8730;16;-24
8731;12;-24
8732;8;-28
8733;8;-28
8734;12;-28
8735;4;-28
8736;0;-32
8737;0;-28
8738;-4;-28
8739;-4;-28
8740;-4;-24
8741;-12;-24
8742;-8;-24
8743;-8;-20
8744;-12;-20
8745;-12;-16
8746;-20;-12
8747;-20;-8
8748;-24;-8
8749;-24;-4
8750;-24;0
8751;-28;16
8752;-28;20
8753;-32;20
8754;-32;20
8755;-32;24
8756;-36;24
8757;-40;24
8758;-40;24
8759;-44;24
8760;-48;24
8761;-48;24
8762;-56;24
8763;-52;20
8764;-52;24
8765;-52;24
8766;-56;20
8767;-56;24
8768;-60;20
8769;-68;20
8770;-64;20
8771;-68;20
8772;-68;20
8773;-72;20
8774;-72;16
8775;-72;16
8776;-76;16
8777;-80;16
8778;-80;16
8779;-84;12
8780;-84;16
8781;-84;16
8782;-88;16
8783;-84;12
8784;-92;16
8785;-92;16
8786;-92;16
8787;-96;16
8788;-96;12
8789;-100;12
8790;-100;16
8791;-104;16
8792;-104;12
8793;-104;12
8794;-112;12
8795;-112;12
8796;-116;12
8797;-112;12
8798;-116;8
8799;-116;8
8800;-120;8
8801;-120;8
8802;-124;4
8803;-124;4
8804;-152;0
8805;-128;-4
8806;-128;-4
8807;-132;-4
8808;-132;-4
8809;-132;-8
8810;-136;-8
8811;-140;-12
8812;-136;-12
8813;-144;-12
8814;-140;-12
8815;-144;-12
8816;-140;-12
8817;-148;-12
8818;-148;-12
8819;-148;-12
8820;-152;-8
8821;-152;-8
8822;-152;-4
8823;-156;0
8824;-152;4
8825;-156;8
8826;-160;12
8827;-164;12
8828;-160;16
8829;-160;20
8830;-160;20
8831;-164;20
8832;-164;24
8833;-164;24
8834;-168;24
8835;-168;24
8836;-168;24
8837;-164;24
8838;-172;24
8839;-172;24
8840;-172;24
8841;-176;24
8842;-176;20
8843;-172;24
8844;-168;20
8845;-176;20
8846;-176;20
8847;-180;20
8848;-180;20
8849;-180;20
8850;-180;20
8851;-184;20
8852;-184;20
8853;-184;20
8854;-184;16
8855;-184;16
8856;-188;16
8857;-188;16
8858;-188;12
8859;-188;16
8860;-188;12
8861;-188;16
8862;-188;16
8863;-188;16
8864;-188;16
8865;-188;12
8866;-192;16
8867;-188;12
8868;-192;12
8869;-192;12
8870;-192;12
8871;-192;12
8872;-192;12
8873;-196;12
8874;-192;12
8875;-192;12
8876;-196;12
8877;-192;12
8878;-196;12
8879;-176;12
8880;-196;8
8881;-196;12
8882;-196;8
8883;-196;8
8884;-196;8
8885;-196;4
8886;-192;4
8887;-196;0
8888;-196;0
8889;-196;-4
8890;-196;-4
8891;-200;-4
8892;-196;-8
8893;-196;-8
8894;-200;-8
8895;-196;-12
8896;-196;-12
8897;-196;-12
8898;-204;-16
8899;-196;-12
8900;-192;-12
8901;-196;-12
8902;-192;-12
8903;-196;-12
8904;-192;-8
8905;-192;-8
8906;-192;-8
8907;-192;-4
8908;-192;0
8909;-188;4
8910;-192;4
8911;-188;8
8912;-188;8
8913;-188;12
8914;-184;16
8915;-188;16
8916;-184;16
8917;-188;20
8918;-184;20
8919;-196;24
8920;-184;24
8921;-184;24
8922;-180;20
8923;-180;24
8924;-180;24
8925;-176;24
8926;-168;24
8927;-176;24
8928;-176;24
8929;-176;24
8930;-172;24
8931;-172;24
8932;-172;20
8933;-164;20
8934;-172;20
8935;-168;20
8936;-172;20
8937;-164;20
8938;-164;20
8939;-164;20
8940;-156;16
8941;-164;16
8942;-160;16
8943;-160;16
8944;-156;16
8945;-156;16
8946;-156;12
8947;-152;12
8948;-156;12
8949;-152;12
8950;-152;12
8951;-148;12
8952;-148;12
8953;-148;12
8954;-148;16
8955;-144;16
8956;-140;16
8957;-140;16
8958;-140;12
8959;-136;16
8960;-136;16
8961;-156;16
8962;-132;12
8963;-132;16
8964;-128;12
8965;-128;12
8966;-128;12
8967;-124;8
8968;-132;4
8969;-120;8
8970;-120;4
8971;-120;4
8972;-116;0
8973;-108;0
8974;-112;0
8975;-112;-4
8976;-108;-8
8977;-108;-8
8978;-108;-8
8979;-104;-8
8980;-104;-8
8981;-100;-8
8982;-96;-8
8983;-96;-8
8984;-96;-8
8985;-92;-8
8986;-92;-8
8987;-88;-4
8988;-84;-4
8989;-84;0
8990;-84;4
8991;-80;8
8992;-80;8
8993;-76;12
8994;-72;12
8995;-72;16
8996;-72;16
8997;-72;20
8998;-68;20
8999;-64;24
9000;-64;24
9001;-56;28
9002;-60;28
9003;-56;28
9004;-52;28
9005;-52;28
9006;-52;28
9007;-48;28
9008;-52;28
9009;-48;28
9010;-44;28
9011;-40;28
9012;-40;28
9013;-36;24
9014;-36;24
9015;-40;24
9016;-32;24
9017;-28;24
9018;-28;24
9019;-24;24
9020;-20;24
9021;-20;20
9022;-16;20
9023;-16;20
9024;-16;20
9025;-12;20
9026;-12;20
9027;-8;20
9028;-8;20
9029;-4;20
9030;-4;20
9031;0;20
9032;0;20
9033;4;16
9034;8;16
9035;8;20
9036;32;20
9037;12;20
9038;12;16
9039;16;16
9040;16;16
9041;20;16
9042;20;16
9043;28;16
9044;28;16
9045;28;16
9046;28;16
9047;32;16
9048;28;16
9049;36;16
9050;40;16
9051;40;16
9052;44;16
9053;44;12
9054;44;16
9055;44;12
9056;52;12
9057;52;12
9058;52;8
9059;56;8
9060;56;8
9061;60;4
9062;60;4
9063;64;0
9064;64;0
9065;68;-4
9066;72;-4
9067;68;-4
9068;72;-8
9069;76;-8
9070;80;-8
9071;76;-8
9072;80;-8
9073;84;-8
9074;84;-8
9075;88;-8
9076;76;-8
9077;92;-4
9078;92;-4
9079;96;0
9080;96;4
9081;96;8
9082;100;12
9083;112;12
9084;104;16
9085;104;16
9086;104;20
9087;108;24
9088;112;24
9089;112;24
9090;112;28
9091;116;28
9092;116;28
9093;120;28
9094;124;28
9095;120;28
9096;124;28
9097;128;28
9098;128;24
9099;128;28
9100;132;28
9101;132;24
9102;136;24
9103;136;24
9104;128;24
9105;140;24
9106;140;24
9107;140;20
9108;144;24
9109;144;20
9110;144;20
9111;136;20
9112;148;20
9113;148;20
9114;152;20
9115;152;20
9116;156;20
9117;156;20
9118;148;16
9119;160;16
9120;160;16
9121;160;16
9122;160;16
9123;164;16
9124;164;16
9125;184;16
9126;164;16
9127;164;16
9128;168;20
9129;168;16
9130;176;16
9131;172;16
9132;176;16
9133;176;16
9134;176;16
9135;176;12
9136;176;12
9137;172;12
9138;176;8
9139;180;8
9140;184;8
9141;184;8
9142;184;4
9143;184;4
9144;180;0
9145;184;0
9146;188;-4
9147;188;-4
9148;188;-4
9149;188;-4
9150;188;-8
9151;188;-12
9152;192;-8
9153;192;-12
9154;192;-12
9155;192;-8
9156;192;-12
9157;196;-8
9158;184;-8
9159;196;-8
9160;196;-4
9161;196;0
9162;200;0
9163;200;4
9164;200;4
9165;208;12
9166;200;12
9167;200;16
9168;200;0
9169;200;4
9170;204;4
9171;200;4
9172;204;8
9173;204;8
9174;204;8
9175;204;8
9176;204;8
9177;204;12
9178;204;8
9179;212;12
9180;204;8
9181;204;8
9182;204;8
9183;204;8
9184;208;12
9185;204;8
9186;208;8
9187;204;8
9188;208;8
9189;204;8
9190;204;4
9191;204;4
9192;208;0
9193;208;4
9194;208;4
9195;208;0
9196;208;0
9197;204;0
9198;200;0
9199;204;0
9200;184;0
9201;204;0
9202;204;0
9203;204;-4
9204;204;0
9205;196;0
9206;204;0
9207;192;0
9208;204;-4
9209;204;0
9210;204;-4
9211;200;-4
9212;204;0
9213;200;-4
9214;200;0
9215;200;-4
9216;196;0
9217;196;-4
9218;196;-4
9219;200;-4
9220;196;-4
9221;196;-4
9222;196;-8
9223;192;-8
9224;196;-12
9225;192;-12
9226;196;-12
9227;192;-16
9228;192;-16
9229;192;-20
9230;192;-20
9231;188;-20
9232;188;-20
9233;180;-24
9234;184;-24
9235;188;-24
9236;184;-28
9237;184;-28
9238;184;-28
9239;184;-28
9240;196;-24
9241;180;-24
9242;180;-24
9243;180;-20
9244;176;-16
9245;176;-16
9246;176;-12
9247;176;-8
9248;172;-4
9249;172;-4
9250;172;0
9251;172;4
9252;168;4
9253;168;8
9254;164;8
9255;164;8
9256;164;8
9257;164;8
9258;160;8
9259;164;8
9260;160;12
9261;152;8
9262;156;8
9263;156;8
9264;156;8
9265;152;8
9266;152;8
9267;152;8
9268;132;4
9269;148;4
9270;148;4
9271;144;4
9272;148;4
9273;144;4
9274;140;0
9275;144;4
9276;136;0
9277;136;0
9278;132;0
9279;136;0
9280;136;0
9281;128;0
9282;144;0
9283;128;0
9284;124;0
9285;120;0
9286;120;-4
9287;124;0
9288;120;-4
9289;120;0
9290;116;0
9291;112;-4
9292;112;-4
9293;112;0
9294;100;-4
9295;108;-4
9296;104;0
9297;104;0
9298;104;-4
9299;100;-4
9300;96;0
9301;92;-4
9302;96;-4
9303;88;0
9304;88;-4
9305;88;-4
9306;88;-4
9307;84;-4
9308;88;-4
9309;80;-4
9310;76;-8
9311;76;-8
9312;76;-8
9313;72;-12
9314;68;-16
9315;64;-16
9316;68;-16
9317;68;-20
9318;64;-20
9319;60;-20
9320;60;-24
9321;60;-24
9322;48;-24
9323;56;-28
9324;52;-28
9325;52;-28
9326;48;-28
9327;48;-28
9328;44;-28
9329;40;-28
9330;44;-24
9331;40;-24
9332;36;-20
9333;32;-20
9334;32;-16
9335;32;-16
9336;36;-12
9337;24;-8
9338;24;-8
9339;20;-4
9340;20;-4
9341;20;0
9342;16;0
9343;20;4
9344;12;4
9345;8;8
9346;8;8
9347;8;8
9348;0;8
9349;4;8
9350;8;12
9351;0;12
9352;-4;8
9353;-8;8
9354;-8;8
9355;-12;8
9356;-12;8
9357;-28;8
9358;-16;8
9359;-16;8
9360;-20;4
9361;-20;4
9362;-32;4
9363;-24;4
9364;-32;4
9365;-28;0
9366;-32;0
9367;-36;0
9368;-32;0
9369;-36;0
9370;-40;0
9371;-40;0
9372;-44;0
9373;-44;0
9374;-48;0
9375;-48;0
9376;-52;20
9377;-52;20
9378;-56;20
9379;-56;20
9380;-56;20
9381;-60;16
9382;-64;16
9383;-64;16
9384;-68;16
9385;-68;12
9386;-72;8
9387;-72;8
9388;-76;4
9389;-72;4
9390;-80;4
9391;-80;0
9392;-80;0
9393;-84;-4
9394;-84;-4
9395;-84;-4
9396;-88;-4
9397;-76;-8
9398;-92;-8
9399;-92;-8
9400;-96;-8
9401;-96;-8
9402;-100;-8
9403;-100;-8
9404;-104;-4
9405;-104;-4
9406;-108;-4
9407;-108;0
9408;-112;4
9409;-112;4
9410;-112;8
9411;-116;12
9412;-116;12
9413;-116;16
9414;-116;20
9415;-120;20
9416;-120;20
9417;-124;24
9418;-136;24
9419;-128;24
9420;-132;28
9421;-132;28
9422;-132;28
9423;-136;28
9424;-136;28
9425;-148;28
9426;-136;28
9427;-140;28
9428;-144;24
9429;-144;28
9430;-140;28
9431;-144;28
9432;-148;24
9433;-148;24
9434;-152;28
9435;-152;24
9436;-152;24
9437;-148;24
9438;-156;24
9439;-140;24
9440;-156;20
9441;-160;24
9442;-160;20
9443;-160;20
9444;-164;20
9445;-164;20
9446;-164;20
9447;-168;16
9448;-168;16
9449;-168;16
9450;-168;20
9451;-176;16
9452;-172;20
9453;-172;16
9454;-176;20
9455;-172;16
9456;-176;16
9457;-176;16
9458;-180;16
9459;-180;16
9460;-180;16
9461;-180;16
9462;-180;16
9463;-180;16
9464;-180;16
9465;-184;16
9466;-184;16
9467;-184;16
9468;-188;16
9469;-188;16
9470;-188;16
9471;-188;16
9472;-196;16
9473;-188;16
9474;-188;16
9475;-188;12
9476;-188;12
9477;-192;12
9478;-188;12
9479;-180;8
9480;-188;8
9481;-188;4
9482;-192;4
9483;-192;0
9484;-192;0
9485;-192;-4
9486;-192;-8
9487;-192;-4
9488;-192;-8
9489;-192;-8
9490;-192;-12
9491;-192;-8
9492;-196;-12
9493;-192;-12
9494;-196;-12
9495;-196;-8
9496;-196;-8
9497;-196;-4
9498;-196;0
9499;-196;0
9500;-196;4
9501;-196;8
9502;-196;12
9503;-192;16
9504;-196;16
9505;-196;20
9506;-196;20
9507;-200;24
9508;-196;24
9509;-196;24
9510;-196;28
9511;-192;24
9512;-200;28
9513;-196;28
9514;-216;28
9515;-192;28
9516;-192;32
9517;-192;28
9518;-192;28
9519;-196;24
9520;-192;28
9521;-196;24
9522;-192;24
9523;-188;24
9524;-192;24
9525;-188;24
9526;-180;20
9527;-188;24
9528;-184;24
9529;-184;24
9530;-188;24
9531;-184;20
9532;-184;20
9533;-180;20
9534;-180;20
9535;-180;20
9536;-180;20
9537;-180;20
9538;-180;20
9539;-176;16
9540;-176;16
9541;-176;20
9542;-172;16
9543;-172;16
9544;-172;16
9545;-172;16
9546;-168;16
9547;-168;16
9548;-168;16
9549;-168;16
9550;-168;20
9551;-164;16
9552;-164;16
9553;-160;16
9554;-152;16
9555;-160;16
9556;-160;16
9557;-156;16
9558;-156;12
9559;-156;16
9560;-152;12
9561;-156;12
9562;-152;8
9563;-148;8
9564;-148;8
9565;-148;4
9566;-144;0
9567;-144;0
9568;-148;0
9569;-140;-4
9570;-140;-4
9571;-136;-8
9572;-136;-8
9573;-136;-8
9574;-132;-8
9575;-136;-12
9576;-132;-12
9577;-132;-12
9578;-128;-8
9579;-124;-8
9580;-120;-8
9581;-120;-4
9582;-124;0
9583;-120;0
9584;-116;4
9585;-112;4
9586;-116;8
9587;-108;12
9588;-112;12
9589;-88;16
9590;-108;16
9591;-104;20
9592;-100;24
9593;-100;24
9594;-100;28
9595;-96;28
9596;-88;28
9597;-92;28
9598;-92;28
9599;-92;32
9600;-88;28
9601;-92;28
9602;-84;28
9603;-80;28
9604;-80;28
9605;-80;28
9606;-76;28
9607;-76;28
9608;-80;24
9609;-68;24
9610;-68;24
9611;-68;24
9612;-64;24
9613;-64;24
9614;-60;24
9615;-56;24
9616;-56;24
9617;-56;20
9618;-52;20
9619;-52;24
9620;-48;20
9621;-44;20
9622;-48;20
9623;-44;20
9624;-40;20
9625;-40;20
9626;-36;20
9627;-32;20
9628;-32;20
9629;-44;20
9630;-28;20
9631;-24;20
9632;-24;20
9633;-24;20
9634;-20;16
9635;-16;20
9636;-4;16
9637;-16;20
9638;-12;20
9639;-8;20
9640;-8;20
9641;-4;20
9642;-4;16
9643;0;20
9644;0;16
9645;4;16
9646;8;16
9647;8;12
9648;12;16
9649;12;12
9650;16;8
9651;16;8
9652;16;4
9653;20;4
9654;20;0
9655;24;0
9656;24;0
9657;28;-4
9658;28;-4
9659;32;-4
9660;36;-4
9661;36;-4
9662;36;-8
9663;40;-8
9664;36;-8
9665;44;-8
9666;44;-8
9667;48;-8
9668;52;-4
9669;52;-4
9670;52;0
9671;32;0
9672;56;4
9673;64;4
9674;60;8
9675;64;12
9676;68;16
9677;68;16
9678;76;16
9679;72;20
9680;72;24
9681;72;24
9682;76;24
9683;88;28
9684;80;28
9685;80;32
9686;84;32
9687;88;28
9688;88;32
9689;88;32
9690;88;28
9691;92;28
9692;96;28
9693;96;28
9694;100;28
9695;100;24
9696;104;28
9697;104;28
9698;108;24
9699;108;24
9700;108;24
9701;112;24
9702;112;24
9703;116;24
9704;120;20
9705;116;20
9706;120;24
9707;124;20
9708;124;20
9709;124;20
9710;128;20
9711;128;20
9712;128;20
9713;132;20
9714;132;20
9715;136;20
9716;136;20
9717;136;20
9718;132;20
9719;140;20
9720;144;20
9721;144;16
9722;144;16
9723;148;16
9724;148;20
9725;148;20
9726;152;16
9727;152;16
9728;152;20
9729;156;20
9730;160;16
9731;156;16
9732;164;20
9733;160;16
9734;164;16
9735;164;16
9736;164;16
9737;168;16
9738;168;16
9739;172;16
9740;168;16
9741;172;16
9742;172;16
9743;176;20
9744;176;16
9745;176;16
9746;192;16
9747;176;16
9748;176;16
9749;184;12
9750;180;12
9751;180;12
9752;184;8
9753;172;8
9754;188;4
9755;184;4
9756;188;0
9757;188;0
9758;188;0
9759;188;-4
9760;184;-4
9761;192;-4
9762;192;-4
9763;192;-8
9764;192;-8
9765;204;-8
9766;196;-8
9767;200;-8
9768;196;-8
9769;196;-4
9770;196;-4
9771;200;0
9772;204;0
9773;204;0
9774;200;4
9775;200;8
9776;200;8
9777;200;12
9778;200;12
9779;204;16
9780;204;20
9781;204;20
9782;204;20
9783;204;24
9784;204;24
9785;204;24
9786;204;28
9787;204;28
9788;204;32
9789;204;32
9790;208;32
9791;208;32
9792;208;32
9793;220;12
9794;208;12
9795;204;12
9796;204;12
9797;208;12
9798;212;8
9799;208;8
9800;208;8
9801;208;8
9802;208;8
9803;208;8
9804;208;8
9805;208;8
9806;212;4
9807;208;4
9808;208;4
9809;208;4
9810;208;4
9811;208;4
9812;208;0
9813;208;4
9814;204;0
9815;208;0
9816;208;4
9817;208;0
9818;208;0
9819;204;0
9820;204;0
9821;192;0
9822;204;0
9823;204;0
9824;204;0
9825;204;-4
9826;204;0
9827;204;0
9828;204;0
9829;204;0
9830;204;0
9831;200;0
9832;200;0
9833;200;0
9834;200;0
9835;216;-4
9836;200;0
9837;196;-8
9838;196;-8
9839;196;-12
9840;204;-12
9841;196;-12
9842;192;-16
9843;192;-16
9844;192;-20
9845;192;-16
9846;188;-20
9847;188;-24
9848;188;-20
9849;188;-24
9850;188;-24
9851;188;-24
9852;184;-24
9853;184;-24
9854;184;-24
9855;180;-24
9856;180;-20
9857;180;-20
9858;176;-20
9859;176;-16
9860;180;-16
9861;180;-12
9862;172;-8
9863;172;-8
9864;168;-4
9865;168;-4
9866;168;0
9867;168;4
9868;172;4
9869;164;8
9870;164;8
9871;164;8
9872;164;12
9873;160;12
9874;160;12
9875;152;12
9876;156;12
9877;156;12
9878;152;12
9879;152;12
9880;148;12
9881;148;12
9882;148;12
9883;148;12
9884;148;8
9885;148;8
9886;144;8
9887;140;8
9888;140;4
9889;140;8
9890;136;4
9891;132;4
9892;132;4
9893;132;4
9894;132;4
9895;128;4
9896;132;4
9897;124;4
9898;124;4
9899;124;4
9900;120;0
9901;120;0
9902;120;0
9903;132;4
9904;112;0
9905;112;0
9906;108;0
9907;108;0
9908;104;0
9909;104;0
9910;100;0
9911;100;0
9912;96;4
9913;96;4
9914;96;0
9915;88;0
9916;92;4
9917;92;0
9918;88;0
9919;84;0
9920;84;0
9921;80;0
9922;72;0
9923;76;-4
9924;76;-4
9925;72;-4
9926;72;-4
9927;72;-4
9928;68;-8
9929;64;-12
9930;64;-12
9931;64;-12
9932;60;-16
9933;60;-16
9934;56;-20
9935;56;-20
9936;52;-20
9937;52;-20
9938;48;-24
9939;48;-24
9940;44;-24
9941;44;-24
9942;40;-24
9943;28;-24
9944;36;-24
9945;36;-24
9946;32;-24
9947;32;-16
9948;28;-16
9949;28;-16
9950;32;-12
9951;24;-4
9952;20;-4
9953;20;0
9954;16;4
9955;12;4
9956;16;8
9957;12;12
9958;12;12
9959;4;12
9960;4;12
9961;4;12
9962;0;12
9963;0;12
9964;4;12
9965;-4;12
9966;-8;12
9967;-8;12
9968;-12;12
9969;-12;8
9970;-16;12
9971;-20;8
9972;-20;8
9973;-20;8
9974;-24;8
9975;-24;8
9976;-28;4
9977;-32;4
9978;-36;8
9979;-32;4
9980;-36;4
9981;-36;4
9982;-36;4
9983;-44;4
9984;-44;0
9985;-68;0
9986;-48;4
9987;-48;0
9988;-52;0
9989;-56;0
9990;-56;0
9991;-56;0
9992;-64;0
9993;-60;0
9994;-60;0
9995;-64;0
9996;-68;0
9997;-60;0
9998;-68;0
9999;-72;4
10000;-76;0
