Column1;Column2;Column3
Channel              :;CH1;CH2
Frequency            :;10,93Hz;10,97Hz
Period               :;91,50ms;91,12ms
PK-PK                :;98,00mV;102,0mV
Probe attenuation    :;1X;1X
Voltage per ADC value:;0,125000mV;0,125000mV
Time interval        :;100,00000uS;100,00000uS
;;
index;CH1_Voltage(mV);CH2_Voltage(mV)
1;10;-10
2;10;-10
3;10;-16
4;12;-30
5;10;-28
6;12;-6
7;12;6
8;12;4
9;12;-2
10;14;-4
11;12;-6
12;14;-10
13;8;-24
14;12;-26
15;14;0
16;14;6
17;16;0
18;14;-4
19;14;-4
20;16;-6
21;14;-20
22;16;-30
23;16;-8
24;18;6
25;16;4
26;16;4
27;16;-4
28;22;-20
29;16;-22
30;18;0
31;16;12
32;16;8
33;18;4
34;16;0
35;26;0
36;18;-6
37;18;-20
38;18;-22
39;14;8
40;18;10
41;20;4
42;20;2
43;12;0
44;22;-2
45;22;-12
46;22;-18
47;24;-12
48;22;10
49;22;16
50;14;12
51;22;6
52;22;6
53;22;4
54;16;0
55;24;-14
56;22;-18
57;24;4
58;26;16
59;24;12
60;24;8
61;24;6
62;24;4
63;24;4
64;26;-2
65;40;-16
66;24;-16
67;24;12
68;24;20
69;14;16
70;24;12
71;24;10
72;26;8
73;24;8
74;26;-4
75;26;-16
76;26;0
77;26;22
78;26;18
79;26;12
80;28;10
81;26;8
82;26;8
83;26;-4
84;26;-16
85;28;-6
86;28;16
87;26;20
88;26;20
89;26;16
90;24;8
91;26;-10
92;26;-8
93;26;16
94;24;24
95;20;20
96;22;16
97;24;14
98;22;10
99;24;-2
100;24;-10
101;24;2
102;24;22
103;26;22
104;24;18
105;24;14
106;22;12
107;24;12
108;24;12
109;22;8
110;26;-6
111;24;-4
112;22;20
113;24;28
114;26;24
115;24;20
116;24;18
117;22;16
118;24;6
119;24;-8
120;24;2
121;24;24
122;24;26
123;24;22
124;26;18
125;22;16
126;24;16
127;24;16
128;22;0
129;18;-8
130;26;16
131;24;30
132;24;26
133;26;22
134;24;18
135;22;20
136;18;14
137;22;-4
138;24;-4
139;22;24
140;26;30
141;24;24
142;22;20
143;22;18
144;30;18
145;22;10
146;22;-6
147;22;0
148;22;24
149;22;30
150;22;26
151;40;26
152;24;20
153;22;2
154;24;-2
155;14;20
156;24;32
157;22;30
158;24;26
159;16;22
160;22;22
161;24;20
162;24;10
163;24;-2
164;22;6
165;22;30
166;4;32
167;22;28
168;22;24
169;22;22
170;34;20
171;24;24
172;24;8
173;22;0
174;26;14
175;24;34
176;22;34
177;22;30
178;20;26
179;20;24
180;20;24
181;40;24
182;22;18
183;22;0
184;20;4
185;24;28
186;20;34
187;20;30
188;20;26
189;20;26
190;20;24
191;20;22
192;20;26
193;22;8
194;20;4
195;22;30
196;10;40
197;20;34
198;22;30
199;22;28
200;24;28
201;22;28
202;20;12
203;20;2
204;22;18
205;18;38
206;20;38
207;22;32
208;22;30
209;22;28
210;22;28
211;16;22
212;20;6
213;20;12
214;20;34
215;20;44
216;18;42
217;20;38
218;20;34
219;22;32
220;20;32
221;18;30
222;18;14
223;18;8
224;20;38
225;18;44
226;24;38
227;18;36
228;18;34
229;18;32
230;20;32
231;18;16
232;18;6
233;18;24
234;20;48
235;18;48
236;18;42
237;18;38
238;16;36
239;18;36
240;18;30
241;16;12
242;18;18
243;20;40
244;20;48
245;12;44
246;18;40
247;18;38
248;18;36
249;20;32
250;18;16
251;18;16
252;16;44
253;18;46
254;18;42
255;20;40
256;14;24
257;20;12
258;18;30
259;18;50
260;18;48
261;20;42
262;18;40
263;18;38
264;18;36
265;20;22
266;18;12
267;-2;34
268;20;50
269;18;44
270;18;40
271;30;38
272;18;36
273;18;24
274;18;12
275;20;26
276;20;48
277;18;48
278;20;44
279;18;40
280;18;38
281;18;38
282;30;30
283;18;16
284;18;22
285;18;48
286;8;48
287;20;44
288;18;40
289;20;40
290;18;38
291;18;24
292;18;14
293;18;30
294;16;48
295;16;46
296;16;46
297;2;36
298;16;20
299;16;22
300;14;48
301;24;50
302;18;44
303;16;40
304;16;40
305;18;38
306;18;24
307;16;14
308;18;30
309;16;48
310;18;50
311;18;44
312;20;40
313;18;40
314;18;38
315;18;34
316;14;18
317;18;14
318;20;42
319;20;48
320;22;44
321;20;38
322;20;38
323;18;38
324;18;24
325;18;12
326;18;26
327;22;46
328;20;48
329;20;42
330;18;38
331;20;38
332;20;36
333;20;22
334;20;10
335;20;24
336;18;44
337;18;48
338;18;40
339;18;38
340;18;28
341;20;12
342;18;18
343;18;44
344;18;44
345;18;40
346;10;36
347;18;34
348;18;34
349;18;24
350;18;10
351;18;20
352;18;44
353;20;44
354;16;40
355;16;34
356;16;34
357;20;32
358;18;22
359;16;8
360;16;24
361;26;44
362;16;42
363;18;38
364;16;34
365;16;32
366;16;20
367;16;8
368;26;20
369;16;42
370;16;44
371;16;38
372;24;34
373;14;32
374;16;32
375;14;30
376;6;24
377;14;8
378;16;14
379;16;38
380;16;42
381;16;36
382;16;30
383;-6;30
384;14;30
385;14;18
386;14;6
387;20;16
388;16;36
389;14;40
390;14;34
391;16;32
392;14;30
393;14;30
394;14;28
395;16;26
396;16;8
397;18;6
398;12;36
399;16;40
400;16;36
401;16;24
402;14;8
403;16;6
404;14;30
405;16;40
406;20;36
407;14;30
408;16;28
409;16;28
410;14;18
411;16;4
412;16;10
413;20;32
414;16;38
415;16;34
416;14;28
417;14;28
418;14;28
419;14;26
420;14;10
421;14;0
422;14;16
423;16;36
424;14;34
425;14;30
426;14;26
427;14;26
428;12;26
429;14;24
430;14;12
431;14;0
432;14;14
433;14;34
434;14;36
435;14;30
436;18;26
437;16;26
438;14;24
439;14;18
440;14;2
441;14;6
442;14;28
443;22;34
444;14;30
445;14;24
446;14;22
447;16;22
448;14;18
449;14;2
450;16;0
451;16;28
452;16;34
453;14;28
454;14;24
455;12;22
456;14;22
457;14;20
458;12;8
459;12;-2
460;14;14
461;14;32
462;14;30
463;14;26
464;12;10
465;12;-4
466;14;12
467;12;32
468;12;28
469;18;24
470;12;22
471;12;20
472;12;12
473;14;-4
474;10;2
475;12;26
476;12;32
477;6;26
478;12;22
479;12;20
480;10;20
481;12;18
482;10;0
483;10;-4
484;-4;14
485;10;18
486;10;14
487;12;12
488;22;22
489;10;24
490;10;22
491;10;18
492;10;18
493;6;18
494;6;16
495;8;16
496;6;6
497;6;-8
498;6;6
499;28;28
500;6;26
501;4;22
502;6;18
503;8;14
504;6;18
505;6;2
506;4;-14
507;4;-6
508;6;20
509;6;20
510;4;14
511;4;12
512;4;10
513;4;8
514;4;-4
515;4;-16
516;4;-2
517;4;20
518;4;20
519;2;14
520;4;12
521;4;10
522;2;8
523;4;8
524;2;-6
525;4;-14
526;4;-6
527;4;12
528;4;12
529;0;8
530;2;4
531;4;4
532;2;2
533;2;2
534;2;-12
535;2;-22
536;2;-2
537;2;14
538;0;12
539;2;6
540;2;4
541;0;4
542;0;2
543;0;-8
544;6;-22
545;-2;-16
546;0;12
547;0;8
548;0;2
549;-2;-2
550;-2;-4
551;-2;-6
552;-2;-14
553;-2;-28
554;-2;-16
555;-4;6
556;-4;6
557;-4;0
558;-2;-2
559;-8;-4
560;-4;-16
561;-4;-28
562;-4;-16
563;-12;6
564;-4;6
565;-4;0
566;-4;-2
567;-4;-4
568;-6;-24
569;-6;-32
570;-18;-20
571;-6;2
572;-6;2
573;-6;-4
574;-10;-6
575;-8;-8
576;-8;-10
577;-6;-26
578;-4;-32
579;-10;-10
580;-8;2
581;-8;-2
582;-6;-6
583;-8;-8
584;-10;-18
585;-30;-32
586;-10;-24
587;-10;0
588;-10;0
589;0;-6
590;-10;-12
591;-10;-12
592;-12;-18
593;-12;-32
594;-12;-34
595;-10;-12
596;-12;-2
597;-10;-6
598;-12;-10
599;-12;-12
600;0;-12
601;-14;-14
602;-10;-28
603;-14;-36
604;-20;-20
605;-12;-2
606;-14;-4
607;-14;-8
608;-16;-10
609;-16;-16
610;-16;-32
611;-14;-36
612;-14;-8
613;-16;-2
614;-16;-6
615;-30;-12
616;-16;-12
617;-18;-14
618;-18;-18
619;-12;-34
620;-18;-36
621;-18;-14
622;-18;-2
623;-18;-6
624;-18;-10
625;-20;-12
626;-20;-14
627;-20;-14
628;-20;-20
629;-20;-36
630;-24;-34
631;-20;-12
632;-22;-4
633;-22;-8
634;-26;-12
635;-20;-14
636;-22;-16
637;-22;-18
638;-20;-34
639;-22;-34
640;-22;-14
641;-20;-2
642;-22;-8
643;-22;-12
644;-22;-14
645;-14;-16
646;-20;-16
647;-20;-16
648;-22;-30
649;-20;-40
650;-22;-20
651;-22;-4
652;-22;-6
653;-24;-12
654;-24;-14
655;-24;-16
656;-24;-16
657;-22;-30
658;-24;-40
659;-22;-20
660;-26;-4
661;-22;-8
662;-22;-12
663;-24;-14
664;-26;-16
665;-24;-32
666;-22;-40
667;-24;-24
668;-24;-6
669;-26;-6
670;-24;-12
671;-30;-14
672;-26;-28
673;-24;-40
674;-24;-28
675;-28;-8
676;-24;-6
677;-26;-12
678;-26;-14
679;-24;-16
680;-26;-18
681;-24;-30
682;-24;-40
683;-24;-20
684;-24;-6
685;-26;-8
686;-40;-14
687;-24;-18
688;-24;-16
689;-24;-18
690;-16;-24
691;-26;-40
692;-28;-38
693;-26;-16
694;-32;-10
695;-26;-14
696;-26;-18
697;-28;-20
698;-28;-20
699;-28;-26
700;-28;-42
701;-32;-38
702;-28;-16
703;-30;-10
704;-28;-14
705;-30;-18
706;-26;-20
707;-28;-20
708;-28;-20
709;-28;-28
710;-28;-42
711;-28;-36
712;-28;-10
713;-30;-12
714;-28;-18
715;-28;-22
716;-40;-24
717;-28;-30
718;-28;-44
719;-28;-38
720;-24;-14
721;-28;-14
722;-28;-18
723;-28;-22
724;-24;-24
725;-28;-24
726;-28;-34
727;-28;-46
728;-28;-36
729;-28;-16
730;-28;-12
731;-24;-18
732;-28;-22
733;-28;-22
734;-26;-28
735;-30;-44
736;-28;-44
737;-28;-24
738;-26;-12
739;-28;-16
740;-28;-20
741;-26;-24
742;-28;-24
743;-28;-30
744;-28;-46
745;-28;-40
746;-34;-20
747;-28;-14
748;-26;-16
749;-26;-20
750;-28;-24
751;-28;-24
752;-28;-24
753;-28;-36
754;-26;-46
755;-28;-32
756;-28;-14
757;-28;-16
758;-28;-22
759;-26;-24
760;-26;-26
761;-20;-38
762;-28;-48
763;-26;-36
764;-26;-14
765;-28;-14
766;-26;-20
767;-28;-22
768;-28;-24
769;-24;-24
770;-26;-26
771;-26;-26
772;-26;-38
773;-26;-48
774;-26;-34
775;-26;-14
776;-26;-18
777;-26;-22
778;-26;-26
779;-26;-26
780;-26;-28
781;-24;-36
782;-26;-50
783;-24;-36
784;-24;-16
785;-24;-16
786;-24;-24
787;-14;-24
788;-26;-28
789;-22;-34
790;-22;-46
791;-16;-44
792;-22;-18
793;-20;-16
794;-20;-20
795;-28;-26
796;-20;-22
797;-18;-36
798;-20;-46
799;-16;-36
800;-18;-14
801;-18;-12
802;-38;-18
803;-18;-22
804;-18;-22
805;-16;-24
806;-2;-24
807;-16;-40
808;-16;-46
809;-16;-28
810;-16;-14
811;-14;-14
812;-14;-18
813;-14;-22
814;-14;-24
815;-14;-26
816;-14;-24
817;12;-22
818;-14;-38
819;-12;-44
820;-12;-24
821;-26;-10
822;-12;-10
823;-12;-16
824;-12;-20
825;-14;-20
826;-12;-20
827;-12;-24
828;-12;-38
829;-10;-42
830;-12;-20
831;-10;-8
832;-24;-12
833;-10;-18
834;-8;-18
835;-10;-20
836;-6;-24
837;-10;-38
838;-10;-38
839;-8;-18
840;-8;-4
841;-8;-6
842;-6;-12
843;-6;-14
844;-8;-16
845;-6;-16
846;-4;-18
847;-10;-32
848;-4;-40
849;-4;-20
850;-4;-4
851;-4;-8
852;-6;-12
853;-4;-14
854;-4;-16
855;-2;-16
856;-2;-30
857;-2;-40
858;-2;-24
859;-2;0
860;0;-2
861;-2;-8
862;4;-10
863;0;-12
864;0;-24
865;-2;-34
866;0;-24
867;0;-4
868;0;0
869;0;-6
870;0;-10
871;0;-12
872;0;-12
873;0;-12
874;0;-24
875;2;-36
876;2;-24
877;-2;-4
878;2;-2
879;2;-6
880;4;-6
881;-4;-22
882;2;-32
883;4;-10
884;4;4
885;6;0
886;4;-6
887;4;-8
888;-6;-8
889;6;-16
890;4;-30
891;6;-28
892;2;-6
893;6;4
894;6;-2
895;6;-6
896;-2;-8
897;6;-8
898;6;-18
899;6;-32
900;6;-20
901;6;0
902;6;4
903;-10;-4
904;6;-6
905;6;-6
906;8;-8
907;18;-12
908;6;-28
909;8;-28
910;8;-2
911;10;4
912;10;0
913;8;-6
914;12;-6
915;10;-10
916;10;-26
917;12;-30
918;34;-2
919;12;6
920;12;0
921;12;-2
922;4;-14
923;14;-26
924;14;-24
925;14;0
926;16;8
927;16;2
928;16;-2
929;16;-4
930;16;-6
931;16;-12
932;18;-26
933;2;-26
934;18;-4
935;18;6
936;20;2
937;24;-2
938;20;-4
939;18;-6
940;18;-6
941;18;-18
942;18;-24
943;18;-16
944;18;6
945;18;8
946;20;4
947;20;0
948;18;-2
949;20;-2
950;20;-2
951;18;-6
952;20;-20
953;20;-26
954;20;0
955;22;10
956;20;4
957;20;0
958;20;0
959;22;-2
960;22;-6
961;20;-22
962;22;-24
963;26;4
964;24;14
965;22;10
966;22;4
967;22;2
968;22;0
969;24;-6
970;22;-20
971;24;-18
972;24;6
973;22;12
974;24;8
975;22;4
976;22;2
977;24;2
978;20;-2
979;24;-16
980;24;-24
981;22;2
982;16;12
983;24;10
984;24;6
985;24;-10
986;22;-18
987;22;10
988;22;18
989;26;14
990;22;10
991;24;8
992;24;6
993;24;2
994;26;-14
995;26;-18
996;24;4
997;30;18
998;26;16
999;26;10
1000;24;8
1001;26;6
1002;26;6
1003;26;-6
1004;18;-18
1005;26;-2
1006;24;22
1007;26;22
1008;30;18
1009;26;14
1010;26;14
1011;24;12
1012;18;12
1013;24;2
1014;24;-10
1015;26;-4
1016;24;18
1017;24;24
1018;24;20
1019;20;16
1020;24;12
1021;22;12
1022;22;6
1023;24;-10
1024;24;-8
1025;24;24
1026;24;30
1027;24;24
1028;24;20
1029;22;20
1030;22;10
1031;22;-4
1032;24;4
1033;20;26
1034;10;30
1035;22;26
1036;22;22
1037;22;20
1038;30;20
1039;24;18
1040;22;2
1041;24;-6
1042;26;16
1043;24;30
1044;22;28
1045;24;22
1046;24;26
1047;24;12
1048;22;0
1049;26;12
1050;22;32
1051;22;34
1052;22;30
1053;24;26
1054;24;24
1055;24;22
1056;26;6
1057;26;0
1058;24;28
1059;24;34
1060;24;30
1061;24;28
1062;24;24
1063;26;24
1064;28;22
1065;24;10
1066;24;-2
1067;24;20
1068;24;30
1069;24;26
1070;24;22
1071;22;24
1072;24;32
1073;22;36
1074;22;32
1075;24;30
1076;24;28
1077;24;28
1078;24;28
1079;20;26
1080;22;26
1081;24;12
1082;24;2
1083;20;24
1084;22;38
1085;24;34
1086;24;30
1087;26;28
1088;24;28
1089;22;12
1090;12;6
1091;20;34
1092;22;42
1093;22;36
1094;20;32
1095;22;30
1096;22;28
1097;22;12
1098;22;4
1099;20;24
1100;20;40
1101;20;38
1102;22;34
1103;18;30
1104;18;30
1105;14;28
1106;18;26
1107;20;8
1108;20;8
1109;32;30
1110;20;42
1111;18;38
1112;18;32
1113;16;30
1114;20;30
1115;20;30
1116;20;16
1117;20;4
1118;18;22
1119;18;40
1120;18;38
1121;18;32
1122;18;30
1123;18;30
1124;20;28
1125;22;24
1126;20;8
1127;20;6
1128;20;28
1129;18;42
1130;20;40
1131;18;34
1132;20;32
1133;20;30
1134;20;16
1135;26;6
1136;20;28
1137;20;44
1138;20;40
1139;24;34
1140;18;32
1141;18;32
1142;18;30
1143;20;14
1144;18;6
1145;20;24
1146;18;42
1147;18;42
1148;18;36
1149;18;32
1150;24;32
1151;18;22
1152;18;8
1153;18;16
1154;18;38
1155;18;42
1156;18;36
1157;18;34
1158;16;32
1159;18;32
1160;18;32
1161;18;26
1162;18;10
1163;20;14
1164;20;34
1165;16;44
1166;20;38
1167;20;34
1168;18;34
1169;18;32
1170;18;30
1171;18;30
1172;18;16
1173;22;8
1174;18;24
1175;18;44
1176;18;42
1177;18;36
1178;18;34
1179;18;32
1180;24;30
1181;18;14
1182;18;10
1183;16;36
1184;18;44
1185;16;38
1186;18;34
1187;18;32
1188;18;32
1189;18;24
1190;16;10
1191;20;12
1192;16;38
1193;18;48
1194;18;42
1195;20;38
1196;18;36
1197;18;34
1198;18;26
1199;20;12
1200;20;24
1201;18;46
1202;18;44
1203;18;40
1204;18;36
1205;18;34
1206;38;26
1207;18;10
1208;18;20
1209;18;42
1210;10;46
1211;14;40
1212;18;38
1213;18;36
1214;12;20
1215;18;14
1216;18;32
1217;18;46
1218;18;46
1219;18;42
1220;20;38
1221;-2;38
1222;18;36
1223;18;32
1224;18;18
1225;32;14
1226;18;42
1227;18;48
1228;18;42
1229;22;38
1230;18;38
1231;18;34
1232;20;18
1233;18;12
1234;20;34
1235;18;38
1236;34;34
1237;18;34
1238;18;36
1239;20;46
1240;24;44
1241;20;40
1242;20;40
1243;18;38
1244;20;38
1245;18;36
1246;18;32
1247;18;16
1248;20;22
1249;20;46
1250;18;48
1251;22;42
1252;18;38
1253;18;36
1254;18;38
1255;18;30
1256;18;16
1257;20;20
1258;16;44
1259;16;50
1260;16;44
1261;16;40
1262;18;40
1263;18;38
1264;20;36
1265;18;24
1266;12;12
1267;16;30
1268;18;48
1269;16;48
1270;16;44
1271;18;40
1272;18;38
1273;18;38
1274;18;32
1275;18;16
1276;16;16
1277;18;36
1278;18;50
1279;16;46
1280;16;42
1281;24;40
1282;18;38
1283;18;36
1284;18;32
1285;18;16
1286;18;16
1287;18;44
1288;18;48
1289;18;42
1290;18;38
1291;18;36
1292;16;36
1293;16;28
1294;16;14
1295;16;20
1296;16;42
1297;18;46
1298;16;40
1299;14;38
1300;14;34
1301;14;32
1302;16;24
1303;16;12
1304;14;16
1305;14;38
1306;18;44
1307;30;40
1308;14;36
1309;14;34
1310;14;32
1311;6;32
1312;14;32
1313;14;16
1314;14;8
1315;8;26
1316;16;44
1317;14;40
1318;14;32
1319;16;26
1320;16;8
1321;18;6
1322;-2;34
1323;14;40
1324;18;34
1325;16;30
1326;28;28
1327;16;26
1328;18;20
1329;16;4
1330;18;8
1331;16;32
1332;16;38
1333;16;34
1334;14;30
1335;16;28
1336;16;28
1337;34;26
1338;16;18
1339;16;2
1340;16;0
1341;4;24
1342;16;36
1343;16;32
1344;16;26
1345;12;24
1346;14;22
1347;14;22
1348;14;12
1349;14;-2
1350;14;10
1351;16;30
1352;6;34
1353;14;28
1354;14;24
1355;14;24
1356;18;22
1357;14;20
1358;14;22
1359;14;10
1360;16;-6
1361;14;-4
1362;14;22
1363;12;30
1364;12;24
1365;12;20
1366;12;18
1367;14;16
1368;12;10
1369;14;-6
1370;14;2
1371;14;28
1372;14;26
1373;10;24
1374;10;20
1375;14;18
1376;10;18
1377;12;16
1378;12;12
1379;10;-4
1380;10;-12
1381;10;12
1382;16;26
1383;10;22
1384;8;18
1385;10;14
1386;10;14
1387;8;8
1388;8;-8
1389;8;-6
1390;8;22
1391;8;22
1392;10;18
1393;8;16
1394;8;14
1395;8;12
1396;8;0
1397;4;-12
1398;10;6
1399;8;24
1400;10;24
1401;10;14
1402;8;12
1403;10;-6
1404;10;-14
1405;10;4
1406;8;22
1407;8;20
1408;0;16
1409;6;12
1410;8;10
1411;8;10
1412;4;10
1413;6;-4
1414;6;-14
1415;6;8
1416;4;22
1417;6;18
1418;4;14
1419;6;12
1420;4;10
1421;6;6
1422;4;-8
1423;-10;-20
1424;2;-6
1425;2;16
1426;4;16
1427;6;12
1428;4;8
1429;4;6
1430;2;6
1431;6;4
1432;2;-6
1433;2;-20
1434;2;-10
1435;2;14
1436;0;18
1437;2;12
1438;22;8
1439;2;6
1440;2;6
1441;0;4
1442;-12;-2
1443;0;-18
1444;0;-22
1445;0;-2
1446;0;12
1447;0;10
1448;2;6
1449;2;2
1450;2;4
1451;2;2
1452;0;-4
1453;4;-16
1454;0;-24
1455;0;2
1456;0;14
1457;2;10
1458;0;4
1459;0;2
1460;0;0
1461;-2;0
1462;0;-10
1463;0;-26
1464;-2;-18
1465;-2;4
1466;-2;10
1467;-2;2
1468;-8;0
1469;-2;-2
1470;-2;-4
1471;-2;-4
1472;-2;-8
1473;-2;-24
1474;-2;-24
1475;-2;6
1476;0;8
1477;-4;4
1478;-2;-2
1479;-4;-2
1480;-4;-2
1481;-4;-10
1482;-4;-26
1483;-4;-18
1484;-4;6
1485;-4;6
1486;-6;0
1487;-6;-4
1488;-4;-6
1489;-6;-18
1490;-6;-30
1491;-6;-16
1492;-8;6
1493;-8;6
1494;-6;2
1495;-8;-2
1496;-10;-4
1497;-8;-6
1498;-6;-20
1499;-10;-30
1500;-10;-14
1501;-10;6
1502;-8;6
1503;-12;-2
1504;-14;-2
1505;-12;-12
1506;-12;-28
1507;-14;-34
1508;-12;-12
1509;-6;0
1510;-14;-4
1511;-14;-4
1512;-14;-8
1513;-22;-10
1514;-14;-14
1515;-16;-28
1516;-14;-34
1517;-24;-8
1518;-14;2
1519;-16;-4
1520;-16;-8
1521;-16;-10
1522;-14;-10
1523;-16;-24
1524;-24;-36
1525;-18;-16
1526;-16;-4
1527;-18;-8
1528;-18;-14
1529;-18;-16
1530;-16;-22
1531;-16;-38
1532;-18;-34
1533;-20;-12
1534;-18;-4
1535;-18;-8
1536;-20;-14
1537;-18;-14
1538;-20;-16
1539;-18;-26
1540;-20;-40
1541;-20;-28
1542;-22;-6
1543;-30;-6
1544;-22;-10
1545;-22;-16
1546;-22;-16
1547;-22;-30
1548;-20;-42
1549;-22;-32
1550;-22;-10
1551;-22;-8
1552;-24;-14
1553;-22;-16
1554;-34;-20
1555;-22;-20
1556;-22;-24
1557;-24;-38
1558;-24;-40
1559;-22;-20
1560;-24;-8
1561;-22;-12
1562;-24;-16
1563;-24;-18
1564;-24;-18
1565;-24;-20
1566;-26;-20
1567;-24;-26
1568;-26;-40
1569;-30;-46
1570;-24;-30
1571;-24;-12
1572;-26;-16
1573;-24;-20
1574;-24;-22
1575;-26;-24
1576;-26;-24
1577;-22;-34
1578;-26;-46
1579;-26;-32
1580;-26;-12
1581;-28;-16
1582;-26;-20
1583;-26;-22
1584;-22;-24
1585;-26;-26
1586;-28;-42
1587;-28;-44
1588;-28;-18
1589;-28;-14
1590;-26;-20
1591;-26;-22
1592;-28;-24
1593;-28;-30
1594;-28;-46
1595;-26;-40
1596;-28;-14
1597;-26;-14
1598;-26;-20
1599;-32;-24
1600;-26;-24
1601;-26;-28
1602;-26;-44
1603;-34;-46
1604;-26;-28
1605;-26;-24
1606;-24;-26
1607;-26;-28
1608;-26;-24
1609;-26;-14
1610;-40;-16
1611;-26;-20
1612;-26;-22
1613;-26;-22
1614;-30;-22
1615;-26;-24
1616;-28;-34
1617;-26;-44
1618;-24;-34
1619;-28;-14
1620;-28;-12
1621;-28;-18
1622;-26;-20
1623;-28;-20
1624;-26;-22
1625;-30;-22
1626;-28;-24
1627;-28;-24
1628;-30;-40
1629;-16;-44
1630;-28;-24
1631;-30;-10
1632;-28;-12
1633;-26;-18
1634;-30;-20
1635;-30;-20
1636;-28;-22
1637;-28;-38
1638;-28;-42
1639;-28;-16
1640;-18;-8
1641;-28;-14
1642;-28;-18
1643;-26;-20
1644;-38;-20
1645;-26;-20
1646;-26;-30
1647;-26;-44
1648;-28;-34
1649;-26;-14
1650;-26;-8
1651;-26;-14
1652;-26;-16
1653;-26;-28
1654;-26;-42
1655;-40;-30
1656;-24;-10
1657;-26;-10
1658;-24;-14
1659;-20;-18
1660;-24;-20
1661;-24;-24
1662;-24;-40
1663;-26;-40
1664;-26;-18
1665;-24;-8
1666;-24;-12
1667;-24;-16
1668;-24;-18
1669;-24;-18
1670;-30;-20
1671;-24;-20
1672;-26;-34
1673;-26;-42
1674;-24;-30
1675;-24;-10
1676;-24;-10
1677;-24;-14
1678;-20;-18
1679;-24;-20
1680;-24;-20
1681;-24;-28
1682;-24;-42
1683;-22;-36
1684;-22;-14
1685;-14;-8
1686;-22;-14
1687;-20;-16
1688;-22;-20
1689;-20;-20
1690;-22;-22
1691;-22;-38
1692;-24;-42
1693;-18;-16
1694;-22;-8
1695;-22;-16
1696;-18;-18
1697;-22;-20
1698;-22;-22
1699;-22;-34
1700;-22;-44
1701;-22;-28
1702;-22;-10
1703;-22;-12
1704;-22;-16
1705;-20;-18
1706;-20;-20
1707;-20;-20
1708;-18;-22
1709;-18;-30
1710;-20;-42
1711;-20;-34
1712;-18;-12
1713;-18;-8
1714;-16;-14
1715;-18;-18
1716;-16;-20
1717;-16;-22
1718;-16;-36
1719;-20;-42
1720;-16;-22
1721;-14;-8
1722;-14;-10
1723;-12;-16
1724;-12;-18
1725;-14;-20
1726;-20;-20
1727;-12;-20
1728;-12;-20
1729;-12;-30
1730;0;-44
1731;-10;-30
1732;-12;-10
1733;-12;-10
1734;-12;-14
1735;-12;-18
1736;-10;-30
1737;-10;-42
1738;-10;-32
1739;-10;-10
1740;-10;-8
1741;2;-14
1742;-10;-16
1743;-10;-18
1744;-8;-20
1745;-20;-22
1746;-6;-34
1747;-6;-42
1748;-6;-22
1749;-10;-8
1750;-8;-10
1751;-6;-16
1752;-8;-18
1753;-6;-20
1754;-6;-20
1755;-6;-26
1756;-8;-40
1757;-8;-36
1758;-4;-14
1759;-4;-8
1760;-2;-12
1761;-4;-16
1762;-4;-18
1763;-4;-20
1764;-2;-24
1765;-2;-40
1766;-4;-36
1767;-4;-10
1768;-2;-8
1769;-2;-14
1770;-4;-16
1771;4;-18
1772;-2;-20
1773;0;-28
1774;-2;-42
1775;-2;-30
1776;-2;-8
1777;-2;-4
1778;-2;-10
1779;-4;-14
1780;-2;-16
1781;-2;-16
1782;-2;-18
1783;-2;-28
1784;0;-40
1785;-2;-26
1786;0;-6
1787;-2;-6
1788;0;-10
1789;0;-14
1790;0;-16
1791;2;-16
1792;4;-20
1793;2;-38
1794;2;-32
1795;2;-12
1796;2;-2
1797;4;-4
1798;4;-8
1799;8;-20
1800;6;-32
1801;2;-22
1802;8;0
1803;6;-2
1804;6;-6
1805;0;-12
1806;6;-10
1807;6;-16
1808;8;-30
1809;10;-28
1810;8;-4
1811;6;2
1812;10;-6
1813;8;-10
1814;8;-10
1815;8;-16
1816;12;-32
1817;10;-30
1818;8;-2
1819;10;6
1820;18;0
1821;10;-2
1822;12;-4
1823;12;-6
1824;12;-20
1825;12;-30
1826;10;-12
1827;10;6
1828;12;4
1829;12;0
1830;12;-4
1831;18;-6
1832;12;-12
1833;12;-26
1834;14;-20
1835;12;4
1836;14;6
1837;14;-2
1838;14;0
1839;16;-18
1840;16;-24
1841;14;-6
1842;28;10
1843;18;8
1844;18;4
1845;18;0
1846;8;0
1847;18;0
1848;20;-6
1849;18;-20
1850;18;-24
1851;18;-2
1852;20;12
1853;20;8
1854;22;2
1855;20;0
1856;20;0
1857;8;-2
1858;22;-2
1859;22;-2
1860;22;-18
1861;28;-18
1862;22;2
1863;20;14
1864;22;12
1865;24;6
1866;24;4
1867;22;2
1868;24;2
1869;22;-10
1870;24;-20
1871;22;-10
1872;28;12
1873;24;14
1874;24;10
1875;26;6
1876;24;4
1877;24;4
1878;24;0
1879;26;4
1880;26;-4
1881;26;-16
1882;26;-8
1883;26;16
1884;24;20
1885;26;16
1886;26;10
1887;30;10
1888;24;8
1889;26;-4
1890;26;-16
1891;26;-4
1892;26;18
1893;26;20
1894;26;16
1895;26;12
1896;24;10
1897;24;8
1898;24;8
1899;24;2
1900;24;-14
1901;24;-8
1902;22;16
1903;24;24
1904;26;20
1905;24;16
1906;16;14
1907;26;12
1908;22;10
1909;24;-4
1910;26;-12
1911;24;10
1912;24;24
1913;18;20
1914;24;16
1915;26;14
1916;24;12
1917;26;8
1918;24;-8
1919;24;-12
1920;24;8
1921;34;28
1922;24;24
1923;26;18
1924;24;14
1925;24;14
1926;24;0
1927;24;-10
1928;30;6
1929;24;26
1930;26;24
1931;24;20
1932;38;16
1933;24;14
1934;26;14
1935;24;12
1936;20;-2
1937;26;-10
1938;24;12
1939;24;26
1940;22;22
1941;22;16
1942;22;18
1943;34;2
1944;26;-8
1945;24;14
1946;24;28
1947;12;26
1948;24;20
1949;22;18
1950;22;16
1951;20;0
1952;22;-10
1953;22;18
1954;22;28
1955;24;24
1956;24;18
1957;24;18
1958;10;16
1959;22;6
1960;24;-10
1961;22;2
1962;24;26
1963;24;32
1964;22;24
1965;22;22
1966;28;20
1967;24;18
1968;24;4
1969;22;-6
1970;24;12
1971;22;30
1972;24;30
1973;28;24
1974;24;22
1975;24;20
1976;24;20
1977;20;18
1978;22;6
1979;24;-6
1980;24;14
1981;24;32
1982;24;26
1983;22;24
1984;22;24
1985;22;8
1986;22;-2
1987;22;18
1988;20;34
1989;22;34
1990;22;28
1991;24;24
1992;22;24
1993;22;22
1994;22;6
1995;22;-2
1996;24;26
1997;24;36
1998;24;30
1999;24;26
2000;22;24
2001;24;24
2002;22;10
2003;22;-2
2004;22;14
2005;22;40
2006;22;40
2007;16;34
2008;22;32
2009;22;30
2010;22;28
2011;24;20
2012;22;4
2013;22;16
2014;16;38
2015;22;38
2016;20;34
2017;22;30
2018;26;28
2019;22;26
2020;20;12
2021;22;4
2022;30;22
2023;20;40
2024;22;36
2025;20;34
2026;18;32
2027;20;14
2028;20;12
2029;34;40
2030;20;44
2031;18;40
2032;18;34
2033;28;34
2034;20;32
2035;20;22
2036;18;8
2037;16;22
2038;18;44
2039;20;42
2040;20;34
2041;20;34
2042;20;32
2043;18;32
2044;14;20
2045;18;6
2046;20;28
2047;18;46
2048;16;46
2049;20;42
2050;18;38
2051;18;36
2052;18;36
2053;20;32
2054;18;16
2055;22;12
2056;20;34
2057;20;48
2058;20;44
2059;14;40
2060;20;38
2061;20;36
2062;18;36
2063;26;28
2064;20;14
2065;20;18
2066;18;44
2067;24;50
2068;22;42
2069;18;40
2070;20;38
2071;20;32
2072;20;16
2073;20;16
2074;24;40
2075;18;48
2076;20;44
2077;18;40
2078;18;40
2079;22;38
2080;20;36
2081;18;28
2082;18;14
2083;20;20
2084;20;44
2085;20;48
2086;20;42
2087;20;40
2088;20;38
2089;22;24
2090;20;16
2091;18;34
2092;20;50
2093;18;50
2094;20;44
2095;18;42
2096;18;40
2097;20;40
2098;18;32
2099;18;18
2100;18;20
2101;18;42
2102;16;50
2103;18;46
2104;14;42
2105;18;38
2106;18;38
2107;18;38
2108;8;38
2109;18;32
2110;18;16
2111;16;18
2112;20;42
2113;18;52
2114;18;46
2115;6;42
2116;16;40
2117;18;38
2118;18;30
2119;18;16
2120;18;26
2121;18;50
2122;18;48
2123;26;44
2124;20;40
2125;18;40
2126;18;36
2127;18;20
2128;18;14
2129;20;42
2130;22;50
2131;20;44
2132;20;38
2133;20;38
2134;24;28
2135;18;14
2136;20;24
2137;18;46
2138;12;48
2139;20;42
2140;20;38
2141;20;36
2142;20;26
2143;20;12
2144;18;20
2145;32;44
2146;18;48
2147;18;42
2148;18;40
2149;12;36
2150;22;36
2151;18;24
2152;18;12
2153;16;20
2154;18;42
2155;18;46
2156;20;40
2157;18;38
2158;20;36
2159;18;32
2160;8;18
2161;18;10
2162;18;28
2163;18;46
2164;18;44
2165;20;40
2166;16;36
2167;20;34
2168;20;26
2169;18;12
2170;18;16
2171;18;42
2172;18;44
2173;18;40
2174;18;34
2175;22;32
2176;18;32
2177;16;32
2178;18;20
2179;16;8
2180;16;28
2181;14;44
2182;16;42
2183;14;38
2184;16;36
2185;16;34
2186;16;32
2187;16;22
2188;16;8
2189;14;18
2190;12;40
2191;16;44
2192;14;40
2193;16;34
2194;20;30
2195;16;14
2196;18;8
2197;18;34
2198;18;44
2199;18;40
2200;18;34
2201;18;32
2202;18;32
2203;18;22
2204;14;8
2205;14;14
2206;18;38
2207;18;44
2208;16;38
2209;8;34
2210;18;32
2211;16;30
2212;16;32
2213;18;26
2214;18;10
2215;16;6
2216;6;28
2217;14;42
2218;14;38
2219;16;34
2220;8;30
2221;16;30
2222;14;26
2223;14;10
2224;18;8
2225;14;32
2226;14;42
2227;14;38
2228;14;34
2229;12;32
2230;16;30
2231;14;28
2232;14;14
2233;14;6
2234;16;22
2235;20;38
2236;14;38
2237;14;32
2238;14;30
2239;8;28
2240;14;26
2241;16;18
2242;16;4
2243;14;12
2244;18;34
2245;18;40
2246;40;34
2247;16;30
2248;16;30
2249;16;26
2250;6;26
2251;18;26
2252;16;12
2253;14;0
2254;12;26
2255;16;36
2256;16;34
2257;16;28
2258;16;26
2259;16;24
2260;16;16
2261;4;0
2262;14;10
2263;16;36
2264;16;36
2265;20;30
2266;14;26
2267;14;24
2268;16;24
2269;16;12
2270;14;0
2271;14;16
2272;14;36
2273;14;34
2274;14;28
2275;14;28
2276;10;14
2277;16;0
2278;14;4
2279;16;28
2280;14;34
2281;14;28
2282;14;24
2283;14;22
2284;14;22
2285;14;16
2286;14;0
2287;14;4
2288;14;30
2289;14;32
2290;12;28
2291;16;24
2292;12;22
2293;12;22
2294;10;18
2295;12;0
2296;10;-2
2297;8;16
2298;8;28
2299;8;24
2300;10;20
2301;8;18
2302;8;16
2303;8;14
2304;8;-2
2305;8;-8
2306;4;18
2307;6;28
2308;8;24
2309;8;20
2310;0;18
2311;6;16
2312;6;14
2313;8;-2
2314;6;-10
2315;6;12
2316;6;28
2317;-2;20
2318;8;16
2319;6;10
2320;6;-8
2321;4;-14
2322;6;8
2323;6;22
2324;6;20
2325;2;12
2326;6;12
2327;6;10
2328;6;8
2329;8;-10
2330;6;-14
2331;6;12
2332;-2;20
2333;4;16
2334;4;14
2335;6;12
2336;12;10
2337;4;8
2338;4;0
2339;4;-16
2340;2;-22
2341;4;-2
2342;4;16
2343;2;14
2344;4;8
2345;2;4
2346;4;4
2347;8;4
2348;2;-10
2349;0;-22
2350;2;-10
2351;-10;12
2352;0;14
2353;0;8
2354;0;6
2355;-2;4
2356;0;4
2357;0;2
2358;0;-8
2359;0;-28
2360;0;-18
2361;0;4
2362;-12;6
2363;0;2
2364;0;-2
2365;-2;-4
2366;6;-4
2367;0;-6
2368;0;-14
2369;0;-28
2370;2;-18
2371;-2;6
2372;-2;6
2373;-4;0
2374;-4;-4
2375;-4;-4
2376;-4;-4
2377;-4;-18
2378;-4;-30
2379;-4;-16
2380;-4;2
2381;-4;2
2382;-4;-4
2383;-6;-8
2384;-4;-10
2385;-6;-10
2386;-6;-22
2387;-6;-32
2388;-6;-20
2389;-8;0
2390;-6;2
2391;-6;-4
2392;-8;-6
2393;-4;-10
2394;-6;-10
2395;-6;-10
2396;-6;-20
2397;-6;-32
2398;-6;-20
2399;-6;0
2400;-6;4
2401;-6;-6
2402;-8;-8
2403;-8;-18
2404;-6;-34
2405;-8;-24
2406;-10;-2
2407;-12;-2
2408;-10;-6
2409;-8;-10
2410;-8;-12
2411;-16;-12
2412;-10;-20
2413;-10;-34
2414;-10;-26
2415;-10;-6
2416;-12;-2
2417;-12;-4
2418;-10;-8
2419;-16;-10
2420;-14;-12
2421;-14;-10
2422;-14;-28
2423;-14;-38
2424;-16;-24
2425;-16;-4
2426;-8;-2
2427;-16;-6
2428;-14;-12
2429;-16;-12
2430;-16;-14
2431;-16;-16
2432;-16;-28
2433;-22;-36
2434;-18;-20
2435;-18;-2
2436;-18;-4
2437;-26;-8
2438;-18;-10
2439;-18;-14
2440;-18;-12
2441;-26;-24
2442;-16;-36
2443;-18;-26
2444;-18;-6
2445;-18;-4
2446;-18;-8
2447;-18;-12
2448;-26;-14
2449;-20;-16
2450;-18;-26
2451;-18;-38
2452;-18;-20
2453;-18;-2
2454;-20;-6
2455;-20;-10
2456;-24;-14
2457;-20;-14
2458;-20;-16
2459;-18;-32
2460;-20;-38
2461;-22;-22
2462;-20;-4
2463;-26;-6
2464;-22;-10
2465;-20;-16
2466;-22;-16
2467;-16;-20
2468;-22;-36
2469;-20;-36
2470;-22;-8
2471;-18;-4
2472;-22;-10
2473;-22;-14
2474;-24;-16
2475;-24;-16
2476;-22;-26
2477;-22;-38
2478;-18;-30
2479;-22;-8
2480;-24;-4
2481;-22;-8
2482;-22;-14
2483;-22;-14
2484;-24;-20
2485;-22;-34
2486;-22;-36
2487;-22;-14
2488;-24;-4
2489;-24;-6
2490;-24;-12
2491;-24;-14
2492;-26;-16
2493;-24;-18
2494;-26;-32
2495;-26;-40
2496;-26;-20
2497;-26;-4
2498;-26;-6
2499;-26;-12
2500;-26;-14
2501;-26;-16
2502;-28;-16
2503;-26;-30
2504;-28;-38
2505;-28;-28
2506;-26;-10
2507;-26;-12
2508;-28;-14
2509;-26;-20
2510;-26;-20
2511;-28;-20
2512;-36;-24
2513;-26;-40
2514;-28;-40
2515;-28;-12
2516;-26;-8
2517;-28;-14
2518;-26;-18
2519;-36;-18
2520;-28;-20
2521;-26;-36
2522;-28;-42
2523;-26;-24
2524;-28;-10
2525;-28;-10
2526;-26;-20
2527;-22;-22
2528;-28;-34
2529;-26;-46
2530;-26;-34
2531;-26;-16
2532;-28;-14
2533;-28;-18
2534;-26;-22
2535;-26;-22
2536;-28;-22
2537;-26;-28
2538;-16;-42
2539;-26;-42
2540;-28;-18
2541;-28;-12
2542;-32;-18
2543;-30;-22
2544;-28;-22
2545;-28;-24
2546;-28;-22
2547;-28;-38
2548;-28;-48
2549;-32;-36
2550;-30;-16
2551;-28;-14
2552;-28;-18
2553;-22;-22
2554;-26;-24
2555;-28;-24
2556;-28;-36
2557;-26;-46
2558;-30;-36
2559;-28;-16
2560;-28;-14
2561;-26;-18
2562;-28;-22
2563;-28;-24
2564;-32;-24
2565;-26;-24
2566;-28;-34
2567;-26;-46
2568;-22;-40
2569;-26;-20
2570;-26;-14
2571;-28;-16
2572;-22;-22
2573;-28;-24
2574;-26;-24
2575;-26;-24
2576;-28;-38
2577;-26;-48
2578;-26;-34
2579;-22;-14
2580;-26;-14
2581;-28;-18
2582;-28;-22
2583;-24;-22
2584;-26;-24
2585;-26;-24
2586;-26;-30
2587;-26;-44
2588;-26;-40
2589;-26;-18
2590;-26;-14
2591;-26;-18
2592;-24;-22
2593;-24;-22
2594;-18;-22
2595;-24;-30
2596;-22;-44
2597;-24;-38
2598;-24;-14
2599;-22;-14
2600;-22;-20
2601;-22;-20
2602;-20;-22
2603;-22;-24
2604;-22;-34
2605;-20;-46
2606;-22;-38
2607;-20;-16
2608;-20;-12
2609;-18;-16
2610;-20;-20
2611;-18;-30
2612;-20;-44
2613;-22;-38
2614;-18;-16
2615;-18;-10
2616;-16;-16
2617;-16;-20
2618;-18;-22
2619;-18;-22
2620;-26;-24
2621;-18;-24
2622;-16;-40
2623;-18;-44
2624;-14;-26
2625;-16;-10
2626;-16;-12
2627;-16;-16
2628;-8;-22
2629;-16;-20
2630;-14;-26
2631;-14;-40
2632;-16;-38
2633;-14;-16
2634;-14;-8
2635;-10;-14
2636;-14;-18
2637;-12;-20
2638;-12;-20
2639;-10;-26
2640;-12;-40
2641;-10;-36
2642;-10;-12
2643;-6;-10
2644;-10;-16
2645;-10;-18
2646;-10;-20
2647;-6;-20
2648;-8;-22
2649;-8;-36
2650;4;-42
2651;-8;-22
2652;-8;-6
2653;-8;-8
2654;-12;-12
2655;-4;-16
2656;-6;-16
2657;-4;-30
2658;-8;-38
2659;-6;-16
2660;-6;-4
2661;-4;-8
2662;-4;-12
2663;-4;-14
2664;-4;-16
2665;-10;-18
2666;-4;-32
2667;-2;-40
2668;-4;-16
2669;-2;-4
2670;-2;-8
2671;-4;-10
2672;-2;-16
2673;2;-32
2674;-2;-26
2675;-2;-4
2676;0;2
2677;-2;-4
2678;0;-6
2679;0;-10
2680;6;-10
2681;0;-10
2682;0;-22
2683;0;-34
2684;2;-20
2685;0;0
2686;2;-2
2687;2;-2
2688;4;-8
2689;2;-10
2690;2;-10
2691;0;-12
2692;2;-10
2693;2;-26
2694;2;-34
2695;10;-16
2696;2;2
2697;2;2
2698;2;-4
2699;4;-8
2700;2;-8
2701;2;-10
2702;2;-20
2703;4;-32
2704;4;-22
2705;2;0
2706;4;2
2707;2;-2
2708;4;-6
2709;4;-8
2710;0;-8
2711;4;-10
2712;4;-22
2713;6;-32
2714;-2;-14
2715;6;4
2716;6;-2
2717;6;-6
2718;8;-8
2719;8;-8
2720;8;-10
2721;-2;-20
2722;8;-32
2723;10;-22
2724;10;0
2725;10;2
2726;12;-2
2727;8;-6
2728;10;-8
2729;18;-8
2730;10;-10
2731;12;-20
2732;14;-32
2733;12;-16
2734;14;6
2735;14;2
2736;18;-4
2737;14;-6
2738;12;-10
2739;14;-26
2740;22;-28
2741;12;-2
2742;16;4
2743;14;0
2744;10;-6
2745;16;-8
2746;16;-14
2747;16;-28
2748;16;-26
2749;16;-6
2750;18;6
2751;40;0
2752;16;-4
2753;16;-6
2754;18;-8
2755;8;-8
2756;20;-24
2757;18;-24
2758;18;-4
2759;16;8
2760;20;4
2761;20;-2
2762;20;-2
2763;22;-4
2764;20;-4
2765;20;-18
2766;10;-28
2767;22;-14
2768;20;6
2769;22;8
2770;26;2
2771;20;-2
2772;22;-4
2773;22;-4
2774;22;-22
2775;22;-26
2776;22;-4
2777;22;12
2778;22;8
2779;22;4
2780;24;2
2781;22;0
2782;22;0
2783;22;-2
2784;22;-12
2785;24;-24
2786;24;-8
2787;22;12
2788;22;10
2789;24;4
2790;24;0
2791;24;0
2792;26;-2
2793;24;-18
2794;26;-24
2795;24;-6
2796;30;12
2797;26;16
2798;26;10
2799;26;8
2800;28;6
2801;26;-6
2802;26;-18
2803;26;-6
2804;26;16
2805;26;18
2806;24;12
2807;26;8
2808;26;8
2809;26;6
2810;26;2
2811;22;-14
2812;26;-14
2813;24;12
2814;26;18
2815;18;12
2816;24;8
2817;26;14
2818;26;0
2819;26;-12
2820;26;4
2821;24;24
2822;22;24
2823;24;18
2824;24;14
2825;22;14
2826;24;12
2827;24;0
2828;24;-12
2829;22;6
2830;24;24
2831;24;22
2832;24;18
2833;24;16
2834;24;12
2835;24;12
2836;22;2
2837;18;-12
2838;24;6
2839;24;26
2840;24;28
2841;36;24
2842;26;22
2843;24;20
2844;24;18
2845;26;6
2846;24;-6
2847;24;4
2848;24;26
2849;26;28
2850;26;24
2851;24;22
2852;44;18
2853;22;18
2854;22;18
2855;24;4
2856;20;-8
2857;24;8
2858;24;30
2859;26;32
2860;24;28
2861;24;26
2862;24;24
2863;24;22
2864;24;8
2865;24;-4
2866;24;14
2867;14;32
2868;24;32
2869;26;28
2870;26;24
2871;28;24
2872;24;22
2873;26;20
2874;26;8
2875;26;-4
2876;24;12
2877;24;32
2878;24;32
2879;26;28
2880;26;28
2881;24;8
2882;18;2
2883;26;22
2884;24;38
2885;26;34
2886;26;30
2887;26;28
2888;26;26
2889;26;26
2890;26;14
2891;26;2
2892;26;18
2893;24;38
2894;22;34
2895;24;30
2896;24;26
2897;32;26
2898;22;24
2899;22;22
2900;22;8
2901;24;4
2902;22;24
2903;22;38
2904;22;36
2905;22;32
2906;22;28
2907;20;26
2908;22;26
2909;22;16
2910;22;4
2911;20;10
2912;18;34
2913;22;38
2914;22;32
2915;22;28
2916;14;28
2917;22;24
2918;24;26
2919;22;22
2920;22;4
2921;20;4
2922;22;30
2923;8;40
2924;22;36
2925;20;32
2926;22;30
2927;20;28
2928;22;28
2929;22;20
2930;22;6
2931;26;10
2932;20;34
2933;22;40
2934;20;36
2935;22;32
2936;20;30
2937;20;28
2938;10;26
2939;20;10
2940;20;4
2941;20;30
2942;30;44
2943;18;40
2944;20;34
2945;18;20
2946;18;6
2947;18;22
2948;20;42
2949;18;42
2950;20;38
2951;18;34
2952;18;32
2953;38;32
2954;20;24
2955;20;8
2956;18;14
2957;8;34
2958;18;42
2959;18;38
2960;20;34
2961;18;32
2962;18;30
2963;20;32
2964;18;14
2965;20;8
2966;18;30
2967;20;44
2968;6;42
2969;18;36
2970;20;34
2971;20;32
2972;26;32
2973;20;30
2974;18;14
2975;20;8
2976;22;30
2977;18;44
2978;18;40
2979;18;36
2980;18;34
2981;18;30
2982;18;30
2983;22;32
2984;20;24
2985;18;10
2986;20;14
2987;16;40
2988;16;42
2989;18;38
2990;20;34
2991;18;32
2992;18;30
2993;20;30
2994;18;16
2995;18;6
2996;18;28
2997;20;44
2998;28;40
2999;20;34
3000;20;32
3001;20;32
3002;22;28
3003;20;12
3004;20;10
3005;20;34
3006;20;38
3007;20;34
3008;22;32
3009;18;34
3010;18;44
3011;18;42
3012;18;38
3013;22;38
3014;20;36
3015;18;36
3016;20;36
3017;10;34
3018;18;18
3019;20;12
3020;18;38
3021;20;46
3022;18;42
3023;18;38
3024;6;36
3025;16;38
3026;18;30
3027;18;16
3028;18;24
3029;18;50
3030;18;50
3031;18;44
3032;22;40
3033;18;40
3034;18;38
3035;18;32
3036;18;16
3037;18;20
3038;18;42
3039;4;52
3040;18;46
3041;18;42
3042;18;38
3043;34;38
3044;18;38
3045;18;22
3046;20;14
3047;22;38
3048;20;52
3049;20;48
3050;20;44
3051;18;40
3052;20;38
3053;18;38
3054;40;22
3055;20;16
3056;20;34
3057;20;52
3058;8;50
3059;20;44
3060;20;40
3061;20;40
3062;18;38
3063;20;24
3064;20;14
3065;18;36
3066;18;50
3067;20;48
3068;18;44
3069;22;40
3070;20;22
3071;18;16
3072;20;38
3073;22;52
3074;20;48
3075;18;44
3076;20;40
3077;16;40
3078;18;34
3079;18;20
3080;20;20
3081;18;48
3082;20;50
3083;18;44
3084;14;42
3085;20;40
3086;18;32
3087;20;18
3088;20;20
3089;18;40
3090;18;50
3091;18;44
3092;20;40
3093;18;38
3094;18;36
3095;16;38
3096;16;26
3097;16;12
3098;16;26
3099;22;46
3100;16;48
3101;16;42
3102;16;40
3103;14;38
3104;14;36
3105;16;30
3106;16;14
3107;16;22
3108;16;48
3109;16;44
3110;18;38
3111;14;34
3112;16;32
3113;16;26
3114;18;12
3115;16;14
3116;18;36
3117;16;44
3118;20;40
3119;16;36
3120;16;34
3121;14;32
3122;16;30
3123;18;14
3124;16;8
3125;24;36
3126;16;44
3127;16;40
3128;18;34
3129;8;34
3130;18;22
3131;18;6
3132;16;6
3133;8;30
3134;18;40
3135;16;36
3136;18;30
3137;18;28
3138;14;28
3139;16;22
3140;-8;4
3141;16;8
3142;16;36
3143;16;38
3144;10;34
3145;16;30
3146;16;28
3147;16;26
3148;14;14
3149;16;0
3150;16;22
3151;18;34
3152;14;32
3153;16;26
3154;16;24
3155;20;22
3156;14;18
3157;14;6
3158;16;-2
3159;16;18
3160;14;34
3161;16;32
3162;16;26
3163;18;24
3164;16;22
3165;16;16
3166;16;0
3167;14;4
3168;16;26
3169;16;34
3170;20;28
3171;14;26
3172;14;14
3173;14;-4
3174;14;0
3175;14;24
3176;14;30
3177;14;26
3178;12;22
3179;12;20
3180;14;18
3181;14;18
3182;12;8
3183;12;-6
3184;12;4
3185;8;24
3186;12;28
3187;12;24
3188;14;20
3189;10;18
3190;14;18
3191;12;16
3192;12;16
3193;14;0
3194;12;-10
3195;14;8
3196;12;26
3197;10;26
3198;10;22
3199;12;18
3200;12;16
3201;12;16
3202;12;10
3203;10;-6
3204;8;-6
3205;12;18
3206;10;28
3207;12;22
3208;12;20
3209;10;16
3210;10;16
3211;12;16
3212;10;16
3213;10;10
3214;10;-4
3215;10;-8
3216;10;12
3217;8;26
3218;8;24
3219;18;18
3220;8;16
3221;6;14
3222;6;12
3223;8;-4
3224;6;-8
3225;6;14
3226;6;26
3227;6;22
3228;6;20
3229;6;16
3230;-4;14
3231;6;14
3232;6;12
3233;4;-2
3234;-4;-14
3235;4;8
3236;4;24
3237;6;20
3238;6;14
3239;2;12
3240;4;10
3241;-10;2
3242;4;-14
3243;4;-8
3244;6;16
3245;10;24
3246;6;18
3247;6;14
3248;4;12
3249;6;12
3250;4;10
3251;4;6
3252;4;-8
3253;2;-16
3254;2;10
3255;2;18
3256;-6;14
3257;2;8
3258;2;6
3259;2;2
3260;8;-14
3261;2;-16
3262;2;6
3263;4;16
3264;6;12
3265;2;10
3266;4;6
3267;2;6
3268;2;4
3269;2;2
3270;0;-12
3271;6;-20
3272;0;8
3273;0;16
3274;0;10
3275;2;12
3276;0;-4
3277;0;-18
3278;2;-18
3279;4;6
3280;0;14
3281;0;10
3282;0;4
3283;0;4
3284;0;2
3285;0;2
3286;4;-6
3287;0;-22
3288;0;-14
3289;-2;12
3290;-2;12
3291;-2;6
3292;-2;4
3293;-4;2
3294;-2;0
3295;-4;-16
3296;-6;-22
3297;-6;-10
3298;-6;6
3299;-4;6
3300;-6;0
3301;-6;-4
3302;-6;-4
3303;-8;-8
3304;-8;-22
3305;-12;-28
3306;-8;-2
3307;-10;8
3308;-8;4
3309;-8;-2
3310;-8;-4
3311;-8;-4
3312;-16;-8
3313;-10;-24
3314;-8;-28
3315;-10;-8
3316;-10;6
3317;-10;0
3318;-10;-6
3319;-10;-10
3320;-4;-26
3321;-10;-34
3322;-10;-8
3323;-12;2
3324;-10;-4
3325;-10;-8
3326;-12;-10
3327;-14;-10
3328;-14;-12
3329;-14;-22
3330;-12;-34
3331;-2;-24
3332;-12;-2
3333;-14;0
3334;-14;-6
3335;-18;-8
3336;-16;-10
3337;-12;-12
3338;-16;-18
3339;-16;-34
3340;-14;-38
3341;-18;-18
3342;-16;-4
3343;-16;-6
3344;-18;-10
3345;-18;-14
3346;-20;-16
3347;-16;-16
3348;-20;-22
3349;-18;-38
3350;-20;-30
3351;-20;-6
3352;-22;-4
3353;-20;-10
3354;-18;-12
3355;-20;-14
3356;-18;-16
3357;-34;-18
3358;-20;-36
3359;-20;-40
3360;-22;-18
3361;-14;-6
3362;-22;-10
3363;-22;-14
3364;-20;-16
3365;-18;-18
3366;-22;-18
3367;-22;-26
3368;-22;-40
3369;-24;-32
3370;-22;-8
3371;-24;-8
3372;-18;-14
3373;-22;-16
3374;-22;-18
3375;-24;-20
3376;-22;-34
3377;-24;-42
3378;-24;-24
3379;-22;-6
3380;-26;-10
3381;-24;-16
3382;-26;-20
3383;-26;-22
3384;-24;-26
3385;-26;-40
3386;-24;-40
3387;-18;-18
3388;-26;-10
3389;-26;-14
3390;-26;-18
3391;-24;-20
3392;-26;-20
3393;-26;-24
3394;-24;-40
3395;-24;-42
3396;-24;-20
3397;-26;-8
3398;-26;-12
3399;-24;-18
3400;-24;-18
3401;-24;-28
3402;-24;-42
3403;-26;-40
3404;-24;-18
3405;-26;-10
3406;-30;-14
3407;-26;-20
3408;-24;-22
3409;-26;-22
3410;-24;-24
3411;-26;-38
3412;-28;-46
3413;-36;-28
3414;-26;-10
3415;-24;-12
3416;-24;-18
3417;-26;-20
3418;-26;-22
3419;-26;-30
3420;-28;-44
3421;-20;-34
3422;-28;-20
3423;-28;-22
3424;-28;-24
3425;-26;-20
3426;-28;-12
3427;-30;-16
3428;-30;-18
3429;-28;-20
3430;-28;-20
3431;-28;-22
3432;-18;-22
3433;-28;-34
3434;-30;-44
3435;-28;-22
3436;-26;-10
3437;-28;-14
3438;-30;-18
3439;-28;-20
3440;-26;-20
3441;-26;-22
3442;-26;-22
3443;-6;-38
3444;-26;-44
3445;-28;-26
3446;-28;-10
3447;-34;-12
3448;-26;-18
3449;-26;-18
3450;-26;-20
3451;-28;-30
3452;-28;-44
3453;-26;-32
3454;-26;-10
3455;-26;-10
3456;-26;-18
3457;-26;-20
3458;-32;-20
3459;-28;-24
3460;-26;-38
3461;-26;-42
3462;-24;-22
3463;-26;-8
3464;-26;-14
3465;-26;-18
3466;-24;-20
3467;-24;-22
3468;-26;-24
3469;-24;-38
3470;-26;-44
3471;-26;-26
3472;-26;-12
3473;-22;-12
3474;-24;-18
3475;-24;-20
3476;-24;-22
3477;-24;-22
3478;-22;-38
3479;-22;-44
3480;-24;-26
3481;-22;-10
3482;-24;-14
3483;-24;-16
3484;-22;-20
3485;-24;-34
3486;-22;-44
3487;-24;-22
3488;-18;-8
3489;-22;-12
3490;-24;-18
3491;-24;-20
3492;-24;-20
3493;-24;-30
3494;-24;-44
3495;-24;-34
3496;-24;-12
3497;-24;-10
3498;-24;-14
3499;-26;-18
3500;-26;-20
3501;-24;-22
3502;-24;-20
3503;-26;-34
3504;-24;-44
3505;-26;-28
3506;-24;-10
3507;-30;-12
3508;-24;-16
3509;-26;-20
3510;-22;-18
3511;-20;-22
3512;-22;-38
3513;-22;-44
3514;-22;-18
3515;-22;-10
3516;-22;-14
3517;-20;-18
3518;-22;-20
3519;-18;-22
3520;-20;-32
3521;-20;-44
3522;-12;-34
3523;-18;-14
3524;-18;-10
3525;-18;-14
3526;-16;-20
3527;-18;-38
3528;-18;-42
3529;-8;-20
3530;-16;-8
3531;-16;-12
3532;-16;-18
3533;-12;-20
3534;-16;-20
3535;-16;-22
3536;-14;-32
3537;-20;-42
3538;-14;-28
3539;-14;-10
3540;-14;-12
3541;-12;-16
3542;-14;-20
3543;-12;-22
3544;0;-20
3545;-14;-26
3546;-12;-40
3547;-12;-42
3548;-8;-20
3549;-14;-8
3550;-12;-12
3551;-10;-16
3552;-12;-18
3553;-10;-20
3554;-10;-20
3555;-10;-32
3556;-10;-44
3557;-10;-24
3558;-8;-8
3559;-10;-12
3560;-8;-16
3561;-8;-18
3562;-8;-20
3563;-10;-22
3564;-8;-36
3565;-6;-42
3566;-6;-26
3567;-6;-6
3568;-6;-10
3569;-6;-16
3570;-6;-18
3571;-6;-20
3572;-6;-24
3573;-6;-38
3574;0;-38
3575;-4;-16
3576;-6;-8
3577;-4;-12
3578;-2;-16
3579;-6;-18
3580;-2;-18
3581;-6;-18
3582;-4;-24
3583;-4;-38
3584;-2;-40
3585;-4;-12
3586;-4;-8
3587;-4;-12
3588;-2;-14
3589;-2;-28
3590;-2;-40
3591;-2;-24
3592;-2;-6
3593;0;-4
3594;0;-12
3595;0;-14
3596;2;-16
3597;0;-16
3598;0;-22
3599;2;-38
3600;2;-36
3601;2;-14
3602;2;-4
3603;2;-8
3604;-2;-14
3605;4;-14
3606;2;-16
3607;4;-18
3608;-4;-16
3609;4;-16
3610;4;-30
3611;4;-32
3612;6;-10
3613;6;2
3614;6;-2
3615;-2;-8
3616;6;-10
3617;6;-10
3618;6;-10
3619;6;-14
3620;6;-28
3621;6;-34
3622;8;-6
3623;0;2
3624;6;-4
3625;8;-8
3626;8;-10
3627;10;-10
3628;8;-16
3629;6;-30
3630;-2;-26
3631;6;-4
3632;8;8
3633;8;4
3634;22;-2
3635;10;-4
3636;10;-6
3637;10;-8
3638;14;-22
3639;10;-28
3640;12;-8
3641;12;6
3642;14;4
3643;14;-2
3644;14;-4
3645;38;-6
3646;14;-8
3647;16;-22
3648;16;-30
3649;6;-12
3650;16;6
3651;14;8
3652;14;2
3653;14;-2
3654;16;-2
3655;18;-2
3656;18;-4
3657;18;-18
3658;18;-26
3659;18;-6
3660;6;10
3661;18;8
3662;20;4
3663;20;0
3664;26;-2
3665;22;-2
3666;18;-10
3667;20;-24
3668;22;-18
3669;20;8
3670;22;6
3671;22;6
3672;20;0
3673;20;-18
3674;22;-18
3675;18;6
3676;22;14
3677;22;10
3678;24;6
3679;26;4
3680;24;4
3681;24;-6
3682;24;-22
3683;26;-16
3684;26;10
3685;26;14
3686;26;10
3687;26;4
3688;26;4
3689;26;2
3690;32;0
3691;26;-16
3692;26;-20
3693;24;4
3694;24;18
3695;26;14
3696;26;10
3697;26;8
3698;26;6
3699;24;4
3700;24;-12
3701;28;-18
3702;24;8
3703;24;18
3704;26;14
3705;26;10
3706;26;8
3707;24;8
3708;26;-4
3709;24;-18
3710;22;-6
3711;24;18
3712;26;16
3713;24;14
3714;24;0
3715;24;-14
3716;22;2
3717;24;22
3718;24;20
3719;24;14
3720;22;12
3721;26;10
3722;26;8
3723;24;-8
3724;26;-14
3725;26;4
3726;26;20
3727;26;20
3728;28;14
3729;24;12
3730;26;10
3731;4;6
3732;24;-10
3733;24;-8
3734;26;22
3735;38;22
3736;24;16
3737;24;14
3738;24;12
3739;28;10
3740;24;-4
3741;24;-12
3742;24;2
3743;24;22
3744;24;22
3745;24;18
3746;44;14
3747;26;12
3748;22;10
3749;24;-6
3750;10;-14
3751;24;6
3752;24;24
3753;24;20
3754;26;16
3755;24;18
3756;24;2
3757;24;-8
3758;22;16
3759;24;28
3760;22;24
3761;20;18
3762;22;18
3763;24;16
3764;24;10
3765;28;-6
3766;24;-4
3767;24;20
3768;22;28
3769;26;24
3770;22;20
3771;24;18
3772;24;16
3773;24;16
3774;24;12
3775;24;-4
3776;22;-4
3777;24;20
3778;24;30
3779;24;28
3780;22;24
3781;24;20
3782;22;20
3783;22;8
3784;26;-6
3785;22;8
3786;24;30
3787;22;28
3788;22;22
3789;24;22
3790;24;20
3791;30;18
3792;24;6
3793;26;-6
3794;24;14
3795;26;30
3796;24;28
3797;24;26
3798;24;24
3799;24;12
3800;26;-2
3801;24;8
3802;24;32
3803;24;36
3804;24;26
3805;22;26
3806;22;24
3807;24;24
3808;24;8
3809;24;-2
3810;32;16
3811;24;34
3812;24;32
3813;24;26
3814;24;22
3815;22;22
3816;22;20
3817;26;26
3818;22;10
3819;22;4
3820;22;20
3821;20;38
3822;22;38
3823;20;32
3824;22;30
3825;22;28
3826;20;26
3827;22;18
3828;22;4
3829;22;12
3830;22;38
3831;20;38
3832;6;32
3833;20;30
3834;22;28
3835;20;26
3836;28;12
3837;22;4
3838;22;28
3839;22;42
3840;24;40
3841;18;36
3842;20;34
3843;22;32
3844;20;30
3845;20;18
3846;20;6
3847;44;20
3848;22;40
3849;20;42
3850;20;38
3851;8;34
3852;20;32
3853;20;32
3854;20;30
3855;18;12
3856;20;8
3857;22;34
3858;20;44
3859;18;44
3860;22;38
3861;20;26
3862;20;10
3863;20;24
3864;20;44
3865;20;48
3866;26;40
3867;22;38
3868;20;36
3869;20;36
3870;22;34
3871;20;20
3872;22;10
3873;20;28
3874;18;46
3875;20;46
3876;20;40
3877;18;38
3878;22;34
3879;20;36
3880;20;32
3881;24;18
3882;20;20
3883;20;46
3884;18;50
3885;24;44
3886;22;40
3887;22;40
3888;18;38
3889;20;32
3890;20;16
3891;20;18
3892;26;40
3893;22;52
3894;20;46
3895;20;42
3896;20;40
3897;18;38
3898;18;36
3899;18;20
3900;20;16
3901;18;36
3902;18;50
3903;20;46
3904;16;42
3905;16;38
3906;18;40
3907;22;36
3908;18;18
3909;18;14
3910;18;36
3911;24;48
3912;18;46
3913;18;40
3914;18;38
3915;20;38
3916;16;36
3917;18;34
3918;26;32
3919;18;16
3920;20;16
3921;20;42
3922;10;50
3923;18;44
3924;20;40
3925;18;38
3926;10;36
3927;18;30
3928;18;14
3929;18;20
3930;20;46
3931;18;48
3932;18;40
3933;4;38
3934;18;38
3935;18;36
3936;20;28
3937;26;12
3938;18;22
3939;20;46
3940;20;46
3941;16;40
3942;18;38
3943;18;26
3944;20;12
3945;18;20
3946;20;42
3947;18;46
3948;20;40
3949;18;38
3950;18;36
3951;18;36
3952;24;32
3953;20;20
3954;20;10
3955;20;26
3956;24;46
3957;18;44
3958;18;40
3959;20;36
3960;20;34
3961;20;34
3962;20;34
3963;24;32
3964;20;16
3965;18;10
3966;20;30
3967;22;46
3968;18;44
3969;18;38
3970;20;36
3971;18;34
3972;20;34
3973;16;32
3974;18;24
3975;18;10
3976;20;22
3977;18;44
3978;16;42
3979;18;40
3980;18;36
3981;18;34
3982;16;30
3983;18;14
3984;18;10
3985;18;34
3986;18;46
3987;16;42
3988;16;38
3989;16;36
3990;16;34
3991;16;32
3992;18;24
3993;14;10
3994;18;20
3995;18;42
3996;18;42
3997;10;38
3998;20;36
3999;20;34
4000;18;32
4001;20;14
4002;18;8
4003;18;28
4004;10;46
4005;18;44
4006;18;40
4007;18;36
4008;18;34
4009;18;24
4010;18;10
4011;18;22
4012;22;42
4013;14;46
4014;18;40
4015;18;38
4016;20;36
4017;18;36
4018;16;28
4019;2;12
4020;16;14
4021;16;36
4022;18;46
4023;30;42
4024;16;36
4025;16;34
4026;16;26
4027;16;10
4028;18;14
4029;14;36
4030;14;44
4031;14;38
4032;14;34
4033;14;32
4034;40;32
4035;16;30
4036;14;18
4037;16;8
4038;4;30
4039;14;42
4040;16;40
4041;16;34
4042;12;32
4043;16;32
4044;16;20
4045;16;6
4046;16;20
4047;16;38
4048;16;40
4049;14;34
4050;18;32
4051;18;30
4052;16;30
4053;18;14
4054;18;4
4055;16;26
4056;18;40
4057;14;36
4058;16;34
4059;16;30
4060;14;28
4061;16;16
4062;18;4
4063;16;16
4064;10;38
4065;16;40
4066;16;34
4067;14;28
4068;16;16
4069;16;2
4070;18;18
4071;18;38
4072;18;34
4073;18;30
4074;16;26
4075;18;26
4076;14;18
4077;16;2
4078;16;6
4079;22;30
4080;18;38
4081;16;32
4082;16;28
4083;18;26
4084;16;24
4085;16;24
4086;14;20
4087;16;2
4088;16;2
4089;16;24
4090;14;30
4091;14;28
4092;14;22
4093;14;22
4094;8;20
4095;14;12
4096;14;-4
4097;12;4
4098;18;32
4099;12;30
4100;12;24
4101;10;22
4102;12;22
4103;12;8
4104;10;-4
4105;16;8
4106;10;30
4107;10;30
4108;12;26
4109;8;18
4110;10;4
4111;12;-10
4112;10;14
4113;8;28
4114;10;24
4115;10;20
4116;8;18
4117;10;16
4118;10;10
4119;10;-6
4120;-4;-6
4121;8;20
4122;10;28
4123;10;24
4124;12;20
4125;8;16
4126;8;16
4127;10;6
4128;10;-10
4129;10;4
4130;10;20
4131;8;20
4132;10;14
4133;8;10
4134;8;10
4135;24;8
4136;6;-6
4137;8;-16
4138;6;6
4139;-2;22
4140;8;16
4141;6;12
4142;6;10
4143;2;8
4144;4;0
4145;6;-14
4146;4;-10
4147;6;14
4148;6;20
4149;6;14
4150;-12;12
4151;4;-2
4152;2;-18
4153;4;-20
4154;8;10
4155;4;14
4156;4;8
4157;2;4
4158;6;2
4159;2;2
4160;2;-10
4161;2;-22
4162;2;-4
4163;4;14
4164;2;10
4165;-4;6
4166;2;4
4167;2;2
4168;2;2
4169;0;-12
4170;0;-24
4171;2;-6
4172;2;8
4173;2;8
4174;0;0
4175;2;-2
4176;2;-4
4177;-2;-4
4178;0;-14
4179;0;-28
4180;-2;-16
4181;0;6
4182;-2;8
4183;-2;2
4184;-4;-2
4185;-2;-2
4186;-2;-4
4187;-2;-4
4188;-2;-18
4189;-2;-28
4190;-2;-10
4191;0;8
4192;-4;4
4193;0;-2
4194;-4;-6
4195;-4;-16
4196;-2;-28
4197;-2;-22
4198;-2;4
4199;-6;2
4200;-2;-4
4201;-2;-6
4202;-2;-8
4203;-4;-8
4204;-4;-18
4205;-2;-30
4206;12;-22
4207;-4;0
4208;-4;4
4209;-4;-2
4210;-14;-4
4211;-4;-8
4212;-6;-8
4213;-6;-12
4214;-12;-26
4215;-6;-32
4216;-6;-4
4217;-4;4
4218;-6;-2
4219;-8;-6
4220;-8;-8
4221;-26;-8
4222;-10;-10
4223;-10;-18
4224;-10;-30
4225;-10;-24
4226;-10;-2
4227;-8;4
4228;-10;-2
4229;-14;-4
4230;-12;-8
4231;-14;-8
4232;-12;-12
4233;-12;-28
4234;-14;-30
4235;-14;-10
4236;-26;2
4237;-14;-2
4238;-14;-6
4239;-14;-8
4240;-10;-10
4241;-14;-12
4242;-14;-12
4243;-16;-26
4244;-10;-34
4245;-16;-18
4246;-16;0
4247;-14;0
4248;-16;-6
4249;-16;-8
4250;-16;-12
4251;-12;-10
4252;-16;-12
4253;-16;-22
4254;-18;-32
4255;-16;-22
4256;-16;-2
4257;-18;-4
4258;-16;-10
4259;-16;-14
4260;-18;-14
4261;-18;-14
4262;-18;-28
4263;-18;-38
4264;-18;-22
4265;-18;-4
4266;-14;-4
4267;-18;-8
4268;-20;-10
4269;-18;-14
4270;-18;-14
4271;-18;-14
4272;-20;-20
4273;-20;-34
4274;-20;-32
4275;-20;-2
4276;-22;-4
4277;-20;-12
4278;-20;-14
4279;-20;-16
4280;-18;-16
4281;-22;-30
4282;-22;-40
4283;-22;-24
4284;-18;-6
4285;-28;-4
4286;-20;-10
4287;-20;-14
4288;-20;-14
4289;-20;-16
4290;-22;-16
4291;-24;-22
4292;-32;-36
4293;-22;-34
4294;-22;-10
4295;-24;-4
4296;-24;-6
4297;-22;-14
4298;-24;-18
4299;-26;-36
4300;-20;-40
4301;-26;-14
4302;-24;-6
4303;-26;-12
4304;-26;-16
4305;-26;-16
4306;-26;-18
4307;-24;-30
4308;-26;-40
4309;-26;-20
4310;-26;-6
4311;-14;-8
4312;-26;-14
4313;-28;-16
4314;-26;-16
4315;-28;-22
4316;-26;-36
4317;-26;-38
4318;-26;-22
4319;-28;-8
4320;-26;-12
4321;-26;-18
4322;-10;-18
4323;-28;-20
4324;-26;-22
4325;-26;-36
4326;-40;-44
4327;-28;-24
4328;-26;-10
4329;-26;-12
4330;-30;-16
4331;-26;-20
4332;-26;-20
4333;-26;-20
4334;-26;-30
4335;-26;-42
4336;-26;-32
4337;-34;-10
4338;-26;-14
4339;-26;-20
4340;-28;-26
4341;-22;-40
4342;-28;-44
4343;-28;-20
4344;-28;-12
4345;-24;-18
4346;-28;-20
4347;-28;-22
4348;-28;-24
4349;-30;-36
4350;-28;-48
4351;-30;-30
4352;-24;-12
4353;-28;-14
4354;-28;-20
4355;-28;-22
4356;-30;-24
4357;-28;-40
4358;-28;-46
4359;-26;-28
4360;-30;-24
4361;-28;-26
4362;-28;-28
4363;-28;-28
4364;-28;-18
4365;-28;-18
4366;-28;-22
4367;-24;-24
4368;-28;-26
4369;-28;-24
4370;-28;-24
4371;-28;-28
4372;-26;-42
4373;-28;-44
4374;-28;-18
4375;-26;-14
4376;-28;-20
4377;-28;-22
4378;-26;-24
4379;-28;-24
4380;-26;-32
4381;-26;-46
4382;-30;-46
4383;-26;-20
4384;-28;-16
4385;-26;-20
4386;-34;-24
4387;-28;-26
4388;-28;-26
4389;-26;-42
4390;-24;-50
4391;-28;-32
4392;-28;-18
4393;-34;-16
4394;-26;-24
4395;-26;-26
4396;-24;-26
4397;-24;-34
4398;-24;-48
4399;-26;-40
4400;-24;-18
4401;-16;-14
4402;-24;-18
4403;-22;-22
4404;-24;-24
4405;-24;-24
4406;-22;-36
4407;-24;-48
4408;-22;-28
4409;-24;-12
4410;-24;-16
4411;-22;-20
4412;-14;-24
4413;-22;-24
4414;-22;-26
4415;-24;-34
4416;-20;-46
4417;-22;-38
4418;-22;-16
4419;-22;-14
4420;-22;-20
4421;-22;-20
4422;-20;-28
4423;-4;-42
4424;-22;-36
4425;-24;-12
4426;-20;-12
4427;-32;-18
4428;-22;-20
4429;-20;-20
4430;-20;-26
4431;-22;-42
4432;-20;-40
4433;-20;-16
4434;-18;-10
4435;-20;-14
4436;-18;-18
4437;-18;-20
4438;-32;-20
4439;-16;-20
4440;-18;-22
4441;-14;-40
4442;-16;-42
4443;-14;-18
4444;-16;-6
4445;-14;-12
4446;-16;-16
4447;-14;-18
4448;-14;-18
4449;-12;-28
4450;-10;-42
4451;-12;-32
4452;-12;-12
4453;-18;-8
4454;-10;-14
4455;-10;-16
4456;-12;-18
4457;-10;-20
4458;-10;-30
4459;-8;-42
4460;-10;-28
4461;-6;-10
4462;-8;-8
4463;-8;-10
4464;-8;-14
4465;-8;-22
4466;-6;-36
4467;-8;-36
4468;-6;-16
4469;-8;-6
4470;-8;-10
4471;-6;-14
4472;-12;-16
4473;-6;-16
4474;-6;-18
4475;-4;-20
4476;-2;-34
4477;-4;-40
4478;-6;-14
4479;-2;-4
4480;-2;-10
4481;-2;-14
4482;-2;-16
4483;-4;-16
4484;-2;-18
4485;-2;-32
4486;-2;-36
4487;6;-14
4488;0;-2
4489;0;-6
4490;0;-10
4491;0;-10
4492;-2;-12
4493;0;-14
4494;-8;-20
4495;-2;-34
4496;-2;-34
4497;-2;-10
4498;0;0
4499;-2;-8
4500;-2;-10
4501;-2;-12
4502;-8;-14
4503;0;-16
4504;-2;-32
4505;-2;-36
4506;0;-8
4507;0;0
4508;0;-4
4509;-6;-8
4510;0;-10
4511;0;-14
4512;0;-30
4513;6;-34
4514;2;-14
4515;2;0
4516;4;-2
4517;4;-8
4518;2;-10
4519;4;-10
4520;4;-12
4521;4;-26
4522;4;-36
4523;6;-18
4524;0;-2
4525;6;0
4526;4;-6
4527;6;-10
4528;4;-20
4529;6;-34
4530;8;-24
4531;8;0
4532;10;-2
4533;8;-8
4534;8;-10
4535;8;-12
4536;8;-14
4537;8;-22
4538;8;-36
4539;14;-22
4540;8;0
4541;8;-2
4542;8;-8
4543;8;-12
4544;10;-12
4545;12;-14
4546;10;-12
4547;10;-24
4548;12;-34
4549;12;-24
4550;14;-2
4551;12;2
4552;12;-4
4553;12;-8
4554;14;-8
4555;14;-10
4556;12;-10
4557;14;-24
4558;14;-34
4559;14;-12
4560;16;2
4561;16;-2
4562;18;-6
4563;16;-8
4564;16;-10
4565;16;-14
4566;18;-30
4567;16;-28
4568;18;-6
4569;20;4
4570;18;0
4571;18;-4
4572;18;-8
4573;10;-6
4574;18;-8
4575;18;-12
4576;18;-28
4577;22;-26
4578;20;0
4579;20;4
4580;24;-2
4581;18;-6
4582;20;-6
4583;20;-8
4584;22;-14
4585;20;-28
4586;20;-24
4587;22;2
4588;30;12
4589;22;4
4590;22;0
4591;22;-18
4592;22;-24
4593;22;0
4594;22;12
4595;30;6
4596;24;2
4597;24;0
4598;24;-2
4599;34;-12
4600;26;-26
4601;24;-14
4602;26;8
4603;22;10
4604;26;4
4605;26;0
4606;26;0
4607;26;-2
4608;26;-2
4609;26;0
4610;22;-16
4611;24;-16
4612;26;8
4613;26;18
4614;26;14
4615;26;10
4616;24;6
4617;26;6
4618;28;2
4619;24;-14
4620;26;-18
4621;26;4
4622;26;20
4623;24;14
4624;24;10
4625;28;8
4626;24;6
4627;26;4
4628;26;-10
4629;30;-20
4630;24;6
4631;24;24
4632;24;22
4633;26;18
4634;24;14
4635;26;12
4636;24;12
4637;24;6
4638;24;-10
4639;24;-4
4640;28;22
4641;24;22
4642;26;18
4643;26;14
4644;28;12
4645;26;12
4646;24;-4
4647;26;-14
4648;26;10
4649;24;24
4650;26;22
4651;24;20
4652;24;16
4653;24;0
4654;24;-10
4655;32;14
4656;24;28
4657;24;26
4658;24;20
4659;26;16
4660;26;16
4661;26;2
4662;24;-10
4663;26;6
4664;24;26
4665;26;26
4666;26;20
4667;24;18
4668;24;16
4669;26;16
4670;20;10
4671;26;-4
4672;26;-2
4673;26;22
4674;16;34
4675;24;30
4676;26;24
4677;24;22
4678;28;22
4679;24;20
4680;26;6
4681;40;-6
4682;24;14
4683;24;32
4684;24;30
4685;22;26
4686;26;24
4687;26;22
4688;26;20
4689;22;14
4690;24;-2
4691;24;0
4692;26;32
4693;26;38
4694;24;32
4695;24;28
4696;2;26
4697;24;26
4698;24;18
4699;24;2
4700;32;8
4701;24;30
4702;22;36
4703;24;32
4704;22;28
4705;24;26
4706;22;24
4707;22;24
4708;24;10
4709;24;0
4710;22;22
4711;30;36
4712;22;32
4713;22;32
4714;22;18
4715;8;4
4716;26;20
4717;22;40
4718;24;36
4719;20;32
4720;22;30
4721;22;28
4722;22;24
4723;24;14
4724;22;4
4725;24;16
4726;8;38
4727;24;38
4728;20;32
4729;24;30
4730;28;28
4731;22;28
4732;24;22
4733;22;6
4734;20;6
4735;22;30
4736;22;38
4737;24;36
4738;22;30
4739;22;28
4740;22;26
4741;18;26
4742;20;16
4743;22;2
4744;22;20
4745;22;40
4746;20;36
4747;20;32
4748;20;28
4749;22;26
4750;22;26
4751;20;14
4752;20;2
4753;20;14
4754;20;38
4755;20;40
4756;28;34
4757;20;30
4758;20;30
4759;22;26
4760;18;8
4761;20;6
4762;20;28
4763;20;40
4764;20;38
4765;20;32
4766;20;30
4767;20;28
4768;18;28
4769;20;24
4770;20;8
4771;14;6
4772;18;30
4773;20;40
4774;20;36
4775;14;32
4776;18;28
4777;18;12
4778;20;8
4779;20;30
4780;20;42
4781;20;38
4782;16;34
4783;20;32
4784;18;30
4785;18;28
4786;22;14
4787;18;6
4788;18;30
4789;20;42
4790;12;38
4791;18;34
4792;18;32
4793;20;30
4794;20;26
4795;20;8
4796;20;12
4797;-2;34
4798;18;44
4799;22;38
4800;20;34
4801;30;32
4802;22;32
4803;20;24
4804;18;8
4805;24;14
4806;20;36
4807;20;44
4808;20;38
4809;20;34
4810;20;32
4811;22;30
4812;22;30
4813;18;24
4814;22;10
4815;20;14
4816;18;40
4817;22;50
4818;20;44
4819;18;38
4820;20;26
4821;18;12
4822;18;26
4823;18;46
4824;18;48
4825;16;44
4826;18;38
4827;22;38
4828;18;38
4829;18;34
4830;16;24
4831;16;12
4832;16;32
4833;18;48
4834;16;44
4835;14;40
4836;18;38
4837;20;36
4838;18;38
4839;18;24
4840;16;16
4841;18;40
4842;20;52
4843;18;48
4844;18;42
4845;20;40
4846;20;40
4847;18;38
4848;20;22
4849;18;16
4850;22;34
4851;20;50
4852;18;50
4853;18;44
4854;18;40
4855;20;40
4856;20;34
4857;18;18
4858;20;20
4859;20;48
4860;20;52
4861;12;44
4862;20;40
4863;22;40
4864;20;28
4865;20;16
4866;22;26
4867;20;48
4868;12;50
4869;20;46
4870;22;42
4871;20;40
4872;20;40
4873;20;38
4874;20;26
4875;20;14
4876;26;26
4877;18;48
4878;20;50
4879;20;46
4880;20;40
4881;20;22
4882;20;18
4883;16;38
4884;20;50
4885;20;48
4886;20;44
4887;30;40
4888;20;40
4889;20;38
4890;20;38
4891;22;24
4892;18;16
4893;20;32
4894;18;50
4895;20;48
4896;18;42
4897;18;40
4898;32;38
4899;18;36
4900;18;38
4901;18;26
4902;4;14
4903;16;20
4904;16;44
4905;18;48
4906;16;42
4907;16;38
4908;18;38
4909;16;38
4910;16;30
4911;18;14
4912;16;18
4913;6;44
4914;16;48
4915;16;44
4916;16;38
4917;16;38
4918;18;38
4919;18;32
4920;18;16
4921;16;16
4922;16;32
4923;18;44
4924;16;40
4925;18;36
4926;16;32
4927;16;32
4928;14;22
4929;18;8
4930;16;18
4931;18;42
4932;20;42
4933;18;38
4934;18;32
4935;18;30
4936;16;30
4937;16;24
4938;16;8
4939;16;16
4940;16;42
4941;16;42
4942;16;38
4943;22;24
4944;16;6
4945;16;6
4946;16;28
4947;18;40
4948;16;36
4949;16;30
4950;14;28
4951;18;26
4952;16;26
4953;16;18
4954;14;4
4955;14;10
4956;16;34
4957;14;38
4958;12;32
4959;16;30
4960;18;26
4961;16;24
4962;12;6
4963;14;2
4964;18;24
4965;16;36
4966;16;32
4967;16;28
4968;16;26
4969;34;24
4970;16;22
4971;16;14
4972;14;0
4973;8;8
4974;16;30
4975;14;36
4976;16;30
4977;12;26
4978;16;24
4979;16;24
4980;14;16
4981;16;0
4982;16;6
4983;14;28
4984;-6;32
4985;16;26
4986;14;20
4987;14;20
4988;28;20
4989;12;8
4990;14;-6
4991;14;8
4992;16;30
4993;14;28
4994;16;22
4995;14;20
4996;14;18
4997;14;0
4998;16;-6
4999;16;20
5000;14;30
5001;16;24
5002;16;22
5003;10;18
5004;14;18
5005;14;10
5006;14;-6
5007;16;-4
5008;14;24
5009;14;28
5010;14;22
5011;12;20
5012;12;16
5013;12;16
5014;18;8
5015;12;-8
5016;12;-2
5017;10;20
5018;10;30
5019;10;24
5020;10;20
5021;10;18
5022;8;16
5023;10;12
5024;10;-8
5025;8;0
5026;8;18
5027;8;26
5028;8;20
5029;12;16
5030;8;16
5031;8;12
5032;8;-2
5033;8;-12
5034;8;4
5035;6;24
5036;8;24
5037;8;18
5038;6;16
5039;6;14
5040;6;10
5041;6;-4
5042;8;-10
5043;8;12
5044;6;24
5045;6;22
5046;8;18
5047;6;6
5048;4;-10
5049;8;-8
5050;8;18
5051;6;20
5052;6;16
5053;6;12
5054;6;12
5055;-2;8
5056;4;-8
5057;6;-14
5058;6;12
5059;4;22
5060;6;18
5061;4;12
5062;6;10
5063;4;10
5064;4;6
5065;4;-10
5066;6;-14
5067;6;6
5068;4;18
5069;4;16
5070;-8;10
5071;6;8
5072;4;6
5073;6;6
5074;18;-8
5075;4;-20
5076;4;-6
5077;4;16
5078;4;18
5079;4;12
5080;2;8
5081;2;6
5082;2;6
5083;4;4
5084;2;-14
5085;20;-18
5086;2;4
5087;2;18
5088;2;12
5089;-12;6
5090;0;2
5091;2;-12
5092;2;-22
5093;-2;0
5094;0;14
5095;0;12
5096;0;6
5097;0;4
5098;-4;0
5099;0;-14
5100;-16;-22
5101;-2;4
5102;-2;14
5103;-2;10
5104;-2;6
5105;-2;2
5106;-2;2
5107;-4;0
5108;-6;-8
5109;-4;-28
5110;-4;-22
5111;-6;2
5112;-4;6
5113;-4;2
5114;-6;-2
5115;-10;-4
5116;-6;-6
5117;-6;-10
5118;-6;-26
5119;-8;-24
5120;-6;4
5121;-6;6
5122;-6;2
5123;-4;-4
5124;-6;-4
5125;-8;-6
5126;-8;-6
5127;-8;-20
5128;-8;-30
5129;-6;-6
5130;-10;4
5131;-8;-2
5132;-8;-8
5133;-10;-10
5134;-12;-14
5135;-8;-28
5136;-10;-30
5137;-12;-10
5138;-8;4
5139;-12;-2
5140;-12;-6
5141;-10;-8
5142;-12;-8
5143;-12;-12
5144;-14;-28
5145;-10;-30
5146;-14;-12
5147;-14;2
5148;-16;0
5149;-12;-6
5150;-16;-8
5151;-16;-20
5152;-16;-36
5153;-18;-34
5154;-16;-12
5155;-18;-4
5156;-2;-8
5157;-16;-12
5158;-16;-14
5159;-18;-16
5160;-26;-16
5161;-16;-16
5162;-18;-30
5163;-18;-38
5164;-26;-16
5165;-18;-4
5166;-20;-8
5167;-20;-12
5168;-20;-14
5169;-20;-16
5170;-18;-16
5171;-32;-16
5172;-20;-32
5173;-20;-44
5174;-22;-32
5175;-20;-12
5176;-20;-10
5177;-20;-14
5178;-20;-18
5179;-22;-20
5180;-22;-20
5181;-22;-22
5182;-22;-28
5183;-22;-42
5184;-22;-34
5185;-22;-10
5186;-34;-10
5187;-24;-16
5188;-24;-18
5189;-22;-20
5190;-24;-26
5191;-22;-40
5192;-24;-38
5193;-22;-22
5194;-20;-20
5195;-24;-24
5196;-24;-24
5197;-24;-20
5198;-24;-12
5199;-24;-14
5200;-22;-20
5201;-18;-20
5202;-22;-20
5203;-22;-22
5204;-24;-22
5205;-24;-24
5206;-24;-38
5207;-22;-44
5208;-22;-24
5209;-24;-10
5210;-22;-12
5211;-24;-18
5212;-24;-20
5213;-26;-18
5214;-24;-32
5215;-24;-44
5216;-20;-22
5217;-24;-10
5218;-26;-12
5219;-24;-16
5220;-26;-20
5221;-28;-20
5222;-26;-22
5223;-28;-20
5224;-26;-28
5225;-26;-42
5226;-28;-38
5227;-26;-16
5228;-28;-8
5229;-26;-12
5230;-26;-18
5231;-32;-20
5232;-26;-20
5233;-28;-20
5234;-26;-24
5235;-22;-38
5236;-28;-42
5237;-26;-22
5238;-28;-8
5239;-26;-12
5240;-26;-16
5241;-26;-18
5242;-10;-20
5243;-28;-20
5244;-26;-36
5245;-26;-44
5246;-30;-20
5247;-26;-8
5248;-26;-12
5249;-26;-16
5250;-28;-18
5251;-28;-20
5252;-26;-30
5253;-26;-42
5254;-26;-30
5255;-26;-8
5256;-26;-8
5257;-42;-16
5258;-28;-20
5259;-26;-20
5260;-26;-30
5261;-26;-42
5262;-26;-28
5263;-26;-8
5264;-26;-10
5265;-24;-14
5266;-26;-16
5267;-26;-20
5268;-28;-28
5269;-26;-42
5270;-26;-24
5271;-26;-6
5272;-10;-8
5273;-26;-14
5274;-26;-16
5275;-24;-16
5276;-32;-28
5277;-26;-42
5278;-24;-38
5279;-24;-16
5280;-22;-8
5281;-24;-12
5282;-26;-18
5283;-24;-20
5284;-24;-20
5285;-24;-22
5286;-26;-30
5287;-20;-44
5288;-24;-34
5289;-22;-14
5290;-24;-8
5291;-20;-14
5292;-24;-18
5293;-22;-20
5294;-24;-22
5295;-28;-26
5296;-24;-38
5297;-26;-44
5298;-24;-24
5299;-26;-10
5300;-24;-12
5301;-26;-18
5302;-30;-20
5303;-24;-20
5304;-26;-24
5305;-28;-38
5306;-26;-44
5307;-26;-18
5308;-26;-8
5309;-26;-14
5310;-24;-18
5311;-26;-20
5312;-26;-20
5313;-24;-26
5314;-24;-42
5315;-24;-38
5316;-24;-14
5317;-28;-10
5318;-26;-16
5319;-24;-22
5320;-24;-38
5321;-30;-44
5322;-22;-28
5323;-24;-10
5324;-22;-14
5325;-20;-18
5326;-22;-20
5327;-22;-22
5328;-24;-28
5329;-22;-42
5330;-20;-42
5331;-20;-20
5332;-20;-12
5333;-20;-16
5334;-20;-18
5335;-20;-20
5336;-12;-22
5337;-18;-24
5338;-20;-24
5339;-18;-42
5340;-20;-46
5341;-18;-26
5342;-20;-12
5343;-28;-16
5344;-18;-20
5345;-18;-22
5346;-18;-22
5347;-18;-28
5348;-16;-42
5349;-18;-42
5350;-18;-16
5351;-24;-12
5352;-16;-18
5353;-16;-20
5354;-16;-22
5355;-16;-24
5356;-16;-26
5357;-14;-42
5358;-18;-44
5359;-16;-16
5360;-14;-12
5361;-14;-18
5362;-10;-22
5363;-10;-22
5364;-12;-32
5365;-12;-44
5366;-12;-38
5367;-10;-16
5368;-12;-12
5369;-10;-16
5370;-12;-20
5371;-10;-22
5372;-10;-24
5373;-24;-42
5374;-10;-44
5375;-10;-18
5376;-8;-12
5377;-2;-16
5378;-8;-22
5379;-8;-20
5380;-8;-24
5381;-6;-40
5382;-8;-42
5383;-6;-20
5384;-8;-10
5385;-6;-14
5386;-8;-18
5387;-6;-18
5388;-12;-20
5389;-6;-30
5390;-6;-42
5391;-4;-32
5392;-4;-10
5393;-6;-10
5394;-4;-16
5395;-2;-18
5396;-2;-20
5397;-2;-22
5398;-2;-36
5399;-2;-44
5400;0;-24
5401;0;-4
5402;0;-6
5403;4;-12
5404;0;-14
5405;0;-14
5406;0;-18
5407;0;-34
5408;0;-38
5409;0;-16
5410;0;-4
5411;2;-8
5412;2;-10
5413;0;-14
5414;2;-14
5415;0;-16
5416;2;-20
5417;2;-36
5418;2;-34
5419;2;-12
5420;0;-4
5421;2;-6
5422;10;-6
5423;0;-10
5424;0;-26
5425;2;-34
5426;2;-16
5427;2;0
5428;2;0
5429;16;-6
5430;2;-8
5431;4;-10
5432;4;-10
5433;0;-18
5434;4;-32
5435;4;-26
5436;4;0
5437;-2;0
5438;4;-6
5439;6;-8
5440;6;-10
5441;8;-12
5442;6;-8
5443;6;-20
5444;12;-30
5445;8;-18
5446;10;4
5447;10;4
5448;-2;0
5449;12;-4
5450;12;-6
5451;10;-8
5452;6;-16
5453;10;-30
5454;12;-16
5455;12;6
5456;12;2
5457;12;-2
5458;12;-6
5459;2;-6
5460;14;-6
5461;14;-14
5462;14;-28
5463;20;-22
5464;16;0
5465;16;8
5466;18;4
5467;18;0
5468;16;-2
5469;16;-2
5470;14;-12
5471;16;-26
5472;18;-14
5473;18;10
5474;16;6
5475;18;2
5476;18;0
5477;20;-2
5478;20;-6
5479;22;-22
5480;20;-26
5481;20;-4
5482;22;8
5483;22;6
5484;22;8
5485;22;-4
5486;22;-20
5487;24;-8
5488;24;14
5489;30;12
5490;22;8
5491;22;4
5492;22;2
5493;26;2
5494;22;-6
5495;24;-20
5496;22;-14
5497;24;10
5498;22;16
5499;22;10
5500;22;6
5501;24;4
5502;22;2
5503;22;2
5504;24;2
5505;24;-4
5506;22;-18
5507;22;-16
5508;22;10
5509;22;18
5510;24;12
5511;24;8
5512;24;6
5513;22;4
5514;26;4
5515;36;-8
5516;24;-20
5517;26;-8
5518;24;14
5519;18;16
5520;26;10
5521;24;8
5522;24;6
5523;22;6
5524;24;0
5525;26;-14
5526;24;-16
5527;28;4
5528;26;20
5529;26;16
5530;6;12
5531;24;10
5532;26;8
5533;26;8
5534;38;6
5535;26;-8
5536;26;-18
5537;26;6
5538;28;20
5539;24;16
5540;26;10
5541;24;10
5542;26;8
5543;24;6
5544;24;2
5545;40;-16
5546;24;-10
5547;24;14
5548;26;24
5549;12;18
5550;24;14
5551;24;12
5552;24;10
5553;28;-4
5554;24;-16
5555;24;8
5556;24;22
5557;24;20
5558;24;14
5559;22;12
5560;20;12
5561;22;4
5562;24;-12
5563;24;-12
5564;28;14
5565;24;22
5566;24;18
5567;24;16
5568;24;10
5569;24;-4
5570;24;-4
5571;24;24
5572;22;26
5573;26;22
5574;24;18
5575;22;16
5576;26;12
5577;24;-4
5578;22;-8
5579;20;20
5580;24;28
5581;24;22
5582;24;18
5583;24;16
5584;22;14
5585;24;4
5586;22;-10
5587;22;0
5588;22;28
5589;24;30
5590;28;26
5591;24;22
5592;24;18
5593;24;18
5594;24;12
5595;24;-4
5596;26;0
5597;24;24
5598;26;30
5599;24;26
5600;26;22
5601;28;20
5602;24;18
5603;26;10
5604;26;-6
5605;22;2
5606;24;24
5607;24;28
5608;26;24
5609;34;28
5610;24;12
5611;26;0
5612;26;16
5613;24;34
5614;26;34
5615;24;30
5616;38;26
5617;24;24
5618;24;24
5619;24;22
5620;14;10
5621;24;0
5622;24;18
5623;22;34
5624;16;32
5625;22;28
5626;24;24
5627;22;24
5628;20;24
5629;22;8
5630;24;4
5631;10;20
5632;22;40
5633;20;40
5634;22;34
5635;12;32
5636;24;30
5637;22;28
5638;22;16
5639;20;4
5640;20;16
5641;22;38
5642;20;40
5643;22;34
5644;22;30
5645;22;30
5646;16;28
5647;22;28
5648;22;16
5649;22;2
5650;26;22
5651;20;44
5652;20;44
5653;22;36
5654;24;36
5655;20;34
5656;22;32
5657;22;16
5658;20;8
5659;22;34
5660;22;46
5661;16;42
5662;22;36
5663;22;32
5664;22;32
5665;22;26
5666;22;12
5667;20;14
5668;18;40
5669;20;44
5670;22;36
5671;20;36
5672;20;28
5673;20;14
5674;20;22
5675;20;46
5676;26;46
5677;22;40
5678;20;36
5679;20;36
5680;24;24
5681;20;10
5682;20;26
5683;22;50
5684;22;44
5685;20;40
5686;22;38
5687;24;34
5688;22;22
5689;22;10
5690;20;24
5691;18;46
5692;18;50
5693;20;42
5694;20;40
5695;20;26
5696;18;12
5697;20;32
5698;18;50
5699;20;46
5700;18;42
5701;20;38
5702;38;38
5703;18;28
5704;18;14
5705;18;18
5706;10;44
5707;16;48
5708;18;44
5709;18;40
5710;10;38
5711;20;36
5712;18;36
5713;20;34
5714;20;18
5715;18;10
5716;18;28
5717;18;46
5718;18;46
5719;20;40
5720;20;36
5721;30;36
5722;20;36
5723;18;30
5724;20;14
5725;20;16
5726;20;44
5727;18;46
5728;20;42
5729;20;36
5730;22;36
5731;20;34
5732;30;30
5733;20;14
5734;18;14
5735;20;34
5736;8;48
5737;18;44
5738;18;40
5739;18;38
5740;22;36
5741;18;34
5742;18;18
5743;20;10
5744;18;30
5745;16;48
5746;18;46
5747;18;40
5748;18;38
5749;18;38
5750;18;36
5751;18;34
5752;18;24
5753;18;10
5754;18;30
5755;16;48
5756;18;44
5757;18;38
5758;18;36
5759;20;36
5760;18;30
5761;18;12
5762;16;14
5763;20;38
5764;20;46
5765;20;44
5766;18;38
5767;18;36
5768;20;34
5769;20;34
5770;22;18
5771;20;10
5772;20;34
5773;20;46
5774;20;40
5775;20;38
5776;18;32
5777;22;14
5778;18;12
5779;20;34
5780;18;46
5781;18;44
5782;18;36
5783;20;34
5784;20;34
5785;20;32
5786;18;28
5787;20;12
5788;22;12
5789;18;40
5790;18;44
5791;18;38
5792;18;36
5793;18;34
5794;20;32
5795;18;16
5796;30;10
5797;20;28
5798;18;44
5799;20;42
5800;20;36
5801;20;36
5802;18;34
5803;26;32
5804;18;32
5805;20;16
5806;20;8
5807;26;26
5808;18;44
5809;20;42
5810;18;38
5811;14;34
5812;18;34
5813;18;32
5814;18;20
5815;18;8
5816;18;28
5817;18;46
5818;40;44
5819;18;38
5820;18;34
5821;16;30
5822;10;14
5823;14;12
5824;16;40
5825;16;46
5826;14;40
5827;14;36
5828;14;34
5829;16;34
5830;16;32
5831;16;18
5832;16;8
5833;8;30
5834;16;46
5835;14;42
5836;16;38
5837;22;34
5838;14;32
5839;16;18
5840;16;8
5841;20;26
5842;14;44
5843;16;44
5844;16;38
5845;16;34
5846;16;34
5847;16;30
5848;12;14
5849;16;10
5850;18;36
5851;18;44
5852;18;40
5853;16;36
5854;16;34
5855;16;34
5856;20;24
5857;16;10
5858;18;16
5859;16;36
5860;16;42
5861;18;36
5862;18;34
5863;24;30
5864;16;30
5865;16;16
5866;16;6
5867;18;28
5868;16;42
5869;18;38
5870;18;34
5871;18;32
5872;16;32
5873;18;20
5874;20;4
5875;16;18
5876;18;38
5877;18;40
5878;16;36
5879;16;32
5880;18;26
5881;18;10
5882;16;2
5883;18;24
5884;18;38
5885;18;34
5886;18;30
5887;18;26
5888;18;26
5889;26;18
5890;16;2
5891;18;8
5892;16;30
5893;10;38
5894;16;32
5895;16;28
5896;16;26
5897;10;26
5898;16;24
5899;14;14
5900;14;2
5901;14;8
5902;14;30
5903;14;32
5904;-6;26
5905;14;24
5906;14;22
5907;14;20
5908;22;16
5909;14;-2
5910;12;-2
5911;14;26
5912;14;32
5913;14;26
5914;14;22
5915;12;20
5916;12;20
5917;12;10
5918;12;-4
5919;16;6
5920;12;26
5921;14;30
5922;14;22
5923;16;18
5924;10;16
5925;12;14
5926;14;-2
5927;16;-10
5928;12;10
5929;12;26
5930;12;24
5931;10;18
5932;10;16
5933;10;14
5934;16;10
5935;12;-6
5936;10;-8
5937;10;22
5938;8;26
5939;8;22
5940;8;16
5941;10;14
5942;6;10
5943;8;-4
5944;6;-16
5945;8;-2
5946;8;20
5947;8;20
5948;8;16
5949;4;12
5950;8;10
5951;6;10
5952;6;2
5953;4;-14
5954;6;-10
5955;6;14
5956;4;22
5957;8;16
5958;6;12
5959;6;10
5960;6;10
5961;4;8
5962;6;8
5963;4;0
5964;4;-16
5965;4;-20
5966;4;4
5967;4;16
5968;-4;10
5969;6;6
5970;4;4
5971;6;2
5972;4;-4
5973;4;-20
5974;2;-18
5975;-6;12
5976;2;16
5977;2;8
5978;2;6
5979;4;4
5980;2;2
5981;2;2
5982;2;-16
5983;10;-22
5984;2;-6
5985;0;10
5986;0;8
5987;0;2
5988;0;0
5989;0;0
5990;6;-4
5991;2;-20
5992;2;-26
5993;0;-4
5994;4;10
5995;0;6
5996;0;2
5997;0;0
5998;-8;-2
5999;0;-2
6000;0;-4
6001;2;-18
6002;2;-26
6003;2;-4
6004;0;10
6005;24;4
6006;0;-2
6007;0;-12
6008;0;-26
6009;-8;-22
6010;0;0
6011;-2;8
6012;-4;2
6013;-6;-2
6014;-4;-4
6015;-2;-6
6016;-4;-10
6017;-2;-24
6018;-4;-26
6019;-4;2
6020;-18;8
6021;-2;2
6022;-6;-4
6023;-6;-6
6024;0;-6
6025;-6;-4
6026;-6;-18
6027;-6;-30
6028;-8;-26
6029;-8;-2
6030;-8;4
6031;-8;0
6032;-10;-6
6033;-8;-8
6034;-10;-8
6035;-12;-20
6036;-8;-30
6037;-8;-18
6038;-10;0
6039;-8;4
6040;-10;-4
6041;-8;-6
6042;-8;-6
6043;-8;-8
6044;-10;-8
6045;-10;-14
6046;-8;-26
6047;-12;-32
6048;-10;-10
6049;-12;2
6050;-2;-2
6051;-12;-8
6052;-12;-8
6053;-12;-10
6054;-12;-10
6055;-14;-24
6056;-14;-34
6057;-14;-18
6058;-12;0
6059;-14;0
6060;-14;-6
6061;-10;-8
6062;-14;-10
6063;-14;-10
6064;-16;-10
6065;-12;-22
6066;-16;-34
6067;-14;-18
6068;-16;-2
6069;-8;0
6070;-18;-6
6071;-16;-10
6072;-16;-12
6073;-16;-14
6074;-18;-28
6075;-16;-32
6076;-10;-12
6077;-18;2
6078;-18;-4
6079;-16;-6
6080;-10;-10
6081;-18;-12
6082;-18;-12
6083;-18;-18
6084;-16;-30
6085;-18;-28
6086;-18;-2
6087;-18;-2
6088;-16;-8
6089;-20;-12
6090;-20;-20
6091;-10;-34
6092;-20;-34
6093;-18;-10
6094;-20;-2
6095;-26;-8
6096;-20;-14
6097;-20;-12
6098;-22;-14
6099;-24;-16
6100;-22;-28
6101;-22;-38
6102;-24;-22
6103;-22;-4
6104;-24;-6
6105;-24;-10
6106;-30;-12
6107;-24;-14
6108;-24;-14
6109;-24;-22
6110;-24;-36
6111;-26;-40
6112;-24;-18
6113;-24;-6
6114;-22;-12
6115;-26;-16
6116;-24;-18
6117;-24;-20
6118;-26;-20
6119;-24;-36
6120;-26;-42
6121;-22;-18
6122;-26;-6
6123;-24;-12
6124;-24;-16
6125;-24;-18
6126;-24;-18
6127;-26;-22
6128;-24;-38
6129;-24;-40
6130;-26;-24
6131;-26;-10
6132;-24;-14
6133;-26;-18
6134;-24;-22
6135;-26;-22
6136;-20;-24
6137;-26;-38
6138;-28;-46
6139;-26;-24
6140;-24;-10
6141;-26;-14
6142;-28;-18
6143;-26;-22
6144;-28;-22
6145;-28;-28
6146;-28;-42
6147;-28;-38
6148;-28;-18
6149;-28;-12
6150;-28;-14
6151;-34;-20
6152;-28;-24
6153;-28;-40
6154;-28;-46
6155;-36;-28
6156;-28;-14
6157;-28;-16
6158;-28;-20
6159;-26;-22
6160;-28;-24
6161;-30;-24
6162;-34;-26
6163;-30;-38
6164;-30;-46
6165;-30;-30
6166;-34;-14
6167;-28;-14
6168;-28;-18
6169;-28;-22
6170;-30;-24
6171;-30;-22
6172;-30;-36
6173;-30;-48
6174;-28;-40
6175;-28;-20
6176;-28;-16
6177;-48;-20
6178;-28;-22
6179;-30;-26
6180;-28;-26
6181;-20;-34
6182;-28;-46
6183;-28;-40
6184;-28;-16
6185;-26;-16
6186;-30;-20
6187;-30;-24
6188;-30;-24
6189;-28;-26
6190;-26;-42
6191;-28;-48
6192;-26;-30
6193;-28;-14
6194;-26;-14
6195;-26;-20
6196;-38;-22
6197;-24;-22
6198;-26;-28
6199;-26;-44
6200;-24;-44
6201;-24;-20
6202;-24;-10
6203;-24;-16
6204;-24;-20
6205;-26;-22
6206;-24;-24
6207;-26;-24
6208;-24;-36
6209;-24;-46
6210;-24;-34
6211;-22;-14
6212;-24;-14
6213;-22;-18
6214;-24;-20
6215;-26;-26
6216;-24;-42
6217;-24;-42
6218;-24;-20
6219;-24;-10
6220;-24;-16
6221;-24;-18
6222;-26;-22
6223;-22;-22
6224;-24;-30
6225;-24;-44
6226;-26;-38
6227;-24;-16
6228;-24;-12
6229;-24;-16
6230;-24;-18
6231;-24;-22
6232;-24;-22
6233;-22;-24
6234;-22;-24
6235;-24;-38
6236;-22;-42
6237;-26;-16
6238;-22;-8
6239;-22;-14
6240;-20;-18
6241;-20;-20
6242;-22;-20
6243;-20;-24
6244;-20;-40
6245;-18;-40
6246;-20;-18
6247;-18;-8
6248;-26;-12
6249;-18;-16
6250;-18;-18
6251;-18;-20
6252;-18;-20
6253;-16;-26
6254;-16;-40
6255;-16;-40
6256;-14;-18
6257;-16;-8
6258;-14;-10
6259;-14;-16
6260;-12;-18
6261;-14;-20
6262;-14;-22
6263;-22;-36
6264;-14;-42
6265;-12;-18
6266;-12;-8
6267;-12;-12
6268;-12;-16
6269;-12;-20
6270;-12;-20
6271;-8;-34
6272;-10;-42
6273;-10;-22
6274;-10;-8
6275;-10;-8
6276;-8;-12
6277;-8;-16
6278;12;-30
6279;-8;-40
6280;-6;-20
6281;-8;-6
6282;-18;-10
6283;-6;-16
6284;-6;-16
6285;-6;-18
6286;-4;-22
6287;-4;-38
6288;-4;-38
6289;-4;-14
6290;-4;-6
6291;-6;-10
6292;-4;-14
6293;0;-14
6294;-6;-18
6295;-4;-18
6296;-4;-16
6297;-4;-26
6298;-2;-38
6299;-6;-30
6300;-6;-8
6301;-6;-4
6302;-4;-8
6303;-4;-14
6304;-2;-16
6305;-4;-16
6306;-4;-16
6307;-2;-30
6308;-6;-38
6309;-2;-22
6310;-2;-14
6311;-2;-16
6312;-4;-18
6313;-2;-10
6314;-2;-8
6315;-2;-10
6316;0;-14
6317;-2;-8
6318;-2;-24
6319;0;-36
6320;0;-18
6321;0;-2
6322;0;-6
6323;-2;-10
6324;2;-12
6325;2;-14
6326;2;-16
6327;-4;-32
6328;2;-32
6329;4;-8
6330;2;-2
6331;4;-8
6332;2;-8
6333;4;-12
6334;6;-12
6335;4;-14
6336;4;-22
6337;4;-38
6338;6;-24
6339;4;-10
6340;4;-12
6341;4;-14
6342;12;-10
6343;4;-4
6344;4;-6
6345;6;-8
6346;6;-10
6347;8;-12
6348;4;-12
6349;8;-24
6350;8;-36
6351;6;-20
6352;6;-2
6353;6;0
6354;10;-6
6355;8;-10
6356;8;-10
6357;0;-12
6358;10;-12
6359;10;-16
6360;10;-28
6361;12;-28
6362;10;-2
6363;10;2
6364;2;-4
6365;12;-6
6366;14;-8
6367;12;-10
6368;16;-20
6369;14;-34
6370;12;-22
6371;14;-2
6372;14;2
6373;14;-2
6374;16;-6
6375;14;-8
6376;14;-10
6377;16;-12
6378;16;-28
6379;4;-30
6380;16;-6
6381;16;4
6382;16;2
6383;22;-4
6384;16;-6
6385;16;-6
6386;16;-16
6387;22;-28
6388;18;-20
6389;18;6
6390;20;6
6391;18;-4
6392;18;-4
6393;22;-6
6394;20;-8
6395;22;-20
6396;22;-32
6397;22;-16
6398;20;4
6399;24;2
6400;22;0
6401;24;-2
6402;24;-18
6403;24;-22
6404;22;-2
6405;24;12
6406;24;8
6407;26;2
6408;24;-2
6409;30;-2
6410;26;-2
6411;26;-10
6412;24;-24
6413;26;-16
6414;24;10
6415;24;10
6416;24;4
6417;24;0
6418;26;-2
6419;24;-2
6420;26;-14
6421;22;-24
6422;24;-8
6423;24;14
6424;22;16
6425;24;12
6426;24;10
6427;24;6
6428;32;6
6429;22;4
6430;24;-2
6431;22;-16
6432;24;-12
6433;24;10
6434;26;18
6435;40;14
6436;24;8
6437;26;8
6438;24;6
6439;18;6
6440;22;-2
6441;26;-18
6442;26;-2
6443;16;14
6444;26;14
6445;24;10
6446;26;10
6447;26;16
6448;26;22
6449;26;18
6450;18;16
6451;26;14
6452;24;14
6453;24;14
6454;12;12
6455;26;12
6456;26;10
6457;26;-4
6458;24;-10
6459;26;16
6460;26;24
6461;24;20
6462;26;16
6463;26;20
6464;26;4
6465;24;-6
6466;24;12
6467;26;30
6468;24;26
6469;32;22
6470;24;20
6471;26;18
6472;26;14
6473;30;-2
6474;26;-6
6475;24;24
6476;26;30
6477;26;24
6478;24;20
6479;26;18
6480;28;18
6481;24;6
6482;24;-8
6483;26;6
6484;26;32
6485;26;32
6486;26;28
6487;28;22
6488;28;22
6489;26;22
6490;26;16
6491;24;-2
6492;24;2
6493;24;24
6494;24;34
6495;32;30
6496;24;24
6497;24;22
6498;24;22
6499;24;20
6500;24;4
6501;24;-2
6502;24;22
6503;22;34
6504;26;28
6505;24;30
6506;24;16
6507;24;2
6508;22;12
6509;24;34
6510;28;38
6511;22;32
6512;24;26
6513;26;26
6514;30;26
6515;24;22
6516;24;4
6517;24;2
6518;24;30
6519;24;36
6520;24;30
6521;38;28
6522;24;26
6523;24;24
6524;24;6
6525;16;2
6526;22;18
6527;24;26
6528;24;20
6529;16;20
6530;22;22
6531;22;30
6532;26;32
6533;24;28
6534;22;24
6535;24;24
6536;28;24
6537;22;22
6538;24;22
6539;24;12
6540;22;-2
6541;24;16
6542;22;34
6543;22;32
6544;22;26
6545;22;24
6546;22;26
6547;22;16
6548;22;2
6549;22;14
6550;22;36
6551;8;36
6552;22;30
6553;20;28
6554;20;26
6555;26;24
6556;22;10
6557;20;0
6558;20;18
6559;18;38
6560;20;36
6561;20;30
6562;20;26
6563;20;26
6564;22;24
6565;20;18
6566;14;2
6567;20;16
6568;20;34
6569;22;40
6570;22;34
6571;20;30
6572;20;30
6573;20;28
6574;22;18
6575;20;4
6576;20;14
6577;20;36
6578;20;40
6579;20;34
6580;20;30
6581;26;30
6582;18;28
6583;20;28
6584;20;22
6585;14;6
6586;20;10
6587;20;32
6588;18;44
6589;20;38
6590;20;34
6591;18;32
6592;22;32
6593;18;28
6594;20;12
6595;20;8
6596;22;34
6597;20;44
6598;20;38
6599;22;34
6600;28;32
6601;20;30
6602;22;14
6603;18;8
6604;20;34
6605;20;42
6606;20;38
6607;22;34
6608;20;32
6609;20;34
6610;20;18
6611;30;10
6612;18;30
6613;22;46
6614;20;44
6615;18;40
6616;20;36
6617;22;34
6618;20;34
6619;20;18
6620;18;12
6621;20;30
6622;38;46
6623;18;44
6624;20;40
6625;18;38
6626;6;32
6627;18;34
6628;16;32
6629;18;14
6630;14;14
6631;18;36
6632;18;48
6633;18;46
6634;18;42
6635;18;38
6636;18;38
6637;2;36
6638;20;22
6639;18;14
6640;18;30
6641;16;48
6642;18;46
6643;18;42
6644;18;38
6645;16;38
6646;20;38
6647;18;36
6648;20;24
6649;20;10
6650;18;26
6651;18;48
6652;10;48
6653;20;42
6654;18;40
6655;20;38
6656;18;30
6657;18;14
6658;18;22
6659;18;46
6660;20;48
6661;18;42
6662;20;38
6663;20;38
6664;18;38
6665;18;24
6666;18;12
6667;16;34
6668;22;48
6669;20;44
6670;20;38
6671;14;40
6672;20;32
6673;20;18
6674;20;26
6675;22;50
6676;20;50
6677;22;44
6678;14;42
6679;20;40
6680;20;34
6681;22;18
6682;22;22
6683;24;44
6684;20;52
6685;20;48
6686;30;42
6687;20;40
6688;22;38
6689;22;38
6690;22;22
6691;20;12
6692;20;36
6693;8;50
6694;20;48
6695;20;42
6696;20;40
6697;30;40
6698;18;36
6699;18;20
6700;20;14
6701;20;34
6702;18;50
6703;18;48
6704;20;44
6705;20;40
6706;18;38
6707;18;38
6708;36;38
6709;18;22
6710;16;12
6711;16;32
6712;8;50
6713;18;48
6714;18;40
6715;16;36
6716;18;36
6717;18;34
6718;18;18
6719;18;12
6720;18;38
6721;18;48
6722;18;42
6723;22;38
6724;16;38
6725;18;36
6726;18;34
6727;22;28
6728;18;12
6729;18;18
6730;18;40
6731;16;48
6732;16;42
6733;18;38
6734;16;36
6735;18;18
6736;16;8
6737;18;24
6738;12;44
6739;16;42
6740;18;38
6741;16;36
6742;12;32
6743;16;32
6744;16;32
6745;16;18
6746;18;6
6747;14;24
6748;16;42
6749;16;42
6750;16;38
6751;16;34
6752;16;32
6753;20;30
6754;16;32
6755;18;24
6756;16;8
6757;16;6
6758;14;30
6759;14;40
6760;16;36
6761;16;32
6762;14;28
6763;16;28
6764;18;28
6765;16;24
6766;16;8
6767;16;4
6768;20;26
6769;16;40
6770;16;38
6771;14;34
6772;20;30
6773;16;28
6774;16;26
6775;16;28
6776;16;14
6777;16;0
6778;16;8
6779;22;32
6780;16;32
6781;16;28
6782;16;24
6783;12;24
6784;14;20
6785;14;10
6786;14;-4
6787;6;14
6788;14;34
6789;16;32
6790;16;26
6791;16;24
6792;14;22
6793;16;22
6794;12;22
6795;14;6
6796;16;-2
6797;18;14
6798;6;32
6799;16;28
6800;18;22
6801;16;22
6802;12;20
6803;18;12
6804;16;-2
6805;14;0
6806;16;24
6807;16;32
6808;16;26
6809;8;24
6810;16;22
6811;16;20
6812;14;10
6813;22;-6
6814;14;6
6815;14;28
6816;14;30
6817;18;26
6818;14;22
6819;12;4
6820;14;-4
6821;12;22
6822;12;32
6823;12;26
6824;8;22
6825;14;20
6826;12;20
6827;12;6
6828;12;-6
6829;10;16
6830;10;32
6831;12;28
6832;10;24
6833;12;20
6834;10;16
6835;10;2
6836;10;-4
6837;12;24
6838;10;30
6839;18;24
6840;10;20
6841;8;16
6842;10;12
6843;10;-4
6844;10;-6
6845;10;18
6846;10;28
6847;12;24
6848;10;20
6849;8;18
6850;12;16
6851;8;12
6852;8;-4
6853;8;-6
6854;12;14
6855;8;28
6856;8;26
6857;8;18
6858;12;18
6859;8;12
6860;8;-4
6861;6;-14
6862;8;10
6863;8;24
6864;6;18
6865;22;14
6866;8;12
6867;6;12
6868;6;2
6869;0;-12
6870;6;-6
6871;6;18
6872;6;22
6873;-2;16
6874;4;14
6875;6;12
6876;6;8
6877;6;-8
6878;6;-12
6879;6;18
6880;16;20
6881;4;14
6882;6;10
6883;6;8
6884;6;-4
6885;6;-16
6886;6;-4
6887;6;18
6888;4;16
6889;4;12
6890;4;8
6891;4;8
6892;6;-4
6893;4;-16
6894;2;-8
6895;-2;14
6896;2;18
6897;0;14
6898;0;10
6899;6;6
6900;2;8
6901;0;-6
6902;0;-20
6903;-2;-22
6904;-2;2
6905;0;12
6906;0;8
6907;0;4
6908;0;2
6909;0;2
6910;-2;0
6911;0;-8
6912;-2;-22
6913;-2;-16
6914;0;10
6915;-2;10
6916;-2;6
6917;-2;2
6918;0;0
6919;-2;0
6920;0;-12
6921;-4;-24
6922;-4;-18
6923;-2;4
6924;-4;4
6925;4;0
6926;-4;-4
6927;-4;-6
6928;-4;-10
6929;-8;-24
6930;-4;-30
6931;-4;-4
6932;-6;6
6933;-4;2
6934;-6;-4
6935;-4;-6
6936;-2;-6
6937;-6;-6
6938;-8;-16
6939;-8;-30
6940;-6;-22
6941;-8;0
6942;-8;6
6943;-8;-2
6944;-4;-6
6945;-8;-8
6946;-8;-10
6947;-10;-24
6948;-10;-34
6949;-10;-16
6950;-10;2
6951;6;0
6952;-10;-4
6953;-10;-8
6954;-12;-10
6955;-2;-10
6956;-14;-10
6957;-14;-16
6958;-12;-30
6959;-20;-28
6960;-12;-2
6961;-14;2
6962;-14;-4
6963;-14;-12
6964;-14;-24
6965;-14;-38
6966;-18;-30
6967;-14;-8
6968;-14;-4
6969;-14;-10
6970;-18;-14
6971;-16;-14
6972;-16;-14
6973;-16;-24
6974;-20;-38
6975;-18;-32
6976;-16;-10
6977;-18;-4
6978;-18;-8
6979;-18;-12
6980;-18;-14
6981;-24;-14
6982;-18;-20
6983;-18;-34
6984;-20;-40
6985;-16;-20
6986;-20;-8
6987;-20;-12
6988;-20;-16
6989;-16;-18
6990;-20;-20
6991;-20;-20
6992;-20;-28
6993;-20;-42
6994;-20;-36
6995;-20;-12
6996;-16;-8
6997;-20;-14
6998;-20;-18
6999;-20;-18
7000;-20;-20
7001;-20;-20
7002;-20;-22
7003;-20;-36
7004;-22;-42
7005;-22;-24
7006;-22;-8
7007;-20;-12
7008;-22;-16
7009;-22;-20
7010;-22;-20
7011;-14;-22
7012;-22;-36
7013;-22;-42
7014;-22;-24
7015;-22;-8
7016;-22;-12
7017;-24;-16
7018;-22;-18
7019;-22;-18
7020;-22;-20
7021;-24;-22
7022;-24;-36
7023;-24;-42
7024;-24;-20
7025;-24;-6
7026;-22;-12
7027;-26;-16
7028;-24;-24
7029;-26;-40
7030;-20;-36
7031;-26;-14
7032;-26;-6
7033;-26;-12
7034;-26;-16
7035;-28;-18
7036;-26;-20
7037;-22;-18
7038;-28;-32
7039;-28;-42
7040;-26;-30
7041;-36;-10
7042;-26;-10
7043;-26;-14
7044;-26;-16
7045;-36;-20
7046;-26;-16
7047;-24;-30
7048;-26;-42
7049;-24;-36
7050;-26;-14
7051;-26;-8
7052;-30;-14
7053;-28;-18
7054;-28;-20
7055;-26;-20
7056;-30;-22
7057;-26;-34
7058;-26;-44
7059;-28;-28
7060;-28;-10
7061;-26;-10
7062;-26;-14
7063;-26;-18
7064;-26;-20
7065;-26;-20
7066;-26;-22
7067;-42;-22
7068;-26;-34
7069;-26;-42
7070;-26;-28
7071;-22;-10
7072;-26;-10
7073;-26;-16
7074;-28;-18
7075;-24;-18
7076;-24;-20
7077;-26;-22
7078;-26;-36
7079;-26;-42
7080;-26;-22
7081;-26;-8
7082;-26;-10
7083;-24;-14
7084;-26;-16
7085;-24;-20
7086;-26;-18
7087;-24;-20
7088;-26;-22
7089;-26;-38
7090;-24;-44
7091;-26;-28
7092;-26;-12
7093;-26;-10
7094;-26;-16
7095;-28;-20
7096;-26;-22
7097;-22;-20
7098;-26;-26
7099;-26;-42
7100;-28;-38
7101;-24;-14
7102;-26;-10
7103;-26;-16
7104;-26;-20
7105;-26;-20
7106;-26;-22
7107;-26;-28
7108;-28;-42
7109;-26;-38
7110;-26;-18
7111;-26;-12
7112;-24;-16
7113;-26;-20
7114;-26;-22
7115;-26;-24
7116;-18;-38
7117;-26;-46
7118;-26;-26
7119;-26;-10
7120;-26;-16
7121;-24;-20
7122;-24;-22
7123;-10;-22
7124;-26;-36
7125;-24;-46
7126;-22;-34
7127;-28;-12
7128;-26;-14
7129;-24;-18
7130;-24;-20
7131;-32;-34
7132;-24;-46
7133;-24;-34
7134;-24;-14
7135;-22;-12
7136;-24;-18
7137;-24;-22
7138;-30;-22
7139;-24;-26
7140;-24;-42
7141;-22;-44
7142;-36;-18
7143;-22;-12
7144;-22;-18
7145;-24;-20
7146;-24;-22
7147;-24;-26
7148;-22;-42
7149;-22;-44
7150;-22;-16
7151;-22;-12
7152;-22;-18
7153;-26;-24
7154;-20;-24
7155;-20;-22
7156;-20;-32
7157;-16;-44
7158;-20;-40
7159;-18;-20
7160;-20;-12
7161;-14;-16
7162;-18;-20
7163;-18;-22
7164;-18;-22
7165;-20;-28
7166;-16;-42
7167;-16;-44
7168;-10;-18
7169;-16;-12
7170;-16;-18
7171;-16;-20
7172;-12;-28
7173;-14;-42
7174;-16;-40
7175;-14;-18
7176;-14;-10
7177;-14;-16
7178;-12;-18
7179;-12;-20
7180;-14;-22
7181;-12;-38
7182;-12;-44
7183;-4;-22
7184;-12;-10
7185;-12;-14
7186;-12;-18
7187;-10;-22
7188;-10;-26
7189;-10;-42
7190;-8;-42
7191;-10;-20
7192;-8;-8
7193;-10;-12
7194;-6;-16
7195;-8;-18
7196;-6;-20
7197;-8;-20
7198;-2;-28
7199;-4;-42
7200;-6;-36
7201;-4;-10
7202;4;-8
7203;-4;-14
7204;-4;-18
7205;-4;-20
7206;-4;-22
7207;-4;-34
7208;-2;-42
7209;14;-24
7210;-4;-8
7211;-4;-10
7212;-4;-14
7213;-10;-12
7214;-2;-28
7215;-2;-38
7216;-2;-24
7217;-8;-4
7218;-2;-6
7219;-2;-12
7220;-4;-14
7221;0;-16
7222;-2;-20
7223;-2;-36
7224;2;-38
7225;-4;-16
7226;-2;-4
7227;0;-8
7228;2;-12
7229;2;-16
7230;0;-16
7231;0;-16
7232;-2;-20
7233;0;-34
7234;0;-34
7235;0;-12
7236;2;0
7237;0;-2
7238;2;-8
7239;-10;-10
7240;2;-12
7241;4;-12
7242;2;-24
7243;8;-36
7244;4;-20
7245;4;-2
7246;4;0
7247;4;-6
7248;6;-10
7249;6;-10
7250;6;-10
7251;6;-12
7252;6;-16
7253;6;-30
7254;0;-30
7255;8;-4
7256;8;6
7257;8;2
7258;10;-2
7259;8;-4
7260;10;-6
7261;10;-10
7262;12;-26
7263;10;-26
7264;10;2
7265;10;6
7266;8;0
7267;12;-4
7268;10;-6
7269;18;-6
7270;12;-16
7271;12;-28
7272;12;-20
7273;6;2
7274;12;6
7275;12;2
7276;12;0
7277;16;-16
7278;14;-24
7279;14;-4
7280;14;10
7281;16;8
7282;16;4
7283;14;0
7284;20;0
7285;18;-2
7286;18;-10
7287;20;-22
7288;26;-14
7289;18;10
7290;20;8
7291;18;4
7292;20;0
7293;20;-2
7294;20;0
7295;20;-4
7296;20;-2
7297;18;-12
7298;20;-24
7299;22;-14
7300;20;8
7301;20;12
7302;20;6
7303;22;2
7304;20;0
7305;20;-2
7306;20;-20
7307;20;-24
7308;20;-4
7309;22;12
7310;42;10
7311;22;4
7312;22;2
7313;20;0
7314;10;-2
7315;22;-4
7316;22;-20
7317;24;-22
7318;20;0
7319;24;12
7320;24;8
7321;24;4
7322;24;2
7323;24;0
7324;26;-10
7325;10;-22
7326;24;-8
7327;26;12
7328;26;10
7329;24;6
7330;24;2
7331;24;0
7332;24;-2
7333;24;-20
7334;26;-22
7335;24;8
7336;26;12
7337;24;8
7338;26;10
7339;26;-6
7340;20;-18
7341;26;-6
7342;24;16
7343;24;16
7344;24;10
7345;24;8
7346;24;6
7347;24;6
7348;26;6
7349;24;-4
7350;24;-18
7351;24;-6
7352;24;18
7353;24;16
7354;24;10
7355;24;8
7356;24;6
7357;24;4
7358;24;-4
7359;22;-12
7360;24;-6
7361;24;18
7362;26;22
7363;26;18
7364;24;14
7365;24;12
7366;28;10
7367;24;-6
7368;24;-14
7369;26;12
7370;26;24
7371;26;18
7372;24;14
7373;26;14
7374;32;6
7375;24;-12
7376;24;-8
7377;24;16
7378;24;24
7379;24;20
7380;24;16
7381;28;-2
7382;22;-12
7383;24;12
7384;22;26
7385;22;22
7386;24;16
7387;22;14
7388;24;12
7389;18;-2
7390;22;-12
7391;24;4
7392;24;24
7393;24;22
7394;24;18
7395;24;14
7396;38;14
7397;26;12
7398;26;12
7399;24;-2
7400;14;-12
7401;24;10
7402;26;30
7403;24;26
7404;24;22
7405;26;20
7406;26;18
7407;24;10
7408;24;-6
7409;26;0
7410;24;24
7411;28;28
7412;26;24
7413;24;20
7414;26;18
7415;26;18
7416;26;16
7417;26;4
7418;24;-8
7419;24;8
7420;24;28
7421;26;28
7422;24;30
7423;24;26
7424;24;12
7425;24;0
7426;18;12
7427;24;34
7428;24;36
7429;24;30
7430;22;26
7431;24;26
7432;24;24
7433;24;14
7434;24;0
7435;22;12
7436;24;34
7437;22;34
7438;22;28
7439;24;26
7440;22;24
7441;22;22
7442;22;24
7443;22;18
7444;24;4
7445;16;10
7446;24;34
7447;22;40
7448;24;36
7449;26;30
7450;22;28
7451;24;28
7452;12;16
7453;22;4
7454;22;22
7455;22;40
7456;20;36
7457;24;30
7458;22;30
7459;24;26
7460;14;10
7461;22;4
7462;22;24
7463;22;46
7464;22;40
7465;22;36
7466;22;34
7467;6;32
7468;22;22
7469;22;8
7470;20;24
7471;34;44
7472;22;42
7473;22;36
7474;22;34
7475;24;32
7476;20;28
7477;22;12
7478;20;10
7479;22;38
7480;22;44
7481;22;40
7482;46;34
7483;20;32
7484;22;34
7485;20;20
7486;24;10
7487;22;26
7488;22;46
7489;22;46
7490;22;40
7491;22;36
7492;22;34
7493;20;36
7494;20;26
7495;20;12
7496;18;18
7497;24;40
7498;20;46
7499;20;42
7500;18;38
7501;18;34
7502;18;36
7503;20;30
7504;16;14
7505;16;14
7506;18;36
7507;18;46
7508;18;44
7509;16;38
7510;18;36
7511;18;34
7512;28;24
7513;20;10
7514;20;24
7515;18;46
7516;20;44
7517;18;38
7518;18;36
7519;18;34
7520;18;26
7521;20;12
7522;18;22
7523;20;44
7524;18;44
7525;20;40
7526;20;36
7527;16;20
7528;18;12
7529;18;40
7530;18;48
7531;14;42
7532;20;38
7533;20;36
7534;20;32
7535;20;16
7536;20;12
7537;20;34
7538;22;48
7539;18;44
7540;18;38
7541;20;36
7542;12;36
7543;20;36
7544;20;28
7545;18;10
7546;16;20
7547;18;42
7548;18;46
7549;18;40
7550;20;38
7551;20;34
7552;18;34
7553;-2;24
7554;16;12
7555;18;24
7556;18;46
7557;20;44
7558;20;40
7559;18;36
7560;18;34
7561;16;34
7562;18;22
7563;16;12
7564;18;20
7565;16;42
7566;20;44
7567;18;40
7568;2;34
7569;18;16
7570;18;14
7571;20;42
7572;24;46
7573;20;40
7574;18;36
7575;18;34
7576;22;32
7577;18;16
7578;20;12
7579;18;32
7580;18;46
7581;20;42
7582;20;38
7583;20;34
7584;18;34
7585;20;34
7586;18;30
7587;20;14
7588;20;12
7589;18;40
7590;20;46
7591;22;40
7592;22;34
7593;20;34
7594;22;32
7595;20;18
7596;22;10
7597;22;26
7598;28;44
7599;20;44
7600;20;38
7601;20;36
7602;22;34
7603;20;34
7604;20;30
7605;20;16
7606;20;10
7607;20;32
7608;20;44
7609;20;46
7610;18;38
7611;20;34
7612;20;18
7613;22;12
7614;20;38
7615;20;46
7616;18;42
7617;30;38
7618;18;36
7619;18;34
7620;18;32
7621;20;18
7622;18;10
7623;18;30
7624;20;46
7625;18;44
7626;18;40
7627;18;36
7628;12;34
7629;18;34
7630;16;30
7631;16;14
7632;8;12
7633;16;34
7634;18;48
7635;16;42
7636;18;38
7637;18;36
7638;14;34
7639;18;34
7640;16;34
7641;18;22
7642;18;10
7643;10;28
7644;16;46
7645;16;42
7646;18;38
7647;18;36
7648;16;34
7649;18;30
7650;18;16
7651;18;10
7652;16;28
7653;16;46
7654;10;46
7655;18;40
7656;16;36
7657;16;34
7658;18;34
7659;16;24
7660;16;10
7661;18;16
7662;14;40
7663;16;44
7664;16;40
7665;18;36
7666;16;34
7667;16;34
7668;16;32
7669;12;26
7670;16;10
7671;16;18
7672;16;36
7673;16;42
7674;16;38
7675;16;34
7676;16;30
7677;20;30
7678;18;28
7679;18;14
7680;18;8
7681;18;34
7682;18;44
7683;18;38
7684;22;32
7685;18;32
7686;16;30
7687;18;30
7688;18;18
7689;18;6
7690;18;20
7691;18;40
7692;20;42
7693;14;30
7694;16;26
7695;18;14
7696;14;0
7697;16;14
7698;14;34
7699;14;36
7700;14;30
7701;14;26
7702;16;26
7703;22;24
7704;14;24
7705;14;14
7706;14;0
7707;14;10
7708;16;32
7709;14;36
7710;22;32
7711;14;26
7712;14;24
7713;14;22
7714;24;6
7715;14;-6
7716;14;8
7717;14;30
7718;12;32
7719;14;24
7720;16;22
7721;14;22
7722;16;20
7723;16;18
7724;16;2
7725;40;-4
7726;14;24
7727;14;32
7728;14;26
7729;8;22
7730;14;20
7731;14;18
7732;14;2
7733;10;-4
7734;14;20
7735;14;28
7736;12;22
7737;12;18
7738;12;16
7739;12;16
7740;0;6
7741;12;-10
7742;12;0
7743;12;24
7744;18;28
7745;10;22
7746;12;18
7747;10;16
7748;14;14
7749;10;10
7750;10;-6
7751;8;-8
7752;10;16
7753;8;26
7754;8;24
7755;4;14
7756;10;6
7757;8;-12
7758;8;-10
7759;8;14
7760;8;20
7761;8;16
7762;8;12
7763;10;10
7764;8;10
7765;8;0
7766;8;-14
7767;6;-6
7768;6;20
7769;8;18
7770;12;14
7771;8;10
7772;6;10
7773;6;6
7774;2;-10
7775;6;-14
7776;6;0
7777;6;4
7778;8;0
7779;4;0
7780;6;2
7781;2;12
7782;2;10
7783;4;6
7784;4;4
7785;8;4
7786;2;4
7787;2;2
7788;4;2
7789;10;-10
7790;4;-22
7791;4;2
7792;4;16
7793;2;12
7794;4;8
7795;4;2
7796;16;4
7797;4;-8
7798;4;-22
7799;4;-16
7800;-2;12
7801;2;12
7802;4;2
7803;4;2
7804;4;0
7805;6;0
7806;4;-14
7807;4;-24
7808;2;-4
7809;2;12
7810;2;8
7811;24;4
7812;2;2
7813;2;-2
7814;0;-18
7815;-10;-24
7816;0;-6
7817;0;14
7818;0;6
7819;-4;2
7820;0;-2
7821;0;-4
7822;-2;-14
7823;-2;-26
7824;-2;-16
7825;-2;4
7826;-16;8
7827;-2;4
7828;-4;0
7829;-2;-2
7830;0;-4
7831;-4;-8
7832;-4;-22
7833;-4;-24
7834;-8;-2
7835;-4;10
7836;-6;4
7837;-4;0
7838;-6;-4
7839;-4;-18
7840;-4;-28
7841;-8;-16
7842;-4;4
7843;-4;6
7844;-4;2
7845;-6;-2
7846;-4;-6
7847;-6;-6
7848;-6;-14
7849;-4;-28
7850;-8;-16
7851;-8;6
7852;-8;6
7853;-8;0
7854;-8;-4
7855;-8;-4
7856;-6;-6
7857;-8;-20
7858;-8;-28
7859;-10;-14
7860;-18;0
7861;-10;0
7862;-10;-4
7863;-8;-6
7864;-10;-10
7865;-10;-10
7866;-10;-22
7867;-18;-32
7868;-12;-14
7869;-12;2
7870;-12;0
7871;-14;-4
7872;-10;-8
7873;-12;-10
7874;-12;-10
7875;-12;-26
7876;-14;-34
7877;-12;-16
7878;-14;2
7879;-14;2
7880;-14;-4
7881;-14;-8
7882;-38;-20
7883;-16;-34
7884;-16;-22
7885;-14;0
7886;-2;-2
7887;-14;-6
7888;-16;-10
7889;-16;-10
7890;-14;-14
7891;-16;-30
7892;-18;-34
7893;-18;-12
7894;-18;0
7895;-18;-2
7896;-20;-8
7897;0;-10
7898;-20;-12
7899;-18;-12
7900;-20;-10
7901;-30;-24
7902;-20;-38
7903;-22;-36
7904;-22;-14
7905;-22;-4
7906;-22;-10
7907;-20;-14
7908;-24;-16
7909;-22;-16
7910;-24;-22
7911;-22;-36
7912;-18;-38
7913;-22;-16
7914;-24;-6
7915;-22;-10
7916;-22;-14
7917;-22;-14
7918;-22;-18
7919;-22;-16
7920;-26;-28
7921;-24;-38
7922;-22;-36
7923;-24;-14
7924;-22;-10
7925;-22;-14
7926;-22;-18
7927;-26;-20
7928;-22;-20
7929;-24;-26
7930;-22;-40
7931;-24;-38
7932;-24;-18
7933;-24;-8
7934;-24;-14
7935;-24;-18
7936;-24;-18
7937;-24;-20
7938;-24;-20
7939;-26;-22
7940;-26;-36
7941;-24;-44
7942;-28;-22
7943;-24;-10
7944;-26;-12
7945;-26;-20
7946;-32;-20
7947;-28;-22
7948;-26;-24
7949;-28;-40
7950;-26;-44
7951;-26;-24
7952;-28;-10
7953;-32;-14
7954;-28;-18
7955;-28;-20
7956;-28;-22
7957;-30;-22
7958;-28;-34
7959;-28;-44
7960;-28;-32
7961;-24;-14
7962;-28;-10
7963;-26;-18
7964;-28;-24
7965;-28;-42
7966;-28;-42
7967;-28;-16
7968;-52;-14
7969;-28;-18
7970;-28;-22
7971;-28;-22
7972;-16;-24
7973;-28;-30
7974;-28;-46
7975;-28;-40
7976;-26;-20
7977;-30;-12
7978;-30;-16
7979;-26;-20
7980;-28;-22
7981;-28;-24
7982;-28;-24
7983;-24;-24
7984;-30;-28
7985;-28;-44
7986;-30;-48
7987;-26;-26
7988;-28;-14
7989;-28;-16
7990;-28;-22
7991;-26;-24
7992;-28;-24
7993;-28;-26
7994;-26;-28
7995;-26;-42
7996;-26;-48
7997;-28;-28
7998;-22;-14
7999;-26;-16
8000;-26;-20
8001;-26;-24
8002;-26;-26
8003;-26;-24
8004;-26;-26
8005;-24;-30
8006;-28;-44
8007;-26;-46
8008;-24;-24
8009;-26;-12
8010;-26;-16
8011;-24;-20
8012;-26;-22
8013;-24;-24
8014;-24;-24
8015;-24;-32
8016;-26;-46
8017;-22;-40
8018;-26;-16
8019;-26;-14
8020;-26;-20
8021;-22;-22
8022;-26;-24
8023;-26;-24
8024;-26;-40
8025;-26;-46
8026;-24;-28
8027;-26;-20
8028;-26;-26
8029;-26;-26
8030;-26;-18
8031;-26;-14
8032;-22;-18
8033;-24;-22
8034;-24;-22
8035;-26;-22
8036;-26;-22
8037;-24;-24
8038;-26;-30
8039;-12;-44
8040;-24;-36
8041;-24;-14
8042;-24;-14
8043;-12;-20
8044;-24;-22
8045;-24;-24
8046;-22;-22
8047;-26;-30
8048;-22;-42
8049;-22;-36
8050;-20;-14
8051;-20;-10
8052;-22;-14
8053;-22;-16
8054;-22;-20
8055;-22;-24
8056;-20;-38
8057;-20;-42
8058;-22;-20
8059;-20;-8
8060;-20;-12
8061;-20;-16
8062;-18;-18
8063;-20;-20
8064;-18;-22
8065;-18;-24
8066;-16;-40
8067;-18;-40
8068;-16;-16
8069;-26;-8
8070;-16;-12
8071;-16;-14
8072;-16;-16
8073;-8;-18
8074;-16;-26
8075;-14;-40
8076;-14;-34
8077;-12;-12
8078;-14;-6
8079;-12;-12
8080;-14;-16
8081;-12;-16
8082;-12;-18
8083;-10;-18
8084;-14;-32
8085;-10;-42
8086;-10;-26
8087;-8;-10
8088;-8;-6
8089;-8;-12
8090;-10;-14
8091;-10;-18
8092;-6;-18
8093;-8;-30
8094;-8;-42
8095;-8;-22
8096;-10;-2
8097;-8;-8
8098;-8;-12
8099;-6;-14
8100;-8;-16
8101;-8;-22
8102;-6;-36
8103;-6;-36
8104;-6;-16
8105;-6;-6
8106;-8;-8
8107;-8;-14
8108;-6;-16
8109;-6;-16
8110;-8;-30
8111;-6;-40
8112;-6;-20
8113;-4;-4
8114;-8;-6
8115;-4;-12
8116;-6;-12
8117;-4;-14
8118;-6;-16
8119;-6;-30
8120;-4;-38
8121;-2;-20
8122;-4;-4
8123;-2;-6
8124;-2;-10
8125;10;-12
8126;-2;-14
8127;-2;-16
8128;-2;-24
8129;-10;-38
8130;0;-26
8131;-2;-6
8132;-2;-2
8133;-10;-8
8134;0;-10
8135;0;-12
8136;0;-14
8137;0;-14
8138;0;-28
8139;0;-38
8140;-6;-20
8141;0;-2
8142;0;-2
8143;2;-8
8144;-4;-12
8145;0;-12
8146;0;-12
8147;0;-14
8148;-2;-28
8149;0;-36
8150;2;-12
8151;2;2
8152;2;-4
8153;2;-8
8154;2;-10
8155;-10;-12
8156;2;-26
8157;4;-36
8158;2;-18
8159;10;0
8160;4;-2
8161;4;-6
8162;4;-10
8163;8;-10
8164;4;-10
8165;6;-18
8166;6;-32
8167;8;-30
8168;8;-2
8169;6;0
8170;14;-8
8171;8;-8
8172;6;-14
8173;8;-30
8174;8;-26
8175;10;-2
8176;10;4
8177;10;-2
8178;12;-6
8179;8;-6
8180;10;-8
8181;12;-14
8182;10;-28
8183;10;-26
8184;12;0
8185;18;2
8186;12;-2
8187;12;-4
8188;12;-8
8189;12;-8
8190;14;-12
8191;14;-30
8192;14;-26
8193;16;-6
8194;16;-4
8195;16;-8
8196;20;-10
8197;16;-6
8198;18;2
8199;18;2
8200;14;-4
8201;20;-4
8202;18;-6
8203;18;-6
8204;28;-6
8205;20;-6
8206;20;-16
8207;20;-30
8208;20;-14
8209;22;8
8210;20;2
8211;32;-2
8212;20;-4
8213;22;0
8214;20;-14
8215;16;-24
8216;20;-12
8217;22;8
8218;20;10
8219;14;4
8220;24;0
8221;22;-2
8222;22;-2
8223;22;-6
8224;22;-22
8225;22;-24
8226;16;4
8227;24;10
8228;24;6
8229;24;0
8230;10;0
8231;22;0
8232;24;-2
8233;22;-16
8234;18;-18
8235;24;-6
8236;24;14
8237;22;16
8238;24;12
8239;24;8
8240;24;6
8241;10;6
8242;24;2
8243;24;-16
8244;26;-18
8245;30;4
8246;26;16
8247;26;14
8248;26;8
8249;24;6
8250;26;6
8251;26;4
8252;26;-10
8253;26;-20
8254;26;-4
8255;26;22
8256;22;22
8257;26;16
8258;26;12
8259;26;10
8260;26;10
8261;26;6
8262;26;-10
8263;26;-10
8264;26;18
8265;26;22
8266;26;18
8267;26;12
8268;26;10
8269;26;10
8270;24;8
8271;28;-10
8272;26;-12
8273;26;12
8274;26;22
8275;22;20
8276;26;22
8277;26;8
8278;26;-6
8279;28;8
8280;26;28
8281;26;26
8282;22;20
8283;26;18
8284;26;16
8285;28;16
8286;30;10
8287;26;-6
8288;26;-2
8289;26;24
8290;34;26
8291;24;22
8292;26;18
8293;26;16
8294;26;16
8295;24;4
8296;24;-8
8297;22;6
8298;24;28
8299;24;30
8300;24;26
8301;34;22
8302;22;20
8303;24;20
8304;22;10
8305;24;-6
8306;22;6
8307;24;28
8308;22;30
8309;24;24
8310;22;22
8311;22;20
8312;38;20
8313;24;18
8314;24;0
8315;24;-4
8316;12;22
8317;24;32
8318;24;30
8319;24;24
8320;22;22
8321;24;18
8322;26;2
8323;26;0
8324;24;28
8325;24;34
8326;24;28
8327;10;24
8328;24;24
8329;24;20
8330;24;8
8331;30;-2
8332;26;16
8333;24;34
8334;24;30
8335;24;26
8336;26;24
8337;24;22
8338;24;22
8339;22;8
8340;24;-2
8341;24;16
8342;18;36
8343;24;34
8344;24;28
8345;24;26
8346;22;24
8347;22;24
8348;22;22
8349;24;6
8350;26;-2
8351;22;18
8352;22;28
8353;22;34
8354;20;28
8355;24;26
8356;22;24
8357;24;22
8358;24;24
8359;22;26
8360;22;10
8361;14;6
8362;20;34
8363;24;40
8364;22;34
8365;22;32
8366;22;30
8367;22;26
8368;20;12
8369;22;4
8370;20;20
8371;22;40
8372;26;38
8373;22;32
8374;22;30
8375;22;28
8376;28;24
8377;22;8
8378;20;6
8379;22;34
8380;22;40
8381;20;36
8382;22;32
8383;28;30
8384;20;22
8385;18;4
8386;22;10
8387;32;34
8388;20;42
8389;18;38
8390;20;28
8391;18;30
8392;22;28
8393;20;28
8394;20;14
8395;18;4
8396;20;18
8397;20;38
8398;34;40
8399;20;32
8400;20;32
8401;22;28
8402;8;12
8403;22;8
8404;20;30
8405;22;42
8406;18;38
8407;20;34
8408;20;32
8409;22;30
8410;20;30
8411;22;16
8412;22;6
8413;16;28
8414;20;42
8415;20;38
8416;18;34
8417;22;32
8418;20;30
8419;20;22
8420;20;6
8421;20;16
8422;18;42
8423;18;44
8424;20;38
8425;18;38
8426;18;36
8427;20;36
8428;12;24
8429;18;12
8430;18;24
8431;18;46
8432;18;44
8433;18;40
8434;18;36
8435;20;34
8436;22;26
8437;18;12
8438;18;18
8439;18;40
8440;18;46
8441;18;40
8442;20;38
8443;16;32
8444;18;16
8445;20;22
8446;20;44
8447;16;50
8448;18;44
8449;18;40
8450;22;38
8451;22;38
8452;18;34
8453;18;20
8454;16;14
8455;18;34
8456;18;50
8457;20;46
8458;18;42
8459;20;38
8460;18;38
8461;18;38
8462;26;28
8463;18;16
8464;20;22
8465;20;44
8466;20;52
8467;20;46
8468;20;42
8469;0;40
8470;18;38
8471;20;38
8472;18;26
8473;30;14
8474;18;32
8475;18;50
8476;18;46
8477;22;42
8478;20;40
8479;20;38
8480;20;38
8481;20;26
8482;20;12
8483;22;22
8484;44;48
8485;20;52
8486;22;46
8487;22;42
8488;8;40
8489;20;38
8490;20;36
8491;20;20
8492;22;14
8493;20;36
8494;20;50
8495;18;48
8496;20;42
8497;18;40
8498;20;38
8499;24;38
8500;20;30
8501;18;16
8502;18;22
8503;18;42
8504;18;50
8505;18;46
8506;18;40
8507;16;34
8508;20;18
8509;18;16
8510;18;38
8511;20;48
8512;18;46
8513;18;40
8514;18;38
8515;18;36
8516;20;32
8517;18;16
8518;20;16
8519;18;38
8520;20;48
8521;20;44
8522;18;40
8523;20;38
8524;18;36
8525;20;36
8526;18;28
8527;20;12
8528;20;16
8529;16;38
8530;18;46
8531;18;42
8532;18;38
8533;10;36
8534;18;34
8535;20;34
8536;18;20
8537;20;10
8538;18;28
8539;18;46
8540;10;44
8541;18;38
8542;18;36
8543;16;34
8544;18;36
8545;18;30
8546;18;16
8547;16;10
8548;16;30
8549;16;44
8550;16;42
8551;16;36
8552;18;34
8553;14;32
8554;16;32
8555;14;24
8556;16;8
8557;14;16
8558;16;40
8559;30;44
8560;18;40
8561;16;34
8562;16;34
8563;20;34
8564;16;28
8565;16;12
8566;18;10
8567;16;34
8568;16;40
8569;14;38
8570;36;32
8571;16;30
8572;16;28
8573;16;28
8574;18;18
8575;16;4
8576;16;20
8577;14;40
8578;18;38
8579;14;32
8580;16;30
8581;16;28
8582;14;26
8583;14;12
8584;16;2
8585;18;22
8586;16;38
8587;18;38
8588;14;30
8589;14;22
8590;16;4
8591;16;6
8592;18;32
8593;14;36
8594;16;32
8595;16;26
8596;18;24
8597;16;24
8598;16;12
8599;16;0
8600;26;10
8601;16;32
8602;20;34
8603;18;30
8604;20;26
8605;18;24
8606;18;24
8607;16;22
8608;16;4
8609;18;-2
8610;16;20
8611;18;34
8612;14;32
8613;18;26
8614;16;22
8615;18;22
8616;16;22
8617;16;8
8618;16;-4
8619;20;12
8620;16;32
8621;16;32
8622;16;26
8623;14;24
8624;14;24
8625;14;20
8626;20;22
8627;14;10
8628;12;-4
8629;14;12
8630;6;32
8631;14;30
8632;14;24
8633;12;22
8634;6;20
8635;12;18
8636;14;6
8637;14;-6
8638;12;10
8639;12;30
8640;12;30
8641;12;26
8642;12;22
8643;12;22
8644;14;20
8645;8;16
8646;14;-2
8647;12;0
8648;12;28
8649;10;32
8650;10;28
8651;12;18
8652;12;2
8653;10;-6
8654;10;14
8655;12;30
8656;4;28
8657;10;22
8658;12;20
8659;10;18
8660;14;18
8661;10;4
8662;10;-8
8663;10;8
8664;8;30
8665;10;26
8666;10;22
8667;10;20
8668;8;18
8669;8;18
8670;8;16
8671;2;18
8672;8;0
8673;8;-12
8674;8;-2
8675;8;22
8676;8;24
8677;10;18
8678;8;16
8679;8;14
8680;6;12
8681;6;12
8682;8;2
8683;8;-12
8684;8;2
8685;8;24
8686;8;22
8687;6;18
8688;6;14
8689;6;12
8690;2;6
8691;6;-10
8692;6;-2
8693;6;18
8694;6;18
8695;8;10
8696;4;10
8697;6;8
8698;4;2
8699;2;-14
8700;4;-16
8701;6;8
8702;4;20
8703;4;16
8704;2;10
8705;4;8
8706;2;8
8707;2;-2
8708;0;-16
8709;2;-8
8710;0;16
8711;0;18
8712;-2;12
8713;2;4
8714;0;-6
8715;2;-22
8716;14;-14
8717;2;10
8718;2;12
8719;2;8
8720;4;4
8721;0;2
8722;0;2
8723;2;-6
8724;0;-22
8725;0;-16
8726;0;8
8727;18;14
8728;0;8
8729;-2;4
8730;0;2
8731;2;0
8732;-2;0
8733;-2;-4
8734;-2;-26
8735;0;-26
8736;-2;0
8737;-2;4
8738;-2;0
8739;-2;-4
8740;-2;-6
8741;-2;-10
8742;-10;-26
8743;-2;-28
8744;-4;0
8745;-2;6
8746;-4;0
8747;-4;-4
8748;-6;-6
8749;-6;-8
8750;-6;-24
8751;-6;-30
8752;-6;-8
8753;-8;6
8754;-8;4
8755;-6;-8
8756;-8;-20
8757;-14;-34
8758;-8;-20
8759;-8;0
8760;-8;-2
8761;-8;-8
8762;-8;-10
8763;-8;-12
8764;-10;-14
8765;-6;-30
8766;-10;-36
8767;-10;-16
8768;-10;-2
8769;-10;-2
8770;-12;-8
8771;-12;-10
8772;-10;-12
8773;-12;-12
8774;-12;-26
8775;-12;-36
8776;-18;-22
8777;-14;-6
8778;-14;-6
8779;-14;-12
8780;-12;-14
8781;-14;-14
8782;-16;-16
8783;-26;-18
8784;-16;-32
8785;-16;-38
8786;-16;-24
8787;-18;-6
8788;-16;-6
8789;-16;-10
8790;-16;-14
8791;-12;-14
8792;-16;-16
8793;-16;-18
8794;-18;-34
8795;-16;-38
8796;-18;-8
8797;-16;-6
8798;-26;-12
8799;-18;-16
8800;-18;-16
8801;-16;-22
8802;-4;-38
8803;-18;-36
8804;-18;-10
8805;-16;-6
8806;-18;-10
8807;-18;-16
8808;-20;-16
8809;-20;-18
8810;-20;-26
8811;-18;-40
8812;-18;-32
8813;-12;-10
8814;-22;-6
8815;-20;-12
8816;-20;-16
8817;-32;-14
8818;-22;-26
8819;-22;-40
8820;-20;-32
8821;-22;-10
8822;-22;-6
8823;-24;-12
8824;-22;-16
8825;-24;-18
8826;-22;-18
8827;-24;-20
8828;-18;-36
8829;-24;-40
8830;-22;-20
8831;-24;-6
8832;-26;-8
8833;-24;-12
8834;-24;-16
8835;-26;-18
8836;-24;-18
8837;-26;-20
8838;-24;-20
8839;-24;-36
8840;-24;-42
8841;-24;-26
8842;-24;-8
8843;-22;-8
8844;-24;-14
8845;-22;-16
8846;-24;-18
8847;-24;-20
8848;-24;-30
8849;-24;-42
8850;-24;-30
8851;-24;-10
8852;-24;-8
8853;-26;-12
8854;-26;-16
8855;-26;-18
8856;-24;-18
8857;-22;-20
8858;-28;-34
8859;-24;-42
8860;-26;-24
8861;-26;-8
8862;-32;-10
8863;-26;-14
8864;-26;-16
8865;-26;-20
8866;-26;-20
8867;-26;-20
8868;-26;-32
8869;-38;-42
8870;-26;-26
8871;-26;-8
8872;-26;-8
8873;-26;-14
8874;-24;-18
8875;-26;-18
8876;-26;-20
8877;-28;-34
8878;-26;-42
8879;-26;-16
8880;-26;-8
8881;-24;-12
8882;-26;-18
8883;-26;-20
8884;-50;-20
8885;-24;-26
8886;-26;-42
8887;-26;-40
8888;-20;-16
8889;-24;-8
8890;-26;-12
8891;-26;-16
8892;-32;-20
8893;-26;-20
8894;-26;-20
8895;-28;-30
8896;-30;-42
8897;-28;-34
8898;-28;-14
8899;-28;-8
8900;-28;-12
8901;-26;-20
8902;-28;-36
8903;-26;-44
8904;-30;-26
8905;-28;-10
8906;-28;-14
8907;-26;-18
8908;-28;-20
8909;-26;-22
8910;-26;-22
8911;-28;-24
8912;-28;-40
8913;-26;-44
8914;-22;-18
8915;-26;-10
8916;-26;-14
8917;-26;-20
8918;-26;-20
8919;-24;-20
8920;-26;-24
8921;-26;-36
8922;-26;-46
8923;-26;-22
8924;-26;-12
8925;-26;-16
8926;-26;-20
8927;-24;-22
8928;-26;-24
8929;-16;-38
8930;-26;-46
8931;-28;-30
8932;-24;-12
8933;-22;-12
8934;-24;-18
8935;-26;-22
8936;-24;-22
8937;-24;-24
8938;-26;-24
8939;-26;-34
8940;-24;-44
8941;-26;-38
8942;-26;-14
8943;-26;-12
8944;-22;-18
8945;-26;-22
8946;-26;-22
8947;-26;-24
8948;-28;-26
8949;-26;-42
8950;-26;-44
8951;-26;-20
8952;-26;-12
8953;-24;-18
8954;-24;-22
8955;-14;-22
8956;-24;-24
8957;-24;-24
8958;-26;-36
8959;-28;-46
8960;-24;-34
8961;-22;-14
8962;-24;-14
8963;-26;-20
8964;-22;-22
8965;-22;-28
8966;-22;-44
8967;-20;-44
8968;-22;-24
8969;-20;-12
8970;-36;-16
8971;-20;-20
8972;-20;-24
8973;-20;-24
8974;-16;-24
8975;-20;-32
8976;-20;-44
8977;-20;-40
8978;-18;-20
8979;-18;-14
8980;-18;-18
8981;-18;-20
8982;-16;-24
8983;-18;-24
8984;-16;-26
8985;-20;-40
8986;-16;-46
8987;-16;-30
8988;-14;-14
8989;-10;-14
8990;-14;-20
8991;-14;-22
8992;-14;-24
8993;-12;-24
8994;-12;-34
8995;-14;-46
8996;-12;-32
8997;-10;-14
8998;-10;-14
8999;-10;-20
9000;-14;-22
9001;-8;-24
9002;-10;-26
9003;-10;-42
9004;-8;-46
9005;-8;-16
9006;-8;-10
9007;-6;-14
9008;-4;-18
9009;-8;-20
9010;-8;-22
9011;-6;-38
9012;-8;-42
9013;-6;-18
9014;-8;-8
9015;2;-12
9016;-6;-16
9017;-4;-18
9018;-6;-22
9019;-4;-40
9020;-6;-42
9021;-4;-22
9022;-6;-8
9023;-4;-12
9024;-4;-16
9025;-4;-18
9026;-4;-18
9027;-6;-34
9028;-4;-36
9029;-6;-12
9030;0;-2
9031;-2;-6
9032;-4;-10
9033;-4;-14
9034;4;-14
9035;-2;-16
9036;-2;-28
9037;-2;-38
9038;-2;-18
9039;-2;-2
9040;-2;-6
9041;6;-10
9042;0;-14
9043;0;-14
9044;0;-22
9045;8;-36
9046;0;-30
9047;0;-6
9048;2;2
9049;4;-4
9050;2;-8
9051;0;-10
9052;2;-10
9053;2;-20
9054;2;-34
9055;4;-18
9056;26;2
9057;4;0
9058;4;-6
9059;4;-8
9060;-6;-10
9061;4;-24
9062;6;-34
9063;6;-20
9064;2;-2
9065;6;0
9066;6;-6
9067;6;-6
9068;6;-14
9069;8;-28
9070;6;-18
9071;-8;4
9072;6;4
9073;6;0
9074;6;-4
9075;8;-8
9076;10;-10
9077;8;-26
9078;10;-28
9079;8;-6
9080;10;6
9081;10;2
9082;12;-2
9083;10;-6
9084;10;-6
9085;14;-6
9086;6;-10
9087;14;-26
9088;12;-28
9089;14;-8
9090;12;6
9091;14;4
9092;12;0
9093;14;-4
9094;16;-4
9095;14;-6
9096;14;-22
9097;14;-28
9098;14;-2
9099;14;6
9100;14;2
9101;14;-2
9102;16;-4
9103;14;-14
9104;16;-28
9105;10;-20
9106;16;4
9107;16;6
9108;14;0
9109;20;0
9110;16;-14
9111;18;-26
9112;8;-14
9113;18;8
9114;20;8
9115;20;4
9116;18;0
9117;20;-2
9118;20;-2
9119;20;-16
9120;24;-26
9121;20;-16
9122;22;6
9123;22;8
9124;22;2
9125;22;0
9126;24;-2
9127;20;-2
9128;22;-4
9129;22;-18
9130;24;-24
9131;34;-8
9132;24;10
9133;24;10
9134;24;4
9135;26;2
9136;26;0
9137;26;0
9138;24;-10
9139;24;-24
9140;24;-12
9141;24;10
9142;46;10
9143;24;4
9144;24;0
9145;24;0
9146;10;-2
9147;22;-18
9148;24;-24
9149;24;-6
9150;24;12
9151;24;12
9152;24;8
9153;24;6
9154;24;4
9155;24;-4
9156;24;-20
9157;28;-12
9158;24;10
9159;24;16
9160;24;12
9161;30;8
9162;24;4
9163;26;4
9164;26;2
9165;24;-6
9166;24;-20
9167;24;-10
9168;26;14
9169;24;14
9170;24;6
9171;26;6
9172;20;4
9173;24;-12
9174;24;-12
9175;24;12
9176;26;20
9177;26;16
9178;24;12
9179;24;10
9180;26;8
9181;26;-2
9182;24;-16
9183;26;0
9184;22;20
9185;24;18
9186;24;12
9187;26;10
9188;24;8
9189;24;8
9190;26;-6
9191;24;-18
9192;26;-4
9193;24;22
9194;26;24
9195;26;18
9196;24;16
9197;26;14
9198;28;12
9199;24;-2
9200;26;-12
9201;26;4
9202;24;24
9203;26;22
9204;24;18
9205;26;14
9206;22;12
9207;26;12
9208;26;10
9209;24;-8
9210;26;-12
9211;26;14
9212;26;24
9213;18;28
9214;26;24
9215;26;18
9216;24;2
9217;34;-6
9218;24;12
9219;24;30
9220;24;28
9221;22;24
9222;26;20
9223;24;18
9224;26;18
9225;24;18
9226;24;4
9227;24;-6
9228;46;12
9229;22;30
9230;22;26
9231;24;22
9232;10;20
9233;22;18
9234;24;24
9235;22;8
9236;24;0
9237;22;20
9238;24;36
9239;26;34
9240;24;30
9241;24;28
9242;24;26
9243;28;26
9244;24;24
9245;26;12
9246;22;0
9247;22;18
9248;24;36
9249;24;32
9250;24;28
9251;20;26
9252;22;26
9253;24;20
9254;24;4
9255;22;8
9256;24;30
9257;24;40
9258;24;36
9259;24;32
9260;24;30
9261;24;28
9262;24;28
9263;22;24
9264;26;8
9265;24;6
9266;24;28
9267;22;40
9268;24;36
9269;24;32
9270;22;28
9271;22;28
9272;24;30
9273;18;24
9274;24;8
9275;22;6
9276;24;32
9277;14;44
9278;22;40
9279;22;34
9280;22;34
9281;22;32
9282;22;32
9283;22;26
9284;12;12
9285;22;10
9286;22;38
9287;24;42
9288;16;38
9289;20;34
9290;22;32
9291;20;32
9292;18;30
9293;20;14
9294;22;6
9295;20;28
9296;22;44
9297;20;42
9298;20;38
9299;-4;36
9300;18;34
9301;20;26
9302;22;10
9303;26;18
9304;20;40
9305;18;44
9306;18;40
9307;22;36
9308;18;34
9309;20;34
9310;20;20
9311;20;10
9312;18;28
9313;20;46
9314;14;42
9315;22;36
9316;20;34
9317;18;34
9318;24;28
9319;20;14
9320;20;14
9321;20;40
9322;24;46
9323;20;42
9324;20;38
9325;20;36
9326;18;34
9327;18;30
9328;20;14
9329;24;12
9330;22;40
9331;18;46
9332;20;40
9333;20;36
9334;18;34
9335;20;34
9336;20;20
9337;18;8
9338;20;24
9339;20;44
9340;20;42
9341;18;36
9342;20;34
9343;20;32
9344;26;28
9345;18;10
9346;18;12
9347;20;34
9348;20;44
9349;18;40
9350;18;36
9351;18;32
9352;18;32
9353;18;30
9354;20;16
9355;18;6
9356;18;24
9357;18;42
9358;20;40
9359;16;38
9360;20;26
9361;18;10
9362;18;20
9363;12;42
9364;18;44
9365;20;38
9366;18;36
9367;18;32
9368;18;32
9369;16;24
9370;36;10
9371;18;18
9372;18;44
9373;18;42
9374;18;38
9375;18;34
9376;18;32
9377;18;32
9378;16;20
9379;18;8
9380;18;26
9381;18;36
9382;20;32
9383;16;30
9384;16;38
9385;2;44
9386;18;40
9387;18;36
9388;18;36
9389;30;34
9390;18;34
9391;18;32
9392;18;16
9393;20;12
9394;20;38
9395;20;44
9396;20;40
9397;22;38
9398;20;36
9399;20;34
9400;34;34
9401;22;30
9402;22;14
9403;22;14
9404;8;38
9405;20;48
9406;22;44
9407;22;38
9408;22;36
9409;20;34
9410;20;34
9411;20;16
9412;22;10
9413;22;32
9414;18;48
9415;22;44
9416;20;38
9417;20;36
9418;20;34
9419;22;34
9420;20;32
9421;20;34
9422;18;24
9423;16;12
9424;18;22
9425;18;44
9426;18;48
9427;18;44
9428;20;38
9429;18;36
9430;14;36
9431;18;34
9432;18;20
9433;18;12
9434;16;36
9435;18;48
9436;18;42
9437;18;38
9438;20;36
9439;18;34
9440;16;32
9441;18;14
9442;16;16
9443;18;38
9444;16;48
9445;18;44
9446;18;42
9447;16;38
9448;18;34
9449;10;22
9450;18;12
9451;18;36
9452;18;50
9453;18;46
9454;18;40
9455;16;38
9456;8;36
9457;16;24
9458;16;12
9459;16;24
9460;14;46
9461;16;48
9462;18;40
9463;14;38
9464;14;26
9465;16;12
9466;16;20
9467;16;42
9468;18;46
9469;16;40
9470;18;36
9471;-6;36
9472;16;34
9473;16;34
9474;18;20
9475;12;10
9476;18;26
9477;16;44
9478;16;44
9479;18;40
9480;16;36
9481;16;34
9482;18;34
9483;16;34
9484;18;28
9485;16;12
9486;20;6
9487;18;32
9488;18;42
9489;18;38
9490;18;34
9491;18;32
9492;18;30
9493;16;18
9494;20;6
9495;16;24
9496;16;42
9497;16;40
9498;16;34
9499;16;32
9500;16;30
9501;18;26
9502;16;12
9503;16;6
9504;14;28
9505;16;36
9506;16;34
9507;16;32
9508;14;26
9509;14;26
9510;14;12
9511;16;2
9512;16;14
9513;18;34
9514;16;36
9515;16;30
9516;22;26
9517;16;26
9518;16;24
9519;16;16
9520;18;2
9521;16;12
9522;16;36
9523;18;34
9524;16;28
9525;18;28
9526;18;18
9527;18;0
9528;16;-4
9529;16;20
9530;16;32
9531;14;28
9532;18;24
9533;18;20
9534;18;20
9535;10;20
9536;16;6
9537;14;-6
9538;14;10
9539;16;30
9540;14;30
9541;14;26
9542;16;22
9543;14;22
9544;12;20
9545;14;18
9546;8;20
9547;16;4
9548;10;-8
9549;12;-4
9550;10;22
9551;12;26
9552;10;20
9553;12;18
9554;12;16
9555;12;16
9556;10;14
9557;6;0
9558;10;-10
9559;10;4
9560;8;24
9561;18;24
9562;12;20
9563;10;16
9564;10;14
9565;10;16
9566;10;10
9567;8;14
9568;10;-2
9569;8;-14
9570;8;-6
9571;8;20
9572;0;22
9573;8;16
9574;8;12
9575;8;10
9576;12;10
9577;6;8
9578;8;-2
9579;8;-16
9580;6;2
9581;6;20
9582;6;18
9583;8;14
9584;6;12
9585;6;10
9586;4;8
9587;8;-8
9588;6;-18
9589;6;2
9590;6;18
9591;6;14
9592;4;10
9593;6;8
9594;6;8
9595;8;6
9596;6;-4
9597;6;-18
9598;6;-6
9599;6;16
9600;6;16
9601;6;10
9602;14;8
9603;4;6
9604;6;6
9605;4;4
9606;4;-12
9607;4;-20
9608;4;-2
9609;4;16
9610;6;12
9611;4;8
9612;4;4
9613;6;2
9614;2;-4
9615;4;-20
9616;2;-16
9617;6;6
9618;4;14
9619;2;10
9620;2;6
9621;10;2
9622;2;2
9623;2;-2
9624;4;-20
9625;2;-18
9626;0;10
9627;-2;14
9628;6;8
9629;2;4
9630;-2;0
9631;0;-14
9632;12;-24
9633;-2;-8
9634;-2;12
9635;-2;10
9636;-6;6
9637;-2;2
9638;-2;0
9639;-2;-6
9640;-2;-20
9641;0;-20
9642;-2;8
9643;6;10
9644;-4;6
9645;-2;2
9646;-2;0
9647;-10;-2
9648;-2;-18
9649;-4;-26
9650;-4;-4
9651;-6;10
9652;-6;6
9653;-6;0
9654;-4;-2
9655;-2;-4
9656;-4;-8
9657;-4;-24
9658;-20;-24
9659;-2;4
9660;-4;8
9661;-4;2
9662;0;-2
9663;-6;-4
9664;-6;-4
9665;-6;-14
9666;-6;-28
9667;-8;-16
9668;-6;6
9669;-8;6
9670;-6;0
9671;-8;-2
9672;-8;-12
9673;-14;-26
9674;-6;-28
9675;-8;-6
9676;-8;6
9677;-10;2
9678;-10;-4
9679;-8;-6
9680;-10;-6
9681;-8;-14
9682;-12;-28
9683;-10;-24
9684;-10;-2
9685;-12;4
9686;-10;-2
9687;-10;-4
9688;-16;-6
9689;-12;-8
9690;-14;-12
9691;-14;-28
9692;-22;-24
9693;-14;-8
9694;-14;0
9695;-16;-4
9696;-12;-8
9697;-14;-10
9698;-16;-10
9699;-24;-12
9700;-16;-26
9701;-16;-36
9702;-16;-20
9703;-18;-2
9704;-18;-2
9705;-20;-6
9706;-18;-8
9707;-10;-10
9708;-20;-12
9709;-18;-26
9710;-20;-34
9711;-18;-10
9712;-20;0
9713;-18;-8
9714;-36;-12
9715;-20;-18
9716;-20;-34
9717;-20;-38
9718;-8;-18
9719;-22;-4
9720;-20;-8
9721;-22;-12
9722;-20;-16
9723;-20;-16
9724;-20;-20
9725;-22;-34
9726;-20;-38
9727;-22;-12
9728;-22;-4
9729;-2;-10
9730;-22;-14
9731;-22;-14
9732;-24;-16
9733;-34;-16
9734;-22;-22
9735;-22;-38
9736;-22;-42
9737;-22;-22
9738;-24;-8
9739;-22;-10
9740;-22;-16
9741;-24;-18
9742;-24;-18
9743;-24;-20
9744;-30;-34
9745;-26;-42
9746;-26;-24
9747;-24;-10
9748;-22;-10
9749;-24;-14
9750;-26;-18
9751;-26;-18
9752;-26;-18
9753;-26;-22
9754;-26;-36
9755;-28;-44
9756;-26;-26
9757;-28;-10
9758;-26;-12
9759;-30;-18
9760;-26;-20
9761;-26;-20
9762;-26;-22
9763;-28;-32
9764;-26;-44
9765;-26;-32
9766;-26;-14
9767;-26;-10
9768;-26;-16
9769;-28;-20
9770;-26;-20
9771;-26;-22
9772;-26;-24
9773;-28;-38
9774;-24;-44
9775;-30;-26
9776;-28;-14
9777;-28;-16
9778;-30;-22
9779;-28;-24
9780;-28;-24
9781;-28;-24
9782;-26;-32
9783;-30;-46
9784;-30;-42
9785;-26;-20
9786;-30;-14
9787;-28;-18
9788;-28;-22
9789;-28;-22
9790;-28;-24
9791;-28;-24
9792;-28;-38
9793;-20;-46
9794;-30;-28
9795;-28;-12
9796;-26;-14
9797;-28;-20
9798;-26;-22
9799;-28;-36
9800;-18;-46
9801;-28;-34
9802;-26;-14
9803;-26;-16
9804;-32;-20
9805;-28;-22
9806;-26;-24
9807;-26;-24
9808;-36;-24
9809;-28;-36
9810;-26;-46
9811;-26;-36
9812;-26;-16
9813;-26;-14
9814;-26;-18
9815;-46;-22
9816;-26;-26
9817;-26;-24
9818;-28;-32
9819;-38;-44
9820;-28;-36
9821;-26;-14
9822;-26;-12
9823;-30;-16
9824;-28;-20
9825;-28;-22
9826;-26;-22
9827;-26;-24
9828;-28;-28
9829;-26;-42
9830;-40;-40
9831;-28;-14
9832;-26;-10
9833;-28;-16
9834;-22;-20
9835;-26;-22
9836;-26;-22
9837;-24;-32
9838;-26;-44
9839;-26;-38
9840;-26;-16
9841;-24;-10
9842;-26;-16
9843;-26;-18
9844;-24;-20
9845;-30;-22
9846;-24;-20
9847;-24;-26
9848;-24;-42
9849;-24;-40
9850;-26;-14
9851;-26;-10
9852;-24;-16
9853;-22;-20
9854;-26;-20
9855;-24;-20
9856;-24;-32
9857;-26;-44
9858;-24;-34
9859;-22;-12
9860;-18;-8
9861;-22;-16
9862;-22;-18
9863;-24;-20
9864;-22;-22
9865;-22;-34
9866;-22;-44
9867;-22;-28
9868;-20;-10
9869;-22;-10
9870;-20;-16
9871;-20;-18
9872;-22;-20
9873;-20;-20
9874;-20;-22
9875;-16;-36
9876;-20;-44
9877;-18;-18
9878;-20;-10
9879;-8;-12
9880;-18;-14
9881;-16;-28
9882;-16;-40
9883;-16;-28
9884;-18;-8
9885;-16;-8
9886;-12;-12
9887;-16;-16
9888;-14;-16
9889;-14;-18
9890;-2;-18
9891;-14;-30
9892;-14;-40
9893;-14;-26
9894;-12;-8
9895;-14;-8
9896;-16;-12
9897;-14;-14
9898;-14;-16
9899;-12;-16
9900;-16;-16
9901;0;-22
9902;-14;-36
9903;-12;-36
9904;-12;-14
9905;-26;-4
9906;-10;-10
9907;-12;-12
9908;-12;-14
9909;-14;-16
9910;-12;-18
9911;-10;-34
9912;-10;-38
9913;-10;-14
9914;-10;-4
9915;-10;-10
9916;-16;-12
9917;-10;-14
9918;-8;-16
9919;-8;-20
9920;-8;-36
9921;-6;-34
9922;-6;-16
9923;-6;-6
9924;-10;-10
9925;-4;-14
9926;-4;-16
9927;-6;-16
9928;-6;-18
9929;-4;-28
9930;-6;-42
9931;-10;-32
9932;-4;-10
9933;-4;-6
9934;-4;-10
9935;-6;-16
9936;-2;-16
9937;-4;-18
9938;-4;-30
9939;-2;-40
9940;-2;-22
9941;-4;-6
9942;-2;-8
9943;-2;-12
9944;-4;-16
9945;-4;-32
9946;-2;-38
9947;0;-20
9948;-2;-6
9949;-2;-6
9950;-10;-10
9951;-4;-14
9952;-2;-16
9953;0;-16
9954;0;-28
9955;0;-38
9956;0;-28
9957;-10;-6
9958;0;-6
9959;0;-10
9960;0;-14
9961;4;-16
9962;2;-18
9963;-2;-14
9964;0;-26
9965;8;-36
9966;2;-24
9967;2;-4
9968;2;-4
9969;4;-8
9970;4;-12
9971;2;-14
9972;0;-16
9973;2;-28
9974;4;-36
9975;4;-12
9976;12;-2
9977;4;-6
9978;4;-10
9979;6;-14
9980;8;-14
9981;6;-28
9982;4;-38
9983;6;-24
9984;6;0
9985;8;-2
9986;6;-6
9987;22;-10
9988;6;-12
9989;8;-18
9990;8;-34
9991;2;-30
9992;10;-8
9993;10;0
9994;10;-4
9995;14;-10
9996;10;-10
9997;14;-12
9998;12;-20
9999;12;-34
10000;12;-28
