Column1;Column2;Column3
Channel              :;CH1;CH2
Frequency            :;16,02Hz;16,01Hz
Period               :;62,42ms;62,45ms
PK-PK                :;132,8mV;112,0mV
Probe attenuation    :;1X;1X
Voltage per ADC value:;0,050000mV;0,050000mV
Time interval        :;100,00000uS;100,00000uS
;;
index;CH1_Voltage(mV);CH2_Voltage(mV)
1;-52;-25,6
2;-52;-25,6
3;-52;-28
4;-50,400002;-42,400002
5;-52;-49,599998
6;-52,799999;-31,200001
7;-52;-16
8;-52;-16,799999
9;-51,200001;-21,6
10;-52,799999;-24,799999
11;-52,799999;-25,6
12;-47,200001;-26,4
13;-52;-34,400002
14;-52;-48
15;-52;-42,400002
16;-47,200001;-20
17;-50,400002;-14,4
18;-52;-20
19;-51,200001;-22,4
20;-50,400002;-31,200001
21;-51,200001;-48
22;-51,200001;-52
23;-49,599998;-30,4
24;-48,799999;-18,4
25;-48;-21,6
26;-49,599998;-26,4
27;-52,799999;-28,799999
28;-47,200001;-29,6
29;-46,400002;-30,4
30;-46,400002;-44,799999
31;-44,799999;-53,599998
32;-44;-29,6
33;-44;-18,4
34;-43,200001;-23,200001
35;-40,799999;-26,4
36;-41,599998;-28,799999
37;-41,599998;-31,200001
38;-40,799999;-47,200001
39;-40,799999;-53,599998
40;-40;-24,799999
41;-38,400002;-18,4
42;-40;-23,200001
43;-38,400002;-28
44;-36,799999;-29,6
45;-36;-31,200001
46;-42,400002;-45,599998
47;-35,200001;-53,599998
48;-34,400002;-35,200001
49;-32,799999;-18,4
50;-31,200001;-20
51;-32,799999;-24,799999
52;-31,200001;-28
53;-41,599998;-29,6
54;-30,4;-30,4
55;-29,6;-43,200001
56;-28;-52,799999
57;-27,200001;-37,599998
58;-28,799999;-20
59;-27,200001;-20
60;-26,4;-24,799999
61;-33,599998;-24,799999
62;-24,799999;-37,599998
63;-24,799999;-50,400002
64;-25,6;-36
65;-23,200001;-17,6
66;-23,200001;-19,200001
67;-23,200001;-24
68;-13,6;-26,4
69;-21,6;-28
70;-20,799999;-36,799999
71;-20;-49,599998
72;-31,200001;-42,400002
73;-20;-21,6
74;-19,200001;-17,6
75;-17,6;-21,6
76;-18,4;-24,799999
77;-17,6;-27,200001
78;-15,2;-28
79;-14,4;-31,200001
80;-15,2;-48
81;-12,8;-49,599998
82;-13,6;-23,200001
83;-9,6;-12,8
84;-12;-16,799999
85;-12;-21,6
86;-12;-23,200001
87;-8,8;-24
88;-8,8;-31,200001
89;-8,8;-46,400002
90;-8,8;-42,400002
91;-8;-18,4
92;-7,2;-12,8
93;-6,4;-17,6
94;-4,8;-20,799999
95;-6,4;-24
96;-4,8;-24,799999
97;-4,8;-37,599998
98;-4,8;-48
99;-2,4;-32
100;-2,4;-14,4
101;-2,4;-15,2
102;-8,8;-19,200001
103;-0,8;-17,6
104;0,8;-32
105;0,8;-43,200001
106;3,2;-27,200001
107;2,4;-9,6
108;4;-10,4
109;-4,8;-15,2
110;5,6;-17,6
111;7,2;-19,200001
112;8,8;-20,799999
113;7,2;-34,400002
114;11,2;-43,200001
115;11,2;-20,799999
116;10,4;-8
117;8;-12
118;13,6;-16
119;15,2;-18,4
120;15,2;-19,200001
121;16,799999;-20
122;16;-32,799999
123;16;-42,400002
124;2,4;-21,6
125;17,6;-9,6
126;17,6;-3,2
127;17,6;-6,4
128;12;-10,4
129;19,200001;-12
130;20,799999;-12
131;20;-19,200001
132;19,200001;-33,599998
133;20,799999;-27,200001
134;21,6;-3,2
135;21,6;-3,2
136;22,4;-8,8
137;23,200001;-11,2
138;23,200001;-12
139;27,200001;-13,6
140;24;-24
141;24,799999;-36
142;24,799999;-20
143;26,4;-3,2
144;26,4;-2,4
145;26,4;0
146;26,4;-4
147;28;-20
148;28;-28,799999
149;28;-11,2
150;28;6,4
151;28;4,8
152;28,799999;2,4
153;28,799999;-2,4
154;35,200001;-4,8
155;29,6;-14,4
156;30,4;-28
157;32;-18,4
158;29,6;3,2
159;32;5,6
160;32,799999;1,6
161;33,599998;-1,6
162;33,599998;-4,8
163;33,599998;-4,8
164;32,799999;-8,8
165;25,6;-22,4
166;32;-21,6
167;33,599998;-1,6
168;33,599998;12
169;33,599998;10,4
170;34,400002;5,6
171;34,400002;3,2
172;34,400002;2,4
173;34,400002;-5,6
174;35,200001;-20
175;34,400002;-16
176;35,200001;6,4
177;36,799999;13,6
178;34,400002;8
179;34,400002;4
180;12;2,4
181;35,200001;1,6
182;35,200001;0
183;34,400002;-4,8
184;36,799999;-20
185;35,200001;-20
186;34,400002;14,4
187;34,400002;20,799999
188;32;16,799999
189;34,400002;12,8
190;34,400002;10,4
191;35,200001;8,8
192;34,400002;-4
193;34,400002;-16
194;35,200001;0
195;20,799999;19,200001
196;33,599998;20
197;35,200001;14,4
198;35,200001;11,2
199;32,799999;9,6
200;35,200001;9,6
201;34,400002;4
202;34,400002;-12,8
203;32,799999;-9,6
204;33,599998;18,4
205;34,400002;19,200001
206;33,599998;13,6
207;32,799999;20
208;32;6,4
209;31,200001;-8
210;35,200001;3,2
211;31,200001;24,799999
212;31,200001;27,200001
213;30,4;21,6
214;32;17,6
215;30,4;16
216;29,6;16
217;29,6;12
218;31,200001;-4,8
219;28,799999;-7,2
220;28,799999;15,2
221;30,4;28
222;28;24
223;28,799999;19,200001
224;28,799999;16,799999
225;30,4;15,2
226;28,799999;14,4
227;29,6;15,2
228;29,6;14,4
229;36;-0,8
230;28;-2,4
231;28;20
232;28,799999;31,200001
233;29,6;28
234;28;23,200001
235;28,799999;20,799999
236;5,6;20
237;27,200001;19,200001
238;29,6;8,8
239;28;-4,8
240;40,799999;8,8
241;27,200001;30,4
242;28;28,799999
243;28,799999;24
244;29,6;21,6
245;28;19,200001
246;28,799999;19,200001
247;28;10,4
248;28,799999;-4
249;28;8
250;27,200001;29,6
251;25,6;34,400002
252;27,200001;29,6
253;26,4;25,6
254;26,4;24
255;30,4;21,6
256;27,200001;6,4
257;25,6;-0,8
258;25,6;18,4
259;28;34,400002
260;25,6;32,799999
261;25,6;28
262;26,4;25,6
263;24,799999;23,200001
264;25,6;21,6
265;25,6;6,4
266;22,4;0
267;24,799999;25,6
268;26,4;33,599998
269;25,6;32
270;26,4;28
271;25,6;10,4
272;25,6;4,8
273;25,6;32
274;25,6;39,200001
275;25,6;32,799999
276;25,6;29,6
277;24,799999;28
278;25,6;25,6
279;25,6;10,4
280;25,6;1,6
281;28;20
282;26,4;37,599998
283;24;36
284;24,799999;31,200001
285;33,599998;28
286;24,799999;27,200001
287;24;26,4
288;24;24
289;25,6;7,2
290;23,200001;4,8
291;24,799999;28
292;19,200001;40,799999
293;23,200001;36,799999
294;24;32,799999
295;24;30,4
296;36,799999;28,799999
297;24;16,799999
298;23,200001;4,8
299;23,200001;18,4
300;22,4;38,400002
301;23,200001;40
302;22,4;34,400002
303;23,200001;30,4
304;22,4;29,6
305;22,4;27,200001
306;24;11,2
307;14,4;4,8
308;22,4;31,200001
309;24;40
310;23,200001;34,400002
311;29,6;32,799999
312;24,799999;29,6
313;24;14,4
314;25,6;17,6
315;28;41,599998
316;25,6;47,200001
317;26,4;43,200001
318;24,799999;38,400002
319;24;36
320;25,6;36
321;26,4;32
322;20;14,4
323;27,200001;14,4
324;25,6;36,799999
325;25,6;46,400002
326;25,6;42,400002
327;26,4;40
328;25,6;35,200001
329;27,200001;35,200001
330;27,200001;24,799999
331;25,6;10,4
332;25,6;28,799999
333;25,6;47,200001
334;24,799999;48,799999
335;26,4;44
336;25,6;40,799999
337;25,6;40
338;24,799999;37,599998
339;24,799999;24
340;24,799999;14,4
341;25,6;37,599998
342;24;51,200001
343;23,200001;47,200001
344;24,799999;43,200001
345;23,200001;40
346;23,200001;39,200001
347;24;33,599998
348;34,400002;17,6
349;24;16,799999
350;25,6;39,200001
351;24;50,400002
352;32,799999;47,200001
353;24;45,599998
354;24;31,200001
355;23,200001;17,6
356;26,4;29,6
357;24;50,400002
358;23,200001;52
359;24,799999;46,400002
360;24,799999;43,200001
361;24;41,599998
362;24;40,799999
363;30,4;36,799999
364;24;20
365;22,4;19,200001
366;23,200001;48
367;28;51,200001
368;23,200001;47,200001
369;22,4;42,400002
370;24;41,599998
371;22,4;40
372;22,4;33,599998
373;23,200001;19,200001
374;23,200001;20,799999
375;22,4;43,200001
376;23,200001;52,799999
377;20,799999;48
378;16,799999;44
379;23,200001;41,599998
380;21,6;40,799999
381;22,4;36,799999
382;21,6;20
383;22,4;19,200001
384;22,4;42,400002
385;23,200001;52,799999
386;23,200001;48,799999
387;21,6;46,400002
388;22,4;41,599998
389;21,6;40,799999
390;20,799999;33,599998
391;21,6;18,4
392;20,799999;24
393;16,799999;48,799999
394;21,6;52
395;20,799999;42,400002
396;20,799999;38,400002
397;14,4;28
398;21,6;12,8
399;21,6;24
400;21,6;48
401;23,200001;47,200001
402;21,6;40,799999
403;22,4;38,400002
404;39,200001;36,799999
405;21,6;32,799999
406;21,6;16,799999
407;20,799999;13,6
408;31,200001;35,200001
409;20;48,799999
410;20,799999;44,799999
411;20;40
412;19,200001;37,599998
413;19,200001;36,799999
414;18,4;34,400002
415;19,200001;36
416;18,4;13,6
417;19,200001;2,4
418;19,200001;12
419;26,4;35,200001
420;19,200001;37,599998
421;17,6;32
422;18,4;28
423;20,799999;26,4
424;19,200001;26,4
425;18,4;22,4
426;19,200001;6,4
427;21,6;3,2
428;19,200001;25,6
429;17,6;37,599998
430;18,4;33,599998
431;18,4;29,6
432;19,200001;27,200001
433;17,6;25,6
434;13,6;24,799999
435;18,4;16
436;18,4;-6,4
437;17,6;0
438;16;26,4
439;19,200001;28
440;17,6;21,6
441;18,4;17,6
442;19,200001;16,799999
443;18,4;16
444;18,4;0
445;18,4;-9,6
446;16,799999;9,6
447;16,799999;27,200001
448;16,799999;25,6
449;12,8;20,799999
450;16;17,6
451;16;16
452;16,799999;16
453;8;8
454;15,2;-6,4
455;15,2;-2,4
456;14,4;20,799999
457;16;20
458;14,4;13,6
459;13,6;9,6
460;12;7,2
461;13,6;4,8
462;13,6;-10,4
463;13,6;-16,799999
464;4,8;2,4
465;12,8;18,4
466;11,2;16
467;12;11,2
468;4;8
469;10,4;7,2
470;12;6,4
471;10,4;-3,2
472;9,6;-16,799999
473;9,6;-9,6
474;9,6;12,8
475;20,799999;17,6
476;8,8;12,8
477;8,8;8,8
478;8;-0,8
479;-1,6;-16,799999
480;8;-24
481;7,2;-4
482;7,2;10,4
483;7,2;8,8
484;5,6;4
485;6,4;0,8
486;4;-0,8
487;3,2;-1,6
488;4,8;-12
489;3,2;-24,799999
490;7,2;-13,6
491;3,2;8
492;2,4;10,4
493;1,6;4,8
494;3,2;1,6
495;1,6;0
496;-1,6;-0,8
497;-0,8;-12
498;0;-24
499;-4;-20
500;-4;0
501;-4;1,6
502;-5,6;-3,2
503;-5,6;-6,4
504;-4,8;-6,4
505;-4,8;-9,6
506;-6,4;-24,799999
507;-5,6;-31,200001
508;-7,2;-6,4
509;-13,6;4
510;-7,2;-0,8
511;-8,8;-5,6
512;-8,8;-7,2
513;-8;-8
514;-9,6;-15,2
515;-9,6;-30,4
516;5,6;-25,6
517;-12;-3,2
518;-11,2;2,4
519;-12;0
520;-19,200001;-10,4
521;-12,8;-27,200001
522;-14,4;-35,200001
523;-16;-14,4
524;-24;-0,8
525;-16;-3,2
526;-19,200001;-8
527;-17,6;-11,2
528;-17,6;-12
529;-19,200001;-12,8
530;-20,799999;-18,4
531;-30,4;-33,599998
532;-23,200001;-31,200001
533;-23,200001;-8
534;-24,799999;0
535;-30,4;-5,6
536;-25,6;-8,8
537;-27,200001;-11,2
538;-28;-12
539;-31,200001;-17,6
540;-29,6;-31,200001
541;-29,6;-38,400002
542;-30,4;-16,799999
543;-31,200001;-5,6
544;-32;-8
545;-32;-12,8
546;-28,799999;-14,4
547;-34,400002;-16
548;-34,400002;-16
549;-35,200001;-20
550;-34,400002;-35,200001
551;-36,799999;-37,599998
552;-37,599998;-16,799999
553;-37,599998;-4,8
554;-36;-8,8
555;-38,400002;-12,8
556;-38,400002;-14,4
557;-40;-16
558;-40;-17,6
559;-40;-31,200001
560;-40,799999;-40
561;-39,200001;-23,200001
562;-42,400002;-8
563;-40,799999;-9,6
564;-43,200001;-16
565;-48,799999;-18,4
566;-43,200001;-19,200001
567;-44;-23,200001
568;-45,599998;-38,400002
569;-43,200001;-40,799999
570;-45,599998;-18,4
571;-45,599998;-8
572;-51,200001;-12
573;-47,200001;-16
574;-47,200001;-17,6
575;-47,200001;-19,200001
576;-56,799999;-20,799999
577;-48,799999;-36
578;-48,799999;-42,400002
579;-49,599998;-21,6
580;-52;-8,8
581;-50,400002;-11,2
582;-51,200001;-16
583;-51,200001;-28
584;-50,400002;-43,200001
585;-51,200001;-31,200001
586;-52;-9,6
587;-37,599998;-12
588;-52;-16,799999
589;-52,799999;-19,200001
590;-52,799999;-20,799999
591;-60;-21,6
592;-50,400002;-24
593;-54,400002;-38,400002
594;-52,799999;-44,799999
595;-57,599998;-24,799999
596;-53,599998;-9,6
597;-54,400002;-12
598;-54,400002;-16,799999
599;-55,200001;-19,200001
600;-53,599998;-20,799999
601;-52,799999;-21,6
602;-60;-35,200001
603;-53,599998;-47,200001
604;-54,400002;-31,200001
605;-54,400002;-13,6
606;-56;-13,6
607;-56;-18,4
608;-56;-22,4
609;-56,799999;-23,200001
610;-59,200001;-24,799999
611;-56;-40
612;-56,799999;-47,200001
613;-56;-21,6
614;-56,799999;-12
615;-55,200001;-16
616;-57,599998;-20
617;-48,799999;-22,4
618;-56;-25,6
619;-56;-42,400002
620;-56;-45,599998
621;-52,799999;-17,6
622;-56;-12
623;-55,200001;-16
624;-56;-25,6
625;-55,200001;-40,799999
626;-54,400002;-51,200001
627;-54,400002;-35,200001
628;-51,200001;-17,6
629;-54,400002;-17,6
630;-55,200001;-23,200001
631;-53,599998;-25,6
632;-54,400002;-27,200001
633;-52;-33,599998
634;-53,599998;-48
635;-54,400002;-47,200001
636;-48,799999;-25,6
637;-52,799999;-16,799999
638;-52;-20
639;-51,200001;-24,799999
640;-49,599998;-26,4
641;-50,400002;-29,6
642;-51,200001;-44,799999
643;-72;-50,400002
644;-50,400002;-21,6
645;-49,599998;-17,6
646;-49,599998;-22,4
647;-43,200001;-27,200001
648;-47,200001;-28
649;-47,200001;-29,6
650;-47,200001;-38,400002
651;-48,799999;-51,200001
652;-46,400002;-44
653;-46,400002;-22,4
654;-44,799999;-17,6
655;-45,599998;-22,4
656;-44,799999;-26,4
657;-45,599998;-28,799999
658;-56,799999;-29,6
659;-43,200001;-43,200001
660;-42,400002;-52
661;-42,400002;-30,4
662;-37,599998;-16,799999
663;-40,799999;-20,799999
664;-41,599998;-27,200001
665;-40;-26,4
666;-40;-37,599998
667;-39,200001;-50,400002
668;-39,200001;-46,400002
669;-37,599998;-23,200001
670;-37,599998;-17,6
671;-36;-22,4
672;-35,200001;-27,200001
673;-40;-28,799999
674;-34,400002;-29,6
675;-33,599998;-37,599998
676;-33,599998;-51,200001
677;-34,400002;-45,599998
678;-30,4;-23,200001
679;-31,200001;-18,4
680;-30,4;-23,200001
681;-28;-26,4
682;-28;-28
683;-28;-31,200001
684;-27,200001;-46,400002
685;-25,6;-52,799999
686;-25,6;-29,6
687;-24,799999;-17,6
688;-20,799999;-20,799999
689;-22,4;-25,6
690;-24;-27,200001
691;-22,4;-28,799999
692;-13,6;-32,799999
693;-21,6;-48,799999
694;-20,799999;-47,200001
695;-20,799999;-20,799999
696;-20;-18,4
697;-20;-23,200001
698;-19,200001;-26,4
699;-16,799999;-28
700;-19,200001;-33,599998
701;-18,4;-48,799999
702;-16,799999;-48
703;-4,8;-25,6
704;-16;-17,6
705;-15,2;-20,799999
706;-13,6;-25,6
707;-10,4;-23,200001
708;-12,8;-37,599998
709;-11,2;-47,200001
710;-10,4;-32,799999
711;-8;-14,4
712;-8;-14,4
713;-8;-19,200001
714;-8,8;-21,6
715;-6,4;-24
716;-4,8;-32,799999
717;-4,8;-46,400002
718;0,8;-32,799999
719;-3,2;-12,8
720;-2,4;-15,2
721;-1,6;-19,200001
722;-3,2;-22,4
723;-0,8;-24
724;0,8;-26,4
725;0,8;-42,400002
726;1,6;-45,599998
727;0,8;-24,799999
728;1,6;-5,6
729;-0,8;-8
730;3,2;-12,8
731;3,2;-16
732;4;-17,6
733;5,6;-31,200001
734;7,2;-40
735;6,4;-23,200001
736;7,2;-7,2
737;8;-7,2
738;8,8;-12
739;10,4;-15,2
740;8,8;-16
741;9,6;-21,6
742;12;-37,599998
743;12,8;-34,400002
744;9,6;-8
745;14,4;-6,4
746;13,6;-11,2
747;14,4;-15,2
748;16;-15,2
749;14,4;-12,8
750;16;-28
751;16;-31,200001
752;16,799999;-9,6
753;18,4;2,4
754;19,200001;-0,8
755;20;-5,6
756;20,799999;-8
757;21,6;-8,8
758;22,4;-18,4
759;35,200001;-32
760;24;-23,200001
761;24;-1,6
762;24;2,4
763;29,6;-3,2
764;24,799999;-6,4
765;27,200001;-8,8
766;25,6;-9,6
767;27,200001;-12,8
768;28;-28,799999
769;28;-28,799999
770;30,4;-3,2
771;28,799999;8
772;29,6;3,2
773;29,6;-1,6
774;34,400002;-3,2
775;30,4;-4,8
776;29,6;-18,4
777;30,4;-28
778;32,799999;-12
779;31,200001;6,4
780;31,200001;5,6
781;32;0,8
782;32;-2,4
783;33,599998;-4
784;33,599998;-4
785;27,200001;-11,2
786;33,599998;-25,6
787;32,799999;-20,799999
788;33,599998;0,8
789;35,200001;7,2
790;34,400002;4
791;33,599998;4
792;34,400002;-13,6
793;34,400002;-20,799999
794;35,200001;0,8
795;34,400002;15,2
796;35,200001;11,2
797;34,400002;4,8
798;36;4
799;36,799999;3,2
800;32,799999;-4
801;36;-19,200001
802;35,200001;-16
803;36,799999;6,4
804;38,400002;13,6
805;35,200001;9,6
806;35,200001;4,8
807;34,400002;3,2
808;34,400002;2,4
809;34,400002;0,8
810;32,799999;-14,4
811;48,799999;-20,799999
812;33,599998;7,2
813;33,599998;20
814;33,599998;15,2
815;34,400002;11,2
816;32,799999;8,8
817;32,799999;4,8
818;33,599998;-11,2
819;28,799999;-15,2
820;32,799999;5,6
821;32;19,200001
822;32;16,799999
823;32;12
824;32;8,8
825;32;7,2
826;36,799999;5,6
827;32,799999;-10,4
828;31,200001;-16
829;30,4;4,8
830;37,599998;19,200001
831;32;16
832;31,200001;18,4
833;32;4,8
834;34,400002;-9,6
835;32,799999;0
836;31,200001;20,799999
837;32;24,799999
838;32;19,200001
839;31,200001;15,2
840;31,200001;13,6
841;28;12,8
842;32,799999;11,2
843;31,200001;-4,8
844;30,4;-12
845;30,4;15,2
846;31,200001;24,799999
847;29,6;20
848;30,4;16
849;32;13,6
850;30,4;13,6
851;30,4;4,8
852;28,799999;-11,2
853;29,6;3,2
854;30,4;24
855;28,799999;28,799999
856;23,200001;26,4
857;28,799999;20,799999
858;27,200001;19,200001
859;28;16
860;32,799999;0,8
861;28;-5,6
862;28;15,2
863;26,4;29,6
864;26,4;27,200001
865;27,200001;22,4
866;26,4;19,200001
867;42,400002;18,4
868;24,799999;15,2
869;27,200001;-1,6
870;25,6;-4
871;19,200001;18,4
872;26,4;29,6
873;25,6;27,200001
874;26,4;26,4
875;19,200001;10,4
876;25,6;-1,6
877;25,6;16,799999
878;25,6;33,599998
879;27,200001;32,799999
880;26,4;27,200001
881;25,6;24,799999
882;43,200001;23,200001
883;26,4;22,4
884;26,4;20
885;25,6;4
886;13,6;-0,8
887;26,4;20
888;26,4;34,400002
889;25,6;31,200001
890;24,799999;25,6
891;25,6;24
892;25,6;23,200001
893;25,6;18,4
894;25,6;3,2
895;24,799999;4,8
896;24,799999;25,6
897;24;39,200001
898;24;36,799999
899;25,6;32
900;24;28,799999
901;25,6;28
902;22,4;26,4
903;24;18,4
904;24,799999;4
905;27,200001;13,6
906;24,799999;37,599998
907;25,6;37,599998
908;25,6;32
909;25,6;28
910;24,799999;27,200001
911;25,6;25,6
912;27,200001;10,4
913;25,6;2,4
914;24,799999;21,6
915;25,6;40
916;20;43,200001
917;25,6;39,200001
918;26,4;35,200001
919;24,799999;34,400002
920;27,200001;27,200001
921;26,4;12
922;24,799999;16
923;12,8;39,200001
924;25,6;45,599998
925;25,6;40,799999
926;24;36,799999
927;16,799999;34,400002
928;24,799999;33,599998
929;24;32,799999
930;23,200001;20
931;20;9,6
932;22,4;28,799999
933;23,200001;45,599998
934;22,4;42,400002
935;24;36,799999
936;21,6;36
937;23,200001;28,799999
938;29,6;15,2
939;23,200001;25,6
940;21,6;48
941;23,200001;50,400002
942;16;44,799999
943;23,200001;40,799999
944;22,4;39,200001
945;23,200001;34,400002
946;20,799999;18,4
947;24;17,6
948;24,799999;38,400002
949;24;50,400002
950;23,200001;46,400002
951;23,200001;41,599998
952;24;40
953;26,4;38,400002
954;25,6;37,599998
955;24,799999;25,6
956;25,6;12,8
957;24,799999;34,400002
958;24,799999;52,799999
959;26,4;53,599998
960;25,6;47,200001
961;23,200001;44
962;25,6;43,200001
963;24,799999;37,599998
964;25,6;21,6
965;24,799999;22,4
966;25,6;44,799999
967;24,799999;53,599998
968;29,6;49,599998
969;25,6;45,599998
970;24,799999;43,200001
971;24,799999;40,799999
972;24,799999;27,200001
973;24,799999;18,4
974;24;35,200001
975;25,6;52,799999
976;25,6;51,200001
977;25,6;47,200001
978;24;45,599998
979;20;30,4
980;24;18,4
981;24,799999;41,599998
982;24,799999;55,200001
983;22,4;51,200001
984;24,799999;46,400002
985;23,200001;44
986;24;42,400002
987;20;32,799999
988;24;19,200001
989;24;28
990;24;50,400002
991;24,799999;53,599998
992;24;48,799999
993;24,799999;44,799999
994;19,200001;43,200001
995;24;40
996;24;23,200001
997;24;18,4
998;19,200001;42,400002
999;24;53,599998
1000;24,799999;50,400002
1001;23,200001;44
1002;23,200001;42,400002
1003;24;40,799999
1004;24;36
1005;23,200001;20
1006;23,200001;19,200001
1007;21,6;42,400002
1008;20,799999;52
1009;24,799999;48
1010;22,4;43,200001
1011;20,799999;42,400002
1012;22,4;40,799999
1013;19,200001;28,799999
1014;20;16
1015;20,799999;28
1016;20;48,799999
1017;17,6;51,200001
1018;20;44,799999
1019;19,200001;43,200001
1020;18,4;28,799999
1021;20;12
1022;19,200001;12,8
1023;19,200001;36
1024;26,4;44,799999
1025;19,200001;40,799999
1026;19,200001;36
1027;19,200001;33,599998
1028;21,6;32,799999
1029;20,799999;23,200001
1030;18,4;8,8
1031;19,200001;23,200001
1032;22,4;42,400002
1033;19,200001;41,599998
1034;19,200001;36,799999
1035;23,200001;33,599998
1036;18,4;32,799999
1037;20;28,799999
1038;20;12,8
1039;23,200001;7,2
1040;20,799999;32
1041;19,200001;36,799999
1042;20,799999;32,799999
1043;27,200001;28
1044;20;26,4
1045;20;24,799999
1046;20,799999;24
1047;20;10,4
1048;19,200001;-0,8
1049;20;15,2
1050;5,6;34,400002
1051;19,200001;34,400002
1052;20,799999;29,6
1053;20;26,4
1054;30,4;24,799999
1055;20,799999;24
1056;18,4;9,6
1057;18,4;-0,8
1058;17,6;22,4
1059;17,6;36
1060;17,6;32
1061;16,799999;28,799999
1062;17,6;10,4
1063;16,799999;-4,8
1064;16,799999;4,8
1065;4,8;28,799999
1066;17,6;28
1067;18,4;22,4
1068;16,799999;19,200001
1069;16,799999;17,6
1070;16,799999;8
1071;16,799999;-6,4
1072;16;1,6
1073;13,6;24,799999
1074;15,2;28
1075;16;23,200001
1076;16;19,200001
1077;15,2;17,6
1078;16;16
1079;14,4;12,8
1080;14,4;-4
1081;14,4;-5,6
1082;14,4;12
1083;13,6;22,4
1084;15,2;16,799999
1085;14,4;12,8
1086;13,6;11,2
1087;12,8;10,4
1088;13,6;3,2
1089;12,8;-12
1090;12,8;-10,4
1091;12;12,8
1092;10,4;21,6
1093;12;16,799999
1094;11,2;12,8
1095;14,4;11,2
1096;10,4;9,6
1097;8,8;6,4
1098;9,6;-10,4
1099;16;-12
1100;8;9,6
1101;7,2;20,799999
1102;6,4;18,4
1103;7,2;6,4
1104;6,4;-8
1105;6,4;-20,799999
1106;-8,8;-9,6
1107;6,4;10,4
1108;5,6;12,8
1109;6,4;7,2
1110;18,4;4
1111;5,6;2,4
1112;4,8;1,6
1113;5,6;-5,6
1114;7,2;-20
1115;4;-15,2
1116;3,2;10,4
1117;3,2;12
1118;4;6,4
1119;2,4;3,2
1120;0,8;2,4
1121;-4,8;0
1122;0,8;-15,2
1123;-0,8;-22,4
1124;0;-8
1125;2,4;7,2
1126;-1,6;5,6
1127;-4;0
1128;-4;-2,4
1129;-6,4;-4
1130;-4,8;-8
1131;-4,8;-24
1132;-6,4;-24
1133;-5,6;2,4
1134;-7,2;8
1135;-10,4;1,6
1136;-6,4;-1,6
1137;-10,4;-3,2
1138;-10,4;-4,8
1139;-9,6;-17,6
1140;-10,4;-28
1141;-13,6;-12,8
1142;-12,8;6,4
1143;-13,6;5,6
1144;-14,4;2,4
1145;-16;-10,4
1146;-16,799999;-27,200001
1147;-19,200001;-28,799999
1148;-18,4;-6,4
1149;-19,200001;2,4
1150;-20;-1,6
1151;-16,799999;-5,6
1152;-20;-8,8
1153;-20,799999;-8,8
1154;-23,200001;-10,4
1155;-12,8;-11,2
1156;-22,4;-24,799999
1157;-22,4;-32,799999
1158;-24,799999;-10,4
1159;-23,200001;3,2
1160;-24,799999;-0,8
1161;-26,4;-6,4
1162;-31,200001;-8
1163;-27,200001;-9,6
1164;-27,200001;-20
1165;-28;-31,200001
1166;-16;-28,799999
1167;-29,6;-6,4
1168;-30,4;-1,6
1169;-30,4;-6,4
1170;-27,200001;-11,2
1171;-32;-12,8
1172;-32;-13,6
1173;-32;-17,6
1174;-33,599998;-32
1175;-33,599998;-35,200001
1176;-35,200001;-13,6
1177;-49,599998;-2,4
1178;-36,799999;-4,8
1179;-36;-9,6
1180;-36,799999;-12
1181;-32,799999;-12,8
1182;-38,400002;-14,4
1183;-39,200001;-24,799999
1184;-40;-36,799999
1185;-40,799999;-24,799999
1186;-40;-2,4
1187;-42,400002;-6,4
1188;-41,599998;-12
1189;-41,599998;-15,2
1190;-44;-16,799999
1191;-43,200001;-29,6
1192;-44;-40
1193;-44;-20
1194;-44,799999;-5,6
1195;-44,799999;-8,8
1196;-45,599998;-13,6
1197;-46,400002;-16
1198;-44,799999;-16,799999
1199;-46,400002;-17,6
1200;-47,200001;-32,799999
1201;-47,200001;-40,799999
1202;-48,799999;-15,2
1203;-48;-4,8
1204;-50,400002;-8,8
1205;-49,599998;-13,6
1206;-50,400002;-16
1207;-54,400002;-20,799999
1208;-51,200001;-35,200001
1209;-51,200001;-44,799999
1210;-53,599998;-30,4
1211;-47,200001;-11,2
1212;-53,599998;-11,2
1213;-55,200001;-16
1214;-54,400002;-19,200001
1215;-55,200001;-20,799999
1216;-55,200001;-20,799999
1217;-56;-30,4
1218;-66,400002;-44
1219;-57,599998;-31,200001
1220;-56,799999;-10,4
1221;-57,599998;-12
1222;-44,799999;-16,799999
1223;-57,599998;-19,200001
1224;-56,799999;-20,799999
1225;-57,599998;-24
1226;-55,200001;-39,200001
1227;-57,599998;-42,400002
1228;-58,400002;-20
1229;-56;-14,4
1230;-56;-20
1231;-56;-24
1232;-56,799999;-26,4
1233;-59,200001;-39,200001
1234;-56,799999;-49,599998
1235;-57,599998;-35,200001
1236;-56;-16
1237;-51,200001;-16
1238;-55,200001;-20,799999
1239;-56,799999;-24
1240;-54,400002;-25,6
1241;-57,599998;-26,4
1242;-54,400002;-38,400002
1243;-54,400002;-48,799999
1244;-55,200001;-36,799999
1245;-56;-16,799999
1246;-54,400002;-16
1247;-54,400002;-21,6
1248;-57,599998;-24
1249;-53,599998;-29,6
1250;-54,400002;-45,599998
1251;-54,400002;-51,200001
1252;-56;-31,200001
1253;-54,400002;-17,6
1254;-54,400002;-20
1255;-54,400002;-24,799999
1256;-54,400002;-27,200001
1257;-53,599998;-28
1258;-55,200001;-32
1259;-54,400002;-47,200001
1260;-55,200001;-48,799999
1261;-54,400002;-23,200001
1262;-53,599998;-18,4
1263;-58,400002;-23,200001
1264;-52;-25,6
1265;-53,599998;-28
1266;-52;-29,6
1267;-56;-44,799999
1268;-51,200001;-52,799999
1269;-51,200001;-32
1270;-51,200001;-19,200001
1271;-51,200001;-22,4
1272;-50,400002;-27,200001
1273;-49,599998;-28,799999
1274;-38,400002;-31,200001
1275;-48;-45,599998
1276;-48;-53,599998
1277;-47,200001;-36,799999
1278;-35,200001;-20,799999
1279;-47,200001;-21,6
1280;-46,400002;-26,4
1281;-44,799999;-28,799999
1282;-41,599998;-30,4
1283;-44;-32
1284;-44;-46,400002
1285;-43,200001;-53,599998
1286;-42,400002;-35,200001
1287;-43,200001;-19,200001
1288;-41,599998;-21,6
1289;-29,6;-27,200001
1290;-40;-28
1291;-38,400002;-37,599998
1292;-38,400002;-52
1293;-37,599998;-48
1294;-39,200001;-26,4
1295;-36,799999;-20
1296;-35,200001;-24,799999
1297;-31,200001;-28
1298;-36;-30,4
1299;-33,599998;-32,799999
1300;-33,599998;-48,799999
1301;-33,599998;-53,599998
1302;-32,799999;-27,200001
1303;-30,4;-19,200001
1304;-31,200001;-24
1305;-28,799999;-28,799999
1306;-28,799999;-30,4
1307;-26,4;-31,200001
1308;-24,799999;-43,200001
1309;-25,6;-54,400002
1310;-24,799999;-42,400002
1311;-24;-20
1312;-21,6;-17,6
1313;-20,799999;-22,4
1314;-21,6;-25,6
1315;-20,799999;-26,4
1316;-20,799999;-28
1317;-18,4;-37,599998
1318;-17,6;-50,400002
1319;-21,6;-36,799999
1320;-16,799999;-16
1321;-17,6;-17,6
1322;-16;-22,4
1323;-22,4;-26,4
1324;-14,4;-28,799999
1325;-14,4;-39,200001
1326;-13,6;-50,400002
1327;-12,8;-36
1328;-12;-17,6
1329;-13,6;-16,799999
1330;3,2;-21,6
1331;-11,2;-25,6
1332;-11,2;-20
1333;-11,2;-33,599998
1334;-1,6;-44
1335;-10,4;-28,799999
1336;-9,6;-10,4
1337;-9,6;-10,4
1338;-6,4;-16
1339;-8;-18,4
1340;-6,4;-20
1341;-6,4;-23,200001
1342;-5,6;-39,200001
1343;-5,6;-40,799999
1344;-4,8;-19,200001
1345;4;-8,8
1346;-2,4;-12,8
1347;-3,2;-16,799999
1348;-1,6;-18,4
1349;4;-20
1350;0;-20
1351;0,8;-26,4
1352;0,8;-40,799999
1353;7,2;-32
1354;3,2;-10,4
1355;4;-3,2
1356;5,6;-8
1357;5,6;-12
1358;6,4;-13,6
1359;8;-14,4
1360;4,8;-24,799999
1361;9,6;-37,599998
1362;9,6;-25,6
1363;11,2;-5,6
1364;11,2;-4
1365;12;-8,8
1366;12;-12
1367;12,8;-13,6
1368;15,2;-14,4
1369;14,4;-16,799999
1370;14,4;-31,200001
1371;16;-37,599998
1372;15,2;-17,6
1373;17,6;-2,4
1374;17,6;1,6
1375;16,799999;-4
1376;19,200001;-10,4
1377;20;-27,200001
1378;20,799999;-26,4
1379;12;0
1380;22,4;4
1381;23,200001;-2,4
1382;23,200001;-5,6
1383;22,4;-6,4
1384;24,799999;-13,6
1385;24;-28,799999
1386;37,599998;-26,4
1387;26,4;-4,8
1388;27,200001;4
1389;26,4;0
1390;23,200001;-4,8
1391;28;-6,4
1392;28,799999;-8
1393;28,799999;-11,2
1394;23,200001;-24
1395;28,799999;-26,4
1396;29,6;-7,2
1397;30,4;8,8
1398;31,200001;6,4
1399;31,200001;1,6
1400;32;-0,8
1401;56;-2,4
1402;31,200001;-6,4
1403;33,599998;-21,6
1404;32,799999;-24
1405;23,200001;-2,4
1406;33,599998;8,8
1407;31,200001;5,6
1408;32,799999;0,8
1409;36;-0,8
1410;32,799999;-3,2
1411;32,799999;-4
1412;32;-4,8
1413;32;-18,4
1414;32;-27,200001
1415;32,799999;-8
1416;29,6;12,8
1417;33,599998;12
1418;31,200001;5,6
1419;32,799999;4
1420;33,599998;4
1421;32,799999;-3,2
1422;32;-18,4
1423;32,799999;-17,6
1424;34,400002;4,8
1425;32,799999;13,6
1426;32,799999;8,8
1427;32,799999;5,6
1428;33,599998;3,2
1429;32,799999;2,4
1430;32,799999;1,6
1431;38,400002;-5,6
1432;35,200001;-20
1433;35,200001;-12,8
1434;33,599998;12
1435;32,799999;11,2
1436;33,599998;8,8
1437;32,799999;2,4
1438;33,599998;-12,8
1439;36;-9,6
1440;34,400002;16
1441;35,200001;18,4
1442;32,799999;13,6
1443;33,599998;8,8
1444;33,599998;7,2
1445;33,599998;-6,4
1446;32,799999;-17,6
1447;35,200001;-3,2
1448;32,799999;16,799999
1449;32,799999;17,6
1450;32,799999;12,8
1451;32,799999;8,8
1452;33,599998;6,4
1453;32;6,4
1454;32,799999;-6,4
1455;32;-17,6
1456;31,200001;2,4
1457;25,6;25,6
1458;31,200001;20,799999
1459;31,200001;15,2
1460;30,4;12,8
1461;28,799999;8,8
1462;32;-8,8
1463;30,4;-9,6
1464;29,6;13,6
1465;27,200001;24
1466;30,4;20,799999
1467;28,799999;15,2
1468;29,6;13,6
1469;28,799999;12,8
1470;28,799999;10,4
1471;30,4;-4,8
1472;28;-12
1473;29,6;8
1474;29,6;23,200001
1475;28,799999;21,6
1476;28;16
1477;28,799999;13,6
1478;28,799999;16,799999
1479;29,6;0
1480;28,799999;-5,6
1481;28,799999;15,2
1482;28,799999;29,6
1483;27,200001;26,4
1484;27,200001;21,6
1485;28;19,200001
1486;28,799999;18,4
1487;29,6;17,6
1488;28;13,6
1489;27,200001;-2,4
1490;27,200001;-4
1491;24;24
1492;26,4;29,6
1493;25,6;23,200001
1494;26,4;20
1495;28,799999;18,4
1496;26,4;16,799999
1497;25,6;1,6
1498;24;-7,2
1499;25,6;18,4
1500;26,4;35,200001
1501;25,6;30,4
1502;25,6;28
1503;26,4;24,799999
1504;25,6;24
1505;25,6;23,200001
1506;31,200001;16
1507;27,200001;0,8
1508;26,4;6,4
1509;26,4;28,799999
1510;27,200001;34,400002
1511;26,4;30,4
1512;25,6;25,6
1513;5,6;24
1514;26,4;24
1515;27,200001;21,6
1516;27,200001;4
1517;37,599998;0
1518;27,200001;19,200001
1519;25,6;36
1520;26,4;39,200001
1521;24,799999;34,400002
1522;26,4;27,200001
1523;26,4;10,4
1524;27,200001;9,6
1525;26,4;37,599998
1526;26,4;40,799999
1527;25,6;36
1528;13,6;32
1529;26,4;30,4
1530;25,6;29,6
1531;24,799999;21,6
1532;28;6,4
1533;25,6;12,8
1534;24,799999;36
1535;24;40,799999
1536;22,4;36
1537;24,799999;32,799999
1538;23,200001;30,4
1539;24;28,799999
1540;23,200001;29,6
1541;24;24
1542;23,200001;12,8
1543;24;22,4
1544;23,200001;44,799999
1545;23,200001;47,200001
1546;22,4;42,400002
1547;24;38,400002
1548;23,200001;37,599998
1549;23,200001;33,599998
1550;23,200001;16,799999
1551;24;13,6
1552;22,4;40,799999
1553;21,6;47,200001
1554;24;43,200001
1555;21,6;39,200001
1556;22,4;36
1557;23,200001;35,200001
1558;20;28,799999
1559;24;12,8
1560;22,4;15,2
1561;23,200001;41,599998
1562;28,799999;53,599998
1563;24;48
1564;24;43,200001
1565;24;41,599998
1566;24,799999;39,200001
1567;23,200001;22,4
1568;24,799999;17,6
1569;6,4;38,400002
1570;24,799999;52,799999
1571;24,799999;48,799999
1572;26,4;45,599998
1573;36,799999;41,599998
1574;26,4;40,799999
1575;24,799999;31,200001
1576;26,4;17,6
1577;28;26,4
1578;24,799999;48,799999
1579;25,6;51,200001
1580;25,6;47,200001
1581;27,200001;41,599998
1582;26,4;44,799999
1583;26,4;29,6
1584;18,4;18,4
1585;26,4;38,400002
1586;25,6;55,200001
1587;26,4;51,200001
1588;31,200001;46,400002
1589;26,4;44
1590;25,6;42,400002
1591;27,200001;27,200001
1592;24;17,6
1593;24,799999;36
1594;25,6;53,599998
1595;25,6;52
1596;25,6;47,200001
1597;27,200001;44
1598;25,6;42,400002
1599;28,799999;42,400002
1600;27,200001;33,599998
1601;25,6;19,200001
1602;27,200001;28
1603;28;54,400002
1604;26,4;52
1605;24,799999;46,400002
1606;24;43,200001
1607;26,4;41,599998
1608;23,200001;40
1609;24;24,799999
1610;24;16,799999
1611;22,4;36,799999
1612;22,4;53,599998
1613;23,200001;51,200001
1614;24;44,799999
1615;23,200001;43,200001
1616;22,4;42,400002
1617;21,6;32,799999
1618;27,200001;17,6
1619;21,6;28,799999
1620;22,4;52
1621;21,6;50,400002
1622;22,4;44,799999
1623;20;43,200001
1624;20,799999;36,799999
1625;-2,4;19,200001
1626;20,799999;15,2
1627;21,6;36,799999
1628;21,6;50,400002
1629;20;47,200001
1630;20,799999;42,400002
1631;20,799999;40
1632;20,799999;39,200001
1633;19,200001;30,4
1634;20,799999;16
1635;21,6;20,799999
1636;21,6;44
1637;22,4;50,400002
1638;20,799999;45,599998
1639;20,799999;41,599998
1640;8,8;38,400002
1641;21,6;38,400002
1642;20,799999;36
1643;20,799999;18,4
1644;24;15,2
1645;20,799999;30,4
1646;20;43,200001
1647;20,799999;40
1648;19,200001;34,400002
1649;20,799999;32
1650;21,6;31,200001
1651;20,799999;23,200001
1652;21,6;8
1653;20,799999;14,4
1654;20;37,599998
1655;20;42,400002
1656;20,799999;37,599998
1657;20,799999;34,400002
1658;19,200001;31,200001
1659;19,200001;30,4
1660;19,200001;18,4
1661;20;6,4
1662;19,200001;25,6
1663;20,799999;42,400002
1664;19,200001;39,200001
1665;18,4;36
1666;21,6;20
1667;17,6;3,2
1668;18,4;4,8
1669;18,4;27,200001
1670;23,200001;35,200001
1671;19,200001;31,200001
1672;19,200001;27,200001
1673;18,4;24,799999
1674;25,6;24
1675;19,200001;12
1676;19,200001;-1,6
1677;18,4;11,2
1678;19,200001;31,200001
1679;20;34,400002
1680;18,4;29,6
1681;10,4;25,6
1682;17,6;24
1683;18,4;23,200001
1684;18,4;20
1685;28,799999;1,6
1686;19,200001;2,4
1687;17,6;15,2
1688;17,6;27,200001
1689;16,799999;23,200001
1690;16,799999;19,200001
1691;17,6;16,799999
1692;16,799999;15,2
1693;16,799999;14,4
1694;16,799999;1,6
1695;16;-9,6
1696;9,6;10,4
1697;15,2;27,200001
1698;15,2;24
1699;16;18,4
1700;18,4;16,799999
1701;14,4;15,2
1702;14,4;13,6
1703;13,6;-1,6
1704;12;-9,6
1705;14,4;10,4
1706;14,4;26,4
1707;13,6;20
1708;13,6;15,2
1709;14,4;12
1710;14,4;-3,2
1711;14,4;-14,4
1712;16;2,4
1713;13,6;20
1714;13,6;20
1715;13,6;15,2
1716;12,8;12
1717;14,4;10,4
1718;13,6;8,8
1719;12;-7,2
1720;12;-14,4
1721;12;6,4
1722;12;20,799999
1723;11,2;18,4
1724;10,4;14,4
1725;9,6;12
1726;10,4;9,6
1727;10,4;9,6
1728;8;0,8
1729;8;-14,4
1730;12;-21,6
1731;6,4;-2,4
1732;5,6;15,2
1733;5,6;12
1734;5,6;7,2
1735;3,2;4
1736;4;3,2
1737;-10,4;0,8
1738;0,8;-16
1739;1,6;-20
1740;2,4;7,2
1741;13,6;14,4
1742;2,4;8,8
1743;0;5,6
1744;0;3,2
1745;1,6;2,4
1746;-1,6;-7,2
1747;-1,6;-21,6
1748;-2,4;-8,8
1749;-2,4;8
1750;-3,2;5,6
1751;-5,6;0
1752;-14,4;-3,2
1753;-6,4;-5,6
1754;-5,6;-21,6
1755;-6,4;-27,200001
1756;-4;-2,4
1757;-7,2;8
1758;-7,2;3,2
1759;-7,2;-0,8
1760;-10,4;-4
1761;-7,2;-7,2
1762;-9,6;-21,6
1763;-9,6;-26,4
1764;-12;-6,4
1765;-11,2;8
1766;-12;5,6
1767;-6,4;0
1768;-12,8;-4
1769;-12,8;-3,2
1770;-15,2;-15,2
1771;-13,6;-28,799999
1772;-15,2;-27,200001
1773;-16,799999;-4,8
1774;-17,6;4
1775;-18,4;-0,8
1776;-18,4;-5,6
1777;-20;-8
1778;-20;-8,8
1779;-20,799999;-9,6
1780;-21,6;-23,200001
1781;-22,4;-32,799999
1782;-19,200001;-16
1783;-22,4;2,4
1784;-24;1,6
1785;-24;-3,2
1786;-17,6;-6,4
1787;-24,799999;-8
1788;-26,4;-9,6
1789;-26,4;-21,6
1790;-27,200001;-30,4
1791;-28,799999;-22,4
1792;-29,6;-4
1793;-28,799999;-2,4
1794;-31,200001;-7,2
1795;-31,200001;-10,4
1796;-30,4;-12
1797;-24,799999;-12
1798;-32;-17,6
1799;-32,799999;-32,799999
1800;-33,599998;-31,200001
1801;-33,599998;-9,6
1802;-34,400002;-0,8
1803;-35,200001;-4,8
1804;-37,599998;-8,8
1805;-37,599998;-12
1806;-38,400002;-12
1807;-39,200001;-12,8
1808;-44,799999;-23,200001
1809;-40,799999;-36
1810;-41,599998;-20
1811;-43,200001;0,8
1812;-38,400002;-10,4
1813;-42,400002;-15,2
1814;-44;-18,4
1815;-44;-20
1816;-45,599998;-33,599998
1817;-47,200001;-43,200001
1818;-45,599998;-26,4
1819;-47,200001;-9,6
1820;-48;-9,6
1821;-48,799999;-15,2
1822;-48,799999;-16,799999
1823;-55,200001;-18,4
1824;-50,400002;-22,4
1825;-50,400002;-36,799999
1826;-52;-40,799999
1827;-53,599998;-13,6
1828;-50,400002;-8
1829;-52,799999;-12,8
1830;-52;-16,799999
1831;-52;-18,4
1832;-52,799999;-24
1833;-52,799999;-37,599998
1834;-52,799999;-47,200001
1835;-53,599998;-32
1836;-53,599998;-13,6
1837;-54,400002;-13,6
1838;-52,799999;-18,4
1839;-56;-21,6
1840;-54,400002;-23,200001
1841;-54,400002;-24,799999
1842;-55,200001;-38,400002
1843;-55,200001;-47,200001
1844;-56;-25,6
1845;-56;-12
1846;-56;-16
1847;-56;-20,799999
1848;-55,200001;-22,4
1849;-44;-23,200001
1850;-56;-30,4
1851;-57,599998;-44
1852;-56,799999;-40,799999
1853;-62,400002;-24
1854;-57,599998;-15,2
1855;-57,599998;-20,799999
1856;-57,599998;-24,799999
1857;-64;-26,4
1858;-59,200001;-27,200001
1859;-57,599998;-39,200001
1860;-58,400002;-50,400002
1861;-58,400002;-38,400002
1862;-58,400002;-17,6
1863;-58,400002;-16,799999
1864;-34,400002;-21,6
1865;-57,599998;-24,799999
1866;-57,599998;-26,4
1867;-56;-27,200001
1868;-53,599998;-28,799999
1869;-56;-44,799999
1870;-56,799999;-48,799999
1871;-56,799999;-29,6
1872;-52;-16,799999
1873;-55,200001;-17,6
1874;-56;-25,6
1875;-54,400002;-28
1876;-55,200001;-38,400002
1877;-54,400002;-52,799999
1878;-56;-44
1879;-55,200001;-22,4
1880;-53,599998;-19,200001
1881;-53,599998;-24
1882;-54,400002;-28
1883;-53,599998;-29,6
1884;-53,599998;-29,6
1885;-54,400002;-42,400002
1886;-53,599998;-52,799999
1887;-51,200001;-32
1888;-53,599998;-18,4
1889;-53,599998;-21,6
1890;-52;-25,6
1891;-52;-28,799999
1892;-52;-29,6
1893;-52;-44
1894;-56;-52
1895;-49,599998;-37,599998
1896;-51,200001;-21,6
1897;-50,400002;-22,4
1898;-57,599998;-27,200001
1899;-48,799999;-30,4
1900;-48;-31,200001
1901;-48,799999;-34,400002
1902;-47,200001;-48,799999
1903;-46,400002;-52,799999
1904;-45,599998;-32
1905;-37,599998;-20
1906;-44;-22,4
1907;-43,200001;-26,4
1908;-42,400002;-29,6
1909;-40;-31,200001
1910;-40;-32,799999
1911;-40;-49,599998
1912;-40;-52,799999
1913;-42,400002;-32
1914;-38,400002;-20,799999
1915;-37,599998;-21,6
1916;-35,200001;-24,799999
1917;-36;-28
1918;-34,400002;-40
1919;-34,400002;-52
1920;-9,6;-34,400002
1921;-32;-17,6
1922;-31,200001;-20
1923;-31,200001;-25,6
1924;-42,400002;-28
1925;-30,4;-29,6
1926;-29,6;-34,400002
1927;-28;-49,599998
1928;-27,200001;-45,599998
1929;-26,4;-20
1930;-25,6;-18,4
1931;-24,799999;-23,200001
1932;-27,200001;-26,4
1933;-24,799999;-30,4
1934;-24;-45,599998
1935;-20;-51,200001
1936;-24;-28,799999
1937;-23,200001;-13,6
1938;-22,4;-16
1939;-24,799999;-21,6
1940;-22,4;-23,200001
1941;-20,799999;-24,799999
1942;-20,799999;-26,4
1943;-18,4;-40,799999
1944;-19,200001;-48
1945;-18,4;-23,200001
1946;-19,200001;-12,8
1947;-18,4;-17,6
1948;-17,6;-21,6
1949;-16,799999;-24
1950;-16,799999;-24
1951;-14,4;-33,599998
1952;-14,4;-47,200001
1953;-13,6;-40
1954;-21,6;-17,6
1955;-11,2;-13,6
1956;-11,2;-18,4
1957;-10,4;-16,799999
1958;-8,8;-28
1959;-8;-41,599998
1960;-6,4;-33,599998
1961;6,4;-12,8
1962;-7,2;-9,6
1963;-6,4;-14,4
1964;-5,6;-17,6
1965;-13,6;-19,200001
1966;-6,4;-20,799999
1967;-4;-28,799999
1968;-2,4;-40,799999
1969;-2,4;-31,200001
1970;-0,8;-11,2
1971;-0,8;-10,4
1972;0,8;-16
1973;0,8;-17,6
1974;1,6;-19,200001
1975;2,4;-20
1976;24;-31,200001
1977;3,2;-43,200001
1978;4;-23,200001
1979;4,8;-12
1980;-6,4;-14,4
1981;8;-16,799999
1982;6,4;-16,799999
1983;8;-8,8
1984;8,8;-5,6
1985;8,8;-8,8
1986;10,4;-11,2
1987;11,2;-12
1988;10,4;-12,8
1989;13,6;-12,8
1990;13,6;-16,799999
1991;17,6;-32
1992;14,4;-31,200001
1993;15,2;-5,6
1994;16;-2,4
1995;17,6;-7,2
1996;16,799999;-10,4
1997;18,4;-12,8
1998;19,200001;-12,8
1999;20;-13,6
2000;21,6;-28
2001;21,6;-27,200001
2002;21,6;-6,4
2003;20,799999;3,2
2004;23,200001;0
2005;22,4;-4,8
2006;26,4;-7,2
2007;24,799999;-8
2008;24;-12
2009;23,200001;-27,200001
2010;16;-28
2011;24;-2,4
2012;25,6;3,2
2013;25,6;-2,4
2014;25,6;-5,6
2015;25,6;-7,2
2016;24,799999;-8
2017;24;-19,200001
2018;26,4;-32
2019;27,200001;-20
2020;28;4
2021;20;5,6
2022;27,200001;-0,8
2023;28,799999;-3,2
2024;28,799999;-4,8
2025;20,799999;-8
2026;28,799999;-21,6
2027;29,6;-28,799999
2028;30,4;-11,2
2029;30,4;7,2
2030;30,4;4
2031;30,4;-0,8
2032;44;-4
2033;32;-5,6
2034;32,799999;-4,8
2035;32,799999;-12,8
2036;20,799999;-28
2037;32;-20,799999
2038;33,599998;0
2039;33,599998;4,8
2040;36,799999;3,2
2041;34,400002;3,2
2042;33,599998;0
2043;33,599998;-15,2
2044;34,400002;-24
2045;33,599998;0
2046;33,599998;12
2047;36,799999;8
2048;35,200001;3,2
2049;36;0,8
2050;34,400002;-0,8
2051;33,599998;-7,2
2052;34,400002;-21,6
2053;32,799999;-17,6
2054;33,599998;8,8
2055;32,799999;10,4
2056;33,599998;5,6
2057;33,599998;2,4
2058;33,599998;0
2059;32,799999;-0,8
2060;33,599998;-11,2
2061;32;-22,4
2062;39,200001;-12
2063;34,400002;11,2
2064;32,799999;15,2
2065;32;10,4
2066;32,799999;6,4
2067;31,200001;4,8
2068;32,799999;3,2
2069;32,799999;-11,2
2070;33,599998;-20,799999
2071;32;-3,2
2072;32;14,4
2073;34,400002;13,6
2074;31,200001;8
2075;32;6,4
2076;32,799999;4
2077;24,799999;4
2078;32,799999;0,8
2079;31,200001;-15,2
2080;32,799999;-18,4
2081;26,4;1,6
2082;30,4;24
2083;31,200001;18,4
2084;30,4;14,4
2085;32;11,2
2086;31,200001;10,4
2087;29,6;8,8
2088;19,200001;-8
2089;30,4;-13,6
2090;30,4;7,2
2091;28,799999;22,4
2092;26,4;19,200001
2093;28,799999;14,4
2094;29,6;12
2095;29,6;11,2
2096;26,4;9,6
2097;29,6;9,6
2098;27,200001;-3,2
2099;28;-14,4
2100;28;-0,8
2101;27,200001;19,200001
2102;27,200001;20,799999
2103;25,6;24
2104;28,799999;20
2105;29,6;14,4
2106;29,6;-2,4
2107;27,200001;-3,2
2108;28;20
2109;28,799999;29,6
2110;28,799999;25,6
2111;30,4;20,799999
2112;28,799999;18,4
2113;28,799999;17,6
2114;29,6;16,799999
2115;28;6,4
2116;28,799999;-7,2
2117;28,799999;9,6
2118;35,200001;28,799999
2119;28,799999;26,4
2120;28,799999;21,6
2121;28;19,200001
2122;30,4;17,6
2123;28,799999;17,6
2124;28,799999;20
2125;28;4,8
2126;28;2,4
2127;26,4;24,799999
2128;27,200001;36,799999
2129;29,6;33,599998
2130;26,4;28
2131;26,4;26,4
2132;25,6;24,799999
2133;26,4;21,6
2134;27,200001;4,8
2135;25,6;1,6
2136;25,6;24
2137;29,6;36,799999
2138;25,6;32,799999
2139;24,799999;28,799999
2140;25,6;26,4
2141;27,200001;25,6
2142;24,799999;24,799999
2143;24;10,4
2144;1,6;-0,8
2145;24,799999;23,200001
2146;24,799999;40,799999
2147;24,799999;40
2148;19,200001;36
2149;24,799999;32
2150;24;31,200001
2151;24;30,4
2152;21,6;17,6
2153;24,799999;6,4
2154;24,799999;20,799999
2155;24,799999;40
2156;25,6;40,799999
2157;24,799999;35,200001
2158;25,6;32,799999
2159;21,6;31,200001
2160;24,799999;30,4
2161;24;21,6
2162;25,6;8
2163;24,799999;15,2
2164;24;36
2165;24,799999;42,400002
2166;25,6;43,200001
2167;22,4;39,200001
2168;24;28,799999
2169;24,799999;13,6
2170;24,799999;24
2171;24,799999;47,200001
2172;24,799999;46,400002
2173;24,799999;40,799999
2174;29,6;38,400002
2175;23,200001;36,799999
2176;24,799999;35,200001
2177;23,200001;22,4
2178;25,6;11,2
2179;23,200001;26,4
2180;23,200001;46,400002
2181;23,200001;46,400002
2182;25,6;40,799999
2183;23,200001;37,599998
2184;22,4;36
2185;26,4;34,400002
2186;23,200001;34,400002
2187;23,200001;23,200001
2188;24;14,4
2189;28,799999;30,4
2190;24;49,599998
2191;25,6;48,799999
2192;25,6;44,799999
2193;33,599998;40,799999
2194;25,6;39,200001
2195;26,4;38,400002
2196;26,4;27,200001
2197;27,200001;14,4
2198;25,6;29,6
2199;25,6;49,599998
2200;11,2;48
2201;25,6;41,599998
2202;25,6;39,200001
2203;28,799999;39,200001
2204;39,200001;31,200001
2205;25,6;13,6
2206;27,200001;23,200001
2207;26,4;52,799999
2208;28;51,200001
2209;24,799999;44,799999
2210;26,4;42,400002
2211;24,799999;38,400002
2212;25,6;21,6
2213;24;16,799999
2214;24,799999;45,599998
2215;19,200001;52
2216;23,200001;47,200001
2217;24;43,200001
2218;24;41,599998
2219;25,6;33,599998
2220;24;18,4
2221;24,799999;20,799999
2222;24;45,599998
2223;22,4;52
2224;24;47,200001
2225;24,799999;43,200001
2226;23,200001;40,799999
2227;24;40
2228;22,4;36,799999
2229;24,799999;21,6
2230;20,799999;15,2
2231;24,799999;36
2232;23,200001;51,200001
2233;23,200001;48,799999
2234;23,200001;44
2235;23,200001;40,799999
2236;24;40
2237;23,200001;38,400002
2238;24;24,799999
2239;23,200001;14,4
2240;23,200001;30,4
2241;24;50,400002
2242;22,4;49,599998
2243;24;44
2244;22,4;40,799999
2245;25,6;40
2246;25,6;33,599998
2247;24;16
2248;23,200001;22,4
2249;25,6;46,400002
2250;22,4;47,200001
2251;23,200001;40
2252;21,6;36,799999
2253;23,200001;36
2254;21,6;29,6
2255;20,799999;14,4
2256;15,2;16
2257;19,200001;39,200001
2258;19,200001;48
2259;20;43,200001
2260;28,799999;39,200001
2261;19,200001;36,799999
2262;20;36
2263;20,799999;26,4
2264;20,799999;12,8
2265;20;22,4
2266;20,799999;45,599998
2267;20;45,599998
2268;20,799999;39,200001
2269;20,799999;38,400002
2270;20;26,4
2271;32;9,6
2272;20;8,8
2273;18,4;32
2274;20;41,599998
2275;15,2;38,400002
2276;20,799999;32,799999
2277;19,200001;30,4
2278;19,200001;27,200001
2279;23,200001;12
2280;20;6,4
2281;20,799999;27,200001
2282;20;40,799999
2283;19,200001;39,200001
2284;20;33,599998
2285;20;31,200001
2286;16,799999;29,6
2287;19,200001;28,799999
2288;18,4;18,4
2289;18,4;4
2290;17,6;22,4
2291;19,200001;34,400002
2292;19,200001;32
2293;19,200001;25,6
2294;20,799999;23,200001
2295;18,4;22,4
2296;17,6;11,2
2297;18,4;-1,6
2298;16,799999;8,8
2299;17,6;31,200001
2300;18,4;32,799999
2301;13,6;28,799999
2302;17,6;24,799999
2303;16;22,4
2304;17,6;18,4
2305;11,2;2,4
2306;18,4;0,8
2307;18,4;23,200001
2308;18,4;33,599998
2309;19,200001;29,6
2310;18,4;24,799999
2311;19,200001;24
2312;32;8
2313;18,4;-6,4
2314;19,200001;1,6
2315;18,4;24
2316;29,6;28,799999
2317;20;23,200001
2318;19,200001;18,4
2319;17,6;16,799999
2320;20;13,6
2321;17,6;-3,2
2322;18,4;-4,8
2323;17,6;17,6
2324;17,6;28
2325;16,799999;24,799999
2326;16;20
2327;22,4;17,6
2328;16;16,799999
2329;15,2;15,2
2330;14,4;0,8
2331;9,6;-8,8
2332;14,4;13,6
2333;14,4;23,200001
2334;12;17,6
2335;17,6;13,6
2336;12,8;12
2337;11,2;6,4
2338;12;-10,4
2339;11,2;-8
2340;12;14,4
2341;11,2;23,200001
2342;11,2;19,200001
2343;10,4;14,4
2344;10,4;12
2345;9,6;10,4
2346;9,6;10,4
2347;9,6;0
2348;8;-12
2349;7,2;-4
2350;10,4;18,4
2351;7,2;22,4
2352;8;16,799999
2353;8;8
2354;5,6;-4,8
2355;7,2;-18,4
2356;6,4;-10,4
2357;2,4;11,2
2358;6,4;15,2
2359;5,6;10,4
2360;4;5,6
2361;-4;4,8
2362;4;2,4
2363;4;-12
2364;2,4;-20
2365;1,6;-0,8
2366;2,4;15,2
2367;0;12,8
2368;20;8
2369;-0,8;5,6
2370;1,6;4,8
2371;-1,6;4
2372;-6,4;1,6
2373;-2,4;-12,8
2374;-1,6;-26,4
2375;-2,4;-9,6
2376;-8;8
2377;-4;7,2
2378;-4,8;2,4
2379;-4,8;-1,6
2380;-4,8;-3,2
2381;-6,4;-1,6
2382;-6,4;-16
2383;15,2;-26,4
2384;-8;-13,6
2385;-8;7,2
2386;-8;8
2387;-16;2,4
2388;-9,6;-1,6
2389;-10,4;-2,4
2390;-11,2;-3,2
2391;-10,4;-13,6
2392;-12,8;-26,4
2393;-12,8;-16,799999
2394;-13,6;6,4
2395;-14,4;3,2
2396;-15,2;-2,4
2397;-14,4;-7,2
2398;-18,4;-8
2399;-16;-18,4
2400;-16,799999;-31,200001
2401;-18,4;-21,6
2402;-16,799999;-0,8
2403;-19,200001;2,4
2404;-20;-2,4
2405;-20;-6,4
2406;-21,6;-8
2407;-24;-8,8
2408;-25,6;-9,6
2409;-26,4;-20,799999
2410;-27,200001;-32,799999
2411;-27,200001;-20
2412;-28;0
2413;-26,4;2,4
2414;-29,6;-4
2415;-30,4;-5,6
2416;-31,200001;-20,799999
2417;-38,400002;-36
2418;-33,599998;-33,599998
2419;-34,400002;-11,2
2420;-34,400002;-4,8
2421;-32,799999;-8,8
2422;-35,200001;-14,4
2423;-36;-15,2
2424;-15,2;-16
2425;-37,599998;-16,799999
2426;-38,400002;-20,799999
2427;-37,599998;-35,200001
2428;-48;-36,799999
2429;-39,200001;-9,6
2430;-40;-4,8
2431;-40;-11,2
2432;-48,799999;-13,6
2433;-40,799999;-14,4
2434;-41,599998;-16,799999
2435;-43,200001;-31,200001
2436;-43,200001;-38,400002
2437;-44;-28
2438;-43,200001;-10,4
2439;-40,799999;-11,2
2440;-44,799999;-16,799999
2441;-45,599998;-19,200001
2442;-45,599998;-20
2443;-56,799999;-20,799999
2444;-46,400002;-23,200001
2445;-47,200001;-38,400002
2446;-47,200001;-43,200001
2447;-49,599998;-17,6
2448;-48;-9,6
2449;-48,799999;-14,4
2450;-49,599998;-17,6
2451;-51,200001;-19,200001
2452;-50,400002;-20,799999
2453;-51,200001;-31,200001
2454;-48;-44
2455;-52,799999;-32,799999
2456;-52,799999;-12,8
2457;-54,400002;-12,8
2458;-53,599998;-19,200001
2459;-56;-22,4
2460;-54,400002;-24,799999
2461;-56;-31,200001
2462;-54,400002;-46,400002
2463;-56,799999;-39,200001
2464;-56,799999;-15,2
2465;-56,799999;-15,2
2466;-56,799999;-20,799999
2467;-57,599998;-22,4
2468;-56,799999;-24
2469;-54,400002;-26,4
2470;-57,599998;-41,599998
2471;-58,400002;-48
2472;-58,400002;-29,6
2473;-57,599998;-13,6
2474;-58,400002;-15,2
2475;-58,400002;-20
2476;-60;-22,4
2477;-57,599998;-24
2478;-57,599998;-30,4
2479;-57,599998;-45,599998
2480;-63,200001;-52,799999
2481;-59,200001;-36
2482;-57,599998;-18,4
2483;-57,599998;-20
2484;-59,200001;-24,799999
2485;-57,599998;-28
2486;-57,599998;-28,799999
2487;-57,599998;-32
2488;-59,200001;-48
2489;-57,599998;-50,400002
2490;-56;-23,200001
2491;-57,599998;-18,4
2492;-56;-23,200001
2493;-55,200001;-26,4
2494;-56;-28
2495;-56,799999;-31,200001
2496;-56;-48
2497;-56,799999;-51,200001
2498;-56,799999;-29,6
2499;-64;-20
2500;-55,200001;-23,200001
2501;-57,599998;-28
2502;-56;-30,4
2503;-58,400002;-31,200001
2504;-55,200001;-36,799999
2505;-53,599998;-51,200001
2506;-54,400002;-50,400002
2507;-54,400002;-24
2508;-53,599998;-20,799999
2509;-52,799999;-25,6
2510;-48,799999;-29,6
2511;-52;-30,4
2512;-51,200001;-32
2513;-50,400002;-45,599998
2514;-48;-54,400002
2515;-49,599998;-39,200001
2516;-48,799999;-21,6
2517;-49,599998;-20,799999
2518;-47,200001;-27,200001
2519;-48,799999;-28,799999
2520;-48;-33,599998
2521;-46,400002;-48,799999
2522;-48;-51,200001
2523;-46,400002;-29,6
2524;-45,599998;-19,200001
2525;-44;-22,4
2526;-44,799999;-26,4
2527;-44,799999;-29,6
2528;-44;-29,6
2529;-52;-34,400002
2530;-43,200001;-49,599998
2531;-42,400002;-50,400002
2532;-43,200001;-28,799999
2533;-40,799999;-19,200001
2534;-41,599998;-21,6
2535;-40,799999;-26,4
2536;-51,200001;-28,799999
2537;-41,599998;-29,6
2538;-38,400002;-35,200001
2539;-40;-52
2540;-41,599998;-45,599998
2541;-35,200001;-22,4
2542;-36,799999;-16
2543;-36;-21,6
2544;-40;-24,799999
2545;-35,200001;-25,6
2546;-33,599998;-27,200001
2547;-33,599998;-27,200001
2548;-30,4;-37,599998
2549;-31,200001;-49,599998
2550;-29,6;-40
2551;-40;-19,200001
2552;-29,6;-16,799999
2553;-26,4;-20,799999
2554;-27,200001;-24,799999
2555;-30,4;-25,6
2556;-24;-25,6
2557;-24,799999;-30,4
2558;-23,200001;-44
2559;-26,4;-49,599998
2560;-21,6;-30,4
2561;-22,4;-15,2
2562;-20,799999;-13,6
2563;-20,799999;-18,4
2564;-20,799999;-21,6
2565;-20;-21,6
2566;-15,2;-26,4
2567;-17,6;-41,599998
2568;-18,4;-41,599998
2569;-16;-14,4
2570;-17,6;-11,2
2571;-16;-16,799999
2572;-15,2;-19,200001
2573;-14,4;-20,799999
2574;-14,4;-25,6
2575;-15,2;-40,799999
2576;-13,6;-43,200001
2577;-12;-21,6
2578;-12,8;-10,4
2579;-10,4;-14,4
2580;-10,4;-18,4
2581;-3,2;-21,6
2582;-10,4;-16,799999
2583;-8;-31,200001
2584;-8;-40,799999
2585;-6,4;-24,799999
2586;-6,4;-7,2
2587;-5,6;-7,2
2588;-4,8;-12
2589;-2,4;-15,2
2590;-3,2;-16,799999
2591;-3,2;-17,6
2592;-3,2;-30,4
2593;-2,4;-40
2594;-0,8;-24,799999
2595;0;-7,2
2596;-0,8;-7,2
2597;4;-12
2598;2,4;-15,2
2599;3,2;-16
2600;-1,6;-16,799999
2601;4,8;-24,799999
2602;5,6;-39,200001
2603;7,2;-25,6
2604;8;-5,6
2605;7,2;-2,4
2606;6,4;-7,2
2607;-4,8;-10,4
2608;7,2;-12
2609;7,2;-16
2610;8,8;-31,200001
2611;10,4;-32
2612;12;-6,4
2613;10,4;-1,6
2614;11,2;-6,4
2615;8,8;-10,4
2616;11,2;-10,4
2617;12,8;-16,799999
2618;13,6;-32
2619;14,4;-31,200001
2620;14,4;-4,8
2621;15,2;-0,8
2622;7,2;-6,4
2623;16;-9,6
2624;17,6;-11,2
2625;18,4;-26,4
2626;18,4;-32,799999
2627;18,4;-13,6
2628;19,200001;2,4
2629;20,799999;-0,8
2630;19,200001;-4,8
2631;22,4;-7,2
2632;23,200001;-9,6
2633;22,4;-10,4
2634;23,200001;-20,799999
2635;24,799999;-32,799999
2636;24,799999;-22,4
2637;32;-1,6
2638;27,200001;1,6
2639;26,4;-4
2640;27,200001;-8
2641;29,6;-8,8
2642;28;-9,6
2643;28;-16
2644;28,799999;-30,4
2645;29,6;-24
2646;30,4;-3,2
2647;29,6;7,2
2648;32,799999;2,4
2649;29,6;-2,4
2650;30,4;-4,8
2651;29,6;-5,6
2652;31,200001;-7,2
2653;31,200001;-22,4
2654;31,200001;-28,799999
2655;32;-9,6
2656;35,200001;5,6
2657;30,4;4
2658;30,4;-0,8
2659;31,200001;-4
2660;32,799999;-4,8
2661;32;-6,4
2662;32;-12,8
2663;10,4;-27,200001
2664;31,200001;-20,799999
2665;32;6,4
2666;32;9,6
2667;23,200001;4
2668;32,799999;0,8
2669;32,799999;-0,8
2670;33,599998;-12,8
2671;30,4;-24,799999
2672;32,799999;-12
2673;34,400002;8,8
2674;33,599998;8,8
2675;33,599998;4,8
2676;33,599998;1,6
2677;34,400002;-0,8
2678;21,6;-0,8
2679;33,599998;-4,8
2680;33,599998;-20,799999
2681;33,599998;-21,6
2682;36;5,6
2683;34,400002;9,6
2684;33,599998;4,8
2685;34,400002;0
2686;31,200001;1,6
2687;32,799999;-7,2
2688;32,799999;-19,200001
2689;32,799999;-9,6
2690;34,400002;12,8
2691;32,799999;15,2
2692;32;9,6
2693;32,799999;7,2
2694;32,799999;5,6
2695;30,4;0,8
2696;32;-16
2697;31,200001;-17,6
2698;32;4
2699;30,4;15,2
2700;32;12,8
2701;32,799999;8
2702;30,4;5,6
2703;32;4
2704;32,799999;4
2705;30,4;-0,8
2706;32,799999;-17,6
2707;31,200001;-7,2
2708;36;14,4
2709;32,799999;23,200001
2710;32,799999;20
2711;32;15,2
2712;40;13,6
2713;32;12,8
2714;32,799999;4
2715;32,799999;-10,4
2716;32,799999;-3,2
2717;31,200001;19,200001
2718;32;24
2719;16,799999;19,200001
2720;29,6;15,2
2721;32;13,6
2722;31,200001;12,8
2723;40;10,4
2724;32;-4,8
2725;30,4;-11,2
2726;29,6;13,6
2727;29,6;24,799999
2728;29,6;31,200001
2729;28,799999;25,6
2730;28,799999;16
2731;28,799999;-0,8
2732;27,200001;4,8
2733;28;29,6
2734;14,4;33,599998
2735;27,200001;28,799999
2736;28;25,6
2737;27,200001;23,200001
2738;27,200001;21,6
2739;26,4;21,6
2740;26,4;10,4
2741;27,200001;-2,4
2742;24;9,6
2743;24,799999;29,6
2744;25,6;32,799999
2745;25,6;27,200001
2746;26,4;24
2747;26,4;22,4
2748;25,6;21,6
2749;28,799999;22,4
2750;25,6;7,2
2751;25,6;7,2
2752;25,6;34,400002
2753;25,6;39,200001
2754;24,799999;34,400002
2755;25,6;29,6
2756;26,4;28
2757;26,4;28
2758;25,6;23,200001
2759;27,200001;7,2
2760;25,6;4,8
2761;25,6;28
2762;26,4;39,200001
2763;24,799999;36
2764;29,6;30,4
2765;26,4;28,799999
2766;24,799999;28
2767;25,6;22,4
2768;34,400002;5,6
2769;26,4;8,8
2770;25,6;36,799999
2771;25,6;44,799999
2772;28;40
2773;25,6;36,799999
2774;26,4;34,400002
2775;2,4;33,599998
2776;24,799999;25,6
2777;24,799999;11,2
2778;25,6;16
2779;38,400002;38,400002
2780;24,799999;44,799999
2781;25,6;40
2782;25,6;36
2783;24,799999;33,599998
2784;25,6;32,799999
2785;25,6;30,4
2786;24,799999;13,6
2787;26,4;8,8
2788;25,6;37,599998
2789;25,6;44
2790;13,6;40,799999
2791;26,4;39,200001
2792;24,799999;20,799999
2793;24,799999;16
2794;28,799999;37,599998
2795;25,6;50,400002
2796;24,799999;47,200001
2797;24,799999;42,400002
2798;23,200001;40
2799;24;38,400002
2800;24,799999;28
2801;24,799999;14,4
2802;24,799999;24,799999
2803;25,6;46,400002
2804;24;49,599998
2805;28;44
2806;24;40
2807;22,4;39,200001
2808;22,4;32,799999
2809;24,799999;16,799999
2810;22,4;19,200001
2811;22,4;48,799999
2812;23,200001;51,200001
2813;24;46,400002
2814;22,4;42,400002
2815;23,200001;40,799999
2816;24;32
2817;22,4;16,799999
2818;22,4;24
2819;23,200001;46,400002
2820;23,200001;52
2821;24,799999;47,200001
2822;24;43,200001
2823;24;41,599998
2824;28,799999;40
2825;24;28,799999
2826;24,799999;16
2827;25,6;30,4
2828;24;50,400002
2829;24,799999;49,599998
2830;24,799999;44
2831;32;40
2832;24;40
2833;25,6;25,6
2834;24,799999;16
2835;28,799999;27,200001
2836;24;48,799999
2837;24,799999;50,400002
2838;25,6;45,599998
2839;21,6;40,799999
2840;25,6;40
2841;26,4;38,400002
2842;25,6;25,6
2843;26,4;13,6
2844;26,4;29,6
2845;24,799999;49,599998
2846;32;49,599998
2847;24,799999;44,799999
2848;25,6;40
2849;24,799999;38,400002
2850;20;38,400002
2851;24,799999;21,6
2852;24,799999;15,2
2853;24;43,200001
2854;27,200001;50,400002
2855;24;45,599998
2856;24;41,599998
2857;24;40
2858;22,4;34,400002
2859;24;18,4
2860;23,200001;17,6
2861;24;40,799999
2862;23,200001;51,200001
2863;22,4;47,200001
2864;22,4;42,400002
2865;24;40,799999
2866;23,200001;38,400002
2867;22,4;36
2868;21,6;20,799999
2869;24,799999;14,4
2870;23,200001;36
2871;22,4;49,599998
2872;22,4;47,200001
2873;20,799999;43,200001
2874;22,4;36
2875;21,6;20
2876;18,4;9,6
2877;22,4;27,200001
2878;21,6;45,599998
2879;20,799999;44
2880;14,4;39,200001
2881;21,6;36
2882;20,799999;34,400002
2883;20,799999;32
2884;20;17,6
2885;20,799999;8,8
2886;20,799999;26,4
2887;39,200001;44
2888;19,200001;43,200001
2889;20;38,400002
2890;21,6;35,200001
2891;11,2;33,599998
2892;20,799999;33,599998
2893;19,200001;26,4
2894;19,200001;11,2
2895;10,4;8,8
2896;19,200001;32
2897;19,200001;40,799999
2898;19,200001;36
2899;19,200001;32
2900;19,200001;29,6
2901;19,200001;28
2902;31,200001;25,6
2903;17,6;8,8
2904;19,200001;5,6
2905;19,200001;27,200001
2906;8;40
2907;20;37,599998
2908;20;32,799999
2909;20;28
2910;20;28
2911;19,200001;27,200001
2912;20,799999;12
2913;20,799999;3,2
2914;20,799999;26,4
2915;21,6;41,599998
2916;20,799999;32
2917;20;26,4
2918;20,799999;12
2919;20;-0,8
2920;20;14,4
2921;22,4;34,400002
2922;21,6;34,400002
2923;21,6;28,799999
2924;20,799999;25,6
2925;23,200001;24
2926;20;23,200001
2927;20;14,4
2928;17,6;0
2929;19,200001;9,6
2930;18,4;34,400002
2931;18,4;33,599998
2932;16,799999;28
2933;17,6;24,799999
2934;18,4;24
2935;18,4;11,2
2936;9,6;0
2937;16,799999;4,8
2938;16;27,200001
2939;16,799999;29,6
2940;17,6;25,6
2941;16,799999;21,6
2942;15,2;20
2943;35,200001;18,4
2944;15,2;8,8
2945;14,4;-5,6
2946;14,4;3,2
2947;25,6;26,4
2948;16,799999;30,4
2949;16;24,799999
2950;15,2;20,799999
2951;10,4;19,200001
2952;14,4;17,6
2953;15,2;18,4
2954;14,4;8
2955;15,2;-5,6
2956;14,4;4
2957;13,6;22,4
2958;35,200001;24
2959;13,6;18,4
2960;14,4;13,6
2961;13,6;12,8
2962;2,4;12,8
2963;13,6;4
2964;12;-11,2
2965;12;-0,8
2966;12,8;24
2967;12,8;22,4
2968;11,2;16,799999
2969;12;14,4
2970;9,6;12
2971;10,4;-3,2
2972;9,6;-12
2973;14,4;4,8
2974;8,8;23,200001
2975;9,6;22,4
2976;9,6;17,6
2977;9,6;14,4
2978;8;6,4
2979;7,2;-8,8
2980;7,2;-18,4
2981;8,8;-2,4
2982;8;16
2983;6,4;16
2984;4,8;10,4
2985;3,2;8
2986;4;6,4
2987;4,8;1,6
2988;3,2;-14,4
2989;2,4;-16
2990;2,4;6,4
2991;3,2;17,6
2992;-6,4;13,6
2993;2,4;9,6
2994;2,4;7,2
2995;0,8;6,4
2996;1,6;0,8
2997;0;-15,2
2998;-1,6;-12,8
2999;-0,8;6,4
3000;-2,4;8,8
3001;-1,6;2,4
3002;-2,4;0
3003;-12,8;-1,6
3004;-6,4;-4,8
3005;-5,6;-21,6
3006;-8;-24
3007;-15,2;-3,2
3008;-8,8;9,6
3009;-8;5,6
3010;-8,8;0,8
3011;-11,2;-1,6
3012;-12;-2,4
3013;-12,8;-6,4
3014;4;-21,6
3015;-15,2;-24
3016;-13,6;-3,2
3017;-16,799999;9,6
3018;-12,8;4,8
3019;-16,799999;2,4
3020;-17,6;-11,2
3021;-19,200001;-27,200001
3022;-15,2;-32
3023;-20;-6,4
3024;-19,200001;2,4
3025;-21,6;-3,2
3026;-21,6;-9,6
3027;-22,4;-10,4
3028;-22,4;-11,2
3029;-19,200001;-19,200001
3030;-24,799999;-33,599998
3031;-24;-26,4
3032;-25,6;-4,8
3033;-24,799999;0,8
3034;-27,200001;-4
3035;-27,200001;-8,8
3036;-28;-10,4
3037;-28;-11,2
3038;-28;-17,6
3039;-28,799999;-33,599998
3040;-29,6;-24,799999
3041;-32;-12
3042;-31,200001;-6,4
3043;-32;-12
3044;-26,4;-16
3045;-33,599998;-16,799999
3046;-34,400002;-21,6
3047;-34,400002;-36,799999
3048;-36;-38,400002
3049;-36;-16
3050;-37,599998;-5,6
3051;-38,400002;-9,6
3052;-38,400002;-13,6
3053;-39,200001;-16
3054;-40;-17,6
3055;-40,799999;-17,6
3056;-43,200001;-28
3057;-42,400002;-40,799999
3058;-42,400002;-31,200001
3059;-48;-9,6
3060;-43,200001;-7,2
3061;-45,599998;-10,4
3062;-45,599998;-19,200001
3063;-53,599998;-24
3064;-47,200001;-39,200001
3065;-46,400002;-44,799999
3066;-47,200001;-25,6
3067;-47,200001;-11,2
3068;-48;-14,4
3069;-48,799999;-19,200001
3070;-54,400002;-20,799999
3071;-49,599998;-21,6
3072;-51,200001;-22,4
3073;-50,400002;-33,599998
3074;-60;-45,599998
3075;-52;-30,4
3076;-52,799999;-12
3077;-53,599998;-13,6
3078;-54,400002;-18,4
3079;-52,799999;-20
3080;-53,599998;-22,4
3081;-54,400002;-23,200001
3082;-55,200001;-29,6
3083;-54,400002;-44,799999
3084;-55,200001;-52,799999
3085;-51,200001;-26,4
3086;-55,200001;-16,799999
3087;-56,799999;-20
3088;-56,799999;-24,799999
3089;-57,599998;-26,4
3090;-57,599998;-28
3091;-56,799999;-36,799999
3092;-58,400002;-50,400002
3093;-59,200001;-42,400002
3094;-58,400002;-20,799999
3095;-58,400002;-16,799999
3096;-58,400002;-20,799999
3097;-60;-24,799999
3098;-58,400002;-26,4
3099;-59,200001;-27,200001
3100;-51,200001;-28
3101;-58,400002;-35,200001
3102;-60;-49,599998
3103;-59,200001;-44,799999
3104;-56,799999;-24
3105;-59,200001;-19,200001
3106;-57,599998;-23,200001
3107;-57,599998;-28
3108;-56;-28,799999
3109;-56;-31,200001
3110;-56;-45,599998
3111;-54,400002;-53,599998
3112;-56;-35,200001
3113;-54,400002;-19,200001
3114;-55,200001;-20,799999
3115;-52,799999;-24,799999
3116;-53,599998;-28
3117;-56;-28,799999
3118;-53,599998;-29,6
3119;-45,599998;-41,599998
3120;-52,799999;-52,799999
3121;-54,400002;-40
3122;-53,599998;-21,6
3123;-52,799999;-19,200001
3124;-53,599998;-23,200001
3125;-54,400002;-26,4
3126;-76,800003;-36,799999
3127;-53,599998;-51,200001
3128;-52,799999;-44
3129;-52,799999;-22,4
3130;-47,200001;-18,4
3131;-52;-23,200001
3132;-52,799999;-26,4
3133;-53,599998;-28
3134;-53,599998;-29,6
3135;-52;-39,200001
3136;-52;-51,200001
3137;-52,799999;-42,400002
3138;-51,200001;-21,6
3139;-52;-19,200001
3140;-50,400002;-23,200001
3141;-64;-25,6
3142;-50,400002;-28
3143;-48,799999;-30,4
3144;-49,599998;-44,799999
3145;-50,400002;-52,799999
3146;-47,200001;-28
3147;-48,799999;-18,4
3148;-47,200001;-22,4
3149;-49,599998;-27,200001
3150;-45,599998;-28,799999
3151;-45,599998;-32
3152;-44;-47,200001
3153;-44,799999;-52
3154;-44;-32
3155;-42,400002;-18,4
3156;-37,599998;-20,799999
3157;-40,799999;-25,6
3158;-40,799999;-28,799999
3159;-39,200001;-29,6
3160;-39,200001;-33,599998
3161;-37,599998;-48,799999
3162;-36,799999;-48,799999
3163;-37,599998;-22,4
3164;-35,200001;-20
3165;-36;-23,200001
3166;-33,599998;-27,200001
3167;-38,400002;-44
3168;-34,400002;-48,799999
3169;-31,200001;-27,200001
3170;-31,200001;-15,2
3171;-31,200001;-18,4
3172;-29,6;-23,200001
3173;-29,6;-24,799999
3174;-28,799999;-27,200001
3175;-24,799999;-27,200001
3176;-28;-39,200001
3177;-26,4;-49,599998
3178;-25,6;-37,599998
3179;-23,200001;-17,6
3180;-24,799999;-16
3181;-24;-20,799999
3182;-46,400002;-24,799999
3183;-23,200001;-25,6
3184;-22,4;-28
3185;-21,6;-40
3186;-12;-49,599998
3187;-19,200001;-27,200001
3188;-19,200001;-10,4
3189;-17,6;-14,4
3190;-20;-18,4
3191;-18,4;-20,799999
3192;-16;-22,4
3193;-16,799999;-37,599998
3194;-16;-45,599998
3195;-15,2;-28
3196;-14,4;-11,2
3197;-12;-12
3198;-13,6;-16,799999
3199;-12;-20
3200;-11,2;-21,6
3201;-11,2;-32,799999
3202;-10,4;-43,200001
3203;-8,8;-34,400002
3204;-8,8;-13,6
3205;-9,6;-11,2
3206;-8,8;-16,799999
3207;-8,8;-16
3208;-8,8;-29,6
3209;-8;-42,400002
3210;-7,2;-30,4
3211;-5,6;-10,4
3212;-0,8;-8,8
3213;-6,4;-13,6
3214;-4,8;-16,799999
3215;-4,8;-17,6
3216;-5,6;-18,4
3217;-4;-20
3218;-3,2;-29,6
3219;-2,4;-42,400002
3220;0;-32
3221;0,8;-11,2
3222;0;-8,8
3223;2,4;-13,6
3224;0;-16,799999
3225;0,8;-17,6
3226;1,6;-19,200001
3227;-4,8;-20
3228;4;-18,4
3229;4;-33,599998
3230;5,6;-39,200001
3231;5,6;-21,6
3232;6,4;-4,8
3233;8,8;-7,2
3234;8,8;-12
3235;12;-14,4
3236;10,4;-16
3237;11,2;-16,799999
3238;-10,4;-28,799999
3239;12;-40
3240;14,4;-20,799999
3241;13,6;-4,8
3242;24,799999;-8
3243;16;-12
3244;16;-14,4
3245;17,6;-15,2
3246;16,799999;-17,6
3247;17,6;-29,6
3248;19,200001;-38,400002
3249;17,6;-18,4
3250;20;-2,4
3251;20;-4
3252;20;-8
3253;12;-10,4
3254;20,799999;-12
3255;22,4;-24,799999
3256;22,4;-36
3257;28;-21,6
3258;22,4;-3,2
3259;23,200001;-2,4
3260;24;-5,6
3261;21,6;-10,4
3262;24,799999;-12
3263;24,799999;-12
3264;24,799999;-18,4
3265;26,4;-33,599998
3266;27,200001;-29,6
3267;28;-8
3268;27,200001;-1,6
3269;28;-4,8
3270;27,200001;-6,4
3271;28,799999;-22,4
3272;28;-29,6
3273;30,4;-10,4
3274;30,4;4
3275;29,6;2,4
3276;31,200001;-4
3277;30,4;-6,4
3278;30,4;-8
3279;30,4;-8,8
3280;30,4;-21,6
3281;31,200001;-31,200001
3282;32;-9,6
3283;34,400002;4
3284;33,599998;0
3285;32;-4,8
3286;32;-7,2
3287;40,799999;-8
3288;32;-16,799999
3289;31,200001;-31,200001
3290;32,799999;-16,799999
3291;33,599998;8,8
3292;33,599998;6,4
3293;34,400002;0
3294;28,799999;-1,6
3295;32,799999;-2,4
3296;32,799999;-12
3297;33,599998;-24,799999
3298;35,200001;-20
3299;33,599998;2,4
3300;32,799999;9,6
3301;32,799999;4
3302;34,400002;-0,8
3303;33,599998;-2,4
3304;34,400002;-2,4
3305;35,200001;-8
3306;34,400002;-24
3307;35,200001;-22,4
3308;33,599998;0
3309;30,4;8,8
3310;34,400002;3,2
3311;35,200001;1,6
3312;35,200001;-0,8
3313;40;-16
3314;34,400002;-12
3315;34,400002;11,2
3316;34,400002;17,6
3317;36,799999;12
3318;33,599998;8
3319;36;5,6
3320;35,200001;5,6
3321;34,400002;2,4
3322;35,200001;-13,6
3323;33,599998;-17,6
3324;28;4
3325;35,200001;16,799999
3326;33,599998;13,6
3327;33,599998;9,6
3328;31,200001;7,2
3329;32;5,6
3330;32;4,8
3331;33,599998;-1,6
3332;32;-5,6
3333;32;-4,8
3334;31,200001;19,200001
3335;32;27,200001
3336;29,6;22,4
3337;29,6;18,4
3338;30,4;16,799999
3339;32,799999;15,2
3340;29,6;6,4
3341;29,6;-8,8
3342;28;4
3343;37,599998;26,4
3344;28;24,799999
3345;29,6;19,200001
3346;28,799999;16,799999
3347;28,799999;15,2
3348;28,799999;14,4
3349;28;1,6
3350;24,799999;-9,6
3351;27,200001;4,8
3352;28,799999;24,799999
3353;28;36
3354;40;29,6
3355;29,6;24
3356;28;8
3357;28,799999;0,8
3358;29,6;28
3359;28;36
3360;28;31,200001
3361;28;27,200001
3362;29,6;24,799999
3363;28,799999;20,799999
3364;27,200001;3,2
3365;14,4;1,6
3366;26,4;24
3367;27,200001;35,200001
3368;27,200001;32
3369;33,599998;27,200001
3370;28;24,799999
3371;26,4;23,200001
3372;27,200001;23,200001
3373;28,799999;23,200001
3374;26,4;24
3375;26,4;8,8
3376;26,4;8,8
3377;25,6;31,200001
3378;26,4;40
3379;26,4;38,400002
3380;21,6;33,599998
3381;28;31,200001
3382;27,200001;30,4
3383;27,200001;29,6
3384;24,799999;24,799999
3385;26,4;8,8
3386;26,4;8,8
3387;28;36,799999
3388;27,200001;40,799999
3389;25,6;36
3390;25,6;32
3391;25,6;30,4
3392;25,6;29,6
3393;26,4;16
3394;26,4;4,8
3395;21,6;25,6
3396;27,200001;44
3397;26,4;43,200001
3398;28;39,200001
3399;32,799999;36
3400;27,200001;34,400002
3401;28;33,599998
3402;28;20
3403;26,4;8,8
3404;25,6;24
3405;25,6;43,200001
3406;28,799999;44
3407;24;38,400002
3408;24,799999;36
3409;25,6;33,599998
3410;33,599998;33,599998
3411;23,200001;30,4
3412;24;13,6
3413;23,200001;11,2
3414;27,200001;32
3415;23,200001;46,400002
3416;24;45,599998
3417;24;40,799999
3418;24;37,599998
3419;22,4;36,799999
3420;23,200001;30,4
3421;21,6;15,2
3422;23,200001;19,200001
3423;21,6;46,400002
3424;22,4;48
3425;26,4;42,400002
3426;22,4;38,400002
3427;24;36,799999
3428;23,200001;34,400002
3429;21,6;19,200001
3430;23,200001;12
3431;21,6;32
3432;22,4;48,799999
3433;23,200001;45,599998
3434;24;40,799999
3435;23,200001;36
3436;26,4;36
3437;24;28,799999
3438;24;16
3439;23,200001;24
3440;25,6;47,200001
3441;25,6;49,599998
3442;25,6;44,799999
3443;25,6;41,599998
3444;24,799999;40
3445;26,4;38,400002
3446;25,6;26,4
3447;27,200001;13,6
3448;25,6;27,200001
3449;26,4;48
3450;25,6;49,599998
3451;24,799999;44
3452;26,4;40,799999
3453;26,4;39,200001
3454;25,6;37,599998
3455;28;28,799999
3456;25,6;14,4
3457;24;24,799999
3458;24,799999;45,599998
3459;24,799999;48
3460;24,799999;43,200001
3461;25,6;40
3462;32;38,400002
3463;24;36
3464;24;20,799999
3465;24;12,8
3466;28,799999;33,599998
3467;24;48,799999
3468;24,799999;47,200001
3469;24;41,599998
3470;28;39,200001
3471;24,799999;37,599998
3472;24,799999;32
3473;25,6;14,4
3474;24;18,4
3475;24;41,599998
3476;24,799999;48
3477;24,799999;44
3478;22,4;40
3479;24,799999;26,4
3480;24;12
3481;28,799999;22,4
3482;24,799999;44
3483;24;46,400002
3484;23,200001;40,799999
3485;23,200001;37,599998
3486;24;36
3487;22,4;35,200001
3488;23,200001;28,799999
3489;22,4;12,8
3490;23,200001;16,799999
3491;22,4;43,200001
3492;18,4;45,599998
3493;23,200001;40,799999
3494;21,6;36,799999
3495;22,4;36
3496;21,6;28,799999
3497;20,799999;12,8
3498;22,4;15,2
3499;21,6;38,400002
3500;20,799999;45,599998
3501;20;40,799999
3502;20;36
3503;20;33,599998
3504;20;33,599998
3505;20;28
3506;21,6;12
3507;20,799999;12,8
3508;21,6;40,799999
3509;20,799999;44
3510;20,799999;38,400002
3511;29,6;34,400002
3512;20,799999;33,599998
3513;21,6;32
3514;21,6;16,799999
3515;23,200001;8
3516;23,200001;25,6
3517;21,6;43,200001
3518;12,8;41,599998
3519;21,6;38,400002
3520;21,6;32,799999
3521;20,799999;16
3522;33,599998;6,4
3523;20,799999;24,799999
3524;21,6;42,400002
3525;20,799999;40,799999
3526;24;35,200001
3527;19,200001;32,799999
3528;20;32
3529;20;29,6
3530;20,799999;13,6
3531;20;7,2
3532;20;27,200001
3533;18,4;42,400002
3534;20;39,200001
3535;18,4;35,200001
3536;18,4;32
3537;24;31,200001
3538;19,200001;29,6
3539;19,200001;23,200001
3540;18,4;9,6
3541;16,799999;4
3542;18,4;27,200001
3543;18,4;36,799999
3544;19,200001;32,799999
3545;18,4;27,200001
3546;18,4;25,6
3547;17,6;24
3548;16,799999;24
3549;19,200001;15,2
3550;19,200001;0,8
3551;17,6;12
3552;16,799999;34,400002
3553;18,4;33,599998
3554;17,6;31,200001
3555;18,4;25,6
3556;16,799999;24,799999
3557;18,4;21,6
3558;19,200001;5,6
3559;18,4;0,8
3560;18,4;26,4
3561;18,4;37,599998
3562;18,4;25,6
3563;20,799999;20,799999
3564;19,200001;10,4
3565;17,6;-4,8
3566;17,6;2,4
3567;26,4;25,6
3568;18,4;29,6
3569;17,6;25,6
3570;16,799999;20,799999
3571;16,799999;19,200001
3572;16,799999;17,6
3573;16;5,6
3574;16;-7,2
3575;16;8,8
3576;16;28
3577;16;28,799999
3578;25,6;23,200001
3579;14,4;20
3580;15,2;18,4
3581;15,2;16,799999
3582;17,6;10,4
3583;14,4;-5,6
3584;13,6;-12,8
3585;13,6;4
3586;12,8;22,4
3587;13,6;21,6
3588;13,6;16
3589;15,2;12,8
3590;12,8;12
3591;13,6;11,2
3592;12;-1,6
3593;15,2;-14,4
3594;12;0
3595;12;20,799999
3596;12;21,6
3597;13,6;16
3598;10,4;13,6
3599;10,4;11,2
3600;10,4;11,2
3601;9,6;1,6
3602;10,4;-13,6
3603;8,8;-8,8
3604;2,4;11,2
3605;6,4;14,4
3606;5,6;9,6
3607;5,6;6,4
3608;5,6;4
3609;4,8;2,4
3610;4;-11,2
3611;3,2;-20
3612;2,4;-3,2
3613;0,8;14,4
3614;1,6;13,6
3615;0,8;8,8
3616;-0,8;5,6
3617;-0,8;4
3618;-0,8;3,2
3619;-5,6;-4
3620;-3,2;-19,200001
3621;-3,2;-11,2
3622;-4;12,8
3623;-5,6;14,4
3624;-5,6;1,6
3625;-4,8;-2,4
3626;-6,4;-13,6
3627;-5,6;-27,200001
3628;-6,4;-19,200001
3629;-7,2;2,4
3630;4;6,4
3631;-8,8;1,6
3632;-8;-2,4
3633;-8,8;-4
3634;-2,4;-5,6
3635;-11,2;-19,200001
3636;-11,2;-28,799999
3637;-12;-11,2
3638;-12,8;6,4
3639;-13,6;4,8
3640;-12,8;0
3641;-12,8;-3,2
3642;-13,6;-4,8
3643;-16;-12,8
3644;-16,799999;-26,4
3645;-11,2;-28,799999
3646;-18,4;-7,2
3647;-18,4;-3,2
3648;-19,200001;-7,2
3649;-31,200001;-11,2
3650;-20;-12,8
3651;-22,4;-13,6
3652;-22,4;-15,2
3653;-20,799999;-29,6
3654;-24,799999;-36,799999
3655;-24;-18,4
3656;-25,6;-2,4
3657;-27,200001;-4
3658;-27,200001;-9,6
3659;-28,799999;-12
3660;-24,799999;-12,8
3661;-28,799999;-13,6
3662;-30,4;-18,4
3663;-30,4;-33,599998
3664;-30,4;-33,599998
3665;-32;-9,6
3666;-33,599998;-7,2
3667;-35,200001;-10,4
3668;-33,599998;-16
3669;-35,200001;-18,4
3670;-35,200001;-23,200001
3671;-36,799999;-38,400002
3672;-37,599998;-36,799999
3673;-36,799999;-15,2
3674;-38,400002;-7,2
3675;-36,799999;-12
3676;-40;-15,2
3677;-40;-17,6
3678;-41,599998;-17,6
3679;-48;-19,200001
3680;-40,799999;-32
3681;-41,599998;-41,599998
3682;-41,599998;-26,4
3683;-43,200001;-8,8
3684;-44,799999;-8,8
3685;-45,599998;-15,2
3686;-31,200001;-14,4
3687;-46,400002;-31,200001
3688;-46,400002;-44,799999
3689;-46,400002;-35,200001
3690;-55,200001;-12,8
3691;-48,799999;-14,4
3692;-48,799999;-18,4
3693;-50,400002;-21,6
3694;-58,400002;-24
3695;-52;-25,6
3696;-52;-40,799999
3697;-51,200001;-46,400002
3698;-52;-25,6
3699;-52;-12
3700;-54,400002;-14,4
3701;-34,400002;-19,200001
3702;-54,400002;-21,6
3703;-52,799999;-23,200001
3704;-54,400002;-23,200001
3705;-65,599998;-30,4
3706;-54,400002;-45,599998
3707;-53,599998;-40
3708;-54,400002;-20
3709;-52,799999;-16
3710;-54,400002;-20
3711;-55,200001;-23,200001
3712;-55,200001;-24,799999
3713;-55,200001;-25,6
3714;-55,200001;-29,6
3715;-54,400002;-45,599998
3716;-55,200001;-46,400002
3717;-55,200001;-24,799999
3718;-54,400002;-14,4
3719;-56,799999;-17,6
3720;-54,400002;-22,4
3721;-55,200001;-24,799999
3722;-55,200001;-25,6
3723;-55,200001;-25,6
3724;-54,400002;-32
3725;-56;-46,400002
3726;-56,799999;-44,799999
3727;-56;-22,4
3728;-56,799999;-13,6
3729;-56,799999;-19,200001
3730;-57,599998;-25,6
3731;-53,599998;-25,6
3732;-56,799999;-26,4
3733;-57,599998;-36,799999
3734;-56;-49,599998
3735;-60;-39,200001
3736;-56,799999;-19,200001
3737;-56;-16,799999
3738;-56;-20,799999
3739;-55,200001;-24
3740;-56;-25,6
3741;-56;-26,4
3742;-66,400002;-34,400002
3743;-55,200001;-48
3744;-56;-41,599998
3745;-56;-16,799999
3746;-59,200001;-16,799999
3747;-53,599998;-21,6
3748;-55,200001;-24
3749;-55,200001;-27,200001
3750;-58,400002;-42,400002
3751;-53,599998;-50,400002
3752;-53,599998;-34,400002
3753;-53,599998;-16,799999
3754;-52;-17,6
3755;-53,599998;-22,4
3756;-52;-25,6
3757;-31,200001;-26,4
3758;-52;-33,599998
3759;-50,400002;-48
3760;-50,400002;-44,799999
3761;-62,400002;-23,200001
3762;-50,400002;-15,2
3763;-49,599998;-20
3764;-48,799999;-24,799999
3765;-48,799999;-25,6
3766;-48,799999;-26,4
3767;-45,599998;-38,400002
3768;-48;-50,400002
3769;-47,200001;-36,799999
3770;-45,599998;-18,4
3771;-44,799999;-17,6
3772;-40,799999;-22,4
3773;-44;-25,6
3774;-44;-27,200001
3775;-44;-28,799999
3776;-40,799999;-41,599998
3777;-40,799999;-51,200001
3778;-41,599998;-29,6
3779;-40,799999;-16
3780;-38,400002;-19,200001
3781;-40,799999;-24
3782;-40;-27,200001
3783;-38,400002;-32
3784;-38,400002;-47,200001
3785;-36;-45,599998
3786;-36;-24
3787;-40;-16
3788;-35,200001;-20
3789;-34,400002;-24,799999
3790;-34,400002;-24,799999
3791;-43,200001;-33,599998
3792;-32;-46,400002
3793;-32;-42,400002
3794;-30,4;-20
3795;-29,6;-14,4
3796;-28,799999;-19,200001
3797;-26,4;-23,200001
3798;-14,4;-24,799999
3799;-26,4;-25,6
3800;-24,799999;-38,400002
3801;-24,799999;-48,799999
3802;-33,599998;-35,200001
3803;-24;-16
3804;-24;-16
3805;-24;-20
3806;-31,200001;-22,4
3807;-23,200001;-24,799999
3808;-23,200001;-25,6
3809;-22,4;-25,6
3810;-20,799999;-31,200001
3811;-22,4;-44
3812;-21,6;-44
3813;-10,4;-22,4
3814;-21,6;-12
3815;-18,4;-16
3816;-19,200001;-20
3817;-30,4;-21,6
3818;-19,200001;-23,200001
3819;-18,4;-31,200001
3820;-16,799999;-45,599998
3821;-12;-34,400002
3822;-17,6;-12,8
3823;-15,2;-13,6
3824;-14,4;-18,4
3825;-15,2;-21,6
3826;-13,6;-22,4
3827;-12,8;-28,799999
3828;-8,8;-44
3829;-10,4;-40
3830;-11,2;-14,4
3831;-9,6;-13,6
3832;-7,2;-14,4
3833;-8,8;-24
3834;-7,2;-40,799999
3835;-6,4;-38,400002
3836;-4,8;-12
3837;-5,6;-9,6
3838;-6,4;-16
3839;-4;-19,200001
3840;-4,8;-20
3841;-3,2;-26,4
3842;-2,4;-41,599998
3843;-0,8;-40
3844;-0,8;-16,799999
3845;0;-8
3846;0,8;-13,6
3847;-4,8;-18,4
3848;1,6;-20
3849;1,6;-20,799999
3850;4;-28
3851;5,6;-42,400002
3852;4;-35,200001
3853;5,6;-7,2
3854;-5,6;-7,2
3855;5,6;-12,8
3856;5,6;-16
3857;6,4;-19,200001
3858;0;-35,200001
3859;8;-40
3860;8,8;-19,200001
3861;10,4;-6,4
3862;4;-8,8
3863;11,2;-13,6
3864;12,8;-16
3865;12,8;-16,799999
3866;13,6;-19,200001
3867;12,8;-33,599998
3868;15,2;-40,799999
3869;11,2;-21,6
3870;15,2;-5,6
3871;16;-8
3872;16;-13,6
3873;10,4;-16
3874;20;-13,6
3875;18,4;-28,799999
3876;19,200001;-36
3877;17,6;-16
3878;20,799999;-1,6
3879;21,6;-3,2
3880;22,4;-8,8
3881;23,200001;-11,2
3882;21,6;-11,2
3883;23,200001;-16
3884;27,200001;-30,4
3885;24,799999;-33,599998
3886;23,200001;-7,2
3887;24,799999;-1,6
3888;27,200001;-6,4
3889;25,6;-10,4
3890;26,4;-12
3891;26,4;-12
3892;28,799999;-19,200001
3893;28;-34,400002
3894;28;-25,6
3895;28;3,2
3896;28,799999;2,4
3897;28,799999;-3,2
3898;28,799999;-5,6
3899;33,599998;-8
3900;29,6;-23,200001
3901;28,799999;-31,200001
3902;29,6;-13,6
3903;28,799999;4
3904;30,4;2,4
3905;32;-4
3906;32;-4
3907;34,400002;-7,2
3908;32,799999;-8
3909;32,799999;-8,8
3910;26,4;-24
3911;33,599998;-31,200001
3912;34,400002;-5,6
3913;34,400002;4,8
3914;29,6;-1,6
3915;34,400002;-3,2
3916;34,400002;-0,8
3917;33,599998;-17,6
3918;28;-20,799999
3919;35,200001;0,8
3920;35,200001;12,8
3921;34,400002;9,6
3922;34,400002;5,6
3923;36;2,4
3924;36;0,8
3925;55,200001;-12
3926;33,599998;-23,200001
3927;36;-8
3928;36;11,2
3929;28,799999;11,2
3930;34,400002;6,4
3931;34,400002;2,4
3932;34,400002;1,6
3933;32;0,8
3934;33,599998;-4
3935;34,400002;-20,799999
3936;32,799999;-16,799999
3937;34,400002;12
3938;33,599998;20,799999
3939;33,599998;15,2
3940;35,200001;11,2
3941;32;9,6
3942;32,799999;8,8
3943;33,599998;-2,4
3944;32;-14,4
3945;32;-4,8
3946;32,799999;16,799999
3947;32,799999;19,200001
3948;30,4;14,4
3949;30,4;11,2
3950;32;9,6
3951;31,200001;8
3952;32;7,2
3953;31,200001;-6,4
3954;32,799999;-15,2
3955;39,200001;4,8
3956;32;20
3957;32;25,6
3958;32;20,799999
3959;24;12,8
3960;31,200001;-4,8
3961;32;-4,8
3962;31,200001;18,4
3963;32,799999;28
3964;31,200001;24
3965;29,6;19,200001
3966;17,6;17,6
3967;28,799999;16
3968;30,4;11,2
3969;30,4;-4,8
3970;28,799999;-5,6
3971;30,4;17,6
3972;29,6;28
3973;29,6;24
3974;24,799999;19,200001
3975;29,6;17,6
3976;28,799999;16
3977;29,6;6,4
3978;29,6;2,4
3979;28,799999;8,8
3980;30,4;31,200001
3981;22,4;36,799999
3982;28;31,200001
3983;29,6;27,200001
3984;29,6;25,6
3985;18,4;24
3986;28,799999;10,4
3987;28;0
3988;28;16
3989;24;35,200001
3990;26,4;34,400002
3991;28;29,6
3992;27,200001;26,4
3993;28,799999;24,799999
3994;28;24
3995;26,4;22,4
3996;32,799999;8
3997;28;-0,8
3998;28,799999;20
3999;28;40,799999
4000;28,799999;38,400002
4001;28;32
4002;28;29,6
4003;27,200001;28,799999
4004;24,799999;13,6
4005;26,4;4,8
4006;26,4;22,4
4007;26,4;39,200001
4008;25,6;38,400002
4009;24,799999;32,799999
4010;25,6;30,4
4011;32,799999;29,6
4012;27,200001;28,799999
4013;25,6;18,4
4014;24,799999;4
4015;25,6;14,4
4016;24;36,799999
4017;24;39,200001
4018;24,799999;33,599998
4019;24,799999;32
4020;24,799999;30,4
4021;25,6;12,8
4022;27,200001;9,6
4023;23,200001;32,799999
4024;24;44
4025;24;40,799999
4026;25,6;36
4027;24,799999;33,599998
4028;24,799999;32
4029;24,799999;32
4030;17,6;28
4031;24,799999;12,8
4032;24,799999;8,8
4033;24;36,799999
4034;26,4;44
4035;24;38,400002
4036;26,4;34,400002
4037;3,2;32,799999
4038;25,6;30,4
4039;25,6;13,6
4040;25,6;8,8
4041;24,799999;31,200001
4042;24,799999;40,799999
4043;25,6;44,799999
4044;24,799999;40,799999
4045;23,200001;37,599998
4046;24;36
4047;24,799999;36
4048;24;24,799999
4049;24,799999;11,2
4050;24;21,6
4051;24;43,200001
4052;9,6;45,599998
4053;23,200001;40,799999
4054;22,4;36,799999
4055;23,200001;35,200001
4056;22,4;34,400002
4057;23,200001;24
4058;22,4;11,2
4059;24;25,6
4060;20,799999;44,799999
4061;23,200001;44,799999
4062;24;41,599998
4063;23,200001;37,599998
4064;23,200001;20
4065;24,799999;13,6
4066;24;33,599998
4067;30,4;48
4068;24;45,599998
4069;24;40
4070;24;38,400002
4071;26,4;36,799999
4072;25,6;32
4073;24;16
4074;25,6;15,2
4075;25,6;37,599998
4076;25,6;48,799999
4077;25,6;44
4078;28;40
4079;24;37,599998
4080;24,799999;36,799999
4081;26,4;35,200001
4082;29,6;32,799999
4083;26,4;19,200001
4084;26,4;11,2
4085;25,6;28,799999
4086;32;46,400002
4087;24;45,599998
4088;24;40
4089;25,6;37,599998
4090;26,4;36
4091;24,799999;35,200001
4092;24;20,799999
4093;7,2;10,4
4094;24;26,4
4095;24;45,599998
4096;24;45,599998
4097;16;40,799999
4098;24;37,599998
4099;23,200001;36
4100;22,4;33,599998
4101;20;17,6
4102;22,4;10,4
4103;23,200001;35,200001
4104;24;48,799999
4105;24;46,400002
4106;24;40,799999
4107;23,200001;38,400002
4108;12,8;36,799999
4109;24,799999;33,599998
4110;24;16,799999
4111;24;15,2
4112;24,799999;37,599998
4113;24,799999;48,799999
4114;24;44,799999
4115;24;40
4116;23,200001;38,400002
4117;23,200001;37,599998
4118;25,6;29,6
4119;24;14,4
4120;24;22,4
4121;24,799999;46,400002
4122;24;46,400002
4123;32;42,400002
4124;23,200001;39,200001
4125;22,4;22,4
4126;23,200001;12,8
4127;23,200001;31,200001
4128;22,4;48,799999
4129;22,4;47,200001
4130;22,4;41,599998
4131;22,4;38,400002
4132;20,799999;38,400002
4133;21,6;34,400002
4134;13,6;17,6
4135;20,799999;13,6
4136;20,799999;40,799999
4137;20,799999;48,799999
4138;19,200001;44,799999
4139;20;40
4140;20;33,599998
4141;19,200001;17,6
4142;20,799999;15,2
4143;19,200001;42,400002
4144;20;48,799999
4145;19,200001;40
4146;20;36
4147;18,4;24,799999
4148;19,200001;9,6
4149;-2,4;16,799999
4150;20;39,200001
4151;19,200001;44
4152;18,4;40
4153;18,4;35,200001
4154;20,799999;33,599998
4155;19,200001;32,799999
4156;20;25,6
4157;16;10,4
4158;20,799999;14,4
4159;20;37,599998
4160;20;44
4161;20,799999;40
4162;20,799999;35,200001
4163;20;33,599998
4164;7,2;31,200001
4165;19,200001;32
4166;20;18,4
4167;19,200001;5,6
4168;21,6;8,8
4169;19,200001;32
4170;19,200001;38,400002
4171;20;34,400002
4172;18,4;29,6
4173;20;28
4174;19,200001;26,4
4175;20;17,6
4176;18,4;3,2
4177;18,4;10,4
4178;20;33,599998
4179;26,4;38,400002
4180;19,200001;32,799999
4181;19,200001;28,799999
4182;19,200001;27,200001
4183;19,200001;26,4
4184;17,6;19,200001
4185;18,4;2,4
4186;18,4;12
4187;20,799999;27,200001
4188;18,4;32
4189;17,6;25,6
4190;21,6;22,4
4191;16,799999;20,799999
4192;17,6;20
4193;19,200001;19,200001
4194;16,799999;6,4
4195;17,6;-5,6
4196;16,799999;14,4
4197;17,6;32,799999
4198;16;28,799999
4199;17,6;22,4
4200;17,6;21,6
4201;16,799999;20
4202;18,4;15,2
4203;16,799999;-0,8
4204;15,2;-1,6
4205;12,8;26,4
4206;15,2;30,4
4207;14,4;18,4
4208;14,4;9,6
4209;16;-8
4210;12;-8,8
4211;12;13,6
4212;12;23,200001
4213;9,6;20
4214;10,4;15,2
4215;10,4;12,8
4216;10,4;11,2
4217;9,6;8
4218;9,6;-7,2
4219;8,8;-12,8
4220;-4,8;8,8
4221;9,6;23,200001
4222;8;20
4223;6,4;15,2
4224;10,4;12,8
4225;6,4;11,2
4226;6,4;10,4
4227;6,4;-2,4
4228;4;-21,6
4229;5,6;-10,4
4230;4,8;10,4
4231;4;12,8
4232;4,8;8
4233;4,8;4
4234;2,4;2,4
4235;3,2;1,6
4236;4,8;0
4237;2,4;-14,4
4238;2,4;-22,4
4239;4,8;-5,6
4240;0,8;12,8
4241;0;11,2
4242;0,8;6,4
4243;0;4
4244;-0,8;2,4
4245;-1,6;1,6
4246;-1,6;-5,6
4247;-3,2;-20,799999
4248;-3,2;-15,2
4249;-4;-2,4
4250;-1,6;2,4
4251;-4,8;-2,4
4252;-6,4;-6,4
4253;-6,4;-8
4254;0,8;-11,2
4255;-8,8;-25,6
4256;-8,8;-31,200001
4257;-8;-11,2
4258;-11,2;4,8
4259;-12;0
4260;-12;-4
4261;-20,799999;-8
4262;-13,6;-8
4263;-15,2;-8,8
4264;-15,2;-13,6
4265;-3,2;-29,6
4266;-15,2;-27,200001
4267;-16,799999;-0,8
4268;-18,4;1,6
4269;-16,799999;-2,4
4270;-19,200001;-12,8
4271;-20;-28,799999
4272;-21,6;-37,599998
4273;-20,799999;-18,4
4274;-21,6;-4
4275;-23,200001;-5,6
4276;-36;-9,6
4277;-24;-12,8
4278;-24;-14,4
4279;-24,799999;-14,4
4280;-19,200001;-21,6
4281;-27,200001;-36,799999
4282;-27,200001;-30,4
4283;-28,799999;-8,8
4284;-28;-3,2
4285;-30,4;-8
4286;-31,200001;-12
4287;-31,200001;-13,6
4288;-32;-14,4
4289;-31,200001;-16
4290;-32,799999;-14,4
4291;-37,599998;-30,4
4292;-34,400002;-43,200001
4293;-35,200001;-38,400002
4294;-35,200001;-16
4295;-38,400002;-9,6
4296;-37,599998;-14,4
4297;-38,400002;-18,4
4298;-38,400002;-20,799999
4299;-38,400002;-20,799999
4300;-40,799999;-24
4301;-40,799999;-39,200001
4302;-41,599998;-43,200001
4303;-42,400002;-16
4304;-41,599998;-9,6
4305;-41,599998;-14,4
4306;-44;-18,4
4307;-41,599998;-20
4308;-43,200001;-20,799999
4309;-43,200001;-28
4310;-35,200001;-42,400002
4311;-44;-35,200001
4312;-44,799999;-17,6
4313;-45,599998;-12
4314;-46,400002;-16,799999
4315;-46,400002;-20
4316;-45,599998;-22,4
4317;-49,599998;-23,200001
4318;-48;-28,799999
4319;-48;-43,200001
4320;-48;-42,400002
4321;-37,599998;-20,799999
4322;-48;-11,2
4323;-49,599998;-15,2
4324;-48,799999;-19,200001
4325;-48;-21,6
4326;-50,400002;-22,4
4327;-52;-23,200001
4328;-52;-36,799999
4329;-52;-46,400002
4330;-53,599998;-24,799999
4331;-53,599998;-12
4332;-58,400002;-17,6
4333;-54,400002;-21,6
4334;-55,200001;-27,200001
4335;-55,200001;-44
4336;-52,799999;-47,200001
4337;-56;-26,4
4338;-56;-13,6
4339;-56,799999;-17,6
4340;-57,599998;-21,6
4341;-56,799999;-24
4342;-58,400002;-24,799999
4343;-57,599998;-28
4344;-57,599998;-44
4345;-56,799999;-47,200001
4346;-58,400002;-26,4
4347;-52;-14,4
4348;-57,599998;-16,799999
4349;-58,400002;-21,6
4350;-57,599998;-24
4351;-57,599998;-24,799999
4352;-57,599998;-25,6
4353;-56,799999;-28,799999
4354;-57,599998;-44
4355;-56;-48,799999
4356;-56;-29,6
4357;-56,799999;-14,4
4358;-55,200001;-16,799999
4359;-56,799999;-21,6
4360;-56,799999;-24
4361;-54,400002;-25,6
4362;-53,599998;-38,400002
4363;-53,599998;-48,799999
4364;-54,400002;-27,200001
4365;-54,400002;-13,6
4366;-44,799999;-16,799999
4367;-52,799999;-21,6
4368;-52,799999;-24
4369;-52;-24,799999
4370;-52,799999;-32,799999
4371;-52,799999;-46,400002
4372;-52,799999;-43,200001
4373;-49,599998;-20,799999
4374;-53,599998;-15,2
4375;-52;-18,4
4376;-52,799999;-24
4377;-48;-25,6
4378;-52;-28
4379;-52;-42,400002
4380;-51,200001;-48,799999
4381;-49,599998;-23,200001
4382;-51,200001;-14,4
4383;-50,400002;-19,200001
4384;-50,400002;-23,200001
4385;-48,799999;-25,6
4386;-48;-28
4387;-48;-42,400002
4388;-56;-48,799999
4389;-47,200001;-29,6
4390;-47,200001;-15,2
4391;-47,200001;-16,799999
4392;-43,200001;-21,6
4393;-45,599998;-24,799999
4394;-44,799999;-24,799999
4395;-44,799999;-29,6
4396;-44,799999;-44,799999
4397;-43,200001;-47,200001
4398;-43,200001;-24,799999
4399;-42,400002;-13,6
4400;-41,599998;-16,799999
4401;-41,599998;-21,6
4402;-40;-24,799999
4403;-40,799999;-25,6
4404;-40;-27,200001
4405;-40;-43,200001
4406;-40;-48,799999
4407;-39,200001;-28
4408;-39,200001;-14,4
4409;-38,400002;-16,799999
4410;-37,599998;-21,6
4411;-36,799999;-24
4412;-36,799999;-24,799999
4413;-36;-30,4
4414;-33,599998;-46,400002
4415;-36,799999;-40,799999
4416;-34,400002;-21,6
4417;-34,400002;-16
4418;-31,200001;-20,799999
4419;-32,799999;-24
4420;-32;-24,799999
4421;-32;-26,4
4422;-23,200001;-40
4423;-30,4;-49,599998
4424;-29,6;-35,200001
4425;-29,6;-16,799999
4426;-27,200001;-16,799999
4427;-28;-21,6
4428;-26,4;-24
4429;-20,799999;-25,6
4430;-24,799999;-28,799999
4431;-24,799999;-44
4432;-24;-48
4433;-14,4;-26,4
4434;-23,200001;-16
4435;-21,6;-18,4
4436;-20,799999;-20,799999
4437;-20,799999;-28
4438;-20;-44
4439;-19,200001;-42,400002
4440;-16,799999;-20,799999
4441;-19,200001;-13,6
4442;-16;-17,6
4443;-16,799999;-21,6
4444;0;-23,200001
4445;-15,2;-35,200001
4446;-15,2;-47,200001
4447;-14,4;-34,400002
4448;-8,8;-15,2
4449;-13,6;-14,4
4450;-12,8;-19,200001
4451;-10,4;-21,6
4452;-7,2;-24
4453;-12;-24,799999
4454;-10,4;-24,799999
4455;-10,4;-28
4456;-11,2;-44,799999
4457;-9,6;-42,400002
4458;-8,8;-21,6
4459;-11,2;-12
4460;-8;-16
4461;-8,8;-19,200001
4462;-7,2;-20,799999
4463;-5,6;-22,4
4464;-4,8;-29,6
4465;-4,8;-44
4466;-4,8;-37,599998
4467;-1,6;-13,6
4468;-2,4;-12
4469;-2,4;-17,6
4470;0;-20,799999
4471;-0,8;-21,6
4472;0;-32,799999
4473;1,6;-44,799999
4474;-1,6;-35,200001
4475;3,2;-13,6
4476;4;-12
4477;4;-16,799999
4478;10,4;-15,2
4479;5,6;-29,6
4480;7,2;-40,799999
4481;7,2;-20,799999
4482;6,4;-6,4
4483;8;-10,4
4484;8;-14,4
4485;16;-16,799999
4486;9,6;-18,4
4487;11,2;-29,6
4488;12;-40,799999
4489;8;-28,799999
4490;13,6;-9,6
4491;13,6;-7,2
4492;13,6;-12,8
4493;12;-16
4494;15,2;-16,799999
4495;16;-18,4
4496;16,799999;-19,200001
4497;16,799999;-32,799999
4498;18,4;-40,799999
4499;18,4;-11,2
4500;39,200001;-1,6
4501;18,4;-6,4
4502;19,200001;-10,4
4503;20,799999;-12,8
4504;13,6;-21,6
4505;22,4;-35,200001
4506;23,200001;-28,799999
4507;24,799999;-6,4
4508;28;-1,6
4509;25,6;-6,4
4510;28;-10,4
4511;28;-12
4512;26,4;-13,6
4513;28;-20,799999
4514;28,799999;-35,200001
4515;29,6;-28,799999
4516;29,6;-7,2
4517;29,6;-1,6
4518;29,6;-7,2
4519;30,4;-9,6
4520;30,4;-5,6
4521;32;-21,6
4522;31,200001;-26,4
4523;33,599998;-6,4
4524;32;8
4525;31,200001;4
4526;31,200001;-0,8
4527;31,200001;-4
4528;32,799999;-4
4529;32;-12,8
4530;29,6;-27,200001
4531;32;-18,4
4532;33,599998;5,6
4533;32,799999;5,6
4534;28,799999;0
4535;31,200001;-4
4536;32,799999;-4
4537;32;-5,6
4538;32,799999;-18,4
4539;33,599998;-29,6
4540;32,799999;-12
4541;43,200001;14,4
4542;32,799999;13,6
4543;33,599998;7,2
4544;32,799999;5,6
4545;44;4,8
4546;32;3,2
4547;32,799999;-13,6
4548;33,599998;-20,799999
4549;35,200001;-2,4
4550;32,799999;14,4
4551;33,599998;12,8
4552;33,599998;8
4553;35,200001;5,6
4554;33,599998;4
4555;34,400002;3,2
4556;27,200001;0
4557;35,200001;-16
4558;34,400002;-19,200001
4559;34,400002;2,4
4560;38,400002;14,4
4561;34,400002;13,6
4562;33,599998;15,2
4563;34,400002;12
4564;36;-1,6
4565;32,799999;-12,8
4566;33,599998;0,8
4567;33,599998;20,799999
4568;35,200001;21,6
4569;34,400002;16
4570;33,599998;12,8
4571;28;11,2
4572;34,400002;11,2
4573;32,799999;6,4
4574;33,599998;-9,6
4575;31,200001;-9,6
4576;32,799999;18,4
4577;32,799999;21,6
4578;32,799999;16,799999
4579;34,400002;12,8
4580;32;11,2
4581;32;9,6
4582;32;16,799999
4583;30,4;2,4
4584;32;-7,2
4585;32,799999;6,4
4586;33,599998;26,4
4587;31,200001;28
4588;31,200001;22,4
4589;31,200001;19,200001
4590;34,400002;17,6
4591;30,4;16
4592;31,200001;1,6
4593;31,200001;-8
4594;29,6;10,4
4595;31,200001;28
4596;30,4;27,200001
4597;36;21,6
4598;30,4;19,200001
4599;29,6;17,6
4600;30,4;16
4601;41,599998;14,4
4602;31,200001;-1,6
4603;30,4;0
4604;28,799999;19,200001
4605;32,799999;35,200001
4606;28;33,599998
4607;28;28,799999
4608;27,200001;24,799999
4609;28;23,200001
4610;27,200001;25,6
4611;27,200001;14,4
4612;28;0
4613;27,200001;8
4614;25,6;30,4
4615;25,6;34,400002
4616;30,4;29,6
4617;26,4;26,4
4618;25,6;24,799999
4619;24,799999;23,200001
4620;24;12
4621;25,6;-0,8
4622;24,799999;16,799999
4623;25,6;35,200001
4624;25,6;36,799999
4625;25,6;32
4626;25,6;24
4627;23,200001;6,4
4628;26,4;7,2
4629;26,4;30,4
4630;25,6;39,200001
4631;22,4;34,400002
4632;25,6;30,4
4633;25,6;28,799999
4634;25,6;27,200001
4635;28;20,799999
4636;25,6;4,8
4637;26,4;8
4638;26,4;30,4
4639;25,6;39,200001
4640;26,4;34,400002
4641;26,4;29,6
4642;20,799999;28
4643;26,4;26,4
4644;25,6;27,200001
4645;26,4;24
4646;18,4;8,8
4647;24,799999;8
4648;27,200001;32
4649;25,6;41,599998
4650;24;36,799999
4651;24,799999;32
4652;24,799999;30,4
4653;40;29,6
4654;24,799999;26,4
4655;25,6;10,4
4656;24,799999;5,6
4657;31,200001;27,200001
4658;24,799999;40,799999
4659;25,6;38,400002
4660;23,200001;32,799999
4661;20;30,4
4662;24;28,799999
4663;24;28,799999
4664;24;20,799999
4665;23,200001;7,2
4666;24;12,8
4667;23,200001;35,200001
4668;45,599998;44
4669;22,4;39,200001
4670;22,4;35,200001
4671;22,4;32,799999
4672;16,799999;31,200001
4673;23,200001;30,4
4674;23,200001;17,6
4675;24;6,4
4676;26,4;26,4
4677;23,200001;43,200001
4678;23,200001;40
4679;22,4;35,200001
4680;21,6;32,799999
4681;24;28
4682;22,4;12,8
4683;23,200001;8,8
4684;24;31,200001
4685;23,200001;41,599998
4686;23,200001;40,799999
4687;24;38,400002
4688;24;35,200001
4689;24,799999;21,6
4690;24,799999;9,6
4691;24,799999;24
4692;24,799999;43,200001
4693;24,799999;44,799999
4694;24,799999;38,400002
4695;24;35,200001
4696;24;34,400002
4697;24;33,599998
4698;21,6;23,200001
4699;24;9,6
4700;23,200001;24
4701;24,799999;44
4702;16;42,400002
4703;24,799999;37,599998
4704;24;35,200001
4705;25,6;34,400002
4706;28;24
4707;25,6;15,2
4708;26,4;20
4709;17,6;43,200001
4710;25,6;49,599998
4711;26,4;44,799999
4712;27,200001;40,799999
4713;17,6;39,200001
4714;27,200001;37,599998
4715;26,4;29,6
4716;27,200001;14,4
4717;19,200001;19,200001
4718;25,6;42,400002
4719;26,4;49,599998
4720;25,6;44,799999
4721;26,4;40
4722;26,4;38,400002
4723;25,6;37,599998
4724;44;24
4725;25,6;11,2
4726;24,799999;25,6
4727;24,799999;48
4728;14,4;52
4729;25,6;45,599998
4730;24;40,799999
4731;24;26,4
4732;26,4;15,2
4733;24;37,599998
4734;24;52
4735;22,4;48
4736;21,6;43,200001
4737;23,200001;40
4738;22,4;40
4739;24,799999;28
4740;22,4;15,2
4741;22,4;26,4
4742;20,799999;48
4743;22,4;50,400002
4744;21,6;44,799999
4745;22,4;41,599998
4746;20,799999;40
4747;23,200001;38,400002
4748;21,6;38,400002
4749;20,799999;36
4750;19,200001;19,200001
4751;20,799999;14,4
4752;20,799999;34,400002
4753;22,4;49,599998
4754;18,4;48
4755;21,6;42,400002
4756;20,799999;39,200001
4757;21,6;39,200001
4758;18,4;34,400002
4759;20,799999;17,6
4760;21,6;16,799999
4761;21,6;44,799999
4762;22,4;49,599998
4763;21,6;44
4764;20,799999;40
4765;39,200001;38,400002
4766;20;36
4767;21,6;21,6
4768;20;12
4769;13,6;32
4770;21,6;46,400002
4771;20;44
4772;19,200001;39,200001
4773;12,8;36
4774;20,799999;35,200001
4775;20;28
4776;20,799999;12
4777;20,799999;15,2
4778;20,799999;38,400002
4779;20;46,400002
4780;27,200001;41,599998
4781;20,799999;37,599998
4782;20,799999;34,400002
4783;20;34,400002
4784;8,8;27,200001
4785;20,799999;12,8
4786;20;16,799999
4787;20,799999;44
4788;20,799999;45,599998
4789;20,799999;38,400002
4790;20;36,799999
4791;20,799999;20,799999
4792;19,200001;5,6
4793;20,799999;7,2
4794;20,799999;31,200001
4795;22,4;38,400002
4796;20,799999;33,599998
4797;20;29,6
4798;20,799999;27,200001
4799;21,6;26,4
4800;21,6;17,6
4801;20;3,2
4802;20,799999;11,2
4803;21,6;36
4804;19,200001;36
4805;19,200001;31,200001
4806;20;28
4807;17,6;26,4
4808;18,4;24,799999
4809;18,4;12,8
4810;17,6;-0,8
4811;16,799999;21,6
4812;16,799999;30,4
4813;16,799999;27,200001
4814;8;21,6
4815;15,2;19,200001
4816;14,4;16,799999
4817;16;1,6
4818;16,799999;-7,2
4819;15,2;12
4820;16;30,4
4821;24,799999;28
4822;14,4;23,200001
4823;14,4;20
4824;15,2;18,4
4825;5,6;16,799999
4826;14,4;9,6
4827;14,4;-4,8
4828;13,6;1,6
4829;11,2;24,799999
4830;13,6;29,6
4831;12,8;24
4832;13,6;13,6
4833;14,4;0,8
4834;13,6;-13,6
4835;13,6;-4
4836;24;18,4
4837;12;20,799999
4838;12,8;16
4839;12;12
4840;3,2;11,2
4841;12;8
4842;10,4;-8
4843;9,6;-14,4
4844;7,2;5,6
4845;8,8;20,799999
4846;8,8;18,4
4847;8,8;13,6
4848;8;11,2
4849;8;9,6
4850;7,2;8,8
4851;1,6;5,6
4852;6,4;-10,4
4853;4,8;-23,200001
4854;4;-3,2
4855;4;10,4
4856;4;7,2
4857;3,2;3,2
4858;3,2;0
4859;0;-0,8
4860;2,4;-9,6
4861;1,6;-23,200001
4862;0;-16
4863;0;5,6
4864;0;10,4
4865;0;5,6
4866;3,2;1,6
4867;-1,6;-0,8
4868;-2,4;-0,8
4869;-3,2;-2,4
4870;-3,2;-13,6
4871;-4;-25,6
4872;-5,6;-8
4873;-4;10,4
4874;-4,8;0
4875;-5,6;-5,6
4876;-7,2;-13,6
4877;-4;-29,6
4878;-8,8;-28,799999
4879;-8,8;-7,2
4880;-10,4;2,4
4881;-11,2;-2,4
4882;-9,6;-6,4
4883;-12;-8,8
4884;-11,2;-9,6
4885;-13,6;-10,4
4886;-14,4;-16
4887;-14,4;-30,4
4888;-15,2;-28
4889;-15,2;-6,4
4890;-16;1,6
4891;-18,4;-2,4
4892;-40,799999;-8
4893;-19,200001;-9,6
4894;-20;-9,6
4895;-20,799999;-21,6
4896;-30,4;-36
4897;-21,6;-35,200001
4898;-23,200001;-12
4899;-23,200001;-4
4900;-25,6;-8,8
4901;-25,6;-10,4
4902;-25,6;-13,6
4903;-24;-16
4904;-25,6;-16
4905;-25,6;-20,799999
4906;-26,4;-36
4907;-31,200001;-33,599998
4908;-28,799999;-7,2
4909;-28;-4,8
4910;-28,799999;-9,6
4911;-28;-13,6
4912;-28,799999;-15,2
4913;-31,200001;-16
4914;-29,6;-28
4915;-33,599998;-38,400002
4916;-32,799999;-29,6
4917;-32;-10,4
4918;-33,599998;-9,6
4919;-32,799999;-14,4
4920;-35,200001;-17,6
4921;-36;-18,4
4922;-34,400002;-19,200001
4923;-36,799999;-25,6
4924;-36,799999;-40,799999
4925;-37,599998;-36,799999
4926;-39,200001;-13,6
4927;-39,200001;-8
4928;-40,799999;-12,8
4929;-41,599998;-16
4930;-42,400002;-17,6
4931;-43,200001;-19,200001
4932;-42,400002;-19,200001
4933;-40,799999;-31,200001
4934;-44,799999;-43,200001
4935;-44;-26,4
4936;-46,400002;-6,4
4937;-44,799999;-11,2
4938;-46,400002;-16,799999
4939;-47,200001;-27,200001
4940;-48,799999;-42,400002
4941;-45,599998;-36
4942;-48,799999;-13,6
4943;-50,400002;-9,6
4944;-50,400002;-13,6
4945;-49,599998;-17,6
4946;-50,400002;-19,200001
4947;-51,200001;-20
4948;-74,400002;-20
4949;-51,200001;-28,799999
4950;-52;-42,400002
4951;-53,599998;-36,799999
4952;-47,200001;-14,4
4953;-53,599998;-8,8
4954;-53,599998;-13,6
4955;-53,599998;-17,6
4956;-55,200001;-19,200001
4957;-53,599998;-20,799999
4958;-53,599998;-36,799999
4959;-53,599998;-44,799999
4960;-54,400002;-28,799999
4961;-54,400002;-12
4962;-54,400002;-11,2
4963;-65,599998;-17,6
4964;-55,200001;-19,200001
4965;-56,799999;-20,799999
4966;-56,799999;-21,6
4967;-52,799999;-22,4
4968;-54,400002;-28,799999
4969;-55,200001;-43,200001
4970;-56;-37,599998
4971;-56,799999;-15,2
4972;-56;-10,4
4973;-55,200001;-15,2
4974;-56;-18,4
4975;-56;-20
4976;-56;-20,799999
4977;-55,200001;-28
4978;-49,599998;-43,200001
4979;-54,400002;-40
4980;-55,200001;-18,4
4981;-54,400002;-12
4982;-54,400002;-16
4983;-54,400002;-19,200001
4984;-55,200001;-20,799999
4985;-54,400002;-22,4
4986;-52;-35,200001
4987;-54,400002;-46,400002
4988;-53,599998;-26,4
4989;-50,400002;-11,2
4990;-52,799999;-14,4
4991;-52;-18,4
4992;-52;-21,6
4993;-50,400002;-26,4
4994;-51,200001;-42,400002
4995;-52,799999;-41,599998
4996;-52,799999;-14,4
4997;-45,599998;-12
4998;-51,200001;-16,799999
4999;-50,400002;-24,799999
5000;-50,400002;-40
5001;-50,400002;-49,599998
5002;-49,599998;-28
5003;-49,599998;-14,4
5004;-59,200001;-19,200001
5005;-52;-23,200001
5006;-51,200001;-25,6
5007;-50,400002;-27,200001
5008;-51,200001;-41,599998
5009;-49,599998;-50,400002
5010;-51,200001;-33,599998
5011;-51,200001;-16
5012;-53,599998;-17,6
5013;-49,599998;-21,6
5014;-50,400002;-24,799999
5015;-49,599998;-25,6
5016;-48,799999;-32,799999
5017;-48,799999;-47,200001
5018;-48;-44,799999
5019;-53,599998;-22,4
5020;-48;-16,799999
5021;-47,200001;-22,4
5022;-46,400002;-26,4
5023;-47,200001;-28,799999
5024;-45,599998;-32,799999
5025;-44,799999;-48
5026;-43,200001;-49,599998
5027;-44;-29,6
5028;-42,400002;-18,4
5029;-41,599998;-21,6
5030;-41,599998;-25,6
5031;-41,599998;-28
5032;-40;-29,6
5033;-39,200001;-36,799999
5034;-34,400002;-50,400002
5035;-37,599998;-43,200001
5036;-37,599998;-19,200001
5037;-36;-19,200001
5038;-36,799999;-24
5039;-35,200001;-28,799999
5040;-34,400002;-28
5041;-33,599998;-36
5042;-30,4;-50,400002
5043;-32;-47,200001
5044;-31,200001;-24,799999
5045;-28;-18,4
5046;-31,200001;-21,6
5047;-28,799999;-25,6
5048;-28,799999;-28
5049;-25,6;-28,799999
5050;-27,200001;-36,799999
5051;-28;-51,200001
5052;-26,4;-44,799999
5053;-20,799999;-23,200001
5054;-24,799999;-17,6
5055;-24,799999;-22,4
5056;-24,799999;-25,6
5057;-22,4;-28
5058;-23,200001;-29,6
5059;-23,200001;-44,799999
5060;-40;-52,799999
5061;-21,6;-29,6
5062;-21,6;-16
5063;-21,6;-18,4
5064;-8;-24
5065;-19,200001;-25,6
5066;-18,4;-26,4
5067;-18,4;-32
5068;-16;-47,200001
5069;-16,799999;-45,599998
5070;-16,799999;-19,200001
5071;-16;-16,799999
5072;-16;-21,6
5073;-14,4;-24
5074;-14,4;-26,4
5075;-26,4;-39,200001
5076;-12;-49,599998
5077;-11,2;-36,799999
5078;-10,4;-17,6
5079;-6,4;-16
5080;-10,4;-21,6
5081;-8,8;-24,799999
5082;-8;-24
5083;-10,4;-33,599998
5084;-8;-45,599998
5085;-7,2;-31,200001
5086;-7,2;-11,2
5087;-7,2;-14,4
5088;-5,6;-18,4
5089;-4,8;-21,6
5090;0;-22,4
5091;-1,6;-28,799999
5092;-2,4;-43,200001
5093;-2,4;-40,799999
5094;1,6;-14,4
5095;-1,6;-12
5096;0;-17,6
5097;1,6;-20,799999
5098;3,2;-22,4
5099;1,6;-25,6
5100;2,4;-40
5101;5,6;-44,799999
5102;3,2;-24,799999
5103;6,4;-4
5104;5,6;-8
5105;2,4;-13,6
5106;8,8;-16,799999
5107;9,6;-16,799999
5108;9,6;-29,6
5109;12;-40,799999
5110;11,2;-21,6
5111;12,8;-5,6
5112;14,4;-8,8
5113;15,2;-13,6
5114;14,4;-16
5115;16;-16,799999
5116;-4,8;-29,6
5117;17,6;-40,799999
5118;17,6;-20
5119;17,6;-5,6
5120;28;-8,8
5121;20;-13,6
5122;20;-15,2
5123;20,799999;-16,799999
5124;20,799999;-12
5125;21,6;-28
5126;22,4;-32
5127;23,200001;-12
5128;23,200001;2,4
5129;24;-1,6
5130;24;-5,6
5131;11,2;-8
5132;24,799999;-8,8
5133;25,6;-18,4
5134;26,4;-32
5135;27,200001;-24,799999
5136;25,6;-3,2
5137;26,4;2,4
5138;26,4;-3,2
5139;26,4;-7,2
5140;28;-8,8
5141;28;-9,6
5142;28,799999;-15,2
5143;28;-30,4
5144;29,6;-25,6
5145;29,6;7,2
5146;36;8,8
5147;30,4;2,4
5148;30,4;-0,8
5149;29,6;-1,6
5150;30,4;-7,2
5151;31,200001;-23,200001
5152;32,799999;-22,4
5153;31,200001;0
5154;32,799999;9,6
5155;33,599998;5,6
5156;34,400002;0,8
5157;33,599998;-1,6
5158;33,599998;-2,4
5159;33,599998;-4
5160;33,599998;-17,6
5161;32,799999;-26,4
5162;34,400002;-3,2
5163;32,799999;10,4
5164;33,599998;4,8
5165;28,799999;1,6
5166;33,599998;3,2
5167;35,200001;-14,4
5168;35,200001;-17,6
5169;35,200001;2,4
5170;36;16
5171;35,200001;13,6
5172;32;8
5173;35,200001;5,6
5174;33,599998;4
5175;34,400002;0
5176;28,799999;-16
5177;35,200001;-17,6
5178;34,400002;4,8
5179;36;16
5180;34,400002;12
5181;34,400002;7,2
5182;36;5,6
5183;34,400002;4
5184;35,200001;3,2
5185;35,200001;-11,2
5186;35,200001;-20
5187;39,200001;2,4
5188;35,200001;22,4
5189;34,400002;21,6
5190;35,200001;16,799999
5191;34,400002;13,6
5192;35,200001;12,8
5193;33,599998;11,2
5194;34,400002;0
5195;34,400002;-12
5196;34,400002;0
5197;35,200001;21,6
5198;33,599998;22,4
5199;35,200001;17,6
5200;33,599998;13,6
5201;35,200001;12,8
5202;40;12
5203;32;8,8
5204;32,799999;-8
5205;32,799999;-10,4
5206;32;9,6
5207;29,6;28
5208;29,6;25,6
5209;31,200001;20,799999
5210;31,200001;18,4
5211;30,4;15,2
5212;29,6;-0,8
5213;20,799999;-6,4
5214;27,200001;13,6
5215;28,799999;28
5216;28,799999;25,6
5217;25,6;21,6
5218;28,799999;18,4
5219;28;16,799999
5220;28;16
5221;24;5,6
5222;28;-7,2
5223;27,200001;4
5224;28;25,6
5225;29,6;27,200001
5226;27,200001;22,4
5227;28,799999;18,4
5228;20;23,200001
5229;27,200001;8
5230;28;-2,4
5231;28;12
5232;19,200001;32
5233;26,4;32
5234;28;26,4
5235;28;24
5236;25,6;22,4
5237;27,200001;20
5238;27,200001;4,8
5239;28,799999;-3,2
5240;27,200001;22,4
5241;28;32,799999
5242;27,200001;28,799999
5243;30,4;24,799999
5244;28;22,4
5245;28;22,4
5246;27,200001;16
5247;29,6;0
5248;26,4;0
5249;27,200001;28
5250;26,4;36,799999
5251;26,4;31,200001
5252;27,200001;27,200001
5253;26,4;26,4
5254;25,6;24,799999
5255;24,799999;20,799999
5256;24,799999;6,4
5257;25,6;0
5258;32,799999;20,799999
5259;26,4;36
5260;24,799999;33,599998
5261;24;28
5262;26,4;26,4
5263;24;25,6
5264;24,799999;24
5265;26,4;13,6
5266;26,4;0
5267;24,799999;11,2
5268;24,799999;31,200001
5269;28;36
5270;24,799999;35,200001
5271;24,799999;31,200001
5272;25,6;20
5273;24,799999;5,6
5274;24,799999;12,8
5275;25,6;35,200001
5276;24,799999;39,200001
5277;31,200001;34,400002
5278;24,799999;31,200001
5279;23,200001;28,799999
5280;25,6;28,799999
5281;26,4;24
5282;24,799999;8,8
5283;25,6;5,6
5284;16;27,200001
5285;24;40
5286;24;36
5287;24;32
5288;20,799999;29,6
5289;25,6;27,200001
5290;24;28
5291;24,799999;23,200001
5292;20,799999;9,6
5293;24;12
5294;24;35,200001
5295;23,200001;43,200001
5296;22,4;38,400002
5297;22,4;34,400002
5298;22,4;32
5299;18,4;31,200001
5300;20,799999;22,4
5301;22,4;8
5302;21,6;16
5303;21,6;38,400002
5304;22,4;42,400002
5305;22,4;37,599998
5306;24;33,599998
5307;21,6;32
5308;24;31,200001
5309;24,799999;22,4
5310;24,799999;6,4
5311;25,6;22,4
5312;26,4;48,799999
5313;27,200001;44,799999
5314;29,6;40,799999
5315;26,4;37,599998
5316;26,4;35,200001
5317;27,200001;18,4
5318;26,4;12,8
5319;27,200001;33,599998
5320;26,4;48,799999
5321;26,4;45,599998
5322;28,799999;41,599998
5323;26,4;38,400002
5324;27,200001;35,200001
5325;28,799999;19,200001
5326;25,6;12,8
5327;26,4;40
5328;27,200001;48
5329;28;43,200001
5330;26,4;39,200001
5331;24,799999;36
5332;25,6;36,799999
5333;30,4;28
5334;24,799999;16
5335;25,6;26,4
5336;24,799999;48,799999
5337;24,799999;52
5338;24;46,400002
5339;24,799999;41,599998
5340;7,2;40,799999
5341;23,200001;40
5342;23,200001;32
5343;23,200001;16,799999
5344;34,400002;21,6
5345;24;44,799999
5346;22,4;51,200001
5347;23,200001;46,400002
5348;19,200001;42,400002
5349;24;40,799999
5350;23,200001;38,400002
5351;23,200001;23,200001
5352;24;14,4
5353;23,200001;44,799999
5354;24;53,599998
5355;12,8;48,799999
5356;23,200001;44
5357;23,200001;42,400002
5358;23,200001;29,6
5359;25,6;16,799999
5360;25,6;35,200001
5361;23,200001;53,599998
5362;23,200001;50,400002
5363;20,799999;44,799999
5364;22,4;42,400002
5365;23,200001;41,599998
5366;22,4;34,400002
5367;24;18,4
5368;23,200001;21,6
5369;22,4;45,599998
5370;28;52,799999
5371;23,200001;48
5372;22,4;43,200001
5373;22,4;41,599998
5374;24,799999;39,200001
5375;22,4;23,200001
5376;20,799999;16
5377;22,4;36,799999
5378;23,200001;52
5379;23,200001;49,599998
5380;21,6;44,799999
5381;24,799999;42,400002
5382;20;40,799999
5383;21,6;37,599998
5384;22,4;22,4
5385;20,799999;16
5386;21,6;36,799999
5387;21,6;51,200001
5388;21,6;49,599998
5389;26,4;44
5390;20,799999;41,599998
5391;20,799999;40
5392;20,799999;35,200001
5393;22,4;17,6
5394;22,4;22,4
5395;21,6;44
5396;2,4;45,599998
5397;21,6;40
5398;21,6;36,799999
5399;21,6;36
5400;32,799999;33,599998
5401;20,799999;19,200001
5402;22,4;10,4
5403;21,6;32
5404;21,6;47,200001
5405;20,799999;43,200001
5406;20,799999;37,599998
5407;20;35,200001
5408;20,799999;35,200001
5409;19,200001;31,200001
5410;19,200001;14,4
5411;6,4;11,2
5412;20;32,799999
5413;18,4;46,400002
5414;17,6;42,400002
5415;21,6;39,200001
5416;17,6;23,200001
5417;18,4;6,4
5418;19,200001;1,6
5419;16,799999;24
5420;17,6;36
5421;17,6;33,599998
5422;17,6;28,799999
5423;16,799999;26,4
5424;16,799999;24,799999
5425;16,799999;21,6
5426;22,4;4
5427;17,6;1,6
5428;17,6;24
5429;17,6;34,400002
5430;19,200001;31,200001
5431;16,799999;29,6
5432;17,6;25,6
5433;16,799999;24
5434;18,4;24
5435;16,799999;21,6
5436;18,4;24,799999
5437;16;2,4
5438;17,6;-8
5439;16,799999;3,2
5440;16,799999;25,6
5441;20;26,4
5442;17,6;21,6
5443;16,799999;18,4
5444;16;16
5445;25,6;16
5446;17,6;9,6
5447;16,799999;-7,2
5448;16;-1,6
5449;16;24,799999
5450;15,2;26,4
5451;15,2;20,799999
5452;8,8;17,6
5453;13,6;15,2
5454;13,6;14,4
5455;13,6;0
5456;21,6;-10,4
5457;10,4;16
5458;12;18,4
5459;11,2;14,4
5460;14,4;8,8
5461;12;7,2
5462;10,4;2,4
5463;10,4;-14,4
5464;10,4;-16
5465;10,4;7,2
5466;9,6;18,4
5467;2,4;14,4
5468;8,8;9,6
5469;9,6;7,2
5470;8,8;6,4
5471;12,8;5,6
5472;8;-8
5473;8;-18,4
5474;7,2;-4,8
5475;7,2;16
5476;6,4;16,799999
5477;4,8;11,2
5478;5,6;0
5479;4,8;-14,4
5480;4;-25,6
5481;4;-12,8
5482;-1,6;7,2
5483;4;8
5484;2,4;3,2
5485;1,6;-0,8
5486;3,2;-1,6
5487;-0,8;-3,2
5488;-0,8;-4,8
5489;0;-17,6
5490;-1,6;-27,200001
5491;-2,4;-9,6
5492;-1,6;8
5493;-3,2;7,2
5494;-4;1,6
5495;-4,8;-0,8
5496;-4,8;-1,6
5497;-2,4;-3,2
5498;-6,4;-4
5499;-7,2;-13,6
5500;-8;-28,799999
5501;-1,6;-31,200001
5502;-8,8;-10,4
5503;-9,6;2,4
5504;-8,8;-0,8
5505;-8,8;-5,6
5506;-10,4;-8
5507;-10,4;-9,6
5508;-21,6;-16
5509;-10,4;-30,4
5510;-12;-25,6
5511;-12,8;-0,8
5512;-3,2;1,6
5513;-12,8;-4,8
5514;-14,4;-8
5515;-15,2;-8,8
5516;-16;-10,4
5517;-16;-23,200001
5518;-17,6;-34,400002
5519;-17,6;-16,799999
5520;-16,799999;-2,4
5521;-18,4;-3,2
5522;-19,200001;-8,8
5523;-32;-11,2
5524;-20,799999;-12
5525;-22,4;-24
5526;-21,6;-36
5527;-24;-26,4
5528;-25,6;-5,6
5529;-25,6;-2,4
5530;-25,6;-7,2
5531;-28,799999;-11,2
5532;-28;-12
5533;-28,799999;-12,8
5534;-29,6;-13,6
5535;-31,200001;-18,4
5536;-31,200001;-33,599998
5537;-31,200001;-32,799999
5538;-27,200001;-11,2
5539;-33,599998;-1,6
5540;-34,400002;-4
5541;-35,200001;-12
5542;-33,599998;-27,200001
5543;-36,799999;-38,400002
5544;-36,799999;-15,2
5545;-36,799999;-3,2
5546;-36,799999;-8,8
5547;-38,400002;-12
5548;-40;-13,6
5549;-36;-15,2
5550;-40;-17,6
5551;-39,200001;-33,599998
5552;-40,799999;-38,400002
5553;-38,400002;-17,6
5554;-41,599998;-3,2
5555;-42,400002;-6,4
5556;-42,400002;-10,4
5557;-44,799999;-13,6
5558;-44;-15,2
5559;-44;-16
5560;-44;-26,4
5561;-44;-37,599998
5562;-44,799999;-32
5563;-45,599998;-10,4
5564;-68,800003;-8
5565;-47,200001;-12,8
5566;-47,200001;-17,6
5567;-48;-18,4
5568;-40,799999;-20,799999
5569;-47,200001;-37,599998
5570;-49,599998;-40
5571;-49,599998;-18,4
5572;-52;-7,2
5573;-49,599998;-10,4
5574;-50,400002;-14,4
5575;-52;-17,6
5576;-50,400002;-18,4
5577;-51,200001;-24
5578;-50,400002;-39,200001
5579;-64;-36
5580;-52,799999;-9,6
5581;-53,599998;-9,6
5582;-52,799999;-11,2
5583;-52,799999;-23,200001
5584;-52,799999;-40
5585;-52,799999;-39,200001
5586;-53,599998;-17,6
5587;-53,599998;-9,6
5588;-54,400002;-13,6
5589;-54,400002;-17,6
5590;-56;-20
5591;-56;-20
5592;-55,200001;-26,4
5593;-55,200001;-41,599998
5594;-48,799999;-38,400002
5595;-54,400002;-12,8
5596;-54,400002;-11,2
5597;-55,200001;-16
5598;-53,599998;-19,200001
5599;-54,400002;-20
5600;-53,599998;-26,4
5601;-54,400002;-41,599998
5602;-52;-40,799999
5603;-54,400002;-20
5604;-54,400002;-13,6
5605;-52,799999;-16,799999
5606;-55,200001;-20,799999
5607;-55,200001;-25,6
5608;-56,799999;-24
5609;-54,400002;-30,4
5610;-55,200001;-44,799999
5611;-56;-43,200001
5612;-56;-20
5613;-48,799999;-12,8
5614;-55,200001;-16,799999
5615;-56;-21,6
5616;-55,200001;-23,200001
5617;-54,400002;-24
5618;-56;-36,799999
5619;-54,400002;-47,200001
5620;-72;-28
5621;-55,200001;-12,8
5622;-55,200001;-16
5623;-54,400002;-20,799999
5624;-45,599998;-27,200001
5625;-52,799999;-40
5626;-54,400002;-51,200001
5627;-52,799999;-41,599998
5628;-56;-20
5629;-52,799999;-17,6
5630;-52,799999;-23,200001
5631;-52,799999;-26,4
5632;-51,200001;-28
5633;-50,400002;-29,6
5634;-51,200001;-44,799999
5635;-64;-51,200001
5636;-49,599998;-32,799999
5637;-49,599998;-17,6
5638;-48,799999;-20,799999
5639;-45,599998;-24,799999
5640;-48;-26,4
5641;-48;-29,6
5642;-46,400002;-44,799999
5643;-48,799999;-51,200001
5644;-47,200001;-24,799999
5645;-44,799999;-18,4
5646;-45,599998;-23,200001
5647;-45,599998;-28,799999
5648;-44,799999;-29,6
5649;-44;-36
5650;-42,400002;-51,200001
5651;-43,200001;-46,400002
5652;-42,400002;-21,6
5653;-43,200001;-20,799999
5654;-40;-25,6
5655;-41,599998;-28
5656;-40,799999;-29,6
5657;-39,200001;-32
5658;-40;-47,200001
5659;-38,400002;-53,599998
5660;-40;-28,799999
5661;-36,799999;-18,4
5662;-37,599998;-23,200001
5663;-36,799999;-27,200001
5664;-36,799999;-30,4
5665;-33,599998;-29,6
5666;-34,400002;-38,400002
5667;-33,599998;-51,200001
5668;-32,799999;-47,200001
5669;-26,4;-24
5670;-32;-18,4
5671;-31,200001;-23,200001
5672;-30,4;-27,200001
5673;-28,799999;-28,799999
5674;-28;-29,6
5675;-27,200001;-40
5676;-20;-52
5677;-26,4;-41,599998
5678;-25,6;-21,6
5679;-25,6;-19,200001
5680;-20;-23,200001
5681;-24,799999;-27,200001
5682;-24;-28,799999
5683;-22,4;-29,6
5684;-26,4;-42,400002
5685;-22,4;-53,599998
5686;-21,6;-36
5687;-20;-15,2
5688;-20,799999;-16
5689;-19,200001;-20,799999
5690;-19,200001;-24
5691;1,6;-25,6
5692;-18,4;-26,4
5693;-17,6;-39,200001
5694;-16,799999;-49,599998
5695;-14,4;-29,6
5696;-16;-14,4
5697;-16;-17,6
5698;-14,4;-21,6
5699;-11,2;-24
5700;-13,6;-25,6
5701;-14,4;-37,599998
5702;-12,8;-48,799999
5703;-12;-35,200001
5704;-9,6;-16
5705;-9,6;-15,2
5706;-10,4;-20,799999
5707;-7,2;-20,799999
5708;-5,6;-28
5709;-5,6;-42,400002
5710;-4,8;-35,200001
5711;-3,2;-12
5712;-2,4;-12
5713;-1,6;-16,799999
5714;0;-20
5715;0;-20,799999
5716;-0,8;-28
5717;1,6;-43,200001
5718;0,8;-39,200001
5719;2,4;-18,4
5720;1,6;-10,4
5721;-0,8;-14,4
5722;4,8;-17,6
5723;4;-20,799999
5724;5,6;-22,4
5725;3,2;-24,799999
5726;6,4;-40
5727;7,2;-44
5728;8,8;-16
5729;8,8;-4
5730;8,8;-8
5731;8,8;-12
5732;13,6;-14,4
5733;10,4;-15,2
5734;12;-16,799999
5735;12;-30,4
5736;20,799999;-39,200001
5737;13,6;-22,4
5738;13,6;-5,6
5739;13,6;-5,6
5740;14,4;-11,2
5741;16;-13,6
5742;16;-15,2
5743;16,799999;-16
5744;16,799999;-16
5745;17,6;-22,4
5746;18,4;-36,799999
5747;32,799999;-32,799999
5748;20;-11,2
5749;20,799999;4,8
5750;21,6;-0,8
5751;20;-5,6
5752;22,4;-7,2
5753;24;-8,8
5754;24;-23,200001
5755;27,200001;-31,200001
5756;25,6;-7,2
5757;25,6;4,8
5758;26,4;0,8
5759;26,4;-4,8
5760;28;-5,6
5761;26,4;-11,2
5762;24;-26,4
5763;27,200001;-28
5764;27,200001;-6,4
5765;29,6;4,8
5766;26,4;1,6
5767;30,4;-4
5768;30,4;-7,2
5769;31,200001;-6,4
5770;32,799999;-6,4
5771;31,200001;-20,799999
5772;31,200001;-23,200001
5773;31,200001;-1,6
5774;30,4;10,4
5775;32;6,4
5776;32,799999;2,4
5777;28;0
5778;33,599998;-1,6
5779;32,799999;-4
5780;32;-18,4
5781;27,200001;-25,6
5782;34,400002;0
5783;33,599998;12
5784;34,400002;6,4
5785;34,400002;1,6
5786;35,200001;-0,8
5787;34,400002;-2,4
5788;49,599998;-9,6
5789;33,599998;-24,799999
5790;34,400002;-16
5791;35,200001;12
5792;44,799999;16,799999
5793;35,200001;11,2
5794;36;8
5795;34,400002;6,4
5796;36,799999;5,6
5797;36;-4,8
5798;36;-17,6
5799;36;-9,6
5800;37,599998;13,6
5801;36,799999;16,799999
5802;36;12
5803;32,799999;8
5804;35,200001;6,4
5805;34,400002;5,6
5806;35,200001;-2,4
5807;36,799999;-17,6
5808;34,400002;-9,6
5809;32,799999;15,2
5810;33,599998;14,4
5811;36;12
5812;33,599998;8
5813;33,599998;-8,8
5814;32,799999;-9,6
5815;31,200001;13,6
5816;32,799999;23,200001
5817;32;18,4
5818;29,6;14,4
5819;31,200001;12
5820;32;10,4
5821;32;2,4
5822;31,200001;-12
5823;32;-4,8
5824;32,799999;17,6
5825;31,200001;22,4
5826;32,799999;16,799999
5827;32;13,6
5828;31,200001;11,2
5829;30,4;10,4
5830;29,6;9,6
5831;31,200001;6,4
5832;30,4;-8
5833;27,200001;-8
5834;30,4;12,8
5835;30,4;26,4
5836;31,200001;24,799999
5837;33,599998;19,200001
5838;30,4;17,6
5839;31,200001;16
5840;29,6;6,4
5841;31,200001;-7,2
5842;30,4;0,8
5843;29,6;23,200001
5844;41,599998;27,200001
5845;28,799999;21,6
5846;29,6;17,6
5847;28;16,799999
5848;30,4;15,2
5849;28,799999;6,4
5850;28,799999;-8
5851;28,799999;0,8
5852;27,200001;22,4
5853;27,200001;33,599998
5854;28,799999;27,200001
5855;26,4;23,200001
5856;28;20,799999
5857;27,200001;19,200001
5858;26,4;5,6
5859;41,599998;-4
5860;26,4;20,799999
5861;26,4;32,799999
5862;25,6;28,799999
5863;28;24
5864;26,4;21,6
5865;25,6;20,799999
5866;25,6;16
5867;27,200001;-0,8
5868;26,4;0
5869;25,6;28
5870;25,6;32
5871;26,4;26,4
5872;25,6;23,200001
5873;26,4;20,799999
5874;20,799999;22,4
5875;25,6;6,4
5876;24,799999;1,6
5877;24;23,200001
5878;27,200001;36,799999
5879;25,6;33,599998
5880;24,799999;28,799999
5881;24,799999;27,200001
5882;28;25,6
5883;24,799999;20
5884;24,799999;5,6
5885;24,799999;2,4
5886;24,799999;25,6
5887;24,799999;36,799999
5888;25,6;33,599998
5889;25,6;28,799999
5890;24,799999;26,4
5891;24;24,799999
5892;24,799999;24,799999
5893;19,200001;12,8
5894;24;0,8
5895;24;16,799999
5896;24;37,599998
5897;25,6;38,400002
5898;24;32
5899;24,799999;29,6
5900;12,8;28,799999
5901;23,200001;27,200001
5902;24;12,8
5903;24,799999;3,2
5904;27,200001;20,799999
5905;25,6;38,400002
5906;25,6;37,599998
5907;24,799999;32
5908;16,799999;29,6
5909;24,799999;28,799999
5910;25,6;28
5911;25,6;18,4
5912;27,200001;4
5913;24,799999;15,2
5914;26,4;37,599998
5915;37,599998;37,599998
5916;25,6;40
5917;25,6;36,799999
5918;24,799999;24
5919;12;11,2
5920;24;26,4
5921;24,799999;47,200001
5922;24,799999;44
5923;25,6;39,200001
5924;24;36
5925;24;34,400002
5926;23,200001;21,6
5927;23,200001;9,6
5928;23,200001;24
5929;23,200001;44
5930;27,200001;45,599998
5931;24;40
5932;24;36,799999
5933;24;35,200001
5934;24,799999;22,4
5935;23,200001;8,8
5936;22,4;24,799999
5937;24;51,200001
5938;24,799999;51,200001
5939;24;44,799999
5940;23,200001;41,599998
5941;23,200001;40,799999
5942;24;38,400002
5943;24;24
5944;24;14,4
5945;20,799999;40
5946;25,6;52
5947;24,799999;48
5948;24;43,200001
5949;15,2;40,799999
5950;24;37,599998
5951;25,6;21,6
5952;24,799999;16
5953;26,4;44
5954;25,6;51,200001
5955;24,799999;46,400002
5956;36,799999;40,799999
5957;25,6;42,400002
5958;25,6;33,599998
5959;24,799999;17,6
5960;16,799999;26,4
5961;25,6;48,799999
5962;25,6;53,599998
5963;25,6;49,599998
5964;16,799999;45,599998
5965;25,6;43,200001
5966;26,4;42,400002
5967;26,4;36
5968;26,4;20,799999
5969;25,6;21,6
5970;24,799999;44,799999
5971;40;52,799999
5972;24,799999;50,400002
5973;24;44,799999
5974;24,799999;43,200001
5975;26,4;41,599998
5976;24,799999;27,200001
5977;24,799999;16
5978;24,799999;36
5979;28;52,799999
5980;24;51,200001
5981;23,200001;46,400002
5982;24;43,200001
5983;23,200001;42,400002
5984;24,799999;36
5985;23,200001;20,799999
5986;28;20,799999
5987;24,799999;44
5988;23,200001;52,799999
5989;24;49,599998
5990;24,799999;44,799999
5991;24;42,400002
5992;23,200001;40
5993;23,200001;25,6
5994;24,799999;17,6
5995;22,4;41,599998
5996;23,200001;52,799999
5997;23,200001;48,799999
5998;24;44
5999;23,200001;39,200001
6000;23,200001;24
6001;24;13,6
6002;23,200001;31,200001
6003;21,6;49,599998
6004;21,6;48,799999
6005;13,6;43,200001
6006;20,799999;40
6007;20,799999;39,200001
6008;21,6;38,400002
6009;20;29,6
6010;21,6;15,2
6011;20;21,6
6012;38,400002;44,799999
6013;18,4;49,599998
6014;20,799999;44,799999
6015;19,200001;40
6016;10,4;39,200001
6017;20;38,400002
6018;19,200001;36,799999
6019;18,4;21,6
6020;10,4;8
6021;19,200001;26,4
6022;19,200001;43,200001
6023;19,200001;41,599998
6024;19,200001;37,599998
6025;18,4;33,599998
6026;18,4;32
6027;33,599998;28
6028;20;12
6029;20;11,2
6030;19,200001;32,799999
6031;7,2;44
6032;20;40,799999
6033;19,200001;36
6034;19,200001;32,799999
6035;20;32
6036;20;28
6037;21,6;11,2
6038;20;11,2
6039;19,200001;32,799999
6040;20;44,799999
6041;20;32,799999
6042;24;28
6043;20;16
6044;20;0,8
6045;20;9,6
6046;19,200001;32
6047;19,200001;36
6048;19,200001;29,6
6049;20;26,4
6050;20;24,799999
6051;18,4;24
6052;17,6;12
6053;18,4;-0,8
6054;19,200001;15,2
6055;18,4;34,400002
6056;18,4;32
6057;18,4;28
6058;16;25,6
6059;17,6;23,200001
6060;16;22,4
6061;10,4;24
6062;16;0
6063;16;-12
6064;15,2;2,4
6065;16;24
6066;16;21,6
6067;14,4;16
6068;8;13,6
6069;15,2;9,6
6070;16,799999;-4,8
6071;16;-12,8
6072;6,4;7,2
6073;12;24
6074;14,4;21,6
6075;13,6;16
6076;6,4;12
6077;14,4;11,2
6078;13,6;7,2
6079;13,6;-8,8
6080;13,6;-9,6
6081;13,6;12
6082;12,8;24,799999
6083;33,599998;12,8
6084;12;8,8
6085;12;5,6
6086;11,2;4,8
6087;-1,6;-5,6
6088;11,2;-18,4
6089;9,6;-10,4
6090;8,8;11,2
6091;8;16
6092;9,6;11,2
6093;8,8;7,2
6094;8;4,8
6095;7,2;4,8
6096;7,2;-0,8
6097;6,4;-16,799999
6098;9,6;-16
6099;4,8;6,4
6100;4;16,799999
6101;4;12
6102;5,6;7,2
6103;3,2;0
6104;4;-14,4
6105;3,2;-26,4
6106;4,8;-13,6
6107;3,2;7,2
6108;4;8
6109;3,2;2,4
6110;1,6;-0,8
6111;1,6;-2,4
6112;0,8;-5,6
6113;6,4;-20,799999
6114;2,4;-24
6115;0,8;3,2
6116;-1,6;8,8
6117;-9,6;4
6118;-1,6;-0,8
6119;-3,2;-2,4
6120;-2,4;-3,2
6121;-1,6;-12
6122;-4;-25,6
6123;-4;-17,6
6124;-11,2;0
6125;-7,2;4
6126;-7,2;-1,6
6127;-8;-5,6
6128;-17,6;-8
6129;-9,6;-8,8
6130;-10,4;-16
6131;-11,2;-30,4
6132;-20,799999;-24
6133;-11,2;-4
6134;-12;3,2
6135;-13,6;0
6136;-14,4;-5,6
6137;-14,4;-6,4
6138;-16,799999;-8
6139;0;-13,6
6140;-17,6;-29,6
6141;-16,799999;-24,799999
6142;-20,799999;0,8
6143;-32;2,4
6144;-21,6;-2,4
6145;-20;-10,4
6146;-23,200001;-27,200001
6147;-20;-33,599998
6148;-23,200001;-15,2
6149;-23,200001;0
6150;-24;-1,6
6151;-24;-6,4
6152;-25,6;-9,6
6153;-26,4;-10,4
6154;-28;-11,2
6155;-27,200001;-23,200001
6156;-28;-34,400002
6157;-27,200001;-21,6
6158;-27,200001;-1,6
6159;-29,6;-0,8
6160;-29,6;-5,6
6161;-30,4;-9,6
6162;-29,6;-10,4
6163;-32;-11,2
6164;-33,599998;-19,200001
6165;-33,599998;-32,799999
6166;-35,200001;-30,4
6167;-33,599998;-8
6168;-32,799999;-3,2
6169;-33,599998;-7,2
6170;-36;-11,2
6171;-36,799999;-12
6172;-36,799999;-14,4
6173;-42,400002;-15,2
6174;-39,200001;-16
6175;-40;-30,4
6176;-39,200001;-37,599998
6177;-37,599998;-13,6
6178;-40,799999;-2,4
6179;-40,799999;-6,4
6180;-53,599998;-11,2
6181;-42,400002;-13,6
6182;-42,400002;-14,4
6183;-43,200001;-17,6
6184;-39,200001;-32,799999
6185;-43,200001;-36,799999
6186;-45,599998;-12,8
6187;-45,599998;-5,6
6188;-52;-10,4
6189;-46,400002;-15,2
6190;-45,599998;-16
6191;-45,599998;-20,799999
6192;-47,200001;-38,400002
6193;-48;-36,799999
6194;-48;-11,2
6195;-32;-8
6196;-49,599998;-12
6197;-48,799999;-16
6198;-49,599998;-16,799999
6199;-61,599998;-19,200001
6200;-50,400002;-32
6201;-50,400002;-41,599998
6202;-51,200001;-25,6
6203;-48,799999;-8
6204;-52,799999;-8
6205;-53,599998;-12,8
6206;-54,400002;-16,799999
6207;-53,599998;-15,2
6208;-54,400002;-33,599998
6209;-55,200001;-45,599998
6210;-56;-36
6211;-54,400002;-15,2
6212;-57,599998;-12
6213;-56;-16,799999
6214;-56;-20
6215;-55,200001;-21,6
6216;-57,599998;-22,4
6217;-56;-23,200001
6218;-56;-37,599998
6219;-57,599998;-46,400002
6220;-58,400002;-24
6221;-57,599998;-11,2
6222;-58,400002;-15,2
6223;-58,400002;-20
6224;-58,400002;-20,799999
6225;-60,799999;-21,6
6226;-57,599998;-28,799999
6227;-56,799999;-44,799999
6228;-56,799999;-43,200001
6229;-64,800003;-28
6230;-56,799999;-27,200001
6231;-56;-31,200001
6232;-55,200001;-28,799999
6233;-55,200001;-20
6234;-55,200001;-20,799999
6235;-55,200001;-24
6236;-39,200001;-26,4
6237;-56;-27,200001
6238;-54,400002;-27,200001
6239;-53,599998;-28,799999
6240;-62,400002;-44
6241;-55,200001;-50,400002
6242;-54,400002;-24,799999
6243;-53,599998;-16,799999
6244;-61,599998;-20
6245;-52,799999;-24,799999
6246;-54,400002;-26,4
6247;-53,599998;-26,4
6248;-54,400002;-35,200001
6249;-53,599998;-52
6250;-53,599998;-45,599998
6251;-57,599998;-24,799999
6252;-53,599998;-19,200001
6253;-53,599998;-24
6254;-52,799999;-28
6255;-57,599998;-29,6
6256;-53,599998;-30,4
6257;-52,799999;-40,799999
6258;-52,799999;-52,799999
6259;-52;-42,400002
6260;-52;-22,4
6261;-51,200001;-19,200001
6262;-51,200001;-24,799999
6263;-52,799999;-28
6264;-50,400002;-29,6
6265;-49,599998;-29,6
6266;-45,599998;-36,799999
6267;-48;-51,200001
6268;-48,799999;-47,200001
6269;-48;-24
6270;-45,599998;-19,200001
6271;-46,400002;-24
6272;-46,400002;-28,799999
6273;-44,799999;-30,4
6274;-44;-31,200001
6275;-44,799999;-40,799999
6276;-43,200001;-53,599998
6277;-43,200001;-40
6278;-44;-20
6279;-42,400002;-21,6
6280;-40;-26,4
6281;-36,799999;-29,6
6282;-40;-30,4
6283;-39,200001;-32
6284;-38,400002;-45,599998
6285;-41,599998;-54,400002
6286;-37,599998;-38,400002
6287;-37,599998;-19,200001
6288;-36;-20,799999
6289;-35,200001;-27,200001
6290;-34,400002;-28
6291;-33,599998;-34,400002
6292;-20;-49,599998
6293;-32,799999;-50,400002
6294;-32;-28
6295;-30,4;-19,200001
6296;-34,400002;-22,4
6297;-28,799999;-27,200001
6298;-28,799999;-28,799999
6299;-28;-30,4
6300;-32,799999;-41,599998
6301;-28;-53,599998
6302;-26,4;-40,799999
6303;-24,799999;-21,6
6304;-22,4;-19,200001
6305;-24;-24,799999
6306;-22,4;-28
6307;-35,200001;-28,799999
6308;-22,4;-32,799999
6309;-20,799999;-46,400002
6310;-18,4;-52,799999
6311;-20;-32
6312;-16,799999;-14,4
6313;-16,799999;-16,799999
6314;-17,6;-22,4
6315;-19,200001;-24
6316;-16;-24,799999
6317;-14,4;-25,6
6318;-14,4;-36,799999
6319;-13,6;-48
6320;-13,6;-36,799999
6321;-11,2;-16
6322;-24;-15,2
6323;-9,6;-20
6324;-11,2;-23,200001
6325;-10,4;-24,799999
6326;-8;-25,6
6327;-8,8;-38,400002
6328;-8;-48,799999
6329;-7,2;-32
6330;-9,6;-14,4
6331;-6,4;-16,799999
6332;-7,2;-18,4
6333;-6,4;-20,799999
6334;-6,4;-36,799999
6335;-5,6;-37,599998
6336;-4,8;-11,2
6337;4;-8
6338;-4,8;-13,6
6339;-2,4;-16,799999
6340;-1,6;-18,4
6341;1,6;-23,200001
6342;0,8;-39,200001
6343;-0,8;-38,400002
6344;2,4;-16,799999
6345;2,4;-7,2
6346;1,6;-10,4
6347;2,4;-16
6348;8;-17,6
6349;4,8;-19,200001
6350;5,6;-19,200001
6351;5,6;-28,799999
6352;5,6;-42,400002
6353;8,8;-24
6354;9,6;-5,6
6355;11,2;-4
6356;11,2;-8,8
6357;12;-12
6358;13,6;-14,4
6359;12,8;-13,6
6360;15,2;-21,6
6361;14,4;-35,200001
6362;14,4;-29,6
6363;22,4;-8
6364;15,2;-1,6
6365;16,799999;-7,2
6366;17,6;-11,2
6367;14,4;-12,8
6368;19,200001;-13,6
6369;20,799999;-22,4
6370;20;-36
6371;17,6;-27,200001
6372;21,6;-6,4
6373;22,4;-3,2
6374;22,4;0
6375;22,4;-4
6376;23,200001;-10,4
6377;23,200001;-26,4
6378;24;-24,799999
6379;24,799999;1,6
6380;26,4;4
6381;27,200001;-1,6
6382;27,200001;-4,8
6383;26,4;-6,4
6384;27,200001;-8
6385;28;-21,6
6386;27,200001;-31,200001
6387;29,6;-15,2
6388;28;4
6389;28,799999;3,2
6390;30,4;-2,4
6391;30,4;-4,8
6392;31,200001;-6,4
6393;38,400002;-7,2
6394;32;-7,2
6395;32,799999;-6,4
6396;32;-20,799999
6397;27,200001;-20
6398;32,799999;2,4
6399;34,400002;12
6400;34,400002;8
6401;35,200001;3,2
6402;34,400002;1,6
6403;33,599998;0
6404;32;-7,2
6405;32,799999;-21,6
6406;33,599998;-16,799999
6407;32,799999;5,6
6408;32;11,2
6409;32,799999;7,2
6410;32,799999;3,2
6411;32,799999;0,8
6412;33,599998;0
6413;32,799999;-1,6
6414;34,400002;-17,6
6415;32,799999;-21,6
6416;34,400002;1,6
6417;32,799999;15,2
6418;32;12
6419;18,4;8
6420;32,799999;5,6
6421;34,400002;4,8
6422;32,799999;3,2
6423;25,6;-11,2
6424;34,400002;-20
6425;32,799999;-2,4
6426;33,599998;16
6427;35,200001;13,6
6428;32,799999;8,8
6429;33,599998;5,6
6430;32,799999;4,8
6431;33,599998;4
6432;33,599998;-8
6433;32,799999;-20
6434;37,599998;-2,4
6435;33,599998;15,2
6436;33,599998;13,6
6437;34,400002;12,8
6438;32,799999;8,8
6439;35,200001;-8
6440;34,400002;-16
6441;33,599998;4
6442;32;20
6443;33,599998;18,4
6444;32,799999;12,8
6445;32,799999;9,6
6446;32,799999;8,8
6447;33,599998;7,2
6448;33,599998;-5,6
6449;39,200001;-16,799999
6450;32,799999;-1,6
6451;32,799999;18,4
6452;31,200001;17,6
6453;33,599998;13,6
6454;29,6;10,4
6455;31,200001;8,8
6456;31,200001;8,8
6457;31,200001;8,8
6458;30,4;0,8
6459;29,6;-9,6
6460;31,200001;3,2
6461;28,799999;24
6462;29,6;25,6
6463;29,6;20,799999
6464;26,4;16,799999
6465;30,4;15,2
6466;29,6;13,6
6467;28,799999;0
6468;30,4;-9,6
6469;28,799999;13,6
6470;28;27,200001
6471;28,799999;22,4
6472;29,6;18,4
6473;28;16
6474;29,6;14,4
6475;8;4,8
6476;27,200001;-9,6
6477;28,799999;-1,6
6478;28,799999;28
6479;34,400002;30,4
6480;28,799999;25,6
6481;27,200001;21,6
6482;28;20
6483;26,4;18,4
6484;27,200001;3,2
6485;27,200001;-6,4
6486;26,4;11,2
6487;27,200001;32
6488;26,4;28
6489;26,4;24
6490;13,6;20,799999
6491;26,4;20
6492;24,799999;18,4
6493;27,200001;14,4
6494;28;-2,4
6495;25,6;-0,8
6496;25,6;26,4
6497;25,6;29,6
6498;22,4;24,799999
6499;25,6;28
6500;24,799999;12
6501;24;0,8
6502;26,4;16
6503;25,6;35,200001
6504;24,799999;36
6505;31,200001;29,6
6506;26,4;27,200001
6507;27,200001;25,6
6508;26,4;24,799999
6509;28;15,2
6510;27,200001;1,6
6511;28;12
6512;27,200001;36
6513;27,200001;34,400002
6514;28;29,6
6515;26,4;26,4
6516;26,4;24,799999
6517;26,4;20
6518;26,4;2,4
6519;26,4;6,4
6520;28,799999;40
6521;26,4;43,200001
6522;25,6;36,799999
6523;26,4;32,799999
6524;34,400002;32
6525;25,6;30,4
6526;26,4;24
6527;26,4;9,6
6528;26,4;12
6529;25,6;35,200001
6530;24,799999;43,200001
6531;17,6;39,200001
6532;24,799999;34,400002
6533;23,200001;32
6534;24;30,4
6535;19,200001;16
6536;24;6,4
6537;23,200001;24
6538;24;42,400002
6539;21,6;40
6540;24;36,799999
6541;23,200001;36,799999
6542;22,4;20
6543;22,4;15,2
6544;21,6;41,599998
6545;23,200001;48,799999
6546;8,8;43,200001
6547;22,4;40
6548;21,6;37,599998
6549;22,4;36,799999
6550;24,799999;23,200001
6551;22,4;12
6552;23,200001;24,799999
6553;23,200001;45,599998
6554;19,200001;47,200001
6555;23,200001;41,599998
6556;23,200001;38,400002
6557;24,799999;36,799999
6558;24;33,599998
6559;24;18,4
6560;25,6;11,2
6561;32;40
6562;25,6;53,599998
6563;23,200001;48,799999
6564;25,6;43,200001
6565;25,6;41,599998
6566;24,799999;38,400002
6567;26,4;22,4
6568;25,6;17,6
6569;27,200001;39,200001
6570;25,6;52,799999
6571;26,4;49,599998
6572;16;44,799999
6573;25,6;42,400002
6574;26,4;41,599998
6575;25,6;34,400002
6576;26,4;18,4
6577;24,799999;23,200001
6578;25,6;49,599998
6579;27,200001;52
6580;28;46,400002
6581;26,4;41,599998
6582;25,6;41,599998
6583;26,4;32
6584;28;19,200001
6585;26,4;29,6
6586;26,4;52
6587;3,2;54,400002
6588;25,6;48,799999
6589;25,6;45,599998
6590;24,799999;44
6591;30,4;42,400002
6592;26,4;30,4
6593;26,4;18,4
6594;24,799999;35,200001
6595;23,200001;55,200001
6596;25,6;52
6597;25,6;47,200001
6598;26,4;44
6599;27,200001;32,799999
6600;25,6;20
6601;26,4;33,599998
6602;10,4;52,799999
6603;26,4;52,799999
6604;24,799999;47,200001
6605;24;40,799999
6606;26,4;22,4
6607;24,799999;18,4
6608;23,200001;40,799999
6609;24;54,400002
6610;21,6;50,400002
6611;21,6;45,599998
6612;21,6;43,200001
6613;22,4;41,599998
6614;20,799999;30,4
6615;21,6;16,799999
6616;20,799999;28,799999
6617;28;49,599998
6618;20;52
6619;20,799999;47,200001
6620;21,6;44
6621;20,799999;41,599998
6622;20,799999;40
6623;20;40
6624;20;34,400002
6625;22,4;18,4
6626;20;12,8
6627;20,799999;32,799999
6628;15,2;48
6629;20;46,400002
6630;20;41,599998
6631;20,799999;38,400002
6632;18,4;37,599998
6633;20,799999;34,400002
6634;20;17,6
6635;21,6;13,6
6636;14,4;41,599998
6637;21,6;48
6638;20,799999;43,200001
6639;20,799999;39,200001
6640;20,799999;37,599998
6641;21,6;28,799999
6642;21,6;13,6
6643;29,6;16,799999
6644;22,4;41,599998
6645;20,799999;44
6646;20;38,400002
6647;14,4;33,599998
6648;20,799999;31,200001
6649;20,799999;30,4
6650;20;22,4
6651;16,799999;8
6652;20;15,2
6653;20;40
6654;19,200001;40,799999
6655;20;36
6656;20;32
6657;20;30,4
6658;16,799999;20
6659;19,200001;6,4
6660;19,200001;20
6661;19,200001;42,400002
6662;18,4;40,799999
6663;18,4;32
6664;18,4;30,4
6665;19,200001;31,200001
6666;16;13,6
6667;18,4;-0,8
6668;18,4;1,6
6669;18,4;24,799999
6670;19,200001;32,799999
6671;19,200001;28,799999
6672;17,6;24
6673;20;22,4
6674;17,6;20,799999
6675;17,6;16,799999
6676;19,200001;0,8
6677;19,200001;-2,4
6678;19,200001;19,200001
6679;19,200001;32,799999
6680;17,6;28,799999
6681;20;24
6682;17,6;21,6
6683;16,799999;20,799999
6684;20,799999;15,2
6685;16;-2,4
6686;16;3,2
6687;16;15,2
6688;17,6;22,4
6689;17,6;17,6
6690;15,2;13,6
6691;15,2;12
6692;21,6;8
6693;15,2;-8,8
6694;15,2;-9,6
6695;14,4;17,6
6696;15,2;22,4
6697;13,6;16,799999
6698;14,4;13,6
6699;-7,2;11,2
6700;12,8;10,4
6701;13,6;0
6702;13,6;-12
6703;17,6;-3,2
6704;15,2;18,4
6705;13,6;22,4
6706;13,6;16
6707;9,6;15,2
6708;12;-2,4
6709;13,6;-16
6710;13,6;-9,6
6711;12,8;12,8
6712;12;17,6
6713;12;12,8
6714;7,2;8,8
6715;12;5,6
6716;10,4;5,6
6717;10,4;5,6
6718;12,8;-9,6
6719;9,6;-18,4
6720;8,8;-2,4
6721;8,8;16
6722;7,2;16
6723;7,2;10,4
6724;7,2;7,2
6725;7,2;6,4
6726;4,8;4,8
6727;4,8;-11,2
6728;4,8;-23,200001
6729;1,6;-6,4
6730;5,6;10,4
6731;2,4;8,8
6732;2,4;4
6733;2,4;1,6
6734;0;0
6735;0,8;-2,4
6736;-0,8;-16,799999
6737;0;-24
6738;-1,6;-5,6
6739;-1,6;11,2
6740;-3,2;9,6
6741;-4;4,8
6742;-3,2;1,6
6743;-4;0
6744;-5,6;0
6745;-4;-14,4
6746;-6,4;-24
6747;-7,2;-4,8
6748;-0,8;12
6749;-8;4
6750;-8;-1,6
6751;-8;-10,4
6752;-7,2;-25,6
6753;-9,6;-24
6754;-10,4;-1,6
6755;-32;6,4
6756;-12;2,4
6757;-12;-2,4
6758;-12,8;-4,8
6759;-8,8;-5,6
6760;-12;-8
6761;-13,6;-22,4
6762;-14,4;-28,799999
6763;-17,6;-9,6
6764;-16;6,4
6765;-16,799999;3,2
6766;-17,6;-1,6
6767;-17,6;-4
6768;-19,200001;-5,6
6769;-19,200001;-6,4
6770;-32,799999;-16
6771;-20,799999;-30,4
6772;-20,799999;-32,799999
6773;-22,4;-10,4
6774;-18,4;0,8
6775;-22,4;-2,4
6776;-24;-8
6777;-24;-10,4
6778;-26,4;-9,6
6779;-26,4;-11,2
6780;-27,200001;-20,799999
6781;-27,200001;-33,599998
6782;-27,200001;-22,4
6783;-29,6;-0,8
6784;-28;-1,6
6785;-27,200001;-6,4
6786;-29,6;-9,6
6787;-31,200001;-11,2
6788;-32,799999;-11,2
6789;-32;-18,4
6790;-32;-32,799999
6791;-34,400002;-33,599998
6792;-32,799999;-10,4
6793;-33,599998;-4
6794;-34,400002;-8,8
6795;-35,200001;-12,8
6796;-36,799999;-13,6
6797;-36;-15,2
6798;-36,799999;-26,4
6799;-36;-38,400002
6800;-36,799999;-23,200001
6801;-37,599998;-4
6802;-39,200001;-5,6
6803;-40,799999;-12
6804;-34,400002;-13,6
6805;-42,400002;-15,2
6806;-44;-21,6
6807;-44;-36,799999
6808;-44;-32,799999
6809;-44,799999;-10,4
6810;-46,400002;-4,8
6811;-44,799999;-7,2
6812;-47,200001;-18,4
6813;-48;-21,6
6814;-48;-36,799999
6815;-47,200001;-44,799999
6816;-50,400002;-20
6817;-50,400002;-10,4
6818;-50,400002;-14,4
6819;-49,599998;-18,4
6820;-52;-20,799999
6821;-51,200001;-21,6
6822;-52,799999;-22,4
6823;-52,799999;-30,4
6824;-52,799999;-44
6825;-53,599998;-35,200001
6826;-60,799999;-11,2
6827;-53,599998;-11,2
6828;-54,400002;-16,799999
6829;-53,599998;-20
6830;-50,400002;-20
6831;-55,200001;-26,4
6832;-54,400002;-39,200001
6833;-55,200001;-46,400002
6834;-56,799999;-25,6
6835;-55,200001;-13,6
6836;-55,200001;-16,799999
6837;-56;-21,6
6838;-55,200001;-24,799999
6839;-56;-24
6840;-55,200001;-25,6
6841;-57,599998;-37,599998
6842;-55,200001;-48,799999
6843;-56;-36
6844;-56,799999;-16
6845;-56,799999;-14,4
6846;-56,799999;-20
6847;-55,200001;-23,200001
6848;-57,599998;-24,799999
6849;-56;-24,799999
6850;-58,400002;-28
6851;-56,799999;-44
6852;-56;-47,200001
6853;-58,400002;-28
6854;-57,599998;-18,4
6855;-57,599998;-21,6
6856;-55,200001;-26,4
6857;-57,599998;-28
6858;-57,599998;-28,799999
6859;-57,599998;-36
6860;-49,599998;-50,400002
6861;-56,799999;-44
6862;-56;-19,200001
6863;-56;-18,4
6864;-56,799999;-24
6865;-56;-27,200001
6866;-55,200001;-28,799999
6867;-52;-36,799999
6868;-56,799999;-50,400002
6869;-56;-42,400002
6870;-55,200001;-18,4
6871;-44,799999;-19,200001
6872;-56;-24
6873;-55,200001;-27,200001
6874;-54,400002;-31,200001
6875;-52,799999;-46,400002
6876;-54,400002;-55,200001
6877;-53,599998;-39,200001
6878;-54,400002;-20,799999
6879;-53,599998;-21,6
6880;-53,599998;-26,4
6881;-52,799999;-28,799999
6882;-49,599998;-31,200001
6883;-53,599998;-31,200001
6884;-52;-43,200001
6885;-52;-54,400002
6886;-48;-37,599998
6887;-51,200001;-19,200001
6888;-49,599998;-22,4
6889;-50,400002;-28
6890;-48,799999;-29,6
6891;-48,799999;-30,4
6892;-48;-37,599998
6893;-48,799999;-52,799999
6894;-48;-48,799999
6895;-48;-28
6896;-45,599998;-22,4
6897;-51,200001;-28
6898;-45,599998;-30,4
6899;-44,799999;-32,799999
6900;-45,599998;-33,599998
6901;-45,599998;-44,799999
6902;-42,400002;-56,799999
6903;-41,599998;-40
6904;-40,799999;-22,4
6905;-39,200001;-24,799999
6906;-39,200001;-29,6
6907;-37,599998;-32
6908;-37,599998;-32,799999
6909;-37,599998;-43,200001
6910;-35,200001;-55,200001
6911;-34,400002;-47,200001
6912;-31,200001;-25,6
6913;-32;-22,4
6914;-32;-27,200001
6915;-31,200001;-29,6
6916;-22,4;-32
6917;-30,4;-47,200001
6918;-29,6;-50,400002
6919;-28;-29,6
6920;-27,200001;-18,4
6921;-28;-21,6
6922;-26,4;-25,6
6923;-38,400002;-28
6924;-24,799999;-29,6
6925;-24,799999;-41,599998
6926;-23,200001;-52,799999
6927;-12;-39,200001
6928;-24,799999;-20
6929;-22,4;-19,200001
6930;-22,4;-24
6931;-19,200001;-28
6932;-20,799999;-28
6933;-20;-36,799999
6934;-20;-51,200001
6935;-20,799999;-41,599998
6936;-18,4;-16,799999
6937;-18,4;-14,4
6938;-16,799999;-20
6939;-17,6;-23,200001
6940;-17,6;-24,799999
6941;-16,799999;-38,400002
6942;-11,2;-48
6943;-14,4;-31,200001
6944;-15,2;-13,6
6945;-13,6;-14,4
6946;-12;-19,200001
6947;-13,6;-21,6
6948;-12,8;-23,200001
6949;-12,8;-28
6950;-11,2;-43,200001
6951;-10,4;-42,400002
6952;-9,6;-15,2
6953;-12;-12,8
6954;-7,2;-19,200001
6955;-7,2;-22,4
6956;-6,4;-23,200001
6957;-3,2;-22,4
6958;-4;-30,4
6959;-4;-40,799999
6960;-3,2;-28,799999
6961;-2,4;-8,8
6962;-1,6;-7,2
6963;-1,6;-12
6964;-0,8;-15,2
6965;0,8;-16,799999
6966;1,6;-17,6
6967;2,4;-26,4
6968;5,6;-39,200001
6969;4,8;-32,799999
6970;4,8;-11,2
6971;4,8;-5,6
6972;14,4;-11,2
6973;6,4;-15,2
6974;7,2;-16
6975;8;-17,6
6976;8,8;-21,6
6977;8,8;-37,599998
6978;10,4;-28
6979;-2,4;-8
6980;11,2;0
6981;12;-4,8
6982;13,6;-8
6983;22,4;-9,6
6984;16;-12
6985;16;-26,4
6986;16;-34,400002
6987;12,8;-15,2
6988;16,799999;0
6989;17,6;-1,6
6990;17,6;-6,4
6991;20;-9,6
6992;20;-10,4
6993;20,799999;-11,2
6994;8,8;-14,4
6995;21,6;-29,6
6996;22,4;-32
6997;23,200001;-10,4
6998;28;0
6999;24;3,2
7000;25,6;-3,2
7001;25,6;-8
7002;27,200001;-24,799999
7003;26,4;-27,200001
7004;24,799999;0
7005;25,6;4,8
7006;26,4;0
7007;26,4;-4
7008;25,6;-6,4
7009;21,6;-8
7010;28;-23,200001
7011;27,200001;-29,6
7012;27,200001;-11,2
7013;25,6;4,8
7014;28,799999;4
7015;28,799999;-3,2
7016;28,799999;-5,6
7017;30,4;-6,4
7018;28,799999;-8
7019;30,4;-7,2
7020;30,4;-8
7021;29,6;-23,200001
7022;29,6;-24
7023;29,6;-2,4
7024;30,4;9,6
7025;31,200001;6,4
7026;30,4;0,8
7027;31,200001;-1,6
7028;40;-3,2
7029;32;-8
7030;33,599998;-23,200001
7031;32,799999;-22,4
7032;32,799999;0
7033;33,599998;8,8
7034;33,599998;4,8
7035;33,599998;0,8
7036;33,599998;-1,6
7037;32,799999;-2,4
7038;33,599998;-7,2
7039;47,200001;-24
7040;36;-19,200001
7041;32,799999;12,8
7042;34,400002;14,4
7043;37,599998;8
7044;34,400002;4,8
7045;34,400002;4
7046;35,200001;-0,8
7047;35,200001;-16
7048;35,200001;-18,4
7049;34,400002;2,4
7050;30,4;15,2
7051;33,599998;11,2
7052;33,599998;7,2
7053;34,400002;4,8
7054;38,400002;4
7055;33,599998;0,8
7056;33,599998;-13,6
7057;34,400002;-20,799999
7058;29,6;5,6
7059;32,799999;15,2
7060;32;10,4
7061;32,799999;8
7062;32;4
7063;32;-12,8
7064;32;-10,4
7065;28,799999;12,8
7066;32;20
7067;30,4;15,2
7068;32,799999;12
7069;29,6;10,4
7070;32;6,4
7071;31,200001;-8,8
7072;32;-15,2
7073;32,799999;11,2
7074;31,200001;20,799999
7075;31,200001;16
7076;32;11,2
7077;30,4;9,6
7078;31,200001;8,8
7079;31,200001;7,2
7080;26,4;-9,6
7081;30,4;-16,799999
7082;29,6;4,8
7083;29,6;24,799999
7084;28;22,4
7085;30,4;17,6
7086;28,799999;14,4
7087;29,6;12,8
7088;28,799999;12
7089;28,799999;-4
7090;28,799999;-11,2
7091;44,799999;8,8
7092;28;24,799999
7093;28;21,6
7094;28;17,6
7095;40,799999;14,4
7096;28;13,6
7097;27,200001;12
7098;26,4;12,8
7099;29,6;2,4
7100;26,4;-10,4
7101;27,200001;-2,4
7102;27,200001;19,200001
7103;28;32,799999
7104;28;27,200001
7105;28;22,4
7106;28,799999;20,799999
7107;28;20
7108;28;8
7109;28,799999;-4
7110;33,599998;16
7111;27,200001;32
7112;28;29,6
7113;28;23,200001
7114;30,4;21,6
7115;28;20,799999
7116;28;12,8
7117;28;-2,4
7118;27,200001;1,6
7119;28;25,6
7120;28;32
7121;22,4;27,200001
7122;28;23,200001
7123;27,200001;20,799999
7124;28;27,200001
7125;25,6;11,2
7126;27,200001;4,8
7127;26,4;24
7128;26,4;39,200001
7129;25,6;37,599998
7130;25,6;33,599998
7131;25,6;30,4
7132;25,6;26,4
7133;24;25,6
7134;24;11,2
7135;25,6;4,8
7136;22,4;24,799999
7137;24;39,200001
7138;24;36,799999
7139;24;32
7140;25,6;29,6
7141;24;28,799999
7142;24;24,799999
7143;24;8,8
7144;24;6,4
7145;24;40,799999
7146;24,799999;45,599998
7147;32,799999;40
7148;24;36
7149;24;34,400002
7150;24,799999;33,599998
7151;32;24
7152;23,200001;10,4
7153;24,799999;17,6
7154;24;40,799999
7155;24,799999;45,599998
7156;24,799999;40
7157;24,799999;36
7158;25,6;34,400002
7159;24,799999;33,599998
7160;25,6;24
7161;24,799999;10,4
7162;28;20
7163;24,799999;40,799999
7164;24;43,200001
7165;24;40,799999
7166;29,6;38,400002
7167;23,200001;20,799999
7168;24;17,6
7169;24;40
7170;27,200001;51,200001
7171;24;47,200001
7172;24;42,400002
7173;24;40
7174;23,200001;39,200001
7175;24;36
7176;23,200001;20
7177;18,4;16
7178;24;44
7179;23,200001;50,400002
7180;23,200001;44,799999
7181;23,200001;41,599998
7182;25,6;40
7183;24;36
7184;25,6;20
7185;26,4;13,6
7186;25,6;36,799999
7187;25,6;54,400002
7188;24,799999;52
7189;25,6;46,400002
7190;25,6;42,400002
7191;26,4;42,400002
7192;21,6;40
7193;28;24,799999
7194;26,4;18,4
7195;26,4;38,400002
7196;26,4;53,599998
7197;25,6;51,200001
7198;27,200001;46,400002
7199;26,4;42,400002
7200;27,200001;43,200001
7201;27,200001;39,200001
7202;26,4;22,4
7203;30,4;18,4
7204;24,799999;40,799999
7205;26,4;53,599998
7206;25,6;49,599998
7207;24;46,400002
7208;24,799999;40,799999
7209;24;24
7210;24;22,4
7211;20;50,400002
7212;23,200001;54,400002
7213;24;49,599998
7214;23,200001;44,799999
7215;24;44
7216;24;40
7217;24,799999;23,200001
7218;45,599998;19,200001
7219;22,4;40,799999
7220;23,200001;53,599998
7221;24,799999;51,200001
7222;12,8;46,400002
7223;21,6;44
7224;23,200001;42,400002
7225;23,200001;35,200001
7226;26,4;20
7227;24;25,6
7228;24;52,799999
7229;22,4;50,400002
7230;22,4;44,799999
7231;24;41,599998
7232;23,200001;40
7233;25,6;26,4
7234;23,200001;15,2
7235;22,4;29,6
7236;23,200001;49,599998
7237;24;50,400002
7238;23,200001;45,599998
7239;22,4;42,400002
7240;22,4;40,799999
7241;24;36,799999
7242;23,200001;20,799999
7243;22,4;16,799999
7244;22,4;37,599998
7245;22,4;50,400002
7246;22,4;48
7247;20,799999;43,200001
7248;20,799999;40
7249;20,799999;36
7250;20,799999;19,200001
7251;21,6;11,2
7252;12,8;34,400002
7253;20,799999;47,200001
7254;20;43,200001
7255;20,799999;39,200001
7256;20,799999;36,799999
7257;20,799999;35,200001
7258;20,799999;28
7259;9,6;12,8
7260;19,200001;16
7261;20;39,200001
7262;20,799999;47,200001
7263;11,2;42,400002
7264;20;38,400002
7265;20,799999;36
7266;19,200001;34,400002
7267;16;28,799999
7268;20;12
7269;20;16
7270;19,200001;36,799999
7271;20;39,200001
7272;19,200001;32,799999
7273;20;29,6
7274;28;28
7275;20;20,799999
7276;19,200001;5,6
7277;20;8,8
7278;11,2;32,799999
7279;20;39,200001
7280;20;35,200001
7281;19,200001;30,4
7282;17,6;28
7283;20;28
7284;19,200001;16,799999
7285;19,200001;3,2
7286;20;13,6
7287;17,6;35,200001
7288;17,6;38,400002
7289;21,6;32,799999
7290;18,4;30,4
7291;17,6;17,6
7292;17,6;0,8
7293;17,6;0
7294;16,799999;28
7295;18,4;32
7296;17,6;26,4
7297;15,2;23,200001
7298;17,6;21,6
7299;16,799999;19,200001
7300;16,799999;4
7301;16;-4,8
7302;18,4;19,200001
7303;16,799999;32,799999
7304;20,799999;28
7305;17,6;24
7306;18,4;21,6
7307;19,200001;15,2
7308;16;0
7309;17,6;0
7310;17,6;21,6
7311;18,4;33,599998
7312;20,799999;23,200001
7313;18,4;17,6
7314;16,799999;8
7315;13,6;-8
7316;16;-2,4
7317;16,799999;20,799999
7318;17,6;25,6
7319;16;20,799999
7320;17,6;16,799999
7321;16,799999;15,2
7322;16,799999;13,6
7323;16;-1,6
7324;16;-11,2
7325;15,2;13,6
7326;15,2;26,4
7327;15,2;21,6
7328;14,4;16,799999
7329;13,6;15,2
7330;-6,4;13,6
7331;12;6,4
7332;12,8;-7,2
7333;11,2;-11,2
7334;8;12
7335;12;20,799999
7336;11,2;16,799999
7337;9,6;12
7338;9,6;9,6
7339;8;8,8
7340;10,4;4
7341;8;-12
7342;8,8;-13,6
7343;7,2;8,8
7344;6,4;20
7345;11,2;16,799999
7346;6,4;12
7347;7,2;9,6
7348;6,4;8,8
7349;4;2,4
7350;4,8;-13,6
7351;4;-10,4
7352;4,8;12
7353;2,4;13,6
7354;4;8
7355;4;4
7356;2,4;1,6
7357;3,2;0
7358;3,2;-14,4
7359;2,4;-23,200001
7360;8,8;0
7361;0,8;12
7362;0;8
7363;-1,6;4
7364;0;1,6
7365;-2,4;0,8
7366;-1,6;0,8
7367;-1,6;-13,6
7368;-0,8;-23,200001
7369;-4;-10,4
7370;-3,2;9,6
7371;-4,8;12
7372;-5,6;6,4
7373;-5,6;2,4
7374;-6,4;-5,6
7375;-8,8;-20
7376;-7,2;-29,6
7377;-8;-14,4
7378;-8,8;4
7379;-10,4;4,8
7380;-9,6;-0,8
7381;-10,4;-4
7382;-11,2;-5,6
7383;-10,4;-6,4
7384;-12,8;-12
7385;-13,6;-27,200001
7386;-30,4;-26,4
7387;-15,2;-4
7388;-16;5,6
7389;-15,2;1,6
7390;-20,799999;-3,2
7391;-17,6;-4,8
7392;-17,6;-6,4
7393;-18,4;-7,2
7394;-21,6;-6,4
7395;-19,200001;-16,799999
7396;-20;-31,200001
7397;-20,799999;-32,799999
7398;-21,6;-9,6
7399;-20,799999;0,8
7400;-22,4;-4
7401;-22,4;-8
7402;-24,799999;-9,6
7403;-26,4;-11,2
7404;-26,4;-13,6
7405;-28;-28
7406;-29,6;-34,400002
7407;-30,4;-14,4
7408;-28,799999;-0,8
7409;-29,6;-2,4
7410;-32;-7,2
7411;-32,799999;-9,6
7412;-33,599998;-10,4
7413;-34,400002;-12
7414;-33,599998;-24,799999
7415;-36;-33,599998
7416;-29,6;-24,799999
7417;-37,599998;-8
7418;-38,400002;-8,8
7419;-38,400002;-13,6
7420;-36,799999;-16
7421;-39,200001;-16
7422;-39,200001;-17,6
7423;-40,799999;-29,6
7424;-40,799999;-40,799999
7425;-40,799999;-29,6
7426;-42,400002;-8,8
7427;-40;-7,2
7428;-44;-12
7429;-44;-15,2
7430;-44,799999;-16
7431;-42,400002;-16,799999
7432;-44;-23,200001
7433;-44,799999;-37,599998
7434;-45,599998;-35,200001
7435;-41,599998;-14,4
7436;-47,200001;-4,8
7437;-48;-15,2
7438;-47,200001;-19,200001
7439;-48;-32,799999
7440;-48,799999;-44,799999
7441;-48,799999;-31,200001
7442;-72,800003;-12
7443;-50,400002;-12
7444;-50,400002;-17,6
7445;-50,400002;-20
7446;-48;-20,799999
7447;-52;-21,6
7448;-52;-23,200001
7449;-53,599998;-26,4
7450;-54,400002;-41,599998
7451;-53,599998;-43,200001
7452;-54,400002;-20,799999
7453;-53,599998;-10,4
7454;-53,599998;-14,4
7455;-56;-19,200001
7456;-56,799999;-21,6
7457;-70,400002;-20,799999
7458;-57,599998;-39,200001
7459;-56,799999;-49,599998
7460;-58,400002;-38,400002
7461;-55,200001;-18,4
7462;-59,200001;-16,799999
7463;-59,200001;-21,6
7464;-58,400002;-24,799999
7465;-60,799999;-25,6
7466;-57,599998;-27,200001
7467;-58,400002;-36,799999
7468;-58,400002;-49,599998
7469;-59,200001;-36
7470;-58,400002;-16,799999
7471;-58,400002;-18,4
7472;-53,599998;-22,4
7473;-57,599998;-24,799999
7474;-57,599998;-26,4
7475;-58,400002;-27,200001
7476;-60;-35,200001
7477;-58,400002;-49,599998
7478;-57,599998;-44
7479;-59,200001;-29,6
7480;-56;-30,4
7481;-57,599998;-34,400002
7482;-56,799999;-32
7483;-55,200001;-31,200001
7484;-57,599998;-33,599998
7485;-56,799999;-32,799999
7486;-56;-32,799999
7487;-52;-27,200001
7488;-55,200001;-22,4
7489;-56,799999;-24,799999
7490;-55,200001;-27,200001
7491;-48;-28
7492;-56,799999;-29,6
7493;-56;-30,4
7494;-56;-29,6
7495;-55,200001;-30,4
7496;-56,799999;-41,599998
7497;-56;-52,799999
7498;-69,599998;-33,599998
7499;-55,200001;-17,6
7500;-55,200001;-23,200001
7501;-55,200001;-28,799999
7502;-43,200001;-30,4
7503;-52;-31,200001
7504;-52,799999;-38,400002
7505;-52;-52,799999
7506;-49,599998;-44
7507;-51,200001;-21,6
7508;-49,599998;-21,6
7509;-49,599998;-26,4
7510;-48,799999;-29,6
7511;-48;-30,4
7512;-48;-36,799999
7513;-60,799999;-52
7514;-46,400002;-47,200001
7515;-46,400002;-21,6
7516;-45,599998;-21,6
7517;-42,400002;-25,6
7518;-44,799999;-29,6
7519;-44;-29,6
7520;-44;-33,599998
7521;-43,200001;-48
7522;-43,200001;-51,200001
7523;-43,200001;-29,6
7524;-41,599998;-18,4
7525;-41,599998;-21,6
7526;-40,799999;-25,6
7527;-40,799999;-28,799999
7528;-38,400002;-29,6
7529;-39,200001;-32,799999
7530;-38,400002;-48,799999
7531;-38,400002;-50,400002
7532;-36,799999;-28,799999
7533;-36,799999;-17,6
7534;-36;-21,6
7535;-36;-25,6
7536;-35,200001;-28
7537;-34,400002;-29,6
7538;-33,599998;-40,799999
7539;-34,400002;-53,599998
7540;-33,599998;-31,200001
7541;-32;-15,2
7542;-29,6;-18,4
7543;-32,799999;-22,4
7544;-29,6;-24,799999
7545;-28,799999;-29,6
7546;-28,799999;-44
7547;-27,200001;-48
7548;-26,4;-26,4
7549;-25,6;-14,4
7550;-24,799999;-17,6
7551;-22,4;-21,6
7552;-24;-24,799999
7553;-22,4;-25,6
7554;-43,200001;-26,4
7555;-20,799999;-40
7556;-19,200001;-48,799999
7557;-19,200001;-29,6
7558;-7,2;-14,4
7559;-18,4;-17,6
7560;-16,799999;-23,200001
7561;-16,799999;-23,200001
7562;-16;-26,4
7563;-16;-40,799999
7564;-15,2;-41,599998
7565;-14,4;-19,200001
7566;-12,8;-9,6
7567;-12,8;-13,6
7568;-12;-18,4
7569;-16;-20
7570;-10,4;-21,6
7571;-10,4;-35,200001
7572;-10,4;-44,799999
7573;-4,8;-28,799999
7574;-8;-11,2
7575;-8,8;-11,2
7576;-8;-16
7577;-4,8;-19,200001
7578;-6,4;-20
7579;-6,4;-21,6
7580;-7,2;-21,6
7581;-4;-36,799999
7582;-4;-44
7583;-2,4;-23,200001
7584;-3,2;-5,6
7585;-0,8;-7,2
7586;-0,8;-11,2
7587;0,8;-14,4
7588;-0,8;-16
7589;1,6;-16,799999
7590;1,6;-28,799999
7591;2,4;-39,200001
7592;3,2;-20,799999
7593;4,8;-4,8
7594;4,8;-7,2
7595;6,4;-12
7596;5,6;-14,4
7597;7,2;-20
7598;8,8;-34,400002
7599;12;-35,200001
7600;11,2;-8,8
7601;10,4;-4
7602;11,2;-10,4
7603;19,200001;-9,6
7604;11,2;-20,799999
7605;11,2;-34,400002
7606;12;-24,799999
7607;12,8;-1,6
7608;14,4;-2,4
7609;13,6;-8
7610;-0,8;-11,2
7611;13,6;-12
7612;15,2;-15,2
7613;15,2;-30,4
7614;26,4;-36
7615;17,6;-16
7616;16,799999;-0,8
7617;17,6;-4
7618;15,2;-8
7619;18,4;-10,4
7620;19,200001;-12,8
7621;20,799999;-12,8
7622;20;-21,6
7623;20,799999;-36
7624;20,799999;-20,799999
7625;9,6;-8
7626;22,4;-9,6
7627;25,6;-12,8
7628;24;-12,8
7629;29,6;-6,4
7630;25,6;-1,6
7631;25,6;-4
7632;26,4;-6,4
7633;25,6;-8,8
7634;28;-9,6
7635;28,799999;-9,6
7636;28;-15,2
7637;28,799999;-29,6
7638;29,6;-24
7639;30,4;0,8
7640;27,200001;0,8
7641;31,200001;-4,8
7642;30,4;-7,2
7643;31,200001;-8,8
7644;29,6;-8,8
7645;32;-8,8
7646;30,4;-24
7647;32;-28
7648;32;-7,2
7649;32,799999;6,4
7650;32,799999;3,2
7651;32,799999;-1,6
7652;32;-3,2
7653;32;-5,6
7654;32,799999;-6,4
7655;32,799999;-12,8
7656;32,799999;-26,4
7657;31,200001;-22,4
7658;32,799999;-1,6
7659;37,599998;5,6
7660;32,799999;3,2
7661;33,599998;-2,4
7662;33,599998;-4
7663;32,799999;-5,6
7664;32,799999;-9,6
7665;32,799999;-24
7666;39,200001;-23,200001
7667;32,799999;-2,4
7668;32,799999;11,2
7669;33,599998;8,8
7670;44;3,2
7671;32,799999;0,8
7672;33,599998;-0,8
7673;33,599998;-14,4
7674;36,799999;-24
7675;32,799999;-8,8
7676;32,799999;9,6
7677;32,799999;9,6
7678;33,599998;4
7679;33,599998;2,4
7680;32,799999;0
7681;40;-1,6
7682;33,599998;-1,6
7683;32,799999;-9,6
7684;32,799999;-23,200001
7685;34,400002;-16,799999
7686;32;7,2
7687;33,599998;17,6
7688;32;12
7689;32,799999;8
7690;32;6,4
7691;32,799999;5,6
7692;31,200001;-1,6
7693;31,200001;-16,799999
7694;31,200001;-12
7695;32;10,4
7696;26,4;16,799999
7697;32;12,8
7698;29,6;8,8
7699;30,4;7,2
7700;28,799999;5,6
7701;31,200001;5,6
7702;31,200001;-4
7703;31,200001;-17,6
7704;32,799999;-9,6
7705;30,4;12,8
7706;32;15,2
7707;32;13,6
7708;30,4;12,8
7709;31,200001;-4,8
7710;31,200001;-7,2
7711;26,4;12
7712;32;15,2
7713;31,200001;12
7714;31,200001;12
7715;26,4;22,4
7716;29,6;20
7717;30,4;16,799999
7718;30,4;15,2
7719;30,4;12,8
7720;30,4;13,6
7721;30,4;13,6
7722;33,599998;12,8
7723;29,6;4
7724;29,6;-10,4
7725;29,6;-1,6
7726;31,200001;20
7727;28,799999;23,200001
7728;28;29,6
7729;28,799999;23,200001
7730;26,4;5,6
7731;28,799999;0,8
7732;27,200001;28
7733;26,4;33,599998
7734;27,200001;28
7735;26,4;24
7736;24,799999;23,200001
7737;38,400002;22,4
7738;26,4;21,6
7739;26,4;8
7740;25,6;-2,4
7741;28,799999;17,6
7742;25,6;33,599998
7743;24,799999;30,4
7744;24,799999;25,6
7745;27,200001;24
7746;25,6;22,4
7747;26,4;12,8
7748;24,799999;-2,4
7749;25,6;17,6
7750;24,799999;30,4
7751;24,799999;28
7752;20;25,6
7753;25,6;25,6
7754;26,4;32,799999
7755;25,6;36,799999
7756;25,6;33,599998
7757;25,6;31,200001
7758;25,6;28,799999
7759;26,4;29,6
7760;27,200001;28,799999
7761;26,4;28
7762;24,799999;21,6
7763;24,799999;6,4
7764;24,799999;14,4
7765;25,6;38,400002
7766;26,4;39,200001
7767;21,6;33,599998
7768;24,799999;30,4
7769;26,4;29,6
7770;24,799999;35,200001
7771;21,6;18,4
7772;24,799999;12,8
7773;24,799999;39,200001
7774;25,6;48,799999
7775;24;43,200001
7776;24,799999;40
7777;24,799999;37,599998
7778;37,599998;36
7779;24,799999;35,200001
7780;24,799999;23,200001
7781;24;11,2
7782;29,6;25,6
7783;23,200001;45,599998
7784;24;47,200001
7785;25,6;42,400002
7786;24;38,400002
7787;24;36,799999
7788;25,6;36
7789;24;32
7790;24;16
7791;24;19,200001
7792;24;40,799999
7793;24;53,599998
7794;23,200001;50,400002
7795;24;45,599998
7796;24;43,200001
7797;24,799999;41,599998
7798;23,200001;34,400002
7799;24;19,200001
7800;24;23,200001
7801;27,200001;47,200001
7802;23,200001;53,599998
7803;24,799999;48,799999
7804;23,200001;44,799999
7805;24;42,400002
7806;24;40,799999
7807;24;40
7808;18,4;26,4
7809;24,799999;16
7810;24;32
7811;24,799999;52,799999
7812;22,4;52
7813;23,200001;46,400002
7814;24;43,200001
7815;24,799999;41,599998
7816;25,6;35,200001
7817;24;19,200001
7818;24;22,4
7819;24,799999;45,599998
7820;24;52,799999
7821;25,6;48
7822;24,799999;44
7823;25,6;42,400002
7824;24;40
7825;24,799999;24,799999
7826;25,6;16
7827;27,200001;35,200001
7828;25,6;52
7829;26,4;50,400002
7830;26,4;45,599998
7831;25,6;41,599998
7832;25,6;40,799999
7833;25,6;28
7834;40,799999;16,799999
7835;24,799999;28
7836;24,799999;46,400002
7837;24;50,400002
7838;16;44,799999
7839;26,4;41,599998
7840;24,799999;40
7841;24,799999;39,200001
7842;16,799999;32
7843;25,6;16,799999
7844;25,6;20
7845;24,799999;43,200001
7846;25,6;51,200001
7847;25,6;46,400002
7848;24,799999;41,599998
7849;29,6;40
7850;24;37,599998
7851;22,4;21,6
7852;23,200001;14,4
7853;12,8;37,599998
7854;24;49,599998
7855;23,200001;46,400002
7856;22,4;41,599998
7857;19,200001;39,200001
7858;22,4;37,599998
7859;21,6;34,400002
7860;22,4;18,4
7861;20,799999;16
7862;20;44
7863;23,200001;48,799999
7864;25,6;44
7865;22,4;40
7866;20,799999;38,400002
7867;21,6;36
7868;20,799999;20,799999
7869;21,6;12,8
7870;21,6;32
7871;21,6;48,799999
7872;20,799999;47,200001
7873;20;41,599998
7874;21,6;36
7875;20,799999;22,4
7876;20;9,6
7877;20,799999;24
7878;21,6;43,200001
7879;28;43,200001
7880;20;39,200001
7881;20,799999;36
7882;20,799999;33,599998
7883;18,4;32,799999
7884;19,200001;20,799999
7885;19,200001;8,8
7886;20,799999;23,200001
7887;21,6;43,200001
7888;20;43,200001
7889;17,6;39,200001
7890;12,8;35,200001
7891;19,200001;33,599998
7892;18,4;32,799999
7893;20;30,4
7894;13,6;15,2
7895;20,799999;3,2
7896;18,4;21,6
7897;19,200001;38,400002
7898;12;37,599998
7899;18,4;32
7900;18,4;28,799999
7901;17,6;27,200001
7902;21,6;17,6
7903;20;4
7904;19,200001;16
7905;5,6;38,400002
7906;20;36,799999
7907;19,200001;31,200001
7908;19,200001;28,799999
7909;19,200001;27,200001
7910;20,799999;16
7911;20,799999;2,4
7912;22,4;13,6
7913;17,6;35,200001
7914;20;37,599998
7915;20,799999;32,799999
7916;20;24,799999
7917;20,799999;8
7918;20;-1,6
7919;20;17,6
7920;9,6;34,400002
7921;20,799999;32
7922;20;27,200001
7923;19,200001;24
7924;19,200001;22,4
7925;19,200001;20,799999
7926;18,4;4
7927;19,200001;-1,6
7928;18,4;25,6
7929;17,6;34,400002
7930;17,6;28,799999
7931;16,799999;24,799999
7932;16,799999;23,200001
7933;16;20,799999
7934;16;5,6
7935;23,200001;-4
7936;18,4;19,200001
7937;16;28,799999
7938;16,799999;26,4
7939;16;20
7940;15,2;18,4
7941;14,4;16
7942;14,4;12,8
7943;16,799999;-2,4
7944;14,4;-8
7945;13,6;13,6
7946;8,8;28
7947;12;25,6
7948;14,4;20
7949;12,8;16,799999
7950;10,4;16,799999
7951;13,6;16,799999
7952;12,8;9,6
7953;13,6;-6,4
7954;8,8;-3,2
7955;13,6;20,799999
7956;12,8;26,4
7957;12;24,799999
7958;12,8;13,6
7959;13,6;8
7960;12,8;-9,6
7961;8;-11,2
7962;8,8;10,4
7963;11,2;21,6
7964;8,8;17,6
7965;0;13,6
7966;10,4;12
7967;9,6;9,6
7968;9,6;-5,6
7969;5,6;-14,4
7970;8,8;3,2
7971;6,4;20,799999
7972;8;19,200001
7973;6,4;14,4
7974;4,8;12
7975;5,6;10,4
7976;8;9,6
7977;5,6;8
7978;4,8;1,6
7979;4;-12,8
7980;3,2;-22,4
7981;3,2;-7,2
7982;3,2;12,8
7983;3,2;12
7984;-0,8;8
7985;0,8;4
7986;0;3,2
7987;0,8;2,4
7988;-1,6;-10,4
7989;0;-21,6
7990;-1,6;-8,8
7991;3,2;12
7992;-2,4;13,6
7993;-2,4;8
7994;-2,4;4
7995;-1,6;3,2
7996;-3,2;2,4
7997;-4,8;-1,6
7998;-4,8;-17,6
7999;-4;-26,4
8000;-5,6;-5,6
8001;-7,2;5,6
8002;-15,2;1,6
8003;-10,4;-2,4
8004;-9,6;-5,6
8005;-11,2;-5,6
8006;-12;-11,2
8007;-12;-26,4
8008;-13,6;-25,6
8009;-14,4;-3,2
8010;-15,2;4,8
8011;-16;0
8012;-16,799999;-1,6
8013;-18,4;-4,8
8014;-17,6;-5,6
8015;-19,200001;-7,2
8016;-20,799999;-11,2
8017;-43,200001;-25,6
8018;-22,4;-27,200001
8019;-22,4;-4
8020;-24;-0,8
8021;-25,6;-5,6
8022;-25,6;-11,2
8023;-25,6;-12,8
8024;-25,6;-13,6
8025;-28,799999;-20
8026;-27,200001;-34,400002
8027;-27,200001;-32
8028;-28,799999;-9,6
8029;-28,799999;-2,4
8030;-29,6;-6,4
8031;-30,4;-10,4
8032;-39,200001;-12,8
8033;-30,4;-13,6
8034;-31,200001;-20,799999
8035;-32;-35,200001
8036;-32;-30,4
8037;-32,799999;-8,8
8038;-34,400002;-2,4
8039;-33,599998;-8,8
8040;-37,599998;-10,4
8041;-35,200001;-20
8042;-36,799999;-36,799999
8043;-36;-42,400002
8044;-38,400002;-20,799999
8045;-37,599998;-8,8
8046;-39,200001;-11,2
8047;-35,200001;-16
8048;-40;-18,4
8049;-41,599998;-19,200001
8050;-41,599998;-22,4
8051;-41,599998;-37,599998
8052;-43,200001;-41,599998
8053;-44;-20
8054;-45,599998;-8,8
8055;-44,799999;-11,2
8056;-45,599998;-16
8057;-47,200001;-17,6
8058;-47,200001;-19,200001
8059;-48;-20
8060;-48,799999;-23,200001
8061;-48,799999;-36,799999
8062;-44,799999;-47,200001
8063;-48;-26,4
8064;-51,200001;-12,8
8065;-52;-16
8066;-44;-20,799999
8067;-52;-23,200001
8068;-52,799999;-23,200001
8069;-52,799999;-24,799999
8070;-53,599998;-34,400002
8071;-53,599998;-48
8072;-53,599998;-32
8073;-76;-13,6
8074;-54,400002;-15,2
8075;-54,400002;-20,799999
8076;-55,200001;-22,4
8077;-44;-24,799999
8078;-56;-36,799999
8079;-56,799999;-47,200001
8080;-55,200001;-32,799999
8081;-57,599998;-16
8082;-56,799999;-12
8083;-56,799999;-22,4
8084;-57,599998;-26,4
8085;-57,599998;-41,599998
8086;-59,200001;-50,400002
8087;-58,400002;-26,4
8088;-70,400002;-16
8089;-58,400002;-20
8090;-58,400002;-24
8091;-58,400002;-26,4
8092;-59,200001;-27,200001
8093;-60;-35,200001
8094;-60;-49,599998
8095;-59,200001;-40,799999
8096;-61,599998;-17,6
8097;-59,200001;-17,6
8098;-60,799999;-21,6
8099;-59,200001;-25,6
8100;-60,799999;-27,200001
8101;-59,200001;-27,200001
8102;-59,200001;-36,799999
8103;-51,200001;-51,200001
8104;-56,799999;-46,400002
8105;-56;-24
8106;-58,400002;-18,4
8107;-56;-22,4
8108;-54,400002;-27,200001
8109;-54,400002;-28,799999
8110;-53,599998;-29,6
8111;-53,599998;-36
8112;-52;-50,400002
8113;-55,200001;-47,200001
8114;-54,400002;-25,6
8115;-54,400002;-17,6
8116;-55,200001;-22,4
8117;-53,599998;-25,6
8118;-54,400002;-28
8119;-52;-29,6
8120;-52,799999;-44
8121;-52;-52
8122;-49,599998;-29,6
8123;-52;-17,6
8124;-52;-20
8125;-52;-24
8126;-52;-32
8127;-52;-48,799999
8128;-52,799999;-46,400002
8129;-45,599998;-24,799999
8130;-52;-16,799999
8131;-50,400002;-20,799999
8132;-50,400002;-24,799999
8133;-40;-26,4
8134;-50,400002;-28,799999
8135;-50,400002;-44
8136;-48,799999;-50,400002
8137;-49,599998;-31,200001
8138;-49,599998;-16,799999
8139;-47,200001;-19,200001
8140;-48;-23,200001
8141;-48;-26,4
8142;-46,400002;-27,200001
8143;-45,599998;-28
8144;-55,200001;-39,200001
8145;-44,799999;-48,799999
8146;-44,799999;-38,400002
8147;-43,200001;-18,4
8148;-37,599998;-16
8149;-40,799999;-20,799999
8150;-41,599998;-24
8151;-42,400002;-25,6
8152;-39,200001;-26,4
8153;-39,200001;-28
8154;-38,400002;-40,799999
8155;-36;-49,599998
8156;-37,599998;-34,400002
8157;-35,200001;-16
8158;-35,200001;-16,799999
8159;-37,599998;-21,6
8160;-33,599998;-24,799999
8161;-32,799999;-26,4
8162;-31,200001;-28,799999
8163;-32,799999;-44,799999
8164;-31,200001;-48
8165;-28,799999;-25,6
8166;-28,799999;-12,8
8167;-28;-16
8168;-26,4;-21,6
8169;-26,4;-24
8170;-25,6;-24,799999
8171;-25,6;-35,200001
8172;-24,799999;-48
8173;-24,799999;-36,799999
8174;-22,4;-16
8175;-24;-14,4
8176;-21,6;-18,4
8177;-22,4;-22,4
8178;-12;-24
8179;-22,4;-24,799999
8180;-19,200001;-26,4
8181;-19,200001;-40,799999
8182;-19,200001;-47,200001
8183;-17,6;-28
8184;-17,6;-13,6
8185;-16,799999;-16,799999
8186;-17,6;-19,200001
8187;-15,2;-17,6
8188;-16;-32,799999
8189;-2,4;-43,200001
8190;-15,2;-24,799999
8191;-12,8;-8,8
8192;-12,8;-12
8193;-9,6;-16,799999
8194;-10,4;-19,200001
8195;-10,4;-20
8196;-9,6;-25,6
8197;-8;-40,799999
8198;-8,8;-37,599998
8199;-8,8;-12
8200;-4;-9,6
8201;-6,4;-15,2
8202;-6,4;-18,4
8203;-4,8;-20
8204;-0,8;-25,6
8205;-4,8;-40,799999
8206;-4,8;-40
8207;-4,8;-15,2
8208;-4,8;-5,6
8209;-3,2;-9,6
8210;-3,2;-15,2
8211;-2,4;-16
8212;-2,4;-20,799999
8213;-0,8;-36
8214;-1,6;-36,799999
8215;-2,4;-10,4
8216;1,6;-6,4
8217;1,6;-12
8218;2,4;-15,2
8219;0;-16
8220;3,2;-26,4
8221;4,8;-39,200001
8222;4,8;-32
8223;7,2;-10,4
8224;7,2;-5,6
8225;6,4;-11,2
8226;8;-13,6
8227;8;-16,799999
8228;10,4;-12,8
8229;9,6;-26,4
8230;14,4;-36,799999
8231;13,6;-23,200001
8232;12;-3,2
8233;14,4;-3,2
8234;22,4;-7,2
8235;14,4;-11,2
8236;16;-12,8
8237;16;-12,8
8238;18,4;-20,799999
8239;17,6;-35,200001
8240;17,6;-26,4
8241;12;-2,4
8242;19,200001;-3,2
8243;20;-8
8244;20,799999;-11,2
8245;25,6;-12
8246;23,200001;-19,200001
8247;22,4;-34,400002
8248;22,4;-31,200001
8249;25,6;-4
8250;24,799999;2,4
8251;23,200001;-2,4
8252;24,799999;-7,2
8253;24,799999;-8,8
8254;24,799999;-13,6
8255;24,799999;-28,799999
8256;24;-28
8257;26,4;-1,6
8258;26,4;1,6
8259;27,200001;-4
8260;32;-7,2
8261;27,200001;-8,8
8262;27,200001;-12,8
8263;27,200001;-28,799999
8264;30,4;-30,4
8265;29,6;-8
8266;30,4;2,4
8267;28;-1,6
8268;29,6;-6,4
8269;30,4;-8
8270;30,4;-7,2
8271;25,6;-23,200001
8272;31,200001;-27,200001
8273;30,4;-5,6
8274;31,200001;7,2
8275;32,799999;4
8276;32,799999;-0,8
8277;31,200001;-4
8278;33,599998;-4
8279;32,799999;-12
8280;32,799999;-26,4
8281;33,599998;-22,4
8282;32,799999;-4,8
8283;32,799999;-4,8
8284;32,799999;-7,2
8285;32,799999;-4,8
8286;28,799999;2,4
8287;34,400002;1,6
8288;32,799999;-2,4
8289;32;-4,8
8290;35,200001;-4
8291;32,799999;-4
8292;32,799999;-19,200001
8293;33,599998;-17,6
8294;32,799999;8,8
8295;32;11,2
8296;34,400002;5,6
8297;40;2,4
8298;32;0,8
8299;33,599998;0,8
8300;32,799999;-13,6
8301;45,599998;-24
8302;34,400002;-8
8303;33,599998;11,2
8304;33,599998;10,4
8305;37,599998;5,6
8306;34,400002;2,4
8307;33,599998;0,8
8308;34,400002;0
8309;35,200001;-4
8310;35,200001;-20
8311;34,400002;-19,200001
8312;32,799999;10,4
8313;33,599998;19,200001
8314;33,599998;14,4
8315;34,400002;11,2
8316;39,200001;9,6
8317;33,599998;8
8318;34,400002;-5,6
8319;34,400002;-16,799999
8320;34,400002;-0,8
8321;33,599998;18,4
8322;33,599998;17,6
8323;32,799999;12,8
8324;32;10,4
8325;32,799999;8,8
8326;32;8
8327;25,6;7,2
8328;32,799999;0,8
8329;32,799999;-14,4
8330;30,4;-10,4
8331;29,6;11,2
8332;31,200001;20,799999
8333;30,4;24,799999
8334;29,6;20
8335;30,4;17,6
8336;29,6;16,799999
8337;29,6;4
8338;29,6;-7,2
8339;28;8
8340;28;27,200001
8341;27,200001;27,200001
8342;26,4;21,6
8343;28,799999;20
8344;28;17,6
8345;27,200001;16,799999
8346;33,599998;15,2
8347;27,200001;-0,8
8348;28,799999;-8
8349;27,200001;12,8
8350;28,799999;28
8351;28;26,4
8352;27,200001;20,799999
8353;28,799999;27,200001
8354;27,200001;14,4
8355;28;1,6
8356;28,799999;13,6
8357;39,200001;34,400002
8358;26,4;36
8359;27,200001;30,4
8360;27,200001;27,200001
8361;29,6;25,6
8362;27,200001;24
8363;27,200001;22,4
8364;26,4;9,6
8365;28;0,8
8366;28;26,4
8367;27,200001;36,799999
8368;26,4;32
8369;27,200001;28
8370;27,200001;25,6
8371;26,4;24,799999
8372;31,200001;14,4
8373;27,200001;0
8374;26,4;20,799999
8375;27,200001;40
8376;25,6;42,400002
8377;26,4;36,799999
8378;26,4;33,599998
8379;27,200001;32
8380;25,6;31,200001
8381;27,200001;28
8382;26,4;12,8
8383;28,799999;8,8
8384;26,4;36
8385;26,4;43,200001
8386;25,6;38,400002
8387;25,6;34,400002
8388;24,799999;32
8389;26,4;31,200001
8390;25,6;24,799999
8391;27,200001;8,8
8392;26,4;12,8
8393;26,4;31,200001
8394;25,6;40,799999
8395;25,6;45,599998
8396;27,200001;40,799999
8397;26,4;37,599998
8398;22,4;36
8399;26,4;35,200001
8400;26,4;27,200001
8401;26,4;12
8402;21,6;20,799999
8403;25,6;46,400002
8404;24,799999;45,599998
8405;24,799999;40
8406;24;37,599998
8407;23,200001;36
8408;24,799999;32
8409;41,599998;15,2
8410;21,6;12,8
8411;24,799999;34,400002
8412;21,6;47,200001
8413;21,6;43,200001
8414;22,4;38,400002
8415;23,200001;37,599998
8416;23,200001;33,599998
8417;25,6;16,799999
8418;21,6;15,2
8419;23,200001;44
8420;21,6;48
8421;21,6;42,400002
8422;22,4;39,200001
8423;21,6;36,799999
8424;26,4;34,400002
8425;22,4;19,200001
8426;22,4;12
8427;22,4;29,6
8428;25,6;47,200001
8429;24,799999;45,599998
8430;24;40
8431;24;37,599998
8432;28;36
8433;24,799999;35,200001
8434;24,799999;19,200001
8435;25,6;9,6
8436;26,4;30,4
8437;24,799999;51,200001
8438;26,4;50,400002
8439;20,799999;43,200001
8440;28;40
8441;25,6;39,200001
8442;26,4;34,400002
8443;24,799999;18,4
8444;26,4;18,4
8445;25,6;40,799999
8446;26,4;51,200001
8447;27,200001;47,200001
8448;25,6;43,200001
8449;25,6;40
8450;25,6;37,599998
8451;25,6;20,799999
8452;25,6;15,2
8453;26,4;36,799999
8454;20,799999;50,400002
8455;25,6;48
8456;24;41,599998
8457;25,6;41,599998
8458;16;32,799999
8459;24;17,6
8460;24;22,4
8461;24,799999;48,799999
8462;25,6;49,599998
8463;24,799999;44,799999
8464;24,799999;41,599998
8465;34,400002;39,200001
8466;23,200001;37,599998
8467;25,6;22,4
8468;23,200001;13,6
8469;16;32,799999
8470;24;50,400002
8471;24;48,799999
8472;24;43,200001
8473;16;40,799999
8474;24;39,200001
8475;23,200001;38,400002
8476;23,200001;28
8477;24,799999;14,4
8478;23,200001;24,799999
8479;24,799999;44
8480;28;46,400002
8481;24;40,799999
8482;24;37,599998
8483;23,200001;36
8484;13,6;35,200001
8485;21,6;21,6
8486;21,6;10,4
8487;22,4;26,4
8488;24,799999;45,599998
8489;21,6;45,599998
8490;20,799999;40,799999
8491;20,799999;38,400002
8492;22,4;36,799999
8493;21,6;32
8494;21,6;16
8495;24;12,8
8496;20,799999;34,400002
8497;20;47,200001
8498;20;43,200001
8499;20;36,799999
8500;18,4;25,6
8501;20;9,6
8502;20;17,6
8503;21,6;40
8504;20,799999;43,200001
8505;20,799999;37,599998
8506;20,799999;33,599998
8507;20;32
8508;21,6;32
8509;20,799999;28
8510;23,200001;11,2
8511;20,799999;9,6
8512;21,6;31,200001
8513;21,6;43,200001
8514;12,8;39,200001
8515;21,6;35,200001
8516;22,4;32,799999
8517;21,6;32
8518;22,4;29,6
8519;21,6;14,4
8520;20,799999;4
8521;30,4;21,6
8522;20;39,200001
8523;20;38,400002
8524;20,799999;32,799999
8525;10,4;29,6
8526;20,799999;28,799999
8527;19,200001;28
8528;20;14,4
8529;13,6;3,2
8530;18,4;18,4
8531;20;38,400002
8532;19,200001;37,599998
8533;20;32,799999
8534;18,4;29,6
8535;18,4;28,799999
8536;13,6;27,200001
8537;16,799999;22,4
8538;18,4;7,2
8539;18,4;7,2
8540;13,6;28,799999
8541;20;36,799999
8542;17,6;32
8543;16;26,4
8544;14,4;24,799999
8545;17,6;24
8546;18,4;22,4
8547;17,6;9,6
8548;17,6;-0,8
8549;17,6;14,4
8550;17,6;33,599998
8551;12;34,400002
8552;17,6;28,799999
8553;17,6;25,6
8554;17,6;24,799999
8555;20,799999;23,200001
8556;18,4;20,799999
8557;17,6;5,6
8558;17,6;-0,8
8559;15,2;20
8560;16,799999;34,400002
8561;16,799999;32,799999
8562;17,6;23,200001
8563;16;19,200001
8564;16,799999;4,8
8565;17,6;-5,6
8566;24;16
8567;16;30,4
8568;16,799999;26,4
8569;17,6;22,4
8570;16;19,200001
8571;14,4;18,4
8572;14,4;6,4
8573;14,4;-5,6
8574;16;10,4
8575;14,4;29,6
8576;13,6;28
8577;8,8;22,4
8578;12,8;20
8579;13,6;18,4
8580;14,4;17,6
8581;10,4;3,2
8582;12;-6,4
8583;12,8;1,6
8584;11,2;21,6
8585;7,2;20,799999
8586;12;16
8587;11,2;12,8
8588;9,6;12
8589;9,6;4
8590;10,4;-11,2
8591;8,8;-7,2
8592;9,6;16
8593;8;23,200001
8594;9,6;17,6
8595;9,6;13,6
8596;0,8;12
8597;8;11,2
8598;7,2;8
8599;8;2,4
8600;4;-12,8
8601;5,6;-7,2
8602;4;15,2
8603;4;14,4
8604;2,4;8
8605;1,6;3,2
8606;3,2;-11,2
8607;0;-22,4
8608;0,8;-1,6
8609;0;13,6
8610;-0,8;9,6
8611;-2,4;4,8
8612;-1,6;2,4
8613;-4;-0,8
8614;-3,2;-16,799999
8615;-5,6;-23,200001
8616;-4;-2,4
8617;-4,8;12,8
8618;-4,8;10,4
8619;-7,2;5,6
8620;-8;2,4
8621;-7,2;1,6
8622;-1,6;1,6
8623;-8;0
8624;-8,8;-12,8
8625;-8,8;-28,799999
8626;-13,6;-32,799999
8627;-10,4;-12,8
8628;-11,2;1,6
8629;-12;-1,6
8630;-11,2;-5,6
8631;-12,8;-8
8632;-14,4;-9,6
8633;-16,799999;-9,6
8634;-15,2;-17,6
8635;-14,4;-32
8636;-16;-24
8637;-16,799999;0,8
8638;-16;0,8
8639;-19,200001;-4
8640;-19,200001;-8
8641;-20,799999;-8,8
8642;-21,6;-9,6
8643;-20;-22,4
8644;-21,6;-34,400002
8645;-21,6;-23,200001
8646;-23,200001;-13,6
8647;-23,200001;-15,2
8648;-45,599998;-18,4
8649;-26,4;-17,6
8650;-26,4;-9,6
8651;-27,200001;-6,4
8652;-31,200001;-10,4
8653;-28;-13,6
8654;-30,4;-14,4
8655;-30,4;-13,6
8656;-33,599998;-14,4
8657;-32;-17,6
8658;-33,599998;-33,599998
8659;-33,599998;-34,400002
8660;-34,400002;-8
8661;-36;-4
8662;-35,200001;-8,8
8663;-36;-12,8
8664;-37,599998;-14,4
8665;-38,400002;-14,4
8666;-38,400002;-24,799999
8667;-36;-40
8668;-40;-40,799999
8669;-40;-20
8670;-41,599998;-9,6
8671;-43,200001;-13,6
8672;-42,400002;-17,6
8673;-41,599998;-20
8674;-43,200001;-20,799999
8675;-43,200001;-22,4
8676;-44;-38,400002
8677;-44,799999;-43,200001
8678;-46,400002;-16,799999
8679;-44,799999;-9,6
8680;-45,599998;-14,4
8681;-46,400002;-18,4
8682;-48;-19,200001
8683;-48,799999;-20
8684;-48,799999;-28
8685;-48,799999;-42,400002
8686;-49,599998;-36,799999
8687;-51,200001;-20
8688;-52;-14,4
8689;-51,200001;-19,200001
8690;-52,799999;-22,4
8691;-51,200001;-24
8692;-52;-24,799999
8693;-51,200001;-25,6
8694;-52,799999;-37,599998
8695;-53,599998;-48
8696;-55,200001;-33,599998
8697;-52,799999;-15,2
8698;-55,200001;-14,4
8699;-55,200001;-19,200001
8700;-55,200001;-22,4
8701;-55,200001;-24
8702;-56;-24
8703;-56;-32,799999
8704;-61,599998;-46,400002
8705;-56;-40
8706;-55,200001;-19,200001
8707;-56;-12,8
8708;-44;-18,4
8709;-55,200001;-21,6
8710;-56,799999;-32,799999
8711;-56;-47,200001
8712;-52,799999;-38,400002
8713;-56,799999;-17,6
8714;-56,799999;-13,6
8715;-56;-20
8716;-55,200001;-20,799999
8717;-56;-24
8718;-56,799999;-24,799999
8719;-59,200001;-28,799999
8720;-58,400002;-44
8721;-56,799999;-44,799999
8722;-56,799999;-23,200001
8723;-52;-13,6
8724;-56;-16,799999
8725;-56,799999;-20,799999
8726;-56;-24
8727;-56,799999;-24,799999
8728;-56;-25,6
8729;-56;-41,599998
8730;-57,599998;-50,400002
8731;-56;-35,200001
8732;-55,200001;-16,799999
8733;-55,200001;-17,6
8734;-56;-22,4
8735;-54,400002;-24,799999
8736;-55,200001;-26,4
8737;-56;-31,200001
8738;-56,799999;-47,200001
8739;-55,200001;-44,799999
8740;-55,200001;-18,4
8741;-56;-16,799999
8742;-54,400002;-21,6
8743;-54,400002;-24,799999
8744;-55,200001;-25,6
8745;-56;-30,4
8746;-55,200001;-45,599998
8747;-53,599998;-48,799999
8748;-53,599998;-26,4
8749;-55,200001;-14,4
8750;-52,799999;-20,799999
8751;-51,200001;-25,6
8752;-52;-28
8753;-49,599998;-31,200001
8754;-51,200001;-46,400002
8755;-51,200001;-50,400002
8756;-50,400002;-30,4
8757;-49,599998;-17,6
8758;-48,799999;-20
8759;-48;-24,799999
8760;-37,599998;-27,200001
8761;-48,799999;-28
8762;-46,400002;-29,6
8763;-47,200001;-37,599998
8764;-41,599998;-50,400002
8765;-44,799999;-43,200001
8766;-44,799999;-21,6
8767;-44;-17,6
8768;-40,799999;-23,200001
8769;-43,200001;-26,4
8770;-42,400002;-26,4
8771;-42,400002;-41,599998
8772;-41,599998;-49,599998
8773;-40;-34,400002
8774;-39,200001;-16,799999
8775;-36,799999;-18,4
8776;-39,200001;-22,4
8777;-36,799999;-25,6
8778;-36,799999;-26,4
8779;-31,200001;-27,200001
8780;-35,200001;-35,200001
8781;-35,200001;-48,799999
8782;-33,599998;-43,200001
8783;-32;-21,6
8784;-32,799999;-16
8785;-31,200001;-20
8786;-31,200001;-24,799999
8787;-29,6;-25,6
8788;-30,4;-27,200001
8789;-28;-41,599998
8790;-33,599998;-49,599998
8791;-27,200001;-29,6
8792;-27,200001;-15,2
8793;-25,6;-16,799999
8794;-28;-21,6
8795;-25,6;-24
8796;-24;-24,799999
8797;-22,4;-28,799999
8798;-20,799999;-44
8799;-22,4;-46,400002
8800;-20;-25,6
8801;-19,200001;-14,4
8802;-21,6;-16,799999
8803;-20;-21,6
8804;-19,200001;-24
8805;-20;-24,799999
8806;-18,4;-24,799999
8807;-20;-36,799999
8808;-18,4;-48
8809;-16,799999;-30,4
8810;-18,4;-14,4
8811;-18,4;-16
8812;-18,4;-17,6
8813;-17,6;-19,200001
8814;-16;-30,4
8815;-16;-44
8816;-10,4;-32
8817;-15,2;-11,2
8818;-13,6;-11,2
8819;-12,8;-16,799999
8820;-1,6;-20
8821;-12,8;-20,799999
8822;-12;-26,4
8823;-11,2;-41,599998
8824;-8,8;-40
8825;-9,6;-17,6
8826;-8;-9,6
8827;-8;-13,6
8828;-8;-18,4
8829;-6,4;-19,200001
8830;-6,4;-21,6
8831;4,8;-23,200001
8832;-3,2;-23,200001
8833;-3,2;-28,799999
8834;-3,2;-40
8835;1,6;-32
8836;0;-10,4
8837;0;-6,4
8838;0;-11,2
8839;2,4;-15,2
8840;1,6;-16,799999
8841;3,2;-17,6
8842;3,2;-25,6
8843;4;-39,200001
8844;3,2;-32,799999
8845;5,6;-11,2
8846;0;-6,4
8847;6,4;-11,2
8848;5,6;-15,2
8849;8;-16,799999
8850;7,2;-16,799999
8851;8,8;-17,6
8852;10,4;-26,4
8853;9,6;-36
8854;11,2;-32
8855;11,2;-8,8
8856;12;-3,2
8857;12;-7,2
8858;11,2;-12
8859;12,8;-13,6
8860;14,4;-16
8861;12;-30,4
8862;15,2;-36,799999
8863;16;-17,6
8864;16,799999;-2,4
8865;20;-5,6
8866;17,6;-10,4
8867;19,200001;-12,8
8868;19,200001;-13,6
8869;20;-14,4
8870;20,799999;-24,799999
8871;20,799999;-37,599998
8872;22,4;-22,4
8873;22,4;-4
8874;24;-1,6
8875;24;-7,2
8876;32,799999;-14,4
8877;25,6;-31,200001
8878;25,6;-31,200001
8879;25,6;-9,6
8880;27,200001;0
8881;27,200001;-4
8882;26,4;-8,8
8883;27,200001;-10,4
8884;26,4;-12,8
8885;28;-28
8886;28;-34,400002
8887;37,599998;-16
8888;29,6;-0,8
8889;29,6;-3,2
8890;30,4;-7,2
8891;28;-9,6
8892;28,799999;-12,8
8893;29,6;-12,8
8894;29,6;-12,8
8895;33,599998;-10,4
8896;30,4;-24,799999
8897;30,4;-28,799999
8898;30,4;-8
8899;29,6;5,6
8900;30,4;2,4
8901;32;-2,4
8902;33,599998;-4,8
8903;33,599998;-6,4
8904;33,599998;-7,2
8905;32,799999;-20
8906;30,4;-30,4
8907;33,599998;-14,4
8908;35,200001;4
8909;33,599998;4
8910;36,799999;-1,6
8911;35,200001;-4
8912;36;-5,6
8913;34,400002;-7,2
8914;34,400002;-23,200001
8915;36;-28
8916;35,200001;0
8917;32;14,4
8918;36,799999;11,2
8919;35,200001;7,2
8920;35,200001;4,8
8921;32,799999;4
8922;35,200001;-6,4
8923;34,400002;-19,200001
8924;34,400002;-11,2
8925;35,200001;11,2
8926;33,599998;14,4
8927;34,400002;9,6
8928;44,799999;6,4
8929;33,599998;4,8
8930;33,599998;4
8931;33,599998;-2,4
8932;43,200001;-17,6
8933;33,599998;-16
8934;31,200001;7,2
8935;32;14,4
8936;36;12
8937;32;16,799999
8938;31,200001;14,4
8939;32;0
8940;31,200001;-11,2
8941;32;9,6
8942;31,200001;25,6
8943;27,200001;21,6
8944;31,200001;16
8945;32;14,4
8946;31,200001;13,6
8947;32,799999;11,2
8948;31,200001;-2,4
8949;31,200001;-12
8950;30,4;12
8951;34,400002;24,799999
8952;30,4;20,799999
8953;30,4;16
8954;32;13,6
8955;29,6;12,8
8956;30,4;1,6
8957;30,4;-9,6
8958;27,200001;4
8959;31,200001;28
8960;30,4;33,599998
8961;29,6;28,799999
8962;31,200001;24,799999
8963;29,6;22,4
8964;29,6;20,799999
8965;29,6;20,799999
8966;32;13,6
8967;28,799999;-1,6
8968;29,6;4
8969;29,6;26,4
8970;28,799999;33,599998
8971;28,799999;28
8972;28,799999;24
8973;27,200001;22,4
8974;28,799999;23,200001
8975;28;18,4
8976;28,799999;1,6
8977;28;-1,6
8978;28;29,6
8979;29,6;39,200001
8980;28;36
8981;28;30,4
8982;28;28,799999
8983;27,200001;27,200001
8984;46,400002;21,6
8985;27,200001;5,6
8986;27,200001;8,8
8987;27,200001;31,200001
8988;22,4;39,200001
8989;25,6;34,400002
8990;27,200001;30,4
8991;28;28
8992;24,799999;27,200001
8993;27,200001;27,200001
8994;28,799999;16,799999
8995;27,200001;3,2
8996;27,200001;12,8
8997;28;35,200001
8998;27,200001;36,799999
8999;46,400002;40
9000;27,200001;35,200001
9001;25,6;22,4
9002;26,4;8,8
9003;24,799999;22,4
9004;24,799999;41,599998
9005;25,6;42,400002
9006;25,6;36,799999
9007;28,799999;36
9008;24,799999;33,599998
9009;25,6;31,200001
9010;24,799999;32
9011;24,799999;27,200001
9012;24,799999;12
9013;24,799999;12
9014;19,200001;39,200001
9015;24,799999;43,200001
9016;24;38,400002
9017;24;34,400002
9018;24,799999;32
9019;23,200001;32
9020;24;31,200001
9021;24;15,2
9022;26,4;12
9023;24,799999;32,799999
9024;24,799999;46,400002
9025;23,200001;43,200001
9026;23,200001;38,400002
9027;24,799999;36
9028;24;35,200001
9029;23,200001;34,400002
9030;23,200001;27,200001
9031;24;12
9032;24,799999;16
9033;15,2;38,400002
9034;24,799999;45,599998
9035;24,799999;40,799999
9036;24,799999;37,599998
9037;25,6;35,200001
9038;24;33,599998
9039;23,200001;32,799999
9040;16,799999;20
9041;22,4;12
9042;24,799999;32
9043;24,799999;48
9044;30,4;45,599998
9045;23,200001;40
9046;24;36,799999
9047;23,200001;36,799999
9048;16;28,799999
9049;23,200001;13,6
9050;23,200001;18,4
9051;24;41,599998
9052;24;48
9053;24;43,200001
9054;24;39,200001
9055;26,4;36,799999
9056;24;36,799999
9057;24;28
9058;24,799999;12,8
9059;12,8;20
9060;24;40,799999
9061;24,799999;48
9062;24,799999;45,599998
9063;22,4;40,799999
9064;24,799999;28,799999
9065;24,799999;14,4
9066;24;26,4
9067;24,799999;48
9068;24,799999;48,799999
9069;24,799999;41,599998
9070;30,4;38,400002
9071;24,799999;36,799999
9072;25,6;29,6
9073;26,4;14,4
9074;26,4;19,200001
9075;24,799999;42,400002
9076;26,4;48
9077;25,6;43,200001
9078;27,200001;39,200001
9079;25,6;38,400002
9080;24,799999;36,799999
9081;24,799999;22,4
9082;24,799999;12,8
9083;24,799999;27,200001
9084;24,799999;46,400002
9085;25,6;47,200001
9086;24;41,599998
9087;25,6;38,400002
9088;24,799999;36,799999
9089;21,6;36
9090;24;28,799999
9091;24;13,6
9092;22,4;17,6
9093;24,799999;41,599998
9094;23,200001;48
9095;22,4;43,200001
9096;16,799999;39,200001
9097;22,4;36,799999
9098;23,200001;36,799999
9099;22,4;28,799999
9100;21,6;13,6
9101;22,4;17,6
9102;22,4;40,799999
9103;22,4;49,599998
9104;22,4;43,200001
9105;24;39,200001
9106;22,4;36,799999
9107;24;33,599998
9108;24,799999;18,4
9109;23,200001;12
9110;24,799999;32,799999
9111;2,4;48
9112;23,200001;44,799999
9113;23,200001;40
9114;23,200001;37,599998
9115;12,8;36
9116;22,4;28,799999
9117;23,200001;12,8
9118;23,200001;21,6
9119;20,799999;46,400002
9120;22,4;45,599998
9121;23,200001;40
9122;21,6;36
9123;21,6;36
9124;21,6;34,400002
9125;21,6;17,6
9126;23,200001;9,6
9127;20,799999;26,4
9128;21,6;44,799999
9129;20;44
9130;20,799999;38,400002
9131;20;35,200001
9132;21,6;34,400002
9133;20;32
9134;19,200001;16,799999
9135;20,799999;10,4
9136;20;36
9137;19,200001;45,599998
9138;19,200001;40,799999
9139;20;36,799999
9140;19,200001;34,400002
9141;24,799999;33,599998
9142;18,4;24
9143;19,200001;9,6
9144;18,4;16,799999
9145;15,2;37,599998
9146;20;41,599998
9147;19,200001;36
9148;19,200001;32
9149;20;30,4
9150;20,799999;21,6
9151;20,799999;6,4
9152;31,200001;12,8
9153;18,4;35,200001
9154;19,200001;41,599998
9155;20;36,799999
9156;14,4;32
9157;20,799999;30,4
9158;20;29,6
9159;19,200001;24,799999
9160;12;8,8
9161;19,200001;8
9162;20;36
9163;18,4;40,799999
9164;20,799999;34,400002
9165;19,200001;32
9166;19,200001;20,799999
9167;21,6;4
9168;17,6;0,8
9169;20;23,200001
9170;19,200001;34,400002
9171;11,2;31,200001
9172;19,200001;26,4
9173;18,4;24
9174;18,4;23,200001
9175;15,2;22,4
9176;17,6;15,2
9177;17,6;0
9178;19,200001;4
9179;19,200001;26,4
9180;18,4;34,400002
9181;17,6;30,4
9182;19,200001;25,6
9183;17,6;22,4
9184;17,6;22,4
9185;16,799999;20,799999
9186;19,200001;6,4
9187;18,4;-8
9188;17,6;11,2
9189;16,799999;27,200001
9190;17,6;26,4
9191;16;21,6
9192;16,799999;18,4
9193;16,799999;16,799999
9194;16;16,799999
9195;16,799999;7,2
9196;15,2;-8
9197;22,4;0,8
9198;16;24
9199;15,2;28
9200;16;22,4
9201;12;18,4
9202;12,8;17,6
9203;12;16
9204;12;12,8
9205;14,4;-4
9206;12;-8
9207;11,2;17,6
9208;3,2;19,200001
9209;9,6;16
9210;8,8;11,2
9211;8,8;8,8
9212;4;1,6
9213;8;-14,4
9214;8;-8
9215;8;17,6
9216;1,6;17,6
9217;5,6;12,8
9218;7,2;9,6
9219;5,6;8
9220;6,4;4
9221;5,6;-12
9222;4,8;-14,4
9223;15,2;13,6
9224;4,8;19,200001
9225;4;13,6
9226;3,2;10,4
9227;-1,6;7,2
9228;3,2;-0,8
9229;2,4;-14,4
9230;1,6;-24
9231;-1,6;-12
9232;0;8,8
9233;0;10,4
9234;0,8;4,8
9235;0;1,6
9236;0;0
9237;-1,6;-0,8
9238;-1,6;-15,2
9239;-1,6;-24,799999
9240;-2,4;-9,6
9241;-3,2;9,6
9242;-5,6;9,6
9243;-4,8;5,6
9244;-6,4;-0,8
9245;-5,6;0
9246;-9,6;-0,8
9247;-8;-10,4
9248;-8,8;-24
9249;-9,6;-24
9250;-9,6;-4
9251;-9,6;-1,6
9252;-10,4;-6,4
9253;-6,4;-10,4
9254;-12;-11,2
9255;-13,6;-15,2
9256;-15,2;-30,4
9257;-17,6;-32,799999
9258;-16,799999;-12
9259;-16,799999;0
9260;-16,799999;-4
9261;-16;-8
9262;-20;-11,2
9263;-20,799999;-12
9264;-17,6;-13,6
9265;-22,4;-28,799999
9266;-22,4;-35,200001
9267;-22,4;-8,8
9268;-22,4;0
9269;-23,200001;-4,8
9270;-24;-14,4
9271;-26,4;-29,6
9272;-22,4;-40,799999
9273;-28;-28
9274;-28;-8
9275;-28;-7,2
9276;-28,799999;-12,8
9277;-29,6;-16
9278;-31,200001;-16,799999
9279;-53,599998;-17,6
9280;-32;-20
9281;-32;-35,200001
9282;-32,799999;-41,599998
9283;-29,6;-20,799999
9284;-33,599998;-7,2
9285;-35,200001;-8,8
9286;-36;-14,4
9287;-38,400002;-16
9288;-36,799999;-18,4
9289;-37,599998;-20
9290;-38,400002;-31,200001
9291;-38,400002;-46,400002
9292;-40;-27,200001
9293;-40;-11,2
9294;-46,400002;-14,4
9295;-42,400002;-19,200001
9296;-42,400002;-21,6
9297;-43,200001;-21,6
9298;-40,799999;-24,799999
9299;-44;-40,799999
9300;-44,799999;-44,799999
9301;-44;-22,4
9302;-46,400002;-11,2
9303;-44,799999;-14,4
9304;-45,599998;-19,200001
9305;-45,599998;-20,799999
9306;-46,400002;-22,4
9307;-46,400002;-22,4
9308;-45,599998;-28
9309;-49,599998;-43,200001
9310;-46,400002;-41,599998
9311;-48;-17,6
9312;-48;-10,4
9313;-48,799999;-15,2
9314;-48,799999;-20,799999
9315;-50,400002;-21,6
9316;-49,599998;-27,200001
9317;-50,400002;-41,599998
9318;-49,599998;-41,599998
9319;-51,200001;-15,2
9320;-52;-12
9321;-52,799999;-16,799999
9322;-52;-20,799999
9323;-52,799999;-21,6
9324;-58,400002;-22,4
9325;-53,599998;-32,799999
9326;-55,200001;-45,599998
9327;-55,200001;-35,200001
9328;-49,599998;-14,4
9329;-56;-12
9330;-56;-16,799999
9331;-56;-20,799999
9332;-54,400002;-20
9333;-56;-32
9334;-56;-46,400002
9335;-68,800003;-41,599998
9336;-58,400002;-18,4
9337;-58,400002;-13,6
9338;-57,599998;-18,4
9339;-46,400002;-21,6
9340;-56;-23,200001
9341;-58,400002;-24,799999
9342;-58,400002;-24,799999
9343;-58,400002;-36,799999
9344;-58,400002;-48
9345;-59,200001;-36
9346;-57,599998;-15,2
9347;-56;-14,4
9348;-58,400002;-18,4
9349;-58,400002;-22,4
9350;-70,400002;-23,200001
9351;-56;-24
9352;-56,799999;-34,400002
9353;-56,799999;-46,400002
9354;-54,400002;-40
9355;-55,200001;-17,6
9356;-56;-14,4
9357;-54,400002;-19,200001
9358;-56;-23,200001
9359;-53,599998;-24
9360;-54,400002;-25,6
9361;-53,599998;-42,400002
9362;-55,200001;-48
9363;-54,400002;-28
9364;-53,599998;-13,6
9365;-47,200001;-16
9366;-52,799999;-20,799999
9367;-52,799999;-24
9368;-52,799999;-24,799999
9369;-50,400002;-25,6
9370;-50,400002;-36,799999
9371;-51,200001;-48
9372;-52;-33,599998
9373;-51,200001;-14,4
9374;-52;-16
9375;-51,200001;-23,200001
9376;-49,599998;-25,6
9377;-50,400002;-38,400002
9378;-49,599998;-49,599998
9379;-47,200001;-37,599998
9380;-45,599998;-17,6
9381;-48,799999;-16
9382;-48,799999;-21,6
9383;-48;-24,799999
9384;-38,400002;-25,6
9385;-45,599998;-26,4
9386;-44,799999;-36
9387;-44,799999;-48,799999
9388;-44,799999;-40
9389;-44;-18,4
9390;-43,200001;-16
9391;-42,400002;-20,799999
9392;-43,200001;-24
9393;-42,400002;-25,6
9394;-41,599998;-26,4
9395;-40;-30,4
9396;-40;-45,599998
9397;-38,400002;-48
9398;-37,599998;-25,6
9399;-36,799999;-15,2
9400;-37,599998;-19,200001
9401;-36;-23,200001
9402;-36;-24,799999
9403;-36;-25,6
9404;-36,799999;-36,799999
9405;-36;-49,599998
9406;-43,200001;-33,599998
9407;-35,200001;-15,2
9408;-34,400002;-17,6
9409;-32,799999;-22,4
9410;-28;-24,799999
9411;-32,799999;-25,6
9412;-32;-31,200001
9413;-32;-46,400002
9414;-31,200001;-45,599998
9415;-30,4;-22,4
9416;-29,6;-12,8
9417;-29,6;-16,799999
9418;-28,799999;-21,6
9419;-28;-25,6
9420;-26,4;-24,799999
9421;-28;-40
9422;-24,799999;-47,200001
9423;-24,799999;-29,6
9424;-24;-14,4
9425;-24,799999;-15,2
9426;-23,200001;-20
9427;-22,4;-23,200001
9428;-23,200001;-24
9429;-21,6;-24,799999
9430;-20;-38,400002
9431;-20;-48,799999
9432;-17,6;-32,799999
9433;-19,200001;-14,4
9434;-18,4;-14,4
9435;-15,2;-20,799999
9436;-16,799999;-20,799999
9437;-16,799999;-28
9438;-16;-43,200001
9439;-14,4;-40,799999
9440;-8,8;-15,2
9441;-13,6;-12,8
9442;-12;-17,6
9443;-11,2;-21,6
9444;-12;-22,4
9445;-11,2;-28
9446;-12;-43,200001
9447;-1,6;-42,400002
9448;-11,2;-16
9449;-8,8;-12,8
9450;-8;-17,6
9451;-2,4;-20,799999
9452;-8,8;-22,4
9453;-7,2;-32,799999
9454;-7,2;-46,400002
9455;-4,8;-36
9456;-5,6;-16
9457;-4;-11,2
9458;-4;-13,6
9459;-3,2;-16,799999
9460;-2,4;-30,4
9461;-1,6;-42,400002
9462;5,6;-30,4
9463;-0,8;-11,2
9464;0;-8,8
9465;0,8;-14,4
9466;3,2;-17,6
9467;2,4;-19,200001
9468;3,2;-19,200001
9469;3,2;-31,200001
9470;8,8;-43,200001
9471;5,6;-28
9472;6,4;-8
9473;7,2;-10,4
9474;7,2;-16,799999
9475;8,8;-17,6
9476;8,8;-19,200001
9477;5,6;-30,4
9478;9,6;-37,599998
9479;12,8;-28,799999
9480;12;-8
9481;10,4;-5,6
9482;12,8;-10,4
9483;13,6;-13,6
9484;13,6;-15,2
9485;16,799999;-16,799999
9486;16,799999;-28,799999
9487;16,799999;-39,200001
9488;16,799999;-20,799999
9489;16,799999;-4
9490;18,4;-7,2
9491;17,6;-12,8
9492;14,4;-15,2
9493;20,799999;-16
9494;20;-16,799999
9495;20;-29,6
9496;17,6;-40
9497;20,799999;-25,6
9498;21,6;-6,4
9499;21,6;0,8
9500;22,4;-6,4
9501;24;-10,4
9502;25,6;-25,6
9503;32,799999;-33,599998
9504;26,4;-16,799999
9505;27,200001;-0,8
9506;28;-1,6
9507;22,4;-6,4
9508;30,4;-9,6
9509;29,6;-10,4
9510;29,6;-12
9511;26,4;-25,6
9512;30,4;-35,200001
9513;32;-12
9514;32;0,8
9515;32;-4
9516;32;-7,2
9517;32,799999;-9,6
9518;56;-11,2
9519;32,799999;-11,2
9520;32,799999;-7,2
9521;33,599998;-22,4
9522;20,799999;-24,799999
9523;32,799999;-3,2
9524;32,799999;8,8
9525;32,799999;6,4
9526;35,200001;1,6
9527;33,599998;-0,8
9528;32;-2,4
9529;33,599998;-12,8
9530;32;-25,6
9531;34,400002;-16
9532;33,599998;5,6
9533;37,599998;8,8
9534;32,799999;4
9535;32,799999;-0,8
9536;33,599998;-2,4
9537;33,599998;-3,2
9538;34,400002;-3,2
9539;33,599998;-16,799999
9540;33,599998;-25,6
9541;35,200001;-0,8
9542;32,799999;16
9543;33,599998;15,2
9544;33,599998;9,6
9545;32,799999;7,2
9546;33,599998;5,6
9547;33,599998;-4,8
9548;33,599998;-17,6
9549;33,599998;-4
9550;33,599998;16,799999
9551;34,400002;15,2
9552;25,6;10,4
9553;34,400002;7,2
9554;35,200001;6,4
9555;34,400002;0
9556;34,400002;-15,2
9557;33,599998;-13,6
9558;33,599998;13,6
9559;36,799999;16,799999
9560;33,599998;10,4
9561;33,599998;8,8
9562;32;8,8
9563;24;-8
9564;32;-7,2
9565;32,799999;16
9566;32,799999;25,6
9567;25,6;20,799999
9568;32,799999;16
9569;32;13,6
9570;32;12,8
9571;32,799999;4
9572;32;-9,6
9573;31,200001;-4
9574;52;18,4
9575;32,799999;24,799999
9576;32;19,200001
9577;31,200001;15,2
9578;19,200001;12,8
9579;32,799999;12,8
9580;30,4;12,8
9581;31,200001;1,6
9582;30,4;-9,6
9583;30,4;5,6
9584;30,4;28
9585;30,4;32,799999
9586;30,4;27,200001
9587;30,4;24
9588;30,4;22,4
9589;33,599998;19,200001
9590;30,4;2,4
9591;29,6;-1,6
9592;28,799999;27,200001
9593;31,200001;32
9594;29,6;28
9595;28,799999;24,799999
9596;28,799999;21,6
9597;29,6;19,200001
9598;29,6;4
9599;29,6;-3,2
9600;30,4;16
9601;28,799999;32
9602;28;28,799999
9603;28,799999;27,200001
9604;31,200001;21,6
9605;26,4;5,6
9606;26,4;8
9607;26,4;32
9608;19,200001;38,400002
9609;25,6;32,799999
9610;26,4;28,799999
9611;26,4;28
9612;28;26,4
9613;26,4;24,799999
9614;25,6;8,8
9615;13,6;1,6
9616;24,799999;22,4
9617;24;37,599998
9618;24,799999;36
9619;21,6;30,4
9620;25,6;28
9621;25,6;26,4
9622;24,799999;25,6
9623;20;24,799999
9624;24,799999;26,4
9625;24,799999;10,4
9626;25,6;4,8
9627;25,6;24,799999
9628;24,799999;40,799999
9629;26,4;39,200001
9630;19,200001;33,599998
9631;24,799999;31,200001
9632;25,6;29,6
9633;26,4;28,799999
9634;18,4;21,6
9635;25,6;6,4
9636;25,6;12
9637;24,799999;35,200001
9638;23,200001;40,799999
9639;27,200001;36
9640;25,6;32
9641;25,6;30,4
9642;25,6;29,6
9643;26,4;28,799999
9644;25,6;28
9645;28;27,200001
9646;25,6;12
9647;26,4;10,4
9648;25,6;31,200001
9649;26,4;44
9650;24,799999;41,599998
9651;24,799999;36,799999
9652;24,799999;33,599998
9653;23,200001;32
9654;24;32
9655;24,799999;23,200001
9656;23,200001;8,8
9657;23,200001;19,200001
9658;23,200001;42,400002
9659;24;41,599998
9660;21,6;36,799999
9661;23,200001;33,599998
9662;23,200001;32
9663;22,4;31,200001
9664;22,4;16,799999
9665;22,4;8
9666;23,200001;28
9667;23,200001;36,799999
9668;23,200001;33,599998
9669;22,4;31,200001
9670;22,4;32
9671;22,4;41,599998
9672;23,200001;42,400002
9673;23,200001;39,200001
9674;23,200001;37,599998
9675;22,4;36
9676;25,6;34,400002
9677;24;34,400002
9678;24;30,4
9679;32,799999;14,4
9680;23,200001;15,2
9681;24,799999;36,799999
9682;24,799999;46,400002
9683;24;42,400002
9684;24,799999;38,400002
9685;24;35,200001
9686;20,799999;36
9687;24;31,200001
9688;24,799999;15,2
9689;25,6;16,799999
9690;38,400002;40
9691;26,4;48
9692;24,799999;43,200001
9693;24;39,200001
9694;26,4;37,599998
9695;24,799999;36
9696;24,799999;35,200001
9697;24,799999;25,6
9698;24,799999;12
9699;24;25,6
9700;23,200001;46,400002
9701;19,200001;45,599998
9702;25,6;40
9703;25,6;37,599998
9704;26,4;36
9705;30,4;34,400002
9706;25,6;16,799999
9707;26,4;12,8
9708;25,6;36
9709;25,6;48,799999
9710;25,6;45,599998
9711;26,4;41,599998
9712;25,6;40
9713;25,6;38,400002
9714;26,4;30,4
9715;26,4;15,2
9716;27,200001;22,4
9717;26,4;48
9718;25,6;48
9719;25,6;43,200001
9720;23,200001;39,200001
9721;26,4;38,400002
9722;25,6;29,6
9723;24,799999;14,4
9724;24;20
9725;24,799999;43,200001
9726;24;49,599998
9727;24;43,200001
9728;23,200001;41,599998
9729;24;32,799999
9730;23,200001;17,6
9731;19,200001;23,200001
9732;23,200001;46,400002
9733;22,4;51,200001
9734;22,4;46,400002
9735;20,799999;41,599998
9736;21,6;40
9737;20,799999;38,400002
9738;20,799999;24
9739;21,6;15,2
9740;20,799999;38,400002
9741;20;51,200001
9742;28,799999;47,200001
9743;20,799999;42,400002
9744;21,6;40
9745;20;38,400002
9746;28,799999;23,200001
9747;20,799999;14,4
9748;20,799999;36,799999
9749;20,799999;49,599998
9750;23,200001;44,799999
9751;20;38,400002
9752;20,799999;36,799999
9753;20;36
9754;21,6;26,4
9755;20,799999;12
9756;20,799999;18,4
9757;16,799999;41,599998
9758;21,6;48
9759;20,799999;42,400002
9760;19,200001;38,400002
9761;26,4;36,799999
9762;20,799999;35,200001
9763;20;24
9764;20;11,2
9765;21,6;21,6
9766;20,799999;44
9767;20;46,400002
9768;20;40,799999
9769;20;36,799999
9770;20;32
9771;20,799999;16
9772;16;8
9773;21,6;24,799999
9774;20;42,400002
9775;20,799999;41,599998
9776;19,200001;36,799999
9777;20,799999;32,799999
9778;20;32
9779;20;29,6
9780;20,799999;14,4
9781;19,200001;7,2
9782;19,200001;33,599998
9783;20;43,200001
9784;19,200001;39,200001
9785;20,799999;34,400002
9786;20;32
9787;16,799999;31,200001
9788;20;27,200001
9789;20;9,6
9790;20,799999;11,2
9791;17,6;33,599998
9792;20;36,799999
9793;20;30,4
9794;20;27,200001
9795;20;25,6
9796;20,799999;22,4
9797;20,799999;6,4
9798;36,799999;1,6
9799;20;22,4
9800;20;36
9801;20;33,599998
9802;14,4;29,6
9803;17,6;26,4
9804;17,6;19,200001
9805;17,6;3,2
9806;10,4;7,2
9807;16;33,599998
9808;16,799999;36
9809;16,799999;30,4
9810;15,2;25,6
9811;15,2;26,4
9812;14,4;8,8
9813;36,799999;-5,6
9814;14,4;-3,2
9815;15,2;20
9816;14,4;28,799999
9817;18,4;24
9818;15,2;20
9819;12,8;16,799999
9820;12,8;16,799999
9821;16,799999;15,2
9822;12,8;-0,8
9823;13,6;-8
9824;13,6;9,6
9825;12,8;27,200001
9826;12,8;25,6
9827;12;20,799999
9828;9,6;18,4
9829;12,8;16,799999
9830;12;16
9831;11,2;8,8
9832;11,2;-5,6
9833;12;-13,6
9834;11,2;9,6
9835;11,2;18,4
9836;12;14,4
9837;10,4;9,6
9838;9,6;8
9839;9,6;6,4
9840;7,2;4,8
9841;8;-10,4
9842;8;-17,6
9843;1,6;0
9844;6,4;16,799999
9845;7,2;16
9846;6,4;10,4
9847;-1,6;8
9848;4,8;6,4
9849;4,8;5,6
9850;3,2;-7,2
9851;3,2;-18,4
9852;2,4;-5,6
9853;1,6;17,6
9854;13,6;7,2
9855;-0,8;2,4
9856;-0,8;-1,6
9857;0;-4
9858;-8,8;-17,6
9859;-0,8;-26,4
9860;-3,2;-4
9861;-2,4;8,8
9862;-12;4,8
9863;-4,8;0
9864;-4,8;-2,4
9865;-7,2;-3,2
9866;-5,6;-10,4
9867;-7,2;-24,799999
9868;-6,4;-20,799999
9869;0;1,6
9870;-8;8,8
9871;-8,8;4,8
9872;-9,6;0
9873;-20,799999;-2,4
9874;-11,2;-10,4
9875;-11,2;-24
9876;-11,2;-35,200001
9877;-12,8;-21,6
9878;-12,8;-1,6
9879;-14,4;-0,8
9880;-14,4;-5,6
9881;-16;-9,6
9882;-15,2;-10,4
9883;-16,799999;-12
9884;-13,6;-20
9885;-19,200001;-33,599998
9886;-19,200001;-23,200001
9887;-20;-1,6
9888;-17,6;-3,2
9889;-20,799999;-5,6
9890;-21,6;-8,8
9891;-23,200001;-10,4
9892;-20,799999;-15,2
9893;-24,799999;-31,200001
9894;-25,6;-31,200001
9895;-26,4;-13,6
9896;-27,200001;-4
9897;-26,4;-9,6
9898;-28,799999;-14,4
9899;-28,799999;-16
9900;-29,6;-16
9901;-29,6;-24,799999
9902;-29,6;-39,200001
9903;-38,400002;-31,200001
9904;-31,200001;-9,6
9905;-32;-5,6
9906;-31,200001;-10,4
9907;-32;-13,6
9908;-32,799999;-15,2
9909;-32,799999;-16,799999
9910;-36;-24,799999
9911;-33,599998;-38,400002
9912;-33,599998;-30,4
9913;-36;-8,8
9914;-44;-5,6
9915;-36,799999;-9,6
9916;-37,599998;-16,799999
9917;-37,599998;-32,799999
9918;-46,400002;-41,599998
9919;-40;-16
9920;-39,200001;-6,4
9921;-40,799999;-12
9922;-41,599998;-15,2
9923;-41,599998;-17,6
9924;-42,400002;-19,200001
9925;-21,6;-19,200001
9926;-44;-28,799999
9927;-44,799999;-41,599998
9928;-45,599998;-33,599998
9929;-56;-12
9930;-44,799999;-7,2
9931;-48;-12,8
9932;-48;-16
9933;-48,799999;-17,6
9934;-50,400002;-18,4
9935;-48,799999;-24
9936;-50,400002;-37,599998
9937;-52;-44
9938;-50,400002;-21,6
9939;-52,799999;-11,2
9940;-48;-14,4
9941;-52,799999;-18,4
9942;-52;-20,799999
9943;-52,799999;-21,6
9944;-52;-24
9945;-53,599998;-39,200001
9946;-53,599998;-45,599998
9947;-56;-26,4
9948;-55,200001;-12,8
9949;-56;-12,8
9950;-55,200001;-17,6
9951;-55,200001;-20
9952;-54,400002;-21,6
9953;-54,400002;-21,6
9954;-55,200001;-29,6
9955;-52,799999;-43,200001
9956;-53,599998;-40
9957;-55,200001;-15,2
9958;-55,200001;-12
9959;-60;-16,799999
9960;-55,200001;-21,6
9961;-56;-23,200001
9962;-56,799999;-24
9963;-56;-26,4
9964;-56,799999;-42,400002
9965;-56;-44,799999
9966;-64,800003;-23,200001
9967;-55,200001;-12
9968;-55,200001;-16
9969;-55,200001;-20
9970;-57,599998;-21,6
9971;-55,200001;-23,200001
9972;-56;-23,200001
9973;-55,200001;-31,200001
9974;-60;-45,599998
9975;-54,400002;-39,200001
9976;-54,400002;-17,6
9977;-53,599998;-12,8
9978;-54,400002;-16
9979;-53,599998;-22,4
9980;-54,400002;-30,4
9981;-57,599998;-46,400002
9982;-53,599998;-41,599998
9983;-52;-20
9984;-53,599998;-13,6
9985;-62,400002;-18,4
9986;-52,799999;-21,6
9987;-52,799999;-24
9988;-52,799999;-24,799999
9989;-48,799999;-35,200001
9990;-52;-48
9991;-52,799999;-32
9992;-52;-14,4
9993;-52;-16
9994;-50,400002;-20,799999
9995;-51,200001;-23,200001
9996;-47,200001;-26,4
9997;-49,599998;-41,599998
9998;-48,799999;-48
9999;-48,799999;-20
10000;-48;-15,2
