Column1;Column2;Column3
Channel              :;CH1;CH2
Frequency            :;176,9Hz;178,3Hz
Period               :;5,654ms;5,608ms
PK-PK                :;428,0mV;144,0mV
Probe attenuation    :;1X;1X
Voltage per ADC value:;0,250000mV;0,250000mV
Time interval        :;10,00000uS;10,00000uS
;;
index;CH1_Voltage(mV);CH2_Voltage(mV)
1;44;64
2;44;64
3;48;60
4;48;60
5;52;60
6;52;60
7;52;60
8;56;60
9;56;60
10;60;56
11;64;56
12;76;56
13;68;56
14;64;56
15;68;56
16;72;56
17;68;56
18;76;56
19;80;52
20;80;56
21;84;52
22;84;52
23;84;52
24;80;52
25;88;52
26;88;52
27;96;52
28;96;52
29;96;52
30;96;52
31;100;52
32;104;52
33;104;52
34;108;52
35;108;52
36;108;52
37;108;52
38;112;52
39;116;52
40;116;52
41;116;52
42;120;52
43;124;52
44;124;52
45;120;48
46;128;52
47;128;52
48;128;52
49;132;48
50;132;48
51;136;48
52;148;44
53;140;44
54;140;40
55;144;40
56;140;36
57;144;36
58;144;32
59;148;32
60;148;32
61;152;28
62;152;28
63;152;28
64;156;28
65;156;24
66;160;28
67;160;28
68;160;28
69;160;32
70;164;32
71;168;36
72;164;-28
73;164;-24
74;168;-24
75;168;-24
76;168;-20
77;172;-16
78;168;-16
79;176;-12
80;168;-12
81;176;-8
82;180;-8
83;176;-4
84;176;-4
85;180;0
86;180;0
87;164;0
88;184;0
89;184;-4
90;184;0
91;188;0
92;184;0
93;188;0
94;204;0
95;192;0
96;188;-4
97;192;-4
98;192;-4
99;200;-4
100;196;-8
101;192;-4
102;192;-8
103;196;-8
104;196;-8
105;196;-4
106;196;-8
107;196;-8
108;196;-8
109;196;-12
110;200;-8
111;200;-8
112;200;-8
113;200;-12
114;200;-12
115;200;-8
116;200;-12
117;200;-12
118;204;-12
119;200;-12
120;208;-12
121;204;-12
122;200;-12
123;200;-12
124;204;-12
125;200;-12
126;204;-12
127;212;-12
128;200;-12
129;204;-12
130;200;-12
131;204;-12
132;204;-12
133;204;-12
134;196;-12
135;204;-16
136;204;-12
137;204;-12
138;200;-16
139;200;-16
140;204;-20
141;196;-20
142;200;-20
143;200;-24
144;200;-28
145;196;-28
146;200;-28
147;200;-32
148;196;-32
149;196;-32
150;200;-36
151;196;-36
152;196;-36
153;200;-36
154;192;-40
155;196;-36
156;196;-40
157;192;-36
158;192;-36
159;192;-32
160;192;-28
161;192;-24
162;212;-24
163;188;-20
164;188;-16
165;184;-12
166;184;-8
167;184;-8
168;184;-8
169;184;-4
170;184;-4
171;180;-4
172;180;0
173;180;0
174;172;0
175;176;0
176;176;0
177;176;0
178;176;0
179;176;0
180;172;0
181;164;-4
182;172;-4
183;168;-4
184;168;-4
185;164;-4
186;164;-4
187;164;-4
188;160;-8
189;164;-4
190;160;-8
191;160;-8
192;156;-8
193;152;-8
194;152;-8
195;152;-8
196;152;-8
197;152;-8
198;148;-8
199;144;-8
200;144;-8
201;144;-8
202;132;-12
203;140;-8
204;140;-12
205;136;-8
206;136;-12
207;132;-12
208;132;-12
209;140;-12
210;128;-12
211;124;-12
212;124;-12
213;124;-12
214;124;-12
215;120;-12
216;120;-12
217;116;-16
218;112;-16
219;112;-20
220;108;-20
221;112;-24
222;104;-24
223;108;-24
224;104;-28
225;100;-28
226;100;-32
227;96;-32
228;96;-32
229;92;-36
230;88;-36
231;88;-36
232;88;-36
233;84;-36
234;80;-36
235;80;-36
236;80;-36
237;68;-32
238;76;-32
239;72;-28
240;72;-24
241;68;-24
242;64;-20
243;64;-16
244;44;-12
245;60;-8
246;60;-8
247;56;-4
248;56;-4
249;48;-4
250;48;0
251;64;0
252;48;0
253;40;0
254;40;0
255;40;0
256;44;0
257;32;0
258;32;-4
259;28;0
260;28;-4
261;28;-4
262;24;-4
263;20;-4
264;20;-4
265;16;-8
266;16;-8
267;16;-4
268;12;-8
269;12;-8
270;8;-8
271;8;-8
272;4;-8
273;0;-8
274;0;-8
275;-4;-8
276;-8;-8
277;0;-8
278;-12;-8
279;-12;-8
280;-12;-12
281;-16;-12
282;-16;-16
283;-20;-12
284;-24;-16
285;-20;-20
286;-24;-20
287;-28;-20
288;-32;-20
289;-32;-24
290;-36;-28
291;-44;-28
292;-36;-32
293;-40;-32
294;-40;-32
295;-44;-36
296;-48;-36
297;-48;-36
298;-52;-36
299;-52;-40
300;-56;-40
301;-60;-40
302;-56;-40
303;-56;-40
304;-64;-40
305;-60;-40
306;-68;-36
307;-68;-36
308;-68;-32
309;-72;-28
310;-72;-28
311;-76;-24
312;-72;-20
313;-80;-16
314;-84;-16
315;-84;-12
316;-84;-8
317;-88;-8
318;-88;-8
319;-76;-8
320;-92;-4
321;-96;-4
322;-96;-4
323;-100;-4
324;-104;-4
325;-100;-4
326;-112;-8
327;-108;-4
328;-108;-4
329;-112;-4
330;-112;-4
331;-120;-4
332;-116;-8
333;-120;-8
334;-120;-8
335;-124;-8
336;-120;-8
337;-124;-8
338;-124;-12
339;-124;-12
340;-128;-12
341;-132;-12
342;-132;-12
343;-136;-12
344;-136;-16
345;-132;-12
346;-136;-12
347;-140;-12
348;-140;-16
349;-144;-16
350;-144;-16
351;-148;-16
352;-148;-16
353;-148;-16
354;-148;-16
355;-152;-16
356;-152;-16
357;-152;-16
358;-156;-20
359;-156;-16
360;-160;-16
361;-160;-16
362;-160;-16
363;-160;-16
364;-164;-20
365;-164;-20
366;-168;-20
367;-164;-20
368;-168;-24
369;-168;-24
370;-168;-28
371;-168;-28
372;-168;-28
373;-180;-32
374;-172;-32
375;-172;-36
376;-172;-36
377;-176;-40
378;-176;-36
379;-176;-40
380;-180;-40
381;-180;-40
382;-180;-40
383;-176;-40
384;-180;-40
385;-180;-40
386;-180;-36
387;-180;-36
388;-180;-36
389;-184;-32
390;-180;-32
391;-184;-28
392;-180;-24
393;-184;-24
394;-180;-20
395;-188;-20
396;-188;-16
397;-188;-16
398;-188;-12
399;-188;-8
400;-192;-8
401;-168;-8
402;-188;-4
403;-188;-4
404;-192;-4
405;-188;-4
406;-192;-4
407;-192;-4
408;-188;-4
409;-192;-4
410;-192;-4
411;-192;-4
412;-192;-4
413;-196;-4
414;-192;-4
415;-188;-8
416;-192;-8
417;-192;-12
418;-192;-8
419;-192;-8
420;-200;-12
421;-192;-12
422;-192;-12
423;-188;-12
424;-188;-12
425;-188;-12
426;-188;-12
427;-188;-12
428;-188;-12
429;-184;-16
430;-188;-12
431;-184;-12
432;-184;-12
433;-184;-16
434;-184;-12
435;-184;-16
436;-180;-16
437;-180;-16
438;-180;-16
439;-180;-16
440;-180;-16
441;-192;-16
442;-176;-16
443;-176;-16
444;-176;-16
445;-172;-16
446;-176;-16
447;-172;-16
448;-160;-16
449;-172;-16
450;-168;-16
451;-168;-16
452;-168;-16
453;-164;-16
454;-164;-20
455;-160;-20
456;-164;-20
457;-160;-24
458;-160;-24
459;-160;-28
460;-160;-28
461;-156;-32
462;-156;-32
463;-156;-32
464;-152;-40
465;-148;-36
466;-148;-36
467;-148;-40
468;-148;-40
469;-148;-40
470;-144;-40
471;-144;-40
472;-140;-40
473;-140;-40
474;-140;-40
475;-140;-36
476;-144;-36
477;-136;-32
478;-132;-28
479;-132;-28
480;-132;-24
481;-128;-20
482;-124;-16
483;-128;-12
484;-124;-8
485;-120;-8
486;-120;-4
487;-120;-4
488;-116;76
489;-116;76
490;-92;72
491;-112;76
492;-108;76
493;-108;76
494;-104;72
495;-96;72
496;-104;72
497;-100;72
498;-96;72
499;-96;72
500;-92;68
501;-92;72
502;-96;68
503;-88;68
504;-88;68
505;-84;68
506;-84;64
507;-80;64
508;-80;64
509;-80;64
510;-76;64
511;-72;64
512;-72;64
513;-68;64
514;-68;64
515;-68;64
516;-60;64
517;-64;64
518;-60;60
519;-56;60
520;-56;60
521;-52;60
522;-52;64
523;-56;60
524;-48;60
525;-44;64
526;-44;60
527;-40;60
528;-40;60
529;-36;60
530;-40;60
531;-32;56
532;-28;56
533;-28;56
534;-24;56
535;-24;52
536;-24;52
537;-20;48
538;-20;48
539;-16;44
540;-16;44
541;-12;44
542;-8;44
543;-8;40
544;4;40
545;-4;36
546;0;36
547;0;36
548;4;36
549;4;36
550;4;36
551;12;36
552;12;40
553;12;40
554;16;40
555;20;44
556;20;44
557;24;48
558;28;52
559;28;56
560;28;56
561;28;60
562;32;64
563;32;64
564;36;64
565;20;68
566;40;68
567;44;72
568;48;72
569;48;72
570;44;72
571;52;72
572;44;72
573;56;72
574;56;72
575;60;76
576;64;72
577;68;72
578;68;72
579;68;72
580;68;72
581;72;68
582;76;68
583;76;72
584;76;68
585;80;68
586;84;68
587;84;68
588;84;64
589;88;68
590;92;64
591;92;64
592;92;64
593;96;64
594;96;64
595;100;64
596;100;64
597;100;64
598;108;64
599;108;64
600;108;64
601;112;60
602;112;64
603;112;64
604;116;60
605;124;64
606;116;60
607;120;64
608;124;64
609;124;60
610;128;60
611;128;60
612;128;64
613;132;60
614;132;60
615;136;60
616;136;60
617;136;64
618;140;60
619;136;60
620;144;60
621;144;60
622;148;60
623;148;60
624;148;60
625;152;56
626;148;56
627;152;56
628;156;52
629;156;48
630;156;48
631;160;44
632;160;44
633;156;44
634;164;40
635;164;40
636;164;40
637;168;36
638;172;36
639;168;36
640;192;36
641;172;36
642;172;36
643;176;32
644;176;40
645;176;40
646;176;40
647;180;44
648;176;44
649;180;48
650;184;48
651;180;52
652;176;56
653;184;56
654;188;60
655;184;64
656;188;64
657;188;64
658;188;68
659;188;68
660;192;72
661;192;72
662;192;72
663;192;76
664;192;72
665;196;72
666;196;72
667;196;72
668;196;72
669;196;72
670;200;72
671;196;72
672;200;72
673;196;68
674;200;72
675;200;68
676;200;68
677;200;68
678;200;68
679;200;64
680;192;64
681;204;64
682;200;64
683;200;64
684;204;64
685;204;64
686;200;60
687;216;64
688;200;64
689;204;64
690;200;64
691;200;64
692;200;64
693;204;64
694;200;64
695;204;64
696;204;64
697;204;-28
698;204;-32
699;200;-32
700;200;-32
701;204;-36
702;200;-36
703;200;-36
704;200;-40
705;200;-36
706;200;-40
707;200;-44
708;196;-44
709;200;-44
710;200;-48
711;196;-48
712;196;-48
713;196;-48
714;196;-52
715;184;-52
716;196;-52
717;196;-52
718;196;-52
719;192;-56
720;196;-52
721;192;-52
722;196;-48
723;192;-48
724;192;-44
725;188;-44
726;188;-40
727;188;-40
728;188;-40
729;200;-36
730;184;-32
731;184;-28
732;184;-32
733;184;-24
734;180;-24
735;184;-24
736;180;-24
737;176;-20
738;180;-20
739;176;-20
740;180;-20
741;168;-20
742;176;-20
743;176;-20
744;172;-16
745;172;-20
746;172;-20
747;172;-20
748;168;-20
749;168;-24
750;168;-20
751;164;-20
752;164;-24
753;160;-24
754;160;-20
755;160;-24
756;156;-24
757;156;-24
758;152;-28
759;152;-28
760;152;-24
761;152;-24
762;140;-28
763;148;-24
764;148;-28
765;144;-28
766;144;-28
767;140;-28
768;140;-28
769;132;-28
770;136;-28
771;136;-28
772;136;-28
773;132;-28
774;132;-28
775;128;-32
776;128;-32
777;124;-32
778;124;-32
779;124;-32
780;116;-28
781;120;-32
782;116;-32
783;120;-32
784;112;-32
785;112;-32
786;108;-28
787;104;-32
788;104;-32
789;100;-32
790;104;-32
791;100;-32
792;96;-32
793;92;-36
794;96;-36
795;88;-36
796;92;-40
797;88;-40
798;84;-44
799;80;-44
800;80;-44
801;80;-48
802;72;-48
803;72;-48
804;52;-52
805;72;-52
806;68;-52
807;68;-56
808;64;-56
809;52;-56
810;64;-52
811;48;-52
812;56;-52
813;56;-52
814;52;-48
815;52;-48
816;52;-44
817;44;-44
818;40;-40
819;40;-36
820;40;-36
821;36;-32
822;32;-32
823;36;-28
824;32;-28
825;28;-24
826;24;-24
827;24;-20
828;20;-20
829;20;-20
830;20;-20
831;16;-20
832;12;-20
833;12;-20
834;8;-20
835;8;-20
836;4;-20
837;0;-20
838;0;-20
839;0;-20
840;-4;-20
841;-4;-20
842;-8;-20
843;-8;-24
844;4;-24
845;-12;-24
846;-16;-24
847;-20;-24
848;-20;-20
849;-24;-28
850;-24;-28
851;-28;-24
852;-28;-28
853;-28;-28
854;-32;-28
855;-32;-28
856;-36;-28
857;-36;-28
858;-44;-28
859;-44;-28
860;-44;-28
861;-44;-28
862;-52;-28
863;-48;-28
864;-52;-32
865;-60;-28
866;-56;-28
867;-56;-28
868;-64;-28
869;-64;-32
870;-64;-32
871;-68;-28
872;-80;-32
873;-72;-32
874;-72;-32
875;-72;-32
876;-72;-32
877;-76;-32
878;-80;-32
879;-76;-32
880;-84;-28
881;-84;-28
882;-84;-32
883;-92;-32
884;-88;-32
885;-92;-32
886;-84;-36
887;-96;-36
888;-100;-40
889;-100;-40
890;-104;-44
891;-104;-44
892;-108;-44
893;-108;-48
894;-108;-48
895;-112;-48
896;-112;-52
897;-116;-52
898;-124;-48
899;-120;-52
900;-120;-52
901;-124;-52
902;-124;-52
903;-124;-52
904;-128;-52
905;-128;0
906;-128;4
907;-132;4
908;-136;8
909;-136;12
910;-136;12
911;-140;12
912;-140;16
913;-140;20
914;-140;24
915;-140;24
916;-144;24
917;-144;24
918;-148;28
919;-160;28
920;-148;32
921;-152;32
922;-156;32
923;-156;32
924;-156;32
925;-156;36
926;-156;32
927;-160;32
928;-160;32
929;-160;32
930;-164;32
931;-160;32
932;-164;32
933;-160;28
934;-164;28
935;-168;28
936;-168;28
937;-168;28
938;-172;28
939;-172;28
940;-164;28
941;-172;28
942;-172;24
943;-172;24
944;-176;24
945;-172;24
946;-176;24
947;-172;24
948;-180;24
949;-176;24
950;-180;24
951;-180;24
952;-184;24
953;-184;24
954;-180;20
955;-184;20
956;-184;20
957;-184;20
958;-184;20
959;-188;20
960;-188;20
961;-204;20
962;-184;20
963;-184;24
964;-188;24
965;-188;20
966;-192;20
967;-188;24
968;-200;20
969;-188;20
970;-188;20
971;-188;20
972;-188;16
973;-184;16
974;-188;16
975;-188;16
976;-188;12
977;-188;12
978;-188;8
979;-188;8
980;-188;8
981;-188;4
982;-188;4
983;-188;0
984;-188;0
985;-188;0
986;-188;-4
987;-188;-4
988;-188;-4
989;-188;-4
990;-188;-4
991;-188;-4
992;-184;0
993;-184;0
994;-184;0
995;-184;4
996;-184;8
997;-180;12
998;-180;16
999;-180;16
1000;-180;20
1001;-172;24
1002;-176;28
1003;-176;28
1004;-176;32
1005;-176;32
1006;-176;32
1007;-176;32
1008;-176;32
1009;-172;32
1010;-172;32
1011;-168;36
1012;-168;32
1013;-168;32
1014;-168;32
1015;-168;32
1016;-168;32
1017;-164;32
1018;-164;32
1019;-164;32
1020;-156;32
1021;-160;28
1022;-160;32
1023;-156;24
1024;-156;28
1025;-156;28
1026;-156;24
1027;-152;24
1028;-152;24
1029;-156;24
1030;-148;24
1031;-148;24
1032;-148;24
1033;-144;24
1034;-140;24
1035;-144;20
1036;-120;24
1037;-140;24
1038;-136;24
1039;-136;24
1040;-136;20
1041;-132;24
1042;-128;20
1043;-128;24
1044;-128;24
1045;-128;20
1046;-124;24
1047;-124;20
1048;-128;20
1049;-120;20
1050;-116;20
1051;-116;24
1052;-116;24
1053;-112;20
1054;-116;20
1055;-104;20
1056;-108;20
1057;-108;20
1058;-108;20
1059;-104;20
1060;-104;20
1061;-100;16
1062;-96;16
1063;-96;16
1064;-96;12
1065;-92;12
1066;-92;8
1067;-88;8
1068;-88;4
1069;-84;4
1070;-84;4
1071;-80;0
1072;-84;0
1073;-76;0
1074;-76;0
1075;-72;0
1076;-68;-4
1077;-68;-4
1078;-64;-4
1079;-64;-4
1080;-64;-4
1081;-64;0
1082;-60;0
1083;-48;4
1084;-56;4
1085;-52;8
1086;-52;12
1087;-48;16
1088;-48;20
1089;-44;20
1090;-48;24
1091;-44;28
1092;-36;32
1093;-40;32
1094;-32;32
1095;-36;32
1096;-32;36
1097;-32;32
1098;-28;32
1099;-28;36
1100;-24;32
1101;-20;32
1102;-16;32
1103;-16;32
1104;-20;32
1105;-16;28
1106;-12;32
1107;-8;32
1108;-8;32
1109;-8;32
1110;-4;32
1111;-12;32
1112;0;28
1113;8;48
1114;4;48
1115;8;48
1116;16;48
1117;12;44
1118;20;44
1119;16;44
1120;20;44
1121;20;40
1122;24;36
1123;28;36
1124;28;32
1125;44;32
1126;36;32
1127;36;28
1128;36;28
1129;36;24
1130;44;24
1131;44;20
1132;44;20
1133;48;20
1134;48;20
1135;52;16
1136;52;16
1137;48;16
1138;56;20
1139;60;20
1140;60;20
1141;60;24
1142;64;24
1143;68;28
1144;68;32
1145;72;36
1146;72;40
1147;72;44
1148;76;48
1149;76;48
1150;80;48
1151;88;52
1152;84;52
1153;84;56
1154;88;52
1155;88;52
1156;88;56
1157;92;56
1158;88;52
1159;96;52
1160;100;52
1161;100;52
1162;100;52
1163;104;52
1164;104;52
1165;100;52
1166;108;52
1167;112;52
1168;116;48
1169;116;48
1170;120;48
1171;116;48
1172;124;48
1173;120;44
1174;124;48
1175;124;48
1176;128;48
1177;128;44
1178;128;44
1179;136;44
1180;132;44
1181;136;44
1182;136;44
1183;140;40
1184;140;44
1185;140;44
1186;148;44
1187;144;44
1188;148;44
1189;148;44
1190;148;40
1191;148;44
1192;148;44
1193;164;40
1194;152;40
1195;156;40
1196;156;36
1197;156;40
1198;156;36
1199;160;36
1200;152;36
1201;164;32
1202;164;28
1203;164;28
1204;168;24
1205;160;24
1206;168;24
1207;164;20
1208;172;20
1209;172;20
1210;176;20
1211;176;16
1212;180;20
1213;176;16
1214;180;16
1215;180;16
1216;180;16
1217;184;16
1218;184;20
1219;184;20
1220;184;24
1221;184;24
1222;188;28
1223;188;32
1224;188;32
1225;188;36
1226;192;36
1227;192;40
1228;192;44
1229;192;44
1230;192;48
1231;192;52
1232;192;52
1233;196;52
1234;192;52
1235;196;52
1236;196;52
1237;196;52
1238;196;52
1239;196;52
1240;208;56
1241;200;52
1242;196;52
1243;200;52
1244;200;52
1245;200;52
1246;200;52
1247;196;52
1248;200;48
1249;200;48
1250;200;48
1251;200;48
1252;200;48
1253;200;48
1254;200;48
1255;200;48
1256;200;44
1257;200;48
1258;200;44
1259;200;44
1260;200;44
1261;196;44
1262;200;44
1263;200;44
1264;200;44
1265;200;44
1266;200;44
1267;200;44
1268;200;44
1269;200;44
1270;200;44
1271;200;44
1272;200;44
1273;200;40
1274;196;40
1275;220;40
1276;196;40
1277;196;40
1278;196;40
1279;196;44
1280;192;40
1281;196;44
1282;200;40
1283;192;40
1284;196;40
1285;192;40
1286;192;40
1287;184;40
1288;192;44
1289;192;40
1290;188;40
1291;188;40
1292;188;40
1293;188;44
1294;176;40
1295;188;40
1296;184;40
1297;184;36
1298;180;36
1299;180;36
1300;180;32
1301;176;32
1302;180;28
1303;180;28
1304;176;24
1305;176;24
1306;176;24
1307;176;20
1308;172;20
1309;172;16
1310;172;16
1311;168;16
1312;168;16
1313;168;16
1314;168;16
1315;152;16
1316;164;20
1317;160;20
1318;160;20
1319;160;24
1320;156;28
1321;156;32
1322;168;-52
1323;152;-48
1324;152;-48
1325;152;-48
1326;148;-44
1327;148;-40
1328;148;-40
1329;148;-36
1330;144;-36
1331;144;-32
1332;140;-32
1333;136;-36
1334;136;-32
1335;136;-28
1336;136;-32
1337;132;-32
1338;132;-28
1339;132;-32
1340;128;-32
1341;128;-32
1342;124;-32
1343;116;-36
1344;120;-32
1345;120;-36
1346;116;-36
1347;116;-32
1348;112;-32
1349;112;-36
1350;100;-36
1351;108;-40
1352;104;-36
1353;104;-36
1354;104;-36
1355;100;-40
1356;100;-36
1357;84;-40
1358;96;-40
1359;92;-40
1360;92;-40
1361;88;-40
1362;88;-40
1363;80;-40
1364;100;-40
1365;80;-40
1366;80;-40
1367;76;-40
1368;76;-40
1369;76;-40
1370;72;-40
1371;68;-40
1372;68;-40
1373;64;-40
1374;60;-44
1375;60;-44
1376;52;-40
1377;52;-40
1378;52;-40
1379;48;-40
1380;52;-40
1381;48;-40
1382;44;-44
1383;44;-44
1384;40;-44
1385;36;-44
1386;40;-44
1387;36;-48
1388;32;-48
1389;32;-52
1390;32;-52
1391;28;-56
1392;24;-56
1393;24;-60
1394;20;-60
1395;16;-60
1396;16;-64
1397;4;-60
1398;12;-64
1399;8;-64
1400;8;-64
1401;8;-64
1402;4;-64
1403;4;-64
1404;8;-64
1405;0;-64
1406;-4;-60
1407;-8;-60
1408;-12;-56
1409;-8;-56
1410;-12;-56
1411;-16;-52
1412;-20;-48
1413;-20;-44
1414;-20;-44
1415;-24;-44
1416;-24;-40
1417;-28;-36
1418;-24;-36
1419;-32;-32
1420;-36;-32
1421;-36;-32
1422;-40;-32
1423;-40;-32
1424;-44;-32
1425;-40;-28
1426;-48;-28
1427;-48;-28
1428;-48;-32
1429;-52;-32
1430;-56;-32
1431;-56;-32
1432;-60;-32
1433;-60;-32
1434;-60;-32
1435;-64;-32
1436;-68;-32
1437;-68;-36
1438;-72;-36
1439;-96;-36
1440;-72;-36
1441;-76;-40
1442;-76;-40
1443;-80;-36
1444;-84;-40
1445;-84;-40
1446;-96;-40
1447;-88;-40
1448;-88;-40
1449;-92;-36
1450;-92;-40
1451;-88;-40
1452;-96;-40
1453;-100;-40
1454;-100;-44
1455;-104;-40
1456;-104;-40
1457;-104;-40
1458;-108;-40
1459;-108;-40
1460;-112;-40
1461;-116;-40
1462;-116;-40
1463;-116;-40
1464;-120;-40
1465;-120;-44
1466;-124;-40
1467;-124;-44
1468;-124;-40
1469;-124;-44
1470;-132;-44
1471;-128;-40
1472;-136;-40
1473;-132;-40
1474;-136;-44
1475;-136;-44
1476;-140;-44
1477;-140;-44
1478;-140;-44
1479;-128;-44
1480;-140;-48
1481;-144;-52
1482;-144;-52
1483;-148;-56
1484;-148;-56
1485;-152;-56
1486;-152;-56
1487;-152;-60
1488;-152;-60
1489;-152;-60
1490;-156;-64
1491;-160;-60
1492;-156;-64
1493;-164;-64
1494;-160;-68
1495;-160;-68
1496;-160;-64
1497;-164;-64
1498;-164;-64
1499;-164;-56
1500;-172;-56
1501;-168;-52
1502;-168;-52
1503;-168;-48
1504;-168;-44
1505;-172;-40
1506;-176;-40
1507;-184;-36
1508;-172;-36
1509;-176;-32
1510;-176;-32
1511;-176;-32
1512;-176;-32
1513;-180;-32
1514;-172;-32
1515;-180;-28
1516;-184;-32
1517;-180;-28
1518;-180;-32
1519;-176;-32
1520;-184;-32
1521;-172;-32
1522;-188;-32
1523;-184;-32
1524;-184;-32
1525;-184;-32
1526;-184;-32
1527;-188;-32
1528;-188;-36
1529;-188;-36
1530;-188;52
1531;-188;52
1532;-188;52
1533;-196;52
1534;-188;52
1535;-188;48
1536;-192;48
1537;-192;48
1538;-188;44
1539;-192;44
1540;-192;44
1541;-192;40
1542;-192;40
1543;-188;36
1544;-188;32
1545;-192;32
1546;-188;32
1547;-188;32
1548;-188;28
1549;-192;24
1550;-192;28
1551;-188;24
1552;-188;24
1553;-188;20
1554;-196;24
1555;-188;20
1556;-188;24
1557;-188;24
1558;-184;24
1559;-184;24
1560;-184;28
1561;-188;32
1562;-184;32
1563;-184;36
1564;-180;36
1565;-184;40
1566;-184;40
1567;-180;44
1568;-180;48
1569;-180;48
1570;-180;52
1571;-180;52
1572;-176;52
1573;-176;56
1574;-172;56
1575;-164;60
1576;-172;56
1577;-172;60
1578;-172;60
1579;-172;60
1580;-168;60
1581;-168;56
1582;-160;56
1583;-164;56
1584;-164;56
1585;-164;56
1586;-164;56
1587;-164;56
1588;-160;52
1589;-156;56
1590;-156;52
1591;-156;52
1592;-156;52
1593;-152;52
1594;-156;52
1595;-152;52
1596;-172;52
1597;-148;52
1598;-148;48
1599;-144;48
1600;-144;48
1601;-148;48
1602;-140;52
1603;-148;48
1604;-140;48
1605;-140;48
1606;-140;48
1607;-136;48
1608;-128;44
1609;-132;48
1610;-128;48
1611;-128;48
1612;-128;48
1613;-128;48
1614;-124;48
1615;-120;44
1616;-124;48
1617;-120;48
1618;-112;44
1619;-116;48
1620;-112;44
1621;-112;44
1622;-112;44
1623;-108;44
1624;-108;40
1625;-104;40
1626;-104;40
1627;-100;36
1628;-100;36
1629;-96;32
1630;-96;32
1631;-96;28
1632;-92;28
1633;-88;28
1634;-88;24
1635;-88;24
1636;-76;24
1637;-84;20
1638;-80;20
1639;-80;24
1640;-80;20
1641;-76;20
1642;-72;20
1643;-72;24
1644;-68;24
1645;-68;28
1646;-64;28
1647;-64;32
1648;-60;32
1649;-60;36
1650;-60;40
1651;-56;40
1652;-52;40
1653;-48;44
1654;-48;48
1655;-44;48
1656;-44;52
1657;-44;52
1658;-40;56
1659;-40;56
1660;-36;56
1661;-36;56
1662;-32;56
1663;-32;56
1664;-36;56
1665;-24;56
1666;-24;56
1667;-20;56
1668;-20;56
1669;-12;56
1670;-16;56
1671;0;56
1672;-12;52
1673;-12;56
1674;-4;56
1675;-4;52
1676;0;52
1677;0;52
1678;12;52
1679;4;52
1680;8;52
1681;8;52
1682;12;48
1683;12;48
1684;16;48
1685;16;48
1686;20;48
1687;20;48
1688;24;48
1689;24;48
1690;16;48
1691;28;48
1692;32;48
1693;32;48
1694;36;48
1695;36;48
1696;40;48
1697;40;48
1698;44;48
1699;44;48
1700;48;44
1701;52;48
1702;52;48
1703;56;48
1704;56;48
1705;56;48
1706;60;44
1707;60;48
1708;64;44
1709;68;48
1710;68;44
1711;60;44
1712;72;44
1713;72;44
1714;76;44
1715;80;44
1716;80;44
1717;84;40
1718;88;40
1719;88;36
1720;88;36
1721;92;32
1722;92;32
1723;96;32
1724;96;32
1725;104;28
1726;100;24
1727;100;24
1728;104;20
1729;104;24
1730;108;20
1731;108;20
1732;120;20
1733;112;24
1734;112;24
1735;116;24
1736;120;24
1737;120;28
1738;120;-8
1739;124;-8
1740;124;-8
1741;128;-4
1742;128;-4
1743;132;0
1744;132;0
1745;132;4
1746;128;4
1747;136;4
1748;140;8
1749;140;4
1750;140;8
1751;144;8
1752;144;8
1753;132;8
1754;148;8
1755;148;8
1756;148;8
1757;148;8
1758;156;4
1759;156;4
1760;176;4
1761;160;8
1762;160;4
1763;160;4
1764;160;4
1765;164;4
1766;164;4
1767;168;4
1768;168;4
1769;168;0
1770;168;4
1771;168;0
1772;164;4
1773;176;4
1774;176;4
1775;176;4
1776;176;4
1777;176;4
1778;180;4
1779;180;4
1780;176;4
1781;180;0
1782;184;4
1783;184;4
1784;184;4
1785;188;8
1786;188;8
1787;188;8
1788;188;8
1789;188;8
1790;188;8
1791;188;12
1792;192;16
1793;188;12
1794;192;12
1795;192;12
1796;196;16
1797;196;12
1798;192;16
1799;196;16
1800;184;16
1801;196;12
1802;196;16
1803;196;12
1804;200;12
1805;200;12
1806;200;12
1807;196;12
1808;200;12
1809;200;12
1810;200;12
1811;200;12
1812;200;8
1813;200;8
1814;208;12
1815;204;8
1816;200;8
1817;204;8
1818;204;8
1819;204;8
1820;200;8
1821;208;8
1822;200;8
1823;200;8
1824;204;8
1825;200;8
1826;204;8
1827;204;8
1828;208;8
1829;200;8
1830;200;8
1831;200;4
1832;200;8
1833;200;8
1834;200;4
1835;184;8
1836;200;4
1837;200;8
1838;200;4
1839;200;4
1840;192;8
1841;200;8
1842;192;8
1843;196;8
1844;196;8
1845;196;4
1846;196;8
1847;196;8
1848;196;8
1849;196;8
1850;192;4
1851;192;4
1852;192;4
1853;192;4
1854;196;4
1855;188;0
1856;188;0
1857;188;-4
1858;188;-4
1859;188;-4
1860;184;-8
1861;188;-8
1862;184;-12
1863;184;-12
1864;180;-16
1865;184;-16
1866;176;-20
1867;180;-20
1868;176;-16
1869;180;-20
1870;176;-20
1871;176;-20
1872;176;-20
1873;176;-16
1874;172;-16
1875;184;-12
1876;172;-8
1877;168;-4
1878;168;0
1879;168;0
1880;160;4
1881;164;8
1882;164;8
1883;160;8
1884;160;12
1885;160;16
1886;156;16
1887;156;20
1888;156;16
1889;152;16
1890;152;20
1891;152;16
1892;148;16
1893;144;16
1894;148;16
1895;144;16
1896;140;16
1897;140;16
1898;136;16
1899;140;16
1900;136;12
1901;136;16
1902;132;12
1903;120;12
1904;128;12
1905;128;12
1906;128;12
1907;124;12
1908;124;12
1909;120;12
1910;128;8
1911;116;8
1912;116;8
1913;112;8
1914;112;8
1915;112;8
1916;108;8
1917;120;8
1918;104;8
1919;100;8
1920;100;8
1921;96;8
1922;96;8
1923;92;8
1924;92;8
1925;92;4
1926;88;4
1927;84;8
1928;80;4
1929;72;8
1930;80;8
1931;80;4
1932;76;4
1933;72;4
1934;72;4
1935;68;4
1936;68;4
1937;64;4
1938;64;4
1939;60;4
1940;60;4
1941;56;8
1942;52;8
1943;56;8
1944;52;4
1945;48;8
1946;48;8
1947;44;-32
1948;40;-32
1949;40;-32
1950;28;-36
1951;36;-36
1952;32;-36
1953;32;-40
1954;28;-44
1955;28;-44
1956;24;-44
1957;32;-44
1958;24;-48
1959;20;-48
1960;16;-48
1961;16;-52
1962;12;-52
1963;8;-52
1964;12;-56
1965;4;-52
1966;8;-56
1967;4;-56
1968;4;-56
1969;0;-52
1970;-4;-52
1971;0;-52
1972;-8;-48
1973;-8;-48
1974;-12;-48
1975;-12;-44
1976;-16;-40
1977;-20;-40
1978;-20;-40
1979;-24;-36
1980;-24;-32
1981;-28;-32
1982;-28;-28
1983;-32;-28
1984;-32;-24
1985;-40;-24
1986;-36;-20
1987;-40;-20
1988;-40;-20
1989;-44;-20
1990;-48;-20
1991;-48;-20
1992;-72;-20
1993;-52;-20
1994;-52;-20
1995;-52;-20
1996;-56;-20
1997;-60;-24
1998;-60;-24
1999;-64;-24
2000;-64;-24
2001;-68;-24
2002;-68;-24
2003;-72;-24
2004;-68;-24
2005;-72;-28
2006;-76;-28
2007;-80;-24
2008;-80;-24
2009;-84;-28
2010;-84;-28
2011;-88;-28
2012;-88;-28
2013;-92;-28
2014;-92;-28
2015;-92;-28
2016;-96;-28
2017;-100;-28
2018;-100;-28
2019;-100;-28
2020;-104;-28
2021;-108;-32
2022;-112;-32
2023;-108;-28
2024;-112;-32
2025;-108;-32
2026;-116;-28
2027;-116;-32
2028;-116;-32
2029;-120;-28
2030;-124;-32
2031;-124;-32
2032;-124;-32
2033;-128;-32
2034;-128;-32
2035;-132;-32
2036;-132;-32
2037;-132;-32
2038;-132;-32
2039;-144;-32
2040;-140;-32
2041;-140;-32
2042;-140;-32
2043;-144;-32
2044;-144;-36
2045;-148;-32
2046;-148;-36
2047;-148;-36
2048;-148;-40
2049;-148;-40
2050;-152;-40
2051;-148;-40
2052;-156;-44
2053;-152;-44
2054;-156;-48
2055;-156;-48
2056;-160;-52
2057;-160;-52
2058;-160;-52
2059;-164;-52
2060;-160;-52
2061;-164;-52
2062;-168;-56
2063;-168;-56
2064;-168;-56
2065;-172;-52
2066;-168;-52
2067;-168;-48
2068;-172;-48
2069;-172;-48
2070;-176;-44
2071;-172;-44
2072;-176;-40
2073;-176;-40
2074;-200;-40
2075;-180;-36
2076;-180;-32
2077;-180;-32
2078;-180;-28
2079;-180;-24
2080;-180;-24
2081;-192;-20
2082;-184;-20
2083;-184;-20
2084;-184;-20
2085;-184;-20
2086;-176;-20
2087;-184;-20
2088;-184;-20
2089;-188;-20
2090;-188;-20
2091;-188;-20
2092;-188;-20
2093;-188;-24
2094;-192;-24
2095;-188;-20
2096;-188;-20
2097;-188;-24
2098;-188;-24
2099;-188;-24
2100;-188;-24
2101;-188;-24
2102;-192;-28
2103;-188;-28
2104;-188;-28
2105;-192;-28
2106;-188;-32
2107;-188;-28
2108;-188;-32
2109;-192;-28
2110;-188;-28
2111;-192;-28
2112;-188;-32
2113;-192;-28
2114;-180;-32
2115;-188;-28
2116;-192;-28
2117;-188;-32
2118;-188;-32
2119;-188;-32
2120;-188;-32
2121;-188;-28
2122;-188;-28
2123;-188;-28
2124;-184;-32
2125;-184;-32
2126;-184;-32
2127;-184;-32
2128;-188;-32
2129;-184;-32
2130;-184;-32
2131;-184;-32
2132;-180;-28
2133;-180;-32
2134;-180;-32
2135;-180;-32
2136;-176;-32
2137;-176;-32
2138;-176;-32
2139;-176;-36
2140;-176;-36
2141;-172;-36
2142;-180;-40
2143;-172;-40
2144;-172;-40
2145;-168;-44
2146;-168;-44
2147;-164;-44
2148;-164;-48
2149;-152;-48
2150;-164;-52
2151;-160;-52
2152;-160;-52
2153;-160;-52
2154;-156;-52
2155;-156;36
2156;-144;36
2157;-156;36
2158;-156;36
2159;-152;36
2160;-148;40
2161;-148;40
2162;-148;40
2163;-148;44
2164;-144;44
2165;-144;48
2166;-140;52
2167;-140;52
2168;-144;56
2169;-136;60
2170;-136;60
2171;-136;64
2172;-132;64
2173;-136;68
2174;-132;68
2175;-128;68
2176;-128;72
2177;-124;72
2178;-124;72
2179;-124;72
2180;-120;72
2181;-120;68
2182;-112;72
2183;-116;72
2184;-116;72
2185;-112;72
2186;-112;68
2187;-112;68
2188;-104;72
2189;-112;72
2190;-104;68
2191;-104;68
2192;-100;68
2193;-96;68
2194;-96;68
2195;-96;64
2196;-96;64
2197;-88;64
2198;-88;64
2199;-84;64
2200;-84;64
2201;-84;64
2202;-80;64
2203;-76;64
2204;-76;64
2205;-72;60
2206;-72;60
2207;-72;60
2208;-68;64
2209;-68;64
2210;-60;60
2211;-64;60
2212;-60;60
2213;-60;60
2214;-60;60
2215;-52;60
2216;-52;60
2217;-48;60
2218;-48;60
2219;-48;60
2220;-40;60
2221;-44;56
2222;-40;60
2223;-36;60
2224;-32;60
2225;-36;60
2226;-32;60
2227;-32;60
2228;-28;60
2229;-28;60
2230;-20;60
2231;-40;60
2232;-20;60
2233;-16;60
2234;-16;60
2235;-12;60
2236;-16;60
2237;-8;60
2238;-16;60
2239;-4;56
2240;-4;56
2241;0;52
2242;4;52
2243;8;48
2244;8;52
2245;8;48
2246;12;44
2247;12;44
2248;16;44
2249;16;40
2250;20;40
2251;24;40
2252;20;36
2253;24;32
2254;24;36
2255;28;32
2256;32;32
2257;36;36
2258;36;36
2259;36;36
2260;40;40
2261;44;40
2262;44;40
2263;44;44
2264;48;44
2265;52;48
2266;52;52
2267;52;52
2268;56;56
2269;56;60
2270;60;60
2271;76;64
2272;64;64
2273;68;68
2274;68;68
2275;68;68
2276;72;68
2277;72;72
2278;76;72
2279;76;72
2280;80;72
2281;80;76
2282;80;72
2283;84;72
2284;88;72
2285;88;72
2286;92;72
2287;92;72
2288;96;68
2289;96;68
2290;100;68
2291;100;68
2292;96;68
2293;104;68
2294;104;64
2295;108;64
2296;108;68
2297;112;64
2298;112;64
2299;104;64
2300;116;64
2301;120;64
2302;120;64
2303;124;64
2304;132;64
2305;124;64
2306;136;64
2307;132;64
2308;132;64
2309;132;60
2310;132;60
2311;136;60
2312;140;60
2313;148;60
2314;144;60
2315;144;60
2316;144;64
2317;144;60
2318;144;60
2319;148;60
2320;148;60
2321;152;60
2322;152;60
2323;156;60
2324;156;60
2325;148;60
2326;160;60
2327;160;60
2328;160;60
2329;164;56
2330;164;60
2331;164;56
2332;164;56
2333;164;52
2334;172;52
2335;168;52
2336;172;48
2337;172;44
2338;172;44
2339;172;40
2340;176;40
2341;176;40
2342;180;40
2343;180;40
2344;180;36
2345;180;36
2346;172;36
2347;180;36
2348;188;36
2349;184;36
2350;188;36
2351;188;36
2352;184;36
2353;192;40
2354;188;40
2355;188;44
2356;188;48
2357;192;48
2358;192;52
2359;192;52
2360;196;60
2361;196;60
2362;192;60
2363;192;64
2364;196;-16
2365;196;-16
2366;196;-12
2367;200;-12
2368;200;-12
2369;196;-12
2370;200;-8
2371;200;-12
2372;200;-12
2373;200;-12
2374;200;-12
2375;200;-12
2376;200;-12
2377;204;-12
2378;204;-12
2379;200;-12
2380;200;-12
2381;200;-16
2382;200;-16
2383;204;-16
2384;204;-16
2385;204;-16
2386;200;-16
2387;200;-20
2388;176;-20
2389;200;-20
2390;204;-20
2391;204;-20
2392;200;-20
2393;200;-20
2394;200;-20
2395;196;-20
2396;200;-20
2397;204;-20
2398;200;-20
2399;200;-20
2400;208;-20
2401;200;-20
2402;200;-24
2403;200;-20
2404;200;-20
2405;200;-20
2406;196;-24
2407;196;-20
2408;200;-20
2409;200;-20
2410;196;-24
2411;196;-24
2412;196;-24
2413;192;-24
2414;196;-24
2415;192;-24
2416;192;-24
2417;188;-24
2418;192;-24
2419;188;-20
2420;192;-24
2421;188;-24
2422;188;-24
2423;184;-28
2424;184;-24
2425;184;-28
2426;184;-28
2427;184;-32
2428;176;-32
2429;184;-32
2430;180;-36
2431;180;-36
2432;180;-40
2433;176;-40
2434;180;-40
2435;180;-44
2436;176;-44
2437;176;-44
2438;172;-48
2439;176;-48
2440;172;-48
2441;172;-48
2442;172;-44
2443;168;-44
2444;164;-44
2445;164;-44
2446;164;-40
2447;164;-40
2448;160;-36
2449;168;-32
2450;160;-32
2451;160;-24
2452;156;-20
2453;152;-20
2454;152;-16
2455;152;-16
2456;152;-12
2457;152;-16
2458;148;-12
2459;144;-12
2460;144;-12
2461;140;-12
2462;140;-12
2463;144;-12
2464;136;-12
2465;136;-12
2466;132;-12
2467;136;-12
2468;132;-12
2469;132;-16
2470;108;-16
2471;128;-16
2472;124;-16
2473;124;-16
2474;120;-16
2475;112;-16
2476;120;-16
2477;104;-20
2478;116;-20
2479;112;-16
2480;108;-20
2481;108;-20
2482;108;-20
2483;104;-20
2484;104;-20
2485;100;-20
2486;96;-20
2487;96;-20
2488;96;-20
2489;96;-20
2490;92;-20
2491;88;-20
2492;84;-24
2493;80;-24
2494;80;-20
2495;80;-24
2496;76;-24
2497;76;-20
2498;72;-24
2499;72;-20
2500;68;-20
2501;68;-24
2502;68;-24
2503;64;-24
2504;64;-24
2505;64;-24
2506;60;-24
2507;56;-24
2508;56;-28
2509;52;-28
2510;64;-28
2511;48;-32
2512;44;-32
2513;40;-32
2514;40;-36
2515;40;-36
2516;36;-40
2517;32;-40
2518;32;-40
2519;32;-44
2520;28;-44
2521;28;-48
2522;24;-44
2523;24;-48
2524;16;-44
2525;16;-44
2526;12;-48
2527;16;-48
2528;12;-44
2529;12;-44
2530;8;-40
2531;0;-40
2532;4;-36
2533;0;-36
2534;4;-32
2535;-4;-32
2536;-4;-24
2537;-4;-24
2538;-20;-24
2539;-12;-20
2540;-12;-20
2541;-16;-16
2542;-16;-16
2543;-16;-16
2544;-20;-12
2545;-12;-12
2546;-28;-12
2547;-28;-12
2548;-32;-8
2549;-32;-12
2550;-32;-12
2551;-36;-12
2552;-28;-12
2553;-40;-12
2554;-40;-12
2555;-44;-12
2556;-44;-12
2557;-48;-16
2558;-48;-16
2559;-52;-16
2560;-52;-16
2561;-56;-16
2562;-56;-20
2563;-56;-16
2564;-68;-16
2565;-64;-20
2566;-64;-16
2567;-68;-20
2568;-68;-20
2569;-72;-16
2570;-72;-20
2571;-80;-16
2572;-76;4
2573;-84;8
2574;-84;8
2575;-84;4
2576;-84;4
2577;-84;4
2578;-88;0
2579;-92;0
2580;-92;0
2581;-96;-4
2582;-96;-4
2583;-100;-8
2584;-100;-8
2585;-112;-8
2586;-104;-12
2587;-104;-12
2588;-108;-16
2589;-108;-16
2590;-108;-16
2591;-112;-20
2592;-108;-20
2593;-116;-20
2594;-116;-20
2595;-120;-20
2596;-124;-20
2597;-124;-20
2598;-124;-20
2599;-124;-16
2600;-128;-16
2601;-132;-12
2602;-132;-8
2603;-132;-4
2604;-132;0
2605;-132;0
2606;-132;4
2607;-140;4
2608;-140;12
2609;-140;12
2610;-144;12
2611;-140;12
2612;-144;12
2613;-144;16
2614;-148;16
2615;-152;16
2616;-152;16
2617;-152;16
2618;-156;12
2619;-156;16
2620;-156;12
2621;-156;12
2622;-156;16
2623;-160;12
2624;-160;16
2625;-164;12
2626;-160;12
2627;-188;12
2628;-164;12
2629;-168;12
2630;-168;12
2631;-168;12
2632;-172;8
2633;-168;8
2634;-176;8
2635;-172;8
2636;-172;8
2637;-172;8
2638;-172;8
2639;-168;4
2640;-176;4
2641;-176;4
2642;-180;4
2643;-176;4
2644;-180;4
2645;-176;4
2646;-180;4
2647;-180;4
2648;-184;8
2649;-180;4
2650;-184;4
2651;-184;4
2652;-184;4
2653;-184;4
2654;-184;4
2655;-184;4
2656;-184;0
2657;-188;0
2658;-188;4
2659;-184;4
2660;-180;0
2661;-188;4
2662;-188;8
2663;-188;4
2664;-188;0
2665;-188;4
2666;-192;4
2667;-192;0
2668;-188;-4
2669;-188;-4
2670;-188;-8
2671;-188;-4
2672;-188;-8
2673;-188;-12
2674;-200;-12
2675;-188;-12
2676;-188;-16
2677;-188;-16
2678;-192;-16
2679;-188;-16
2680;-192;-16
2681;-192;-20
2682;-188;-20
2683;-188;-20
2684;-188;-20
2685;-188;-20
2686;-184;-20
2687;-188;-20
2688;-184;-16
2689;-188;-16
2690;-184;-16
2691;-184;-8
2692;-184;-4
2693;-180;-4
2694;-184;0
2695;-180;4
2696;-184;4
2697;-184;8
2698;-180;12
2699;-180;12
2700;-180;12
2701;-180;16
2702;-160;16
2703;-176;16
2704;-176;16
2705;-172;16
2706;-172;16
2707;-176;16
2708;-172;16
2709;-176;16
2710;-168;16
2711;-168;12
2712;-168;12
2713;-168;16
2714;-172;12
2715;-164;12
2716;-160;12
2717;-160;12
2718;-160;8
2719;-156;12
2720;-156;12
2721;-156;8
2722;-152;8
2723;-156;8
2724;-152;8
2725;-152;4
2726;-152;8
2727;-148;8
2728;-148;8
2729;-144;4
2730;-144;8
2731;-140;4
2732;-140;4
2733;-140;4
2734;-140;4
2735;-136;4
2736;-136;4
2737;-132;4
2738;-132;4
2739;-132;8
2740;-128;4
2741;-124;4
2742;-132;4
2743;-128;4
2744;-124;4
2745;-124;4
2746;-120;0
2747;-116;0
2748;-116;0
2749;-104;0
2750;-112;-4
2751;-112;0
2752;-108;-4
2753;-108;-8
2754;-104;-8
2755;-108;-8
2756;-108;-12
2757;-100;-16
2758;-100;-16
2759;-96;-16
2760;-96;-20
2761;-92;-20
2762;-92;-20
2763;-88;-20
2764;-88;-20
2765;-84;-20
2766;-80;-24
2767;-84;-20
2768;-80;-20
2769;-76;-16
2770;-80;-16
2771;-72;-12
2772;-72;-8
2773;-72;-4
2774;-68;-4
2775;-64;0
2776;-64;8
2777;-64;8
2778;-60;12
2779;-56;16
2780;-60;64
2781;-56;68
2782;-52;68
2783;-52;68
2784;-28;68
2785;-44;68
2786;-44;68
2787;-40;68
2788;-40;68
2789;-40;68
2790;-36;64
2791;-32;64
2792;-32;64
2793;-32;64
2794;-28;64
2795;-24;64
2796;-28;60
2797;-20;60
2798;-16;60
2799;-16;60
2800;-12;60
2801;-12;60
2802;-12;60
2803;-16;60
2804;-4;60
2805;-4;56
2806;-4;56
2807;0;60
2808;0;56
2809;4;56
2810;8;56
2811;8;56
2812;12;56
2813;16;52
2814;16;56
2815;20;56
2816;20;52
2817;24;56
2818;24;52
2819;28;52
2820;28;52
2821;32;52
2822;32;52
2823;36;48
2824;28;48
2825;36;44
2826;40;40
2827;40;40
2828;44;40
2829;44;40
2830;48;36
2831;48;32
2832;52;32
2833;52;32
2834;56;32
2835;60;32
2836;64;32
2837;64;28
2838;68;28
2839;68;32
2840;68;32
2841;72;32
2842;72;36
2843;76;36
2844;76;36
2845;84;40
2846;80;40
2847;84;44
2848;84;48
2849;84;48
2850;88;52
2851;88;56
2852;92;56
2853;96;60
2854;100;60
2855;96;60
2856;100;64
2857;100;64
2858;104;68
2859;104;68
2860;108;68
2861;108;68
2862;112;68
2863;108;68
2864;112;64
2865;116;68
2866;96;64
2867;120;64
2868;120;64
2869;124;64
2870;128;64
2871;124;64
2872;132;64
2873;120;64
2874;132;60
2875;132;60
2876;132;60
2877;136;60
2878;144;60
2879;140;56
2880;140;56
2881;144;60
2882;148;60
2883;148;60
2884;144;60
2885;152;60
2886;152;56
2887;152;56
2888;152;56
2889;156;56
2890;156;56
2891;156;56
2892;160;56
2893;160;56
2894;164;56
2895;160;56
2896;164;56
2897;164;56
2898;168;56
2899;172;56
2900;168;56
2901;168;56
2902;172;52
2903;172;52
2904;176;52
2905;176;52
2906;184;52
2907;176;48
2908;180;48
2909;180;48
2910;180;44
2911;180;44
2912;184;40
2913;184;40
2914;184;36
2915;188;40
2916;188;36
2917;188;32
2918;188;36
2919;188;32
2920;188;32
2921;192;28
2922;192;28
2923;192;28
2924;192;28
2925;192;32
2926;196;32
2927;192;32
2928;196;36
2929;196;40
2930;196;40
2931;196;44
2932;200;48
2933;196;52
2934;192;56
2935;200;56
2936;200;60
2937;200;60
2938;200;64
2939;204;64
2940;200;64
2941;216;64
2942;200;64
2943;200;64
2944;200;68
2945;204;68
2946;204;68
2947;204;64
2948;212;68
2949;204;64
2950;204;64
2951;200;64
2952;204;64
2953;200;64
2954;204;60
2955;204;60
2956;204;60
2957;204;60
2958;204;56
2959;204;60
2960;196;60
2961;204;60
2962;204;60
2963;204;60
2964;200;60
2965;204;56
2966;200;56
2967;200;56
2968;200;56
2969;200;56
2970;200;56
2971;200;56
2972;200;56
2973;200;52
2974;200;52
2975;200;56
2976;200;52
2977;196;52
2978;196;52
2979;196;52
2980;196;52
2981;184;52
2982;192;52
2983;196;56
2984;192;56
2985;192;52
2986;192;56
2987;192;52
2988;192;52
2989;188;52
2990;188;52
2991;188;-40
2992;184;-40
2993;188;-44
2994;184;-44
2995;188;-48
2996;184;-48
2997;184;-48
2998;180;-48
2999;180;-52
3000;180;-52
3001;180;-52
3002;184;-56
3003;176;-56
3004;172;-56
3005;172;-56
3006;172;-60
3007;172;-60
3008;168;-60
3009;172;-60
3010;168;-60
3011;168;-60
3012;164;-60
3013;164;-60
3014;164;-56
3015;160;-56
3016;160;-52
3017;160;-52
3018;156;-48
3019;156;-48
3020;156;-48
3021;152;-44
3022;152;-40
3023;128;-40
3024;148;-36
3025;148;-36
3026;148;-28
3027;144;-28
3028;140;-32
3029;140;-28
3030;132;-28
3031;136;-28
3032;136;-24
3033;136;-24
3034;132;-28
3035;140;-24
3036;128;-24
3037;128;-24
3038;128;-28
3039;124;-28
3040;120;-28
3041;120;-28
3042;120;-28
3043;116;-28
3044;116;-28
3045;112;-28
3046;112;-28
3047;108;-32
3048;112;-32
3049;108;-32
3050;104;-32
3051;100;-32
3052;96;-32
3053;100;-32
3054;100;-36
3055;92;-36
3056;96;-36
3057;92;-36
3058;88;-36
3059;84;-36
3060;88;-36
3061;80;-36
3062;80;-36
3063;84;-36
3064;76;-40
3065;76;-36
3066;72;-36
3067;68;-36
3068;68;-36
3069;64;-36
3070;56;-36
3071;64;-36
3072;60;-36
3073;56;-36
3074;56;-36
3075;56;-40
3076;48;-36
3077;44;-36
3078;48;-36
3079;44;-40
3080;44;-40
3081;40;-40
3082;40;-40
3083;36;-44
3084;32;-44
3085;32;-44
3086;32;-48
3087;24;-52
3088;24;-52
3089;24;-52
3090;20;-56
3091;20;-56
3092;16;-56
3093;16;-60
3094;16;-60
3095;8;-60
3096;8;-60
3097;8;-60
3098;28;-60
3099;4;-60
3100;0;-60
3101;0;-60
3102;-4;-56
3103;-8;-56
3104;-8;-52
3105;-12;-52
3106;-12;-52
3107;-12;-48
3108;-16;-44
3109;-20;-44
3110;-28;-40
3111;-24;-36
3112;-28;-36
3113;-28;-36
3114;-28;-32
3115;-32;-32
3116;-32;-28
3117;-28;-28
3118;-40;-28
3119;-40;-28
3120;-44;-24
3121;-44;-28
3122;-44;-24
3123;-48;-28
3124;-48;-28
3125;-52;-28
3126;-56;-28
3127;-56;-28
3128;-56;-28
3129;-64;-28
3130;-64;-32
3131;-60;-28
3132;-68;-28
3133;-68;-28
3134;-72;-32
3135;-72;-32
3136;-76;-32
3137;-76;-32
3138;-72;-32
3139;-80;-32
3140;-80;-36
3141;-84;-36
3142;-88;-36
3143;-88;-32
3144;-92;-36
3145;-80;-40
3146;-96;-36
3147;-96;-36
3148;-96;-36
3149;-100;-36
3150;-104;-36
3151;-104;-36
3152;-108;-36
3153;-108;-36
3154;-108;-36
3155;-112;-36
3156;-116;-36
3157;-112;-36
3158;-116;-40
3159;-120;-36
3160;-120;-36
3161;-120;-36
3162;-124;-36
3163;-124;-36
3164;-124;-40
3165;-128;-40
3166;-136;-40
3167;-132;-40
3168;-132;-40
3169;-132;-40
3170;-136;-48
3171;-136;-48
3172;-136;-48
3173;-152;-52
3174;-144;-52
3175;-144;-52
3176;-144;-52
3177;-148;-56
3178;-144;-60
3179;-152;-56
3180;-140;-60
3181;-152;-60
3182;-152;-60
3183;-152;-64
3184;-152;-64
3185;-156;-60
3186;-156;-60
3187;-152;-60
3188;-160;-56
3189;-160;-52
3190;-160;-48
3191;-164;-48
3192;-164;-44
3193;-164;-40
3194;-168;-36
3195;-168;-32
3196;-168;-32
3197;-172;44
3198;-172;44
3199;-180;48
3200;-172;44
3201;-172;48
3202;-176;48
3203;-176;48
3204;-176;48
3205;-180;48
3206;-180;48
3207;-176;48
3208;-180;44
3209;-180;44
3210;-180;44
3211;-184;44
3212;-180;44
3213;-180;44
3214;-184;44
3215;-184;44
3216;-184;40
3217;-184;40
3218;-184;40
3219;-188;40
3220;-196;40
3221;-188;36
3222;-188;40
3223;-188;36
3224;-188;36
3225;-188;36
3226;-188;36
3227;-184;36
3228;-188;40
3229;-188;36
3230;-192;40
3231;-192;40
3232;-188;36
3233;-188;36
3234;-188;36
3235;-192;32
3236;-192;32
3237;-192;36
3238;-192;32
3239;-192;32
3240;-192;32
3241;-184;32
3242;-192;32
3243;-192;28
3244;-192;24
3245;-192;24
3246;-192;24
3247;-192;20
3248;-192;16
3249;-192;16
3250;-188;12
3251;-188;12
3252;-188;12
3253;-188;12
3254;-188;8
3255;-192;12
3256;-188;12
3257;-188;12
3258;-184;8
3259;-184;12
3260;-184;12
3261;-184;16
3262;-204;16
3263;-180;20
3264;-180;20
3265;-180;24
3266;-176;24
3267;-180;28
3268;-180;28
3269;-180;32
3270;-176;36
3271;-176;36
3272;-176;40
3273;-172;44
3274;-160;44
3275;-168;44
3276;-172;48
3277;-172;48
3278;-168;48
3279;-168;48
3280;-164;48
3281;-164;44
3282;-160;48
3283;-164;48
3284;-160;44
3285;-156;48
3286;-160;44
3287;-156;48
3288;-152;44
3289;-152;44
3290;-152;40
3291;-152;44
3292;-152;44
3293;-148;44
3294;-148;44
3295;-140;44
3296;-148;40
3297;-144;36
3298;-140;40
3299;-140;40
3300;-140;40
3301;-140;40
3302;-136;36
3303;-132;40
3304;-132;40
3305;-132;40
3306;-132;36
3307;-124;36
3308;-128;36
3309;-132;36
3310;-124;36
3311;-120;36
3312;-120;36
3313;-116;36
3314;-116;36
3315;-116;36
3316;-120;36
3317;-112;36
3318;-108;36
3319;-112;36
3320;-108;32
3321;-104;36
3322;-104;32
3323;-96;36
3324;-96;32
3325;-96;36
3326;-96;32
3327;-92;36
3328;-88;36
3329;-92;36
3330;-84;36
3331;-84;36
3332;-84;36
3333;-80;36
3334;-80;36
3335;-76;32
3336;-76;32
3337;-56;32
3338;-72;28
3339;-72;28
3340;-68;24
3341;-64;24
3342;-68;20
3343;-60;20
3344;-64;20
3345;-56;16
3346;-56;16
3347;-52;12
3348;-48;12
3349;-60;12
3350;-48;12
3351;-44;12
3352;-44;8
3353;-40;8
3354;-40;8
3355;-36;8
3356;-36;12
3357;-32;12
3358;-28;16
3359;-28;16
3360;-28;20
3361;-28;20
3362;-20;20
3363;-20;24
3364;-20;28
3365;-16;32
3366;-16;32
3367;-12;36
3368;-8;40
3369;-8;40
3370;-4;40
3371;-4;44
3372;-4;44
3373;4;44
3374;4;48
3375;4;48
3376;8;48
3377;8;44
3378;12;44
3379;12;48
3380;20;44
3381;16;48
3382;20;48
3383;24;44
3384;36;44
3385;28;44
3386;28;44
3387;32;44
3388;36;44
3389;32;40
3390;36;40
3391;40;40
3392;44;40
3393;44;36
3394;48;40
3395;48;40
3396;52;36
3397;52;36
3398;52;36
3399;56;40
3400;60;40
3401;60;36
3402;64;40
3403;64;40
3404;68;36
3405;64;28
3406;68;28
3407;72;28
3408;72;24
3409;76;24
3410;76;24
3411;80;20
3412;68;20
3413;84;16
3414;84;16
3415;88;12
3416;92;12
3417;96;8
3418;96;8
3419;96;4
3420;96;8
3421;100;4
3422;104;0
3423;104;0
3424;108;0
3425;104;0
3426;124;-4
3427;108;0
3428;112;-4
3429;112;0
3430;116;0
3431;120;4
3432;120;0
3433;120;8
3434;124;8
3435;124;12
3436;124;12
3437;128;12
3438;124;16
3439;132;20
3440;132;24
3441;132;24
3442;136;28
3443;136;28
3444;140;32
3445;140;32
3446;144;32
3447;144;32
3448;144;36
3449;148;36
3450;148;36
3451;148;36
3452;152;36
3453;152;36
3454;156;36
3455;156;36
3456;156;36
3457;160;32
3458;156;32
3459;160;32
3460;160;32
3461;164;32
3462;164;32
3463;168;32
3464;164;32
3465;168;28
3466;180;28
3467;172;28
3468;172;28
3469;172;28
3470;172;28
3471;176;24
3472;176;28
3473;176;28
3474;180;28
3475;180;28
3476;184;24
3477;184;24
3478;184;24
3479;184;24
3480;192;24
3481;184;24
3482;188;24
3483;184;24
3484;188;24
3485;192;24
3486;192;24
3487;192;24
3488;192;24
3489;192;24
3490;192;24
3491;196;20
3492;192;20
3493;196;20
3494;188;20
3495;196;20
3496;196;20
3497;200;16
3498;196;16
3499;196;12
3500;200;12
3501;180;12
3502;200;8
3503;200;4
3504;200;8
3505;200;4
3506;200;0
3507;200;0
3508;204;-4
3509;200;0
3510;200;0
3511;204;-4
3512;200;-4
3513;208;-4
3514;200;0
3515;204;0
3516;200;0
3517;200;4
3518;200;8
3519;204;12
3520;204;16
3521;204;16
3522;200;24
3523;204;24
3524;204;24
3525;204;28
3526;200;32
3527;204;32
3528;204;32
3529;200;32
3530;200;36
3531;200;36
3532;200;36
3533;200;36
3534;200;36
3535;200;36
3536;200;36
3537;200;32
3538;196;32
3539;196;32
3540;200;32
3541;208;32
3542;196;32
3543;196;32
3544;196;32
3545;192;28
3546;196;28
3547;192;28
3548;188;28
3549;192;28
3550;192;28
3551;192;28
3552;192;24
3553;188;28
3554;188;28
3555;184;24
3556;188;28
3557;184;28
3558;184;24
3559;184;24
3560;184;24
3561;180;24
3562;176;28
3563;180;24
3564;176;24
3565;176;24
3566;180;24
3567;176;24
3568;176;24
3569;168;24
3570;172;20
3571;172;20
3572;168;20
3573;168;20
3574;172;20
3575;168;20
3576;176;20
3577;164;16
3578;164;12
3579;164;12
3580;164;12
3581;160;12
3582;156;4
3583;168;4
3584;156;4
3585;152;0
3586;152;0
3587;152;0
3588;152;0
3589;148;0
3590;148;0
3591;144;0
3592;140;-4
3593;140;-4
3594;140;0
3595;128;0
3596;136;0
3597;136;4
3598;132;8
3599;132;8
3600;132;12
3601;128;12
3602;124;16
3603;124;20
3604;124;20
3605;120;24
3606;120;24
3607;116;28
3608;116;32
3609;116;32
3610;112;32
3611;108;32
3612;108;36
3613;104;36
3614;104;-28
3615;104;-28
3616;88;-28
3617;100;-28
3618;96;-28
3619;92;-28
3620;92;-28
3621;92;-28
3622;88;-32
3623;84;-32
3624;84;-32
3625;80;-32
3626;76;-32
3627;76;-32
3628;76;-32
3629;72;-32
3630;72;-32
3631;72;-32
3632;68;-36
3633;64;-36
3634;60;-36
3635;64;-40
3636;60;-40
3637;64;-36
3638;52;-36
3639;56;-40
3640;52;-36
3641;48;-40
3642;48;-40
3643;44;-36
3644;44;-40
3645;40;-40
3646;36;-36
3647;36;-40
3648;32;-40
3649;32;-40
3650;28;-40
3651;28;-40
3652;24;-40
3653;24;-40
3654;20;-40
3655;20;-44
3656;16;-44
3657;16;-44
3658;-8;-48
3659;8;-48
3660;8;-52
3661;8;-52
3662;4;-56
3663;-4;-56
3664;0;-56
3665;-12;-60
3666;-4;-60
3667;-8;-60
3668;-8;-60
3669;-12;-60
3670;-8;-64
3671;-12;-64
3672;-16;-64
3673;-20;-64
3674;-20;-60
3675;-24;-60
3676;-24;-60
3677;-24;-56
3678;-28;-56
3679;-32;-52
3680;-32;-52
3681;-36;-48
3682;-40;-48
3683;-40;-44
3684;-40;-44
3685;-40;-40
3686;-44;-36
3687;-48;-36
3688;-52;-36
3689;-52;-32
3690;-52;-32
3691;-56;-32
3692;-60;-32
3693;-60;-28
3694;-64;-28
3695;-64;-28
3696;-68;-28
3697;-68;-28
3698;-60;-28
3699;-68;-28
3700;-72;-28
3701;-76;-32
3702;-80;-28
3703;-80;-32
3704;-84;-32
3705;-84;-32
3706;-88;-32
3707;-88;-32
3708;-88;-32
3709;-92;-36
3710;-96;-32
3711;-96;-36
3712;-100;-36
3713;-96;-36
3714;-100;-36
3715;-100;-36
3716;-104;-36
3717;-108;-36
3718;-108;-36
3719;-112;-36
3720;-112;-36
3721;-116;-36
3722;-116;-36
3723;-116;-36
3724;-120;-36
3725;-120;-40
3726;-132;-40
3727;-124;-36
3728;-128;-40
3729;-128;-40
3730;-128;-40
3731;-128;-36
3732;-132;-40
3733;-120;-40
3734;-136;-40
3735;-136;-40
3736;-136;-40
3737;-140;-40
3738;-140;-40
3739;-144;-40
3740;-132;-40
3741;-148;-40
3742;-148;-40
3743;-148;-40
3744;-148;-40
3745;-152;-44
3746;-152;-44
3747;-152;-44
3748;-156;-48
3749;-156;-48
3750;-156;-52
3751;-156;-52
3752;-168;-52
3753;-156;-56
3754;-160;-56
3755;-164;-60
3756;-160;-60
3757;-164;-60
3758;-164;-60
3759;-168;-60
3760;-168;-64
3761;-168;-64
3762;-168;-60
3763;-172;-64
3764;-172;-60
3765;-172;-60
3766;-172;-60
3767;-172;-56
3768;-176;-56
3769;-176;-48
3770;-176;-48
3771;-176;-44
3772;-180;-40
3773;-188;-40
3774;-180;-36
3775;-180;-36
3776;-180;-32
3777;-184;-32
3778;-184;-32
3779;-184;-28
3780;-176;-28
3781;-184;-28
3782;-184;-28
3783;-188;-28
3784;-188;-28
3785;-184;-28
3786;-184;-28
3787;-192;-28
3788;-188;-32
3789;-188;-28
3790;-188;-28
3791;-188;-32
3792;-192;-32
3793;-188;-32
3794;-188;-32
3795;-192;-32
3796;-188;-32
3797;-188;-32
3798;-192;-36
3799;-188;-36
3800;-192;-36
3801;-196;-36
3802;-192;-36
3803;-192;-36
3804;-192;-36
3805;-192;-40
3806;-192;-40
3807;-192;-40
3808;-204;-40
3809;-192;-40
3810;-192;-40
3811;-192;-40
3812;-192;-40
3813;-188;-40
3814;-192;-40
3815;-192;-40
3816;-188;-40
3817;-192;-40
3818;-188;-40
3819;-188;-36
3820;-184;-40
3821;-188;-40
3822;-172;56
3823;-184;52
3824;-184;48
3825;-184;52
3826;-184;48
3827;-180;48
3828;-180;44
3829;-180;44
3830;-180;40
3831;-180;40
3832;-180;40
3833;-176;36
3834;-184;36
3835;-176;32
3836;-172;32
3837;-172;32
3838;-172;28
3839;-172;28
3840;-168;28
3841;-172;28
3842;-168;28
3843;-168;24
3844;-168;28
3845;-168;28
3846;-164;28
3847;-164;32
3848;-156;32
3849;-160;36
3850;-160;36
3851;-156;40
3852;-156;44
3853;-156;48
3854;-156;48
3855;-160;52
3856;-152;52
3857;-152;56
3858;-152;60
3859;-148;56
3860;-148;60
3861;-144;60
3862;-152;64
3863;-140;64
3864;-140;64
3865;-140;64
3866;-136;64
3867;-136;64
3868;-132;64
3869;-132;68
3870;-132;64
3871;-128;64
3872;-128;64
3873;-128;64
3874;-124;64
3875;-124;64
3876;-112;60
3877;-120;60
3878;-120;60
3879;-116;60
3880;-116;56
3881;-112;60
3882;-112;56
3883;-108;56
3884;-108;56
3885;-108;56
3886;-104;56
3887;-104;56
3888;-104;56
3889;-100;56
3890;-92;56
3891;-96;52
3892;-92;56
3893;-88;56
3894;-88;56
3895;-92;56
3896;-88;52
3897;-100;52
3898;-80;52
3899;-80;52
3900;-76;52
3901;-76;52
3902;-80;52
3903;-72;52
3904;-76;52
3905;-68;52
3906;-64;56
3907;-64;52
3908;-64;52
3909;-56;52
3910;-56;52
3911;-56;52
3912;-52;48
3913;-52;48
3914;-52;44
3915;-48;44
3916;-44;44
3917;-44;40
3918;-40;40
3919;-40;36
3920;-36;36
3921;-36;32
3922;-32;32
3923;-28;32
3924;-28;28
3925;-28;32
3926;-24;28
3927;-24;24
3928;-24;28
3929;-16;28
3930;-12;28
3931;-16;28
3932;-12;32
3933;-12;32
3934;-8;32
3935;-8;32
3936;-4;36
3937;8;40
3938;0;40
3939;4;44
3940;4;48
3941;8;52
3942;8;52
3943;12;56
3944;8;56
3945;16;60
3946;16;60
3947;20;60
3948;20;64
3949;24;64
3950;28;64
3951;24;64
3952;28;64
3953;28;64
3954;36;64
3955;36;64
3956;40;64
3957;40;64
3958;40;64
3959;44;64
3960;44;64
3961;48;60
3962;52;60
3963;52;60
3964;52;60
3965;52;60
3966;60;60
3967;60;60
3968;64;56
3969;64;56
3970;68;56
3971;68;56
3972;88;56
3973;72;56
3974;72;56
3975;76;56
3976;76;56
3977;84;52
3978;80;52
3979;88;52
3980;84;56
3981;88;52
3982;88;52
3983;92;52
3984;88;52
3985;96;52
3986;100;52
3987;100;52
3988;100;52
3989;104;52
3990;104;52
3991;100;52
3992;108;52
3993;108;52
3994;112;52
3995;116;56
3996;116;52
3997;120;56
3998;120;52
3999;120;52
4000;120;52
4001;124;52
4002;128;52
4003;128;52
4004;128;52
4005;132;52
4006;132;52
4007;132;52
4008;136;52
4009;136;48
4010;140;52
4011;140;48
4012;132;48
4013;144;48
4014;144;44
4015;148;40
4016;148;40
4017;152;36
4018;152;36
4019;160;36
4020;152;32
4021;156;32
4022;156;32
4023;156;32
4024;160;28
4025;160;32
4026;164;28
4027;164;28
4028;164;28
4029;164;32
4030;168;-32
4031;168;-36
4032;168;-32
4033;176;-32
4034;172;-28
4035;172;-28
4036;176;-24
4037;176;-20
4038;176;-20
4039;176;-20
4040;176;-12
4041;176;-12
4042;184;-12
4043;184;-8
4044;184;-8
4045;180;-4
4046;184;-4
4047;176;0
4048;188;0
4049;184;0
4050;188;0
4051;188;0
4052;192;0
4053;188;0
4054;180;0
4055;192;-4
4056;192;0
4057;192;0
4058;192;0
4059;196;-4
4060;192;0
4061;212;-4
4062;196;-4
4063;196;0
4064;192;-4
4065;196;-4
4066;200;-4
4067;196;-8
4068;196;-8
4069;196;-8
4070;200;-8
4071;200;-8
4072;196;-8
4073;192;-8
4074;200;-8
4075;200;-8
4076;200;-8
4077;200;-12
4078;200;-8
4079;204;-12
4080;200;-8
4081;200;-8
4082;200;-12
4083;200;-12
4084;204;-8
4085;200;-12
4086;200;-8
4087;204;-12
4088;200;-12
4089;204;-12
4090;204;-12
4091;200;-8
4092;200;-12
4093;200;-12
4094;196;-12
4095;200;-12
4096;200;-12
4097;200;-12
4098;200;-16
4099;200;-16
4100;200;-16
4101;196;-20
4102;196;-20
4103;200;-24
4104;196;-24
4105;196;-28
4106;196;-28
4107;196;-32
4108;196;-32
4109;196;-32
4110;192;-32
4111;192;-32
4112;196;-36
4113;196;-36
4114;192;-36
4115;200;-36
4116;192;-36
4117;192;-32
4118;188;-32
4119;192;-32
4120;192;-28
4121;188;-28
4122;188;-20
4123;184;-24
4124;184;-20
4125;184;-16
4126;184;-12
4127;180;-12
4128;180;-12
4129;184;-8
4130;180;-4
4131;176;-4
4132;176;-4
4133;176;-4
4134;172;0
4135;176;0
4136;152;0
4137;172;-4
4138;168;0
4139;172;0
4140;164;0
4141;164;0
4142;164;0
4143;152;0
4144;164;0
4145;164;0
4146;160;-4
4147;156;-4
4148;160;-4
4149;156;-4
4150;156;-4
4151;152;-4
4152;152;-8
4153;148;-4
4154;148;-4
4155;144;-8
4156;144;-8
4157;144;-8
4158;144;-8
4159;140;-8
4160;140;-8
4161;140;-8
4162;132;-8
4163;132;-8
4164;132;-8
4165;128;-8
4166;128;-8
4167;128;-12
4168;124;-8
4169;128;-12
4170;120;-8
4171;120;-12
4172;120;-12
4173;116;-8
4174;112;-8
4175;112;-8
4176;108;-12
4177;108;-12
4178;108;-12
4179;104;-12
4180;104;-12
4181;100;-12
4182;96;-12
4183;88;-12
4184;96;-12
4185;92;-12
4186;92;-12
4187;88;-12
4188;88;-12
4189;84;-12
4190;80;-16
4191;84;-16
4192;80;-16
4193;76;-16
4194;76;-20
4195;76;-20
4196;72;-24
4197;72;-24
4198;68;-28
4199;68;-28
4200;64;-28
4201;60;-32
4202;60;-32
4203;56;-32
4204;60;-36
4205;52;-32
4206;52;-36
4207;48;-36
4208;48;-32
4209;48;-36
4210;44;-36
4211;60;-32
4212;36;-32
4213;36;-28
4214;32;-28
4215;32;-24
4216;28;-24
4217;28;-20
4218;24;-16
4219;24;-16
4220;20;-12
4221;20;-12
4222;16;-8
4223;12;-8
4224;12;-8
4225;12;-4
4226;8;-4
4227;4;-4
4228;4;-4
4229;4;0
4230;-8;0
4231;0;4
4232;-4;0
4233;-8;0
4234;-8;0
4235;-8;4
4236;-12;0
4237;-12;4
4238;-16;0
4239;-16;-4
4240;-20;-8
4241;-20;-4
4242;-24;-8
4243;-28;-8
4244;-32;-8
4245;-32;-8
4246;-32;-8
4247;-36;-12
4248;-36;-8
4249;-40;-12
4250;-40;-12
4251;-52;-12
4252;-40;-12
4253;-44;-12
4254;-48;-12
4255;-52;-12
4256;-52;-12
4257;-56;-16
4258;-48;-16
4259;-60;-16
4260;-60;-16
4261;-60;-16
4262;-64;-20
4263;-64;-24
4264;-72;-24
4265;-64;-28
4266;-72;-28
4267;-72;-28
4268;-76;-32
4269;-76;-32
4270;-80;-36
4271;-80;-36
4272;-80;-36
4273;-84;-36
4274;-88;-36
4275;-88;-40
4276;-92;-40
4277;-96;-40
4278;-96;-40
4279;-100;-40
4280;-100;-40
4281;-104;-36
4282;-104;-32
4283;-104;-32
4284;-108;-32
4285;-108;-32
4286;-116;-28
4287;-112;-24
4288;-116;-20
4289;-116;-20
4290;-120;-16
4291;-120;-12
4292;-124;-12
4293;-140;-12
4294;-124;-8
4295;-128;-8
4296;-132;-4
4297;-128;-4
4298;-128;-4
4299;-132;-4
4300;-116;-4
4301;-136;-4
4302;-140;-4
4303;-140;-4
4304;-140;-4
4305;-132;-8
4306;-144;-8
4307;-144;-4
4308;-148;-8
4309;-148;-8
4310;-152;-8
4311;-148;-8
4312;-152;-8
4313;-152;-8
4314;-152;-8
4315;-156;-8
4316;-156;-8
4317;-160;-12
4318;-160;-12
4319;-160;-12
4320;-160;-12
4321;-160;-12
4322;-160;-12
4323;-164;-16
4324;-164;-12
4325;-168;-12
4326;-164;-12
4327;-168;-16
4328;-168;-12
4329;-172;-12
4330;-168;-16
4331;-168;-16
4332;-172;-16
4333;-172;-16
4334;-172;-16
4335;-176;-16
4336;-176;-16
4337;-176;-16
4338;-176;-16
4339;-180;-16
4340;-184;-16
4341;-180;-16
4342;-180;-16
4343;-180;-12
4344;-180;-16
4345;-180;-16
4346;-184;-16
4347;-188;-16
4348;-184;-16
4349;-184;-16
4350;-184;-16
4351;-188;-16
4352;-184;-16
4353;-188;-16
4354;-184;-20
4355;-188;-20
4356;-188;-20
4357;-188;-20
4358;-192;-20
4359;-188;-24
4360;-192;-24
4361;-188;-28
4362;-192;-28
4363;-188;-32
4364;-192;-36
4365;-192;-32
4366;-188;-32
4367;-188;-36
4368;-172;-36
4369;-192;-40
4370;-192;-40
4371;-188;-40
4372;-192;-40
4373;-192;-40
4374;-192;-40
4375;-192;-36
4376;-192;-36
4377;-192;-36
4378;-192;-32
4379;-188;-28
4380;-196;-24
4381;-188;-24
4382;-184;-20
4383;-188;-16
4384;-188;-16
4385;-188;-12
4386;-184;-8
4387;-188;-8
4388;-188;-8
4389;-184;-4
4390;-184;-4
4391;-180;-4
4392;-184;-4
4393;-180;-4
4394;-180;-4
4395;-180;-4
4396;-180;-4
4397;-180;-4
4398;-176;-4
4399;-176;-4
4400;-172;-8
4401;-172;-8
4402;-172;-8
4403;-172;-12
4404;-172;-8
4405;-172;-8
4406;-172;-8
4407;-168;-8
4408;-176;-12
4409;-168;-12
4410;-164;-12
4411;-164;-12
4412;-160;-12
4413;-160;-12
4414;-160;-12
4415;-148;-8
4416;-160;-12
4417;-156;-12
4418;-156;-12
4419;-152;-12
4420;-152;-12
4421;-152;-12
4422;-152;-16
4423;-152;-16
4424;-148;-12
4425;-148;-12
4426;-144;-16
4427;-144;-12
4428;-144;-16
4429;-140;-16
4430;-140;-16
4431;-136;-16
4432;-136;-16
4433;-132;-16
4434;-132;-16
4435;-132;-20
4436;-136;-16
4437;-128;-16
4438;-124;-16
4439;-128;-16
4440;-124;-16
4441;-124;-16
4442;-120;-16
4443;-132;-16
4444;-116;-16
4445;-116;-16
4446;-112;-16
4447;-112;56
4448;-108;60
4449;-112;60
4450;-112;56
4451;-104;52
4452;-104;52
4453;-104;48
4454;-100;48
4455;-96;48
4456;-96;44
4457;-80;44
4458;-92;40
4459;-88;40
4460;-88;40
4461;-88;40
4462;-80;36
4463;-84;36
4464;-80;36
4465;-80;36
4466;-76;36
4467;-76;36
4468;-72;36
4469;-76;36
4470;-68;40
4471;-68;40
4472;-64;44
4473;-64;44
4474;-60;44
4475;-60;48
4476;-56;52
4477;-56;56
4478;-56;56
4479;-52;60
4480;-52;60
4481;-48;64
4482;-44;64
4483;-44;68
4484;-40;72
4485;-36;68
4486;-40;68
4487;-32;72
4488;-32;72
4489;-32;72
4490;-32;72
4491;-28;72
4492;-24;72
4493;-20;72
4494;-20;72
4495;-20;72
4496;-16;68
4497;-4;68
4498;-12;68
4499;-8;68
4500;-8;68
4501;-4;68
4502;-4;68
4503;0;68
4504;0;64
4505;4;64
4506;4;64
4507;8;64
4508;12;64
4509;12;60
4510;16;64
4511;20;64
4512;16;64
4513;20;64
4514;24;64
4515;24;60
4516;28;60
4517;28;60
4518;28;64
4519;32;64
4520;36;60
4521;40;60
4522;36;60
4523;40;60
4524;44;60
4525;36;60
4526;48;60
4527;52;60
4528;56;60
4529;56;60
4530;56;60
4531;60;60
4532;48;60
4533;64;60
4534;64;60
4535;68;60
4536;68;56
4537;72;56
4538;72;56
4539;92;52
4540;76;52
4541;76;48
4542;80;48
4543;80;44
4544;92;48
4545;84;44
4546;88;40
4547;92;40
4548;88;36
4549;92;36
4550;96;40
4551;96;36
4552;100;36
4553;100;36
4554;104;36
4555;104;36
4556;108;36
4557;108;40
4558;112;40
4559;112;40
4560;112;44
4561;116;48
4562;116;52
4563;120;56
4564;120;60
4565;128;60
4566;124;64
4567;128;64
4568;128;68
4569;132;72
4570;132;72
4571;132;72
4572;136;72
4573;136;76
4574;136;72
4575;140;72
4576;144;72
4577;140;72
4578;144;72
4579;136;72
4580;148;72
4581;148;68
4582;152;68
4583;152;68
4584;152;68
4585;156;68
4586;152;68
4587;156;64
4588;156;64
4589;160;64
4590;164;64
4591;164;64
4592;164;64
4593;168;64
4594;168;64
4595;168;64
4596;168;64
4597;168;64
4598;172;60
4599;172;60
4600;180;60
4601;172;60
4602;172;64
4603;176;60
4604;176;60
4605;180;60
4606;180;60
4607;200;64
4608;184;64
4609;184;60
4610;184;60
4611;188;60
4612;184;60
4613;188;60
4614;184;60
4615;192;60
4616;192;56
4617;192;60
4618;192;60
4619;184;56
4620;196;52
4621;192;52
4622;192;52
4623;192;48
4624;192;48
4625;196;44
4626;192;44
4627;196;44
4628;200;40
4629;196;36
4630;196;40
4631;196;36
4632;200;32
4633;200;36
4634;200;32
4635;200;36
4636;200;36
4637;200;32
4638;200;32
4639;204;40
4640;200;40
4641;204;40
4642;204;40
4643;200;44
4644;200;48
4645;204;52
4646;204;52
4647;200;56
4648;204;60
4649;204;60
4650;204;64
4651;200;68
4652;204;68
4653;204;68
4654;216;72
4655;204;-24
4656;204;-20
4657;200;-16
4658;200;-20
4659;204;-16
4660;204;-16
4661;200;-20
4662;204;-20
4663;200;-20
4664;204;-24
4665;200;-20
4666;200;-20
4667;196;-20
4668;200;-24
4669;200;-24
4670;200;-24
4671;200;-24
4672;196;-24
4673;196;-28
4674;196;-28
4675;188;-28
4676;196;-28
4677;192;-28
4678;192;-28
4679;192;-28
4680;188;-28
4681;188;-28
4682;176;-28
4683;188;-28
4684;188;-28
4685;188;-28
4686;188;-28
4687;188;-32
4688;184;-32
4689;180;-28
4690;180;-32
4691;184;-32
4692;180;-32
4693;180;-32
4694;184;-32
4695;176;-32
4696;196;-32
4697;172;-36
4698;172;-40
4699;176;-36
4700;172;-40
4701;176;-44
4702;172;-44
4703;168;-48
4704;168;-48
4705;164;-48
4706;164;-48
4707;160;-52
4708;156;-52
4709;164;-52
4710;160;-56
4711;160;-56
4712;160;-52
4713;156;-56
4714;156;-56
4715;156;-56
4716;152;-52
4717;148;-52
4718;148;-48
4719;148;-48
4720;148;-48
4721;148;-44
4722;148;-40
4723;140;-40
4724;140;-40
4725;140;-36
4726;140;-32
4727;136;-32
4728;132;-28
4729;124;-28
4730;132;-24
4731;128;-24
4732;128;-20
4733;124;-20
4734;124;-20
4735;124;-20
4736;124;-20
4737;120;-20
4738;116;-20
4739;116;-20
4740;112;-20
4741;112;-20
4742;108;-20
4743;112;-24
4744;108;-24
4745;104;-20
4746;100;-24
4747;100;-24
4748;100;-24
4749;96;-24
4750;104;-28
4751;96;-28
4752;88;-28
4753;88;-24
4754;84;-28
4755;88;-28
4756;80;-28
4757;84;-28
4758;76;-28
4759;76;-32
4760;72;-28
4761;72;-28
4762;68;-32
4763;68;-32
4764;64;-32
4765;64;-28
4766;60;-28
4767;60;-32
4768;60;-28
4769;52;-32
4770;56;-32
4771;28;-32
4772;48;-32
4773;48;-32
4774;44;-32
4775;44;-32
4776;40;-32
4777;36;-32
4778;24;-32
4779;36;-32
4780;32;-28
4781;32;-32
4782;28;-32
4783;36;-32
4784;24;-32
4785;24;-32
4786;20;-32
4787;16;-32
4788;16;-32
4789;12;-32
4790;12;-32
4791;8;-32
4792;8;-32
4793;4;-32
4794;4;-32
4795;0;-32
4796;0;-32
4797;-4;-32
4798;-8;-36
4799;-8;-36
4800;-8;-36
4801;-12;-36
4802;-16;-40
4803;-16;-44
4804;-16;-44
4805;-20;-44
4806;-24;-48
4807;-24;-48
4808;-28;-52
4809;-28;-52
4810;-32;-52
4811;-40;-56
4812;-32;-52
4813;-36;-56
4814;-40;-56
4815;-40;-56
4816;-44;-56
4817;-44;-56
4818;-48;-52
4819;-48;-52
4820;-52;-48
4821;-56;-48
4822;-56;-48
4823;-56;-44
4824;-60;-44
4825;-60;-40
4826;-64;-40
4827;-68;-36
4828;-64;-32
4829;-68;-32
4830;-68;-28
4831;-72;-24
4832;-68;-24
4833;-76;-24
4834;-80;-24
4835;-80;-20
4836;-80;-20
4837;-84;-20
4838;-84;-20
4839;-84;-20
4840;-92;-20
4841;-92;-20
4842;-92;-20
4843;-96;-20
4844;-96;-20
4845;-100;-24
4846;-88;-20
4847;-104;-24
4848;-104;-24
4849;-104;-24
4850;-108;-28
4851;-112;-28
4852;-112;-28
4853;-120;-28
4854;-116;-28
4855;-116;-28
4856;-120;-28
4857;-120;-28
4858;-128;-28
4859;-124;-28
4860;-128;-28
4861;-128;-28
4862;-128;-28
4863;-128;4
4864;-132;28
4865;-140;24
4866;-136;24
4867;-136;24
4868;-140;24
4869;-140;24
4870;-140;24
4871;-140;20
4872;-144;16
4873;-144;16
4874;-144;16
4875;-148;16
4876;-152;12
4877;-152;12
4878;-152;8
4879;-152;8
4880;-152;4
4881;-156;4
4882;-156;4
4883;-160;0
4884;-156;0
4885;-160;0
4886;-172;-4
4887;-160;-4
4888;-164;-4
4889;-164;-4
4890;-164;0
4891;-168;0
4892;-168;0
4893;-156;4
4894;-172;8
4895;-172;8
4896;-168;8
4897;-172;12
4898;-172;16
4899;-172;16
4900;-172;20
4901;-176;20
4902;-176;24
4903;-176;28
4904;-176;32
4905;-180;32
4906;-180;32
4907;-176;32
4908;-184;32
4909;-180;32
4910;-180;36
4911;-184;36
4912;-184;36
4913;-184;36
4914;-188;36
4915;-184;36
4916;-184;36
4917;-184;36
4918;-188;36
4919;-188;32
4920;-184;32
4921;-200;32
4922;-188;32
4923;-188;32
4924;-188;32
4925;-188;32
4926;-188;28
4927;-188;28
4928;-196;28
4929;-188;28
4930;-188;28
4931;-188;24
4932;-192;24
4933;-188;24
4934;-188;24
4935;-168;24
4936;-188;24
4937;-188;24
4938;-188;24
4939;-188;24
4940;-184;24
4941;-192;24
4942;-188;24
4943;-188;24
4944;-188;24
4945;-188;24
4946;-188;24
4947;-192;24
4948;-184;24
4949;-184;24
4950;-184;24
4951;-184;24
4952;-184;20
4953;-180;24
4954;-184;24
4955;-184;20
4956;-184;24
4957;-180;24
4958;-180;20
4959;-180;24
4960;-176;20
4961;-172;20
4962;-176;20
4963;-176;16
4964;-176;20
4965;-176;16
4966;-176;16
4967;-172;12
4968;-172;12
4969;-168;12
4970;-168;8
4971;-168;8
4972;-168;4
4973;-168;4
4974;-164;4
4975;-172;0
4976;-160;0
4977;-160;0
4978;-160;-4
4979;-160;-4
4980;-156;-4
4981;-156;0
4982;-156;0
4983;-152;0
4984;-156;4
4985;-152;4
4986;-148;8
4987;-148;8
4988;-148;12
4989;-140;16
4990;-148;20
4991;-140;24
4992;-140;24
4993;-140;32
4994;-140;32
4995;-136;32
4996;-132;32
4997;-132;32
4998;-132;36
4999;-132;32
5000;-128;32
5001;-128;32
5002;-124;36
5003;-112;36
5004;-124;32
5005;-124;32
5006;-120;32
5007;-120;32
5008;-120;32
5009;-116;32
5010;-128;32
5011;-112;32
5012;-112;32
5013;-108;28
5014;-108;28
5015;-116;28
5016;-104;24
5017;-108;28
5018;-100;28
5019;-100;24
5020;-96;28
5021;-96;24
5022;-88;28
5023;-88;28
5024;-88;24
5025;-84;24
5026;-84;24
5027;-84;24
5028;-80;24
5029;-76;24
5030;-80;24
5031;-72;24
5032;-72;28
5033;-72;24
5034;-72;24
5035;-68;24
5036;-64;24
5037;-60;24
5038;-60;24
5039;-60;24
5040;-56;24
5041;-56;24
5042;-52;24
5043;-52;24
5044;-48;24
5045;-48;24
5046;-44;20
5047;-40;20
5048;-40;20
5049;-36;20
5050;-24;20
5051;-36;20
5052;-32;20
5053;-28;16
5054;-28;16
5055;-24;12
5056;-24;12
5057;-20;8
5058;-16;4
5059;-16;4
5060;-16;4
5061;-12;4
5062;-12;0
5063;-8;-4
5064;-8;0
5065;-4;-4
5066;-4;0
5067;0;-4
5068;4;0
5069;8;-4
5070;4;0
5071;4;0
5072;12;24
5073;12;24
5074;12;28
5075;16;32
5076;20;32
5077;20;32
5078;12;36
5079;28;40
5080;28;40
5081;28;44
5082;32;44
5083;36;48
5084;36;48
5085;44;52
5086;40;52
5087;44;52
5088;44;52
5089;44;56
5090;48;56
5091;52;56
5092;64;56
5093;52;52
5094;56;56
5095;56;52
5096;60;52
5097;64;52
5098;64;52
5099;68;52
5100;68;52
5101;72;52
5102;72;48
5103;76;48
5104;68;48
5105;80;48
5106;80;48
5107;80;48
5108;84;48
5109;84;48
5110;88;44
5111;84;44
5112;92;44
5113;96;48
5114;96;44
5115;96;44
5116;96;44
5117;100;44
5118;104;44
5119;104;44
5120;104;44
5121;108;44
5122;108;44
5123;112;44
5124;112;44
5125;104;44
5126;116;40
5127;116;44
5128;120;44
5129;124;44
5130;124;44
5131;124;40
5132;124;44
5133;128;44
5134;132;44
5135;132;44
5136;132;40
5137;132;40
5138;136;40
5139;140;40
5140;140;36
5141;140;36
5142;140;32
5143;144;32
5144;148;28
5145;148;28
5146;156;24
5147;148;24
5148;148;20
5149;152;20
5150;152;20
5151;156;20
5152;156;20
5153;160;16
5154;160;20
5155;160;16
5156;164;16
5157;160;16
5158;164;20
5159;164;20
5160;164;24
5161;168;24
5162;172;24
5163;172;32
5164;172;32
5165;176;32
5166;176;40
5167;152;40
5168;176;44
5169;180;44
5170;180;44
5171;180;48
5172;184;48
5173;184;52
5174;176;52
5175;184;52
5176;184;52
5177;184;56
5178;184;56
5179;192;56
5180;188;56
5181;188;56
5182;188;56
5183;188;52
5184;192;52
5185;188;52
5186;188;52
5187;192;52
5188;196;48
5189;196;52
5190;196;48
5191;192;48
5192;196;48
5193;196;48
5194;200;48
5195;196;48
5196;196;48
5197;196;48
5198;200;44
5199;200;48
5200;200;48
5201;200;44
5202;200;48
5203;200;44
5204;200;44
5205;200;44
5206;200;44
5207;192;44
5208;204;40
5209;204;44
5210;200;44
5211;200;44
5212;204;44
5213;200;44
5214;196;44
5215;204;40
5216;204;44
5217;204;44
5218;200;44
5219;200;44
5220;200;44
5221;200;44
5222;204;44
5223;200;44
5224;200;44
5225;200;40
5226;200;44
5227;200;40
5228;208;40
5229;200;40
5230;196;36
5231;196;36
5232;200;36
5233;200;32
5234;196;32
5235;200;28
5236;196;24
5237;196;24
5238;196;20
5239;192;20
5240;196;20
5241;192;20
5242;204;20
5243;192;16
5244;188;16
5245;188;16
5246;188;20
5247;188;20
5248;188;20
5249;176;20
5250;184;20
5251;188;24
5252;188;24
5253;184;28
5254;176;32
5255;180;32
5256;176;36
5257;180;36
5258;176;40
5259;180;44
5260;180;44
5261;176;48
5262;176;48
5263;172;52
5264;176;52
5265;172;52
5266;172;52
5267;172;52
5268;168;52
5269;168;56
5270;168;52
5271;164;52
5272;164;56
5273;160;52
5274;160;52
5275;164;52
5276;160;52
5277;156;52
5278;160;52
5279;156;52
5280;152;-28
5281;152;-32
5282;148;-32
5283;148;-32
5284;148;-32
5285;144;-32
5286;144;-32
5287;144;-36
5288;144;-36
5289;152;-36
5290;140;-36
5291;136;-36
5292;136;-36
5293;136;-36
5294;132;-36
5295;128;-40
5296;128;-36
5297;128;-40
5298;124;-40
5299;124;-40
5300;124;-40
5301;116;-40
5302;120;-40
5303;116;-44
5304;116;-48
5305;112;-48
5306;108;-48
5307;108;-52
5308;108;-52
5309;104;-56
5310;96;-56
5311;104;-56
5312;100;-56
5313;96;-60
5314;96;-60
5315;96;-60
5316;88;-60
5317;76;-64
5318;84;-60
5319;84;-60
5320;84;-60
5321;80;-60
5322;80;-60
5323;76;-56
5324;80;-52
5325;72;-48
5326;72;-44
5327;68;-44
5328;64;-40
5329;68;-40
5330;60;-36
5331;72;-32
5332;60;-32
5333;60;-28
5334;56;-28
5335;52;-28
5336;48;-28
5337;48;-28
5338;44;-28
5339;44;-28
5340;44;-28
5341;40;-28
5342;40;-28
5343;24;-28
5344;32;-28
5345;32;-28
5346;28;-28
5347;24;-32
5348;24;-32
5349;24;-32
5350;20;-32
5351;20;-32
5352;16;-32
5353;16;-36
5354;16;-36
5355;8;-36
5356;12;-36
5357;8;-36
5358;4;-36
5359;4;-36
5360;0;-40
5361;0;-36
5362;-4;-36
5363;-4;-36
5364;-20;-40
5365;-8;-40
5366;-12;-40
5367;-16;-36
5368;-16;-40
5369;-16;-36
5370;-20;-40
5371;-16;-36
5372;-24;-40
5373;-28;-40
5374;-28;-40
5375;-32;-40
5376;-32;-40
5377;-36;-40
5378;-32;-40
5379;-40;-36
5380;-40;-40
5381;-40;-40
5382;-48;-40
5383;-48;-40
5384;-48;-40
5385;-44;-40
5386;-52;-40
5387;-56;-40
5388;-52;-40
5389;-56;-40
5390;-60;-40
5391;-60;-44
5392;-64;-44
5393;-64;-48
5394;-68;-48
5395;-68;-48
5396;-72;-52
5397;-80;-52
5398;-76;-52
5399;-80;-56
5400;-80;-56
5401;-84;-60
5402;-84;-60
5403;-88;-60
5404;-88;-60
5405;-88;-64
5406;-116;-64
5407;-92;-64
5408;-96;-64
5409;-100;-60
5410;-100;-60
5411;-104;-60
5412;-104;-56
5413;-108;-52
5414;-108;-52
5415;-108;-48
5416;-112;-44
5417;-112;-44
5418;-104;-40
5419;-116;-36
5420;-116;-36
5421;-120;-32
5422;-120;-32
5423;-124;-28
5424;-124;-32
5425;-124;-28
5426;-124;-28
5427;-128;-28
5428;-132;-28
5429;-132;-28
5430;-136;-28
5431;-136;-28
5432;-136;-32
5433;-140;-28
5434;-140;-28
5435;-140;-32
5436;-140;-32
5437;-144;-32
5438;-144;-32
5439;-140;-36
5440;-148;-32
5441;-148;-36
5442;-148;-36
5443;-152;-36
5444;-156;-32
5445;-152;-36
5446;-156;-36
5447;-160;-36
5448;-160;-36
5449;-160;-36
5450;-160;-36
5451;-160;-36
5452;-164;-32
5453;-172;-40
5454;-164;-36
5455;-164;-40
5456;-164;-36
5457;-168;-40
5458;-168;-36
5459;-172;-40
5460;-176;-40
5461;-172;-40
5462;-172;-40
5463;-172;-40
5464;-176;-40
5465;-172;-36
5466;-176;-40
5467;-176;-40
5468;-176;-40
5469;-176;-40
5470;-180;-44
5471;-180;-40
5472;-176;-40
5473;-180;-44
5474;-176;-44
5475;-184;-48
5476;-184;-48
5477;-184;-52
5478;-184;-52
5479;-184;-52
5480;-188;-52
5481;-168;-56
5482;-184;-56
5483;-188;-60
5484;-188;-60
5485;-188;-60
5486;-192;-60
5487;-188;-64
5488;-196;-60
5489;-188;24
5490;-188;24
5491;-192;24
5492;-192;24
5493;-200;28
5494;-188;28
5495;-192;32
5496;-192;32
5497;-188;36
5498;-192;36
5499;-192;44
5500;-184;44
5501;-192;48
5502;-192;48
5503;-188;52
5504;-192;52
5505;-192;56
5506;-192;56
5507;-192;56
5508;-188;60
5509;-188;60
5510;-188;60
5511;-188;60
5512;-188;60
5513;-188;60
5514;-184;60
5515;-188;60
5516;-188;60
5517;-188;60
5518;-184;60
5519;-184;60
5520;-184;60
5521;-180;56
5522;-180;56
5523;-180;56
5524;-180;56
5525;-176;56
5526;-176;56
5527;-176;56
5528;-172;56
5529;-176;56
5530;-176;52
5531;-176;52
5532;-172;52
5533;-172;52
5534;-172;52
5535;-176;52
5536;-168;52
5537;-168;52
5538;-164;52
5539;-164;48
5540;-164;48
5541;-164;52
5542;-168;48
5543;-160;52
5544;-160;52
5545;-160;48
5546;-156;48
5547;-156;48
5548;-156;48
5549;-156;48
5550;-152;48
5551;-152;48
5552;-148;48
5553;-148;48
5554;-148;48
5555;-148;48
5556;-156;48
5557;-144;48
5558;-140;48
5559;-140;48
5560;-136;48
5561;-136;48
5562;-136;48
5563;-124;48
5564;-132;52
5565;-132;44
5566;-132;44
5567;-128;44
5568;-124;40
5569;-124;40
5570;-112;40
5571;-124;36
5572;-120;36
5573;-120;32
5574;-116;32
5575;-112;32
5576;-112;32
5577;-112;28
5578;-112;28
5579;-112;24
5580;-108;24
5581;-108;24
5582;-112;24
5583;-104;24
5584;-100;24
5585;-100;28
5586;-96;24
5587;-96;28
5588;-92;32
5589;-92;32
5590;-88;36
5591;-84;40
5592;-88;44
5593;-84;48
5594;-80;52
5595;-80;48
5596;-72;56
5597;-72;52
5598;-76;56
5599;-72;60
5600;-72;60
5601;-68;60
5602;-68;60
5603;-68;60
5604;-60;60
5605;-60;60
5606;-56;60
5607;-56;60
5608;-56;60
5609;-52;60
5610;-56;56
5611;-44;56
5612;-48;56
5613;-40;56
5614;-40;56
5615;-40;56
5616;-36;56
5617;-36;52
5618;-32;52
5619;-32;52
5620;-28;56
5621;-28;52
5622;-24;52
5623;-24;52
5624;-12;52
5625;-20;52
5626;-16;52
5627;-16;52
5628;-12;48
5629;-8;52
5630;-8;52
5631;0;48
5632;-4;48
5633;-4;48
5634;0;48
5635;4;48
5636;4;48
5637;8;48
5638;20;48
5639;12;48
5640;12;48
5641;16;48
5642;16;48
5643;16;48
5644;20;48
5645;8;52
5646;28;48
5647;28;48
5648;28;48
5649;32;48
5650;28;48
5651;36;48
5652;32;44
5653;40;44
5654;44;44
5655;44;44
5656;48;40
5657;48;40
5658;52;36
5659;56;36
5660;56;32
5661;56;28
5662;60;28
5663;60;28
5664;64;28
5665;64;24
5666;64;24
5667;68;24
5668;68;24
5669;68;24
5670;76;24
5671;76;24
5672;80;24
5673;80;24
5674;84;28
5675;84;32
5676;88;28
5677;88;32
5678;84;36
5679;92;40
5680;96;40
5681;96;40
5682;96;44
5683;100;48
5684;100;52
5685;116;52
5686;104;52
5687;108;52
5688;112;56
5689;112;56
5690;112;60
5691;116;60
5692;116;60
5693;116;64
5694;120;64
5695;120;64
5696;124;60
5697;124;20
5698;124;20
5699;128;16
5700;128;16
5701;132;16
5702;132;16
5703;132;12
5704;140;16
5705;136;12
5706;136;12
5707;140;12
5708;144;12
5709;144;12
5710;144;12
5711;148;12
5712;148;12
5713;136;12
5714;152;8
5715;152;8
5716;156;12
5717;156;8
5718;160;8
5719;156;8
5720;164;8
5721;160;8
5722;164;8
5723;164;4
5724;168;8
5725;168;8
5726;168;4
5727;184;8
5728;168;8
5729;172;8
5730;172;4
5731;176;8
5732;176;8
5733;176;4
5734;176;4
5735;180;4
5736;180;4
5737;176;4
5738;180;4
5739;176;4
5740;184;4
5741;188;4
5742;184;0
5743;188;0
5744;184;-4
5745;188;-4
5746;188;-8
5747;192;-8
5748;192;-12
5749;188;-12
5750;192;-12
5751;192;-16
5752;192;-16
5753;196;-16
5754;192;-20
5755;196;-20
5756;196;-20
5757;196;-20
5758;192;-20
5759;196;-20
5760;188;-20
5761;196;-16
5762;200;-12
5763;200;-12
5764;196;-8
5765;200;-4
5766;200;0
5767;196;0
5768;200;4
5769;200;8
5770;200;12
5771;200;12
5772;200;12
5773;200;16
5774;204;16
5775;200;16
5776;204;20
5777;200;16
5778;204;20
5779;204;20
5780;200;16
5781;208;16
5782;204;16
5783;204;16
5784;204;16
5785;204;16
5786;204;12
5787;204;16
5788;204;12
5789;200;16
5790;200;12
5791;200;12
5792;200;12
5793;200;12
5794;200;12
5795;204;12
5796;200;8
5797;200;12
5798;200;8
5799;196;8
5800;192;8
5801;196;8
5802;176;8
5803;192;8
5804;196;8
5805;192;8
5806;196;8
5807;188;8
5808;192;4
5809;184;8
5810;192;4
5811;192;8
5812;188;8
5813;188;8
5814;192;8
5815;188;8
5816;184;8
5817;184;8
5818;184;8
5819;184;8
5820;184;4
5821;184;4
5822;184;4
5823;176;4
5824;176;4
5825;176;4
5826;176;0
5827;176;0
5828;176;0
5829;176;-4
5830;172;-4
5831;172;-8
5832;172;-12
5833;168;-12
5834;168;-12
5835;168;-12
5836;168;-16
5837;164;-16
5838;164;-16
5839;164;-16
5840;164;-20
5841;160;-20
5842;168;-20
5843;160;-20
5844;156;-20
5845;156;-20
5846;152;-16
5847;152;-16
5848;152;-12
5849;152;-12
5850;148;-12
5851;148;-8
5852;144;-8
5853;144;0
5854;144;0
5855;140;4
5856;136;4
5857;136;8
5858;132;8
5859;132;12
5860;132;16
5861;132;12
5862;128;16
5863;124;16
5864;124;16
5865;124;20
5866;120;16
5867;116;16
5868;120;16
5869;116;16
5870;116;16
5871;112;16
5872;108;16
5873;108;16
5874;108;16
5875;104;16
5876;100;16
5877;124;12
5878;96;12
5879;92;12
5880;96;12
5881;92;12
5882;88;12
5883;88;12
5884;84;12
5885;84;8
5886;84;8
5887;80;8
5888;80;8
5889;68;8
5890;76;8
5891;72;8
5892;68;8
5893;68;8
5894;68;8
5895;64;4
5896;56;8
5897;60;8
5898;60;8
5899;56;8
5900;56;4
5901;52;8
5902;52;8
5903;48;8
5904;44;8
5905;44;-32
5906;40;-32
5907;40;-32
5908;36;-36
5909;32;-36
5910;28;-36
5911;28;-40
5912;28;-40
5913;28;-44
5914;24;-44
5915;20;-44
5916;20;-48
5917;4;-48
5918;16;-48
5919;16;-48
5920;12;-52
5921;12;-52
5922;8;-52
5923;4;-52
5924;12;-56
5925;0;-56
5926;0;-56
5927;0;-52
5928;-4;-52
5929;-4;-52
5930;-8;-52
5931;-8;-48
5932;-12;-48
5933;-16;-48
5934;-20;-44
5935;-20;-40
5936;-20;-40
5937;-24;-36
5938;-24;-36
5939;-28;-32
5940;-28;-28
5941;-32;-28
5942;-36;-28
5943;-36;-24
5944;-40;-24
5945;-44;-20
5946;-40;-20
5947;-44;-20
5948;-48;-20
5949;-52;-20
5950;-52;-20
5951;-52;-20
5952;-64;-20
5953;-56;-20
5954;-60;-20
5955;-60;-20
5956;-64;-24
5957;-64;-20
5958;-68;-20
5959;-72;-24
5960;-72;-24
5961;-76;-24
5962;-76;-24
5963;-80;-24
5964;-80;-24
5965;-84;-28
5966;-64;-24
5967;-84;-28
5968;-88;-28
5969;-88;-28
5970;-92;-28
5971;-88;-28
5972;-96;-28
5973;-96;-28
5974;-100;-28
5975;-100;-28
5976;-104;-32
5977;-104;-32
5978;-112;-28
5979;-104;-32
5980;-108;-32
5981;-112;-32
5982;-116;-32
5983;-116;-32
5984;-116;-32
5985;-120;-32
5986;-120;-32
5987;-120;-32
5988;-124;-28
5989;-128;-32
5990;-128;-32
5991;-128;-32
5992;-124;-32
5993;-132;-32
5994;-132;-32
5995;-132;-32
5996;-136;-32
5997;-136;-32
5998;-136;-36
5999;-144;-32
6000;-144;-32
6001;-144;-32
6002;-144;-36
6003;-148;-36
6004;-148;-36
6005;-148;-40
6006;-156;-40
6007;-152;-44
6008;-152;-44
6009;-152;-44
6010;-152;-48
6011;-156;-48
6012;-156;-48
6013;-160;-52
6014;-160;-52
6015;-164;-52
6016;-164;-52
6017;-164;-56
6018;-164;-56
6019;-164;-56
6020;-160;-56
6021;-168;-56
6022;-168;-52
6023;-168;-52
6024;-172;-48
6025;-168;-48
6026;-172;-44
6027;-172;-44
6028;-172;-40
6029;-176;-40
6030;-176;-36
6031;-176;-36
6032;-180;-32
6033;-180;-32
6034;-168;-28
6035;-180;-24
6036;-180;-24
6037;-184;-24
6038;-180;-20
6039;-188;-20
6040;-184;-20
6041;-196;-20
6042;-188;-20
6043;-188;-20
6044;-188;-20
6045;-188;-20
6046;-196;-20
6047;-188;-24
6048;-192;-20
6049;-192;-20
6050;-188;-20
6051;-188;-20
6052;-188;-24
6053;-184;-24
6054;-192;-24
6055;-188;-24
6056;-192;-24
6057;-192;-24
6058;-192;-24
6059;-192;-28
6060;-192;-28
6061;-192;-28
6062;-192;-28
6063;-192;-28
6064;-192;-28
6065;-192;-28
6066;-192;-28
6067;-192;-28
6068;-192;-32
6069;-192;-28
6070;-192;-32
6071;-192;-32
6072;-192;-32
6073;-192;-32
6074;-188;-32
6075;-192;-32
6076;-192;-32
6077;-192;-32
6078;-188;-32
6079;-188;-32
6080;-188;-32
6081;-172;-28
6082;-188;-32
6083;-184;-32
6084;-184;-32
6085;-188;-32
6086;-184;-32
6087;-184;-32
6088;-184;-32
6089;-180;-32
6090;-180;-32
6091;-180;-36
6092;-180;-36
6093;-176;-40
6094;-180;-40
6095;-180;-40
6096;-176;-44
6097;-176;-44
6098;-176;-48
6099;-172;-44
6100;-172;-48
6101;-172;-52
6102;-172;-52
6103;-168;-52
6104;-168;-52
6105;-164;-52
6106;-164;-56
6107;-164;-56
6108;-164;-52
6109;-164;-52
6110;-160;-52
6111;-160;-48
6112;-156;-48
6113;-156;-44
6114;-152;-44
6115;-152;-44
6116;-136;52
6117;-152;52
6118;-148;52
6119;-148;56
6120;-144;60
6121;-148;60
6122;-144;64
6123;-136;68
6124;-140;64
6125;-140;68
6126;-136;68
6127;-136;68
6128;-140;68
6129;-136;72
6130;-128;72
6131;-132;68
6132;-128;72
6133;-128;68
6134;-124;68
6135;-132;72
6136;-124;68
6137;-120;68
6138;-116;68
6139;-120;68
6140;-116;68
6141;-116;64
6142;-112;64
6143;-112;64
6144;-108;64
6145;-108;64
6146;-104;64
6147;-104;64
6148;-100;64
6149;-100;60
6150;-96;60
6151;-96;64
6152;-96;60
6153;-92;60
6154;-88;60
6155;-88;64
6156;-96;60
6157;-84;60
6158;-80;60
6159;-84;60
6160;-80;60
6161;-76;56
6162;-72;56
6163;-64;60
6164;-72;60
6165;-68;60
6166;-68;60
6167;-64;60
6168;-64;60
6169;-60;60
6170;-56;60
6171;-56;60
6172;-52;60
6173;-52;60
6174;-52;56
6175;-52;56
6176;-48;56
6177;-40;56
6178;-44;52
6179;-40;52
6180;-36;52
6181;-36;48
6182;-32;48
6183;-32;44
6184;-32;44
6185;-28;44
6186;-28;40
6187;-28;40
6188;-20;36
6189;-20;32
6190;-16;36
6191;-24;32
6192;-12;32
6193;-12;36
6194;-4;32
6195;-8;36
6196;-4;36
6197;0;40
6198;-16;36
6199;4;40
6200;4;44
6201;8;44
6202;8;48
6203;12;48
6204;12;48
6205;32;52
6206;16;56
6207;16;60
6208;20;60
6209;24;64
6210;20;68
6211;24;68
6212;32;68
6213;28;68
6214;32;68
6215;32;72
6216;36;68
6217;28;68
6218;44;68
6219;44;72
6220;44;72
6221;48;72
6222;52;72
6223;52;68
6224;52;72
6225;56;68
6226;60;68
6227;60;68
6228;60;68
6229;64;68
6230;68;64
6231;68;64
6232;72;64
6233;72;64
6234;72;64
6235;76;64
6236;76;60
6237;80;64
6238;72;64
6239;84;60
6240;88;64
6241;88;60
6242;92;60
6243;96;60
6244;92;60
6245;92;60
6246;96;60
6247;100;60
6248;100;60
6249;108;60
6250;108;60
6251;108;60
6252;108;56
6253;112;60
6254;112;60
6255;116;60
6256;116;60
6257;116;60
6258;120;60
6259;128;60
6260;124;60
6261;128;60
6262;128;60
6263;128;56
6264;132;60
6265;132;60
6266;136;60
6267;136;56
6268;136;60
6269;140;60
6270;140;56
6271;140;56
6272;144;52
6273;152;52
6274;148;52
6275;148;48
6276;148;48
6277;148;44
6278;148;44
6279;152;40
6280;140;44
6281;156;36
6282;156;36
6283;156;36
6284;164;36
6285;152;32
6286;164;32
6287;156;32
6288;164;32
6289;168;32
6290;168;32
6291;168;36
6292;172;40
6293;172;40
6294;172;44
6295;176;48
6296;172;48
6297;176;52
6298;176;56
6299;184;60
6300;180;60
6301;180;64
6302;180;68
6303;180;68
6304;184;68
6305;184;68
6306;188;68
6307;188;68
6308;188;68
6309;188;72
6310;192;72
6311;192;68
6312;188;68
6313;184;68
6314;192;68
6315;192;68
6316;196;68
6317;196;68
6318;196;68
6319;192;68
6320;208;68
6321;196;64
6322;200;-16
6323;200;-16
6324;196;-20
6325;200;-16
6326;200;-20
6327;200;-20
6328;200;-20
6329;200;-20
6330;200;-24
6331;200;-24
6332;200;-24
6333;200;-28
6334;200;-32
6335;200;-32
6336;200;-32
6337;204;-36
6338;204;-36
6339;200;-40
6340;204;-40
6341;196;-44
6342;204;-44
6343;204;-40
6344;204;-48
6345;204;-44
6346;200;-44
6347;200;-48
6348;192;-48
6349;200;-48
6350;204;-44
6351;204;-44
6352;200;-44
6353;204;-44
6354;204;-40
6355;204;-36
6356;204;-32
6357;200;-32
6358;200;-28
6359;200;-28
6360;204;-24
6361;200;-24
6362;216;-20
6363;200;-20
6364;196;-20
6365;196;-16
6366;196;-12
6367;204;-12
6368;196;-12
6369;192;-12
6370;196;-12
6371;192;-12
6372;192;-12
6373;192;-12
6374;184;-12
6375;192;-12
6376;188;-12
6377;188;-12
6378;188;-16
6379;188;-16
6380;188;-16
6381;184;-16
6382;188;-16
6383;184;-16
6384;184;-20
6385;184;-16
6386;184;-20
6387;184;-20
6388;184;-20
6389;180;-16
6390;176;-20
6391;176;-20
6392;176;-20
6393;176;-20
6394;176;-20
6395;168;-20
6396;172;-24
6397;172;-20
6398;172;-24
6399;168;-24
6400;168;-24
6401;168;-24
6402;160;-20
6403;164;-24
6404;160;-24
6405;164;-24
6406;160;-24
6407;160;-24
6408;160;-24
6409;156;-20
6410;152;-24
6411;156;-24
6412;152;-24
6413;152;-20
6414;152;-24
6415;148;-24
6416;152;-24
6417;144;-24
6418;144;-24
6419;144;-24
6420;140;-24
6421;136;-24
6422;136;-24
6423;140;-28
6424;132;-28
6425;132;-28
6426;128;-28
6427;128;-28
6428;124;-32
6429;124;-36
6430;124;-36
6431;120;-36
6432;120;-40
6433;116;-40
6434;116;-44
6435;112;-44
6436;112;-44
6437;92;-44
6438;108;-44
6439;108;-44
6440;100;-48
6441;104;-48
6442;96;-48
6443;100;-48
6444;80;-44
6445;92;-44
6446;92;-44
6447;88;-44
6448;88;-44
6449;92;-36
6450;88;-36
6451;84;-32
6452;80;-28
6453;80;-28
6454;76;-28
6455;72;-24
6456;72;-24
6457;68;-20
6458;68;-20
6459;64;-20
6460;64;-12
6461;60;-16
6462;60;-16
6463;56;-12
6464;56;-12
6465;52;-12
6466;48;-12
6467;52;-12
6468;44;-12
6469;44;-12
6470;44;-12
6471;40;-12
6472;36;-12
6473;36;-16
6474;36;-16
6475;32;-16
6476;28;-16
6477;36;-16
6478;24;-16
6479;24;-16
6480;20;-16
6481;20;-16
6482;16;-20
6483;16;-20
6484;12;-20
6485;12;-20
6486;8;-20
6487;8;-20
6488;4;-24
6489;4;-20
6490;4;-20
6491;-4;-24
6492;0;-20
6493;-4;-20
6494;-4;-24
6495;-8;-20
6496;-8;-24
6497;-12;-24
6498;-20;-24
6499;-16;-24
6500;-20;-24
6501;-20;-20
6502;-24;-24
6503;-24;-24
6504;-28;-24
6505;-28;-24
6506;-28;-24
6507;-32;-24
6508;-36;-24
6509;-40;-24
6510;-36;-24
6511;-44;-24
6512;-24;-28
6513;-44;-32
6514;-48;-32
6515;-52;-32
6516;-52;-32
6517;-52;-40
6518;-56;-36
6519;-56;-40
6520;-60;-40
6521;-64;-40
6522;-64;-44
6523;-68;-44
6524;-72;-44
6525;-68;-48
6526;-72;-48
6527;-76;-48
6528;-76;-48
6529;-80;-48
6530;-80;-20
6531;-76;-16
6532;-84;-16
6533;-84;-12
6534;-84;-12
6535;-88;-8
6536;-92;-8
6537;-92;-4
6538;-92;-4
6539;-96;-4
6540;-96;4
6541;-100;4
6542;-104;8
6543;-104;8
6544;-104;8
6545;-104;12
6546;-112;12
6547;-112;16
6548;-112;16
6549;-116;16
6550;-116;16
6551;-116;16
6552;-116;16
6553;-120;16
6554;-124;16
6555;-124;12
6556;-128;16
6557;-128;16
6558;-132;12
6559;-124;16
6560;-132;16
6561;-136;12
6562;-136;12
6563;-136;12
6564;-140;12
6565;-140;8
6566;-144;12
6567;-140;12
6568;-140;8
6569;-148;8
6570;-148;8
6571;-148;8
6572;-152;8
6573;-156;8
6574;-152;8
6575;-152;8
6576;-156;8
6577;-156;8
6578;-156;8
6579;-160;8
6580;-164;4
6581;-160;4
6582;-160;4
6583;-160;8
6584;-164;8
6585;-164;8
6586;-168;8
6587;-176;8
6588;-168;4
6589;-168;4
6590;-172;4
6591;-172;4
6592;-168;4
6593;-172;4
6594;-164;4
6595;-172;4
6596;-176;0
6597;-176;4
6598;-176;0
6599;-172;0
6600;-180;-4
6601;-172;-8
6602;-176;-8
6603;-180;-8
6604;-184;-8
6605;-180;-12
6606;-180;-12
6607;-184;-16
6608;-184;-16
6609;-184;-16
6610;-184;-16
6611;-188;-20
6612;-184;-20
6613;-192;-20
6614;-188;-20
6615;-184;-20
6616;-188;-20
6617;-188;-16
6618;-188;-16
6619;-188;-16
6620;-188;-12
6621;-188;-12
6622;-188;-12
6623;-188;-8
6624;-188;-4
6625;-188;0
6626;-192;0
6627;-188;4
6628;-192;8
6629;-188;8
6630;-192;12
6631;-188;12
6632;-192;12
6633;-188;16
6634;-196;16
6635;-192;16
6636;-188;16
6637;-192;16
6638;-188;16
6639;-188;16
6640;-188;16
6641;-196;16
6642;-188;16
6643;-188;16
6644;-184;16
6645;-188;16
6646;-184;12
6647;-184;12
6648;-184;12
6649;-184;12
6650;-184;12
6651;-184;8
6652;-180;12
6653;-180;12
6654;-180;8
6655;-172;8
6656;-180;8
6657;-180;8
6658;-176;8
6659;-176;8
6660;-176;8
6661;-172;8
6662;-168;8
6663;-172;8
6664;-168;8
6665;-168;8
6666;-168;8
6667;-168;8
6668;-168;8
6669;-164;8
6670;-164;4
6671;-164;8
6672;-160;8
6673;-160;8
6674;-164;4
6675;-160;4
6676;-180;4
6677;-156;4
6678;-156;4
6679;-156;4
6680;-152;4
6681;-156;8
6682;-148;4
6683;-160;4
6684;-144;4
6685;-144;4
6686;-144;4
6687;-144;4
6688;-136;4
6689;-144;4
6690;-140;4
6691;-140;0
6692;-136;4
6693;-136;0
6694;-136;0
6695;-132;-4
6696;-132;-8
6697;-128;-8
6698;-128;-8
6699;-124;-8
6700;-124;-12
6701;-124;-12
6702;-120;-16
6703;-124;-20
6704;-116;-20
6705;-116;-16
6706;-116;-20
6707;-112;-20
6708;-108;-20
6709;-104;-20
6710;-108;-20
6711;-108;-20
6712;-108;-20
6713;-100;-16
6714;-100;-16
6715;-100;-12
6716;-92;-12
6717;-92;-8
6718;-92;-8
6719;-92;0
6720;-88;0
6721;-88;4
6722;-84;4
6723;-88;8
6724;-80;8
6725;-80;8
6726;-76;8
6727;-76;12
6728;-72;12
6729;-72;16
6730;-72;16
6731;-68;16
6732;-68;16
6733;-68;16
6734;-60;16
6735;-60;20
6736;-56;16
6737;-56;20
6738;-52;16
6739;-52;64
6740;-48;64
6741;-48;64
6742;-44;64
6743;-44;64
6744;-36;64
6745;-36;60
6746;-40;64
6747;-36;60
6748;-32;56
6749;-28;60
6750;-28;60
6751;-4;56
6752;-24;56
6753;-20;60
6754;-20;56
6755;-20;56
6756;-16;56
6757;-12;52
6758;-12;56
6759;-8;56
6760;-4;56
6761;-4;56
6762;-4;56
6763;-8;56
6764;0;52
6765;8;56
6766;4;52
6767;8;56
6768;8;56
6769;12;52
6770;12;56
6771;16;52
6772;16;56
6773;20;56
6774;24;56
6775;24;52
6776;28;56
6777;28;52
6778;28;52
6779;32;48
6780;32;48
6781;36;48
6782;40;44
6783;40;40
6784;44;40
6785;44;40
6786;48;36
6787;52;36
6788;52;36
6789;52;32
6790;56;32
6791;52;32
6792;60;28
6793;64;32
6794;64;28
6795;64;32
6796;68;28
6797;68;28
6798;84;32
6799;76;32
6800;76;36
6801;80;36
6802;80;40
6803;80;44
6804;80;44
6805;84;48
6806;88;52
6807;88;56
6808;92;60
6809;92;60
6810;96;64
6811;96;64
6812;100;64
6813;104;64
6814;104;64
6815;104;64
6816;108;64
6817;108;64
6818;112;64
6819;108;64
6820;112;64
6821;116;68
6822;116;60
6823;116;64
6824;116;64
6825;120;64
6826;112;60
6827;124;60
6828;124;60
6829;132;60
6830;132;60
6831;136;56
6832;132;60
6833;144;56
6834;136;56
6835;140;60
6836;140;56
6837;144;56
6838;144;60
6839;148;56
6840;156;56
6841;148;56
6842;152;56
6843;152;56
6844;152;56
6845;148;56
6846;156;56
6847;160;56
6848;160;56
6849;160;56
6850;160;56
6851;164;56
6852;152;52
6853;164;56
6854;164;52
6855;168;52
6856;168;52
6857;168;52
6858;172;52
6859;168;48
6860;172;48
6861;176;48
6862;176;44
6863;176;44
6864;176;40
6865;180;40
6866;180;36
6867;180;36
6868;180;36
6869;180;32
6870;184;32
6871;184;32
6872;188;32
6873;176;28
6874;184;28
6875;188;32
6876;188;28
6877;188;28
6878;192;32
6879;192;32
6880;204;36
6881;192;36
6882;192;36
6883;196;40
6884;196;40
6885;196;44
6886;196;48
6887;196;48
6888;196;52
6889;200;56
6890;196;56
6891;200;60
6892;200;60
6893;200;64
6894;204;64
6895;200;64
6896;200;68
6897;204;68
6898;200;64
6899;200;64
6900;200;64
6901;200;64
6902;204;64
6903;204;64
6904;204;64
6905;204;64
6906;204;64
6907;204;60
6908;192;60
6909;204;60
6910;204;64
6911;204;60
6912;204;60
6913;208;60
6914;204;60
6915;196;60
6916;204;60
6917;204;56
6918;204;56
6919;204;56
6920;208;56
6921;200;56
6922;224;56
6923;204;56
6924;200;56
6925;200;56
6926;200;56
6927;204;56
6928;200;52
6929;200;52
6930;196;52
6931;196;52
6932;196;52
6933;196;56
6934;188;52
6935;196;52
6936;196;52
6937;196;56
6938;196;52
6939;192;52
6940;192;52
6941;192;52
6942;192;52
6943;192;52
6944;192;52
6945;188;52
6946;188;52
6947;188;-36
6948;192;-40
6949;188;-40
6950;184;-40
6951;184;-40
6952;184;-40
6953;184;-44
6954;184;-48
6955;180;-48
6956;180;-48
6957;180;-52
6958;176;-52
6959;176;-52
6960;176;-56
6961;176;-56
6962;164;-60
6963;172;-60
6964;168;-60
6965;168;-60
6966;172;-60
6967;168;-60
6968;168;-60
6969;160;-64
6970;164;-60
6971;164;-56
6972;164;-56
6973;160;-56
6974;160;-52
6975;156;-52
6976;164;-48
6977;156;-48
6978;152;-44
6979;152;-40
6980;152;-40
6981;152;-36
6982;148;-32
6983;148;-32
6984;144;-32
6985;144;-32
6986;140;-28
6987;140;-28
6988;136;-28
6989;136;-24
6990;152;-28
6991;132;-28
6992;132;-28
6993;128;-24
6994;128;-28
6995;124;-28
6996;124;-28
6997;112;-28
6998;120;-28
6999;116;-28
7000;116;-28
7001;116;-32
7002;104;-28
7003;112;-32
7004;104;-32
7005;108;-32
7006;104;-32
7007;104;-32
7008;100;-32
7009;96;-32
7010;100;-36
7011;96;-32
7012;92;-36
7013;92;-36
7014;88;-36
7015;88;-36
7016;84;-36
7017;80;-36
7018;80;-36
7019;80;-36
7020;76;-36
7021;76;-36
7022;72;-36
7023;72;-36
7024;68;-36
7025;68;-36
7026;64;-40
7027;60;-40
7028;64;-36
7029;56;-36
7030;48;-40
7031;56;-36
7032;52;-40
7033;52;-40
7034;48;-40
7035;48;-40
7036;44;-44
7037;52;-44
7038;40;-44
7039;36;-44
7040;36;-48
7041;32;-52
7042;32;-52
7043;32;-52
7044;28;-56
7045;24;-56
7046;24;-56
7047;24;-60
7048;20;-60
7049;16;-60
7050;16;-60
7051;12;-60
7052;12;-60
7053;8;-60
7054;8;-60
7055;8;-56
7056;4;-56
7057;0;-52
7058;-8;-48
7059;-4;-48
7060;-4;-44
7061;-8;-40
7062;-8;-36
7063;-12;-36
7064;-12;-32
7065;-32;-32
7066;-16;-28
7067;-20;-28
7068;-24;-28
7069;-24;-24
7070;-24;-24
7071;-28;-28
7072;-28;-28
7073;-32;-28
7074;-32;-28
7075;-36;-24
7076;-40;-28
7077;-40;-28
7078;-44;-28
7079;-32;-28
7080;-48;-28
7081;-52;-32
7082;-52;-32
7083;-52;-32
7084;-52;-32
7085;-56;-32
7086;-56;-32
7087;-60;-32
7088;-64;-32
7089;-64;-32
7090;-64;-32
7091;-76;-32
7092;-72;-36
7093;-76;-32
7094;-76;-36
7095;-76;-36
7096;-80;-36
7097;-84;-36
7098;-84;-36
7099;-84;-36
7100;-88;-36
7101;-92;-36
7102;-88;-36
7103;-92;-36
7104;-96;-36
7105;-96;-36
7106;-100;-40
7107;-100;-36
7108;-100;-36
7109;-108;-40
7110;-104;-40
7111;-108;-36
7112;-116;-36
7113;-112;-36
7114;-116;-40
7115;-112;-40
7116;-116;-44
7117;-116;-44
7118;-120;-44
7119;-124;-48
7120;-124;-48
7121;-128;-48
7122;-128;-52
7123;-128;-52
7124;-128;-52
7125;-132;-56
7126;-132;-56
7127;-136;-56
7128;-136;-60
7129;-140;-60
7130;-140;-60
7131;-136;-60
7132;-144;-60
7133;-136;-60
7134;-144;-60
7135;-148;-60
7136;-148;-56
7137;-152;-56
7138;-152;-56
7139;-152;-52
7140;-152;-52
7141;-156;-48
7142;-156;-48
7143;-156;-44
7144;-156;-40
7145;-160;-36
7146;-160;-36
7147;-156;-32
7148;-160;-32
7149;-164;-28
7150;-164;-28
7151;-168;-24
7152;-168;-24
7153;-168;-24
7154;-188;-24
7155;-168;52
7156;-172;52
7157;-172;52
7158;-172;52
7159;-180;52
7160;-176;52
7161;-188;48
7162;-176;48
7163;-176;52
7164;-176;48
7165;-180;48
7166;-172;48
7167;-180;48
7168;-184;48
7169;-180;48
7170;-180;44
7171;-184;44
7172;-184;44
7173;-184;48
7174;-184;40
7175;-184;44
7176;-184;40
7177;-184;40
7178;-188;40
7179;-188;40
7180;-188;40
7181;-188;40
7182;-188;40
7183;-188;40
7184;-188;40
7185;-188;40
7186;-188;40
7187;-188;40
7188;-192;40
7189;-188;40
7190;-192;40
7191;-192;40
7192;-196;40
7193;-192;40
7194;-180;40
7195;-192;36
7196;-192;36
7197;-192;36
7198;-192;36
7199;-192;32
7200;-188;32
7201;-192;28
7202;-192;28
7203;-188;28
7204;-192;24
7205;-192;20
7206;-188;20
7207;-188;20
7208;-192;16
7209;-188;16
7210;-188;16
7211;-188;12
7212;-184;16
7213;-188;12
7214;-184;12
7215;-188;12
7216;-184;16
7217;-184;16
7218;-184;20
7219;-180;20
7220;-180;24
7221;-180;28
7222;-184;32
7223;-180;32
7224;-176;40
7225;-176;44
7226;-176;44
7227;-172;48
7228;-176;48
7229;-156;48
7230;-172;48
7231;-172;52
7232;-172;52
7233;-168;52
7234;-172;52
7235;-168;52
7236;-164;48
7237;-168;52
7238;-164;48
7239;-164;52
7240;-160;52
7241;-168;48
7242;-156;48
7243;-156;48
7244;-156;48
7245;-156;48
7246;-152;44
7247;-156;48
7248;-148;44
7249;-148;44
7250;-148;44
7251;-148;44
7252;-144;44
7253;-144;44
7254;-144;44
7255;-140;40
7256;-140;44
7257;-140;44
7258;-136;40
7259;-136;40
7260;-132;40
7261;-132;40
7262;-128;40
7263;-128;40
7264;-132;40
7265;-128;40
7266;-124;40
7267;-120;40
7268;-124;40
7269;-120;36
7270;-120;36
7271;-120;36
7272;-116;32
7273;-112;32
7274;-112;32
7275;-112;28
7276;-96;24
7277;-108;24
7278;-100;24
7279;-104;20
7280;-104;16
7281;-100;20
7282;-96;16
7283;-100;16
7284;-92;12
7285;-92;16
7286;-88;12
7287;-88;12
7288;-84;12
7289;-84;16
7290;-84;16
7291;-80;16
7292;-76;20
7293;-76;20
7294;-72;28
7295;-72;28
7296;-68;28
7297;-72;32
7298;-64;32
7299;-64;36
7300;-60;40
7301;-60;44
7302;-60;44
7303;-56;44
7304;-68;48
7305;-52;48
7306;-52;52
7307;-44;52
7308;-48;52
7309;-40;48
7310;-40;52
7311;-40;52
7312;-40;48
7313;-36;52
7314;-32;48
7315;-32;48
7316;-24;52
7317;-28;48
7318;-8;48
7319;-24;48
7320;-20;44
7321;-20;48
7322;-16;44
7323;-8;48
7324;-12;44
7325;-8;44
7326;-8;44
7327;-4;44
7328;-4;44
7329;0;44
7330;-4;44
7331;0;44
7332;4;44
7333;8;44
7334;8;44
7335;12;40
7336;12;44
7337;16;40
7338;20;40
7339;20;40
7340;20;40
7341;24;40
7342;28;40
7343;32;40
7344;36;40
7345;32;40
7346;36;40
7347;36;36
7348;40;36
7349;40;36
7350;44;36
7351;44;36
7352;48;36
7353;52;36
7354;52;40
7355;52;40
7356;56;40
7357;60;40
7358;52;36
7359;64;40
7360;64;36
7361;68;40
7362;68;36
7363;72;40
7364;72;20
7365;72;20
7366;76;20
7367;76;20
7368;76;16
7369;84;16
7370;84;16
7371;84;12
7372;92;12
7373;92;12
7374;92;12
7375;96;8
7376;96;8
7377;100;4
7378;100;4
7379;104;4
7380;104;0
7381;104;0
7382;108;0
7383;108;0
7384;112;0
7385;112;0
7386;128;0
7387;112;0
7388;116;4
7389;120;4
7390;120;8
7391;120;8
7392;124;12
7393;116;16
7394;128;16
7395;128;20
7396;132;20
7397;132;24
7398;128;28
7399;136;28
7400;136;32
7401;136;36
7402;140;36
7403;144;36
7404;144;36
7405;144;36
7406;148;36
7407;148;36
7408;148;36
7409;152;36
7410;152;36
7411;152;36
7412;160;36
7413;156;36
7414;156;36
7415;160;32
7416;160;32
7417;164;32
7418;164;32
7419;168;32
7420;168;32
7421;168;32
7422;168;32
7423;172;32
7424;172;28
7425;172;32
7426;172;32
7427;176;28
7428;176;28
7429;180;28
7430;180;28
7431;180;28
7432;184;28
7433;196;24
7434;180;24
7435;184;28
7436;184;28
7437;184;28
7438;184;24
7439;188;28
7440;188;24
7441;188;28
7442;188;28
7443;192;24
7444;192;24
7445;192;24
7446;192;28
7447;196;28
7448;196;24
7449;192;24
7450;200;24
7451;196;24
7452;196;24
7453;196;24
7454;192;24
7455;196;24
7456;200;20
7457;200;20
7458;200;20
7459;200;16
7460;196;12
7461;188;12
7462;200;12
7463;200;8
7464;200;8
7465;200;4
7466;208;4
7467;204;4
7468;204;0
7469;200;0
7470;204;0
7471;204;0
7472;204;0
7473;204;-4
7474;204;0
7475;220;0
7476;204;0
7477;204;4
7478;204;4
7479;200;8
7480;204;8
7481;204;8
7482;204;12
7483;204;16
7484;200;16
7485;200;24
7486;200;24
7487;192;24
7488;200;28
7489;200;32
7490;204;32
7491;200;32
7492;200;36
7493;200;32
7494;196;36
7495;200;36
7496;200;36
7497;196;36
7498;196;36
7499;196;40
7500;196;32
7501;196;36
7502;196;36
7503;196;36
7504;192;32
7505;192;32
7506;188;32
7507;192;32
7508;184;32
7509;192;32
7510;188;32
7511;188;32
7512;188;28
7513;188;32
7514;184;32
7515;188;28
7516;184;28
7517;184;28
7518;180;28
7519;180;28
7520;180;28
7521;180;28
7522;180;24
7523;176;28
7524;176;28
7525;176;28
7526;172;24
7527;172;24
7528;172;28
7529;176;28
7530;168;28
7531;168;28
7532;168;24
7533;164;24
7534;168;24
7535;164;24
7536;164;24
7537;160;24
7538;160;24
7539;156;24
7540;156;24
7541;152;24
7542;156;24
7543;152;24
7544;148;24
7545;148;24
7546;148;24
7547;144;24
7548;144;24
7549;140;24
7550;120;24
7551;140;24
7552;140;24
7553;136;24
7554;136;20
7555;136;20
7556;132;20
7557;120;20
7558;128;20
7559;128;16
7560;124;16
7561;124;12
7562;124;12
7563;120;8
7564;116;4
7565;116;4
7566;112;4
7567;108;4
7568;108;4
7569;104;0
7570;108;0
7571;104;0
7572;100;-60
7573;100;-64
7574;96;-60
7575;96;-64
7576;92;-60
7577;92;-60
7578;88;-60
7579;88;-56
7580;84;-56
7581;84;-52
7582;84;-52
7583;84;-48
7584;80;-48
7585;76;-44
7586;76;-44
7587;72;-40
7588;68;-36
7589;68;-36
7590;64;-32
7591;64;-32
7592;60;-32
7593;60;-28
7594;56;-28
7595;56;-28
7596;52;-28
7597;44;-28
7598;52;-28
7599;48;-28
7600;44;-28
7601;40;-28
7602;40;-28
7603;36;-28
7604;32;-28
7605;32;-28
7606;32;-32
7607;28;-32
7608;28;-32
7609;24;-32
7610;24;-32
7611;28;-32
7612;16;-32
7613;16;-32
7614;16;-36
7615;12;-32
7616;12;-36
7617;8;-36
7618;12;-36
7619;4;-36
7620;4;-36
7621;0;-36
7622;0;-36
7623;0;-36
7624;-8;-36
7625;8;-36
7626;-12;-36
7627;-12;-40
7628;-16;-36
7629;-20;-40
7630;-20;-40
7631;-20;-36
7632;-24;-36
7633;-24;-40
7634;-28;-36
7635;-28;-40
7636;-32;-40
7637;-40;-40
7638;-36;-40
7639;-36;-40
7640;-40;-40
7641;-40;-40
7642;-44;-40
7643;-48;-44
7644;-56;-44
7645;-48;-48
7646;-52;-48
7647;-56;-48
7648;-56;-52
7649;-56;-56
7650;-60;-52
7651;-64;-56
7652;-64;-60
7653;-64;-60
7654;-68;-60
7655;-72;-60
7656;-72;-60
7657;-72;-60
7658;-76;-64
7659;-80;-60
7660;-80;-60
7661;-84;-60
7662;-84;-60
7663;-84;-60
7664;-88;-56
7665;-100;-52
7666;-92;-52
7667;-92;-44
7668;-96;-44
7669;-96;-40
7670;-100;-40
7671;-104;-36
7672;-96;-36
7673;-108;-32
7674;-108;-32
7675;-108;-28
7676;-112;-28
7677;-112;-28
7678;-112;-28
7679;-112;-28
7680;-116;-28
7681;-120;-32
7682;-120;-28
7683;-120;-28
7684;-124;-32
7685;-124;-28
7686;-124;-32
7687;-128;-32
7688;-132;-32
7689;-132;-32
7690;-132;-32
7691;-136;-32
7692;-136;-32
7693;-140;-32
7694;-140;-32
7695;-144;-36
7696;-140;-36
7697;-144;-36
7698;-148;-36
7699;-144;-36
7700;-156;-36
7701;-148;-36
7702;-152;-36
7703;-152;-40
7704;-152;-36
7705;-156;-36
7706;-156;-36
7707;-172;-36
7708;-156;-40
7709;-160;-36
7710;-156;-36
7711;-160;-40
7712;-164;-40
7713;-164;-40
7714;-152;-40
7715;-168;-36
7716;-168;-40
7717;-168;-40
7718;-168;-40
7719;-160;-40
7720;-172;-40
7721;-172;-40
7722;-172;-40
7723;-172;-40
7724;-176;-40
7725;-176;-44
7726;-176;-40
7727;-176;-44
7728;-176;-48
7729;-180;-44
7730;-180;-48
7731;-180;-48
7732;-180;-52
7733;-180;-52
7734;-184;-56
7735;-184;-56
7736;-180;-56
7737;-184;-60
7738;-184;-60
7739;-184;-60
7740;-184;-60
7741;-188;-60
7742;-184;-60
7743;-188;-64
7744;-184;-64
7745;-188;-60
7746;-192;-60
7747;-184;-60
7748;-188;-56
7749;-188;-56
7750;-192;-52
7751;-188;-52
7752;-188;-48
7753;-188;-48
7754;-196;-44
7755;-188;-44
7756;-192;-40
7757;-192;-36
7758;-188;-32
7759;-192;-36
7760;-192;-32
7761;-196;-32
7762;-192;-28
7763;-196;-28
7764;-192;-28
7765;-192;-28
7766;-192;-28
7767;-192;-28
7768;-192;-28
7769;-188;-28
7770;-192;-28
7771;-188;-28
7772;-188;-28
7773;-188;-32
7774;-188;-28
7775;-184;-28
7776;-188;-32
7777;-188;-28
7778;-184;-32
7779;-188;-32
7780;-184;64
7781;-184;60
7782;-164;60
7783;-184;60
7784;-180;60
7785;-184;60
7786;-180;60
7787;-180;60
7788;-180;60
7789;-176;60
7790;-176;60
7791;-176;60
7792;-172;56
7793;-176;56
7794;-180;56
7795;-172;56
7796;-168;52
7797;-172;56
7798;-168;52
7799;-168;52
7800;-168;48
7801;-172;48
7802;-164;44
7803;-164;44
7804;-160;40
7805;-160;40
7806;-164;36
7807;-160;36
7808;-156;32
7809;-156;32
7810;-156;32
7811;-156;32
7812;-156;32
7813;-152;28
7814;-148;28
7815;-148;32
7816;-148;32
7817;-148;32
7818;-144;36
7819;-140;36
7820;-140;36
7821;-140;40
7822;-152;44
7823;-136;44
7824;-136;48
7825;-136;48
7826;-132;52
7827;-132;56
7828;-128;56
7829;-120;60
7830;-128;60
7831;-124;64
7832;-124;64
7833;-124;68
7834;-120;68
7835;-120;68
7836;-112;68
7837;-112;68
7838;-112;64
7839;-112;68
7840;-108;64
7841;-108;64
7842;-104;64
7843;-100;64
7844;-104;64
7845;-100;64
7846;-100;64
7847;-100;64
7848;-96;64
7849;-92;60
7850;-96;64
7851;-92;60
7852;-88;60
7853;-84;60
7854;-84;60
7855;-84;60
7856;-80;60
7857;-84;60
7858;-76;56
7859;-76;56
7860;-72;56
7861;-72;56
7862;-68;56
7863;-68;56
7864;-76;56
7865;-60;52
7866;-60;56
7867;-60;56
7868;-56;56
7869;-52;56
7870;-52;56
7871;-28;56
7872;-48;56
7873;-48;56
7874;-44;56
7875;-40;56
7876;-32;56
7877;-40;56
7878;-36;56
7879;-32;56
7880;-32;56
7881;-32;48
7882;-28;48
7883;-28;48
7884;-24;48
7885;-20;48
7886;-16;44
7887;-16;44
7888;-16;40
7889;-12;36
7890;-8;32
7891;-8;32
7892;-8;32
7893;-4;32
7894;-4;32
7895;0;32
7896;4;32
7897;12;28
7898;8;28
7899;8;32
7900;12;32
7901;12;28
7902;16;36
7903;20;36
7904;20;36
7905;20;40
7906;20;44
7907;28;44
7908;28;48
7909;32;48
7910;32;52
7911;24;56
7912;36;56
7913;40;56
7914;44;60
7915;40;60
7916;44;64
7917;48;64
7918;48;64
7919;48;68
7920;56;68
7921;52;64
7922;56;68
7923;56;68
7924;64;68
7925;68;64
7926;64;64
7927;68;64
7928;72;64
7929;68;64
7930;72;64
7931;76;64
7932;80;64
7933;80;60
7934;80;60
7935;84;60
7936;84;60
7937;84;60
7938;88;60
7939;96;60
7940;92;60
7941;96;60
7942;96;56
7943;96;60
7944;100;56
7945;104;56
7946;80;56
7947;104;56
7948;108;56
7949;112;56
7950;112;56
7951;112;56
7952;116;56
7953;104;56
7954;116;56
7955;120;56
7956;120;56
7957;124;56
7958;132;56
7959;128;56
7960;128;56
7961;128;52
7962;128;52
7963;132;52
7964;136;52
7965;136;56
7966;136;56
7967;140;52
7968;140;52
7969;144;52
7970;144;52
7971;144;52
7972;148;52
7973;148;56
7974;152;52
7975;152;52
7976;152;52
7977;152;52
7978;156;52
7979;160;52
7980;160;52
7981;156;52
7982;160;56
7983;164;56
7984;164;52
7985;164;56
7986;172;56
7987;168;56
7988;168;52
7989;168;-16
7990;172;-16
7991;172;-16
7992;176;-20
7993;172;-20
7994;176;-20
7995;176;-24
7996;176;-24
7997;180;-24
7998;176;-28
7999;180;-32
8000;176;-32
8001;180;-32
8002;184;-36
8003;184;-36
8004;188;-36
8005;188;-36
8006;188;-36
8007;188;-36
8008;188;-36
8009;192;-36
8010;192;-40
8011;188;-36
8012;192;-32
8013;192;-32
8014;192;-28
8015;192;-28
8016;196;-20
8017;196;-20
8018;196;-16
8019;196;-12
8020;196;-8
8021;220;-8
8022;196;-4
8023;196;-8
8024;200;0
8025;196;-4
8026;196;0
8027;196;0
8028;204;0
8029;200;0
8030;200;0
8031;200;0
8032;200;0
8033;196;0
8034;200;0
8035;204;-4
8036;200;-4
8037;200;-4
8038;200;-4
8039;200;-4
8040;192;-4
8041;200;-8
8042;200;-8
8043;200;-8
8044;204;-8
8045;200;-8
8046;204;-8
8047;200;-8
8048;200;-8
8049;200;-8
8050;200;-12
8051;200;-8
8052;200;-8
8053;200;-12
8054;200;-12
8055;200;-12
8056;200;-12
8057;200;-12
8058;200;-12
8059;196;-12
8060;196;-12
8061;184;-12
8062;196;-12
8063;196;-12
8064;192;-12
8065;192;-12
8066;192;-12
8067;192;-12
8068;200;-12
8069;192;-16
8070;192;-12
8071;192;-12
8072;188;-16
8073;188;-16
8074;188;-16
8075;188;-20
8076;184;-24
8077;188;-20
8078;188;-24
8079;184;-24
8080;184;-28
8081;180;-32
8082;188;-32
8083;180;-32
8084;180;-32
8085;180;-32
8086;180;-36
8087;176;-36
8088;176;-36
8089;172;-36
8090;172;-36
8091;176;-40
8092;172;-36
8093;172;-36
8094;168;-36
8095;168;-32
8096;160;-32
8097;164;-28
8098;164;-28
8099;164;-24
8100;164;-20
8101;160;-20
8102;160;-16
8103;140;-16
8104;160;-12
8105;152;-12
8106;152;-8
8107;156;-4
8108;152;-4
8109;148;-4
8110;160;-4
8111;148;0
8112;148;0
8113;144;0
8114;144;0
8115;148;0
8116;140;0
8117;136;-4
8118;136;0
8119;136;0
8120;132;0
8121;132;-4
8122;128;-4
8123;128;-4
8124;128;-4
8125;124;-8
8126;124;-8
8127;120;-4
8128;120;-8
8129;120;-8
8130;116;-8
8131;112;-8
8132;112;-8
8133;108;-12
8134;108;-8
8135;108;-8
8136;108;-8
8137;104;-8
8138;100;-8
8139;100;-12
8140;96;-12
8141;96;-12
8142;92;-12
8143;88;-12
8144;92;-12
8145;84;-12
8146;84;-12
8147;84;-12
8148;80;-12
8149;80;-12
8150;68;-12
8151;76;-16
8152;72;-12
8153;72;-12
8154;68;-12
8155;68;-12
8156;64;-12
8157;60;-12
8158;60;-16
8159;56;-12
8160;56;-12
8161;56;-12
8162;52;-12
8163;52;-12
8164;56;-12
8165;48;-12
8166;40;-16
8167;44;-16
8168;40;-16
8169;40;-16
8170;36;-16
8171;36;-16
8172;32;-16
8173;32;-16
8174;28;-20
8175;24;-20
8176;24;-24
8177;20;-28
8178;28;-28
8179;16;-28
8180;16;-28
8181;12;-32
8182;12;-36
8183;8;-36
8184;4;-36
8185;-8;-36
8186;0;-36
8187;0;-36
8188;-4;-36
8189;-4;-36
8190;-12;-36
8191;-8;-36
8192;-16;-32
8193;-12;-28
8194;-16;-24
8195;-16;-24
8196;-16;-20
8197;-16;-20
8198;-24;-16
8199;-24;-12
8200;-28;-12
8201;-28;-8
8202;-32;-8
8203;-32;-4
8204;-32;-4
8205;-36;-4
8206;-36;-4
8207;-40;0
8208;-44;0
8209;-48;-4
8210;-48;-4
8211;-48;0
8212;-48;0
8213;-52;-4
8214;-56;-4
8215;-60;-4
8216;-56;-8
8217;-60;-4
8218;-60;-8
8219;-64;-8
8220;-64;-8
8221;-68;-8
8222;-68;-8
8223;-72;-12
8224;-72;-12
8225;-64;-12
8226;-80;-12
8227;-80;-12
8228;-84;-12
8229;-88;-12
8230;-88;-12
8231;-88;-12
8232;-92;-12
8233;-92;-12
8234;-96;-12
8235;-92;-12
8236;-96;-16
8237;-100;-16
8238;-104;-12
8239;-108;-16
8240;-108;-16
8241;-108;-16
8242;-108;-16
8243;-108;-12
8244;-112;-12
8245;-112;-16
8246;-116;-16
8247;-116;-16
8248;-120;-16
8249;-120;-16
8250;-120;-16
8251;-124;-16
8252;-124;-16
8253;-124;-16
8254;-128;-16
8255;-132;-20
8256;-132;-20
8257;-136;-20
8258;-140;-24
8259;-136;-24
8260;-112;-28
8261;-140;-32
8262;-144;-32
8263;-144;-32
8264;-144;-32
8265;-152;-32
8266;-144;-32
8267;-152;-36
8268;-148;-40
8269;-148;-40
8270;-152;-40
8271;-156;-40
8272;-160;-40
8273;-156;-40
8274;-156;-40
8275;-160;-36
8276;-160;-36
8277;-164;-32
8278;-160;-32
8279;-160;-28
8280;-164;-24
8281;-164;-20
8282;-168;-16
8283;-164;-12
8284;-168;-12
8285;-168;-12
8286;-168;-8
8287;-168;-8
8288;-172;-4
8289;-172;-4
8290;-172;-4
8291;-176;-4
8292;-176;0
8293;-176;-4
8294;-176;-4
8295;-180;-4
8296;-176;-4
8297;-176;-4
8298;-180;-4
8299;-180;-4
8300;-192;-4
8301;-180;-8
8302;-184;-8
8303;-184;-4
8304;-184;-8
8305;-184;-12
8306;-180;-8
8307;-176;-12
8308;-184;-8
8309;-188;-8
8310;-184;-12
8311;-184;-12
8312;-188;-12
8313;-188;-12
8314;-184;-12
8315;-188;-12
8316;-188;-12
8317;-188;-12
8318;-188;-16
8319;-192;-12
8320;-188;-12
8321;-188;-16
8322;-188;-12
8323;-192;-12
8324;-192;-12
8325;-192;-12
8326;-192;-12
8327;-184;-16
8328;-196;-12
8329;-192;-16
8330;-192;-16
8331;-188;-12
8332;-192;-16
8333;-192;-16
8334;-192;-16
8335;-200;-16
8336;-188;-12
8337;-188;-16
8338;-188;-16
8339;-188;-16
8340;-188;-16
8341;-188;-16
8342;-196;-16
8343;-184;-20
8344;-184;-20
8345;-184;-20
8346;-184;-24
8347;-184;-24
8348;-180;-28
8349;-164;-28
8350;-180;-32
8351;-180;-32
8352;-180;-32
8353;-180;-36
8354;-172;-36
8355;-176;-36
8356;-176;-36
8357;-172;-40
8358;-176;-40
8359;-172;-40
8360;-172;-40
8361;-172;-40
8362;-168;-36
8363;-168;-36
8364;-168;-32
8365;-164;-32
8366;-164;-32
8367;-164;-28
8368;-164;-28
8369;-160;-24
8370;-164;-24
8371;-160;-20
8372;-156;-16
8373;-156;-16
8374;-156;-12
8375;-148;-12
8376;-156;-12
8377;-152;-8
8378;-152;-4
8379;-148;-4
8380;-148;-4
8381;-148;-4
8382;-144;-4
8383;-144;-4
8384;-144;0
8385;-140;-4
8386;-140;-4
8387;-136;-4
8388;-136;-4
8389;-144;-4
8390;-136;-4
8391;-132;-8
8392;-128;-8
8393;-128;-8
8394;-128;-8
8395;-124;-8
8396;-128;-8
8397;-120;-8
8398;-124;-12
8399;-120;-12
8400;-120;-8
8401;-116;-12
8402;-116;-8
8403;-112;-12
8404;-112;-8
8405;-108;64
8406;-108;64
8407;-108;64
8408;-104;60
8409;-100;60
8410;-96;60
8411;-100;60
8412;-96;56
8413;-96;52
8414;-92;52
8415;-88;52
8416;-88;48
8417;-68;48
8418;-84;44
8419;-84;44
8420;-80;40
8421;-80;40
8422;-80;40
8423;-76;40
8424;-76;36
8425;-72;36
8426;-72;36
8427;-68;32
8428;-68;36
8429;-72;32
8430;-60;36
8431;-60;36
8432;-56;36
8433;-56;40
8434;-56;44
8435;-52;44
8436;-56;48
8437;-52;48
8438;-44;52
8439;-44;52
8440;-44;56
8441;-40;60
8442;-36;64
8443;-32;64
8444;-36;68
8445;-32;68
8446;-28;68
8447;-28;68
8448;-24;68
8449;-24;72
8450;-20;72
8451;-20;72
8452;-16;72
8453;-16;72
8454;-12;72
8455;-12;68
8456;-8;72
8457;-16;68
8458;-4;72
8459;-4;68
8460;0;68
8461;4;68
8462;4;68
8463;8;68
8464;24;68
8465;12;68
8466;12;64
8467;12;64
8468;20;64
8469;20;64
8470;20;64
8471;20;64
8472;24;64
8473;28;64
8474;28;60
8475;32;64
8476;32;60
8477;36;64
8478;36;60
8479;40;60
8480;44;60
8481;48;60
8482;44;60
8483;48;60
8484;52;60
8485;44;60
8486;56;60
8487;56;60
8488;56;60
8489;60;60
8490;60;60
8491;64;60
8492;52;60
8493;68;60
8494;68;60
8495;72;60
8496;76;60
8497;80;60
8498;76;60
8499;84;60
8500;80;60
8501;84;60
8502;84;60
8503;88;60
8504;92;56
8505;92;56
8506;108;56
8507;96;56
8508;96;52
8509;100;52
8510;104;48
8511;104;48
8512;104;48
8513;104;44
8514;108;44
8515;108;40
8516;112;40
8517;112;36
8518;108;36
8519;116;36
8520;120;36
8521;120;32
8522;120;32
8523;124;32
8524;128;32
8525;128;32
8526;128;36
8527;132;36
8528;136;40
8529;132;44
8530;136;44
8531;140;48
8532;144;48
8533;140;52
8534;144;52
8535;144;56
8536;144;60
8537;148;60
8538;148;60
8539;140;64
8540;152;68
8541;152;68
8542;152;68
8543;156;72
8544;156;72
8545;160;72
8546;160;72
8547;160;72
8548;164;72
8549;164;72
8550;164;68
8551;168;72
8552;168;68
8553;172;68
8554;168;68
8555;172;68
8556;172;68
8557;176;68
8558;176;68
8559;176;64
8560;184;64
8561;176;64
8562;180;64
8563;180;64
8564;180;64
8565;188;64
8566;180;64
8567;188;60
8568;184;64
8569;184;60
8570;188;60
8571;188;60
8572;188;60
8573;188;60
8574;192;60
8575;192;60
8576;192;60
8577;192;60
8578;192;60
8579;192;60
8580;192;60
8581;172;60
8582;192;60
8583;196;60
8584;196;60
8585;196;60
8586;192;60
8587;196;60
8588;184;60
8589;196;60
8590;200;60
8591;196;60
8592;200;56
8593;204;56
8594;200;60
8595;200;56
8596;200;56
8597;200;52
8598;200;52
8599;200;48
8600;200;48
8601;200;44
8602;200;44
8603;200;40
8604;204;40
8605;204;40
8606;200;36
8607;200;36
8608;204;36
8609;204;36
8610;200;36
8611;200;32
8612;200;36
8613;204;36
8614;204;-56
8615;204;-52
8616;200;-52
8617;200;-52
8618;200;-48
8619;200;-48
8620;204;-44
8621;192;-40
8622;204;-40
8623;200;-36
8624;200;-36
8625;200;-32
8626;200;-28
8627;196;-28
8628;196;-24
8629;196;-24
8630;196;-24
8631;196;-20
8632;192;-24
8633;192;-20
8634;192;-20
8635;192;-20
8636;192;-20
8637;192;-20
8638;192;-20
8639;188;-20
8640;192;-24
8641;188;-20
8642;192;-20
8643;188;-24
8644;188;-20
8645;184;-20
8646;184;-24
8647;184;-24
8648;184;-24
8649;188;-24
8650;180;-24
8651;176;-28
8652;176;-24
8653;176;-28
8654;176;-28
8655;176;-28
8656;184;-28
8657;172;-28
8658;172;-28
8659;172;-28
8660;172;-28
8661;168;-28
8662;168;-28
8663;156;-28
8664;164;-32
8665;164;-28
8666;164;-32
8667;164;-32
8668;152;-32
8669;160;-28
8670;152;-32
8671;156;-32
8672;156;-32
8673;152;-32
8674;152;-32
8675;148;-28
8676;152;-32
8677;144;-32
8678;144;-32
8679;144;-32
8680;140;-32
8681;140;-32
8682;140;-32
8683;136;-32
8684;136;-32
8685;136;-32
8686;132;-32
8687;128;-32
8688;128;-36
8689;124;-36
8690;124;-36
8691;124;-36
8692;120;-36
8693;120;-40
8694;116;-40
8695;116;-44
8696;104;-44
8697;112;-44
8698;112;-48
8699;108;-48
8700;108;-48
8701;104;-52
8702;100;-52
8703;112;-52
8704;100;-52
8705;96;-56
8706;92;-56
8707;92;-56
8708;92;-52
8709;88;-52
8710;88;-52
8711;84;-52
8712;84;-48
8713;80;-48
8714;76;-44
8715;76;-44
8716;76;-40
8717;72;-36
8718;72;-36
8719;68;-32
8720;68;-32
8721;64;-28
8722;64;-28
8723;60;-24
8724;52;-20
8725;56;-24
8726;56;-20
8727;52;-20
8728;52;-20
8729;48;-20
8730;44;-16
8731;32;-20
8732;44;-20
8733;40;-20
8734;36;-20
8735;36;-20
8736;36;-20
8737;32;-20
8738;28;-24
8739;24;-24
8740;24;-24
8741;24;-24
8742;20;-24
8743;24;-24
8744;16;-24
8745;28;-28
8746;12;-24
8747;8;-24
8748;8;-28
8749;4;-28
8750;8;-28
8751;4;-28
8752;0;-28
8753;0;-28
8754;-4;-28
8755;-4;-28
8756;-8;-28
8757;-16;-28
8758;-12;-28
8759;-12;-28
8760;-16;-32
8761;-16;-28
8762;-20;-28
8763;-20;-32
8764;-24;-32
8765;-24;-28
8766;-28;-32
8767;-32;-28
8768;-32;-32
8769;-36;-28
8770;-36;-28
8771;-36;-32
8772;-40;-32
8773;-44;-28
8774;-44;-32
8775;-44;-32
8776;-48;-32
8777;-48;-32
8778;-60;-32
8779;-56;-32
8780;-56;-32
8781;-60;-32
8782;-60;-32
8783;-60;-32
8784;-64;-32
8785;-72;-32
8786;-68;-32
8787;-72;-36
8788;-72;-36
8789;-72;-40
8790;-72;-36
8791;-76;-40
8792;-76;-44
8793;-84;-44
8794;-84;-44
8795;-88;-44
8796;-88;-48
8797;-88;-48
8798;-92;-52
8799;-88;-52
8800;-96;-52
8801;-96;-52
8802;-100;-52
8803;-100;-56
8804;-100;-56
8805;-104;-56
8806;-104;-52
8807;-108;-52
8808;-112;-48
8809;-112;-48
8810;-116;-44
8811;-120;-44
8812;-116;-40
8813;-120;-36
8814;-124;-32
8815;-124;-28
8816;-124;-24
8817;-128;-24
8818;-128;-20
8819;-128;-20
8820;-152;-20
8821;-132;-16
8822;-132;40
8823;-136;36
8824;-136;36
8825;-144;36
8826;-140;36
8827;-152;36
8828;-144;36
8829;-144;36
8830;-144;36
8831;-148;36
8832;-140;32
8833;-152;32
8834;-148;32
8835;-156;32
8836;-152;32
8837;-156;32
8838;-156;32
8839;-152;32
8840;-160;32
8841;-160;28
8842;-160;28
8843;-160;28
8844;-164;28
8845;-160;28
8846;-160;24
8847;-168;24
8848;-168;24
8849;-168;20
8850;-168;20
8851;-168;16
8852;-168;16
8853;-164;12
8854;-172;12
8855;-176;8
8856;-172;8
8857;-172;4
8858;-176;4
8859;-176;4
8860;-172;0
8861;-180;0
8862;-176;0
8863;-180;0
8864;-176;0
8865;-180;-4
8866;-180;0
8867;-188;0
8868;-180;4
8869;-184;4
8870;-180;8
8871;-184;12
8872;-180;16
8873;-184;16
8874;-188;24
8875;-188;24
8876;-184;28
8877;-188;32
8878;-188;32
8879;-188;32
8880;-188;32
8881;-188;36
8882;-188;40
8883;-188;36
8884;-188;36
8885;-192;40
8886;-188;36
8887;-188;36
8888;-188;36
8889;-192;36
8890;-188;32
8891;-188;32
8892;-192;32
8893;-188;32
8894;-188;32
8895;-168;32
8896;-192;32
8897;-192;32
8898;-188;28
8899;-188;28
8900;-188;32
8901;-188;32
8902;-188;28
8903;-188;28
8904;-188;28
8905;-188;28
8906;-188;28
8907;-192;28
8908;-184;28
8909;-180;32
8910;-184;28
8911;-184;28
8912;-184;24
8913;-180;24
8914;-184;24
8915;-180;28
8916;-176;24
8917;-180;28
8918;-180;24
8919;-176;24
8920;-176;24
8921;-176;24
8922;-172;24
8923;-172;24
8924;-172;20
8925;-172;20
8926;-172;20
8927;-168;16
8928;-168;12
8929;-164;12
8930;-164;12
8931;-168;8
8932;-164;8
8933;-160;4
8934;-160;4
8935;-164;4
8936;-160;0
8937;-156;0
8938;-156;0
8939;-156;0
8940;-152;0
8941;-152;-4
8942;-140;0
8943;-152;0
8944;-148;0
8945;-148;4
8946;-144;8
8947;-140;8
8948;-144;8
8949;-144;12
8950;-140;12
8951;-140;16
8952;-140;20
8953;-136;24
8954;-136;24
8955;-132;28
8956;-128;32
8957;-132;32
8958;-128;32
8959;-124;32
8960;-124;36
8961;-120;36
8962;-120;36
8963;-124;36
8964;-120;36
8965;-120;36
8966;-116;36
8967;-112;36
8968;-108;36
8969;-112;36
8970;-120;36
8971;-108;32
8972;-104;36
8973;-104;32
8974;-100;32
8975;-100;32
8976;-100;32
8977;-80;28
8978;-92;32
8979;-92;28
8980;-88;28
8981;-88;32
8982;-84;28
8983;-88;28
8984;-76;28
8985;-80;28
8986;-76;28
8987;-76;28
8988;-76;28
8989;-76;28
8990;-68;28
8991;-68;24
8992;-68;24
8993;-64;24
8994;-60;28
8995;-60;28
8996;-68;28
8997;-56;24
8998;-52;24
8999;-52;24
9000;-52;24
9001;-52;28
9002;-44;24
9003;-44;24
9004;-44;24
9005;-44;24
9006;-40;24
9007;-36;24
9008;-36;24
9009;-32;24
9010;-28;24
9011;-28;24
9012;-24;24
9013;-24;24
9014;-24;20
9015;-20;20
9016;-16;16
9017;-24;20
9018;-12;16
9019;-12;12
9020;-8;8
9021;-4;12
9022;-4;8
9023;-4;4
9024;-4;4
9025;4;4
9026;0;4
9027;4;0
9028;8;0
9029;12;0
9030;12;20
9031;16;16
9032;20;20
9033;20;20
9034;24;16
9035;24;20
9036;28;20
9037;28;24
9038;36;24
9039;32;24
9040;32;28
9041;36;32
9042;40;32
9043;40;36
9044;44;40
9045;44;40
9046;48;44
9047;48;44
9048;52;44
9049;52;48
9050;52;52
9051;60;52
9052;60;52
9053;60;52
9054;64;56
9055;68;56
9056;68;56
9057;68;56
9058;72;52
9059;48;52
9060;76;52
9061;76;52
9062;80;52
9063;80;52
9064;76;52
9065;84;48
9066;76;52
9067;88;52
9068;92;48
9069;92;48
9070;92;48
9071;100;48
9072;96;48
9073;100;48
9074;100;48
9075;104;44
9076;104;44
9077;108;44
9078;112;48
9079;108;44
9080;112;48
9081;112;44
9082;116;44
9083;116;44
9084;116;44
9085;120;44
9086;124;44
9087;128;48
9088;128;44
9089;128;44
9090;128;44
9091;132;40
9092;132;44
9093;132;44
9094;136;44
9095;136;44
9096;136;44
9097;140;44
9098;144;44
9099;152;40
9100;144;44
9101;148;44
9102;148;40
9103;148;44
9104;152;40
9105;152;40
9106;152;40
9107;156;40
9108;156;40
9109;156;36
9110;160;32
9111;160;32
9112;160;32
9113;160;28
9114;164;28
9115;164;24
9116;168;24
9117;168;20
9118;168;20
9119;172;20
9120;168;20
9121;176;16
9122;172;20
9123;176;20
9124;176;20
9125;176;20
9126;180;20
9127;176;20
9128;180;20
9129;180;24
9130;184;24
9131;184;32
9132;188;32
9133;184;36
9134;204;40
9135;188;40
9136;188;44
9137;192;48
9138;192;52
9139;192;48
9140;192;52
9141;200;52
9142;192;56
9143;192;52
9144;192;56
9145;196;56
9146;192;56
9147;196;56
9148;200;52
9149;196;52
9150;196;52
9151;196;52
9152;196;52
9153;188;52
9154;200;52
9155;200;52
9156;196;48
9157;200;48
9158;200;48
9159;200;44
9160;196;48
9161;200;48
9162;200;48
9163;200;48
9164;200;44
9165;200;44
9166;200;44
9167;200;44
9168;204;48
9169;200;44
9170;204;44
9171;204;44
9172;200;44
9173;204;44
9174;188;44
9175;200;44
9176;204;44
9177;200;44
9178;204;44
9179;204;44
9180;204;44
9181;208;40
9182;200;44
9183;200;40
9184;200;44
9185;200;44
9186;200;44
9187;200;44
9188;200;40
9189;196;44
9190;200;40
9191;196;40
9192;196;40
9193;196;40
9194;196;40
9195;200;36
9196;192;36
9197;192;32
9198;196;32
9199;192;28
9200;188;28
9201;192;28
9202;192;24
9203;192;24
9204;188;20
9205;188;20
9206;184;20
9207;184;16
9208;184;16
9209;184;16
9210;184;16
9211;180;20
9212;184;16
9213;180;16
9214;180;20
9215;180;20
9216;156;24
9217;176;28
9218;176;28
9219;176;32
9220;176;32
9221;172;36
9222;172;36
9223;164;40
9224;168;40
9225;168;44
9226;168;44
9227;168;48
9228;172;52
9229;164;52
9230;160;52
9231;164;52
9232;160;52
9233;160;56
9234;156;56
9235;156;56
9236;156;56
9237;152;56
9238;152;56
9239;148;52
9240;148;52
9241;148;-32
9242;148;-32
9243;144;-32
9244;144;-32
9245;140;-32
9246;140;-32
9247;136;-32
9248;136;-36
9249;140;-32
9250;136;-36
9251;128;-36
9252;132;-36
9253;128;-36
9254;128;-36
9255;124;-40
9256;132;-40
9257;120;-40
9258;120;-36
9259;116;-36
9260;116;-40
9261;112;-40
9262;112;-44
9263;104;-44
9264;108;-48
9265;104;-48
9266;108;-48
9267;104;-52
9268;100;-52
9269;100;-52
9270;92;-56
9271;96;-56
9272;92;-60
9273;92;-60
9274;88;-60
9275;84;-60
9276;84;-64
9277;84;-64
9278;80;-64
9279;76;-64
9280;76;-60
9281;76;-60
9282;76;-60
9283;72;-60
9284;68;-60
9285;68;-56
9286;64;-52
9287;64;-52
9288;60;-52
9289;56;-48
9290;56;-44
9291;76;-40
9292;52;-40
9293;48;-36
9294;44;-36
9295;44;-32
9296;40;-32
9297;40;-32
9298;28;-32
9299;40;-32
9300;36;-32
9301;32;-28
9302;28;-28
9303;24;-28
9304;24;-28
9305;20;-32
9306;20;-28
9307;20;-28
9308;16;-32
9309;16;-32
9310;20;-32
9311;12;-32
9312;8;-32
9313;8;-32
9314;8;-36
9315;4;-36
9316;4;-32
9317;4;-36
9318;0;-36
9319;-4;-36
9320;-8;-36
9321;-12;-36
9322;-12;-36
9323;-12;-36
9324;-12;-40
9325;-16;-36
9326;-20;-40
9327;-20;-40
9328;-20;-36
9329;-24;-40
9330;-28;-40
9331;-32;-40
9332;-32;-40
9333;-36;-40
9334;-36;-40
9335;-40;-44
9336;-40;-40
9337;-40;-40
9338;-28;-40
9339;-48;-40
9340;-48;-40
9341;-48;-40
9342;-52;-40
9343;-52;-40
9344;-56;-40
9345;-60;-40
9346;-60;-40
9347;-60;-40
9348;-64;-40
9349;-68;-40
9350;-68;-44
9351;-68;-44
9352;-72;-44
9353;-72;-44
9354;-76;-44
9355;-76;-48
9356;-84;-48
9357;-80;-48
9358;-84;-52
9359;-92;-52
9360;-88;-56
9361;-88;-56
9362;-92;-60
9363;-92;-60
9364;-96;-60
9365;-96;-60
9366;-112;-64
9367;-100;-60
9368;-100;-64
9369;-104;-60
9370;-104;-64
9371;-104;-64
9372;-108;-60
9373;-104;-60
9374;-116;-56
9375;-116;-56
9376;-116;-56
9377;-120;-52
9378;-116;-48
9379;-124;-48
9380;-112;-44
9381;-124;-44
9382;-124;-40
9383;-128;-40
9384;-132;-36
9385;-128;-36
9386;-132;-36
9387;-136;-32
9388;-136;-32
9389;-136;-32
9390;-140;-32
9391;-140;-28
9392;-148;-28
9393;-140;-32
9394;-144;-28
9395;-144;-28
9396;-148;-28
9397;-148;-32
9398;-148;-32
9399;-152;-28
9400;-152;-32
9401;-156;-32
9402;-156;-32
9403;-156;-32
9404;-156;-36
9405;-156;-32
9406;-156;-32
9407;-160;-36
9408;-164;-32
9409;-164;-36
9410;-164;-36
9411;-164;-36
9412;-164;-36
9413;-176;-40
9414;-168;-36
9415;-168;-36
9416;-172;-40
9417;-168;-40
9418;-172;-40
9419;-172;-40
9420;-176;-40
9421;-172;-40
9422;-176;-40
9423;-176;-40
9424;-176;-36
9425;-176;-40
9426;-180;-40
9427;-176;-40
9428;-180;-40
9429;-180;-40
9430;-180;-40
9431;-180;-40
9432;-180;-40
9433;-180;-40
9434;-176;-40
9435;-184;-40
9436;-184;-44
9437;-184;-40
9438;-184;-44
9439;-184;-40
9440;-188;-40
9441;-184;-40
9442;-188;-40
9443;-188;-40
9444;-188;-40
9445;-188;-40
9446;-192;-40
9447;-192;48
9448;-184;48
9449;-192;44
9450;-192;44
9451;-188;44
9452;-192;44
9453;-192;40
9454;-188;40
9455;-208;36
9456;-188;36
9457;-188;32
9458;-192;32
9459;-188;32
9460;-196;28
9461;-188;28
9462;-200;24
9463;-188;24
9464;-192;24
9465;-192;24
9466;-188;24
9467;-180;24
9468;-188;24
9469;-188;24
9470;-188;24
9471;-188;24
9472;-184;28
9473;-188;28
9474;-184;28
9475;-184;32
9476;-184;36
9477;-184;36
9478;-184;40
9479;-180;44
9480;-180;44
9481;-180;48
9482;-180;52
9483;-180;52
9484;-176;52
9485;-176;56
9486;-176;56
9487;-176;56
9488;-172;60
9489;-172;60
9490;-172;60
9491;-172;60
9492;-168;60
9493;-168;60
9494;-168;60
9495;-160;60
9496;-164;60
9497;-164;60
9498;-164;56
9499;-160;56
9500;-160;56
9501;-160;56
9502;-160;52
9503;-156;56
9504;-156;52
9505;-152;52
9506;-156;52
9507;-152;52
9508;-152;56
9509;-156;52
9510;-148;52
9511;-148;52
9512;-144;52
9513;-144;52
9514;-140;52
9515;-144;52
9516;-140;52
9517;-140;48
9518;-136;52
9519;-136;48
9520;-136;48
9521;-132;48
9522;-132;48
9523;-132;48
9524;-128;48
9525;-128;48
9526;-124;48
9527;-124;48
9528;-120;48
9529;-120;48
9530;-96;48
9531;-116;48
9532;-116;48
9533;-112;48
9534;-112;48
9535;-108;48
9536;-112;48
9537;-104;48
9538;-108;48
9539;-104;48
9540;-100;48
9541;-100;48
9542;-104;48
9543;-96;48
9544;-92;44
9545;-92;44
9546;-88;44
9547;-88;44
9548;-84;40
9549;-92;40
9550;-80;36
9551;-80;36
9552;-80;32
9553;-76;32
9554;-76;32
9555;-72;28
9556;-72;28
9557;-72;24
9558;-64;24
9559;-64;24
9560;-64;24
9561;-60;24
9562;-60;24
9563;-60;20
9564;-56;20
9565;-52;24
9566;-52;28
9567;-48;28
9568;-48;32
9569;-44;36
9570;-56;36
9571;-40;40
9572;-40;44
9573;-36;48
9574;-36;48
9575;-32;52
9576;-32;56
9577;-16;56
9578;-28;56
9579;-24;60
9580;-20;60
9581;-20;60
9582;-16;60
9583;-16;60
9584;-12;60
9585;-12;60
9586;-8;60
9587;-4;60
9588;-4;60
9589;0;56
9590;0;56
9591;8;56
9592;4;56
9593;4;56
9594;12;56
9595;12;56
9596;12;56
9597;16;52
9598;16;52
9599;16;52
9600;20;52
9601;24;52
9602;24;52
9603;24;52
9604;28;52
9605;24;52
9606;36;52
9607;36;48
9608;40;48
9609;40;48
9610;44;48
9611;44;48
9612;24;48
9613;48;48
9614;48;48
9615;52;48
9616;52;48
9617;56;48
9618;56;48
9619;72;48
9620;60;48
9621;64;48
9622;68;48
9623;68;48
9624;76;48
9625;72;48
9626;72;48
9627;76;44
9628;76;52
9629;76;44
9630;80;44
9631;80;44
9632;84;44
9633;84;40
9634;88;40
9635;88;40
9636;92;36
9637;96;32
9638;100;32
9639;100;28
9640;100;24
9641;100;24
9642;104;28
9643;104;24
9644;108;24
9645;116;20
9646;108;24
9647;112;20
9648;116;24
9649;116;24
9650;116;24
9651;120;28
9652;112;28
9653;124;28
9654;128;32
9655;128;-8
9656;128;-4
9657;132;0
9658;132;0
9659;140;0
9660;136;4
9661;136;8
9662;136;12
9663;140;12
9664;144;12
9665;144;12
9666;144;16
9667;144;16
9668;144;16
9669;148;16
9670;148;20
9671;152;16
9672;152;16
9673;164;20
9674;156;20
9675;156;16
9676;156;16
9677;160;16
9678;160;16
9679;164;16
9680;168;12
9681;164;16
9682;164;12
9683;168;12
9684;168;8
9685;168;12
9686;172;12
9687;172;12
9688;172;8
9689;176;8
9690;176;8
9691;176;8
9692;176;8
9693;180;8
9694;156;8
9695;180;8
9696;180;8
9697;184;4
9698;184;4
9699;180;8
9700;188;8
9701;180;8
9702;188;8
9703;188;8
9704;192;8
9705;188;8
9706;196;8
9707;192;8
9708;192;8
9709;192;4
9710;192;4
9711;192;4
9712;196;4
9713;196;4
9714;196;4
9715;196;4
9716;196;4
9717;196;4
9718;196;0
9719;200;-4
9720;200;0
9721;200;0
9722;200;-8
9723;200;-8
9724;200;-12
9725;200;-12
9726;200;-16
9727;196;-16
9728;200;-16
9729;200;-20
9730;200;-20
9731;200;-20
9732;200;-20
9733;200;-20
9734;212;-20
9735;200;-20
9736;200;-16
9737;204;-16
9738;204;-12
9739;204;-12
9740;204;-8
9741;200;0
9742;200;-4
9743;200;4
9744;204;4
9745;200;8
9746;200;12
9747;200;12
9748;196;12
9749;204;16
9750;200;16
9751;200;16
9752;196;20
9753;200;20
9754;196;16
9755;196;20
9756;196;16
9757;196;16
9758;196;16
9759;196;16
9760;196;16
9761;196;16
9762;184;12
9763;192;16
9764;192;12
9765;192;12
9766;192;12
9767;196;12
9768;192;12
9769;200;12
9770;188;8
9771;188;12
9772;188;8
9773;184;8
9774;188;8
9775;184;8
9776;196;8
9777;184;8
9778;180;8
9779;180;8
9780;180;8
9781;180;8
9782;180;8
9783;176;4
9784;176;8
9785;176;8
9786;176;8
9787;172;8
9788;164;8
9789;172;4
9790;168;8
9791;168;4
9792;164;8
9793;164;4
9794;164;4
9795;164;4
9796;160;0
9797;160;0
9798;160;0
9799;156;-4
9800;156;-4
9801;156;-8
9802;152;-12
9803;152;-12
9804;152;-12
9805;148;-16
9806;148;-16
9807;148;-16
9808;144;-16
9809;136;-20
9810;144;-20
9811;140;-20
9812;140;-20
9813;136;-24
9814;136;-16
9815;136;-20
9816;132;-16
9817;132;-12
9818;128;-12
9819;128;-8
9820;124;-8
9821;124;-4
9822;124;0
9823;124;0
9824;120;4
9825;116;4
9826;112;8
9827;116;8
9828;112;12
9829;112;12
9830;116;12
9831;104;16
9832;104;16
9833;104;16
9834;100;16
9835;100;16
9836;96;16
9837;96;16
9838;92;16
9839;92;16
9840;88;16
9841;84;16
9842;84;16
9843;84;16
9844;80;16
9845;76;16
9846;76;12
9847;72;12
9848;72;12
9849;68;12
9850;68;12
9851;44;8
9852;64;8
9853;60;8
9854;60;8
9855;56;12
9856;52;8
9857;52;8
9858;44;12
9859;48;8
9860;44;8
9861;44;8
9862;44;8
9863;44;8
9864;36;-28
9865;36;-28
9866;36;-28
9867;32;-28
9868;28;-28
9869;28;-32
9870;28;-36
9871;24;-32
9872;20;-36
9873;20;-40
9874;16;-40
9875;16;-40
9876;16;-44
9877;16;-44
9878;8;-48
9879;8;-48
9880;8;-48
9881;4;-48
9882;0;-52
9883;0;-52
9884;-4;-52
9885;-4;-52
9886;-8;-52
9887;-12;-52
9888;-12;-48
9889;-12;-48
9890;-16;-48
9891;-8;-44
9892;-20;-44
9893;-24;-44
9894;-24;-44
9895;-28;-40
9896;-28;-36
9897;-32;-32
9898;-36;-28
9899;-36;-28
9900;-36;-24
9901;-36;-24
9902;-40;-24
9903;-44;-20
9904;-48;-20
9905;-52;-16
9906;-48;-20
9907;-52;-16
9908;-52;-20
9909;-56;-16
9910;-56;-16
9911;-60;-20
9912;-64;-16
9913;-64;-16
9914;-64;-20
9915;-68;-20
9916;-68;-20
9917;-72;-24
9918;-72;-20
9919;-84;-20
9920;-80;-20
9921;-80;-24
9922;-80;-20
9923;-80;-20
9924;-80;-24
9925;-88;-24
9926;-76;-24
9927;-92;-24
9928;-92;-24
9929;-96;-24
9930;-96;-24
9931;-92;-28
9932;-100;-28
9933;-92;-24
9934;-104;-24
9935;-104;-24
9936;-108;-24
9937;-112;-28
9938;-112;-28
9939;-112;-28
9940;-112;-28
9941;-116;-28
9942;-120;-28
9943;-120;-28
9944;-124;-28
9945;-132;-28
9946;-124;-28
9947;-128;-28
9948;-128;-28
9949;-128;-28
9950;-132;-28
9951;-132;-28
9952;-136;-28
9953;-136;-32
9954;-136;-32
9955;-140;-32
9956;-140;-32
9957;-144;-36
9958;-144;-36
9959;-144;-36
9960;-148;-36
9961;-148;-40
9962;-152;-40
9963;-152;-44
9964;-152;-44
9965;-152;-48
9966;-168;-48
9967;-156;-48
9968;-160;-48
9969;-156;-48
9970;-160;-48
9971;-160;-52
9972;-164;-52
9973;-160;-52
9974;-164;-52
9975;-168;-52
9976;-164;-52
9977;-168;-48
9978;-168;-48
9979;-168;-44
9980;-164;-44
9981;-172;-40
9982;-172;-40
9983;-172;-36
9984;-172;-32
9985;-176;-32
9986;-176;-28
9987;-172;-28
9988;-180;-24
9989;-176;-24
9990;-176;-20
9991;-180;-20
9992;-176;-20
9993;-184;-20
9994;-184;-16
9995;-180;-16
9996;-184;-16
9997;-184;-16
9998;-184;-16
9999;-184;-20
10000;-188;-20
