Column1;Column2;Column3
Channel              :;CH1;CH2
Frequency            :;75,87Hz;74,96Hz
Period               :;13,18ms;13,34ms
PK-PK                :;976,0mV;320,0mV
Probe attenuation    :;1X;1X
Voltage per ADC value:;0,500000mV;0,500000mV
Time interval        :;10,00000uS;10,00000uS
;;
index;CH1_Voltage(mV);CH2_Voltage(mV)
1;392;-104
2;392;-104
3;392;-104
4;392;-112
5;400;-112
6;400;-112
7;400;-104
8;400;-104
9;400;-104
10;408;-112
11;400;-112
12;400;-112
13;408;-112
14;400;-112
15;408;-112
16;408;-112
17;408;-112
18;416;-112
19;408;-112
20;408;-120
21;408;-112
22;416;-112
23;416;-112
24;416;-120
25;416;-120
26;416;-120
27;416;-112
28;416;-112
29;416;-120
30;416;-112
31;424;-120
32;424;-120
33;424;-112
34;424;-120
35;416;-120
36;424;-120
37;424;-120
38;424;-112
39;424;-112
40;432;-112
41;424;-120
42;432;-120
43;432;-120
44;432;-112
45;432;-120
46;440;-120
47;440;-120
48;440;-120
49;456;-120
50;440;-120
51;440;-128
52;440;-128
53;440;-128
54;440;-128
55;440;-136
56;440;-136
57;440;-136
58;440;-136
59;440;-136
60;440;-136
61;440;-144
62;440;-136
63;448;-136
64;440;-136
65;448;-144
66;440;-136
67;448;-136
68;448;-136
69;448;-136
70;456;-136
71;448;-136
72;448;-136
73;448;-128
74;448;-128
75;456;-120
76;456;-120
77;456;-112
78;456;-120
79;456;-120
80;456;-112
81;456;-112
82;456;-112
83;464;-104
84;456;-112
85;456;-104
86;456;-112
87;456;-112
88;464;-104
89;456;-104
90;464;-104
91;464;-104
92;464;-104
93;464;-104
94;464;-112
95;464;-112
96;464;-104
97;464;-112
98;464;-112
99;464;-112
100;464;-112
101;472;-112
102;464;-112
103;464;-112
104;472;-112
105;472;-112
106;472;-112
107;472;-112
108;464;-120
109;464;-112
110;464;-112
111;472;-112
112;464;-112
113;472;-112
114;472;-112
115;472;-112
116;464;-112
117;480;-120
118;472;-120
119;472;-120
120;472;-112
121;472;-120
122;472;-120
123;464;-112
124;488;-112
125;472;-120
126;472;-112
127;472;-112
128;472;-120
129;472;-112
130;472;-112
131;472;-112
132;472;-120
133;472;-112
134;472;-120
135;464;-120
136;464;-120
137;472;-120
138;472;-120
139;472;-120
140;472;-128
141;472;-128
142;472;-128
143;472;-128
144;472;-136
145;472;-136
146;472;-136
147;472;-136
148;472;-136
149;472;-136
150;472;-136
151;472;-136
152;472;-136
153;464;-136
154;472;-136
155;472;-136
156;472;-136
157;464;-128
158;472;-40
159;472;-40
160;472;-32
161;472;-32
162;472;-32
163;472;-32
164;464;-32
165;464;-24
166;464;-24
167;472;-24
168;472;-24
169;472;-16
170;472;-16
171;464;-8
172;472;-16
173;472;-16
174;472;-16
175;472;-16
176;472;-16
177;472;-16
178;464;-16
179;464;-16
180;472;-16
181;464;-16
182;464;-16
183;472;-16
184;472;-16
185;464;-16
186;472;-16
187;464;-16
188;464;-24
189;464;-24
190;472;-24
191;464;-24
192;480;-24
193;472;-24
194;456;-16
195;464;-24
196;464;-24
197;464;-24
198;464;-24
199;464;-24
200;456;-16
201;456;-16
202;456;-24
203;456;-24
204;456;-24
205;456;-24
206;456;-24
207;448;-24
208;456;-24
209;456;-24
210;448;-24
211;440;-24
212;448;-24
213;456;-24
214;448;-24
215;448;-24
216;448;-24
217;448;-24
218;448;-24
219;440;-24
220;448;-24
221;440;-24
222;440;-24
223;440;-24
224;440;-32
225;448;-32
226;440;-32
227;440;-32
228;440;-32
229;440;-40
230;440;-40
231;440;-40
232;424;-40
233;432;-40
234;432;-40
235;432;-40
236;432;-48
237;432;-48
238;432;-48
239;440;-48
240;432;-48
241;424;-48
242;424;-48
243;424;-48
244;424;-40
245;424;-40
246;424;-40
247;424;-48
248;416;-40
249;424;-32
250;416;-32
251;416;-32
252;416;-32
253;424;-24
254;416;-24
255;416;-24
256;416;-24
257;416;-16
258;416;-16
259;408;-16
260;416;-16
261;408;-16
262;408;-8
263;408;-16
264;408;-16
265;400;-16
266;400;-16
267;408;-16
268;400;-16
269;400;-8
270;400;-16
271;392;-16
272;392;-16
273;400;-16
274;384;-16
275;392;-16
276;392;-24
277;392;-16
278;392;-24
279;384;-16
280;392;-16
281;384;-16
282;384;-16
283;384;-24
284;384;-16
285;384;-24
286;376;-24
287;384;-24
288;376;-24
289;376;-16
290;376;-24
291;376;-24
292;376;-24
293;368;-24
294;368;-24
295;368;-24
296;368;-24
297;368;-24
298;368;-24
299;368;-24
300;360;-24
301;360;-24
302;368;-24
303;360;-24
304;360;-24
305;360;-24
306;360;-24
307;344;-24
308;352;-24
309;352;-24
310;352;-24
311;352;-24
312;352;-24
313;352;-24
314;352;-24
315;344;-24
316;344;-24
317;344;-24
318;336;-32
319;336;-32
320;336;-32
321;336;-40
322;328;-40
323;328;-40
324;328;-40
325;328;-40
326;328;-40
327;328;-48
328;328;-48
329;320;-48
330;320;-48
331;320;-48
332;312;-48
333;320;-48
334;312;-48
335;312;-48
336;304;-48
337;304;-40
338;304;-40
339;304;-40
340;304;-32
341;304;-32
342;304;-24
343;296;-24
344;296;-24
345;296;-24
346;288;-24
347;288;-16
348;296;-16
349;272;-16
350;288;-16
351;280;-16
352;288;-16
353;280;-16
354;272;-16
355;272;-16
356;272;-16
357;272;-16
358;272;-16
359;264;-8
360;264;-16
361;272;-16
362;264;-16
363;264;-16
364;264;-16
365;264;-16
366;264;72
367;256;120
368;264;120
369;256;112
370;248;112
371;248;112
372;248;104
373;248;112
374;248;112
375;240;112
376;240;104
377;240;104
378;240;104
379;240;104
380;232;96
381;232;104
382;224;96
383;232;88
384;224;88
385;224;88
386;224;88
387;224;88
388;216;88
389;232;80
390;216;80
391;216;88
392;216;88
393;208;88
394;208;88
395;208;80
396;208;88
397;200;88
398;200;88
399;200;88
400;200;88
401;192;96
402;192;104
403;200;104
404;192;104
405;184;112
406;184;112
407;184;120
408;184;112
409;168;120
410;176;120
411;176;120
412;168;120
413;176;120
414;168;120
415;160;120
416;168;120
417;160;120
418;160;120
419;160;120
420;160;120
421;152;120
422;152;120
423;152;120
424;128;120
425;144;120
426;144;120
427;144;120
428;136;120
429;136;120
430;136;120
431;120;112
432;136;120
433;128;112
434;136;112
435;128;112
436;136;112
437;128;112
438;120;112
439;120;120
440;120;112
441;120;112
442;112;112
443;112;112
444;112;112
445;104;112
446;104;112
447;104;112
448;104;112
449;104;112
450;96;104
451;96;112
452;96;104
453;88;104
454;88;112
455;88;104
456;80;112
457;80;104
458;88;112
459;80;112
460;80;104
461;72;104
462;72;104
463;72;104
464;80;104
465;64;104
466;72;104
467;64;96
468;64;96
469;64;96
470;56;88
471;56;88
472;56;88
473;56;88
474;48;88
475;48;80
476;40;88
477;48;88
478;40;88
479;40;88
480;32;80
481;32;88
482;32;88
483;32;88
484;24;88
485;24;96
486;24;88
487;24;96
488;16;96
489;16;96
490;16;104
491;8;104
492;0;104
493;8;112
494;8;112
495;0;112
496;0;112
497;0;120
498;-8;120
499;-24;120
500;-16;120
501;-16;120
502;-16;120
503;-16;120
504;-16;120
505;-24;120
506;-24;120
507;-24;120
508;-24;120
509;-32;120
510;-32;120
511;-32;112
512;-40;120
513;-40;120
514;-40;112
515;-40;112
516;-48;112
517;-48;112
518;-64;112
519;-56;112
520;-56;112
521;-56;112
522;-64;112
523;-64;120
524;-64;112
525;-72;112
526;-72;112
527;-72;112
528;-80;112
529;-72;112
530;-80;112
531;-80;112
532;-80;104
533;-88;112
534;-88;112
535;-88;112
536;-88;112
537;-96;112
538;-96;104
539;-96;112
540;-104;104
541;-104;112
542;-112;112
543;-112;112
544;-112;112
545;-112;112
546;-120;112
547;-120;104
548;-120;112
549;-120;112
550;-128;112
551;-128;112
552;-128;104
553;-136;104
554;-136;104
555;-136;104
556;-136;104
557;-144;112
558;-136;112
559;-144;112
560;-152;104
561;-144;104
562;-152;104
563;-152;96
564;-160;104
565;-160;104
566;-160;104
567;-176;96
568;-168;96
569;-176;96
570;-168;96
571;-176;88
572;-168;88
573;-176;88
574;-176;88
575;-184;136
576;-184;136
577;-184;136
578;-192;136
579;-192;136
580;-192;136
581;-184;136
582;-200;136
583;-200;136
584;-200;136
585;-208;144
586;-208;144
587;-208;144
588;-208;152
589;-216;152
590;-216;152
591;-224;152
592;-224;160
593;-232;160
594;-232;160
595;-224;168
596;-232;168
597;-232;168
598;-240;168
599;-240;168
600;-248;176
601;-248;176
602;-248;176
603;-248;176
604;-248;168
605;-256;176
606;-256;176
607;-256;176
608;-264;176
609;-264;168
610;-264;168
611;-264;168
612;-272;168
613;-272;168
614;-264;168
615;-272;168
616;-280;168
617;-280;168
618;-280;168
619;-280;168
620;-288;160
621;-288;160
622;-296;160
623;-288;168
624;-296;168
625;-296;160
626;-304;160
627;-304;160
628;-312;160
629;-304;168
630;-304;168
631;-312;160
632;-312;160
633;-312;160
634;-312;160
635;-320;160
636;-320;160
637;-320;160
638;-320;160
639;-320;160
640;-328;160
641;-328;168
642;-344;160
643;-336;160
644;-336;160
645;-336;160
646;-344;160
647;-344;160
648;-352;160
649;-344;160
650;-352;160
651;-344;152
652;-352;152
653;-352;152
654;-352;144
655;-360;152
656;-352;144
657;-360;144
658;-368;144
659;-368;144
660;-368;136
661;-368;136
662;-376;136
663;-376;136
664;-384;136
665;-384;136
666;-384;136
667;-384;136
668;-384;136
669;-384;136
670;-384;144
671;-392;136
672;-384;144
673;-392;144
674;-392;152
675;-392;152
676;-392;160
677;-400;152
678;-392;160
679;-392;160
680;-392;160
681;-400;168
682;-400;160
683;-400;168
684;-400;168
685;-400;168
686;-408;176
687;-408;168
688;-408;168
689;-408;168
690;-408;176
691;-408;176
692;-408;168
693;-416;176
694;-416;168
695;-416;168
696;-424;168
697;-416;168
698;-416;176
699;-416;168
700;-416;168
701;-416;168
702;-416;168
703;-424;168
704;-424;168
705;-424;168
706;-424;168
707;-424;168
708;-416;160
709;-424;160
710;-424;160
711;-424;160
712;-424;160
713;-432;160
714;-424;160
715;-424;160
716;-424;160
717;-432;160
718;-432;160
719;-432;160
720;-432;160
721;-432;160
722;-432;160
723;-432;160
724;-424;160
725;-432;160
726;-432;160
727;-440;160
728;-440;160
729;-440;160
730;-440;160
731;-432;160
732;-440;160
733;-440;152
734;-440;160
735;-440;160
736;-440;152
737;-440;152
738;-440;152
739;-440;152
740;-440;152
741;-440;144
742;-448;144
743;-456;136
744;-448;144
745;-448;136
746;-448;136
747;-448;136
748;-448;136
749;-448;136
750;-456;136
751;-448;136
752;-448;128
753;-456;136
754;-448;136
755;-456;136
756;-456;136
757;-448;136
758;-456;144
759;-448;144
760;-456;152
761;-456;152
762;-456;152
763;-448;160
764;-456;160
765;-456;160
766;-456;168
767;-456;168
768;-456;168
769;-456;168
770;-456;168
771;-464;168
772;-456;168
773;-456;168
774;-456;176
775;-456;168
776;-456;168
777;-456;168
778;-464;168
779;-456;160
780;-464;168
781;-456;168
782;-456;168
783;-456;80
784;-464;80
785;-456;80
786;-464;72
787;-456;72
788;-464;72
789;-464;80
790;-456;80
791;-456;72
792;-456;72
793;-464;72
794;-464;72
795;-464;72
796;-456;80
797;-464;80
798;-464;72
799;-440;72
800;-464;72
801;-464;72
802;-464;72
803;-464;72
804;-472;72
805;-464;64
806;-472;64
807;-472;64
808;-464;64
809;-464;64
810;-464;56
811;-480;56
812;-464;56
813;-464;48
814;-472;48
815;-472;48
816;-472;48
817;-464;48
818;-464;48
819;-472;48
820;-464;48
821;-464;48
822;-464;40
823;-472;40
824;-472;40
825;-472;48
826;-464;48
827;-472;56
828;-464;48
829;-472;56
830;-464;56
831;-464;64
832;-464;56
833;-464;64
834;-464;72
835;-464;72
836;-464;72
837;-464;72
838;-464;72
839;-480;80
840;-464;80
841;-464;80
842;-464;80
843;-464;80
844;-464;80
845;-464;80
846;-464;80
847;-464;80
848;-464;80
849;-464;80
850;-464;88
851;-456;88
852;-464;80
853;-464;80
854;-456;80
855;-456;80
856;-456;80
857;-464;72
858;-456;80
859;-456;80
860;-448;80
861;-456;72
862;-456;72
863;-456;80
864;-456;72
865;-448;72
866;-456;72
867;-456;72
868;-456;72
869;-456;72
870;-456;72
871;-456;72
872;-456;72
873;-456;72
874;-448;72
875;-456;64
876;-456;72
877;-448;72
878;-456;72
879;-456;72
880;-448;72
881;-464;72
882;-448;72
883;-448;72
884;-448;72
885;-448;64
886;-456;64
887;-448;64
888;-448;64
889;-440;64
890;-440;64
891;-440;64
892;-440;56
893;-440;56
894;-440;56
895;-440;56
896;-440;48
897;-440;48
898;-440;48
899;-432;48
900;-432;48
901;-432;48
902;-440;48
903;-432;48
904;-432;40
905;-432;48
906;-432;40
907;-432;48
908;-424;40
909;-432;48
910;-432;48
911;-424;48
912;-424;56
913;-424;56
914;-440;56
915;-424;56
916;-424;64
917;-424;64
918;-424;64
919;-424;72
920;-416;72
921;-408;72
922;-416;72
923;-424;80
924;-416;80
925;-416;80
926;-416;80
927;-416;80
928;-408;80
929;-416;80
930;-408;80
931;-416;80
932;-408;80
933;-408;80
934;-408;80
935;-400;80
936;-408;80
937;-408;80
938;-408;80
939;-400;80
940;-408;72
941;-400;80
942;-400;80
943;-400;80
944;-400;72
945;-400;72
946;-400;72
947;-400;72
948;-400;72
949;-392;72
950;-400;72
951;-392;72
952;-400;72
953;-392;64
954;-392;72
955;-392;72
956;-416;64
957;-384;72
958;-392;72
959;-384;64
960;-384;64
961;-384;72
962;-376;64
963;-392;64
964;-376;64
965;-376;72
966;-376;72
967;-376;72
968;-368;72
969;-376;72
970;-368;64
971;-368;72
972;-360;72
973;-368;64
974;-368;64
975;-360;72
976;-368;72
977;-360;64
978;-360;64
979;-352;64
980;-352;64
981;-352;64
982;-344;72
983;-344;64
984;-344;72
985;-344;64
986;-336;64
987;-336;72
988;-336;72
989;-328;72
990;-328;72
991;-328;-64
992;-320;-48
993;-320;-48
994;-320;-48
995;-312;-48
996;-296;-48
997;-312;-56
998;-304;-56
999;-304;-56
1000;-304;-56
1001;-296;-56
1002;-296;-64
1003;-288;-64
1004;-288;-64
1005;-280;-64
1006;-280;-64
1007;-280;-64
1008;-280;-64
1009;-272;-72
1010;-272;-72
1011;-272;-64
1012;-264;-64
1013;-264;-64
1014;-256;-72
1015;-256;-64
1016;-256;-64
1017;-256;-64
1018;-248;-56
1019;-240;-56
1020;-240;-56
1021;-240;-56
1022;-240;-56
1023;-232;-48
1024;-240;-48
1025;-224;-48
1026;-224;-40
1027;-216;-40
1028;-216;-40
1029;-208;-40
1030;-208;-32
1031;-224;-32
1032;-208;-32
1033;-200;-32
1034;-200;-32
1035;-192;-32
1036;-192;-32
1037;-192;-32
1038;-176;-32
1039;-192;-32
1040;-184;-32
1041;-176;-32
1042;-176;-40
1043;-168;-40
1044;-176;-40
1045;-168;-40
1046;-168;-40
1047;-168;-40
1048;-168;-40
1049;-160;-40
1050;-160;-40
1051;-152;-40
1052;-152;-40
1053;-144;-40
1054;-144;-40
1055;-136;-40
1056;-144;-40
1057;-128;-40
1058;-128;-48
1059;-128;-40
1060;-128;-48
1061;-120;-48
1062;-120;-40
1063;-120;-40
1064;-112;-40
1065;-112;-40
1066;-112;-40
1067;-112;-48
1068;-104;-40
1069;-104;-40
1070;-96;-40
1071;-88;-48
1072;-104;-40
1073;-96;-48
1074;-96;-40
1075;-88;-48
1076;-88;-48
1077;-80;-48
1078;-80;-40
1079;-80;-56
1080;-80;-48
1081;-72;-48
1082;-72;-48
1083;-72;-48
1084;-64;-56
1085;-64;-56
1086;-56;-56
1087;-64;-64
1088;-56;-64
1089;-56;-64
1090;-48;-64
1091;-48;-72
1092;-48;-64
1093;-48;-64
1094;-40;-72
1095;-32;-64
1096;-40;-72
1097;-32;-64
1098;-32;-64
1099;-32;-64
1100;-32;-64
1101;-24;-64
1102;-24;-64
1103;-24;-56
1104;-16;-56
1105;-16;-48
1106;8;-48
1107;-8;-48
1108;-8;-40
1109;-8;-40
1110;-8;-40
1111;8;-40
1112;8;-32
1113;16;-32
1114;8;-32
1115;8;-32
1116;8;-40
1117;16;-32
1118;16;-32
1119;24;-32
1120;24;-32
1121;24;-32
1122;24;-40
1123;24;-32
1124;32;-40
1125;24;-40
1126;40;-40
1127;40;-40
1128;48;-40
1129;40;-32
1130;40;-40
1131;48;-40
1132;48;-40
1133;56;-40
1134;56;-40
1135;56;-40
1136;64;-40
1137;64;-40
1138;64;-40
1139;72;-40
1140;72;-40
1141;72;-48
1142;72;-40
1143;80;-40
1144;80;-40
1145;88;-40
1146;88;-48
1147;88;-40
1148;96;-40
1149;96;-40
1150;96;-48
1151;96;-40
1152;104;-40
1153;96;-40
1154;104;-48
1155;104;-40
1156;112;-40
1157;112;-40
1158;112;-48
1159;120;-48
1160;112;-48
1161;128;-40
1162;128;-40
1163;128;-48
1164;136;-48
1165;136;-48
1166;136;-48
1167;136;-48
1168;136;-48
1169;144;-48
1170;144;-48
1171;152;-48
1172;152;-48
1173;152;-48
1174;152;-48
1175;152;-56
1176;160;-56
1177;160;-56
1178;160;-56
1179;168;-56
1180;168;-64
1181;184;-64
1182;176;-64
1183;176;-64
1184;176;-72
1185;176;-72
1186;176;-72
1187;184;-72
1188;192;-72
1189;192;-64
1190;192;-72
1191;192;-72
1192;192;-64
1193;200;-56
1194;200;-56
1195;200;-56
1196;200;-56
1197;200;-56
1198;200;-48
1199;208;-48
1200;200;-112
1201;208;-104
1202;208;-104
1203;216;-104
1204;216;-104
1205;216;-104
1206;224;-104
1207;216;-104
1208;224;-104
1209;224;-104
1210;224;-96
1211;232;-96
1212;232;-104
1213;232;-104
1214;240;-104
1215;240;-104
1216;232;-104
1217;232;-112
1218;240;-104
1219;240;-104
1220;248;-104
1221;240;-112
1222;248;-104
1223;248;-104
1224;256;-112
1225;256;-112
1226;256;-112
1227;248;-112
1228;248;-112
1229;256;-112
1230;264;-112
1231;264;-112
1232;264;-112
1233;264;-112
1234;272;-112
1235;264;-112
1236;272;-112
1237;280;-112
1238;280;-112
1239;280;-112
1240;280;-112
1241;280;-112
1242;280;-112
1243;280;-112
1244;288;-112
1245;288;-112
1246;288;-112
1247;296;-112
1248;288;-112
1249;296;-112
1250;296;-112
1251;296;-120
1252;304;-120
1253;304;-120
1254;304;-120
1255;304;-120
1256;328;-120
1257;312;-128
1258;312;-128
1259;312;-128
1260;312;-128
1261;320;-136
1262;320;-136
1263;328;-136
1264;320;-136
1265;320;-136
1266;320;-136
1267;328;-136
1268;328;-136
1269;328;-136
1270;328;-136
1271;328;-136
1272;336;-128
1273;336;-128
1274;328;-128
1275;336;-120
1276;336;-120
1277;336;-120
1278;336;-120
1279;336;-120
1280;344;-112
1281;344;-112
1282;344;-104
1283;344;-112
1284;344;-104
1285;344;-104
1286;352;-104
1287;352;-104
1288;352;-104
1289;360;-104
1290;360;-96
1291;360;-104
1292;352;-104
1293;360;-104
1294;360;-104
1295;360;-104
1296;360;-104
1297;360;-104
1298;368;-104
1299;368;-104
1300;368;-104
1301;368;-104
1302;368;-104
1303;360;-104
1304;368;-112
1305;376;-104
1306;376;-112
1307;384;-104
1308;384;-104
1309;384;-112
1310;376;-104
1311;384;-104
1312;384;-112
1313;384;-112
1314;384;-112
1315;392;-112
1316;384;-112
1317;392;-112
1318;392;-112
1319;392;-112
1320;400;-112
1321;392;-112
1322;400;-112
1323;400;-112
1324;400;-112
1325;400;-112
1326;400;-112
1327;408;-112
1328;408;-112
1329;408;-112
1330;400;-112
1331;432;-112
1332;408;-112
1333;408;-112
1334;416;-120
1335;408;-112
1336;416;-112
1337;416;-120
1338;424;-112
1339;416;-120
1340;416;-112
1341;416;-120
1342;416;-120
1343;416;-128
1344;416;-128
1345;424;-120
1346;416;-128
1347;424;-128
1348;424;-128
1349;424;-128
1350;416;-136
1351;424;-128
1352;424;-136
1353;432;-128
1354;424;-136
1355;432;-136
1356;424;-128
1357;424;-128
1358;432;-136
1359;432;-136
1360;432;-128
1361;432;-128
1362;432;-128
1363;440;-128
1364;440;-120
1365;432;-120
1366;440;-112
1367;440;-112
1368;440;-112
1369;440;-112
1370;440;-104
1371;440;-104
1372;440;-104
1373;440;-104
1374;440;-104
1375;440;-104
1376;440;-104
1377;448;-104
1378;456;-104
1379;440;-96
1380;440;-104
1381;448;-104
1382;448;-104
1383;448;-104
1384;448;-104
1385;448;-104
1386;448;-104
1387;448;-104
1388;456;-104
1389;448;-112
1390;448;-112
1391;456;-104
1392;464;-112
1393;456;-112
1394;456;-104
1395;456;-112
1396;456;-112
1397;456;-112
1398;456;-112
1399;464;-112
1400;456;-112
1401;456;-112
1402;456;-104
1403;464;-112
1404;456;-104
1405;456;-112
1406;456;-112
1407;456;-112
1408;456;-64
1409;464;-56
1410;464;-64
1411;464;-64
1412;464;-64
1413;440;-64
1414;464;-64
1415;464;-64
1416;472;-72
1417;464;-72
1418;464;-72
1419;464;-72
1420;464;-72
1421;472;-80
1422;472;-80
1423;464;-80
1424;472;-80
1425;472;-80
1426;472;-80
1427;464;-80
1428;472;-88
1429;472;-88
1430;472;-88
1431;472;-80
1432;472;-80
1433;472;-80
1434;472;-80
1435;472;-80
1436;472;-80
1437;472;-72
1438;464;-72
1439;472;-72
1440;472;-64
1441;472;-64
1442;472;-64
1443;472;-56
1444;480;-56
1445;472;-56
1446;464;-56
1447;472;-48
1448;472;-48
1449;472;-48
1450;472;-48
1451;472;-48
1452;472;-48
1453;480;-48
1454;472;-48
1455;472;-48
1456;472;-48
1457;480;-48
1458;472;-48
1459;472;-56
1460;480;-48
1461;472;-48
1462;472;-56
1463;472;-56
1464;472;-56
1465;472;-56
1466;472;-48
1467;472;-56
1468;472;-56
1469;472;-56
1470;472;-56
1471;472;-56
1472;472;-64
1473;472;-56
1474;472;-64
1475;472;-64
1476;472;-56
1477;472;-56
1478;472;-56
1479;464;-56
1480;472;-64
1481;464;-64
1482;472;-56
1483;472;-64
1484;464;-56
1485;472;-64
1486;472;-56
1487;464;-64
1488;448;-56
1489;472;-64
1490;472;-56
1491;472;-64
1492;472;-64
1493;464;-64
1494;472;-64
1495;456;-56
1496;464;-56
1497;472;-56
1498;464;-64
1499;464;-64
1500;472;-64
1501;464;-64
1502;464;-64
1503;472;-64
1504;464;-64
1505;464;-72
1506;464;-72
1507;464;-72
1508;464;-72
1509;464;-72
1510;456;-72
1511;464;-80
1512;464;-80
1513;456;-80
1514;464;-88
1515;456;-80
1516;464;-80
1517;456;-88
1518;456;-88
1519;456;-80
1520;456;-80
1521;456;-80
1522;456;-80
1523;456;-80
1524;456;-80
1525;456;-72
1526;456;-80
1527;456;-72
1528;464;-64
1529;456;-64
1530;448;-64
1531;456;-64
1532;448;-56
1533;448;-64
1534;440;-56
1535;448;-56
1536;448;-48
1537;448;-48
1538;448;-48
1539;440;-48
1540;440;-48
1541;440;-48
1542;440;-48
1543;440;-48
1544;440;-48
1545;440;-48
1546;440;-48
1547;440;-48
1548;440;-56
1549;432;-48
1550;432;-56
1551;432;-48
1552;432;-56
1553;432;-56
1554;432;-56
1555;432;-56
1556;416;-56
1557;432;-56
1558;432;-56
1559;432;-56
1560;432;-56
1561;424;-56
1562;424;-56
1563;408;-56
1564;424;-56
1565;424;-56
1566;424;-56
1567;416;-56
1568;424;-56
1569;416;-56
1570;424;-56
1571;416;-56
1572;416;-56
1573;416;-56
1574;416;-56
1575;416;-64
1576;408;-56
1577;408;-56
1578;408;-56
1579;408;-64
1580;408;-56
1581;408;-56
1582;408;-64
1583;408;-56
1584;400;-64
1585;400;-64
1586;400;-56
1587;400;-56
1588;400;-64
1589;400;-64
1590;392;-64
1591;392;-56
1592;392;-56
1593;392;-64
1594;392;-56
1595;384;-64
1596;400;-64
1597;392;-64
1598;384;-64
1599;384;-56
1600;384;-64
1601;384;-64
1602;384;-72
1603;384;-64
1604;376;-64
1605;376;-72
1606;376;-72
1607;376;-72
1608;376;-72
1609;376;-72
1610;368;-80
1611;376;-80
1612;368;-80
1613;368;-80
1614;368;-80
1615;368;-80
1616;368;48
1617;360;48
1618;360;48
1619;360;48
1620;360;48
1621;360;48
1622;360;48
1623;352;48
1624;352;48
1625;352;56
1626;352;56
1627;352;56
1628;352;64
1629;352;64
1630;344;64
1631;336;72
1632;344;72
1633;344;72
1634;344;72
1635;344;80
1636;344;80
1637;336;80
1638;336;80
1639;336;80
1640;328;88
1641;336;88
1642;328;80
1643;328;80
1644;328;88
1645;336;88
1646;320;88
1647;320;80
1648;312;88
1649;320;88
1650;304;80
1651;312;80
1652;304;80
1653;304;80
1654;304;80
1655;296;80
1656;304;80
1657;296;80
1658;304;72
1659;296;80
1660;296;80
1661;296;80
1662;288;72
1663;288;80
1664;288;80
1665;288;80
1666;288;80
1667;280;72
1668;280;72
1669;280;80
1670;280;72
1671;280;80
1672;280;72
1673;272;72
1674;272;72
1675;272;72
1676;272;72
1677;272;72
1678;256;72
1679;264;72
1680;264;72
1681;264;72
1682;264;72
1683;256;72
1684;256;72
1685;248;72
1686;256;72
1687;248;72
1688;256;72
1689;248;72
1690;248;72
1691;248;72
1692;240;64
1693;240;64
1694;240;72
1695;240;64
1696;240;64
1697;232;56
1698;232;56
1699;240;56
1700;232;56
1701;232;56
1702;232;56
1703;224;48
1704;224;48
1705;216;48
1706;224;48
1707;216;48
1708;216;48
1709;216;48
1710;216;48
1711;216;48
1712;208;48
1713;224;56
1714;200;56
1715;200;64
1716;200;64
1717;200;64
1718;200;72
1719;192;72
1720;192;72
1721;192;80
1722;184;80
1723;184;80
1724;176;80
1725;184;80
1726;176;80
1727;176;88
1728;176;88
1729;168;88
1730;168;88
1731;168;88
1732;160;88
1733;168;80
1734;160;88
1735;160;80
1736;160;80
1737;152;80
1738;152;80
1739;152;80
1740;152;80
1741;144;80
1742;144;80
1743;144;80
1744;144;80
1745;144;80
1746;144;80
1747;144;72
1748;136;72
1749;136;72
1750;136;72
1751;128;72
1752;128;72
1753;128;72
1754;128;72
1755;120;72
1756;120;80
1757;120;72
1758;120;72
1759;120;72
1760;112;72
1761;112;72
1762;112;72
1763;112;72
1764;104;72
1765;104;72
1766;104;72
1767;96;72
1768;96;72
1769;96;72
1770;96;72
1771;96;72
1772;88;72
1773;88;72
1774;88;72
1775;80;72
1776;80;72
1777;80;64
1778;80;64
1779;80;64
1780;72;64
1781;72;64
1782;72;64
1783;64;64
1784;64;56
1785;64;56
1786;64;56
1787;56;48
1788;80;48
1789;56;48
1790;56;48
1791;48;48
1792;48;48
1793;48;48
1794;40;48
1795;56;48
1796;40;48
1797;40;48
1798;32;48
1799;40;48
1800;32;56
1801;24;56
1802;32;64
1803;24;64
1804;24;64
1805;16;72
1806;24;72
1807;8;72
1808;16;80
1809;8;72
1810;8;80
1811;8;80
1812;0;80
1813;0;88
1814;0;80
1815;-8;80
1816;-8;88
1817;-8;88
1818;-8;88
1819;-16;80
1820;-16;80
1821;-16;80
1822;-24;88
1823;-24;88
1824;-24;80
1825;-24;176
1826;-24;176
1827;-32;176
1828;-40;176
1829;-40;168
1830;-40;168
1831;-40;168
1832;-40;168
1833;-48;168
1834;-48;168
1835;-64;168
1836;-48;160
1837;-56;168
1838;-56;168
1839;-56;160
1840;-64;168
1841;-64;168
1842;-72;168
1843;-72;168
1844;-80;160
1845;-72;160
1846;-80;160
1847;-80;160
1848;-80;160
1849;-80;152
1850;-80;152
1851;-80;152
1852;-88;152
1853;-88;152
1854;-88;152
1855;-96;152
1856;-104;144
1857;-104;144
1858;-104;144
1859;-104;136
1860;-104;136
1861;-104;136
1862;-112;136
1863;-96;136
1864;-112;136
1865;-120;136
1866;-120;136
1867;-120;136
1868;-128;136
1869;-128;136
1870;-128;144
1871;-136;144
1872;-128;144
1873;-136;152
1874;-136;152
1875;-152;152
1876;-144;160
1877;-144;160
1878;-144;160
1879;-152;168
1880;-152;168
1881;-160;168
1882;-168;176
1883;-160;176
1884;-160;176
1885;-160;176
1886;-168;176
1887;-168;176
1888;-168;176
1889;-176;176
1890;-176;176
1891;-176;176
1892;-184;168
1893;-184;176
1894;-184;176
1895;-192;176
1896;-192;176
1897;-192;176
1898;-192;168
1899;-200;168
1900;-200;168
1901;-200;168
1902;-208;168
1903;-216;168
1904;-208;168
1905;-208;168
1906;-216;160
1907;-216;160
1908;-224;160
1909;-224;168
1910;-224;160
1911;-232;160
1912;-224;160
1913;-232;160
1914;-232;160
1915;-240;160
1916;-240;160
1917;-240;160
1918;-248;160
1919;-240;160
1920;-248;160
1921;-248;160
1922;-248;160
1923;-256;160
1924;-256;160
1925;-256;160
1926;-264;160
1927;-256;160
1928;-264;160
1929;-264;160
1930;-272;160
1931;-264;160
1932;-272;160
1933;-280;160
1934;-280;160
1935;-280;160
1936;-280;160
1937;-288;160
1938;-280;160
1939;-288;160
1940;-296;160
1941;-296;160
1942;-296;160
1943;-296;160
1944;-296;160
1945;-312;160
1946;-304;152
1947;-304;152
1948;-312;152
1949;-312;160
1950;-312;152
1951;-320;152
1952;-328;152
1953;-320;144
1954;-320;136
1955;-320;136
1956;-328;136
1957;-320;144
1958;-328;136
1959;-336;136
1960;-328;136
1961;-336;136
1962;-336;136
1963;-336;136
1964;-336;136
1965;-344;136
1966;-344;136
1967;-344;144
1968;-352;144
1969;-352;144
1970;-352;152
1971;-352;152
1972;-360;152
1973;-368;160
1974;-368;160
1975;-360;160
1976;-368;168
1977;-368;168
1978;-368;168
1979;-376;168
1980;-376;176
1981;-376;176
1982;-376;176
1983;-384;176
1984;-384;168
1985;-376;168
1986;-384;176
1987;-384;176
1988;-384;176
1989;-384;168
1990;-384;168
1991;-392;176
1992;-392;168
1993;-392;176
1994;-400;168
1995;-392;168
1996;-400;168
1997;-400;168
1998;-400;168
1999;-400;168
2000;-408;168
2001;-400;160
2002;-408;168
2003;-408;160
2004;-400;160
2005;-408;168
2006;-416;160
2007;-408;160
2008;-408;168
2009;-408;160
2010;-408;160
2011;-416;160
2012;-408;160
2013;-416;160
2014;-416;160
2015;-408;160
2016;-416;160
2017;-416;160
2018;-424;160
2019;-416;160
2020;-440;160
2021;-416;160
2022;-416;160
2023;-424;160
2024;-424;160
2025;-432;160
2026;-424;160
2027;-432;160
2028;-432;160
2029;-424;160
2030;-424;160
2031;-432;160
2032;-424;160
2033;-432;104
2034;-432;104
2035;-432;104
2036;-432;104
2037;-432;104
2038;-432;96
2039;-432;96
2040;-432;96
2041;-432;88
2042;-432;96
2043;-440;88
2044;-432;88
2045;-440;88
2046;-432;80
2047;-440;88
2048;-432;80
2049;-440;80
2050;-440;80
2051;-440;80
2052;-440;80
2053;-440;80
2054;-440;80
2055;-440;80
2056;-440;80
2057;-448;80
2058;-440;88
2059;-448;88
2060;-432;88
2061;-440;96
2062;-440;96
2063;-448;96
2064;-448;96
2065;-448;104
2066;-440;104
2067;-448;104
2068;-448;112
2069;-448;112
2070;-448;112
2071;-448;120
2072;-448;120
2073;-448;120
2074;-448;120
2075;-456;120
2076;-448;120
2077;-448;120
2078;-456;112
2079;-456;120
2080;-456;120
2081;-464;120
2082;-456;120
2083;-456;120
2084;-456;112
2085;-456;120
2086;-456;112
2087;-448;112
2088;-464;112
2089;-456;112
2090;-456;112
2091;-464;112
2092;-456;112
2093;-456;112
2094;-456;112
2095;-472;112
2096;-456;112
2097;-456;104
2098;-456;104
2099;-464;104
2100;-464;112
2101;-464;104
2102;-448;112
2103;-464;112
2104;-464;112
2105;-464;112
2106;-456;112
2107;-456;112
2108;-464;104
2109;-464;104
2110;-456;104
2111;-464;104
2112;-464;104
2113;-464;104
2114;-472;104
2115;-464;104
2116;-464;104
2117;-464;104
2118;-464;104
2119;-464;104
2120;-464;104
2121;-464;104
2122;-464;104
2123;-464;104
2124;-464;104
2125;-464;104
2126;-464;96
2127;-464;104
2128;-456;104
2129;-464;96
2130;-464;96
2131;-464;96
2132;-464;96
2133;-464;96
2134;-464;88
2135;-456;88
2136;-464;88
2137;-472;88
2138;-464;80
2139;-464;88
2140;-464;80
2141;-464;80
2142;-464;80
2143;-464;80
2144;-472;80
2145;-464;80
2146;-464;80
2147;-464;80
2148;-464;88
2149;-472;88
2150;-464;80
2151;-464;88
2152;-464;96
2153;-464;96
2154;-464;96
2155;-464;96
2156;-464;104
2157;-464;96
2158;-464;112
2159;-464;112
2160;-464;104
2161;-464;112
2162;-464;112
2163;-472;112
2164;-464;112
2165;-456;112
2166;-464;120
2167;-464;120
2168;-464;120
2169;-464;120
2170;-456;120
2171;-456;120
2172;-456;120
2173;-456;120
2174;-456;112
2175;-456;112
2176;-456;112
2177;-440;120
2178;-456;112
2179;-456;112
2180;-456;112
2181;-456;112
2182;-456;112
2183;-448;112
2184;-456;112
2185;-448;112
2186;-456;112
2187;-456;104
2188;-448;104
2189;-456;104
2190;-448;104
2191;-448;104
2192;-448;112
2193;-448;112
2194;-448;112
2195;-448;104
2196;-448;104
2197;-448;104
2198;-448;104
2199;-448;104
2200;-440;104
2201;-440;104
2202;-448;104
2203;-440;104
2204;-440;112
2205;-440;104
2206;-440;104
2207;-440;104
2208;-440;104
2209;-440;104
2210;-448;104
2211;-440;104
2212;-440;104
2213;-440;104
2214;-440;104
2215;-440;104
2216;-432;104
2217;-440;104
2218;-432;104
2219;-432;104
2220;-432;112
2221;-432;104
2222;-432;104
2223;-432;104
2224;-440;104
2225;-432;104
2226;-432;104
2227;-432;104
2228;-424;96
2229;-424;96
2230;-424;96
2231;-424;96
2232;-424;88
2233;-424;88
2234;-424;88
2235;-416;88
2236;-424;88
2237;-424;80
2238;-416;80
2239;-416;80
2240;-416;80
2241;-416;-64
2242;-416;-40
2243;-416;-40
2244;-416;-40
2245;-400;-40
2246;-416;-40
2247;-416;-40
2248;-416;-40
2249;-408;-32
2250;-416;-32
2251;-408;-32
2252;-416;-32
2253;-408;-24
2254;-408;-24
2255;-408;-24
2256;-408;-16
2257;-416;-16
2258;-400;-16
2259;-400;-16
2260;-400;-8
2261;-400;-8
2262;-408;-8
2263;-400;-8
2264;-408;0
2265;-400;-8
2266;-400;0
2267;-400;-8
2268;-392;-8
2269;-400;-8
2270;-392;-8
2271;-392;-8
2272;-384;0
2273;-384;-8
2274;-392;-8
2275;-384;-8
2276;-384;-8
2277;-376;0
2278;-384;-8
2279;-384;-8
2280;-384;-8
2281;-384;-8
2282;-384;-8
2283;-376;-16
2284;-376;-8
2285;-384;-8
2286;-376;-16
2287;-376;-16
2288;-368;-16
2289;-368;-16
2290;-368;-16
2291;-368;-16
2292;-376;-16
2293;-368;-16
2294;-360;-16
2295;-360;-16
2296;-360;-16
2297;-352;-16
2298;-352;-16
2299;-352;-16
2300;-344;-16
2301;-352;-16
2302;-344;-16
2303;-344;-16
2304;-344;-16
2305;-336;-16
2306;-328;-16
2307;-336;-16
2308;-328;-16
2309;-328;-16
2310;-320;-16
2311;-320;-16
2312;-320;-16
2313;-312;-16
2314;-320;-24
2315;-312;-16
2316;-312;-16
2317;-304;-16
2318;-304;-16
2319;-304;-16
2320;-280;-16
2321;-296;-16
2322;-296;-24
2323;-288;-16
2324;-288;-24
2325;-280;-24
2326;-280;-24
2327;-280;-24
2328;-272;-32
2329;-272;-32
2330;-264;-32
2331;-264;-32
2332;-264;-32
2333;-256;-40
2334;-256;-40
2335;-256;-40
2336;-248;-40
2337;-248;-40
2338;-240;-40
2339;-248;-40
2340;-240;-40
2341;-232;-40
2342;-232;-48
2343;-232;-40
2344;-224;-40
2345;-224;-32
2346;-216;-32
2347;-216;-32
2348;-216;-24
2349;-216;-24
2350;-208;-24
2351;-216;-24
2352;-208;-24
2353;-192;-16
2354;-200;-16
2355;-192;-8
2356;-192;-8
2357;-184;-8
2358;-192;-8
2359;-184;-8
2360;-184;-8
2361;-176;-8
2362;-176;-8
2363;-176;-8
2364;-168;-8
2365;-160;0
2366;-160;-8
2367;-168;-8
2368;-160;-8
2369;-152;-8
2370;-152;-8
2371;-152;-8
2372;-144;-8
2373;-144;-8
2374;-144;-8
2375;-136;-8
2376;-136;-8
2377;-136;-16
2378;-128;-8
2379;-120;-8
2380;-120;-16
2381;-120;-8
2382;-120;-8
2383;-112;-16
2384;-112;-16
2385;-112;-16
2386;-104;-16
2387;-104;-16
2388;-104;-16
2389;-104;-16
2390;-104;-8
2391;-96;-16
2392;-96;-16
2393;-96;-16
2394;-88;-16
2395;-72;-16
2396;-80;-16
2397;-80;-16
2398;-80;-16
2399;-80;-16
2400;-80;-16
2401;-72;-16
2402;-72;-16
2403;-64;-16
2404;-64;-16
2405;-64;-16
2406;-56;-16
2407;-64;-16
2408;-56;-16
2409;-48;-16
2410;-48;-16
2411;-40;-16
2412;-40;-24
2413;-40;-24
2414;-40;-24
2415;-40;-16
2416;-32;-16
2417;-32;-16
2418;-24;-24
2419;-24;-16
2420;-24;-24
2421;-24;-24
2422;-24;-24
2423;-16;-32
2424;-16;-32
2425;-8;-32
2426;-8;-32
2427;-8;-32
2428;0;-40
2429;0;-40
2430;0;-40
2431;0;-40
2432;0;-40
2433;8;-40
2434;8;-40
2435;0;-40
2436;16;-40
2437;16;-40
2438;16;-40
2439;24;-40
2440;24;-32
2441;24;-40
2442;32;-32
2443;32;-24
2444;32;-24
2445;40;-24
2446;40;-24
2447;48;-24
2448;40;-16
2449;48;-104
2450;48;-96
2451;48;-96
2452;48;-96
2453;56;-96
2454;56;-96
2455;64;-96
2456;72;-96
2457;64;-96
2458;72;-88
2459;72;-88
2460;72;-96
2461;72;-96
2462;80;-96
2463;88;-96
2464;80;-96
2465;88;-96
2466;96;-96
2467;96;-96
2468;96;-104
2469;96;-104
2470;104;-96
2471;104;-104
2472;104;-104
2473;104;-96
2474;112;-96
2475;112;-104
2476;120;-104
2477;104;-96
2478;120;-104
2479;128;-96
2480;128;-104
2481;128;-104
2482;128;-104
2483;136;-104
2484;128;-104
2485;136;-104
2486;136;-104
2487;136;-104
2488;144;-104
2489;152;-104
2490;144;-104
2491;152;-104
2492;152;-104
2493;152;-104
2494;160;-104
2495;160;-104
2496;160;-104
2497;160;-104
2498;160;-104
2499;168;-104
2500;168;-104
2501;176;-104
2502;176;-104
2503;176;-104
2504;184;-104
2505;176;-112
2506;192;-112
2507;184;-112
2508;184;-120
2509;192;-120
2510;184;-112
2511;192;-120
2512;192;-120
2513;200;-120
2514;192;-120
2515;200;-120
2516;200;-128
2517;208;-120
2518;208;-128
2519;208;-128
2520;216;-128
2521;216;-128
2522;216;-128
2523;216;-120
2524;216;-120
2525;224;-128
2526;224;-120
2527;224;-120
2528;232;-112
2529;224;-112
2530;232;-112
2531;232;-112
2532;232;-104
2533;232;-104
2534;240;-104
2535;240;-96
2536;240;-96
2537;240;-96
2538;240;-96
2539;240;-96
2540;248;-96
2541;256;-96
2542;248;-96
2543;256;-96
2544;256;-96
2545;240;-96
2546;256;-96
2547;264;-96
2548;264;-96
2549;264;-96
2550;264;-96
2551;264;-96
2552;264;-96
2553;272;-96
2554;272;-96
2555;272;-96
2556;280;-96
2557;280;-96
2558;280;-96
2559;296;-104
2560;280;-96
2561;288;-96
2562;288;-96
2563;288;-104
2564;296;-96
2565;288;-104
2566;288;-104
2567;296;-104
2568;296;-96
2569;304;-96
2570;304;-104
2571;304;-104
2572;304;-104
2573;304;-104
2574;304;-104
2575;312;-104
2576;312;-104
2577;312;-104
2578;312;-104
2579;312;-104
2580;320;-104
2581;320;-104
2582;328;-104
2583;328;-104
2584;328;-104
2585;328;-104
2586;328;-104
2587;328;-104
2588;328;-104
2589;328;-104
2590;336;-104
2591;328;-104
2592;344;-112
2593;336;-112
2594;336;-112
2595;344;-112
2596;336;-112
2597;336;-112
2598;336;-112
2599;336;-120
2600;344;-120
2601;344;-120
2602;352;-120
2603;352;-120
2604;352;-120
2605;352;-128
2606;352;-120
2607;352;-120
2608;352;-128
2609;360;-120
2610;360;-128
2611;360;-120
2612;360;-120
2613;352;-120
2614;360;-120
2615;368;-120
2616;368;-112
2617;360;-112
2618;368;-104
2619;368;-104
2620;352;-96
2621;368;-104
2622;368;-96
2623;376;-96
2624;368;-96
2625;376;-96
2626;376;-96
2627;376;-96
2628;384;-96
2629;384;-96
2630;384;-96
2631;384;-96
2632;392;-88
2633;384;-96
2634;408;-96
2635;392;-96
2636;400;-96
2637;392;-96
2638;392;-96
2639;400;-96
2640;392;-96
2641;400;-96
2642;392;-104
2643;400;-96
2644;400;-96
2645;400;-104
2646;400;-96
2647;408;-104
2648;400;-104
2649;408;-104
2650;400;-104
2651;408;-104
2652;408;-104
2653;408;-96
2654;408;-104
2655;416;-96
2656;416;-104
2657;416;-104
2658;416;-96
2659;416;-96
2660;424;-96
2661;416;-96
2662;416;-96
2663;416;-104
2664;424;-104
2665;424;-104
2666;424;-104
2667;424;-112
2668;424;-104
2669;424;-112
2670;424;-112
2671;432;-112
2672;432;-112
2673;424;-112
2674;416;-112
2675;432;-120
2676;432;-120
2677;432;-120
2678;432;-120
2679;432;-120
2680;432;-120
2681;432;-120
2682;432;-112
2683;440;-120
2684;440;-112
2685;440;-112
2686;440;-112
2687;440;-104
2688;432;-112
2689;440;-104
2690;440;-104
2691;440;-104
2692;440;-104
2693;440;-96
2694;440;-96
2695;432;-88
2696;440;-96
2697;448;-88
2698;448;-88
2699;448;-88
2700;448;-88
2701;448;-80
2702;456;-88
2703;448;-88
2704;440;-88
2705;448;-88
2706;448;-96
2707;448;-88
2708;448;-88
2709;464;-88
2710;456;-88
2711;448;-88
2712;448;-88
2713;448;-96
2714;456;-88
2715;456;-88
2716;448;-88
2717;456;-88
2718;456;-96
2719;456;-96
2720;456;-96
2721;448;-96
2722;456;-88
2723;456;-96
2724;464;-96
2725;464;-96
2726;456;-96
2727;464;-96
2728;456;-96
2729;472;-96
2730;464;-96
2731;464;-96
2732;464;-96
2733;464;-96
2734;464;-96
2735;464;-96
2736;464;-96
2737;464;-96
2738;472;-96
2739;472;-96
2740;464;-96
2741;464;-96
2742;464;-96
2743;464;-96
2744;472;-96
2745;472;-96
2746;472;-96
2747;472;-96
2748;472;-96
2749;464;-96
2750;472;-96
2751;472;-96
2752;472;-96
2753;472;-104
2754;472;-104
2755;464;-104
2756;464;-104
2757;472;-112
2758;472;-112
2759;472;-112
2760;472;-112
2761;472;-112
2762;472;-112
2763;472;-120
2764;472;-120
2765;472;-120
2766;472;-120
2767;472;-112
2768;472;-120
2769;472;-120
2770;472;-112
2771;472;-120
2772;472;-112
2773;472;-112
2774;472;-104
2775;472;-104
2776;472;-104
2777;496;-96
2778;472;-96
2779;472;-96
2780;472;-96
2781;472;-88
2782;472;-80
2783;472;-88
2784;472;-88
2785;472;-80
2786;464;-80
2787;464;-88
2788;472;-88
2789;464;-88
2790;472;-88
2791;472;-88
2792;464;-88
2793;472;-88
2794;472;-88
2795;472;-88
2796;464;-88
2797;464;-88
2798;472;-96
2799;472;-88
2800;464;-88
2801;472;-88
2802;464;-88
2803;472;-96
2804;472;-88
2805;472;-96
2806;472;-88
2807;472;-96
2808;464;-96
2809;464;-96
2810;472;-88
2811;464;-96
2812;472;-88
2813;464;-96
2814;472;-88
2815;472;-88
2816;472;-96
2817;464;-96
2818;464;-96
2819;464;-96
2820;464;-96
2821;472;-96
2822;464;-96
2823;464;-96
2824;480;-96
2825;464;-96
2826;464;-96
2827;464;-96
2828;464;-96
2829;464;-96
2830;464;-96
2831;464;-96
2832;464;-96
2833;456;-88
2834;464;-96
2835;464;-96
2836;456;-96
2837;456;-96
2838;464;-96
2839;456;-96
2840;456;-96
2841;456;-96
2842;456;-96
2843;456;-104
2844;448;-104
2845;456;-96
2846;456;-104
2847;448;-104
2848;448;-112
2849;456;-112
2850;448;-112
2851;448;-112
2852;448;-120
2853;448;-120
2854;448;-120
2855;440;-120
2856;440;-120
2857;440;-120
2858;448;-120
2859;416;-120
2860;440;-120
2861;440;-120
2862;440;-112
2863;440;-112
2864;432;-112
2865;440;-112
2866;424;-112
2867;440;-104
2868;432;-104
2869;432;16
2870;432;24
2871;432;24
2872;432;24
2873;432;24
2874;424;24
2875;424;24
2876;432;32
2877;424;32
2878;424;32
2879;424;24
2880;424;32
2881;424;32
2882;424;32
2883;424;24
2884;416;32
2885;416;32
2886;416;24
2887;416;24
2888;416;32
2889;416;24
2890;416;24
2891;416;24
2892;408;24
2893;408;24
2894;416;24
2895;408;24
2896;408;24
2897;408;24
2898;408;24
2899;416;24
2900;408;24
2901;400;24
2902;408;24
2903;400;24
2904;400;24
2905;400;24
2906;400;24
2907;400;32
2908;400;32
2909;392;32
2910;392;32
2911;392;32
2912;392;32
2913;400;40
2914;392;32
2915;392;32
2916;392;40
2917;384;32
2918;392;40
2919;384;32
2920;384;32
2921;384;32
2922;384;32
2923;384;40
2924;384;32
2925;376;32
2926;376;32
2927;368;32
2928;376;32
2929;368;32
2930;368;32
2931;368;32
2932;368;32
2933;360;32
2934;344;24
2935;360;32
2936;368;32
2937;360;32
2938;360;32
2939;352;32
2940;352;32
2941;344;32
2942;352;32
2943;352;32
2944;352;32
2945;352;32
2946;360;32
2947;352;24
2948;344;24
2949;344;32
2950;344;32
2951;344;32
2952;344;24
2953;344;24
2954;336;32
2955;336;24
2956;328;24
2957;328;32
2958;328;32
2959;328;24
2960;328;32
2961;328;24
2962;328;24
2963;328;32
2964;320;24
2965;320;24
2966;312;24
2967;312;32
2968;320;24
2969;312;24
2970;312;24
2971;312;24
2972;304;24
2973;304;24
2974;320;24
2975;304;24
2976;304;16
2977;296;16
2978;296;16
2979;288;16
2980;296;16
2981;288;8
2982;288;8
2983;288;8
2984;288;8
2985;288;0
2986;288;8
2987;280;0
2988;280;8
2989;280;0
2990;280;8
2991;280;0
2992;272;8
2993;272;8
2994;272;8
2995;272;8
2996;264;16
2997;264;16
2998;264;24
2999;264;24
3000;264;32
3001;264;32
3002;256;32
3003;256;32
3004;256;40
3005;256;40
3006;256;32
3007;248;40
3008;248;40
3009;224;40
3010;240;40
3011;248;40
3012;240;40
3013;240;40
3014;232;40
3015;240;40
3016;232;40
3017;232;40
3018;224;32
3019;224;40
3020;232;40
3021;232;40
3022;224;40
3023;224;40
3024;216;32
3025;216;32
3026;216;32
3027;216;32
3028;216;32
3029;208;32
3030;208;24
3031;208;32
3032;208;32
3033;200;32
3034;208;32
3035;200;32
3036;200;32
3037;200;32
3038;192;24
3039;192;24
3040;192;32
3041;192;32
3042;192;32
3043;184;24
3044;184;32
3045;176;32
3046;176;24
3047;176;32
3048;176;32
3049;184;32
3050;168;32
3051;160;24
3052;160;32
3053;160;24
3054;160;24
3055;160;24
3056;152;24
3057;160;32
3058;144;24
3059;152;24
3060;144;24
3061;144;24
3062;144;24
3063;144;16
3064;144;16
3065;136;16
3066;136;16
3067;136;8
3068;136;8
3069;128;8
3070;128;8
3071;128;0
3072;128;0
3073;120;8
3074;120;0
3075;120;0
3076;120;8
3077;104;120
3078;112;120
3079;112;128
3080;112;128
3081;112;128
3082;112;128
3083;104;128
3084;96;144
3085;96;136
3086;96;144
3087;96;144
3088;96;152
3089;88;152
3090;88;152
3091;104;152
3092;80;152
3093;80;152
3094;80;160
3095;80;160
3096;80;160
3097;72;160
3098;72;152
3099;72;160
3100;64;160
3101;64;152
3102;64;152
3103;56;152
3104;56;152
3105;56;160
3106;56;160
3107;56;160
3108;56;152
3109;48;152
3110;48;152
3111;48;152
3112;48;152
3113;40;144
3114;40;152
3115;40;152
3116;32;152
3117;32;152
3118;32;152
3119;32;152
3120;32;152
3121;24;152
3122;24;152
3123;24;144
3124;16;152
3125;16;152
3126;16;144
3127;8;144
3128;8;152
3129;8;144
3130;0;144
3131;-8;152
3132;0;152
3133;0;144
3134;-8;152
3135;-8;144
3136;-8;144
3137;-8;144
3138;-16;144
3139;-16;144
3140;-16;144
3141;-24;144
3142;-24;144
3143;-24;144
3144;-24;144
3145;-24;144
3146;-32;144
3147;-40;136
3148;-40;136
3149;-40;128
3150;-40;128
3151;-40;128
3152;-40;128
3153;-48;128
3154;-48;120
3155;-56;128
3156;-56;120
3157;-56;120
3158;-56;120
3159;-40;120
3160;-64;120
3161;-72;120
3162;-72;120
3163;-80;128
3164;-72;120
3165;-80;120
3166;-72;128
3167;-88;128
3168;-80;128
3169;-88;136
3170;-88;136
3171;-88;136
3172;-88;136
3173;-96;144
3174;-96;144
3175;-104;152
3176;-104;152
3177;-104;152
3178;-112;160
3179;-104;160
3180;-112;152
3181;-112;160
3182;-120;160
3183;-112;160
3184;-112;160
3185;-120;160
3186;-128;160
3187;-128;160
3188;-128;160
3189;-136;160
3190;-136;160
3191;-136;160
3192;-136;152
3193;-144;152
3194;-144;152
3195;-144;152
3196;-152;152
3197;-152;152
3198;-144;152
3199;-152;152
3200;-160;152
3201;-160;152
3202;-168;152
3203;-168;152
3204;-168;152
3205;-168;152
3206;-184;152
3207;-176;152
3208;-176;152
3209;-176;152
3210;-184;152
3211;-184;144
3212;-184;144
3213;-192;152
3214;-192;152
3215;-200;152
3216;-192;144
3217;-200;152
3218;-200;152
3219;-200;152
3220;-200;144
3221;-208;144
3222;-208;144
3223;-216;152
3224;-216;152
3225;-216;152
3226;-224;144
3227;-216;144
3228;-224;144
3229;-232;152
3230;-224;144
3231;-232;144
3232;-232;144
3233;-232;152
3234;-216;144
3235;-240;144
3236;-248;144
3237;-248;144
3238;-248;144
3239;-248;144
3240;-248;144
3241;-248;144
3242;-256;144
3243;-264;144
3244;-264;144
3245;-264;136
3246;-272;136
3247;-272;136
3248;-264;136
3249;-272;136
3250;-280;128
3251;-280;128
3252;-280;128
3253;-288;128
3254;-288;120
3255;-280;120
3256;-288;120
3257;-288;120
3258;-296;120
3259;-296;120
3260;-296;120
3261;-296;120
3262;-296;120
3263;-304;120
3264;-304;128
3265;-312;128
3266;-312;128
3267;-312;136
3268;-312;136
3269;-320;144
3270;-312;144
3271;-320;144
3272;-320;144
3273;-320;152
3274;-336;152
3275;-320;160
3276;-328;152
3277;-328;160
3278;-328;160
3279;-328;160
3280;-336;160
3281;-336;160
3282;-344;160
3283;-344;160
3284;-344;160
3285;-352;160
3286;-344;160
3287;-352;160
3288;-352;152
3289;-360;152
3290;-360;152
3291;-360;152
3292;-360;152
3293;-360;152
3294;-360;152
3295;-360;152
3296;-368;152
3297;-376;152
3298;-376;152
3299;-376;152
3300;-376;152
3301;-384;144
3302;-376;144
3303;-384;144
3304;-384;144
3305;-384;144
3306;-384;144
3307;-392;144
3308;-384;144
3309;-376;136
3310;-392;136
3311;-392;136
3312;-392;128
3313;-392;128
3314;-400;128
3315;-400;128
3316;-408;128
3317;-400;120
3318;-400;120
3319;-408;120
3320;-408;120
3321;-416;120
3322;-408;120
3323;-408;120
3324;-408;120
3325;-416;120
3326;-408;120
3327;-416;120
3328;-416;120
3329;-416;128
3330;-416;128
3331;-408;136
3332;-416;128
3333;-416;136
3334;-416;136
3335;-416;136
3336;-416;144
3337;-424;152
3338;-416;144
3339;-424;152
3340;-424;152
3341;-424;152
3342;-416;152
3343;-416;160
3344;-424;160
3345;-424;160
3346;-432;160
3347;-424;160
3348;-424;160
3349;-432;160
3350;-424;160
3351;-424;152
3352;-432;160
3353;-424;152
3354;-424;152
3355;-432;152
3356;-416;160
3357;-432;152
3358;-432;152
3359;-432;152
3360;-432;152
3361;-432;152
3362;-440;152
3363;-440;152
3364;-432;152
3365;-440;152
3366;-440;152
3367;-440;152
3368;-440;152
3369;-440;144
3370;-432;152
3371;-440;144
3372;-440;144
3373;-440;144
3374;-440;144
3375;-440;152
3376;-440;152
3377;-440;152
3378;-440;144
3379;-440;144
3380;-440;144
3381;-448;144
3382;-448;144
3383;-448;144
3384;-448;144
3385;-448;152
3386;-448;144
3387;-448;144
3388;-448;144
3389;-448;144
3390;-448;144
3391;-472;144
3392;-448;144
3393;-448;144
3394;-448;144
3395;-456;144
3396;-448;136
3397;-448;136
3398;-464;136
3399;-456;136
3400;-448;136
3401;-456;136
3402;-456;136
3403;-448;136
3404;-456;128
3405;-456;128
3406;-456;120
3407;-456;120
3408;-456;120
3409;-456;120
3410;-456;120
3411;-456;120
3412;-456;120
3413;-456;120
3414;-456;120
3415;-456;120
3416;-456;120
3417;-456;120
3418;-456;120
3419;-456;120
3420;-464;128
3421;-456;136
3422;-456;136
3423;-456;144
3424;-456;144
3425;-456;144
3426;-456;144
3427;-464;152
3428;-464;152
3429;-464;152
3430;-464;160
3431;-448;160
3432;-464;160
3433;-456;152
3434;-464;160
3435;-464;152
3436;-464;152
3437;-456;152
3438;-464;160
3439;-464;152
3440;-456;160
3441;-464;160
3442;-464;152
3443;-464;152
3444;-464;152
3445;-464;152
3446;-464;152
3447;-464;152
3448;-464;152
3449;-464;152
3450;-464;152
3451;-456;144
3452;-464;144
3453;-464;152
3454;-456;144
3455;-464;152
3456;-464;144
3457;-464;144
3458;-464;144
3459;-472;152
3460;-464;144
3461;-464;144
3462;-464;144
3463;-464;144
3464;-464;144
3465;-456;144
3466;-472;144
3467;-456;144
3468;-464;144
3469;-464;144
3470;-464;144
3471;-464;144
3472;-464;144
3473;-464;136
3474;-464;144
3475;-456;144
3476;-464;144
3477;-464;144
3478;-456;144
3479;-464;144
3480;-464;144
3481;-464;144
3482;-456;136
3483;-456;144
3484;-464;144
3485;-456;144
3486;-464;144
3487;-456;144
3488;-456;144
3489;-456;144
3490;-464;144
3491;-456;8
3492;-456;24
3493;-456;24
3494;-456;16
3495;-456;16
3496;-456;16
3497;-456;16
3498;-456;16
3499;-456;16
3500;-456;16
3501;-456;8
3502;-456;8
3503;-448;8
3504;-456;0
3505;-456;0
3506;-440;0
3507;-456;0
3508;-448;0
3509;-448;0
3510;-448;0
3511;-448;0
3512;-448;0
3513;-448;8
3514;-448;8
3515;-448;8
3516;-448;0
3517;-448;0
3518;-440;8
3519;-440;8
3520;-440;16
3521;-448;16
3522;-448;16
3523;-440;16
3524;-440;24
3525;-440;24
3526;-440;32
3527;-448;32
3528;-440;32
3529;-440;32
3530;-440;32
3531;-440;40
3532;-440;32
3533;-440;40
3534;-448;40
3535;-440;40
3536;-440;40
3537;-432;40
3538;-432;40
3539;-432;40
3540;-432;32
3541;-448;40
3542;-424;40
3543;-432;40
3544;-432;32
3545;-432;32
3546;-432;32
3547;-424;32
3548;-424;32
3549;-424;32
3550;-424;32
3551;-424;32
3552;-424;32
3553;-416;32
3554;-424;24
3555;-424;32
3556;-416;32
3557;-416;24
3558;-416;32
3559;-416;32
3560;-416;24
3561;-416;32
3562;-416;24
3563;-416;24
3564;-416;24
3565;-416;24
3566;-416;24
3567;-408;24
3568;-416;24
3569;-408;32
3570;-408;24
3571;-408;24
3572;-408;24
3573;-408;24
3574;-400;24
3575;-400;24
3576;-400;24
3577;-408;24
3578;-400;24
3579;-400;24
3580;-400;24
3581;-392;24
3582;-400;24
3583;-400;24
3584;-400;24
3585;-400;24
3586;-400;24
3587;-392;16
3588;-400;16
3589;-392;16
3590;-392;16
3591;-392;8
3592;-392;8
3593;-392;8
3594;-392;8
3595;-392;8
3596;-384;8
3597;-384;0
3598;-384;8
3599;-384;0
3600;-376;0
3601;-376;0
3602;-384;0
3603;-376;0
3604;-376;0
3605;-368;0
3606;-368;8
3607;-368;8
3608;-368;8
3609;-376;8
3610;-360;16
3611;-368;16
3612;-360;24
3613;-352;24
3614;-360;24
3615;-352;32
3616;-360;32
3617;-344;32
3618;-352;32
3619;-344;40
3620;-344;40
3621;-336;40
3622;-336;32
3623;-320;40
3624;-336;40
3625;-336;32
3626;-328;40
3627;-320;32
3628;-312;40
3629;-320;32
3630;-320;32
3631;-312;32
3632;-312;32
3633;-312;32
3634;-304;32
3635;-304;32
3636;-304;32
3637;-296;32
3638;-296;32
3639;-288;32
3640;-288;32
3641;-288;32
3642;-288;32
3643;-280;24
3644;-280;32
3645;-272;32
3646;-272;32
3647;-264;24
3648;-264;24
3649;-256;24
3650;-256;32
3651;-256;24
3652;-248;24
3653;-248;24
3654;-248;32
3655;-240;32
3656;-232;32
3657;-240;24
3658;-240;24
3659;-232;24
3660;-224;24
3661;-224;24
3662;-224;24
3663;-224;24
3664;-216;24
3665;-216;24
3666;-216;16
3667;-208;16
3668;-208;16
3669;-208;16
3670;-200;16
3671;-200;8
3672;-192;16
3673;-192;8
3674;-192;8
3675;-184;8
3676;-184;8
3677;-184;0
3678;-176;0
3679;-176;0
3680;-176;0
3681;-176;0
3682;-168;0
3683;-168;0
3684;-160;0
3685;-160;0
3686;-152;0
3687;-152;0
3688;-152;0
3689;-152;8
3690;-144;8
3691;-120;8
3692;-144;16
3693;-136;16
3694;-136;16
3695;-128;32
3696;-136;32
3697;-120;24
3698;-120;32
3699;-120;32
3700;-120;-64
3701;-112;-64
3702;-112;-64
3703;-112;-64
3704;-112;-64
3705;-104;-64
3706;-104;-64
3707;-104;-64
3708;-96;-64
3709;-96;-64
3710;-96;-64
3711;-88;-64
3712;-88;-64
3713;-88;-64
3714;-80;-64
3715;-80;-72
3716;-80;-64
3717;-80;-72
3718;-72;-72
3719;-72;-72
3720;-72;-72
3721;-64;-72
3722;-64;-72
3723;-56;-72
3724;-56;-72
3725;-56;-72
3726;-48;-80
3727;-48;-72
3728;-48;-72
3729;-40;-80
3730;-40;-72
3731;-48;-72
3732;-32;-72
3733;-32;-80
3734;-32;-72
3735;-32;-80
3736;-24;-72
3737;-24;-80
3738;-32;-80
3739;-24;-80
3740;-16;-80
3741;-16;-80
3742;-16;-72
3743;-8;-72
3744;0;-80
3745;0;-72
3746;0;-80
3747;0;-80
3748;0;-72
3749;0;-80
3750;8;-80
3751;16;-80
3752;24;-80
3753;8;-88
3754;16;-88
3755;16;-88
3756;24;-88
3757;24;-88
3758;24;-96
3759;32;-96
3760;32;-96
3761;32;-96
3762;32;-96
3763;40;-96
3764;48;-96
3765;48;-96
3766;56;-104
3767;48;-96
3768;48;-96
3769;48;-104
3770;56;-96
3771;56;-96
3772;64;-96
3773;56;-88
3774;64;-88
3775;64;-80
3776;72;-80
3777;72;-80
3778;72;-72
3779;80;-72
3780;80;-72
3781;80;-72
3782;88;-72
3783;88;-64
3784;88;-64
3785;88;-64
3786;104;-64
3787;96;-64
3788;104;-72
3789;104;-64
3790;104;-64
3791;112;-64
3792;112;-72
3793;112;-72
3794;112;-72
3795;120;-64
3796;120;-72
3797;120;-64
3798;128;-72
3799;128;-72
3800;136;-72
3801;136;-72
3802;136;-72
3803;136;-72
3804;144;-72
3805;144;-72
3806;128;-80
3807;152;-72
3808;152;-72
3809;152;-72
3810;152;-72
3811;160;-80
3812;152;-72
3813;176;-72
3814;160;-80
3815;168;-72
3816;168;-80
3817;168;-72
3818;176;-80
3819;176;-72
3820;184;-80
3821;184;-72
3822;184;-72
3823;192;-80
3824;184;-80
3825;192;-80
3826;192;-80
3827;200;-80
3828;192;-80
3829;192;-80
3830;200;-80
3831;200;-88
3832;200;-88
3833;200;-88
3834;208;-88
3835;208;-96
3836;208;-96
3837;208;-88
3838;216;-96
3839;216;-96
3840;208;-96
3841;216;-96
3842;216;-96
3843;216;-96
3844;224;-96
3845;224;-96
3846;224;-96
3847;232;-96
3848;208;-96
3849;232;-96
3850;232;-96
3851;232;-88
3852;240;-88
3853;232;-88
3854;240;-88
3855;232;-80
3856;248;-80
3857;248;-80
3858;248;-80
3859;248;-72
3860;256;-72
3861;256;-72
3862;256;-64
3863;256;-72
3864;256;-72
3865;256;-64
3866;264;-64
3867;264;-72
3868;264;-64
3869;264;-72
3870;272;-64
3871;272;-72
3872;272;-64
3873;272;-64
3874;272;-64
3875;280;-64
3876;280;-72
3877;280;-72
3878;280;-72
3879;280;-72
3880;288;-72
3881;280;-72
3882;288;-72
3883;288;-72
3884;288;-72
3885;296;-72
3886;296;-72
3887;296;-72
3888;312;-72
3889;304;-72
3890;304;-72
3891;304;-72
3892;304;-72
3893;312;-72
3894;312;-80
3895;312;-80
3896;312;-80
3897;312;-80
3898;320;-80
3899;320;-80
3900;320;-72
3901;328;-80
3902;328;-80
3903;328;-72
3904;328;-80
3905;328;-80
3906;328;-72
3907;336;-80
3908;336;-120
3909;328;-120
3910;336;-120
3911;336;-120
3912;336;-120
3913;344;-128
3914;336;-120
3915;344;-128
3916;336;-128
3917;336;-128
3918;344;-128
3919;352;-128
3920;352;-128
3921;344;-136
3922;352;-136
3923;328;-136
3924;352;-144
3925;352;-144
3926;352;-144
3927;360;-136
3928;360;-144
3929;360;-144
3930;352;-136
3931;360;-144
3932;360;-144
3933;360;-136
3934;368;-136
3935;368;-136
3936;368;-128
3937;368;-128
3938;368;-128
3939;368;-120
3940;376;-120
3941;376;-120
3942;368;-112
3943;376;-120
3944;376;-112
3945;376;-112
3946;384;-112
3947;384;-112
3948;384;-112
3949;384;-104
3950;392;-104
3951;384;-104
3952;384;-104
3953;392;-104
3954;392;-104
3955;392;-104
3956;400;-112
3957;400;-104
3958;392;-104
3959;392;-112
3960;400;-112
3961;400;-104
3962;400;-112
3963;400;-112
3964;400;-112
3965;408;-112
3966;408;-112
3967;408;-112
3968;408;-112
3969;408;-112
3970;408;-112
3971;408;-112
3972;408;-112
3973;416;-112
3974;416;-112
3975;408;-112
3976;408;-112
3977;416;-112
3978;416;-112
3979;416;-112
3980;416;-120
3981;416;-112
3982;424;-112
3983;424;-120
3984;416;-112
3985;424;-120
3986;424;-112
3987;424;-112
3988;424;-112
3989;416;-112
3990;424;-120
3991;416;-112
3992;424;-120
3993;424;-112
3994;432;-120
3995;432;-120
3996;424;-120
3997;432;-120
3998;432;-120
3999;432;-120
4000;432;-120
4001;432;-120
4002;440;-120
4003;432;-120
4004;440;-120
4005;456;-120
4006;440;-120
4007;432;-120
4008;440;-128
4009;440;-128
4010;456;-120
4011;440;-120
4012;440;-120
4013;440;-128
4014;448;-128
4015;440;-128
4016;440;-128
4017;440;-128
4018;448;-136
4019;448;-136
4020;440;-136
4021;456;-136
4022;448;-136
4023;448;-136
4024;448;-136
4025;448;-136
4026;456;-136
4027;448;-136
4028;448;-136
4029;448;-136
4030;448;-136
4031;456;-136
4032;448;-136
4033;456;-136
4034;456;-128
4035;456;-120
4036;456;-120
4037;456;-120
4038;472;-120
4039;456;-112
4040;456;-112
4041;456;-112
4042;456;-112
4043;464;-112
4044;456;-104
4045;464;-112
4046;464;-104
4047;464;-104
4048;464;-104
4049;464;-104
4050;464;-104
4051;464;-104
4052;464;-112
4053;464;-104
4054;464;-112
4055;464;-104
4056;472;-104
4057;464;-112
4058;464;-112
4059;464;-104
4060;464;-112
4061;472;-112
4062;472;-104
4063;464;-112
4064;472;-112
4065;472;-112
4066;456;-112
4067;464;-112
4068;472;-112
4069;472;-112
4070;472;-112
4071;464;-112
4072;472;-112
4073;464;-120
4074;472;-112
4075;472;-112
4076;472;-112
4077;464;-112
4078;464;-112
4079;472;-112
4080;488;-112
4081;472;-112
4082;464;-112
4083;472;-120
4084;472;-112
4085;480;-112
4086;472;-112
4087;472;-120
4088;472;-112
4089;472;-112
4090;472;-112
4091;472;-112
4092;464;-120
4093;472;-112
4094;472;-112
4095;464;-112
4096;472;-112
4097;464;-120
4098;472;-112
4099;472;-112
4100;472;-120
4101;472;-112
4102;472;-120
4103;472;-120
4104;472;-120
4105;472;-120
4106;472;-128
4107;472;-120
4108;472;-128
4109;464;-128
4110;472;-128
4111;472;-136
4112;472;-136
4113;480;-136
4114;472;-136
4115;472;-136
4116;464;-136
4117;472;-48
4118;472;-40
4119;472;-48
4120;464;-48
4121;472;-48
4122;472;-48
4123;472;-48
4124;464;-48
4125;472;-40
4126;472;-40
4127;464;-40
4128;464;-40
4129;472;-32
4130;472;-32
4131;464;-32
4132;472;-24
4133;464;-24
4134;456;-24
4135;472;-16
4136;464;-16
4137;464;-16
4138;464;-16
4139;464;-16
4140;464;-16
4141;456;-16
4142;464;-8
4143;464;-16
4144;464;-8
4145;464;-8
4146;472;-8
4147;464;-8
4148;456;-16
4149;456;-8
4150;456;-8
4151;464;-8
4152;456;-16
4153;456;-16
4154;456;-16
4155;480;-16
4156;456;-16
4157;456;-16
4158;456;-16
4159;456;-16
4160;464;-16
4161;456;-16
4162;456;-16
4163;456;-16
4164;456;-24
4165;456;-24
4166;448;-24
4167;448;-24
4168;448;-24
4169;448;-24
4170;448;-24
4171;448;-16
4172;448;-24
4173;448;-24
4174;448;-24
4175;448;-24
4176;448;-16
4177;440;-24
4178;440;-16
4179;440;-24
4180;440;-24
4181;448;-24
4182;440;-24
4183;440;-24
4184;440;-24
4185;432;-24
4186;440;-24
4187;432;-24
4188;432;-24
4189;432;-24
4190;432;-24
4191;432;-24
4192;432;-24
4193;432;-24
4194;432;-24
4195;416;-32
4196;432;-32
4197;432;-32
4198;424;-32
4199;424;-32
4200;424;-40
4201;424;-40
4202;416;-40
4203;416;-40
4204;416;-48
4205;416;-40
4206;416;-48
4207;416;-40
4208;416;-48
4209;416;-48
4210;416;-48
4211;416;-48
4212;408;-48
4213;408;-48
4214;408;-48
4215;408;-40
4216;400;-40
4217;408;-40
4218;400;-40
4219;408;-32
4220;400;-32
4221;408;-32
4222;400;-24
4223;408;-24
4224;400;-24
4225;400;-24
4226;400;-16
4227;400;-16
4228;400;-16
4229;392;-16
4230;408;-8
4231;392;-16
4232;392;-8
4233;392;-16
4234;392;-8
4235;392;-16
4236;392;-8
4237;384;-8
4238;384;-8
4239;384;-8
4240;376;-8
4241;384;-16
4242;384;-16
4243;384;-16
4244;376;-16
4245;376;-16
4246;376;-16
4247;368;-16
4248;376;-16
4249;376;-16
4250;368;-16
4251;368;-16
4252;368;-16
4253;368;-16
4254;368;-16
4255;360;-16
4256;360;-24
4257;360;-24
4258;360;-24
4259;360;-24
4260;352;-24
4261;352;-24
4262;352;-24
4263;344;-16
4264;352;-24
4265;344;-24
4266;352;-16
4267;344;-16
4268;344;-24
4269;344;-16
4270;352;-24
4271;336;-24
4272;344;-24
4273;336;-24
4274;336;-24
4275;336;-24
4276;328;-24
4277;336;-24
4278;328;-24
4279;328;-24
4280;328;-24
4281;320;-24
4282;328;-24
4283;320;-24
4284;328;-24
4285;312;-24
4286;312;-24
4287;312;-32
4288;312;-24
4289;312;-24
4290;312;-32
4291;312;-32
4292;304;-32
4293;304;-32
4294;304;-32
4295;296;-40
4296;296;-40
4297;296;-40
4298;304;-40
4299;296;-40
4300;288;-40
4301;288;-40
4302;288;-48
4303;288;-48
4304;288;-40
4305;264;-48
4306;280;-48
4307;280;-40
4308;280;-40
4309;272;-48
4310;264;-40
4311;272;-40
4312;264;-40
4313;272;-32
4314;272;-32
4315;264;-24
4316;264;-24
4317;264;-24
4318;264;-16
4319;264;-16
4320;256;-16
4321;256;-16
4322;256;-8
4323;256;-8
4324;248;-8
4325;256;120
4326;248;120
4327;248;120
4328;248;128
4329;240;120
4330;240;120
4331;232;128
4332;240;120
4333;232;120
4334;240;120
4335;232;120
4336;232;120
4337;232;120
4338;216;112
4339;224;120
4340;224;120
4341;224;120
4342;224;120
4343;216;112
4344;216;112
4345;224;112
4346;216;112
4347;208;112
4348;216;112
4349;208;112
4350;208;104
4351;200;104
4352;208;104
4353;200;104
4354;200;96
4355;192;96
4356;192;96
4357;192;96
4358;184;88
4359;184;88
4360;184;88
4361;184;88
4362;184;88
4363;184;80
4364;176;88
4365;176;88
4366;176;88
4367;168;88
4368;168;88
4369;160;88
4370;168;88
4371;152;96
4372;152;96
4373;152;104
4374;152;104
4375;152;112
4376;152;112
4377;152;120
4378;144;120
4379;152;120
4380;120;120
4381;144;120
4382;144;120
4383;144;120
4384;136;120
4385;136;120
4386;128;128
4387;120;120
4388;128;120
4389;128;120
4390;128;120
4391;128;120
4392;128;120
4393;120;120
4394;120;120
4395;112;120
4396;112;120
4397;112;120
4398;112;120
4399;112;112
4400;96;120
4401;104;112
4402;96;112
4403;104;112
4404;104;120
4405;96;112
4406;104;112
4407;88;120
4408;88;112
4409;80;112
4410;88;112
4411;80;112
4412;80;112
4413;80;112
4414;80;112
4415;72;112
4416;72;112
4417;72;112
4418;72;112
4419;64;112
4420;80;112
4421;64;112
4422;56;112
4423;56;112
4424;56;112
4425;56;112
4426;56;112
4427;48;112
4428;48;112
4429;48;104
4430;48;104
4431;40;104
4432;40;104
4433;40;104
4434;40;104
4435;32;96
4436;32;96
4437;24;96
4438;24;96
4439;24;96
4440;16;88
4441;8;88
4442;16;88
4443;16;88
4444;8;88
4445;8;88
4446;8;88
4447;0;88
4448;-8;88
4449;0;88
4450;0;88
4451;0;88
4452;-8;88
4453;-8;96
4454;-8;96
4455;-32;96
4456;-16;96
4457;-16;104
4458;-24;104
4459;-24;104
4460;-24;112
4461;-24;112
4462;-24;112
4463;-32;120
4464;-32;120
4465;-40;120
4466;-40;120
4467;-32;128
4468;-40;120
4469;-48;120
4470;-48;120
4471;-56;120
4472;-48;120
4473;-56;120
4474;-56;120
4475;-64;120
4476;-64;120
4477;-64;120
4478;-72;120
4479;-72;120
4480;-72;120
4481;-72;120
4482;-80;112
4483;-80;120
4484;-80;120
4485;-80;120
4486;-88;120
4487;-88;120
4488;-80;120
4489;-96;120
4490;-96;120
4491;-96;112
4492;-96;120
4493;-104;120
4494;-104;112
4495;-96;112
4496;-104;112
4497;-112;112
4498;-112;112
4499;-112;112
4500;-120;112
4501;-120;112
4502;-120;112
4503;-120;112
4504;-128;112
4505;-128;112
4506;-128;112
4507;-136;112
4508;-136;112
4509;-136;112
4510;-136;112
4511;-136;112
4512;-144;112
4513;-144;112
4514;-144;112
4515;-152;104
4516;-160;112
4517;-160;112
4518;-160;112
4519;-160;112
4520;-168;104
4521;-168;112
4522;-168;104
4523;-184;112
4524;-168;112
4525;-176;112
4526;-176;112
4527;-176;112
4528;-176;104
4529;-184;112
4530;-184;112
4531;-192;112
4532;-192;112
4533;-192;160
4534;-192;160
4535;-200;160
4536;-200;152
4537;-192;152
4538;-200;152
4539;-208;152
4540;-208;152
4541;-208;152
4542;-224;144
4543;-224;144
4544;-216;144
4545;-224;144
4546;-224;136
4547;-224;144
4548;-224;136
4549;-240;136
4550;-232;136
4551;-240;136
4552;-240;144
4553;-240;136
4554;-240;136
4555;-248;136
4556;-248;136
4557;-256;136
4558;-248;136
4559;-248;144
4560;-256;144
4561;-256;144
4562;-264;152
4563;-264;152
4564;-272;152
4565;-264;152
4566;-272;160
4567;-272;160
4568;-272;168
4569;-280;160
4570;-280;168
4571;-280;168
4572;-288;168
4573;-288;168
4574;-288;168
4575;-288;176
4576;-296;176
4577;-304;176
4578;-296;176
4579;-296;176
4580;-296;168
4581;-304;168
4582;-304;168
4583;-312;168
4584;-312;168
4585;-312;168
4586;-312;168
4587;-312;168
4588;-312;168
4589;-320;168
4590;-320;168
4591;-320;168
4592;-328;168
4593;-328;168
4594;-328;168
4595;-328;160
4596;-336;168
4597;-328;160
4598;-336;160
4599;-336;160
4600;-344;160
4601;-344;168
4602;-344;160
4603;-344;160
4604;-352;160
4605;-328;160
4606;-352;160
4607;-352;160
4608;-352;160
4609;-352;160
4610;-360;160
4611;-360;160
4612;-360;160
4613;-368;160
4614;-368;160
4615;-376;160
4616;-376;160
4617;-376;160
4618;-384;160
4619;-384;160
4620;-384;152
4621;-384;160
4622;-392;160
4623;-384;152
4624;-392;152
4625;-392;152
4626;-392;152
4627;-384;152
4628;-392;152
4629;-392;144
4630;-392;144
4631;-400;144
4632;-400;144
4633;-400;136
4634;-400;136
4635;-400;136
4636;-400;136
4637;-408;128
4638;-400;136
4639;-408;136
4640;-408;136
4641;-408;136
4642;-408;136
4643;-408;136
4644;-408;136
4645;-408;144
4646;-408;144
4647;-408;144
4648;-416;152
4649;-416;152
4650;-408;152
4651;-416;160
4652;-432;160
4653;-416;168
4654;-416;160
4655;-416;160
4656;-416;160
4657;-416;168
4658;-416;176
4659;-424;176
4660;-424;176
4661;-424;176
4662;-424;168
4663;-424;168
4664;-424;168
4665;-424;176
4666;-424;168
4667;-424;176
4668;-424;176
4669;-424;168
4670;-432;168
4671;-432;168
4672;-432;168
4673;-440;168
4674;-432;168
4675;-432;176
4676;-432;168
4677;-432;168
4678;-432;160
4679;-432;168
4680;-424;168
4681;-432;160
4682;-432;168
4683;-440;160
4684;-440;160
4685;-440;160
4686;-440;160
4687;-432;168
4688;-440;160
4689;-440;160
4690;-440;160
4691;-440;160
4692;-440;160
4693;-440;160
4694;-440;160
4695;-440;160
4696;-440;160
4697;-448;160
4698;-440;160
4699;-448;160
4700;-440;160
4701;-448;160
4702;-448;160
4703;-448;160
4704;-448;160
4705;-448;160
4706;-448;160
4707;-448;160
4708;-448;160
4709;-448;152
4710;-456;160
4711;-456;160
4712;-456;160
4713;-448;160
4714;-448;160
4715;-456;160
4716;-448;160
4717;-456;160
4718;-456;160
4719;-456;160
4720;-456;160
4721;-456;160
4722;-456;160
4723;-456;160
4724;-464;152
4725;-456;152
4726;-456;152
4727;-464;152
4728;-456;152
4729;-456;144
4730;-456;144
4731;-456;144
4732;-456;144
4733;-464;144
4734;-464;136
4735;-464;136
4736;-472;136
4737;-456;136
4738;-464;136
4739;-464;136
4740;-464;128
4741;-464;136
4742;-456;40
4743;-464;40
4744;-464;48
4745;-464;48
4746;-464;48
4747;-464;48
4748;-464;48
4749;-464;56
4750;-464;56
4751;-464;64
4752;-464;64
4753;-464;64
4754;-464;64
4755;-448;64
4756;-464;72
4757;-456;72
4758;-464;80
4759;-464;72
4760;-464;80
4761;-464;80
4762;-456;80
4763;-464;80
4764;-472;80
4765;-472;88
4766;-464;80
4767;-464;80
4768;-464;80
4769;-464;80
4770;-464;80
4771;-464;80
4772;-464;72
4773;-464;80
4774;-472;72
4775;-464;80
4776;-464;72
4777;-472;72
4778;-464;72
4779;-464;72
4780;-464;72
4781;-464;72
4782;-464;72
4783;-464;72
4784;-472;72
4785;-464;72
4786;-464;72
4787;-472;72
4788;-456;72
4789;-464;64
4790;-464;64
4791;-464;72
4792;-464;64
4793;-464;64
4794;-464;64
4795;-472;64
4796;-464;64
4797;-464;64
4798;-464;64
4799;-456;72
4800;-464;64
4801;-464;64
4802;-472;64
4803;-464;72
4804;-464;64
4805;-456;72
4806;-456;64
4807;-456;64
4808;-456;64
4809;-464;64
4810;-456;64
4811;-456;64
4812;-456;56
4813;-456;56
4814;-456;56
4815;-456;48
4816;-456;48
4817;-456;48
4818;-456;48
4819;-456;48
4820;-456;48
4821;-448;40
4822;-456;40
4823;-448;40
4824;-456;40
4825;-456;40
4826;-456;40
4827;-448;48
4828;-456;40
4829;-448;48
4830;-440;48
4831;-456;48
4832;-448;56
4833;-448;56
4834;-448;56
4835;-448;72
4836;-448;64
4837;-464;72
4838;-448;72
4839;-448;80
4840;-448;72
4841;-448;80
4842;-448;72
4843;-440;80
4844;-448;80
4845;-440;80
4846;-440;80
4847;-448;88
4848;-440;80
4849;-440;80
4850;-440;72
4851;-440;80
4852;-440;80
4853;-440;80
4854;-440;80
4855;-440;72
4856;-440;72
4857;-440;72
4858;-432;72
4859;-432;72
4860;-432;72
4861;-432;72
4862;-432;72
4863;-432;72
4864;-432;72
4865;-424;72
4866;-424;64
4867;-432;72
4868;-424;64
4869;-424;72
4870;-432;64
4871;-424;64
4872;-424;64
4873;-424;64
4874;-424;64
4875;-416;64
4876;-424;72
4877;-408;64
4878;-416;72
4879;-416;64
4880;-408;64
4881;-416;64
4882;-408;64
4883;-416;72
4884;-408;64
4885;-416;64
4886;-416;64
4887;-408;64
4888;-408;64
4889;-408;64
4890;-408;64
4891;-408;64
4892;-408;64
4893;-408;56
4894;-400;64
4895;-400;64
4896;-400;64
4897;-400;56
4898;-400;56
4899;-400;48
4900;-400;48
4901;-400;48
4902;-400;48
4903;-400;48
4904;-400;40
4905;-400;40
4906;-392;40
4907;-392;40
4908;-392;40
4909;-384;40
4910;-392;40
4911;-392;40
4912;-408;40
4913;-392;40
4914;-384;40
4915;-384;48
4916;-384;48
4917;-392;56
4918;-384;48
4919;-392;56
4920;-376;64
4921;-376;56
4922;-376;64
4923;-368;64
4924;-368;64
4925;-368;72
4926;-368;72
4927;-368;80
4928;-368;80
4929;-360;80
4930;-360;72
4931;-352;80
4932;-360;80
4933;-360;80
4934;-360;80
4935;-352;72
4936;-352;72
4937;-352;80
4938;-344;80
4939;-344;80
4940;-344;80
4941;-336;80
4942;-336;72
4943;-336;80
4944;-328;72
4945;-328;72
4946;-320;72
4947;-320;64
4948;-312;80
4949;-312;72
4950;-312;-40
4951;-312;-40
4952;-296;-40
4953;-304;-40
4954;-304;-40
4955;-296;-40
4956;-296;-40
4957;-296;-40
4958;-288;-48
4959;-288;-48
4960;-280;-48
4961;-280;-56
4962;-280;-56
4963;-272;-56
4964;-272;-56
4965;-272;-56
4966;-264;-56
4967;-264;-64
4968;-256;-64
4969;-256;-64
4970;-256;-64
4971;-248;-64
4972;-248;-64
4973;-248;-72
4974;-240;-64
4975;-240;-72
4976;-240;-72
4977;-232;-64
4978;-232;-64
4979;-224;-64
4980;-232;-64
4981;-224;-64
4982;-216;-56
4983;-216;-56
4984;-216;-56
4985;-216;-56
4986;-200;-48
4987;-224;-48
4988;-208;-40
4989;-200;-40
4990;-192;-40
4991;-192;-40
4992;-192;-40
4993;-192;-40
4994;-184;-40
4995;-184;-32
4996;-176;-32
4997;-176;-32
4998;-176;-32
4999;-168;-32
5000;-168;-32
5001;-168;-32
5002;-160;-32
5003;-160;-40
5004;-160;-32
5005;-152;-40
5006;-152;-40
5007;-144;-32
5008;-144;-32
5009;-136;-40
5010;-136;-40
5011;-136;-40
5012;-128;-40
5013;-128;-40
5014;-128;-40
5015;-128;-40
5016;-120;-40
5017;-120;-40
5018;-120;-40
5019;-112;-40
5020;-112;-40
5021;-104;-40
5022;-104;-40
5023;-104;-40
5024;-104;-48
5025;-104;-48
5026;-96;-40
5027;-88;-40
5028;-96;-48
5029;-88;-48
5030;-88;-48
5031;-80;-40
5032;-80;-40
5033;-80;-40
5034;-80;-48
5035;-72;-48
5036;-72;-40
5037;-64;-48
5038;-64;-48
5039;-64;-40
5040;-64;-48
5041;-64;-48
5042;-56;-48
5043;-56;-48
5044;-56;-48
5045;-48;-48
5046;-48;-48
5047;-40;-48
5048;-48;-48
5049;-40;-48
5050;-32;-48
5051;-32;-48
5052;-32;-56
5053;-32;-48
5054;-24;-48
5055;-40;-56
5056;-24;-48
5057;-24;-56
5058;-8;-56
5059;-16;-56
5060;-8;-64
5061;-8;-64
5062;-8;-64
5063;-8;-64
5064;0;-64
5065;0;-64
5066;0;-64
5067;8;-64
5068;8;-64
5069;24;-72
5070;16;-72
5071;16;-72
5072;16;-72
5073;24;-64
5074;24;-64
5075;24;-64
5076;24;-64
5077;32;-56
5078;32;-56
5079;32;-56
5080;40;-48
5081;32;-48
5082;40;-48
5083;40;-48
5084;48;-40
5085;48;-40
5086;48;-40
5087;56;-40
5088;56;-40
5089;56;-40
5090;56;-40
5091;64;-40
5092;72;-32
5093;64;-32
5094;72;-32
5095;80;-40
5096;72;-32
5097;80;-40
5098;80;-32
5099;80;-40
5100;88;-40
5101;88;-32
5102;88;-40
5103;96;-40
5104;96;-40
5105;104;-40
5106;104;-40
5107;104;-40
5108;112;-40
5109;112;-40
5110;112;-40
5111;112;-40
5112;120;-40
5113;120;-40
5114;120;-40
5115;128;-48
5116;128;-40
5117;128;-40
5118;136;-40
5119;136;-40
5120;136;-48
5121;136;-40
5122;144;-48
5123;152;-48
5124;152;-40
5125;152;-48
5126;144;-48
5127;152;-48
5128;160;-48
5129;160;-48
5130;168;-48
5131;160;-48
5132;160;-48
5133;168;-48
5134;168;-48
5135;168;-40
5136;176;-48
5137;192;-48
5138;176;-48
5139;176;-48
5140;184;-48
5141;184;-48
5142;184;-48
5143;184;-48
5144;184;-48
5145;192;-56
5146;184;-48
5147;192;-56
5148;200;-56
5149;192;-56
5150;200;-56
5151;200;-64
5152;208;-64
5153;208;-64
5154;208;-64
5155;216;-64
5156;200;-64
5157;216;-64
5158;216;-136
5159;216;-144
5160;216;-136
5161;224;-136
5162;224;-136
5163;224;-136
5164;232;-136
5165;232;-136
5166;232;-136
5167;232;-136
5168;232;-128
5169;232;-128
5170;240;-128
5171;240;-120
5172;240;-120
5173;240;-120
5174;240;-120
5175;248;-112
5176;240;-112
5177;240;-112
5178;256;-112
5179;256;-104
5180;256;-104
5181;256;-104
5182;256;-104
5183;264;-104
5184;256;-96
5185;264;-104
5186;264;-104
5187;272;-104
5188;272;-104
5189;272;-104
5190;272;-104
5191;264;-104
5192;272;-104
5193;280;-104
5194;280;-104
5195;288;-112
5196;288;-112
5197;288;-112
5198;296;-112
5199;288;-112
5200;288;-112
5201;288;-112
5202;296;-112
5203;296;-112
5204;296;-112
5205;304;-112
5206;304;-112
5207;304;-112
5208;304;-112
5209;304;-112
5210;304;-112
5211;312;-112
5212;320;-112
5213;312;-112
5214;312;-112
5215;320;-112
5216;320;-112
5217;320;-112
5218;320;-112
5219;320;-112
5220;320;-112
5221;328;-112
5222;320;-112
5223;328;-112
5224;320;-112
5225;336;-112
5226;336;-112
5227;328;-112
5228;336;-120
5229;336;-112
5230;336;-120
5231;336;-120
5232;336;-120
5233;336;-120
5234;344;-120
5235;344;-120
5236;336;-128
5237;344;-128
5238;352;-128
5239;352;-128
5240;352;-128
5241;352;-128
5242;352;-136
5243;352;-136
5244;352;-136
5245;352;-136
5246;352;-136
5247;360;-144
5248;360;-144
5249;360;-136
5250;360;-136
5251;368;-136
5252;360;-136
5253;368;-128
5254;368;-128
5255;368;-128
5256;368;-128
5257;376;-120
5258;376;-120
5259;376;-120
5260;376;-120
5261;376;-112
5262;376;-112
5263;384;-112
5264;384;-112
5265;376;-104
5266;384;-112
5267;384;-104
5268;392;-104
5269;384;-104
5270;384;-104
5271;392;-104
5272;392;-104
5273;400;-104
5274;392;-104
5275;400;-104
5276;392;-104
5277;392;-104
5278;400;-104
5279;400;-104
5280;408;-104
5281;400;-104
5282;400;-112
5283;408;-112
5284;408;-112
5285;408;-112
5286;408;-112
5287;424;-112
5288;408;-112
5289;408;-112
5290;416;-112
5291;416;-112
5292;408;-112
5293;416;-112
5294;408;-112
5295;416;-112
5296;416;-112
5297;416;-112
5298;416;-112
5299;408;-112
5300;416;-112
5301;424;-112
5302;424;-112
5303;424;-112
5304;424;-112
5305;424;-112
5306;424;-112
5307;432;-112
5308;432;-112
5309;424;-112
5310;424;-112
5311;432;-112
5312;432;-112
5313;432;-112
5314;432;-120
5315;432;-120
5316;432;-112
5317;440;-120
5318;432;-120
5319;432;-112
5320;440;-120
5321;440;-112
5322;440;-120
5323;440;-112
5324;440;-120
5325;440;-112
5326;440;-120
5327;424;-120
5328;440;-112
5329;448;-120
5330;440;-120
5331;440;-120
5332;448;-120
5333;448;-120
5334;456;-120
5335;448;-120
5336;448;-120
5337;448;-120
5338;448;-128
5339;456;-128
5340;448;-128
5341;456;-136
5342;448;-136
5343;456;-128
5344;456;-136
5345;456;-136
5346;456;-136
5347;456;-136
5348;464;-136
5349;456;-136
5350;456;-136
5351;456;-136
5352;456;-136
5353;456;-136
5354;464;-128
5355;464;-128
5356;464;-120
5357;456;-128
5358;464;-120
5359;464;-120
5360;456;-112
5361;456;-112
5362;464;-112
5363;464;-104
5364;464;-104
5365;464;-104
5366;472;-104
5367;464;-48
5368;464;-48
5369;448;-48
5370;464;-40
5371;472;-48
5372;464;-48
5373;472;-40
5374;456;-48
5375;464;-48
5376;464;-56
5377;472;-48
5378;472;-48
5379;472;-48
5380;472;-48
5381;472;-48
5382;472;-56
5383;472;-56
5384;472;-56
5385;472;-56
5386;472;-56
5387;472;-56
5388;472;-56
5389;472;-56
5390;472;-56
5391;472;-56
5392;472;-56
5393;472;-56
5394;472;-56
5395;472;-56
5396;480;-56
5397;472;-56
5398;472;-56
5399;472;-56
5400;472;-56
5401;472;-56
5402;472;-64
5403;472;-56
5404;472;-56
5405;472;-56
5406;480;-64
5407;472;-56
5408;472;-56
5409;472;-56
5410;472;-64
5411;472;-64
5412;472;-64
5413;472;-64
5414;472;-64
5415;472;-72
5416;472;-72
5417;472;-72
5418;472;-72
5419;472;-80
5420;480;-80
5421;472;-80
5422;472;-80
5423;472;-80
5424;472;-80
5425;472;-80
5426;472;-80
5427;472;-80
5428;472;-80
5429;472;-80
5430;464;-80
5431;472;-72
5432;472;-72
5433;472;-64
5434;472;-64
5435;472;-64
5436;472;-64
5437;464;-56
5438;472;-56
5439;472;-56
5440;464;-48
5441;472;-48
5442;472;-48
5443;472;-48
5444;472;-48
5445;472;-48
5446;472;-48
5447;472;-40
5448;472;-48
5449;472;-48
5450;464;-40
5451;488;-48
5452;464;-48
5453;464;-48
5454;464;-48
5455;464;-48
5456;472;-48
5457;464;-48
5458;464;-48
5459;464;-56
5460;464;-56
5461;464;-48
5462;464;-48
5463;464;-56
5464;464;-56
5465;464;-48
5466;456;-48
5467;464;-56
5468;464;-56
5469;464;-56
5470;464;-56
5471;464;-56
5472;456;-56
5473;456;-56
5474;464;-56
5475;456;-56
5476;456;-56
5477;464;-48
5478;456;-56
5479;456;-56
5480;456;-56
5481;456;-56
5482;456;-56
5483;456;-56
5484;464;-64
5485;448;-64
5486;448;-56
5487;448;-56
5488;448;-64
5489;448;-56
5490;448;-56
5491;448;-64
5492;440;-56
5493;440;-56
5494;440;-56
5495;440;-56
5496;440;-56
5497;440;-56
5498;440;-56
5499;440;-56
5500;440;-56
5501;432;-64
5502;432;-64
5503;440;-64
5504;432;-64
5505;432;-64
5506;440;-72
5507;432;-64
5508;432;-72
5509;424;-72
5510;432;-72
5511;432;-72
5512;416;-80
5513;424;-80
5514;424;-80
5515;424;-80
5516;424;-80
5517;424;-80
5518;424;-80
5519;432;-80
5520;424;-88
5521;416;-80
5522;424;-72
5523;416;-72
5524;424;-80
5525;416;-72
5526;432;-72
5527;416;-72
5528;416;-64
5529;408;-64
5530;408;-56
5531;408;-56
5532;416;-56
5533;408;-56
5534;408;-56
5535;408;-56
5536;400;-48
5537;408;-48
5538;400;-48
5539;408;-48
5540;400;-48
5541;408;-48
5542;400;-40
5543;400;-48
5544;400;-48
5545;392;-48
5546;400;-48
5547;392;-48
5548;392;-48
5549;392;-48
5550;392;-48
5551;392;-48
5552;392;-48
5553;384;-48
5554;384;-48
5555;384;-48
5556;384;-48
5557;376;-56
5558;376;-56
5559;376;-56
5560;376;-56
5561;376;-48
5562;376;-56
5563;376;-56
5564;376;-56
5565;368;-56
5566;360;-56
5567;368;-56
5568;368;-56
5569;368;-56
5570;368;-56
5571;368;-56
5572;360;-56
5573;352;-56
5574;360;-56
5575;360;80
5576;360;80
5577;352;72
5578;360;80
5579;352;72
5580;352;72
5581;352;72
5582;352;72
5583;344;64
5584;352;64
5585;352;64
5586;344;64
5587;344;64
5588;336;64
5589;336;64
5590;336;56
5591;336;56
5592;336;56
5593;336;48
5594;352;48
5595;328;48
5596;328;48
5597;320;48
5598;328;48
5599;328;48
5600;320;56
5601;328;56
5602;312;56
5603;320;56
5604;312;64
5605;312;64
5606;304;72
5607;312;64
5608;312;64
5609;304;72
5610;296;80
5611;304;80
5612;296;80
5613;288;80
5614;296;88
5615;296;88
5616;296;88
5617;288;88
5618;288;88
5619;288;88
5620;288;88
5621;288;88
5622;280;88
5623;280;88
5624;280;88
5625;272;88
5626;280;88
5627;280;88
5628;272;88
5629;272;88
5630;272;80
5631;272;88
5632;264;88
5633;264;80
5634;256;80
5635;264;80
5636;264;80
5637;264;80
5638;256;80
5639;256;80
5640;256;80
5641;248;80
5642;248;80
5643;248;80
5644;240;80
5645;248;80
5646;240;80
5647;240;72
5648;240;80
5649;240;80
5650;232;80
5651;240;72
5652;232;72
5653;232;72
5654;232;72
5655;232;80
5656;224;72
5657;224;72
5658;224;72
5659;224;80
5660;224;72
5661;216;80
5662;216;72
5663;216;80
5664;216;72
5665;208;72
5666;208;80
5667;208;80
5668;200;72
5669;224;72
5670;200;80
5671;192;72
5672;200;72
5673;192;64
5674;192;72
5675;192;72
5676;192;64
5677;184;64
5678;184;64
5679;176;64
5680;176;56
5681;168;64
5682;176;48
5683;176;56
5684;168;56
5685;168;56
5686;168;56
5687;160;48
5688;160;48
5689;160;48
5690;160;48
5691;160;48
5692;152;48
5693;152;56
5694;144;48
5695;152;56
5696;144;56
5697;144;64
5698;144;64
5699;144;64
5700;136;80
5701;136;72
5702;136;80
5703;136;80
5704;128;88
5705;128;88
5706;128;80
5707;128;88
5708;128;88
5709;120;88
5710;128;88
5711;120;88
5712;120;88
5713;120;88
5714;112;88
5715;112;88
5716;120;88
5717;112;88
5718;104;88
5719;104;88
5720;104;88
5721;104;80
5722;96;80
5723;96;80
5724;96;80
5725;88;80
5726;88;80
5727;88;80
5728;88;80
5729;80;80
5730;88;80
5731;80;80
5732;72;80
5733;72;80
5734;72;80
5735;72;80
5736;72;80
5737;72;80
5738;64;80
5739;64;72
5740;56;80
5741;56;80
5742;48;80
5743;56;80
5744;56;80
5745;48;80
5746;48;72
5747;48;80
5748;40;72
5749;40;80
5750;40;80
5751;16;72
5752;32;72
5753;32;72
5754;32;72
5755;32;72
5756;16;72
5757;24;72
5758;16;72
5759;16;72
5760;16;72
5761;16;64
5762;16;64
5763;8;64
5764;8;64
5765;0;64
5766;0;56
5767;0;56
5768;0;48
5769;0;56
5770;-8;48
5771;-8;48
5772;-8;48
5773;-16;48
5774;-16;48
5775;-16;48
5776;-24;48
5777;-24;48
5778;-24;56
5779;-24;56
5780;-24;56
5781;-32;56
5782;-32;64
5783;-40;152
5784;-48;152
5785;-40;152
5786;-48;160
5787;-48;160
5788;-56;160
5789;-48;160
5790;-48;160
5791;-56;160
5792;-56;160
5793;-64;160
5794;-64;160
5795;-64;168
5796;-72;168
5797;-72;168
5798;-72;160
5799;-72;160
5800;-80;168
5801;-80;168
5802;-88;168
5803;-88;160
5804;-88;160
5805;-80;160
5806;-88;168
5807;-96;160
5808;-96;160
5809;-96;160
5810;-96;160
5811;-104;160
5812;-104;160
5813;-112;160
5814;-112;160
5815;-112;160
5816;-112;152
5817;-120;160
5818;-120;160
5819;-112;160
5820;-128;160
5821;-120;160
5822;-120;160
5823;-128;160
5824;-136;168
5825;-136;168
5826;-160;168
5827;-136;168
5828;-136;176
5829;-144;168
5830;-144;168
5831;-160;168
5832;-152;168
5833;-160;176
5834;-160;168
5835;-160;176
5836;-160;168
5837;-160;176
5838;-168;176
5839;-168;168
5840;-168;168
5841;-176;176
5842;-176;176
5843;-176;168
5844;-176;168
5845;-184;168
5846;-184;168
5847;-184;168
5848;-192;168
5849;-184;168
5850;-192;160
5851;-192;168
5852;-200;168
5853;-200;160
5854;-200;168
5855;-208;160
5856;-208;160
5857;-208;160
5858;-216;168
5859;-224;168
5860;-216;160
5861;-224;160
5862;-216;168
5863;-224;168
5864;-232;168
5865;-232;160
5866;-216;168
5867;-232;160
5868;-240;160
5869;-240;168
5870;-240;160
5871;-240;160
5872;-248;160
5873;-248;160
5874;-248;168
5875;-256;168
5876;-256;160
5877;-256;160
5878;-256;160
5879;-256;160
5880;-264;160
5881;-264;160
5882;-264;168
5883;-264;168
5884;-272;168
5885;-272;160
5886;-280;160
5887;-280;160
5888;-280;160
5889;-280;168
5890;-280;160
5891;-288;160
5892;-288;160
5893;-296;160
5894;-288;160
5895;-296;168
5896;-296;160
5897;-304;160
5898;-304;160
5899;-312;160
5900;-312;152
5901;-320;152
5902;-312;152
5903;-312;152
5904;-312;144
5905;-312;144
5906;-328;144
5907;-320;136
5908;-328;136
5909;-320;144
5910;-328;136
5911;-328;128
5912;-328;136
5913;-336;136
5914;-336;136
5915;-336;136
5916;-336;144
5917;-344;136
5918;-344;144
5919;-344;144
5920;-344;152
5921;-352;152
5922;-352;152
5923;-352;152
5924;-360;160
5925;-360;168
5926;-360;168
5927;-360;168
5928;-360;168
5929;-368;168
5930;-368;176
5931;-376;168
5932;-376;168
5933;-376;176
5934;-392;176
5935;-376;176
5936;-376;176
5937;-384;176
5938;-384;168
5939;-384;176
5940;-384;176
5941;-376;168
5942;-392;168
5943;-392;168
5944;-392;168
5945;-392;168
5946;-392;168
5947;-392;168
5948;-392;168
5949;-400;168
5950;-400;168
5951;-400;160
5952;-400;168
5953;-408;168
5954;-408;168
5955;-400;160
5956;-408;168
5957;-408;160
5958;-400;160
5959;-416;168
5960;-408;168
5961;-408;160
5962;-408;160
5963;-416;168
5964;-416;168
5965;-416;160
5966;-416;168
5967;-416;160
5968;-416;160
5969;-416;168
5970;-416;160
5971;-416;160
5972;-416;160
5973;-416;160
5974;-416;160
5975;-416;168
5976;-448;160
5977;-424;160
5978;-424;160
5979;-424;160
5980;-424;160
5981;-424;152
5982;-424;152
5983;-432;152
5984;-432;152
5985;-424;144
5986;-424;144
5987;-432;144
5988;-424;144
5989;-424;144
5990;-432;136
5991;-432;136
5992;-432;136
5993;-432;136
5994;-432;80
5995;-440;80
5996;-440;80
5997;-440;80
5998;-440;80
5999;-440;80
6000;-440;80
6001;-440;80
6002;-432;88
6003;-440;88
6004;-440;96
6005;-440;96
6006;-440;96
6007;-440;88
6008;-440;104
6009;-440;104
6010;-440;104
6011;-440;104
6012;-448;112
6013;-448;104
6014;-448;112
6015;-448;112
6016;-432;112
6017;-448;120
6018;-448;112
6019;-448;112
6020;-448;120
6021;-448;120
6022;-448;120
6023;-448;120
6024;-456;120
6025;-448;112
6026;-448;120
6027;-448;112
6028;-448;112
6029;-448;112
6030;-448;120
6031;-456;112
6032;-456;112
6033;-456;112
6034;-456;112
6035;-456;112
6036;-456;112
6037;-456;112
6038;-456;104
6039;-464;112
6040;-456;104
6041;-456;104
6042;-456;104
6043;-456;104
6044;-464;104
6045;-456;104
6046;-456;112
6047;-464;104
6048;-464;104
6049;-456;104
6050;-464;104
6051;-480;104
6052;-464;104
6053;-464;104
6054;-456;104
6055;-456;104
6056;-464;104
6057;-464;104
6058;-472;104
6059;-464;104
6060;-464;104
6061;-456;104
6062;-464;104
6063;-456;104
6064;-464;104
6065;-464;104
6066;-464;104
6067;-464;104
6068;-464;104
6069;-464;104
6070;-464;96
6071;-464;104
6072;-464;96
6073;-464;96
6074;-464;96
6075;-464;96
6076;-464;96
6077;-464;96
6078;-472;96
6079;-472;88
6080;-464;88
6081;-464;88
6082;-464;88
6083;-464;88
6084;-464;80
6085;-472;80
6086;-464;80
6087;-464;80
6088;-472;80
6089;-464;80
6090;-464;80
6091;-456;80
6092;-472;80
6093;-472;80
6094;-464;80
6095;-472;80
6096;-472;80
6097;-464;88
6098;-464;88
6099;-464;96
6100;-464;96
6101;-464;96
6102;-464;96
6103;-472;104
6104;-464;104
6105;-464;112
6106;-464;112
6107;-464;112
6108;-464;112
6109;-464;112
6110;-464;112
6111;-464;120
6112;-464;112
6113;-464;120
6114;-464;120
6115;-464;120
6116;-464;120
6117;-464;112
6118;-464;112
6119;-472;112
6120;-464;112
6121;-464;112
6122;-464;112
6123;-464;112
6124;-464;112
6125;-464;112
6126;-480;112
6127;-456;104
6128;-456;104
6129;-456;112
6130;-456;104
6131;-456;104
6132;-456;104
6133;-464;112
6134;-456;104
6135;-456;104
6136;-456;104
6137;-456;104
6138;-448;104
6139;-456;104
6140;-456;104
6141;-448;104
6142;-448;104
6143;-448;104
6144;-456;104
6145;-448;104
6146;-448;104
6147;-448;104
6148;-448;104
6149;-448;104
6150;-448;104
6151;-448;104
6152;-448;96
6153;-456;104
6154;-448;104
6155;-448;104
6156;-448;104
6157;-440;104
6158;-440;104
6159;-440;104
6160;-448;104
6161;-440;104
6162;-440;104
6163;-440;104
6164;-440;96
6165;-440;96
6166;-432;96
6167;-440;96
6168;-432;96
6169;-440;96
6170;-440;88
6171;-440;88
6172;-432;88
6173;-440;80
6174;-432;80
6175;-432;80
6176;-432;80
6177;-432;80
6178;-432;80
6179;-432;80
6180;-432;72
6181;-424;80
6182;-424;80
6183;-424;80
6184;-424;80
6185;-432;80
6186;-424;80
6187;-432;88
6188;-424;80
6189;-416;88
6190;-416;88
6191;-424;88
6192;-424;96
6193;-416;96
6194;-432;96
6195;-416;104
6196;-416;104
6197;-416;112
6198;-416;112
6199;-416;112
6200;-416;112
6201;-432;112
6202;-408;-8
6203;-408;-8
6204;-408;0
6205;-408;-8
6206;-408;-8
6207;-416;-8
6208;-400;-8
6209;-408;0
6210;-408;0
6211;-408;-8
6212;-408;-8
6213;-392;-8
6214;-400;-8
6215;-400;-8
6216;-400;-8
6217;-400;-8
6218;-400;-8
6219;-392;-8
6220;-400;-16
6221;-400;-16
6222;-392;-16
6223;-392;-8
6224;-392;-16
6225;-392;-16
6226;-392;-16
6227;-384;-16
6228;-392;-16
6229;-392;-16
6230;-384;-16
6231;-384;-16
6232;-384;-16
6233;-384;-16
6234;-376;-16
6235;-384;-16
6236;-376;-16
6237;-376;-16
6238;-376;-16
6239;-376;-16
6240;-376;-16
6241;-368;-16
6242;-368;-16
6243;-368;-24
6244;-368;-16
6245;-368;-16
6246;-368;-16
6247;-360;-16
6248;-360;-24
6249;-360;-16
6250;-360;-16
6251;-352;-16
6252;-352;-24
6253;-352;-16
6254;-344;-16
6255;-344;-16
6256;-344;-24
6257;-344;-16
6258;-336;-24
6259;-336;-24
6260;-336;-24
6261;-328;-24
6262;-336;-24
6263;-320;-24
6264;-328;-32
6265;-320;-32
6266;-312;-32
6267;-312;-32
6268;-312;-32
6269;-320;-40
6270;-304;-40
6271;-304;-40
6272;-304;-40
6273;-304;-40
6274;-296;-40
6275;-296;-40
6276;-280;-40
6277;-280;-40
6278;-288;-40
6279;-280;-40
6280;-280;-40
6281;-272;-40
6282;-272;-40
6283;-256;-40
6284;-264;-32
6285;-264;-32
6286;-256;-32
6287;-256;-24
6288;-248;-24
6289;-248;-24
6290;-248;-16
6291;-248;-16
6292;-240;-16
6293;-240;-8
6294;-240;-16
6295;-240;-8
6296;-232;-8
6297;-232;-8
6298;-224;-8
6299;-224;-8
6300;-224;-8
6301;-216;-8
6302;-216;-8
6303;-208;-8
6304;-208;-8
6305;-208;-8
6306;-200;-8
6307;-200;-8
6308;-192;-8
6309;-184;-8
6310;-192;-8
6311;-184;-16
6312;-184;-16
6313;-184;-16
6314;-176;-16
6315;-176;-16
6316;-168;-16
6317;-168;-16
6318;-168;-16
6319;-168;-16
6320;-160;-16
6321;-160;-16
6322;-152;-16
6323;-160;-16
6324;-152;-16
6325;-144;-16
6326;-144;-16
6327;-144;-16
6328;-144;-16
6329;-136;-16
6330;-144;-16
6331;-128;-16
6332;-128;-16
6333;-120;-16
6334;-120;-16
6335;-120;-16
6336;-120;-16
6337;-120;-16
6338;-112;-16
6339;-112;-16
6340;-104;-16
6341;-104;-16
6342;-104;-16
6343;-104;-24
6344;-104;-16
6345;-96;-16
6346;-88;-16
6347;-88;-16
6348;-88;-24
6349;-80;-24
6350;-80;-16
6351;-80;-24
6352;-72;-24
6353;-80;-24
6354;-72;-24
6355;-72;-24
6356;-64;-32
6357;-64;-32
6358;-48;-32
6359;-64;-40
6360;-56;-40
6361;-56;-40
6362;-48;-40
6363;-40;-40
6364;-48;-40
6365;-48;-40
6366;-40;-40
6367;-40;-40
6368;-32;-40
6369;-40;-40
6370;-32;-40
6371;-32;-40
6372;-32;-40
6373;-24;-40
6374;-24;-40
6375;-24;-32
6376;-16;-32
6377;-16;-24
6378;-16;-32
6379;-8;-24
6380;-16;-16
6381;0;-16
6382;-8;-16
6383;0;-16
6384;8;-16
6385;0;-8
6386;8;-8
6387;0;-8
6388;8;-8
6389;8;-8
6390;24;-8
6391;24;-8
6392;16;-8
6393;24;-8
6394;24;-8
6395;32;-8
6396;32;-8
6397;32;-16
6398;32;-16
6399;32;-8
6400;40;-8
6401;48;-8
6402;48;-8
6403;48;-8
6404;48;-8
6405;48;-8
6406;56;-8
6407;56;-16
6408;64;-104
6409;64;-96
6410;64;-104
6411;64;-96
6412;72;-104
6413;72;-104
6414;72;-96
6415;72;-104
6416;80;-104
6417;80;-104
6418;88;-104
6419;80;-104
6420;88;-112
6421;88;-112
6422;96;-112
6423;96;-112
6424;104;-112
6425;104;-120
6426;112;-112
6427;112;-120
6428;112;-120
6429;112;-120
6430;120;-120
6431;120;-128
6432;120;-120
6433;136;-120
6434;120;-120
6435;128;-128
6436;128;-120
6437;128;-120
6438;136;-120
6439;136;-120
6440;136;-120
6441;144;-112
6442;144;-112
6443;144;-112
6444;152;-112
6445;144;-104
6446;152;-104
6447;160;-104
6448;152;-96
6449;160;-96
6450;160;-96
6451;160;-96
6452;168;-96
6453;168;-96
6454;168;-96
6455;176;-96
6456;176;-88
6457;176;-96
6458;184;-96
6459;184;-96
6460;184;-96
6461;184;-96
6462;184;-96
6463;192;-96
6464;192;-96
6465;192;-96
6466;200;-96
6467;200;-96
6468;200;-96
6469;208;-104
6470;208;-96
6471;208;-104
6472;216;-104
6473;200;-104
6474;208;-104
6475;216;-104
6476;216;-104
6477;216;-104
6478;216;-104
6479;224;-104
6480;216;-104
6481;224;-104
6482;224;-104
6483;232;-104
6484;232;-104
6485;232;-104
6486;232;-104
6487;232;-104
6488;232;-104
6489;240;-104
6490;240;-104
6491;248;-104
6492;248;-104
6493;248;-104
6494;248;-104
6495;248;-104
6496;256;-104
6497;248;-104
6498;256;-104
6499;264;-104
6500;256;-104
6501;280;-104
6502;264;-112
6503;264;-112
6504;264;-112
6505;264;-112
6506;264;-112
6507;272;-112
6508;280;-120
6509;272;-120
6510;272;-120
6511;280;-120
6512;280;-120
6513;280;-120
6514;288;-128
6515;288;-120
6516;288;-128
6517;288;-128
6518;296;-128
6519;296;-128
6520;280;-128
6521;296;-120
6522;296;-128
6523;296;-120
6524;296;-120
6525;304;-120
6526;304;-120
6527;304;-112
6528;312;-112
6529;304;-112
6530;312;-104
6531;312;-104
6532;312;-104
6533;320;-96
6534;320;-96
6535;312;-104
6536;320;-96
6537;328;-96
6538;328;-96
6539;328;-88
6540;328;-96
6541;328;-96
6542;328;-96
6543;336;-96
6544;336;-96
6545;336;-96
6546;336;-88
6547;336;-96
6548;344;-96
6549;336;-96
6550;336;-96
6551;336;-96
6552;336;-96
6553;352;-96
6554;344;-96
6555;344;-96
6556;344;-96
6557;352;-96
6558;352;-96
6559;352;-96
6560;360;-96
6561;360;-96
6562;360;-104
6563;352;-104
6564;360;-104
6565;360;-96
6566;360;-96
6567;360;-104
6568;368;-96
6569;368;-104
6570;368;-104
6571;368;-104
6572;376;-104
6573;368;-104
6574;368;-104
6575;376;-104
6576;376;-104
6577;376;-104
6578;376;-104
6579;376;-96
6580;384;-104
6581;376;-104
6582;384;-96
6583;368;-104
6584;384;-104
6585;384;-104
6586;384;-104
6587;384;-104
6588;376;-104
6589;392;-104
6590;384;-104
6591;392;-104
6592;400;-112
6593;400;-112
6594;392;-112
6595;392;-112
6596;400;-112
6597;400;-120
6598;400;-120
6599;400;-120
6600;408;-120
6601;408;-120
6602;408;-120
6603;408;-120
6604;408;-120
6605;408;-128
6606;408;-128
6607;408;-128
6608;408;-128
6609;416;-128
6610;416;-120
6611;416;-120
6612;416;-120
6613;416;-112
6614;416;-112
6615;416;-112
6616;408;-104
6617;424;-96
6618;424;-96
6619;424;-88
6620;424;-96
6621;424;-88
6622;424;-80
6623;432;-88
6624;432;-80
6625;424;-88
6626;432;-88
6627;432;-88
6628;432;-88
6629;432;-88
6630;432;-88
6631;432;-80
6632;432;-88
6633;432;-88
6634;432;-88
6635;432;-88
6636;440;-88
6637;448;-88
6638;432;-88
6639;440;-88
6640;432;-88
6641;440;-88
6642;440;-88
6643;440;-96
6644;448;-88
6645;440;-96
6646;448;-96
6647;440;-96
6648;440;-96
6649;440;-96
6650;440;-96
6651;448;-96
6652;440;-96
6653;448;-96
6654;448;-96
6655;448;-96
6656;448;-88
6657;448;-96
6658;432;-96
6659;448;-96
6660;448;-96
6661;448;-96
6662;448;-96
6663;448;-96
6664;456;-96
6665;448;-96
6666;456;-96
6667;456;-96
6668;456;-96
6669;456;-96
6670;456;-96
6671;456;-96
6672;456;-96
6673;456;-96
6674;464;-96
6675;456;-96
6676;456;-96
6677;464;-104
6678;456;-112
6679;464;-104
6680;464;-104
6681;464;-112
6682;464;-112
6683;464;-112
6684;464;-112
6685;464;-112
6686;464;-112
6687;464;-112
6688;464;-120
6689;464;-120
6690;472;-120
6691;456;-120
6692;464;-112
6693;472;-112
6694;472;-112
6695;464;-112
6696;472;-112
6697;464;-112
6698;488;-112
6699;472;-104
6700;472;-104
6701;472;-104
6702;472;-96
6703;472;-96
6704;472;-96
6705;472;-96
6706;472;-88
6707;472;-88
6708;472;-88
6709;472;-88
6710;472;-80
6711;472;-88
6712;480;-88
6713;472;-80
6714;480;-88
6715;472;-88
6716;472;-80
6717;472;-80
6718;472;-88
6719;480;-80
6720;472;-88
6721;472;-80
6722;472;-88
6723;472;-88
6724;464;-88
6725;472;-88
6726;472;-88
6727;472;-88
6728;472;-88
6729;472;-88
6730;472;-88
6731;472;-88
6732;472;-96
6733;448;-88
6734;472;-88
6735;472;-96
6736;472;-96
6737;472;-88
6738;464;-96
6739;472;-96
6740;456;-88
6741;472;-96
6742;472;-96
6743;472;-96
6744;472;-96
6745;480;-96
6746;472;-96
6747;464;-96
6748;472;-96
6749;472;-88
6750;464;-96
6751;472;-88
6752;472;-96
6753;472;-96
6754;472;-96
6755;464;-96
6756;472;-96
6757;472;-96
6758;464;-96
6759;472;-96
6760;472;-104
6761;472;-104
6762;472;-104
6763;472;-104
6764;472;-104
6765;472;-104
6766;464;-112
6767;464;-120
6768;464;-112
6769;464;-112
6770;464;-112
6771;464;-112
6772;472;-120
6773;480;-120
6774;472;-112
6775;464;-112
6776;464;-120
6777;464;-112
6778;464;-112
6779;464;-112
6780;464;-104
6781;464;-96
6782;456;-104
6783;464;-96
6784;464;-96
6785;464;-88
6786;464;-88
6787;464;-88
6788;456;-88
6789;456;-80
6790;456;-88
6791;456;-80
6792;456;-80
6793;456;-80
6794;448;-80
6795;448;-80
6796;456;-88
6797;448;-88
6798;448;-80
6799;448;-88
6800;448;-80
6801;440;-80
6802;448;-88
6803;448;-88
6804;448;-88
6805;448;-88
6806;448;-88
6807;448;-88
6808;432;-88
6809;440;-88
6810;448;-88
6811;440;-88
6812;440;-88
6813;448;-88
6814;440;-88
6815;448;-96
6816;440;-88
6817;440;-88
6818;440;-88
6819;432;-96
6820;448;-96
6821;432;-88
6822;440;-88
6823;432;-88
6824;432;-96
6825;432;32
6826;432;32
6827;424;32
6828;432;32
6829;432;32
6830;432;32
6831;432;24
6832;432;24
6833;424;24
6834;424;16
6835;424;24
6836;424;16
6837;424;16
6838;416;16
6839;416;16
6840;416;8
6841;424;16
6842;416;8
6843;416;8
6844;416;8
6845;416;8
6846;408;8
6847;416;8
6848;408;8
6849;408;8
6850;408;8
6851;408;8
6852;408;16
6853;408;16
6854;408;16
6855;392;16
6856;400;24
6857;400;24
6858;400;24
6859;400;32
6860;392;32
6861;400;32
6862;392;40
6863;400;40
6864;392;40
6865;392;40
6866;392;40
6867;392;40
6868;392;40
6869;384;40
6870;384;40
6871;384;48
6872;384;40
6873;384;48
6874;384;40
6875;384;40
6876;376;40
6877;376;40
6878;384;40
6879;376;40
6880;376;40
6881;384;40
6882;376;40
6883;376;40
6884;376;40
6885;368;32
6886;368;40
6887;368;40
6888;368;40
6889;368;40
6890;376;32
6891;368;32
6892;360;32
6893;360;40
6894;360;32
6895;360;40
6896;360;32
6897;352;40
6898;352;32
6899;352;32
6900;344;40
6901;344;32
6902;344;32
6903;344;32
6904;344;32
6905;344;40
6906;336;32
6907;336;32
6908;344;32
6909;336;40
6910;344;32
6911;328;32
6912;328;32
6913;328;32
6914;328;32
6915;328;32
6916;328;32
6917;328;24
6918;320;24
6919;320;24
6920;320;32
6921;312;32
6922;312;24
6923;320;24
6924;312;24
6925;304;16
6926;304;16
6927;304;16
6928;304;16
6929;304;16
6930;296;8
6931;296;8
6932;296;8
6933;296;8
6934;296;8
6935;296;8
6936;296;8
6937;288;8
6938;288;8
6939;280;8
6940;280;8
6941;280;16
6942;280;16
6943;280;16
6944;280;24
6945;280;24
6946;272;24
6947;272;24
6948;272;24
6949;264;32
6950;272;32
6951;256;32
6952;264;40
6953;264;40
6954;264;40
6955;256;40
6956;264;40
6957;256;48
6958;264;40
6959;256;48
6960;248;40
6961;248;48
6962;248;48
6963;248;48
6964;248;40
6965;256;48
6966;240;48
6967;240;48
6968;232;40
6969;232;40
6970;240;40
6971;232;40
6972;232;48
6973;224;40
6974;224;40
6975;224;40
6976;224;40
6977;216;40
6978;224;40
6979;216;40
6980;216;32
6981;216;32
6982;216;40
6983;208;40
6984;208;40
6985;200;32
6986;200;32
6987;200;32
6988;200;32
6989;200;32
6990;192;32
6991;200;32
6992;192;32
6993;192;40
6994;192;32
6995;184;32
6996;184;32
6997;184;32
6998;184;32
6999;184;32
7000;176;32
7001;176;32
7002;176;32
7003;168;32
7004;168;40
7005;160;32
7006;168;32
7007;160;40
7008;160;32
7009;160;32
7010;152;32
7011;152;32
7012;144;32
7013;152;32
7014;152;24
7015;144;24
7016;144;24
7017;144;24
7018;144;24
7019;136;16
7020;136;16
7021;136;16
7022;136;16
7023;136;8
7024;136;16
7025;128;8
7026;120;8
7027;120;8
7028;120;16
7029;128;8
7030;112;8
7031;120;8
7032;112;8
7033;128;128
7034;112;128
7035;112;128
7036;104;136
7037;104;136
7038;104;136
7039;96;144
7040;104;144
7041;96;144
7042;96;144
7043;96;152
7044;88;152
7045;88;160
7046;88;160
7047;88;160
7048;80;160
7049;80;160
7050;80;160
7051;72;160
7052;64;160
7053;72;168
7054;72;160
7055;64;160
7056;64;160
7057;64;160
7058;64;160
7059;56;160
7060;56;160
7061;56;160
7062;48;160
7063;48;160
7064;48;160
7065;48;160
7066;40;160
7067;40;152
7068;40;152
7069;40;152
7070;32;160
7071;32;152
7072;32;152
7073;24;152
7074;24;152
7075;24;152
7076;24;152
7077;16;152
7078;16;152
7079;8;152
7080;0;152
7081;8;152
7082;0;152
7083;0;152
7084;0;152
7085;0;152
7086;0;152
7087;-8;152
7088;0;144
7089;-8;152
7090;-16;152
7091;-16;152
7092;-16;152
7093;-16;152
7094;-24;152
7095;-24;144
7096;-24;152
7097;-24;152
7098;-32;144
7099;-32;144
7100;-32;144
7101;-32;144
7102;-40;144
7103;-40;136
7104;-40;136
7105;-48;136
7106;-48;128
7107;-48;136
7108;-32;128
7109;-56;128
7110;-56;128
7111;-64;128
7112;-64;128
7113;-64;120
7114;-72;120
7115;-64;120
7116;-72;128
7117;-72;128
7118;-80;128
7119;-80;128
7120;-88;128
7121;-88;136
7122;-80;136
7123;-88;136
7124;-88;144
7125;-96;144
7126;-96;152
7127;-104;152
7128;-104;152
7129;-104;152
7130;-104;160
7131;-104;160
7132;-112;160
7133;-112;160
7134;-112;160
7135;-112;160
7136;-120;160
7137;-120;160
7138;-120;160
7139;-128;160
7140;-128;160
7141;-128;160
7142;-136;160
7143;-136;160
7144;-136;160
7145;-144;160
7146;-144;152
7147;-144;152
7148;-152;152
7149;-152;152
7150;-152;152
7151;-152;152
7152;-152;152
7153;-160;152
7154;-160;152
7155;-152;152
7156;-168;152
7157;-168;152
7158;-168;152
7159;-176;152
7160;-168;152
7161;-176;152
7162;-176;152
7163;-184;152
7164;-184;152
7165;-184;152
7166;-184;152
7167;-192;152
7168;-192;152
7169;-192;152
7170;-192;152
7171;-200;152
7172;-200;152
7173;-208;144
7174;-208;144
7175;-208;144
7176;-208;144
7177;-216;144
7178;-216;144
7179;-216;144
7180;-224;144
7181;-224;136
7182;-224;136
7183;-224;136
7184;-224;136
7185;-240;136
7186;-240;128
7187;-240;128
7188;-240;128
7189;-240;120
7190;-264;120
7191;-248;120
7192;-256;120
7193;-248;120
7194;-256;120
7195;-264;120
7196;-256;128
7197;-264;128
7198;-264;128
7199;-264;128
7200;-272;136
7201;-272;136
7202;-280;144
7203;-272;136
7204;-280;152
7205;-280;152
7206;-280;152
7207;-280;152
7208;-288;152
7209;-288;152
7210;-288;160
7211;-296;160
7212;-296;160
7213;-296;160
7214;-296;160
7215;-304;160
7216;-296;160
7217;-304;160
7218;-304;160
7219;-304;160
7220;-312;160
7221;-312;160
7222;-312;160
7223;-328;160
7224;-312;160
7225;-320;160
7226;-320;160
7227;-320;160
7228;-328;152
7229;-328;152
7230;-320;152
7231;-328;152
7232;-336;152
7233;-336;152
7234;-336;152
7235;-344;152
7236;-344;152
7237;-344;152
7238;-344;152
7239;-344;152
7240;-352;152
7241;-352;152
7242;-352;152
7243;-360;152
7244;-352;144
7245;-360;144
7246;-360;144
7247;-360;144
7248;-368;144
7249;-368;136
7250;-368;136
7251;-368;136
7252;-376;136
7253;-376;128
7254;-376;128
7255;-384;128
7256;-384;128
7257;-384;128
7258;-384;120
7259;-384;120
7260;-384;120
7261;-392;120
7262;-392;120
7263;-400;120
7264;-392;120
7265;-408;120
7266;-392;120
7267;-400;120
7268;-400;120
7269;-400;120
7270;-408;128
7271;-400;128
7272;-408;136
7273;-400;136
7274;-408;136
7275;-408;144
7276;-408;152
7277;-408;152
7278;-408;152
7279;-408;152
7280;-416;152
7281;-416;160
7282;-408;160
7283;-408;160
7284;-416;152
7285;-416;160
7286;-416;160
7287;-416;152
7288;-416;160
7289;-416;152
7290;-416;160
7291;-416;152
7292;-416;152
7293;-416;152
7294;-424;152
7295;-416;152
7296;-424;152
7297;-424;152
7298;-432;152
7299;-424;152
7300;-424;144
7301;-424;152
7302;-424;152
7303;-424;152
7304;-432;152
7305;-416;144
7306;-432;144
7307;-432;144
7308;-432;144
7309;-432;144
7310;-432;144
7311;-432;144
7312;-432;144
7313;-432;144
7314;-432;144
7315;-432;144
7316;-432;144
7317;-440;144
7318;-432;144
7319;-432;144
7320;-440;144
7321;-432;144
7322;-440;144
7323;-440;144
7324;-440;144
7325;-440;144
7326;-440;144
7327;-440;144
7328;-440;144
7329;-440;136
7330;-448;136
7331;-440;136
7332;-440;136
7333;-448;136
7334;-440;136
7335;-440;128
7336;-448;128
7337;-440;128
7338;-448;128
7339;-448;128
7340;-472;128
7341;-448;120
7342;-448;120
7343;-448;120
7344;-448;120
7345;-456;120
7346;-448;120
7347;-464;112
7348;-448;112
7349;-448;120
7350;-448;120
7351;-448;120
7352;-448;120
7353;-456;120
7354;-456;120
7355;-456;128
7356;-456;128
7357;-456;128
7358;-456;128
7359;-456;136
7360;-456;136
7361;-456;144
7362;-456;144
7363;-456;144
7364;-456;144
7365;-456;152
7366;-456;152
7367;-464;152
7368;-464;152
7369;-456;152
7370;-464;152
7371;-456;152
7372;-456;152
7373;-456;152
7374;-456;160
7375;-456;160
7376;-456;152
7377;-464;152
7378;-464;152
7379;-456;152
7380;-456;152
7381;-456;152
7382;-456;152
7383;-464;152
7384;-464;152
7385;-464;152
7386;-464;152
7387;-456;152
7388;-464;144
7389;-464;144
7390;-456;144
7391;-464;144
7392;-464;144
7393;-464;144
7394;-464;144
7395;-464;144
7396;-464;136
7397;-464;144
7398;-464;144
7399;-464;144
7400;-464;144
7401;-472;144
7402;-464;144
7403;-464;144
7404;-464;144
7405;-464;144
7406;-464;144
7407;-464;144
7408;-480;144
7409;-464;144
7410;-464;144
7411;-464;144
7412;-464;144
7413;-464;144
7414;-464;144
7415;-464;144
7416;-464;144
7417;-464;144
7418;-464;144
7419;-464;136
7420;-456;136
7421;-464;144
7422;-448;144
7423;-464;136
7424;-464;144
7425;-464;144
7426;-464;144
7427;-464;144
7428;-464;136
7429;-464;136
7430;-464;136
7431;-464;136
7432;-456;136
7433;-464;136
7434;-464;128
7435;-456;128
7436;-464;128
7437;-456;128
7438;-456;128
7439;-464;120
7440;-456;120
7441;-456;120
7442;-456;120
7443;-456;120
7444;-456;120
7445;-456;112
7446;-456;120
7447;-456;120
7448;-448;120
7449;-456;112
7450;-448;-8
7451;-456;0
7452;-456;0
7453;-456;8
7454;-456;8
7455;-448;8
7456;-448;16
7457;-456;16
7458;-448;16
7459;-448;16
7460;-456;24
7461;-448;24
7462;-456;24
7463;-456;32
7464;-448;32
7465;-448;32
7466;-448;32
7467;-448;32
7468;-448;32
7469;-456;32
7470;-448;40
7471;-440;32
7472;-448;32
7473;-448;32
7474;-440;32
7475;-440;32
7476;-448;32
7477;-440;32
7478;-440;32
7479;-448;32
7480;-440;32
7481;-440;32
7482;-440;32
7483;-448;24
7484;-432;32
7485;-440;24
7486;-440;24
7487;-440;24
7488;-432;32
7489;-432;24
7490;-424;24
7491;-432;24
7492;-432;24
7493;-432;24
7494;-432;24
7495;-432;24
7496;-432;24
7497;-416;24
7498;-424;24
7499;-424;24
7500;-424;24
7501;-424;24
7502;-424;24
7503;-424;24
7504;-424;24
7505;-424;24
7506;-424;24
7507;-424;24
7508;-424;24
7509;-424;24
7510;-424;24
7511;-424;24
7512;-416;24
7513;-416;24
7514;-424;24
7515;-416;24
7516;-416;24
7517;-416;24
7518;-416;24
7519;-408;24
7520;-408;16
7521;-408;24
7522;-408;16
7523;-400;16
7524;-408;16
7525;-408;16
7526;-408;16
7527;-408;8
7528;-408;8
7529;-408;8
7530;-400;0
7531;-408;0
7532;-400;0
7533;-400;0
7534;-400;0
7535;-400;0
7536;-400;0
7537;-400;0
7538;-392;0
7539;-400;0
7540;-392;-8
7541;-384;0
7542;-392;0
7543;-392;0
7544;-392;8
7545;-392;8
7546;-384;16
7547;-384;16
7548;-384;16
7549;-384;24
7550;-384;24
7551;-384;32
7552;-384;24
7553;-384;32
7554;-376;32
7555;-376;40
7556;-376;32
7557;-376;32
7558;-376;32
7559;-368;32
7560;-368;32
7561;-368;32
7562;-368;40
7563;-360;32
7564;-360;32
7565;-352;32
7566;-360;32
7567;-360;24
7568;-352;32
7569;-360;32
7570;-344;32
7571;-352;32
7572;-336;24
7573;-344;32
7574;-344;24
7575;-344;32
7576;-336;24
7577;-336;24
7578;-336;24
7579;-328;24
7580;-320;24
7581;-328;24
7582;-320;24
7583;-320;24
7584;-320;24
7585;-312;24
7586;-312;24
7587;-304;24
7588;-304;24
7589;-304;24
7590;-296;24
7591;-296;24
7592;-296;24
7593;-296;24
7594;-288;24
7595;-288;24
7596;-288;24
7597;-280;24
7598;-272;24
7599;-272;24
7600;-272;24
7601;-264;16
7602;-264;16
7603;-264;16
7604;-264;16
7605;-256;16
7606;-256;16
7607;-248;16
7608;-248;16
7609;-248;8
7610;-240;8
7611;-240;8
7612;-240;0
7613;-232;0
7614;-232;0
7615;-224;0
7616;-216;0
7617;-216;-8
7618;-216;-8
7619;-216;-8
7620;-208;-8
7621;-208;0
7622;-208;0
7623;-208;0
7624;-200;0
7625;-200;0
7626;-192;0
7627;-192;8
7628;-192;8
7629;-192;8
7630;-184;8
7631;-176;16
7632;-176;16
7633;-184;24
7634;-176;24
7635;-168;24
7636;-160;24
7637;-168;24
7638;-152;24
7639;-160;32
7640;-136;32
7641;-152;32
7642;-152;32
7643;-144;32
7644;-144;32
7645;-136;32
7646;-136;32
7647;-128;32
7648;-128;32
7649;-128;32
7650;-128;32
7651;-120;32
7652;-120;32
7653;-120;32
7654;-120;32
7655;-112;32
7656;-112;32
7657;-112;32
7658;-112;-80
7659;-112;-72
7660;-104;-80
7661;-104;-72
7662;-96;-80
7663;-96;-80
7664;-96;-72
7665;-88;-80
7666;-80;-80
7667;-88;-72
7668;-80;-80
7669;-80;-80
7670;-80;-80
7671;-72;-80
7672;-72;-80
7673;-64;-80
7674;-72;-80
7675;-64;-80
7676;-64;-80
7677;-64;-80
7678;-64;-80
7679;-56;-80
7680;-56;-88
7681;-48;-88
7682;-40;-88
7683;-40;-88
7684;-40;-88
7685;-40;-96
7686;-40;-96
7687;-24;-96
7688;-32;-96
7689;-32;-104
7690;-16;-104
7691;-24;-104
7692;-16;-96
7693;-16;-96
7694;-16;-96
7695;-16;-96
7696;-8;-104
7697;-8;-96
7698;-8;-96
7699;0;-96
7700;0;-96
7701;0;-96
7702;8;-88
7703;8;-88
7704;8;-88
7705;16;-80
7706;16;-80
7707;16;-80
7708;24;-80
7709;24;-80
7710;24;-72
7711;24;-72
7712;32;-72
7713;24;-72
7714;32;-72
7715;48;-72
7716;32;-64
7717;40;-64
7718;40;-64
7719;40;-64
7720;48;-72
7721;48;-72
7722;32;-72
7723;56;-64
7724;56;-72
7725;56;-72
7726;56;-72
7727;56;-72
7728;72;-72
7729;56;-72
7730;72;-72
7731;72;-72
7732;72;-72
7733;80;-72
7734;80;-72
7735;88;-80
7736;88;-72
7737;88;-80
7738;88;-72
7739;96;-72
7740;96;-72
7741;104;-72
7742;104;-80
7743;104;-80
7744;112;-80
7745;112;-80
7746;112;-80
7747;112;-80
7748;120;-80
7749;120;-80
7750;120;-80
7751;120;-80
7752;128;-80
7753;128;-80
7754;136;-80
7755;128;-80
7756;136;-80
7757;136;-80
7758;144;-80
7759;144;-80
7760;144;-80
7761;144;-80
7762;152;-80
7763;152;-80
7764;160;-88
7765;160;-88
7766;160;-88
7767;160;-88
7768;160;-88
7769;168;-88
7770;168;-96
7771;168;-96
7772;168;-96
7773;176;-96
7774;176;-96
7775;184;-96
7776;192;-96
7777;184;-104
7778;184;-104
7779;192;-104
7780;192;-96
7781;192;-104
7782;200;-96
7783;200;-104
7784;200;-96
7785;200;-96
7786;200;-96
7787;200;-88
7788;200;-88
7789;208;-88
7790;216;-80
7791;216;-80
7792;216;-80
7793;208;-72
7794;216;-72
7795;216;-72
7796;224;-72
7797;208;-64
7798;224;-64
7799;232;-64
7800;232;-72
7801;232;-72
7802;224;-72
7803;232;-72
7804;232;-72
7805;232;-72
7806;240;-72
7807;240;-64
7808;240;-72
7809;240;-72
7810;240;-72
7811;248;-72
7812;248;-72
7813;248;-72
7814;248;-72
7815;256;-80
7816;256;-72
7817;256;-72
7818;264;-80
7819;264;-80
7820;264;-72
7821;264;-72
7822;264;-80
7823;272;-80
7824;280;-80
7825;272;-80
7826;272;-80
7827;272;-80
7828;272;-80
7829;280;-80
7830;272;-80
7831;280;-80
7832;288;-80
7833;288;-80
7834;288;-80
7835;288;-80
7836;288;-80
7837;296;-80
7838;296;-80
7839;296;-80
7840;296;-80
7841;304;-80
7842;304;-80
7843;304;-80
7844;304;-80
7845;304;-80
7846;312;-80
7847;312;-80
7848;312;-88
7849;304;-88
7850;312;-88
7851;328;-88
7852;312;-88
7853;320;-88
7854;320;-88
7855;328;-96
7856;320;-96
7857;328;-96
7858;328;-96
7859;328;-96
7860;328;-96
7861;328;-96
7862;336;-104
7863;328;-104
7864;336;-104
7865;336;-104
7866;336;-96
7867;336;-136
7868;336;-136
7869;344;-128
7870;336;-136
7871;352;-128
7872;328;-120
7873;352;-120
7874;344;-120
7875;352;-120
7876;352;-112
7877;344;-112
7878;352;-112
7879;352;-112
7880;360;-104
7881;360;-104
7882;360;-112
7883;360;-112
7884;368;-104
7885;368;-112
7886;368;-104
7887;368;-104
7888;368;-104
7889;368;-104
7890;368;-112
7891;376;-112
7892;376;-112
7893;376;-112
7894;376;-112
7895;376;-112
7896;376;-112
7897;376;-112
7898;376;-112
7899;384;-112
7900;384;-112
7901;384;-112
7902;384;-112
7903;384;-112
7904;384;-112
7905;384;-112
7906;392;-112
7907;392;-112
7908;392;-112
7909;392;-112
7910;392;-112
7911;400;-120
7912;408;-112
7913;400;-112
7914;400;-120
7915;400;-112
7916;400;-112
7917;408;-112
7918;408;-120
7919;408;-120
7920;408;-112
7921;408;-112
7922;408;-112
7923;408;-112
7924;408;-112
7925;408;-112
7926;416;-120
7927;416;-120
7928;416;-120
7929;416;-120
7930;416;-120
7931;416;-120
7932;416;-128
7933;416;-128
7934;416;-128
7935;416;-128
7936;416;-128
7937;424;-136
7938;424;-144
7939;424;-136
7940;416;-136
7941;424;-136
7942;424;-136
7943;424;-136
7944;424;-144
7945;432;-136
7946;424;-144
7947;408;-136
7948;432;-136
7949;432;-136
7950;432;-136
7951;432;-128
7952;432;-128
7953;432;-128
7954;432;-120
7955;432;-128
7956;432;-120
7957;432;-120
7958;440;-112
7959;440;-112
7960;440;-112
7961;440;-112
7962;432;-104
7963;440;-104
7964;440;-104
7965;440;-104
7966;440;-104
7967;440;-104
7968;440;-104
7969;440;-104
7970;448;-104
7971;448;-104
7972;440;-104
7973;448;-112
7974;448;-104
7975;448;-104
7976;448;-104
7977;448;-104
7978;456;-112
7979;448;-112
7980;456;-104
7981;448;-112
7982;456;-112
7983;456;-112
7984;456;-112
7985;448;-112
7986;456;-112
7987;472;-112
7988;456;-112
7989;456;-112
7990;456;-112
7991;456;-112
7992;456;-112
7993;464;-112
7994;456;-112
7995;464;-112
7996;456;-112
7997;456;-112
7998;456;-112
7999;464;-112
8000;472;-120
8001;464;-112
8002;464;-112
8003;464;-120
8004;464;-112
8005;464;-112
8006;464;-112
8007;472;-112
8008;464;-120
8009;464;-112
8010;472;-112
8011;472;-120
8012;472;-120
8013;472;-120
8014;464;-120
8015;456;-120
8016;464;-120
8017;472;-120
8018;472;-120
8019;472;-120
8020;472;-120
8021;472;-120
8022;480;-128
8023;472;-120
8024;464;-120
8025;472;-128
8026;472;-128
8027;480;-136
8028;472;-136
8029;488;-136
8030;472;-136
8031;472;-136
8032;464;-136
8033;472;-136
8034;472;-136
8035;472;-136
8036;472;-136
8037;464;-136
8038;472;-136
8039;472;-136
8040;472;-128
8041;472;-136
8042;472;-136
8043;472;-128
8044;472;-128
8045;472;-128
8046;472;-120
8047;472;-120
8048;472;-120
8049;472;-112
8050;472;-112
8051;472;-112
8052;472;-112
8053;472;-112
8054;472;-104
8055;480;-104
8056;472;-104
8057;472;-104
8058;472;-104
8059;472;-104
8060;472;-104
8061;472;-104
8062;480;-104
8063;472;-104
8064;472;-104
8065;472;-104
8066;472;-104
8067;464;-104
8068;472;-112
8069;464;-104
8070;464;-112
8071;472;-104
8072;464;-112
8073;472;-104
8074;464;-112
8075;472;-16
8076;464;-16
8077;472;-16
8078;472;-16
8079;464;-16
8080;472;-16
8081;472;-16
8082;464;-16
8083;464;-16
8084;472;-16
8085;464;-24
8086;472;-24
8087;464;-24
8088;464;-24
8089;464;-32
8090;448;-32
8091;464;-32
8092;464;-32
8093;464;-40
8094;472;-40
8095;464;-40
8096;464;-40
8097;464;-40
8098;464;-40
8099;464;-40
8100;464;-40
8101;464;-40
8102;464;-40
8103;464;-40
8104;480;-40
8105;456;-40
8106;464;-40
8107;456;-32
8108;456;-32
8109;464;-32
8110;456;-24
8111;456;-24
8112;456;-24
8113;456;-16
8114;456;-16
8115;448;-16
8116;448;-8
8117;456;-16
8118;456;-16
8119;448;-8
8120;448;-8
8121;448;-8
8122;448;-8
8123;448;-8
8124;448;0
8125;440;-8
8126;448;-8
8127;448;-8
8128;448;-8
8129;448;-8
8130;448;-8
8131;440;-8
8132;440;-8
8133;440;-8
8134;440;-8
8135;432;-8
8136;440;-8
8137;448;-16
8138;440;-8
8139;432;-8
8140;432;-16
8141;432;-16
8142;432;-16
8143;432;-16
8144;432;-16
8145;432;-16
8146;424;-16
8147;432;-16
8148;432;-16
8149;424;-16
8150;424;-16
8151;416;-16
8152;424;-16
8153;424;-16
8154;424;-16
8155;416;-16
8156;424;-16
8157;416;-16
8158;416;-16
8159;416;-16
8160;416;-16
8161;416;-16
8162;416;-16
8163;416;-16
8164;408;-16
8165;400;-24
8166;416;-24
8167;408;-16
8168;416;-16
8169;408;-24
8170;408;-16
8171;408;-24
8172;408;-16
8173;400;-16
8174;400;-16
8175;408;-16
8176;400;-16
8177;400;-16
8178;400;-16
8179;416;-16
8180;400;-16
8181;400;-16
8182;392;-16
8183;392;-24
8184;400;-24
8185;392;-16
8186;392;-24
8187;384;-16
8188;384;-24
8189;384;-24
8190;384;-24
8191;376;-32
8192;384;-32
8193;376;-32
8194;376;-32
8195;376;-32
8196;376;-40
8197;384;-40
8198;376;-40
8199;376;-40
8200;376;-40
8201;368;-40
8202;368;-40
8203;368;-40
8204;368;-40
8205;376;-40
8206;368;-40
8207;368;-40
8208;368;-40
8209;360;-40
8210;360;-40
8211;360;-32
8212;360;-32
8213;360;-32
8214;360;-32
8215;352;-24
8216;352;-24
8217;352;-16
8218;352;-16
8219;344;-16
8220;352;-16
8221;344;-8
8222;344;-8
8223;344;-8
8224;336;-8
8225;336;-8
8226;336;-8
8227;336;-8
8228;336;-8
8229;328;-8
8230;328;-8
8231;328;0
8232;328;0
8233;320;-8
8234;320;-8
8235;320;-8
8236;320;-8
8237;320;-8
8238;320;-16
8239;312;-8
8240;304;-16
8241;312;-8
8242;312;-8
8243;312;-16
8244;304;-16
8245;312;-16
8246;304;-16
8247;312;-16
8248;296;-16
8249;296;-16
8250;296;-16
8251;296;-16
8252;296;-16
8253;288;-16
8254;304;-16
8255;288;-16
8256;288;-16
8257;288;-16
8258;288;-16
8259;280;-16
8260;280;-16
8261;280;-16
8262;280;-24
8263;272;-16
8264;272;-16
8265;272;-16
8266;272;-16
8267;272;-16
8268;264;-16
8269;264;-24
8270;264;-16
8271;264;-16
8272;264;-16
8273;264;-24
8274;256;-24
8275;256;-16
8276;256;-24
8277;256;-16
8278;256;-16
8279;248;-16
8280;248;-16
8281;248;-16
8282;240;-16
8283;240;112
8284;240;120
8285;232;112
8286;232;112
8287;232;104
8288;232;104
8289;232;104
8290;224;104
8291;232;104
8292;224;104
8293;224;96
8294;232;96
8295;224;96
8296;224;96
8297;216;96
8298;216;88
8299;216;88
8300;208;88
8301;208;88
8302;208;88
8303;200;88
8304;208;88
8305;200;88
8306;200;96
8307;192;88
8308;200;88
8309;192;88
8310;192;96
8311;192;96
8312;192;96
8313;192;104
8314;184;104
8315;184;104
8316;176;104
8317;176;112
8318;176;112
8319;168;120
8320;168;120
8321;160;120
8322;168;120
8323;168;128
8324;160;120
8325;160;128
8326;160;128
8327;152;128
8328;152;128
8329;136;128
8330;152;120
8331;152;128
8332;152;120
8333;144;128
8334;136;120
8335;144;128
8336;136;120
8337;136;120
8338;136;128
8339;128;120
8340;136;120
8341;128;120
8342;128;120
8343;128;120
8344;128;120
8345;120;120
8346;120;120
8347;120;120
8348;120;112
8349;112;120
8350;112;120
8351;112;120
8352;112;112
8353;104;120
8354;104;120
8355;96;120
8356;96;112
8357;96;112
8358;96;120
8359;96;112
8360;88;112
8361;88;112
8362;72;112
8363;88;112
8364;80;112
8365;80;112
8366;80;112
8367;80;112
8368;72;112
8369;80;112
8370;64;112
8371;72;112
8372;64;112
8373;64;112
8374;64;112
8375;64;112
8376;64;112
8377;56;112
8378;56;112
8379;48;112
8380;48;112
8381;48;104
8382;48;104
8383;56;104
8384;48;104
8385;40;104
8386;40;104
8387;32;96
8388;32;96
8389;32;96
8390;40;88
8391;24;88
8392;24;88
8393;16;88
8394;16;88
8395;16;88
8396;16;88
8397;16;88
8398;8;88
8399;8;88
8400;0;88
8401;0;88
8402;0;96
8403;0;96
8404;-16;96
8405;0;104
8406;-8;112
8407;-16;104
8408;-16;112
8409;-24;120
8410;-16;120
8411;-32;120
8412;-24;128
8413;-24;120
8414;-24;128
8415;-32;128
8416;-24;128
8417;-32;128
8418;-40;128
8419;-40;128
8420;-48;128
8421;-48;120
8422;-48;128
8423;-48;128
8424;-48;120
8425;-56;120
8426;-56;120
8427;-64;120
8428;-64;120
8429;-64;120
8430;-64;120
8431;-64;120
8432;-72;120
8433;-80;120
8434;-80;112
8435;-80;120
8436;-80;120
8437;-80;120
8438;-88;112
8439;-88;120
8440;-88;112
8441;-88;112
8442;-96;112
8443;-96;112
8444;-88;120
8445;-96;120
8446;-104;120
8447;-104;112
8448;-112;112
8449;-104;112
8450;-112;112
8451;-112;112
8452;-112;112
8453;-120;112
8454;-120;112
8455;-120;112
8456;-120;112
8457;-128;112
8458;-128;112
8459;-128;112
8460;-136;104
8461;-136;104
8462;-144;112
8463;-144;104
8464;-144;104
8465;-152;104
8466;-152;96
8467;-152;96
8468;-160;96
8469;-152;96
8470;-160;96
8471;-160;96
8472;-168;88
8473;-168;88
8474;-168;88
8475;-168;88
8476;-168;88
8477;-176;88
8478;-176;88
8479;-200;88
8480;-184;88
8481;-184;88
8482;-184;88
8483;-184;88
8484;-192;96
8485;-192;96
8486;-208;96
8487;-200;104
8488;-200;104
8489;-200;112
8490;-200;112
8491;-192;112
8492;-208;160
8493;-216;168
8494;-216;168
8495;-216;160
8496;-216;168
8497;-216;168
8498;-224;168
8499;-224;168
8500;-232;168
8501;-232;168
8502;-232;168
8503;-240;168
8504;-240;168
8505;-240;168
8506;-240;168
8507;-240;168
8508;-248;168
8509;-248;168
8510;-248;160
8511;-248;168
8512;-256;168
8513;-256;160
8514;-264;160
8515;-256;160
8516;-264;160
8517;-264;160
8518;-264;160
8519;-256;160
8520;-272;160
8521;-272;160
8522;-272;160
8523;-280;160
8524;-288;160
8525;-280;160
8526;-288;160
8527;-288;160
8528;-288;160
8529;-296;160
8530;-296;160
8531;-296;152
8532;-296;160
8533;-304;160
8534;-304;160
8535;-304;160
8536;-304;160
8537;-312;160
8538;-312;160
8539;-312;152
8540;-312;152
8541;-320;152
8542;-320;160
8543;-320;152
8544;-320;160
8545;-320;160
8546;-328;160
8547;-344;160
8548;-328;152
8549;-336;152
8550;-336;144
8551;-336;152
8552;-336;144
8553;-344;144
8554;-344;144
8555;-344;136
8556;-352;136
8557;-352;136
8558;-352;136
8559;-352;136
8560;-360;128
8561;-344;128
8562;-360;136
8563;-360;128
8564;-368;128
8565;-368;128
8566;-368;128
8567;-368;128
8568;-376;136
8569;-384;136
8570;-376;136
8571;-376;144
8572;-384;152
8573;-392;152
8574;-384;160
8575;-384;160
8576;-384;160
8577;-384;160
8578;-384;160
8579;-392;168
8580;-392;168
8581;-392;168
8582;-392;168
8583;-392;168
8584;-400;168
8585;-400;168
8586;-400;168
8587;-392;168
8588;-400;168
8589;-400;168
8590;-400;168
8591;-408;168
8592;-400;168
8593;-408;168
8594;-400;168
8595;-416;168
8596;-408;160
8597;-408;160
8598;-408;160
8599;-408;160
8600;-408;160
8601;-416;160
8602;-416;160
8603;-416;160
8604;-416;160
8605;-416;160
8606;-424;152
8607;-424;160
8608;-416;160
8609;-416;160
8610;-416;160
8611;-424;160
8612;-424;160
8613;-424;160
8614;-424;160
8615;-424;160
8616;-424;160
8617;-424;160
8618;-424;152
8619;-432;160
8620;-424;160
8621;-424;160
8622;-432;152
8623;-432;160
8624;-432;160
8625;-424;152
8626;-432;160
8627;-432;152
8628;-432;160
8629;-424;160
8630;-432;160
8631;-432;160
8632;-432;152
8633;-440;160
8634;-432;152
8635;-440;152
8636;-424;152
8637;-440;152
8638;-440;152
8639;-440;152
8640;-432;144
8641;-440;152
8642;-440;144
8643;-440;136
8644;-440;136
8645;-440;136
8646;-440;136
8647;-448;136
8648;-440;136
8649;-440;136
8650;-448;128
8651;-440;128
8652;-448;128
8653;-448;128
8654;-448;128
8655;-440;128
8656;-448;128
8657;-448;136
8658;-448;136
8659;-448;136
8660;-448;144
8661;-448;144
8662;-440;144
8663;-456;144
8664;-448;152
8665;-456;152
8666;-456;152
8667;-456;160
8668;-448;160
8669;-448;160
8670;-448;160
8671;-456;160
8672;-456;160
8673;-456;168
8674;-456;168
8675;-456;168
8676;-456;168
8677;-456;168
8678;-456;168
8679;-456;168
8680;-456;168
8681;-464;168
8682;-456;168
8683;-464;160
8684;-456;160
8685;-464;160
8686;-464;160
8687;-456;160
8688;-464;160
8689;-464;160
8690;-464;160
8691;-464;160
8692;-464;160
8693;-456;160
8694;-464;160
8695;-464;160
8696;-464;160
8697;-472;160
8698;-456;160
8699;-464;160
8700;-464;64
8701;-464;64
8702;-456;64
8703;-456;64
8704;-456;64
8705;-464;64
8706;-464;64
8707;-464;56
8708;-456;56
8709;-456;56
8710;-464;48
8711;-448;48
8712;-464;48
8713;-464;40
8714;-464;48
8715;-464;48
8716;-464;40
8717;-464;40
8718;-464;48
8719;-472;40
8720;-464;32
8721;-472;40
8722;-464;32
8723;-472;32
8724;-464;40
8725;-464;40
8726;-464;40
8727;-472;40
8728;-464;48
8729;-464;40
8730;-464;48
8731;-464;56
8732;-464;56
8733;-464;56
8734;-464;56
8735;-464;64
8736;-464;64
8737;-464;64
8738;-464;64
8739;-464;64
8740;-464;72
8741;-464;72
8742;-464;72
8743;-464;72
8744;-464;72
8745;-464;72
8746;-464;72
8747;-464;72
8748;-464;72
8749;-464;72
8750;-464;72
8751;-472;72
8752;-464;72
8753;-464;64
8754;-456;72
8755;-464;72
8756;-456;72
8757;-464;72
8758;-464;72
8759;-464;72
8760;-456;72
8761;-464;64
8762;-464;64
8763;-456;64
8764;-456;72
8765;-456;72
8766;-456;64
8767;-456;64
8768;-456;64
8769;-456;64
8770;-456;64
8771;-456;64
8772;-456;64
8773;-456;64
8774;-456;64
8775;-456;64
8776;-456;64
8777;-448;64
8778;-456;64
8779;-432;64
8780;-456;64
8781;-456;64
8782;-456;64
8783;-448;64
8784;-448;64
8785;-448;64
8786;-440;64
8787;-448;64
8788;-448;64
8789;-448;64
8790;-448;56
8791;-456;64
8792;-448;64
8793;-440;64
8794;-448;56
8795;-440;56
8796;-448;64
8797;-440;64
8798;-448;56
8799;-440;64
8800;-440;56
8801;-440;64
8802;-440;56
8803;-440;56
8804;-440;56
8805;-440;56
8806;-440;56
8807;-440;48
8808;-432;48
8809;-440;48
8810;-432;48
8811;-432;40
8812;-432;40
8813;-432;40
8814;-432;40
8815;-432;40
8816;-424;40
8817;-432;32
8818;-432;40
8819;-440;32
8820;-432;32
8821;-424;32
8822;-432;32
8823;-424;32
8824;-424;40
8825;-424;40
8826;-424;40
8827;-424;40
8828;-416;48
8829;-416;48
8830;-416;48
8831;-416;56
8832;-408;56
8833;-416;64
8834;-416;64
8835;-416;64
8836;-416;64
8837;-416;72
8838;-416;72
8839;-416;64
8840;-408;64
8841;-408;72
8842;-408;72
8843;-408;72
8844;-408;72
8845;-408;72
8846;-408;72
8847;-400;72
8848;-408;72
8849;-408;72
8850;-400;72
8851;-408;72
8852;-400;72
8853;-400;72
8854;-384;72
8855;-400;64
8856;-400;64
8857;-400;64
8858;-392;64
8859;-400;64
8860;-392;64
8861;-408;64
8862;-392;64
8863;-392;64
8864;-384;64
8865;-392;64
8866;-392;64
8867;-384;64
8868;-392;56
8869;-384;64
8870;-384;64
8871;-384;64
8872;-376;64
8873;-376;64
8874;-376;64
8875;-376;64
8876;-376;64
8877;-376;64
8878;-368;56
8879;-368;56
8880;-368;64
8881;-360;64
8882;-368;64
8883;-368;64
8884;-360;64
8885;-360;56
8886;-360;64
8887;-352;64
8888;-352;64
8889;-344;56
8890;-352;56
8891;-344;64
8892;-344;56
8893;-344;56
8894;-352;56
8895;-336;56
8896;-336;56
8897;-336;56
8898;-328;56
8899;-320;56
8900;-320;56
8901;-304;64
8902;-312;64
8903;-320;64
8904;-312;64
8905;-312;64
8906;-304;64
8907;-304;64
8908;-296;48
8909;-296;-56
8910;-296;-48
8911;-296;-56
8912;-288;-56
8913;-288;-56
8914;-280;-64
8915;-272;-56
8916;-280;-64
8917;-272;-64
8918;-272;-64
8919;-264;-64
8920;-264;-72
8921;-264;-64
8922;-256;-64
8923;-256;-72
8924;-256;-72
8925;-248;-72
8926;-248;-72
8927;-248;-72
8928;-240;-72
8929;-240;-72
8930;-232;-72
8931;-232;-72
8932;-232;-72
8933;-232;-72
8934;-224;-64
8935;-224;-64
8936;-240;-64
8937;-216;-64
8938;-208;-56
8939;-216;-56
8940;-208;-56
8941;-208;-56
8942;-200;-48
8943;-208;-48
8944;-200;-48
8945;-192;-40
8946;-192;-40
8947;-184;-40
8948;-176;-40
8949;-184;-40
8950;-176;-40
8951;-176;-40
8952;-168;-40
8953;-168;-40
8954;-168;-40
8955;-160;-40
8956;-152;-40
8957;-160;-40
8958;-152;-40
8959;-152;-40
8960;-152;-48
8961;-144;-40
8962;-136;-40
8963;-144;-40
8964;-136;-40
8965;-136;-48
8966;-128;-40
8967;-128;-40
8968;-128;-48
8969;-128;-48
8970;-120;-40
8971;-120;-48
8972;-112;-48
8973;-112;-48
8974;-104;-48
8975;-112;-48
8976;-88;-48
8977;-96;-48
8978;-104;-48
8979;-96;-48
8980;-96;-48
8981;-96;-48
8982;-88;-48
8983;-88;-48
8984;-88;-48
8985;-80;-48
8986;-80;-48
8987;-80;-48
8988;-80;-48
8989;-72;-48
8990;-72;-48
8991;-64;-48
8992;-64;-48
8993;-64;-48
8994;-64;-48
8995;-56;-48
8996;-56;-48
8997;-56;-48
8998;-48;-48
8999;-48;-48
9000;-48;-48
9001;-40;-48
9002;-40;-48
9003;-40;-56
9004;-40;-56
9005;-32;-64
9006;-32;-56
9007;-24;-64
9008;-24;-64
9009;-24;-64
9010;-24;-64
9011;-32;-64
9012;-16;-72
9013;-8;-64
9014;-8;-72
9015;-8;-72
9016;-8;-72
9017;-8;-72
9018;0;-72
9019;0;-72
9020;8;-72
9021;8;-72
9022;8;-72
9023;16;-64
9024;8;-64
9025;16;-64
9026;16;-56
9027;24;-56
9028;24;-48
9029;32;-40
9030;32;-48
9031;24;-40
9032;32;-40
9033;40;-40
9034;40;-40
9035;40;-40
9036;40;-32
9037;48;-40
9038;48;-40
9039;48;-40
9040;56;-40
9041;56;-40
9042;56;-40
9043;56;-40
9044;64;-40
9045;64;-40
9046;64;-40
9047;72;-40
9048;72;-40
9049;72;-40
9050;72;-40
9051;88;-48
9052;80;-40
9053;88;-48
9054;88;-48
9055;88;-48
9056;88;-48
9057;96;-48
9058;96;-40
9059;96;-48
9060;104;-48
9061;104;-48
9062;112;-48
9063;112;-48
9064;112;-48
9065;112;-48
9066;120;-40
9067;120;-48
9068;120;-48
9069;128;-48
9070;128;-48
9071;128;-48
9072;128;-48
9073;136;-48
9074;136;-48
9075;144;-48
9076;136;-48
9077;144;-48
9078;144;-56
9079;136;-48
9080;144;-48
9081;152;-48
9082;152;-56
9083;152;-56
9084;160;-56
9085;168;-56
9086;160;-56
9087;160;-56
9088;168;-64
9089;176;-64
9090;176;-64
9091;176;-64
9092;184;-72
9093;200;-64
9094;184;-72
9095;184;-72
9096;184;-72
9097;184;-72
9098;200;-72
9099;192;-72
9100;192;-72
9101;192;-72
9102;200;-72
9103;200;-72
9104;208;-72
9105;192;-72
9106;208;-72
9107;208;-64
9108;216;-56
9109;216;-56
9110;216;-56
9111;216;-56
9112;216;-48
9113;224;-48
9114;224;-40
9115;224;-40
9116;224;-40
9117;224;-40
9118;232;-40
9119;232;-104
9120;232;-104
9121;232;-104
9122;232;-104
9123;232;-104
9124;240;-104
9125;240;-104
9126;232;-104
9127;248;-112
9128;240;-104
9129;248;-104
9130;248;-104
9131;248;-104
9132;248;-112
9133;256;-112
9134;256;-112
9135;264;-104
9136;264;-112
9137;264;-112
9138;264;-112
9139;264;-112
9140;272;-112
9141;272;-112
9142;264;-112
9143;272;-112
9144;272;-112
9145;280;-112
9146;280;-112
9147;280;-120
9148;280;-120
9149;280;-112
9150;288;-112
9151;288;-120
9152;288;-112
9153;296;-112
9154;296;-112
9155;288;-120
9156;296;-112
9157;296;-112
9158;296;-120
9159;304;-112
9160;304;-120
9161;328;-120
9162;304;-112
9163;312;-120
9164;312;-112
9165;304;-112
9166;312;-112
9167;312;-120
9168;320;-120
9169;312;-120
9170;320;-120
9171;320;-120
9172;320;-128
9173;320;-128
9174;328;-128
9175;328;-128
9176;328;-128
9177;328;-136
9178;328;-136
9179;328;-136
9180;328;-136
9181;336;-136
9182;336;-136
9183;336;-136
9184;336;-136
9185;336;-136
9186;336;-144
9187;336;-136
9188;344;-136
9189;344;-136
9190;344;-136
9191;352;-136
9192;344;-136
9193;352;-128
9194;352;-120
9195;352;-120
9196;352;-120
9197;352;-120
9198;352;-112
9199;352;-112
9200;360;-112
9201;360;-112
9202;368;-112
9203;360;-104
9204;368;-104
9205;368;-104
9206;368;-104
9207;368;-104
9208;352;-104
9209;368;-104
9210;368;-104
9211;368;-104
9212;376;-104
9213;376;-104
9214;376;-112
9215;376;-104
9216;376;-104
9217;376;-104
9218;384;-112
9219;384;-112
9220;384;-112
9221;384;-112
9222;384;-112
9223;384;-104
9224;384;-112
9225;392;-112
9226;392;-112
9227;400;-112
9228;392;-112
9229;400;-112
9230;400;-112
9231;400;-112
9232;400;-112
9233;400;-112
9234;408;-112
9235;408;-112
9236;424;-112
9237;400;-112
9238;408;-112
9239;408;-112
9240;408;-112
9241;408;-112
9242;408;-112
9243;416;-112
9244;416;-112
9245;416;-112
9246;416;-120
9247;416;-112
9248;416;-112
9249;416;-112
9250;416;-112
9251;416;-120
9252;424;-112
9253;424;-120
9254;416;-112
9255;416;-112
9256;424;-112
9257;416;-120
9258;424;-112
9259;432;-112
9260;424;-112
9261;432;-120
9262;424;-120
9263;424;-120
9264;424;-120
9265;432;-120
9266;432;-120
9267;432;-128
9268;432;-120
9269;440;-120
9270;432;-128
9271;432;-128
9272;432;-128
9273;432;-136
9274;440;-136
9275;440;-136
9276;432;-136
9277;440;-136
9278;440;-136
9279;440;-136
9280;440;-144
9281;440;-144
9282;440;-136
9283;432;-136
9284;440;-136
9285;440;-136
9286;448;-128
9287;440;-128
9288;448;-128
9289;440;-128
9290;440;-128
9291;448;-120
9292;448;-120
9293;448;-120
9294;448;-120
9295;456;-112
9296;456;-112
9297;456;-112
9298;448;-104
9299;448;-112
9300;448;-104
9301;456;-104
9302;456;-104
9303;456;-104
9304;464;-104
9305;456;-104
9306;456;-104
9307;456;-104
9308;456;-104
9309;456;-104
9310;456;-104
9311;480;-104
9312;464;-112
9313;464;-104
9314;464;-104
9315;464;-112
9316;464;-112
9317;464;-112
9318;464;-104
9319;464;-112
9320;464;-104
9321;464;-112
9322;464;-112
9323;464;-104
9324;464;-104
9325;472;-112
9326;464;-112
9327;472;-112
9328;464;-56
9329;472;-56
9330;464;-56
9331;472;-48
9332;472;-56
9333;472;-56
9334;472;-56
9335;472;-56
9336;472;-56
9337;472;-64
9338;472;-64
9339;480;-64
9340;472;-64
9341;472;-72
9342;472;-72
9343;472;-72
9344;472;-72
9345;472;-80
9346;472;-80
9347;480;-80
9348;472;-80
9349;472;-80
9350;472;-80
9351;464;-80
9352;472;-80
9353;472;-80
9354;472;-80
9355;472;-72
9356;472;-72
9357;472;-72
9358;472;-72
9359;472;-64
9360;472;-64
9361;472;-64
9362;472;-56
9363;472;-56
9364;472;-56
9365;472;-56
9366;472;-48
9367;472;-48
9368;472;-48
9369;472;-48
9370;472;-40
9371;472;-48
9372;480;-48
9373;472;-48
9374;472;-48
9375;472;-48
9376;472;-40
9377;480;-40
9378;472;-48
9379;472;-40
9380;472;-48
9381;472;-40
9382;472;-48
9383;472;-48
9384;472;-48
9385;472;-48
9386;488;-40
9387;472;-48
9388;472;-48
9389;472;-48
9390;472;-48
9391;464;-56
9392;472;-48
9393;472;-48
9394;472;-48
9395;472;-56
9396;472;-48
9397;472;-48
9398;464;-56
9399;472;-48
9400;472;-56
9401;472;-56
9402;472;-56
9403;464;-56
9404;472;-56
9405;464;-56
9406;464;-56
9407;472;-56
9408;472;-56
9409;472;-56
9410;464;-56
9411;464;-56
9412;472;-56
9413;464;-56
9414;464;-56
9415;464;-56
9416;464;-56
9417;464;-56
9418;464;-56
9419;464;-56
9420;464;-56
9421;456;-64
9422;464;-56
9423;472;-56
9424;464;-64
9425;464;-64
9426;464;-64
9427;456;-64
9428;456;-72
9429;456;-72
9430;456;-72
9431;456;-72
9432;456;-72
9433;464;-80
9434;456;-72
9435;456;-80
9436;456;-80
9437;456;-72
9438;456;-80
9439;448;-80
9440;448;-72
9441;448;-72
9442;448;-80
9443;448;-72
9444;448;-72
9445;448;-64
9446;448;-56
9447;448;-56
9448;440;-56
9449;448;-56
9450;440;-48
9451;440;-48
9452;440;-48
9453;440;-48
9454;440;-40
9455;440;-40
9456;432;-48
9457;432;-48
9458;440;-40
9459;432;-40
9460;440;-48
9461;432;-40
9462;432;-40
9463;432;-48
9464;432;-40
9465;432;-48
9466;424;-48
9467;432;-48
9468;408;-48
9469;424;-48
9470;424;-48
9471;424;-48
9472;424;-40
9473;416;-48
9474;424;-56
9475;408;-48
9476;424;-48
9477;416;-56
9478;416;-56
9479;416;-48
9480;424;-56
9481;416;-56
9482;416;-48
9483;408;-56
9484;408;-48
9485;408;-56
9486;408;-56
9487;408;-48
9488;400;-56
9489;408;-56
9490;408;-56
9491;408;-56
9492;400;-56
9493;400;-48
9494;400;-56
9495;400;-56
9496;400;-56
9497;392;-56
9498;392;-56
9499;400;-56
9500;400;-56
9501;392;-56
9502;392;-64
9503;392;-64
9504;392;-64
9505;392;-64
9506;392;-72
9507;384;-64
9508;400;-72
9509;384;-72
9510;384;-80
9511;376;-72
9512;384;-80
9513;384;-80
9514;376;-72
9515;376;-72
9516;376;-80
9517;376;-80
9518;368;-80
9519;368;-72
9520;368;-72
9521;368;-72
9522;368;-72
9523;360;-64
9524;368;-64
9525;368;-64
9526;360;-64
9527;360;-56
9528;360;-56
9529;360;-56
9530;360;-48
9531;360;-48
9532;352;-48
9533;352;80
9534;352;88
9535;352;88
9536;344;88
9537;344;88
9538;352;96
9539;344;88
9540;344;88
9541;336;96
9542;336;96
9543;312;96
9544;336;88
9545;336;88
9546;336;88
9547;328;88
9548;328;88
9549;328;88
9550;320;88
9551;328;88
9552;328;88
9553;320;88
9554;320;88
9555;328;88
9556;312;88
9557;312;80
9558;312;80
9559;312;80
9560;312;80
9561;312;80
9562;304;88
9563;304;80
9564;304;80
9565;304;80
9566;296;80
9567;296;80
9568;296;80
9569;304;88
9570;296;80
9571;288;80
9572;288;80
9573;288;80
9574;288;80
9575;280;80
9576;288;80
9577;280;80
9578;280;80
9579;280;80
9580;280;80
9581;272;80
9582;272;80
9583;288;80
9584;272;80
9585;272;80
9586;264;80
9587;264;80
9588;264;80
9589;264;72
9590;264;80
9591;256;72
9592;256;72
9593;256;64
9594;256;72
9595;256;64
9596;256;64
9597;256;64
9598;248;56
9599;240;64
9600;240;56
9601;240;56
9602;240;56
9603;232;56
9604;232;48
9605;224;56
9606;232;56
9607;232;56
9608;232;56
9609;224;56
9610;224;56
9611;216;64
9612;216;64
9613;216;64
9614;224;64
9615;216;64
9616;216;72
9617;208;72
9618;192;80
9619;208;80
9620;208;80
9621;200;88
9622;200;88
9623;200;88
9624;200;88
9625;208;88
9626;192;88
9627;192;88
9628;192;88
9629;184;88
9630;200;96
9631;184;96
9632;184;88
9633;176;96
9634;176;96
9635;176;88
9636;168;96
9637;168;88
9638;168;88
9639;168;88
9640;160;88
9641;160;88
9642;160;88
9643;160;88
9644;160;88
9645;152;88
9646;160;88
9647;152;80
9648;152;88
9649;144;88
9650;144;80
9651;144;80
9652;144;80
9653;144;80
9654;136;80
9655;136;80
9656;128;80
9657;136;80
9658;136;80
9659;128;80
9660;128;80
9661;128;80
9662;120;72
9663;120;80
9664;120;80
9665;112;80
9666;112;80
9667;112;80
9668;112;80
9669;104;80
9670;104;80
9671;104;80
9672;96;80
9673;104;80
9674;104;80
9675;96;80
9676;96;80
9677;88;80
9678;88;80
9679;88;80
9680;88;80
9681;88;80
9682;80;80
9683;80;80
9684;80;80
9685;80;72
9686;64;72
9687;72;80
9688;72;72
9689;64;64
9690;72;64
9691;64;64
9692;64;64
9693;64;64
9694;56;64
9695;56;56
9696;56;56
9697;48;56
9698;48;56
9699;48;56
9700;64;56
9701;40;56
9702;40;48
9703;40;48
9704;40;56
9705;32;56
9706;32;56
9707;32;64
9708;32;64
9709;24;64
9710;24;72
9711;24;80
9712;16;72
9713;24;80
9714;8;88
9715;16;80
9716;8;88
9717;0;88
9718;8;88
9719;0;96
9720;0;96
9721;0;88
9722;-8;96
9723;-8;96
9724;-16;96
9725;-16;96
9726;-16;88
9727;-16;88
9728;-16;88
9729;-24;88
9730;-24;88
9731;-24;88
9732;-32;88
9733;-40;88
9734;-32;80
9735;-32;88
9736;-32;88
9737;-40;88
9738;-40;88
9739;-40;88
9740;-48;88
9741;-48;88
9742;-56;168
9743;-56;168
9744;-56;168
9745;-56;168
9746;-64;160
9747;-56;160
9748;-64;160
9749;-72;160
9750;-72;160
9751;-72;152
9752;-80;160
9753;-80;152
9754;-72;152
9755;-80;144
9756;-88;144
9757;-88;144
9758;-88;144
9759;-88;144
9760;-96;144
9761;-88;136
9762;-104;144
9763;-104;136
9764;-104;136
9765;-96;136
9766;-104;136
9767;-112;136
9768;-96;144
9769;-112;136
9770;-120;144
9771;-120;144
9772;-120;152
9773;-120;152
9774;-128;152
9775;-128;160
9776;-128;152
9777;-128;160
9778;-136;168
9779;-136;168
9780;-144;168
9781;-136;168
9782;-136;168
9783;-152;168
9784;-144;176
9785;-152;176
9786;-160;176
9787;-168;176
9788;-160;176
9789;-160;176
9790;-160;168
9791;-168;176
9792;-168;176
9793;-168;176
9794;-168;176
9795;-176;168
9796;-176;176
9797;-184;168
9798;-176;168
9799;-184;168
9800;-184;176
9801;-184;168
9802;-192;168
9803;-192;168
9804;-192;168
9805;-192;168
9806;-200;168
9807;-200;168
9808;-208;160
9809;-208;168
9810;-208;160
9811;-208;168
9812;-216;168
9813;-216;168
9814;-224;168
9815;-224;160
9816;-224;160
9817;-224;160
9818;-232;168
9819;-232;160
9820;-224;160
9821;-240;168
9822;-240;160
9823;-240;160
9824;-240;160
9825;-240;168
9826;-240;160
9827;-248;160
9828;-248;160
9829;-256;160
9830;-256;160
9831;-264;160
9832;-256;160
9833;-264;160
9834;-264;160
9835;-264;168
9836;-264;168
9837;-272;160
9838;-272;160
9839;-272;160
9840;-280;160
9841;-280;160
9842;-280;160
9843;-264;160
9844;-288;160
9845;-288;160
9846;-288;160
9847;-288;152
9848;-296;152
9849;-296;152
9850;-296;152
9851;-296;152
9852;-304;152
9853;-304;144
9854;-312;144
9855;-312;144
9856;-312;136
9857;-312;144
9858;-312;136
9859;-320;136
9860;-320;136
9861;-320;136
9862;-336;136
9863;-320;136
9864;-328;136
9865;-328;136
9866;-328;136
9867;-328;136
9868;-336;144
9869;-344;144
9870;-344;152
9871;-344;152
9872;-344;152
9873;-344;160
9874;-352;160
9875;-352;168
9876;-352;168
9877;-352;168
9878;-360;176
9879;-360;176
9880;-360;176
9881;-360;176
9882;-368;176
9883;-376;176
9884;-368;176
9885;-368;168
9886;-376;168
9887;-376;176
9888;-376;168
9889;-376;176
9890;-392;168
9891;-384;168
9892;-384;168
9893;-384;168
9894;-392;168
9895;-384;168
9896;-392;168
9897;-392;160
9898;-392;168
9899;-392;168
9900;-392;160
9901;-392;168
9902;-400;160
9903;-400;160
9904;-400;160
9905;-400;160
9906;-408;160
9907;-400;160
9908;-408;160
9909;-400;160
9910;-408;160
9911;-400;160
9912;-408;160
9913;-408;160
9914;-408;160
9915;-408;160
9916;-408;160
9917;-416;160
9918;-392;160
9919;-416;160
9920;-416;160
9921;-416;160
9922;-416;160
9923;-416;160
9924;-416;160
9925;-424;152
9926;-416;160
9927;-416;160
9928;-416;160
9929;-424;160
9930;-424;160
9931;-424;160
9932;-424;160
9933;-424;160
9934;-424;160
9935;-424;152
9936;-424;152
9937;-432;144
9938;-424;152
9939;-432;144
9940;-432;144
9941;-424;136
9942;-432;136
9943;-432;136
9944;-432;136
9945;-432;136
9946;-440;136
9947;-432;136
9948;-432;136
9949;-432;136
9950;-432;80
9951;-432;80
9952;-440;80
9953;-440;80
9954;-440;80
9955;-440;88
9956;-440;88
9957;-440;88
9958;-448;88
9959;-440;96
9960;-440;96
9961;-440;96
9962;-440;104
9963;-440;104
9964;-440;104
9965;-448;112
9966;-440;104
9967;-448;112
9968;-440;112
9969;-440;112
9970;-448;112
9971;-448;112
9972;-448;112
9973;-448;112
9974;-448;112
9975;-456;112
9976;-448;112
9977;-448;112
9978;-456;112
9979;-448;112
9980;-456;112
9981;-448;112
9982;-456;112
9983;-456;104
9984;-456;104
9985;-456;104
9986;-448;104
9987;-456;104
9988;-456;104
9989;-456;104
9990;-456;104
9991;-456;104
9992;-456;104
9993;-456;96
9994;-456;104
9995;-456;104
9996;-456;104
9997;-456;104
9998;-456;104
9999;-456;104
10000;-480;104
