Column1;Column2;Column3
Channel              :;CH1;CH2
Frequency            :;OFF;  ?
Period               :;OFF;  ?
PK-PK                :;OFF;904,0mV?
Probe attenuation    :;1X;1X
Voltage per ADC value:;0,050000mV;0,250000mV
Time interval        :;200,00000uS;200,00000uS
;;
index;CH1_Voltage(mV);CH2_Voltage(mV)
1;0;4
2;0;4
3;0;16
4;0;16
5;0;12
6;0;0
7;0;16
8;0;12
9;0;12
10;0;4
11;0;16
12;0;12
13;0;8
14;0;4
15;0;16
16;0;12
17;0;8
18;0;0
19;0;16
20;0;12
21;0;8
22;0;4
23;0;12
24;0;12
25;0;8
26;0;0
27;0;12
28;0;8
29;0;12
30;0;0
31;0;12
32;0;12
33;0;8
34;0;-4
35;0;8
36;0;8
37;0;8
38;0;4
39;0;-4
40;0;12
41;0;8
42;0;8
43;0;0
44;0;0
45;0;8
46;0;4
47;0;4
48;0;-4
49;0;8
50;0;8
51;0;4
52;0;-4
53;0;4
54;0;8
55;0;4
56;0;-4
57;0;8
58;0;4
59;0;4
60;0;-4
61;0;8
62;0;8
63;0;4
64;0;4
65;0;-4
66;0;4
67;0;8
68;0;8
69;0;0
70;0;0
71;0;8
72;0;8
73;0;4
74;0;-4
75;0;12
76;0;8
77;0;8
78;0;0
79;0;12
80;0;8
81;0;8
82;0;0
83;0;8
84;0;8
85;0;8
86;0;4
87;0;8
88;0;12
89;0;12
90;0;8
91;0;0
92;0;16
93;0;12
94;0;12
95;0;0
96;0;16
97;0;12
98;0;12
99;0;4
100;0;12
101;0;16
102;0;12
103;0;12
104;0;4
105;0;16
106;0;12
107;0;4
108;0;12
109;0;16
110;0;12
111;0;12
112;0;4
113;0;16
114;0;12
115;0;12
116;0;8
117;0;0
118;0;16
119;0;12
120;0;8
121;0;0
122;0;12
123;0;12
124;0;8
125;0;8
126;0;4
127;0;12
128;0;8
129;0;4
130;0;0
131;0;12
132;0;8
133;0;8
134;0;-4
135;0;12
136;0;8
137;0;8
138;0;0
139;0;8
140;0;12
141;0;4
142;0;4
143;0;0
144;0;8
145;0;8
146;0;4
147;0;-4
148;0;8
149;0;4
150;0;4
151;0;4
152;0;-4
153;0;8
154;0;4
155;0;4
156;0;0
157;0;4
158;0;8
159;0;4
160;0;-4
161;0;8
162;0;8
163;0;4
164;0;4
165;0;0
166;0;8
167;0;4
168;0;4
169;0;4
170;0;0
171;0;12
172;0;8
173;0;0
174;0;4
175;0;8
176;0;8
177;0;4
178;0;0
179;0;12
180;0;8
181;0;0
182;0;12
183;0;8
184;0;8
185;0;0
186;0;12
187;0;12
188;0;8
189;0;8
190;0;4
191;0;8
192;0;12
193;0;12
194;0;8
195;0;8
196;0;16
197;0;12
198;0;8
199;0;0
200;0;16
201;0;12
202;0;12
203;0;4
204;0;12
205;0;16
206;0;12
207;0;4
208;0;8
209;0;12
210;0;12
211;0;4
212;0;12
213;0;12
214;0;12
215;0;12
216;0;0
217;0;16
218;0;16
219;0;12
220;0;8
221;0;0
222;0;12
223;0;8
224;0;8
225;0;-4
226;0;12
227;0;8
228;0;12
229;0;4
230;0;0
231;0;12
232;0;8
233;0;-4
234;0;12
235;0;8
236;0;8
237;0;4
238;0;4
239;0;12
240;0;12
241;0;8
242;0;0
243;0;4
244;0;12
245;0;8
246;0;4
247;0;-4
248;0;12
249;0;8
250;0;4
251;0;-4
252;0;12
253;0;4
254;0;4
255;0;-4
256;0;4
257;0;8
258;0;4
259;0;0
260;0;0
261;0;8
262;0;4
263;0;-4
264;0;8
265;0;8
266;0;4
267;0;4
268;0;0
269;0;8
270;0;8
271;0;4
272;0;0
273;0;8
274;0;12
275;0;12
276;0;4
277;0;0
278;0;12
279;0;8
280;0;8
281;0;-4
282;0;12
283;0;12
284;0;4
285;0;8
286;0;12
287;0;8
288;0;8
289;0;0
290;0;12
291;0;12
292;0;8
293;0;4
294;0;4
295;0;16
296;0;12
297;0;12
298;0;0
299;0;16
300;0;12
301;0;8
302;0;4
303;0;0
304;0;20
305;0;16
306;0;4
307;0;16
308;0;16
309;0;12
310;0;12
311;0;4
312;0;16
313;0;12
314;0;12
315;0;8
316;0;8
317;0;16
318;0;12
319;0;12
320;0;4
321;0;16
322;0;12
323;0;12
324;0;0
325;0;12
326;0;12
327;0;8
328;0;0
329;0;16
330;0;12
331;0;8
332;0;0
333;0;12
334;0;12
335;0;8
336;0;0
337;0;8
338;0;12
339;0;8
340;0;4
341;0;-4
342;0;12
343;0;8
344;0;8
345;0;-4
346;0;8
347;0;8
348;0;4
349;0;-4
350;0;8
351;0;4
352;0;4
353;0;-4
354;0;4
355;0;12
356;0;4
357;0;-4
358;0;8
359;0;8
360;0;4
361;0;0
362;0;0
363;0;8
364;0;4
365;0;4
366;0;-8
367;0;12
368;0;8
369;0;4
370;0;0
371;0;12
372;0;8
373;0;4
374;0;-4
375;0;12
376;0;8
377;0;8
378;0;-4
379;0;16
380;0;8
381;0;8
382;0;4
383;0;12
384;0;12
385;0;8
386;0;0
387;0;12
388;0;12
389;0;8
390;0;0
391;0;8
392;0;12
393;0;8
394;0;8
395;0;0
396;0;12
397;0;12
398;0;8
399;0;0
400;0;16
401;0;12
402;0;12
403;0;0
404;0;12
405;0;12
406;0;12
407;0;4
408;0;8
409;0;16
410;0;12
411;0;8
412;0;4
413;0;16
414;0;12
415;0;12
416;0;4
417;0;8
418;0;12
419;0;8
420;0;4
421;0;12
422;0;12
423;0;8
424;0;4
425;0;8
426;0;12
427;0;12
428;0;8
429;0;0
430;0;12
431;0;8
432;0;8
433;0;0
434;0;8
435;0;12
436;0;8
437;0;4
438;0;0
439;0;12
440;0;8
441;0;-4
442;0;8
443;0;12
444;0;8
445;0;8
446;0;-4
447;0;12
448;0;8
449;0;8
450;0;-4
451;0;8
452;0;4
453;0;8
454;0;-4
455;0;8
456;0;8
457;0;8
458;0;-4
459;0;4
460;0;8
461;0;4
462;0;-8
463;0;8
464;0;4
465;0;4
466;0;4
467;0;-8
468;0;8
469;0;4
470;0;4
471;0;0
472;0;0
473;0;12
474;0;8
475;0;8
476;0;-4
477;0;12
478;0;8
479;0;8
480;0;0
481;0;4
482;0;12
483;0;12
484;0;8
485;0;4
486;0;12
487;0;12
488;0;8
489;0;0
490;0;12
491;0;12
492;0;4
493;0;4
494;0;12
495;0;8
496;0;8
497;0;0
498;0;12
499;0;12
500;0;12
501;0;0
502;0;12
503;0;12
504;0;8
505;0;0
506;0;12
507;0;12
508;0;12
509;0;8
510;0;0
511;0;16
512;0;12
513;0;4
514;0;8
515;0;12
516;0;12
517;0;8
518;0;0
519;0;12
520;0;12
521;0;12
522;0;4
523;0;4
524;0;12
525;0;8
526;0;8
527;0;0
528;0;16
529;0;8
530;0;8
531;0;0
532;0;16
533;0;8
534;0;0
535;0;8
536;0;12
537;0;8
538;0;4
539;0;0
540;0;12
541;0;8
542;0;8
543;0;-4
544;0;4
545;0;8
546;0;4
547;0;0
548;0;-4
549;0;8
550;0;4
551;0;0
552;0;-4
553;0;8
554;0;8
555;0;-4
556;0;4
557;0;8
558;0;4
559;0;4
560;0;-4
561;0;8
562;0;8
563;0;4
564;0;0
565;0;0
566;0;8
567;0;4
568;0;4
569;0;-4
570;0;8
571;0;8
572;0;4
573;0;0
574;0;-4
575;0;12
576;0;8
577;0;8
578;0;-4
579;0;8
580;0;8
581;0;8
582;0;4
583;0;0
584;0;12
585;0;8
586;0;4
587;0;8
588;0;12
589;0;8
590;0;8
591;0;0
592;0;12
593;0;12
594;0;8
595;0;0
596;0;12
597;0;16
598;0;12
599;0;12
600;0;0
601;0;12
602;0;12
603;0;12
604;0;4
605;0;8
606;0;16
607;0;4
608;0;8
609;0;16
610;0;12
611;0;12
612;0;0
613;0;16
614;0;12
615;0;12
616;0;8
617;0;0
618;0;12
619;0;12
620;0;8
621;0;0
622;0;12
623;0;12
624;0;8
625;0;8
626;0;0
627;0;12
628;0;8
629;0;-4
630;0;8
631;0;8
632;0;8
633;0;-4
634;0;12
635;0;12
636;0;8
637;0;0
638;0;8
639;0;8
640;0;4
641;0;0
642;0;4
643;0;8
644;0;8
645;0;4
646;0;-4
647;0;8
648;0;8
649;0;0
650;0;0
651;0;8
652;0;8
653;0;4
654;0;-4
655;0;8
656;0;4
657;0;4
658;0;-4
659;0;12
660;0;8
661;0;4
662;0;-8
663;0;8
664;0;4
665;0;4
666;0;-8
667;0;8
668;0;8
669;0;4
670;0;0
671;0;12
672;0;12
673;0;8
674;0;-4
675;0;12
676;0;12
677;0;8
678;0;0
679;0;8
680;0;12
681;0;8
682;0;4
683;0;8
684;0;12
685;0;8
686;0;8
687;0;4
688;0;12
689;0;12
690;0;4
691;0;8
692;0;16
693;0;12
694;0;12
695;0;4
696;0;16
697;0;12
698;0;12
699;0;4
700;0;12
701;0;12
702;0;12
703;0;4
704;0;12
705;0;12
706;0;12
707;0;12
708;0;0
709;0;16
710;0;12
711;0;4
712;0;12
713;0;12
714;0;12
715;0;8
716;0;4
717;0;16
718;0;12
719;0;8
720;0;0
721;0;8
722;0;12
723;0;12
724;0;4
725;0;8
726;0;12
727;0;8
728;0;8
729;0;0
730;0;12
731;0;12
732;0;0
733;0;8
734;0;12
735;0;8
736;0;8
737;0;0
738;0;12
739;0;8
740;0;8
741;0;0
742;0;8
743;0;8
744;0;8
745;0;-4
746;0;4
747;0;8
748;0;4
749;0;4
750;0;-4
751;0;8
752;0;8
753;0;-4
754;0;4
755;0;8
756;0;4
757;0;0
758;0;-4
759;0;8
760;0;8
761;0;4
762;0;-4
763;0;0
764;0;8
765;0;4
766;0;4
767;0;-4
768;0;12
769;0;4
770;0;4
771;0;-4
772;0;0
773;0;12
774;0;8
775;0;0
776;0;12
777;0;8
778;0;8
779;0;4
780;0;0
781;0;12
782;0;8
783;0;8
784;0;4
785;0;12
786;0;16
787;0;12
788;0;4
789;0;8
790;0;12
791;0;12
792;0;4
793;0;8
794;0;16
795;0;8
796;0;8
797;0;16
798;0;12
799;0;8
800;0;4
801;0;16
802;0;12
803;0;8
804;0;0
805;0;16
806;0;12
807;0;12
808;0;8
809;0;8
810;0;12
811;0;8
812;0;8
813;0;0
814;0;12
815;0;12
816;0;4
817;0;12
818;0;16
819;0;8
820;0;12
821;0;0
822;0;12
823;0;12
824;0;8
825;0;8
826;0;0
827;0;12
828;0;12
829;0;8
830;0;4
831;0;8
832;0;12
833;0;8
834;0;8
835;0;0
836;0;12
837;0;8
838;0;4
839;0;-4
840;0;12
841;0;8
842;0;8
843;0;-4
844;0;8
845;0;8
846;0;0
847;0;-4
848;0;8
849;0;4
850;0;0
851;0;-4
852;0;12
853;0;8
854;0;4
855;0;0
856;0;4
857;0;4
858;0;4
859;0;-4
860;0;0
861;0;8
862;0;4
863;0;0
864;0;-4
865;0;8
866;0;4
867;0;0
868;0;0
869;0;8
870;0;8
871;0;0
872;0;4
873;0;12
874;0;8
875;0;8
876;0;-4
877;0;16
878;0;8
879;0;8
880;0;0
881;0;12
882;0;12
883;0;8
884;0;0
885;0;12
886;0;12
887;0;8
888;0;4
889;0;12
890;0;12
891;0;12
892;0;12
893;0;0
894;0;16
895;0;12
896;0;12
897;0;0
898;0;16
899;0;16
900;0;16
901;0;8
902;0;16
903;0;16
904;0;12
905;0;12
906;0;4
907;0;16
908;0;16
909;0;4
910;0;12
911;0;16
912;0;12
913;0;12
914;0;0
915;0;16
916;0;12
917;0;12
918;0;4
919;0;4
920;0;12
921;0;8
922;0;8
923;0;0
924;0;12
925;0;12
926;0;12
927;0;4
928;0;4
929;0;12
930;0;8
931;0;-4
932;0;12
933;0;8
934;0;8
935;0;0
936;0;4
937;0;12
938;0;8
939;0;8
940;0;0
941;0;4
942;0;8
943;0;4
944;0;0
945;0;4
946;0;8
947;0;4
948;0;4
949;0;-4
950;0;8
951;0;8
952;0;8
953;0;-4
954;0;8
955;0;8
956;0;8
957;0;4
958;0;-4
959;0;8
960;0;8
961;0;0
962;0;8
963;0;8
964;0;4
965;0;-4
966;0;4
967;0;8
968;0;8
969;0;4
970;0;-4
971;0;12
972;0;8
973;0;4
974;0;0
975;0;4
976;0;8
977;0;8
978;0;4
979;0;0
980;0;12
981;0;8
982;0;0
983;0;12
984;0;12
985;0;12
986;0;0
987;0;12
988;0;12
989;0;12
990;0;4
991;0;8
992;0;16
993;0;8
994;0;8
995;0;8
996;0;16
997;0;12
998;0;0
999;0;12
1000;0;16
1001;0;12
1002;0;12
1003;0;0
1004;0;16
1005;0;12
1006;0;12
1007;0;8
1008;0;4
1009;0;16
1010;0;12
1011;0;8
1012;0;4
1013;0;12
1014;0;12
1015;0;8
1016;0;0
1017;0;8
1018;0;12
1019;0;12
1020;0;8
1021;0;0
1022;0;12
1023;0;12
1024;0;4
1025;0;0
1026;0;12
1027;0;12
1028;0;8
1029;0;0
1030;0;12
1031;0;8
1032;0;8
1033;0;0
1034;0;8
1035;0;8
1036;0;4
1037;0;0
1038;0;4
1039;0;12
1040;0;8
1041;0;8
1042;0;-4
1043;0;12
1044;0;8
1045;0;0
1046;0;0
1047;0;12
1048;0;8
1049;0;4
1050;0;-4
1051;0;8
1052;0;12
1053;0;8
1054;0;4
1055;0;-4
1056;0;4
1057;0;8
1058;0;4
1059;0;0
1060;0;-4
1061;0;8
1062;0;4
1063;0;4
1064;0;0
1065;0;0
1066;0;8
1067;0;4
1068;0;4
1069;0;-4
1070;0;8
1071;0;8
1072;0;4
1073;0;0
1074;0;0
1075;0;12
1076;0;4
1077;0;0
1078;0;12
1079;0;8
1080;0;8
1081;0;0
1082;0;0
1083;0;12
1084;0;8
1085;0;8
1086;0;0
1087;0;16
1088;0;16
1089;0;12
1090;0;8
1091;0;0
1092;0;16
1093;0;12
1094;0;12
1095;0;4
1096;0;8
1097;0;12
1098;0;8
1099;0;0
1100;0;12
1101;0;12
1102;0;12
1103;0;4
1104;0;8
1105;0;12
1106;0;8
1107;0;4
1108;0;12
1109;0;16
1110;0;12
1111;0;0
1112;0;12
1113;0;16
1114;0;8
1115;0;8
1116;0;4
1117;0;16
1118;0;12
1119;0;12
1120;0;0
1121;0;12
1122;0;12
1123;0;12
1124;0;4
1125;0;4
1126;0;12
1127;0;8
1128;0;-4
1129;0;12
1130;0;12
1131;0;8
1132;0;0
1133;0;8
1134;0;12
1135;0;8
1136;0;8
1137;0;0
1138;0;12
1139;0;8
1140;0;4
1141;0;0
1142;0;12
1143;0;4
1144;0;8
1145;0;-4
1146;0;8
1147;0;8
1148;0;4
1149;0;-4
1150;0;8
1151;0;8
1152;0;4
1153;0;-4
1154;0;4
1155;0;8
1156;0;4
1157;0;4
1158;0;-4
1159;0;8
1160;0;4
1161;0;4
1162;0;-4
1163;0;8
1164;0;8
1165;0;4
1166;0;0
1167;0;-4
1168;0;8
1169;0;8
1170;0;0
1171;0;0
1172;0;8
1173;0;8
1174;0;4
1175;0;-4
1176;0;8
1177;0;8
1178;0;4
1179;0;8
1180;0;-4
1181;0;16
1182;0;12
1183;0;12
1184;0;0
1185;0;8
1186;0;12
1187;0;8
1188;0;8
1189;0;0
1190;0;16
1191;0;16
1192;0;12
1193;0;0
1194;0;12
1195;0;16
1196;0;12
1197;0;12
1198;0;0
1199;0;16
1200;0;12
1201;0;0
1202;0;12
1203;0;12
1204;0;8
1205;0;8
1206;0;0
1207;0;16
1208;0;12
1209;0;8
1210;0;0
1211;0;12
1212;0;8
1213;0;12
1214;0;12
1215;0;12
1216;0;8
1217;0;4
1218;0;8
1219;0;12
1220;0;8
1221;0;8
1222;0;0
1223;0;12
1224;0;12
1225;0;8
1226;0;4
1227;0;0
1228;0;12
1229;0;12
1230;0;8
1231;0;4
1232;0;8
1233;0;12
1234;0;8
1235;0;8
1236;0;-4
1237;0;12
1238;0;8
1239;0;8
1240;0;0
1241;0;8
1242;0;8
1243;0;8
1244;0;4
1245;0;-4
1246;0;12
1247;0;8
1248;0;8
1249;0;0
1250;0;8
1251;0;8
1252;0;8
1253;0;0
1254;0;8
1255;0;8
1256;0;4
1257;0;-4
1258;0;8
1259;0;4
1260;0;4
1261;0;-4
1262;0;8
1263;0;12
1264;0;4
1265;0;0
1266;0;0
1267;0;12
1268;0;8
1269;0;4
1270;0;-4
1271;0;12
1272;0;8
1273;0;4
1274;0;-4
1275;0;12
1276;0;8
1277;0;4
1278;0;-4
1279;0;8
1280;0;8
1281;0;8
1282;0;-4
1283;0;8
1284;0;12
1285;0;8
1286;0;4
1287;0;8
1288;0;12
1289;0;12
1290;0;8
1291;0;0
1292;0;16
1293;0;12
1294;0;4
1295;0;0
1296;0;16
1297;0;12
1298;0;8
1299;0;0
1300;0;12
1301;0;12
1302;0;12
1303;0;8
1304;0;0
1305;0;12
1306;0;12
1307;0;12
1308;0;0
1309;0;12
1310;0;12
1311;0;12
1312;0;8
1313;0;4
1314;0;12
1315;0;4
1316;0;0
1317;0;12
1318;0;12
1319;0;4
1320;0;4
1321;0;12
1322;0;8
1323;0;8
1324;0;0
1325;0;8
1326;0;8
1327;0;8
1328;0;0
1329;0;4
1330;0;12
1331;0;8
1332;0;8
1333;0;0
1334;0;8
1335;0;8
1336;0;-100
1337;0;-100
1338;0;-92
1339;0;-96
1340;0;-100
1341;0;-104
1342;0;-92
1343;0;-96
1344;0;-96
1345;0;-100
1346;0;-512
1347;0;-512
1348;0;-512
1349;0;-512
1350;0;-512
1351;0;-512
1352;0;-512
1353;0;-512
1354;0;-512
1355;0;-512
1356;0;-512
1357;0;-512
1358;0;-508
1359;0;-508
1360;0;-508
1361;0;-508
1362;0;-508
1363;0;-504
1364;0;-504
1365;0;-504
1366;0;-504
1367;0;-512
1368;0;-512
1369;0;-512
1370;0;-512
1371;0;-512
1372;0;-512
1373;0;-512
1374;0;-512
1375;0;-512
1376;0;-512
1377;0;-236
1378;0;-236
1379;0;-244
1380;0;-232
1381;0;-232
1382;0;-232
1383;0;-236
1384;0;-232
1385;0;-232
1386;0;-228
1387;0;-236
1388;0;172
1389;0;184
1390;0;180
1391;0;180
1392;0;172
1393;0;176
1394;0;184
1395;0;184
1396;0;176
1397;0;172
1398;0;392
1399;0;384
1400;0;380
1401;0;368
1402;0;388
1403;0;384
1404;0;380
1405;0;372
1406;0;376
1407;0;384
1408;0;380
1409;0;280
1410;0;292
1411;0;292
1412;0;288
1413;0;284
1414;0;280
1415;0;292
1416;0;288
1417;0;284
1418;0;272
1419;0;32
1420;0;32
1421;0;32
1422;0;20
1423;0;28
1424;0;28
1425;0;28
1426;0;24
1427;0;20
1428;0;32
1429;0;28
1430;0;-176
1431;0;-168
1432;0;-168
1433;0;-172
1434;0;-172
1435;0;-176
1436;0;-168
1437;0;-172
1438;0;-168
1439;0;-172
1440;0;-184
1441;0;-180
1442;0;-180
1443;0;-180
1444;0;-184
1445;0;-176
1446;0;-180
1447;0;-180
1448;0;-180
1449;0;-184
1450;0;-40
1451;0;-44
1452;0;-44
1453;0;-48
1454;0;-36
1455;0;-40
1456;0;-44
1457;0;-52
1458;0;-40
1459;0;-40
1460;0;-44
1461;0;108
1462;0;120
1463;0;120
1464;0;120
1465;0;120
1466;0;108
1467;0;120
1468;0;124
1469;0;120
1470;0;116
1471;0;180
1472;0;196
1473;0;192
1474;0;188
1475;0;180
1476;0;192
1477;0;192
1478;0;188
1479;0;180
1480;0;184
1481;0;192
1482;0;148
1483;0;140
1484;0;152
1485;0;152
1486;0;148
1487;0;140
1488;0;148
1489;0;152
1490;0;148
1491;0;144
1492;0;48
1493;0;48
1494;0;56
1495;0;52
1496;0;56
1497;0;44
1498;0;56
1499;0;56
1500;0;52
1501;0;52
1502;0;-36
1503;0;-24
1504;0;-24
1505;0;-28
1506;0;-36
1507;0;-32
1508;0;-24
1509;0;-28
1510;0;-28
1511;0;-36
1512;0;-24
1513;0;-60
1514;0;-64
1515;0;-56
1516;0;-56
1517;0;-56
1518;0;-56
1519;0;-64
1520;0;-52
1521;0;-56
1522;0;-56
1523;0;-40
1524;0;-48
1525;0;-36
1526;0;-40
1527;0;-40
1528;0;-40
1529;0;-40
1530;0;-36
1531;0;-40
1532;0;-40
1533;0;-48
1534;0;24
1535;0;20
1536;0;20
1537;0;8
1538;0;24
1539;0;20
1540;0;20
1541;0;16
1542;0;12
1543;0;24
1544;0;92
1545;0;80
1546;0;84
1547;0;92
1548;0;88
1549;0;84
1550;0;80
1551;0;92
1552;0;88
1553;0;84
1554;0;76
1555;0;132
1556;0;124
1557;0;128
1558;0;116
1559;0;124
1560;0;124
1561;0;124
1562;0;120
1563;0;116
1564;0;128
1565;0;100
1566;0;88
1567;0;96
1568;0;100
1569;0;96
1570;0;88
1571;0;96
1572;0;96
1573;0;92
1574;0;92
1575;0;8
1576;0;20
1577;0;20
1578;0;16
1579;0;12
1580;0;16
1581;0;20
1582;0;20
1583;0;12
1584;0;12
1585;0;20
1586;0;-56
1587;0;-68
1588;0;-56
1589;0;-56
1590;0;-60
1591;0;-68
1592;0;-56
1593;0;-60
1594;0;-60
1595;0;-68
1596;0;-72
1597;0;-72
1598;0;-76
1599;0;-76
1600;0;-80
1601;0;-68
1602;0;-72
1603;0;-72
1604;0;-80
1605;0;-68
1606;0;-72
1607;0;-12
1608;0;-4
1609;0;-4
1610;0;-8
1611;0;-12
1612;0;-4
1613;0;-8
1614;0;-8
1615;0;-8
1616;0;-16
1617;0;92
1618;0;92
1619;0;84
1620;0;84
1621;0;92
1622;0;92
1623;0;88
1624;0;80
1625;0;92
1626;0;92
1627;0;140
1628;0;128
1629;0;144
1630;0;140
1631;0;140
1632;0;128
1633;0;140
1634;0;140
1635;0;136
1636;0;128
1637;0;136
1638;0;104
1639;0;100
1640;0;92
1641;0;96
1642;0;104
1643;0;100
1644;0;104
1645;0;88
1646;0;104
1647;0;100
1648;0;4
1649;0;-8
1650;0;8
1651;0;4
1652;0;4
1653;0;-4
1654;0;4
1655;0;4
1656;0;0
1657;0;-4
1658;0;0
1659;0;-68
1660;0;-72
1661;0;-72
1662;0;-80
1663;0;-68
1664;0;-72
1665;0;-72
1666;0;-80
1667;0;-72
1668;0;-68
1669;0;-68
1670;0;-72
1671;0;-64
1672;0;-64
1673;0;-64
1674;0;-72
1675;0;-64
1676;0;-60
1677;0;-64
1678;0;-64
1679;0;-72
1680;0;12
1681;0;16
1682;0;12
1683;0;12
1684;0;0
1685;0;12
1686;0;12
1687;0;12
1688;0;8
1689;0;8
1690;0;96
1691;0;96
1692;0;88
1693;0;92
1694;0;96
1695;0;96
1696;0;92
1697;0;84
1698;0;100
1699;0;96
1700;0;120
1701;0;108
1702;0;120
1703;0;124
1704;0;120
1705;0;116
1706;0;108
1707;0;120
1708;0;120
1709;0;120
1710;0;108
1711;0;72
1712;0;68
1713;0;64
1714;0;68
1715;0;56
1716;0;72
1717;0;68
1718;0;64
1719;0;64
1720;0;60
1721;0;-4
1722;0;-12
1723;0;-20
1724;0;-8
1725;0;-12
1726;0;-12
1727;0;-20
1728;0;-8
1729;0;-8
1730;0;-12
1731;0;-16
1732;0;-56
1733;0;-48
1734;0;-52
1735;0;-56
1736;0;-60
1737;0;-48
1738;0;-52
1739;0;-52
1740;0;-60
1741;0;-48
1742;0;-32
1743;0;-36
1744;0;-36
1745;0;-28
1746;0;-32
1747;0;-32
1748;0;-40
1749;0;-28
1750;0;-28
1751;0;-32
1752;0;28
1753;0;20
1754;0;32
1755;0;28
1756;0;28
1757;0;20
1758;0;32
1759;0;32
1760;0;28
1761;0;24
1762;0;20
1763;0;76
1764;0;72
1765;0;68
1766;0;68
1767;0;80
1768;0;76
1769;0;72
1770;0;64
1771;0;76
1772;0;72
1773;0;72
1774;0;64
1775;0;80
1776;0;76
1777;0;72
1778;0;64
1779;0;76
1780;0;76
1781;0;72
1782;0;68
1783;0;68
1784;0;40
1785;0;36
1786;0;36
1787;0;28
1788;0;40
1789;0;40
1790;0;36
1791;0;24
1792;0;40
1793;0;36
1794;0;-8
1795;0;-12
1796;0;0
1797;0;-4
1798;0;-4
1799;0;-12
1800;0;0
1801;0;-4
1802;0;-4
1803;0;0
1804;0;-16
1805;0;-12
1806;0;-16
1807;0;-16
1808;0;-24
1809;0;-20
1810;0;-12
1811;0;-16
1812;0;-16
1813;0;-24
1814;0;-16
1815;0;0
1816;0;0
1817;0;-12
1818;0;0
1819;0;0
1820;0;0
1821;0;-4
1822;0;-12
1823;0;0
1824;0;0
1825;0;28
1826;0;16
1827;0;32
1828;0;28
1829;0;28
1830;0;20
1831;0;24
1832;0;32
1833;0;28
1834;0;24
1835;0;20
1836;0;48
1837;0;48
1838;0;40
1839;0;48
1840;0;48
1841;0;44
1842;0;44
1843;0;40
1844;0;48
1845;0;44
1846;0;44
1847;0;36
1848;0;48
1849;0;48
1850;0;44
1851;0;40
1852;0;40
1853;0;48
1854;0;44
1855;0;44
1856;0;36
1857;0;24
1858;0;32
1859;0;28
1860;0;28
1861;0;16
1862;0;32
1863;0;28
1864;0;28
1865;0;28
1866;0;20
1867;0;12
1868;0;12
1869;0;12
1870;0;8
1871;0;4
1872;0;16
1873;0;8
1874;0;8
1875;0;0
1876;0;12
1877;0;8
1878;0;0
1879;0;-8
1880;0;4
1881;0;0
1882;0;0
1883;0;-12
1884;0;4
1885;0;0
1886;0;-4
1887;0;-12
1888;0;8
1889;0;4
1890;0;4
1891;0;-4
1892;0;8
1893;0;8
1894;0;4
1895;0;-4
1896;0;0
1897;0;8
1898;0;16
1899;0;8
1900;0;20
1901;0;16
1902;0;16
1903;0;4
1904;0;20
1905;0;20
1906;0;16
1907;0;8
1908;0;16
1909;0;32
1910;0;32
1911;0;24
1912;0;36
1913;0;32
1914;0;32
1915;0;24
1916;0;32
1917;0;32
1918;0;32
1919;0;36
1920;0;36
1921;0;44
1922;0;40
1923;0;40
1924;0;32
1925;0;44
1926;0;40
1927;0;40
1928;0;40
1929;0;36
1930;0;36
1931;0;36
1932;0;40
1933;0;40
1934;0;40
1935;0;28
1936;0;40
1937;0;36
1938;0;36
1939;0;32
1940;0;16
1941;0;24
1942;0;20
1943;0;20
1944;0;12
1945;0;16
1946;0;24
1947;0;20
1948;0;20
1949;0;12
1950;0;4
1951;0;0
1952;0;0
1953;0;-8
1954;0;4
1955;0;4
1956;0;0
1957;0;-4
1958;0;-8
1959;0;4
1960;0;0
1961;0;-16
1962;0;-12
1963;0;-4
1964;0;-8
1965;0;-8
1966;0;-16
1967;0;-4
1968;0;-8
1969;0;-8
1970;0;-16
1971;0;12
1972;0;8
1973;0;4
1974;0;-4
1975;0;8
1976;0;8
1977;0;8
1978;0;4
1979;0;0
1980;0;12
1981;0;8
1982;0;20
1983;0;28
1984;0;32
1985;0;28
1986;0;24
1987;0;20
1988;0;32
1989;0;28
1990;0;28
1991;0;16
1992;0;48
1993;0;44
1994;0;40
1995;0;32
1996;0;44
1997;0;44
1998;0;40
1999;0;40
2000;0;32
2001;0;48
2002;0;40
2003;0;28
2004;0;44
2005;0;40
2006;0;40
2007;0;32
2008;0;36
2009;0;40
2010;0;36
2011;0;40
2012;0;28
2013;0;16
2014;0;24
2015;0;20
2016;0;16
2017;0;8
2018;0;24
2019;0;20
2020;0;16
2021;0;8
2022;0;24
2023;0;0
2024;0;-4
2025;0;-4
2026;0;4
2027;0;0
2028;0;0
2029;0;-12
2030;0;4
2031;0;0
2032;0;0
2033;0;-4
2034;0;-12
2035;0;-4
2036;0;-4
2037;0;-4
2038;0;-12
2039;0;0
2040;0;0
2041;0;-8
2042;0;-12
2043;0;-4
2044;0;12
2045;0;8
2046;0;4
2047;0;12
2048;0;8
2049;0;4
2050;0;4
2051;0;8
2052;0;8
2053;0;8
2054;0;0
2055;0;28
2056;0;24
2057;0;24
2058;0;16
2059;0;24
2060;0;24
2061;0;24
2062;0;16
2063;0;20
2064;0;24
2065;0;28
2066;0;24
2067;0;32
2068;0;32
2069;0;24
2070;0;24
2071;0;32
2072;0;28
2073;0;24
2074;0;20
2075;0;28
2076;0;24
2077;0;20
2078;0;12
2079;0;24
2080;0;24
2081;0;24
2082;0;20
2083;0;20
2084;0;28
2085;0;24
2086;0;4
2087;0;8
2088;0;16
2089;0;12
2090;0;8
2091;0;4
2092;0;16
2093;0;12
2094;0;12
2095;0;0
2096;0;12
2097;0;8
2098;0;4
2099;0;0
2100;0;8
2101;0;8
2102;0;8
2103;0;4
2104;0;0
2105;0;12
2106;0;4
2107;0;0
2108;0;12
2109;0;12
2110;0;8
2111;0;4
2112;0;4
2113;0;12
2114;0;12
2115;0;8
2116;0;0
2117;0;12
2118;0;20
2119;0;16
2120;0;12
2121;0;8
2122;0;20
2123;0;16
2124;0;16
2125;0;12
2126;0;12
2127;0;28
2128;0;24
2129;0;12
2130;0;28
2131;0;24
2132;0;20
2133;0;16
2134;0;24
2135;0;24
2136;0;20
2137;0;20
2138;0;12
2139;0;20
2140;0;28
2141;0;20
2142;0;20
2143;0;8
2144;0;24
2145;0;24
2146;0;20
2147;0;12
2148;0;12
2149;0;16
2150;0;16
2151;0;12
2152;0;8
2153;0;20
2154;0;16
2155;0;12
2156;0;12
2157;0;12
2158;0;20
2159;0;4
2160;0;4
2161;0;12
2162;0;8
2163;0;8
2164;0;0
2165;0;12
2166;0;12
2167;0;12
2168;0;8
2169;0;4
2170;0;4
2171;0;12
2172;0;8
2173;0;8
2174;0;0
2175;0;8
2176;0;12
2177;0;12
2178;0;8
2179;0;0
2180;0;16
2181;0;12
2182;0;8
2183;0;4
2184;0;8
2185;0;16
2186;0;12
2187;0;8
2188;0;0
2189;0;16
2190;0;16
2191;0;8
2192;0;16
2193;0;16
2194;0;12
2195;0;8
2196;0;12
2197;0;16
2198;0;16
2199;0;12
2200;0;12
2201;0;24
2202;0;16
2203;0;16
2204;0;12
2205;0;24
2206;0;16
2207;0;20
2208;0;12
2209;0;16
2210;0;20
2211;0;16
2212;0;16
2213;0;24
2214;0;20
2215;0;12
2216;0;24
2217;0;24
2218;0;20
2219;0;12
2220;0;24
2221;0;24
2222;0;16
2223;0;12
2224;0;24
2225;0;20
2226;0;16
2227;0;12
2228;0;24
2229;0;20
2230;0;20
2231;0;12
2232;0;12
2233;0;16
2234;0;16
2235;0;16
2236;0;4
2237;0;20
2238;0;16
2239;0;12
2240;0;8
2241;0;20
2242;0;8
2243;0;0
2244;0;12
2245;0;12
2246;0;8
2247;0;0
2248;0;16
2249;0;12
2250;0;8
2251;0;0
2252;0;8
2253;0;4
2254;0;-4
2255;0;8
2256;0;8
2257;0;4
2258;0;-4
2259;0;4
2260;0;4
2261;0;4
2262;0;4
2263;0;-4
2264;0;4
2265;0;8
2266;0;4
2267;0;4
2268;0;-4
2269;0;8
2270;0;4
2271;0;4
2272;0;-8
2273;0;16
2274;0;16
2275;0;12
2276;0;4
2277;0;16
2278;0;16
2279;0;16
2280;0;12
2281;0;4
2282;0;20
2283;0;16
2284;0;16
2285;0;24
2286;0;20
2287;0;20
2288;0;12
2289;0;20
2290;0;24
2291;0;20
2292;0;16
2293;0;16
2294;0;24
2295;0;20
2296;0;20
2297;0;12
2298;0;24
2299;0;20
2300;0;20
2301;0;12
2302;0;20
2303;0;24
2304;0;24
2305;0;8
2306;0;20
2307;0;20
2308;0;16
2309;0;16
2310;0;8
2311;0;24
2312;0;20
2313;0;16
2314;0;8
2315;0;12
2316;0;12
2317;0;16
2318;0;12
2319;0;12
2320;0;12
2321;0;8
2322;0;8
2323;0;12
2324;0;12
2325;0;4
2326;0;0
2327;0;8
2328;0;4
2329;0;8
2330;0;8
2331;0;8
2332;0;4
2333;0;4
2334;0;0
2335;0;12
2336;0;12
2337;0;0
2338;0;12
2339;0;8
2340;0;8
2341;0;8
2342;0;4
2343;0;12
2344;0;8
2345;0;4
2346;0;4
2347;0;16
2348;0;12
2349;0;12
2350;0;0
2351;0;16
2352;0;12
2353;0;12
2354;0;4
2355;0;12
2356;0;16
2357;0;8
2358;0;12
2359;0;20
2360;0;16
2361;0;16
2362;0;8
2363;0;20
2364;0;16
2365;0;12
2366;0;8
2367;0;20
2368;0;16
2369;0;12
2370;0;4
2371;0;20
2372;0;16
2373;0;16
2374;0;8
2375;0;16
2376;0;16
2377;0;12
2378;0;4
2379;0;16
2380;0;12
2381;0;12
2382;0;8
2383;0;8
2384;0;16
2385;0;12
2386;0;12
2387;0;8
2388;0;8
2389;0;12
2390;0;12
2391;0;8
2392;0;0
2393;0;16
2394;0;12
2395;0;8
2396;0;0
2397;0;16
2398;0;12
2399;0;4
2400;0;8
2401;0;16
2402;0;16
2403;0;12
2404;0;4
2405;0;16
2406;0;12
2407;0;12
2408;0;4
2409;0;12
2410;0;20
2411;0;16
2412;0;12
2413;0;8
2414;0;20
2415;0;16
2416;0;16
2417;0;12
2418;0;16
2419;0;16
2420;0;12
2421;0;12
2422;0;20
2423;0;16
2424;0;16
2425;0;8
2426;0;20
2427;0;16
2428;0;12
2429;0;16
2430;0;4
2431;0;16
2432;0;20
2433;0;16
2434;0;8
2435;0;12
2436;0;16
2437;0;16
2438;0;16
2439;0;4
2440;0;16
2441;0;12
2442;0;12
2443;0;0
2444;0;12
2445;0;12
2446;0;12
2447;0;8
2448;0;4
2449;0;16
2450;0;12
2451;0;0
2452;0;16
2453;0;12
2454;0;8
2455;0;4
2456;0;4
2457;0;16
2458;0;12
2459;0;8
2460;0;0
2461;0;12
2462;0;8
2463;0;8
2464;0;-4
2465;0;8
2466;0;8
2467;0;8
2468;0;8
2469;0;-4
2470;0;12
2471;0;8
2472;0;-4
2473;0;12
2474;0;8
2475;0;8
2476;0;4
2477;0;0
2478;0;12
2479;0;8
2480;0;8
2481;0;0
2482;0;12
2483;0;12
2484;0;12
2485;0;8
2486;0;-4
2487;0;12
2488;0;12
2489;0;8
2490;0;0
2491;0;8
2492;0;16
2493;0;12
2494;0;12
2495;0;8
2496;0;16
2497;0;16
2498;0;12
2499;0;4
2500;0;16
2501;0;16
2502;0;12
2503;0;8
2504;0;20
2505;0;16
2506;0;16
2507;0;8
2508;0;16
2509;0;20
2510;0;16
2511;0;12
2512;0;4
2513;0;20
2514;0;20
2515;0;16
2516;0;8
2517;0;20
2518;0;16
2519;0;16
2520;0;8
2521;0;16
2522;0;20
2523;0;12
2524;0;4
2525;0;16
2526;0;16
2527;0;16
2528;0;4
2529;0;20
2530;0;16
2531;0;12
2532;0;4
2533;0;16
2534;0;12
2535;0;8
2536;0;0
2537;0;4
2538;0;12
2539;0;8
2540;0;8
2541;0;-4
2542;0;12
2543;0;8
2544;0;0
2545;0;0
2546;0;8
2547;0;4
2548;0;4
2549;0;-4
2550;0;4
2551;0;8
2552;0;4
2553;0;4
2554;0;-4
2555;0;4
2556;0;8
2557;0;4
2558;0;0
2559;0;-4
2560;0;8
2561;0;8
2562;0;4
2563;0;-4
2564;0;4
2565;0;12
2566;0;4
2567;0;4
2568;0;12
2569;0;8
2570;0;8
2571;0;0
2572;0;12
2573;0;8
2574;0;8
2575;0;12
2576;0;4
2577;0;16
2578;0;16
2579;0;12
2580;0;4
2581;0;12
2582;0;16
2583;0;12
2584;0;12
2585;0;4
2586;0;20
2587;0;16
2588;0;12
2589;0;8
2590;0;20
2591;0;20
2592;0;16
2593;0;12
2594;0;12
2595;0;20
2596;0;16
2597;0;4
2598;0;20
2599;0;16
2600;0;16
2601;0;12
2602;0;8
2603;0;20
2604;0;16
2605;0;12
2606;0;8
2607;0;16
2608;0;12
2609;0;12
2610;0;4
2611;0;12
2612;0;12
2613;0;12
2614;0;8
2615;0;4
2616;0;16
2617;0;8
2618;0;0
2619;0;12
2620;0;8
2621;0;8
2622;0;4
2623;0;4
2624;0;12
2625;0;8
2626;0;4
2627;0;4
2628;0;8
2629;0;8
2630;0;12
2631;0;8
2632;0;8
2633;0;8
2634;0;0
2635;0;12
2636;0;12
2637;0;8
2638;0;4
2639;0;8
2640;0;16
2641;0;12
2642;0;8
2643;0;4
2644;0;12
2645;0;12
2646;0;12
2647;0;8
2648;0;4
2649;0;16
2650;0;12
2651;0;12
2652;0;4
2653;0;12
2654;0;12
2655;0;12
2656;0;8
2657;0;4
2658;0;16
2659;0;8
2660;0;0
2661;0;16
2662;0;12
2663;0;8
2664;0;0
2665;0;12
2666;0;12
2667;0;8
2668;0;8
2669;0;0
2670;0;12
2671;0;8
2672;0;8
2673;0;4
2674;0;4
2675;0;12
2676;0;8
2677;0;8
2678;0;0
2679;0;8
2680;0;12
2681;0;8
2682;0;8
2683;0;0
2684;0;12
2685;0;8
2686;0;8
2687;0;0
2688;0;8
2689;0;8
2690;0;8
2691;0;4
2692;0;16
2693;0;12
2694;0;12
2695;0;0
2696;0;12
2697;0;12
2698;0;12
2699;0;8
2700;0;8
2701;0;16
2702;0;16
2703;0;12
2704;0;4
2705;0;16
2706;0;16
2707;0;12
2708;0;4
2709;0;16
2710;0;12
2711;0;8
2712;0;12
2713;0;16
2714;0;16
2715;0;12
2716;0;8
2717;0;16
2718;0;16
2719;0;12
2720;0;4
2721;0;16
2722;0;12
2723;0;12
2724;0;4
2725;0;16
2726;0;16
2727;0;12
2728;0;4
2729;0;12
2730;0;16
2731;0;12
2732;0;0
2733;0;12
2734;0;12
2735;0;12
2736;0;8
2737;0;0
2738;0;16
2739;0;8
2740;0;8
2741;0;4
2742;0;4
2743;0;12
2744;0;8
2745;0;8
2746;0;-4
2747;0;12
2748;0;8
2749;0;8
2750;0;8
2751;0;0
2752;0;8
2753;0;8
2754;0;8
2755;0;-4
2756;0;4
2757;0;8
2758;0;8
2759;0;4
2760;0;0
2761;0;8
2762;0;8
2763;0;0
2764;0;4
2765;0;12
2766;0;8
2767;0;8
2768;0;0
2769;0;4
2770;0;12
2771;0;8
2772;0;8
2773;0;8
2774;0;0
2775;0;16
2776;0;12
2777;0;8
2778;0;4
2779;0;8
2780;0;16
2781;0;12
2782;0;8
2783;0;0
2784;0;16
2785;0;12
2786;0;8
2787;0;8
2788;0;4
2789;0;16
2790;0;12
2791;0;12
2792;0;4
2793;0;12
2794;0;12
2795;0;0
2796;0;16
2797;0;16
2798;0;12
2799;0;4
2800;0;16
2801;0;16
2802;0;12
2803;0;4
2804;0;12
2805;0;16
2806;0;12
2807;0;12
2808;0;4
2809;0;16
2810;0;16
2811;0;12
2812;0;8
2813;0;12
2814;0;16
2815;0;12
2816;0;8
2817;0;16
2818;0;12
2819;0;12
2820;0;4
2821;0;12
2822;0;16
2823;0;12
2824;0;8
2825;0;4
2826;0;12
2827;0;12
2828;0;12
2829;0;0
2830;0;16
2831;0;12
2832;0;12
2833;0;0
2834;0;12
2835;0;12
2836;0;4
2837;0;4
2838;0;12
2839;0;8
2840;0;8
2841;0;0
2842;0;12
2843;0;8
2844;0;8
2845;0;0
2846;0;8
2847;0;8
2848;0;4
2849;0;0
2850;0;0
2851;0;8
2852;0;8
2853;0;4
2854;0;-4
2855;0;12
2856;0;8
2857;0;0
2858;0;4
2859;0;8
2860;0;8
2861;0;4
2862;0;-4
2863;0;12
2864;0;8
2865;0;4
2866;0;0
2867;0;8
2868;0;12
2869;0;12
2870;0;8
2871;0;4
2872;0;16
2873;0;8
2874;0;8
2875;0;8
2876;0;12
2877;0;12
2878;0;0
2879;0;16
2880;0;16
2881;0;12
2882;0;4
2883;0;12
2884;0;16
2885;0;12
2886;0;12
2887;0;4
2888;0;16
2889;0;16
2890;0;12
2891;0;4
2892;0;16
2893;0;12
2894;0;12
2895;0;0
2896;0;16
2897;0;12
2898;0;8
2899;0;0
2900;0;16
2901;0;12
2902;0;12
2903;0;4
2904;0;12
2905;0;16
2906;0;12
2907;0;4
2908;0;12
2909;0;16
2910;0;16
2911;0;4
2912;0;16
2913;0;16
2914;0;16
2915;0;12
2916;0;4
2917;0;16
2918;0;12
2919;0;12
2920;0;8
2921;0;16
2922;0;12
2923;0;12
2924;0;4
2925;0;16
2926;0;16
2927;0;12
2928;0;8
2929;0;8
2930;0;16
2931;0;12
2932;0;8
2933;0;4
2934;0;16
2935;0;12
2936;0;12
2937;0;0
2938;0;16
2939;0;12
2940;0;4
2941;0;0
2942;0;12
2943;0;8
2944;0;8
2945;0;0
2946;0;8
2947;0;12
2948;0;8
2949;0;8
2950;0;0
2951;0;12
2952;0;8
2953;0;8
2954;0;0
2955;0;8
2956;0;8
2957;0;8
2958;0;4
2959;0;-4
2960;0;12
2961;0;8
2962;0;8
2963;0;-4
2964;0;12
2965;0;8
2966;0;8
2967;0;0
2968;0;4
2969;0;8
2970;0;4
2971;0;4
2972;0;-4
2973;0;12
2974;0;8
2975;0;8
2976;0;0
2977;0;8
2978;0;8
2979;0;8
2980;0;0
2981;0;8
2982;0;12
2983;0;8
2984;0;0
2985;0;12
2986;0;12
2987;0;8
2988;0;4
2989;0;0
2990;0;12
2991;0;12
2992;0;8
2993;0;8
2994;0;16
2995;0;12
2996;0;12
2997;0;4
2998;0;16
2999;0;12
3000;0;12
3001;0;4
3002;0;16
3003;0;16
3004;0;12
3005;0;4
3006;0;16
3007;0;12
3008;0;12
3009;0;12
3010;0;4
3011;0;16
3012;0;12
3013;0;8
3014;0;8
3015;0;16
3016;0;12
3017;0;12
3018;0;4
3019;0;16
3020;0;12
3021;0;12
3022;0;4
3023;0;12
3024;0;12
3025;0;12
3026;0;4
3027;0;8
3028;0;12
3029;0;12
3030;0;4
3031;0;8
3032;0;12
3033;0;12
3034;0;0
3035;0;8
3036;0;12
3037;0;8
3038;0;4
3039;0;0
3040;0;12
3041;0;12
3042;0;8
3043;0;0
3044;0;4
3045;0;12
3046;0;8
3047;0;8
3048;0;-4
3049;0;12
3050;0;8
3051;0;8
3052;0;0
3053;0;8
3054;0;12
3055;0;0
3056;0;8
3057;0;8
3058;0;8
3059;0;8
3060;0;0
3061;0;12
3062;0;8
3063;0;8
3064;0;0
3065;0;4
3066;0;12
3067;0;8
3068;0;0
3069;0;0
3070;0;12
3071;0;8
3072;0;8
3073;0;0
3074;0;0
3075;0;12
3076;0;8
3077;0;4
3078;0;0
3079;0;12
3080;0;8
3081;0;8
3082;0;-4
3083;0;8
3084;0;12
3085;0;8
3086;0;4
3087;0;8
3088;0;12
3089;0;8
3090;0;8
3091;0;0
3092;0;12
3093;0;12
3094;0;8
3095;0;8
3096;0;8
3097;0;0
3098;0;16
3099;0;12
3100;0;12
3101;0;4
3102;0;12
3103;0;12
3104;0;12
3105;0;12
3106;0;0
3107;0;16
3108;0;16
3109;0;12
3110;0;12
3111;0;4
3112;0;16
3113;0;12
3114;0;12
3115;0;4
3116;0;12
3117;0;12
3118;0;8
3119;0;8
3120;0;16
3121;0;8
3122;0;12
3123;0;4
3124;0;8
3125;0;12
3126;0;12
3127;0;8
3128;0;0
3129;0;12
3130;0;12
3131;0;8
3132;0;4
3133;0;12
3134;0;8
3135;0;12
3136;0;4
3137;0;8
3138;0;12
3139;0;8
3140;0;4
3141;0;8
3142;0;12
3143;0;8
3144;0;0
3145;0;4
3146;0;12
3147;0;8
3148;0;8
3149;0;-4
3150;0;8
3151;0;8
3152;0;4
3153;0;0
3154;0;8
3155;0;8
3156;0;4
3157;0;-4
3158;0;8
3159;0;12
3160;0;4
3161;0;0
3162;0;8
3163;0;12
3164;0;8
3165;0;-4
3166;0;8
3167;0;12
3168;0;8
3169;0;8
3170;0;0
3171;0;12
3172;0;12
3173;0;8
3174;0;0
3175;0;12
3176;0;8
3177;0;8
3178;0;8
3179;0;0
3180;0;16
3181;0;8
3182;0;8
3183;0;0
3184;0;12
3185;0;12
3186;0;12
3187;0;8
3188;0;4
3189;0;16
3190;0;8
3191;0;4
3192;0;12
3193;0;12
3194;0;12
3195;0;4
3196;0;12
3197;0;12
3198;0;12
3199;0;8
3200;0;4
3201;0;12
3202;0;12
3203;0;12
3204;0;8
3205;0;8
3206;0;16
3207;0;12
3208;0;12
3209;0;0
3210;0;12
3211;0;12
3212;0;0
3213;0;12
3214;0;16
3215;0;12
3216;0;8
3217;0;0
3218;0;12
3219;0;12
3220;0;8
3221;0;8
3222;0;4
3223;0;12
3224;0;12
3225;0;8
3226;0;4
3227;0;16
3228;0;8
3229;0;8
3230;0;0
3231;0;16
3232;0;12
3233;0;0
3234;0;12
3235;0;12
3236;0;12
3237;0;4
3238;0;8
3239;0;12
3240;0;12
3241;0;8
3242;0;4
3243;0;4
3244;0;12
3245;0;8
3246;0;8
3247;0;0
3248;0;12
3249;0;8
3250;0;8
3251;0;0
3252;0;4
3253;0;8
3254;0;4
3255;0;4
3256;0;0
3257;0;8
3258;0;8
3259;0;4
3260;0;-4
3261;0;8
3262;0;8
3263;0;0
3264;0;0
3265;0;8
3266;0;4
3267;0;4
3268;0;-4
3269;0;8
3270;0;8
3271;0;4
3272;0;-4
3273;0;8
3274;0;8
3275;0;12
3276;0;-4
3277;0;12
3278;0;8
3279;0;8
3280;0;0
3281;0;8
3282;0;8
3283;0;8
3284;0;0
3285;0;12
3286;0;12
3287;0;8
3288;0;8
3289;0;0
3290;0;12
3291;0;8
3292;0;8
3293;0;0
3294;0;12
3295;0;12
3296;0;12
3297;0;4
3298;0;4
3299;0;16
3300;0;12
3301;0;8
3302;0;4
3303;0;16
3304;0;12
3305;0;4
3306;0;16
3307;0;16
3308;0;12
3309;0;8
3310;0;8
3311;0;16
3312;0;12
3313;0;8
3314;0;4
3315;0;16
3316;0;12
3317;0;12
3318;0;4
3319;0;12
3320;0;16
3321;0;12
3322;0;12
3323;0;4
3324;0;16
3325;0;12
3326;0;0
3327;0;12
3328;0;12
3329;0;8
3330;0;0
3331;0;8
3332;0;12
3333;0;12
3334;0;8
3335;0;4
3336;0;12
3337;0;8
3338;0;8
3339;0;0
3340;0;8
3341;0;8
3342;0;4
3343;0;8
3344;0;-4
3345;0;8
3346;0;8
3347;0;0
3348;0;0
3349;0;12
3350;0;8
3351;0;4
3352;0;-4
3353;0;12
3354;0;8
3355;0;8
3356;0;-4
3357;0;8
3358;0;8
3359;0;4
3360;0;0
3361;0;0
3362;0;12
3363;0;8
3364;0;4
3365;0;0
3366;0;4
3367;0;8
3368;0;8
3369;0;0
3370;0;0
3371;0;12
3372;0;8
3373;0;4
3374;0;0
3375;0;4
3376;0;12
3377;0;4
3378;0;0
3379;0;12
3380;0;8
3381;0;8
3382;0;8
3383;0;0
3384;0;12
3385;0;8
3386;0;8
3387;0;4
3388;0;4
3389;0;12
3390;0;12
3391;0;8
3392;0;4
3393;0;12
3394;0;8
3395;0;4
3396;0;8
3397;0;12
3398;0;12
3399;0;4
3400;0;16
3401;0;12
3402;0;12
3403;0;0
3404;0;12
3405;0;12
3406;0;12
3407;0;8
3408;0;8
3409;0;16
3410;0;12
3411;0;8
3412;0;8
3413;0;16
3414;0;12
3415;0;12
3416;0;4
3417;0;16
3418;0;12
3419;0;8
3420;0;0
3421;0;12
3422;0;12
3423;0;8
3424;0;0
3425;0;8
3426;0;12
3427;0;12
3428;0;8
3429;0;4
3430;0;16
3431;0;12
3432;0;12
3433;0;4
3434;0;8
3435;0;12
3436;0;12
3437;0;8
3438;0;4
3439;0;16
3440;0;8
3441;0;0
3442;0;12
3443;0;8
3444;0;8
3445;0;0
3446;0;12
3447;0;8
3448;0;8
3449;0;0
3450;0;4
3451;0;8
3452;0;8
3453;0;0
3454;0;4
3455;0;8
3456;0;8
3457;0;8
3458;0;-4
3459;0;12
3460;0;8
3461;0;0
3462;0;4
3463;0;12
3464;0;4
3465;0;4
3466;0;-4
3467;0;12
3468;0;8
3469;0;4
3470;0;-4
3471;0;16
3472;0;12
3473;0;8
3474;0;0
3475;0;12
3476;0;8
3477;0;8
3478;0;-4
3479;0;12
3480;0;8
3481;0;8
3482;0;0
3483;0;12
3484;0;12
3485;0;12
3486;0;4
3487;0;8
3488;0;12
3489;0;8
3490;0;8
3491;0;0
3492;0;16
3493;0;12
3494;0;8
3495;0;8
3496;0;16
3497;0;12
3498;0;8
3499;0;4
3500;0;16
3501;0;12
3502;0;12
3503;0;4
3504;0;16
3505;0;12
3506;0;12
3507;0;4
3508;0;8
3509;0;16
3510;0;12
3511;0;12
3512;0;0
3513;0;12
3514;0;12
3515;0;12
3516;0;4
3517;0;12
3518;0;16
3519;0;12
3520;0;8
3521;0;0
3522;0;16
3523;0;12
3524;0;0
3525;0;12
3526;0;12
3527;0;8
3528;0;0
3529;0;16
3530;0;12
3531;0;8
3532;0;0
3533;0;12
3534;0;12
3535;0;8
3536;0;0
3537;0;8
3538;0;8
3539;0;4
3540;0;4
3541;0;0
3542;0;12
3543;0;8
3544;0;0
3545;0;-4
3546;0;8
3547;0;4
3548;0;4
3549;0;-8
3550;0;8
3551;0;8
3552;0;4
3553;0;4
3554;0;-4
3555;0;4
3556;0;8
3557;0;4
3558;0;0
3559;0;0
3560;0;8
3561;0;4
3562;0;4
3563;0;0
3564;0;0
3565;0;8
3566;0;0
3567;0;0
3568;0;12
3569;0;8
3570;0;4
3571;0;4
3572;0;0
3573;0;12
3574;0;8
3575;0;8
3576;0;0
3577;0;12
3578;0;12
3579;0;8
3580;0;8
3581;0;-4
3582;0;12
3583;0;12
3584;0;8
3585;0;0
3586;0;12
3587;0;12
3588;0;8
3589;0;8
3590;0;0
3591;0;16
3592;0;8
3593;0;8
3594;0;4
3595;0;8
3596;0;16
3597;0;12
3598;0;4
3599;0;16
3600;0;12
3601;0;8
3602;0;4
3603;0;16
3604;0;12
3605;0;12
3606;0;0
3607;0;12
3608;0;12
3609;0;12
3610;0;4
3611;0;12
3612;0;12
3613;0;12
3614;0;8
3615;0;4
3616;0;16
3617;0;8
3618;0;0
3619;0;12
3620;0;8
3621;0;8
3622;0;0
3623;0;16
3624;0;12
3625;0;12
3626;0;0
3627;0;12
3628;0;12
3629;0;12
3630;0;0
3631;0;8
3632;0;12
3633;0;8
3634;0;8
3635;0;0
3636;0;12
3637;0;12
3638;0;0
3639;0;4
3640;0;12
3641;0;8
3642;0;8
3643;0;-4
3644;0;12
3645;0;12
3646;0;8
3647;0;4
3648;0;0
3649;0;8
3650;0;4
3651;0;4
3652;0;-4
3653;0;12
3654;0;8
3655;0;4
3656;0;4
3657;0;-4
3658;0;12
3659;0;8
3660;0;-4
3661;0;8
3662;0;8
3663;0;4
3664;0;0
3665;0;0
3666;0;8
3667;0;4
3668;0;4
3669;0;4
3670;0;-4
3671;0;12
3672;0;8
3673;0;8
3674;0;0
3675;0;8
3676;0;12
3677;0;8
3678;0;8
3679;0;-4
3680;0;12
3681;0;12
3682;0;8
3683;0;-4
3684;0;12
3685;0;12
3686;0;12
3687;0;0
3688;0;12
3689;0;8
3690;0;8
3691;0;4
3692;0;16
3693;0;12
3694;0;8
3695;0;0
3696;0;16
3697;0;8
3698;0;12
3699;0;0
3700;0;16
3701;0;12
3702;0;12
3703;0;4
3704;0;16
3705;0;12
3706;0;12
3707;0;4
3708;0;8
3709;0;12
3710;0;12
3711;0;4
3712;0;8
3713;0;12
3714;0;12
3715;0;8
3716;0;0
3717;0;12
3718;0;12
3719;0;12
3720;0;0
3721;0;12
3722;0;8
3723;0;4
3724;0;0
3725;0;12
3726;0;12
3727;0;8
3728;0;8
3729;0;0
3730;0;12
3731;0;8
3732;0;0
3733;0;8
3734;0;12
3735;0;8
3736;0;8
3737;0;-4
3738;0;12
3739;0;12
3740;0;8
3741;0;0
3742;0;4
3743;0;12
3744;0;8
3745;0;8
3746;0;0
3747;0;0
3748;0;12
3749;0;8
3750;0;8
3751;0;-4
3752;0;12
3753;0;8
3754;0;-4
3755;0;8
3756;0;4
3757;0;8
3758;0;-4
3759;0;8
3760;0;8
3761;0;8
3762;0;0
3763;0;0
3764;0;12
3765;0;8
3766;0;8
3767;0;0
3768;0;4
3769;0;12
3770;0;8
3771;0;4
3772;0;-4
3773;0;12
3774;0;8
3775;0;8
3776;0;-4
3777;0;12
3778;0;8
3779;0;4
3780;0;-4
3781;0;12
3782;0;8
3783;0;4
3784;0;0
3785;0;8
3786;0;12
3787;0;8
3788;0;8
3789;0;4
3790;0;12
3791;0;12
3792;0;4
3793;0;0
3794;0;12
3795;0;12
3796;0;8
3797;0;4
3798;0;12
3799;0;12
3800;0;12
3801;0;0
3802;0;12
3803;0;12
3804;0;12
3805;0;4
3806;0;12
3807;0;12
3808;0;12
3809;0;4
3810;0;12
3811;0;12
3812;0;12
3813;0;8
3814;0;0
3815;0;16
3816;0;12
3817;0;4
3818;0;4
3819;0;12
3820;0;12
3821;0;12
3822;0;4
3823;0;12
3824;0;16
3825;0;8
3826;0;-4
3827;0;12
3828;0;12
3829;0;8
3830;0;0
3831;0;12
3832;0;8
3833;0;4
3834;0;0
3835;0;4
3836;0;12
3837;0;4
3838;0;4
3839;0;4
3840;0;12
3841;0;8
3842;0;4
3843;0;-4
3844;0;8
3845;0;8
3846;0;4
3847;0;-4
3848;0;8
3849;0;8
3850;0;4
3851;0;-4
3852;0;12
3853;0;8
3854;0;4
3855;0;0
3856;0;0
3857;0;8
3858;0;8
3859;0;0
3860;0;4
3861;0;8
3862;0;4
3863;0;4
3864;0;-8
3865;0;8
3866;0;8
3867;0;4
3868;0;0
3869;0;12
3870;0;8
3871;0;8
3872;0;-4
3873;0;12
3874;0;12
3875;0;8
3876;0;4
3877;0;0
3878;0;16
3879;0;12
3880;0;12
3881;0;0
3882;0;12
3883;0;12
3884;0;8
3885;0;0
3886;0;16
3887;0;12
3888;0;8
3889;0;8
3890;0;16
3891;0;12
3892;0;8
3893;0;4
3894;0;12
3895;0;12
3896;0;8
3897;0;4
3898;0;20
3899;0;12
3900;0;12
3901;0;0
3902;0;16
3903;0;12
3904;0;12
3905;0;8
3906;0;8
3907;0;16
3908;0;12
3909;0;4
3910;0;12
3911;0;16
3912;0;12
3913;0;12
3914;0;4
3915;0;16
3916;0;12
3917;0;12
3918;0;12
3919;0;0
3920;0;16
3921;0;12
3922;0;12
3923;0;4
3924;0;4
3925;0;12
3926;0;12
3927;0;12
3928;0;0
3929;0;12
3930;0;12
3931;0;8
3932;0;0
3933;0;12
3934;0;12
3935;0;8
3936;0;0
3937;0;12
3938;0;12
3939;0;8
3940;0;0
3941;0;0
3942;0;12
3943;0;8
3944;0;4
3945;0;-4
3946;0;8
3947;0;8
3948;0;4
3949;0;0
3950;0;8
3951;0;8
3952;0;4
3953;0;4
3954;0;-4
3955;0;8
3956;0;4
3957;0;4
3958;0;-4
3959;0;4
3960;0;8
3961;0;4
3962;0;0
3963;0;8
3964;0;8
3965;0;0
3966;0;0
3967;0;12
3968;0;4
3969;0;4
3970;0;-4
3971;0;8
3972;0;4
3973;0;8
3974;0;8
3975;0;4
3976;0;4
3977;0;-4
3978;0;12
3979;0;8
3980;0;8
3981;0;8
3982;0;0
3983;0;8
3984;0;12
3985;0;8
3986;0;4
3987;0;4
3988;0;12
3989;0;12
3990;0;8
3991;0;0
3992;0;16
3993;0;8
3994;0;4
3995;0;16
3996;0;12
3997;0;8
3998;0;0
3999;0;16
4000;0;16
4001;0;12
4002;0;12
4003;0;4
4004;0;16
4005;0;12
4006;0;12
4007;0;0
4008;0;12
4009;0;12
4010;0;12
4011;0;8
4012;0;4
4013;0;16
4014;0;12
4015;0;8
4016;0;0
4017;0;12
4018;0;12
4019;0;12
4020;0;8
4021;0;4
4022;0;16
4023;0;12
4024;0;4
4025;0;4
4026;0;12
4027;0;12
4028;0;12
4029;0;4
4030;0;4
4031;0;16
4032;0;8
4033;0;8
4034;0;0
4035;0;12
4036;0;12
4037;0;8
4038;0;4
4039;0;4
4040;0;8
4041;0;8
4042;0;8
4043;0;0
4044;0;12
4045;0;8
4046;0;8
4047;0;4
4048;0;4
4049;0;12
4050;0;12
4051;0;8
4052;0;0
4053;0;12
4054;0;8
4055;0;0
4056;0;0
4057;0;8
4058;0;4
4059;0;4
4060;0;-8
4061;0;8
4062;0;8
4063;0;4
4064;0;4
4065;0;0
4066;0;0
4067;0;8
4068;0;8
4069;0;0
4070;0;0
4071;0;8
4072;0;8
4073;0;4
4074;0;-4
4075;0;12
4076;0;12
4077;0;8
4078;0;0
4079;0;4
4080;0;8
4081;0;8
4082;0;8
4083;0;-4
4084;0;12
4085;0;8
4086;0;4
4087;0;4
4088;0;12
4089;0;12
4090;0;8
4091;0;0
4092;0;12
4093;0;12
4094;0;8
4095;0;0
4096;0;16
4097;0;12
4098;0;12
4099;0;4
4100;0;12
4101;0;16
4102;0;12
4103;0;8
4104;0;0
4105;0;12
4106;0;12
4107;0;4
4108;0;8
4109;0;16
4110;0;12
4111;0;8
4112;0;4
4113;0;12
4114;0;12
4115;0;12
4116;0;8
4117;0;0
4118;0;16
4119;0;12
4120;0;8
4121;0;4
4122;0;8
4123;0;12
4124;0;12
4125;0;8
4126;0;0
4127;0;16
4128;0;12
4129;0;12
4130;0;0
4131;0;12
4132;0;8
4133;0;8
4134;0;-4
4135;0;12
4136;0;8
4137;0;8
4138;0;0
4139;0;4
4140;0;12
4141;0;4
4142;0;4
4143;0;-4
4144;0;12
4145;0;8
4146;0;8
4147;0;0
4148;0;4
4149;0;8
4150;0;8
4151;0;4
4152;0;0
4153;0;8
4154;0;8
4155;0;4
4156;0;0
4157;0;4
4158;0;8
4159;0;4
4160;0;-4
4161;0;8
4162;0;8
4163;0;4
4164;0;-4
4165;0;4
4166;0;8
4167;0;4
4168;0;0
4169;0;4
4170;0;12
4171;0;8
4172;0;8
4173;0;0
4174;0;12
4175;0;12
4176;0;8
4177;0;4
4178;0;0
4179;0;12
4180;0;12
4181;0;4
4182;0;12
4183;0;12
4184;0;12
4185;0;12
4186;0;12
4187;0;8
4188;0;8
4189;0;0
4190;0;20
4191;0;12
4192;0;12
4193;0;8
4194;0;8
4195;0;16
4196;0;12
4197;0;12
4198;0;4
4199;0;16
4200;0;16
4201;0;4
4202;0;16
4203;0;16
4204;0;12
4205;0;4
4206;0;8
4207;0;16
4208;0;12
4209;0;12
4210;0;4
4211;0;8
4212;0;12
4213;0;12
4214;0;12
4215;0;4
4216;0;12
4217;0;16
4218;0;12
4219;0;8
4220;0;4
4221;0;12
4222;0;8
4223;0;8
4224;0;0
4225;0;12
4226;0;8
4227;0;8
4228;0;0
4229;0;12
4230;0;12
4231;0;8
4232;0;-4
4233;0;8
4234;0;8
4235;0;8
4236;0;4
4237;0;0
4238;0;12
4239;0;8
4240;0;4
4241;0;0
4242;0;8
4243;0;4
4244;0;4
4245;0;-4
4246;0;12
4247;0;8
4248;0;4
4249;0;-4
4250;0;8
4251;0;8
4252;0;4
4253;0;-8
4254;0;8
4255;0;4
4256;0;0
4257;0;4
4258;0;-4
4259;0;8
4260;0;4
4261;0;4
4262;0;-4
4263;0;8
4264;0;8
4265;0;4
4266;0;-4
4267;0;4
4268;0;8
4269;0;4
4270;0;0
4271;0;0
4272;0;8
4273;0;8
4274;0;0
4275;0;12
4276;0;8
4277;0;8
4278;0;4
4279;0;0
4280;0;12
4281;0;8
4282;0;4
4283;0;-4
4284;0;12
4285;0;12
4286;0;12
4287;0;0
4288;0;8
4289;0;12
4290;0;12
4291;0;8
4292;0;0
4293;0;12
4294;0;16
4295;0;8
4296;0;8
4297;0;16
4298;0;12
4299;0;4
4300;0;12
4301;0;12
4302;0;12
4303;0;12
4304;0;4
4305;0;12
4306;0;16
4307;0;12
4308;0;8
4309;0;8
4310;0;16
4311;0;12
4312;0;12
4313;0;12
4314;0;4
4315;0;16
4316;0;12
4317;0;12
4318;0;0
4319;0;16
4320;0;12
4321;0;12
4322;0;8
4323;0;8
4324;0;16
4325;0;12
4326;0;0
4327;0;16
4328;0;12
4329;0;12
4330;0;8
4331;0;0
4332;0;12
4333;0;12
4334;0;8
4335;0;4
4336;0;0
4337;0;12
4338;0;8
4339;0;4
4340;0;0
4341;0;12
4342;0;8
4343;0;4
4344;0;0
4345;0;4
4346;0;8
4347;0;8
4348;0;-4
4349;0;12
4350;0;8
4351;0;4
4352;0;-4
4353;0;4
4354;0;12
4355;0;8
4356;0;4
4357;0;-4
4358;0;8
4359;0;8
4360;0;8
4361;0;0
4362;0;0
4363;0;8
4364;0;8
4365;0;0
4366;0;-4
4367;0;12
4368;0;8
4369;0;8
4370;0;-4
4371;0;8
4372;0;8
4373;0;8
4374;0;4
4375;0;0
4376;0;12
4377;0;8
4378;0;-4
4379;0;8
4380;0;12
4381;0;8
4382;0;0
4383;0;8
4384;0;8
4385;0;8
4386;0;4
4387;0;0
4388;0;12
4389;0;12
4390;0;4
4391;0;8
4392;0;12
4393;0;8
4394;0;4
4395;0;8
4396;0;12
4397;0;12
4398;0;12
4399;0;0
4400;0;16
4401;0;12
4402;0;12
4403;0;4
4404;0;12
4405;0;12
4406;0;12
4407;0;8
4408;0;8
4409;0;16
4410;0;12
4411;0;8
4412;0;4
4413;0;16
4414;0;12
4415;0;12
4416;0;4
4417;0;12
4418;0;16
4419;0;8
4420;0;-4
4421;0;12
4422;0;12
4423;0;8
4424;0;0
4425;0;12
4426;0;12
4427;0;8
4428;0;8
4429;0;0
4430;0;8
4431;0;8
4432;0;8
4433;0;-4
4434;0;8
4435;0;8
4436;0;8
4437;0;0
4438;0;8
4439;0;8
4440;0;4
4441;0;0
4442;0;12
4443;0;8
4444;0;4
4445;0;0
4446;0;12
4447;0;8
4448;0;4
4449;0;0
4450;0;8
4451;0;8
4452;0;8
4453;0;4
4454;0;-4
4455;0;12
4456;0;8
4457;0;8
4458;0;-4
4459;0;8
4460;0;8
4461;0;0
4462;0;0
4463;0;8
4464;0;4
4465;0;0
4466;0;0
4467;0;8
4468;0;4
4469;0;4
4470;0;-8
4471;0;12
4472;0;8
4473;0;4
4474;0;-4
4475;0;12
4476;0;8
4477;0;8
4478;0;8
4479;0;-4
4480;0;12
4481;0;8
4482;0;0
4483;0;8
4484;0;12
4485;0;8
4486;0;8
4487;0;4
4488;0;8
4489;0;12
4490;0;8
4491;0;8
4492;0;4
4493;0;12
4494;0;12
4495;0;8
4496;0;4
4497;0;16
4498;0;12
4499;0;12
4500;0;8
4501;0;8
4502;0;16
4503;0;12
4504;0;0
4505;0;16
4506;0;12
4507;0;12
4508;0;0
4509;0;12
4510;0;12
4511;0;12
4512;0;8
4513;0;4
4514;0;16
4515;0;12
4516;0;12
4517;0;8
4518;0;0
4519;0;16
4520;0;12
4521;0;12
4522;0;4
4523;0;12
4524;0;12
4525;0;12
4526;0;8
4527;0;4
4528;0;12
4529;0;12
4530;0;12
4531;0;4
4532;0;12
4533;0;12
4534;0;12
4535;0;0
4536;0;12
4537;0;12
4538;0;8
4539;0;0
4540;0;12
4541;0;12
4542;0;8
4543;0;0
4544;0;8
4545;0;8
4546;0;8
4547;0;0
4548;0;0
4549;0;12
4550;0;8
4551;0;4
4552;0;-4
4553;0;12
4554;0;8
4555;0;0
4556;0;8
4557;0;8
4558;0;4
4559;0;0
4560;0;0
4561;0;12
4562;0;4
4563;0;0
4564;0;0
4565;0;8
4566;0;0
4567;0;0
4568;0;12
4569;0;8
4570;0;4
4571;0;-4
4572;0;8
4573;0;8
4574;0;4
4575;0;8
4576;0;-4
4577;0;12
4578;0;12
4579;0;4
4580;0;0
4581;0;8
4582;0;12
4583;0;8
4584;0;0
4585;0;4
4586;0;12
4587;0;8
4588;0;4
4589;0;0
4590;0;12
4591;0;12
4592;0;12
4593;0;-4
4594;0;12
4595;0;12
4596;0;12
4597;0;0
4598;0;16
4599;0;12
4600;0;8
4601;0;0
4602;0;12
4603;0;12
4604;0;8
4605;0;8
4606;0;0
4607;0;16
4608;0;12
4609;0;12
4610;0;0
4611;0;12
4612;0;16
4613;0;12
4614;0;12
4615;0;4
4616;0;12
4617;0;12
4618;0;12
4619;0;8
4620;0;4
4621;0;16
4622;0;12
4623;0;12
4624;0;0
4625;0;16
4626;0;12
4627;0;12
4628;0;0
4629;0;12
4630;0;12
4631;0;8
4632;0;4
4633;0;4
4634;0;16
4635;0;8
4636;0;12
4637;0;0
4638;0;12
4639;0;8
4640;0;4
4641;0;8
4642;0;12
4643;0;8
4644;0;0
4645;0;4
4646;0;12
4647;0;8
4648;0;4
4649;0;-4
4650;0;12
4651;0;8
4652;0;8
4653;0;4
4654;0;-4
4655;0;8
4656;0;8
4657;0;8
4658;0;0
4659;0;4
4660;0;8
4661;0;4
4662;0;4
4663;0;-4
4664;0;8
4665;0;8
4666;0;4
4667;0;4
4668;0;0
4669;0;12
4670;0;8
4671;0;-4
4672;0;12
4673;0;8
4674;0;8
4675;0;4
4676;0;0
4677;0;12
4678;0;8
4679;0;8
4680;0;0
4681;0;12
4682;0;12
4683;0;8
4684;0;0
4685;0;8
4686;0;12
4687;0;12
4688;0;8
4689;0;-4
4690;0;16
4691;0;12
4692;0;12
4693;0;0
4694;0;12
4695;0;12
4696;0;12
4697;0;4
4698;0;12
4699;0;12
4700;0;12
4701;0;4
4702;0;16
4703;0;16
4704;0;12
4705;0;4
4706;0;8
4707;0;16
4708;0;16
4709;0;12
4710;0;0
4711;0;16
4712;0;12
4713;0;12
4714;0;4
4715;0;16
4716;0;12
4717;0;12
4718;0;4
4719;0;12
4720;0;12
4721;0;12
4722;0;0
4723;0;12
4724;0;12
4725;0;8
4726;0;0
4727;0;12
4728;0;12
4729;0;12
4730;0;8
4731;0;0
4732;0;12
4733;0;8
4734;0;8
4735;0;-4
4736;0;8
4737;0;8
4738;0;8
4739;0;4
4740;0;0
4741;0;12
4742;0;8
4743;0;-4
4744;0;12
4745;0;8
4746;0;8
4747;0;0
4748;0;4
4749;0;8
4750;0;4
4751;0;0
4752;0;4
4753;0;8
4754;0;8
4755;0;-4
4756;0;4
4757;0;8
4758;0;4
4759;0;4
4760;0;-8
4761;0;8
4762;0;4
4763;0;0
4764;0;0
4765;0;12
4766;0;4
4767;0;0
4768;0;0
4769;0;8
4770;0;8
4771;0;4
4772;0;-4
4773;0;8
4774;0;12
4775;0;8
4776;0;4
4777;0;0
4778;0;12
4779;0;8
4780;0;8
4781;0;0
4782;0;8
4783;0;12
4784;0;4
4785;0;8
4786;0;12
4787;0;8
4788;0;4
4789;0;0
4790;0;12
4791;0;8
4792;0;8
4793;0;4
4794;0;8
4795;0;16
4796;0;12
4797;0;12
4798;0;0
4799;0;12
4800;0;12
4801;0;12
4802;0;8
4803;0;4
4804;0;16
4805;0;16
4806;0;4
4807;0;16
4808;0;12
4809;0;12
4810;0;8
4811;0;12
4812;0;16
4813;0;12
4814;0;12
4815;0;4
4816;0;16
4817;0;12
4818;0;12
4819;0;0
4820;0;16
4821;0;12
4822;0;12
4823;0;4
4824;0;8
4825;0;12
4826;0;8
4827;0;0
4828;0;16
4829;0;8
4830;0;8
4831;0;0
4832;0;8
4833;0;12
4834;0;8
4835;0;4
4836;0;0
4837;0;12
4838;0;8
4839;0;8
4840;0;-4
4841;0;4
4842;0;12
4843;0;8
4844;0;4
4845;0;0
4846;0;8
4847;0;4
4848;0;-4
4849;0;12
4850;0;8
4851;0;4
4852;0;-4
4853;0;8
4854;0;8
4855;0;8
4856;0;4
4857;0;0
4858;0;8
4859;0;8
4860;0;4
4861;0;-4
4862;0;8
4863;0;8
4864;0;4
4865;0;-4
4866;0;8
4867;0;12
4868;0;4
4869;0;0
4870;0;12
4871;0;8
4872;0;4
4873;0;0
4874;0;12
4875;0;8
4876;0;8
4877;0;8
4878;0;0
4879;0;12
4880;0;12
4881;0;8
4882;0;0
4883;0;8
4884;0;12
4885;0;8
4886;0;8
4887;0;0
4888;0;12
4889;0;12
4890;0;8
4891;0;4
4892;0;12
4893;0;12
4894;0;12
4895;0;0
4896;0;12
4897;0;12
4898;0;12
4899;0;0
4900;0;16
4901;0;12
4902;0;12
4903;0;0
4904;0;16
4905;0;12
4906;0;12
4907;0;4
4908;0;8
4909;0;16
4910;0;12
4911;0;8
4912;0;4
4913;0;12
4914;0;12
4915;0;12
4916;0;4
4917;0;16
4918;0;12
4919;0;8
4920;0;0
4921;0;16
4922;0;12
4923;0;8
4924;0;0
4925;0;12
4926;0;16
4927;0;8
4928;0;8
4929;0;0
4930;0;12
4931;0;8
4932;0;8
4933;0;-4
4934;0;12
4935;0;12
4936;0;8
4937;0;8
4938;0;0
4939;0;12
4940;0;8
4941;0;4
4942;0;0
4943;0;8
4944;0;8
4945;0;4
4946;0;0
4947;0;4
4948;0;12
4949;0;4
4950;0;0
4951;0;-8
4952;0;8
4953;0;8
4954;0;4
4955;0;0
4956;0;-4
4957;0;8
4958;0;4
4959;0;4
4960;0;-4
4961;0;4
4962;0;8
4963;0;4
4964;0;0
4965;0;0
4966;0;8
4967;0;4
4968;0;0
4969;0;-8
4970;0;8
4971;0;4
4972;0;-4
4973;0;12
4974;0;8
4975;0;8
4976;0;0
4977;0;4
4978;0;8
4979;0;8
4980;0;4
4981;0;-4
4982;0;12
4983;0;12
4984;0;8
4985;0;4
4986;0;4
4987;0;12
4988;0;8
4989;0;8
4990;0;0
4991;0;12
4992;0;12
4993;0;4
4994;0;8
4995;0;12
4996;0;12
4997;0;8
4998;0;4
4999;0;16
5000;0;12
5001;0;12
5002;0;0
5003;0;12
5004;0;16
5005;0;12
5006;0;4
5007;0;12
5008;0;16
5009;0;12
5010;0;4
5011;0;8
5012;0;16
5013;0;8
5014;0;0
5015;0;16
5016;0;12
5017;0;12
5018;0;0
5019;0;12
5020;0;12
5021;0;12
5022;0;0
5023;0;12
5024;0;12
5025;0;8
5026;0;0
5027;0;12
5028;0;12
5029;0;12
5030;0;4
5031;0;8
5032;0;12
5033;0;8
5034;0;4
5035;0;4
5036;0;12
5037;0;12
5038;0;8
5039;0;0
5040;0;12
5041;0;8
5042;0;8
5043;0;0
5044;0;4
5045;0;8
5046;0;8
5047;0;0
5048;0;0
5049;0;12
5050;0;8
5051;0;4
5052;0;-4
5053;0;8
5054;0;4
5055;0;-4
5056;0;4
5057;0;8
5058;0;4
5059;0;-4
5060;0;8
5061;0;8
5062;0;4
5063;0;4
5064;0;-4
5065;0;8
5066;0;8
5067;0;4
5068;0;-4
5069;0;4
5070;0;8
5071;0;8
5072;0;4
5073;0;-4
5074;0;8
5075;0;8
5076;0;-4
5077;0;8
5078;0;8
5079;0;8
5080;0;0
5081;0;4
5082;0;12
5083;0;8
5084;0;8
5085;0;0
5086;0;8
5087;0;12
5088;0;8
5089;0;4
5090;0;4
5091;0;12
5092;0;12
5093;0;8
5094;0;0
5095;0;12
5096;0;12
5097;0;4
5098;0;8
5099;0;16
5100;0;12
5101;0;8
5102;0;8
5103;0;16
5104;0;12
5105;0;12
5106;0;4
5107;0;12
5108;0;16
5109;0;12
5110;0;12
5111;0;8
5112;0;16
5113;0;12
5114;0;12
5115;0;4
5116;0;12
5117;0;12
5118;0;8
5119;0;0
5120;0;12
5121;0;12
5122;0;8
5123;0;0
5124;0;12
5125;0;12
5126;0;8
5127;0;8
5128;0;0
5129;0;12
5130;0;12
5131;0;8
5132;0;8
5133;0;0
5134;0;12
5135;0;12
5136;0;8
5137;0;4
5138;0;0
5139;0;12
5140;0;8
5141;0;8
5142;0;0
5143;0;8
5144;0;8
5145;0;8
5146;0;4
5147;0;4
5148;0;8
5149;0;4
5150;0;-4
5151;0;12
5152;0;8
5153;0;4
5154;0;-4
5155;0;8
5156;0;8
5157;0;4
5158;0;4
5159;0;0
5160;0;4
5161;0;8
5162;0;8
5163;0;-4
5164;0;0
5165;0;8
5166;0;8
5167;0;4
5168;0;-4
5169;0;12
5170;0;8
5171;0;8
5172;0;-4
5173;0;8
5174;0;8
5175;0;8
5176;0;4
5177;0;0
5178;0;12
5179;0;8
5180;0;0
5181;0;8
5182;0;12
5183;0;8
5184;0;8
5185;0;0
5186;0;12
5187;0;8
5188;0;8
5189;0;4
5190;0;8
5191;0;16
5192;0;12
5193;0;8
5194;0;4
5195;0;12
5196;0;12
5197;0;8
5198;0;4
5199;0;12
5200;0;16
5201;0;4
5202;0;12
5203;0;16
5204;0;12
5205;0;8
5206;0;4
5207;0;16
5208;0;12
5209;0;12
5210;0;4
5211;0;12
5212;0;12
5213;0;12
5214;0;4
5215;0;8
5216;0;12
5217;0;12
5218;0;12
5219;0;0
5220;0;12
5221;0;12
5222;0;4
5223;0;0
5224;0;12
5225;0;8
5226;0;8
5227;0;-4
5228;0;12
5229;0;8
5230;0;8
5231;0;0
5232;0;0
5233;0;12
5234;0;8
5235;0;4
5236;0;-4
5237;0;8
5238;0;8
5239;0;8
5240;0;8
5241;0;-4
5242;0;8
5243;0;4
5244;0;4
5245;0;-4
5246;0;4
5247;0;8
5248;0;4
5249;0;0
5250;0;-4
5251;0;8
5252;0;8
5253;0;-4
5254;0;8
5255;0;8
5256;0;4
5257;0;-4
5258;0;4
5259;0;8
5260;0;4
5261;0;4
5262;0;-8
5263;0;4
5264;0;8
5265;0;4
5266;0;-4
5267;0;8
5268;0;8
5269;0;8
5270;0;-4
5271;0;8
5272;0;8
5273;0;8
5274;0;0
5275;0;12
5276;0;12
5277;0;8
5278;0;4
5279;0;0
5280;0;12
5281;0;8
5282;0;8
5283;0;0
5284;0;12
5285;0;12
5286;0;8
5287;0;4
5288;0;8
5289;0;12
5290;0;12
5291;0;8
5292;0;0
5293;0;12
5294;0;12
5295;0;0
5296;0;16
5297;0;12
5298;0;12
5299;0;8
5300;0;4
5301;0;16
5302;0;12
5303;0;12
5304;0;4
5305;0;12
5306;0;16
5307;0;12
5308;0;4
5309;0;8
5310;0;12
5311;0;12
5312;0;12
5313;0;0
5314;0;12
5315;0;16
5316;0;4
5317;0;12
5318;0;12
5319;0;12
5320;0;4
5321;0;12
5322;0;12
5323;0;12
5324;0;4
5325;0;4
5326;0;12
5327;0;8
5328;0;0
5329;0;4
5330;0;12
5331;0;8
5332;0;4
5333;0;0
5334;0;12
5335;0;8
5336;0;0
5337;0;0
5338;0;8
5339;0;8
5340;0;0
5341;0;0
5342;0;8
5343;0;8
5344;0;4
5345;0;-4
5346;0;8
5347;0;8
5348;0;4
5349;0;0
5350;0;4
5351;0;8
5352;0;8
5353;0;0
5354;0;-4
5355;0;8
5356;0;8
5357;0;-4
5358;0;8
5359;0;12
5360;0;4
5361;0;4
5362;0;-4
5363;0;8
5364;0;8
5365;0;4
5366;0;0
5367;0;0
5368;0;12
5369;0;8
5370;0;4
5371;0;0
5372;0;8
5373;0;8
5374;0;8
5375;0;8
5376;0;0
5377;0;12
5378;0;8
5379;0;-4
5380;0;12
5381;0;8
5382;0;8
5383;0;0
5384;0;8
5385;0;8
5386;0;8
5387;0;4
5388;0;4
5389;0;16
5390;0;12
5391;0;12
5392;0;4
5393;0;8
5394;0;12
5395;0;12
5396;0;12
5397;0;4
5398;0;16
5399;0;12
5400;0;12
5401;0;8
5402;0;4
5403;0;16
5404;0;12
5405;0;12
5406;0;4
5407;0;12
5408;0;12
5409;0;4
5410;0;8
5411;0;16
5412;0;12
5413;0;12
5414;0;0
5415;0;12
5416;0;12
5417;0;12
5418;0;8
5419;0;4
5420;0;16
5421;0;12
5422;0;8
5423;0;4
5424;0;12
5425;0;12
5426;0;8
5427;0;0
5428;0;16
5429;0;8
5430;0;0
5431;0;8
5432;0;12
5433;0;8
5434;0;8
5435;0;0
5436;0;12
5437;0;8
5438;0;8
5439;0;0
5440;0;0
5441;0;8
5442;0;4
5443;0;4
5444;0;-4
5445;0;8
5446;0;8
5447;0;4
5448;0;4
5449;0;-4
5450;0;12
5451;0;8
5452;0;8
5453;0;-4
5454;0;12
5455;0;8
5456;0;4
5457;0;-4
5458;0;8
5459;0;8
5460;0;4
5461;0;0
5462;0;0
5463;0;12
5464;0;8
5465;0;4
5466;0;-4
5467;0;12
5468;0;8
5469;0;4
5470;0;0
5471;0;8
5472;0;8
5473;0;8
5474;0;-4
5475;0;8
5476;0;8
5477;0;8
5478;0;4
5479;0;4
5480;0;8
5481;0;8
5482;0;0
5483;0;8
5484;0;12
5485;0;8
5486;0;8
5487;0;0
5488;0;12
5489;0;8
5490;0;8
5491;0;0
5492;0;16
5493;0;12
5494;0;8
5495;0;4
5496;0;4
5497;0;12
5498;0;12
5499;0;4
5500;0;4
5501;0;12
5502;0;12
5503;0;0
5504;0;12
5505;0;16
5506;0;12
5507;0;4
5508;0;8
5509;0;16
5510;0;12
5511;0;12
5512;0;0
5513;0;16
5514;0;12
5515;0;12
5516;0;4
5517;0;20
5518;0;12
5519;0;8
5520;0;8
5521;0;16
5522;0;12
5523;0;8
5524;0;0
5525;0;12
5526;0;12
5527;0;8
5528;0;0
5529;0;8
5530;0;12
5531;0;8
5532;0;8
5533;0;0
5534;0;12
5535;0;8
5536;0;8
5537;0;0
5538;0;12
5539;0;12
5540;0;8
5541;0;0
5542;0;12
5543;0;8
5544;0;4
5545;0;-4
5546;0;8
5547;0;4
5548;0;4
5549;0;-4
5550;0;8
5551;0;8
5552;0;4
5553;0;-4
5554;0;4
5555;0;8
5556;0;4
5557;0;0
5558;0;-4
5559;0;8
5560;0;4
5561;0;4
5562;0;-4
5563;0;8
5564;0;8
5565;0;4
5566;0;0
5567;0;12
5568;0;8
5569;0;8
5570;0;-4
5571;0;12
5572;0;8
5573;0;4
5574;0;-4
5575;0;16
5576;0;12
5577;0;-4
5578;0;12
5579;0;8
5580;0;8
5581;0;0
5582;0;4
5583;0;12
5584;0;8
5585;0;4
5586;0;4
5587;0;4
5588;0;12
5589;0;8
5590;0;12
5591;0;12
5592;0;8
5593;0;8
5594;0;4
5595;0;4
5596;0;16
5597;0;8
5598;0;8
5599;0;8
5600;0;16
5601;0;12
5602;0;12
5603;0;0
5604;0;16
5605;0;12
5606;0;12
5607;0;4
5608;0;12
5609;0;16
5610;0;12
5611;0;12
5612;0;0
5613;0;16
5614;0;12
5615;0;12
5616;0;4
5617;0;8
5618;0;16
5619;0;12
5620;0;4
5621;0;8
5622;0;16
5623;0;12
5624;0;12
5625;0;4
5626;0;12
5627;0;12
5628;0;12
5629;0;8
5630;0;8
5631;0;0
5632;0;16
5633;0;12
5634;0;8
5635;0;0
5636;0;12
5637;0;8
5638;0;0
5639;0;0
5640;0;8
5641;0;4
5642;0;8
5643;0;-4
5644;0;8
5645;0;8
5646;0;4
5647;0;-4
5648;0;4
5649;0;8
5650;0;4
5651;0;0
5652;0;8
5653;0;8
5654;0;4
5655;0;0
5656;0;4
5657;0;8
5658;0;4
5659;0;0
5660;0;4
5661;0;12
5662;0;4
5663;0;4
5664;0;-4
5665;0;8
5666;0;8
5667;0;4
5668;0;4
5669;0;-4
5670;0;12
5671;0;8
5672;0;8
5673;0;0
5674;0;4
5675;0;8
5676;0;8
5677;0;4
5678;0;-4
5679;0;12
5680;0;8
5681;0;-4
5682;0;12
5683;0;8
5684;0;4
5685;0;0
5686;0;8
5687;0;12
5688;0;8
5689;0;8
5690;0;4
5691;0;8
5692;0;12
5693;0;12
5694;0;8
5695;0;0
5696;0;16
5697;0;12
5698;0;12
5699;0;0
5700;0;8
5701;0;16
5702;0;12
5703;0;12
5704;0;4
5705;0;20
5706;0;16
5707;0;12
5708;0;4
5709;0;20
5710;0;16
5711;0;8
5712;0;8
5713;0;16
5714;0;12
5715;0;12
5716;0;4
5717;0;16
5718;0;12
5719;0;12
5720;0;4
5721;0;12
5722;0;8
5723;0;8
5724;0;0
5725;0;12
5726;0;12
5727;0;8
5728;0;8
5729;0;0
5730;0;8
5731;0;12
5732;0;4
5733;0;0
5734;0;12
5735;0;8
5736;0;8
5737;0;0
5738;0;8
5739;0;12
5740;0;8
5741;0;8
5742;0;0
5743;0;-4
5744;0;8
5745;0;4
5746;0;4
5747;0;-4
5748;0;12
5749;0;8
5750;0;4
5751;0;-4
5752;0;8
5753;0;8
5754;0;4
5755;0;-4
5756;0;8
5757;0;8
5758;0;8
5759;0;0
5760;0;0
5761;0;12
5762;0;4
5763;0;4
5764;0;0
5765;0;8
5766;0;8
5767;0;4
5768;0;-4
5769;0;8
5770;0;8
5771;0;4
5772;0;0
5773;0;8
5774;0;12
5775;0;8
5776;0;8
5777;0;0
5778;0;12
5779;0;8
5780;0;8
5781;0;-4
5782;0;8
5783;0;12
5784;0;12
5785;0;4
5786;0;16
5787;0;12
5788;0;12
5789;0;0
5790;0;12
5791;0;12
5792;0;8
5793;0;4
5794;0;4
5795;0;12
5796;0;12
5797;0;8
5798;0;0
5799;0;16
5800;0;12
5801;0;8
5802;0;0
5803;0;16
5804;0;12
5805;0;4
5806;0;12
5807;0;12
5808;0;12
5809;0;8
5810;0;8
5811;0;12
5812;0;12
5813;0;4
5814;0;8
5815;0;12
5816;0;8
5817;0;4
5818;0;16
5819;0;12
5820;0;8
5821;0;0
5822;0;12
5823;0;16
5824;0;8
5825;0;8
5826;0;-4
5827;0;12
5828;0;8
5829;0;8
5830;0;0
5831;0;12
5832;0;8
5833;0;8
5834;0;8
5835;0;4
5836;0;8
5837;0;8
5838;0;4
5839;0;-4
5840;0;8
5841;0;8
5842;0;4
5843;0;-4
5844;0;8
5845;0;12
5846;0;4
5847;0;-4
5848;0;8
5849;0;4
5850;0;4
5851;0;-8
5852;0;8
5853;0;4
5854;0;4
5855;0;4
5856;0;-4
5857;0;12
5858;0;8
5859;0;4
5860;0;-4
5861;0;8
5862;0;8
5863;0;4
5864;0;4
5865;0;0
5866;0;12
5867;0;8
5868;0;0
5869;0;8
5870;0;8
5871;0;8
5872;0;0
5873;0;4
5874;0;12
5875;0;8
5876;0;4
5877;0;0
5878;0;12
5879;0;8
5880;0;8
5881;0;0
5882;0;12
5883;0;8
5884;0;8
5885;0;-4
5886;0;12
5887;0;8
5888;0;8
5889;0;4
5890;0;16
5891;0;12
5892;0;8
5893;0;0
5894;0;12
5895;0;12
5896;0;8
5897;0;8
5898;0;4
5899;0;16
5900;0;12
5901;0;12
5902;0;0
5903;0;16
5904;0;12
5905;0;12
5906;0;4
5907;0;8
5908;0;12
5909;0;8
5910;0;8
5911;0;16
5912;0;12
5913;0;12
5914;0;4
5915;0;16
5916;0;16
5917;0;12
5918;0;8
5919;0;4
5920;0;12
5921;0;12
5922;0;8
5923;0;4
5924;0;8
5925;0;16
5926;0;8
5927;0;8
5928;0;0
5929;0;16
5930;0;12
5931;0;0
5932;0;12
5933;0;12
5934;0;8
5935;0;0
5936;0;8
5937;0;12
5938;0;8
5939;0;0
5940;0;4
5941;0;8
5942;0;8
5943;0;0
5944;0;0
5945;0;8
5946;0;8
5947;0;8
5948;0;-4
5949;0;8
5950;0;8
5951;0;-4
5952;0;8
5953;0;8
5954;0;4
5955;0;-8
5956;0;8
5957;0;4
5958;0;4
5959;0;4
5960;0;-4
5961;0;12
5962;0;8
5963;0;4
5964;0;-4
5965;0;8
5966;0;8
5967;0;4
5968;0;-4
5969;0;8
5970;0;8
5971;0;8
5972;0;-4
5973;0;12
5974;0;12
5975;0;8
5976;0;0
5977;0;8
5978;0;12
5979;0;8
5980;0;4
5981;0;4
5982;0;12
5983;0;8
5984;0;8
5985;0;0
5986;0;12
5987;0;8
5988;0;8
5989;0;0
5990;0;8
5991;0;12
5992;0;8
5993;0;0
5994;0;16
5995;0;8
5996;0;8
5997;0;4
5998;0;8
5999;0;16
6000;0;12
6001;0;8
6002;0;0
6003;0;16
6004;0;12
6005;0;12
6006;0;8
6007;0;4
6008;0;16
6009;0;12
6010;0;12
6011;0;4
6012;0;8
6013;0;12
6014;0;8
6015;0;4
6016;0;12
6017;0;12
6018;0;12
6019;0;8
6020;0;8
6021;0;4
6022;0;16
6023;0;12
6024;0;0
6025;0;12
6026;0;12
6027;0;12
6028;0;4
6029;0;8
6030;0;12
6031;0;12
6032;0;8
6033;0;4
6034;0;4
6035;0;12
6036;0;12
6037;0;4
6038;0;0
6039;0;12
6040;0;12
6041;0;8
6042;0;0
6043;0;8
6044;0;12
6045;0;8
6046;0;4
6047;0;0
6048;0;8
6049;0;8
6050;0;8
6051;0;4
6052;0;0
6053;0;12
6054;0;8
6055;0;0
6056;0;8
6057;0;12
6058;0;4
6059;0;4
6060;0;0
6061;0;12
6062;0;8
6063;0;4
6064;0;0
6065;0;8
6066;0;8
6067;0;4
6068;0;-4
6069;0;12
6070;0;8
6071;0;8
6072;0;4
6073;0;-4
6074;0;12
6075;0;8
6076;0;0
6077;0;8
6078;0;12
6079;0;8
6080;0;8
6081;0;-4
6082;0;12
6083;0;12
6084;0;8
6085;0;4
6086;0;4
6087;0;16
6088;0;12
6089;0;8
6090;0;0
6091;0;12
6092;0;12
6093;0;12
6094;0;8
6095;0;4
6096;0;16
6097;0;8
6098;0;0
6099;0;16
6100;0;12
6101;0;8
6102;0;0
6103;0;12
6104;0;12
6105;0;12
6106;0;12
6107;0;4
6108;0;12
6109;0;12
6110;0;12
6111;0;8
6112;0;0
6113;0;16
6114;0;12
6115;0;12
6116;0;4
6117;0;12
6118;0;12
6119;0;12
6120;0;4
6121;0;12
6122;0;12
6123;0;12
6124;0;4
6125;0;4
6126;0;16
6127;0;12
6128;0;0
6129;0;12
6130;0;8
6131;0;8
6132;0;8
6133;0;0
6134;0;12
6135;0;8
6136;0;4
6137;0;0
6138;0;4
6139;0;8
6140;0;4
6141;0;4
6142;0;-4
6143;0;8
6144;0;8
6145;0;4
6146;0;-8
6147;0;12
6148;0;4
6149;0;-4
6150;0;8
6151;0;4
6152;0;4
6153;0;-4
6154;0;8
6155;0;8
6156;0;4
6157;0;0
6158;0;-4
6159;0;8
6160;0;4
6161;0;4
6162;0;-8
6163;0;8
6164;0;8
6165;0;4
6166;0;4
6167;0;-4
6168;0;8
6169;0;8
6170;0;4
6171;0;4
6172;0;8
6173;0;8
6174;0;4
6175;0;-4
6176;0;12
6177;0;8
6178;0;4
6179;0;0
6180;0;8
6181;0;12
6182;0;8
6183;0;8
6184;0;0
6185;0;12
6186;0;12
6187;0;8
6188;0;0
6189;0;8
6190;0;12
6191;0;8
6192;0;0
6193;0;8
6194;0;12
6195;0;8
6196;0;8
6197;0;0
6198;0;12
6199;0;8
6200;0;12
6201;0;4
6202;0;12
6203;0;12
6204;0;8
6205;0;8
6206;0;4
6207;0;16
6208;0;12
6209;0;8
6210;0;4
6211;0;8
6212;0;16
6213;0;12
6214;0;12
6215;0;0
6216;0;16
6217;0;12
6218;0;12
6219;0;8
6220;0;8
6221;0;12
6222;0;8
6223;0;0
6224;0;12
6225;0;12
6226;0;8
6227;0;8
6228;0;0
6229;0;12
6230;0;12
6231;0;8
6232;0;0
6233;0;4
6234;0;12
6235;0;4
6236;0;4
6237;0;-4
6238;0;12
6239;0;8
6240;0;4
6241;0;4
6242;0;0
6243;0;0
6244;0;12
6245;0;8
6246;0;4
6247;0;-4
6248;0;12
6249;0;4
6250;0;4
6251;0;0
6252;0;0
6253;0;8
6254;0;4
6255;0;4
6256;0;-4
6257;0;8
6258;0;8
6259;0;4
6260;0;0
6261;0;4
6262;0;8
6263;0;4
6264;0;0
6265;0;8
6266;0;8
6267;0;4
6268;0;-4
6269;0;8
6270;0;8
6271;0;8
6272;0;4
6273;0;4
6274;0;12
6275;0;12
6276;0;8
6277;0;0
6278;0;12
6279;0;12
6280;0;4
6281;0;-4
6282;0;12
6283;0;8
6284;0;4
6285;0;8
6286;0;12
6287;0;12
6288;0;8
6289;0;0
6290;0;16
6291;0;12
6292;0;12
6293;0;4
6294;0;8
6295;0;16
6296;0;12
6297;0;8
6298;0;8
6299;0;12
6300;0;12
6301;0;12
6302;0;4
6303;0;12
6304;0;12
6305;0;8
6306;0;12
6307;0;12
6308;0;8
6309;0;8
6310;0;0
6311;0;16
6312;0;12
6313;0;12
6314;0;4
6315;0;8
6316;0;12
6317;0;8
6318;0;4
6319;0;8
6320;0;16
6321;0;8
6322;0;12
6323;0;0
6324;0;12
6325;0;12
6326;0;0
6327;0;8
6328;0;12
6329;0;8
6330;0;8
6331;0;0
6332;0;12
6333;0;8
6334;0;8
6335;0;0
6336;0;12
6337;0;8
6338;0;8
6339;0;-4
6340;0;8
6341;0;8
6342;0;4
6343;0;0
6344;0;4
6345;0;12
6346;0;8
6347;0;-4
6348;0;12
6349;0;8
6350;0;8
6351;0;4
6352;0;0
6353;0;12
6354;0;8
6355;0;4
6356;0;-4
6357;0;8
6358;0;8
6359;0;4
6360;0;0
6361;0;0
6362;0;8
6363;0;8
6364;0;8
6365;0;-4
6366;0;4
6367;0;12
6368;0;4
6369;0;0
6370;0;12
6371;0;4
6372;0;4
6373;0;0
6374;0;4
6375;0;8
6376;0;4
6377;0;4
6378;0;0
6379;0;8
6380;0;12
6381;0;8
6382;0;4
6383;0;4
6384;0;12
6385;0;8
6386;0;8
6387;0;4
6388;0;4
6389;0;16
6390;0;12
6391;0;12
6392;0;0
6393;0;12
6394;0;12
6395;0;12
6396;0;4
6397;0;12
6398;0;12
6399;0;12
6400;0;0
6401;0;16
6402;0;12
6403;0;8
6404;0;4
6405;0;12
6406;0;12
6407;0;8
6408;0;4
6409;0;8
6410;0;12
6411;0;12
6412;0;12
6413;0;4
6414;0;12
6415;0;16
6416;0;12
6417;0;4
6418;0;12
6419;0;12
6420;0;8
6421;0;0
6422;0;16
6423;0;12
6424;0;12
6425;0;0
6426;0;16
6427;0;12
6428;0;8
6429;0;0
6430;0;8
6431;0;12
6432;0;8
6433;0;4
6434;0;4
6435;0;12
6436;0;8
6437;0;4
6438;0;0
6439;0;12
6440;0;4
6441;0;-4
6442;0;12
6443;0;8
6444;0;4
6445;0;-4
6446;0;8
6447;0;8
6448;0;4
6449;0;4
6450;0;-4
6451;0;8
6452;0;4
6453;0;4
6454;0;-4
6455;0;4
6456;0;8
6457;0;4
6458;0;0
6459;0;0
6460;0;4
6461;0;4
6462;0;-4
6463;0;8
6464;0;4
6465;0;4
6466;0;-4
6467;0;8
6468;0;8
6469;0;4
6470;0;0
6471;0;0
6472;0;12
6473;0;8
6474;0;8
6475;0;-4
6476;0;8
6477;0;8
6478;0;8
6479;0;8
6480;0;0
6481;0;12
6482;0;8
6483;0;0
6484;0;16
6485;0;12
6486;0;8
6487;0;-4
6488;0;12
6489;0;12
6490;0;8
6491;0;4
6492;0;8
6493;0;16
6494;0;12
6495;0;8
6496;0;4
6497;0;16
6498;0;12
6499;0;12
6500;0;8
6501;0;8
6502;0;16
6503;0;12
6504;0;4
6505;0;16
6506;0;16
6507;0;12
6508;0;12
6509;0;0
6510;0;16
6511;0;16
6512;0;12
6513;0;4
6514;0;4
6515;0;16
6516;0;12
6517;0;12
6518;0;0
6519;0;12
6520;0;12
6521;0;12
6522;0;4
6523;0;4
6524;0;12
6525;0;8
6526;0;8
6527;0;0
6528;0;12
6529;0;12
6530;0;8
6531;0;0
6532;0;4
6533;0;16
6534;0;4
6535;0;4
6536;0;12
6537;0;8
6538;0;8
6539;0;4
6540;0;0
6541;0;12
6542;0;8
6543;0;8
6544;0;0
6545;0;-4
6546;0;8
6547;0;8
6548;0;4
6549;0;-4
6550;0;8
6551;0;8
6552;0;4
6553;0;0
6554;0;4
6555;0;8
6556;0;4
6557;0;4
6558;0;-4
6559;0;12
6560;0;4
6561;0;4
6562;0;-4
6563;0;8
6564;0;4
6565;0;0
6566;0;0
6567;0;8
6568;0;4
6569;0;4
6570;0;-4
6571;0;4
6572;0;4
6573;0;8
6574;0;0
6575;0;0
6576;0;12
6577;0;8
6578;0;8
6579;0;-4
6580;0;12
6581;0;8
6582;0;8
6583;0;0
6584;0;8
6585;0;12
6586;0;8
6587;0;0
6588;0;12
6589;0;12
6590;0;8
6591;0;0
6592;0;12
6593;0;12
6594;0;8
6595;0;4
6596;0;8
6597;0;16
6598;0;12
6599;0;4
6600;0;8
6601;0;12
6602;0;12
6603;0;8
6604;0;4
6605;0;16
6606;0;12
6607;0;4
6608;0;12
6609;0;16
6610;0;12
6611;0;8
6612;0;4
6613;0;16
6614;0;12
6615;0;8
6616;0;4
6617;0;16
6618;0;12
6619;0;8
6620;0;0
6621;0;12
6622;0;12
6623;0;12
6624;0;0
6625;0;12
6626;0;12
6627;0;12
6628;0;0
6629;0;12
6630;0;12
6631;0;8
6632;0;8
6633;0;0
6634;0;12
6635;0;8
6636;0;8
6637;0;4
6638;0;8
6639;0;8
6640;0;8
6641;0;0
6642;0;8
6643;0;8
6644;0;4
6645;0;0
6646;0;0
6647;0;12
6648;0;8
6649;0;-8
6650;0;8
6651;0;8
6652;0;4
6653;0;4
6654;0;-4
6655;0;12
6656;0;8
6657;0;8
6658;0;-4
6659;0;8
6660;0;8
6661;0;8
6662;0;4
6663;0;0
6664;0;8
6665;0;4
6666;0;4
6667;0;0
6668;0;0
6669;0;12
6670;0;4
6671;0;-4
6672;0;12
6673;0;8
6674;0;8
6675;0;4
6676;0;4
6677;0;12
6678;0;8
6679;0;8
6680;0;0
6681;0;8
6682;0;8
6683;0;8
6684;0;0
6685;0;8
6686;0;12
6687;0;12
6688;0;8
6689;0;0
6690;0;16
6691;0;12
6692;0;12
6693;0;4
6694;0;12
6695;0;12
6696;0;8
6697;0;8
6698;0;0
6699;0;16
6700;0;12
6701;0;4
6702;0;16
6703;0;16
6704;0;12
6705;0;8
6706;0;12
6707;0;16
6708;0;12
6709;0;12
6710;0;4
6711;0;16
6712;0;16
6713;0;12
6714;0;4
6715;0;12
6716;0;16
6717;0;12
6718;0;12
6719;0;4
6720;0;16
6721;0;12
6722;0;0
6723;0;12
6724;0;12
6725;0;8
6726;0;8
6727;0;0
6728;0;12
6729;0;12
6730;0;8
6731;0;0
6732;0;12
6733;0;8
6734;0;8
6735;0;8
6736;0;-4
6737;0;8
6738;0;8
6739;0;8
6740;0;-4
6741;0;8
6742;0;8
6743;0;4
6744;0;0
6745;0;8
6746;0;4
6747;0;8
6748;0;-4
6749;0;8
6750;0;8
6751;0;4
6752;0;8
6753;0;-4
6754;0;8
6755;0;8
6756;0;4
6757;0;4
6758;0;0
6759;0;12
6760;0;4
6761;0;8
6762;0;-4
6763;0;4
6764;0;4
6765;0;8
6766;0;8
6767;0;4
6768;0;4
6769;0;-4
6770;0;8
6771;0;8
6772;0;4
6773;0;0
6774;0;8
6775;0;12
6776;0;8
6777;0;4
6778;0;0
6779;0;12
6780;0;8
6781;0;8
6782;0;0
6783;0;8
6784;0;12
6785;0;8
6786;0;4
6787;0;8
6788;0;16
6789;0;12
6790;0;8
6791;0;4
6792;0;16
6793;0;8
6794;0;8
6795;0;0
6796;0;16
6797;0;12
6798;0;12
6799;0;0
6800;0;12
6801;0;12
6802;0;8
6803;0;12
6804;0;0
6805;0;16
6806;0;12
6807;0;12
6808;0;8
6809;0;12
6810;0;12
6811;0;12
6812;0;0
6813;0;12
6814;0;12
6815;0;8
6816;0;4
6817;0;16
6818;0;12
6819;0;8
6820;0;8
6821;0;16
6822;0;12
6823;0;8
6824;0;8
6825;0;16
6826;0;8
6827;0;0
6828;0;12
6829;0;12
6830;0;12
6831;0;0
6832;0;12
6833;0;12
6834;0;8
6835;0;8
6836;0;0
6837;0;4
6838;0;8
6839;0;8
6840;0;4
6841;0;-4
6842;0;8
6843;0;8
6844;0;8
6845;0;-4
6846;0;12
6847;0;8
6848;0;4
6849;0;-4
6850;0;8
6851;0;8
6852;0;4
6853;0;0
6854;0;4
6855;0;8
6856;0;4
6857;0;-4
6858;0;4
6859;0;8
6860;0;8
6861;0;0
6862;0;-4
6863;0;4
6864;0;8
6865;0;4
6866;0;-4
6867;0;8
6868;0;8
6869;0;8
6870;0;0
6871;0;4
6872;0;12
6873;0;8
6874;0;4
6875;0;0
6876;0;12
6877;0;8
6878;0;4
6879;0;8
6880;0;12
6881;0;12
6882;0;4
6883;0;4
6884;0;12
6885;0;12
6886;0;4
6887;0;0
6888;0;16
6889;0;12
6890;0;12
6891;0;0
6892;0;16
6893;0;16
6894;0;12
6895;0;4
6896;0;16
6897;0;12
6898;0;12
6899;0;0
6900;0;16
6901;0;12
6902;0;12
6903;0;0
6904;0;16
6905;0;12
6906;0;12
6907;0;0
6908;0;12
6909;0;12
6910;0;12
6911;0;4
6912;0;12
6913;0;16
6914;0;12
6915;0;8
6916;0;4
6917;0;16
6918;0;12
6919;0;8
6920;0;0
6921;0;16
6922;0;12
6923;0;12
6924;0;4
6925;0;12
6926;0;12
6927;0;12
6928;0;8
6929;0;4
6930;0;12
6931;0;8
6932;0;8
6933;0;0
6934;0;12
6935;0;12
6936;0;8
6937;0;8
6938;0;0
6939;0;12
6940;0;8
6941;0;-4
6942;0;12
6943;0;8
6944;0;8
6945;0;0
6946;0;8
6947;0;12
6948;0;8
6949;0;0
6950;0;4
6951;0;8
6952;0;4
6953;0;4
6954;0;0
6955;0;8
6956;0;8
6957;0;4
6958;0;0
6959;0;-4
6960;0;8
6961;0;4
6962;0;0
6963;0;0
6964;0;8
6965;0;4
6966;0;4
6967;0;0
6968;0;8
6969;0;8
6970;0;4
6971;0;12
6972;0;-4
6973;0;12
6974;0;12
6975;0;8
6976;0;0
6977;0;12
6978;0;8
6979;0;8
6980;0;-4
6981;0;8
6982;0;12
6983;0;8
6984;0;0
6985;0;12
6986;0;12
6987;0;8
6988;0;0
6989;0;8
6990;0;12
6991;0;8
6992;0;8
6993;0;0
6994;0;16
6995;0;12
6996;0;12
6997;0;4
6998;0;12
6999;0;12
7000;0;12
7001;0;12
7002;0;0
7003;0;16
7004;0;12
7005;0;12
7006;0;0
7007;0;12
7008;0;12
7009;0;12
7010;0;8
7011;0;4
7012;0;12
7013;0;12
7014;0;0
7015;0;16
7016;0;12
7017;0;12
7018;0;0
7019;0;12
7020;0;12
7021;0;8
7022;0;4
7023;0;8
7024;0;12
7025;0;8
7026;0;8
7027;0;0
7028;0;12
7029;0;12
7030;0;8
7031;0;0
7032;0;12
7033;0;12
7034;0;4
7035;0;0
7036;0;12
7037;0;4
7038;0;4
7039;0;0
7040;0;8
7041;0;8
7042;0;8
7043;0;4
7044;0;0
7045;0;8
7046;0;8
7047;0;4
7048;0;-4
7049;0;8
7050;0;8
7051;0;8
7052;0;8
7053;0;-8
7054;0;12
7055;0;4
7056;0;-4
7057;0;8
7058;0;8
7059;0;8
7060;0;0
7061;0;0
7062;0;8
7063;0;8
7064;0;4
7065;0;4
7066;0;0
7067;0;12
7068;0;4
7069;0;4
7070;0;-4
7071;0;12
7072;0;4
7073;0;4
7074;0;-4
7075;0;12
7076;0;12
7077;0;8
7078;0;-4
7079;0;12
7080;0;8
7081;0;8
7082;0;0
7083;0;12
7084;0;12
7085;0;8
7086;0;4
7087;0;4
7088;0;16
7089;0;8
7090;0;12
7091;0;0
7092;0;12
7093;0;12
7094;0;8
7095;0;0
7096;0;8
7097;0;12
7098;0;12
7099;0;8
7100;0;0
7101;0;16
7102;0;12
7103;0;12
7104;0;0
7105;0;12
7106;0;12
7107;0;8
7108;0;12
7109;0;16
7110;0;12
7111;0;8
7112;0;12
7113;0;16
7114;0;12
7115;0;8
7116;0;8
7117;0;16
7118;0;12
7119;0;8
7120;0;8
7121;0;16
7122;0;12
7123;0;12
7124;0;4
7125;0;8
7126;0;16
7127;0;12
7128;0;0
7129;0;12
7130;0;12
7131;0;8
7132;0;0
7133;0;8
7134;0;12
7135;0;8
7136;0;8
7137;0;0
7138;0;12
7139;0;12
7140;0;8
7141;0;4
7142;0;0
7143;0;12
7144;0;8
7145;0;8
7146;0;-4
7147;0;12
7148;0;8
7149;0;4
7150;0;-4
7151;0;8
7152;0;8
7153;0;4
7154;0;-4
7155;0;8
7156;0;8
7157;0;8
7158;0;4
7159;0;-4
7160;0;4
7161;0;8
7162;0;8
7163;0;4
7164;0;-4
7165;0;12
7166;0;8
7167;0;8
7168;0;-4
7169;0;8
7170;0;8
7171;0;12
7172;0;0
7173;0;12
7174;0;8
7175;0;4
7176;0;0
7177;0;8
7178;0;12
7179;0;8
7180;0;0
7181;0;12
7182;0;12
7183;0;8
7184;0;4
7185;0;0
7186;0;12
7187;0;12
7188;0;8
7189;0;0
7190;0;16
7191;0;12
7192;0;12
7193;0;4
7194;0;12
7195;0;12
7196;0;12
7197;0;0
7198;0;12
7199;0;16
7200;0;12
7201;0;0
7202;0;16
7203;0;16
7204;0;12
7205;0;4
7206;0;12
7207;0;16
7208;0;12
7209;0;8
7210;0;4
7211;0;16
7212;0;12
7213;0;8
7214;0;4
7215;0;16
7216;0;16
7217;0;12
7218;0;4
7219;0;20
7220;0;12
7221;0;8
7222;0;0
7223;0;12
7224;0;12
7225;0;12
7226;0;4
7227;0;12
7228;0;12
7229;0;12
7230;0;8
7231;0;0
7232;0;12
7233;0;12
7234;0;12
7235;0;0
7236;0;4
7237;0;12
7238;0;12
7239;0;4
7240;0;4
7241;0;12
7242;0;8
7243;0;-4
7244;0;8
7245;0;8
7246;0;8
7247;0;0
7248;0;4
7249;0;8
7250;0;8
7251;0;4
7252;0;0
7253;0;12
7254;0;4
7255;0;4
7256;0;0
7257;0;0
7258;0;8
7259;0;4
7260;0;4
7261;0;-4
7262;0;4
7263;0;8
7264;0;8
7265;0;0
7266;0;4
7267;0;8
7268;0;4
7269;0;4
7270;0;-8
7271;0;4
7272;0;8
7273;0;8
7274;0;0
7275;0;8
7276;0;8
7277;0;8
7278;0;0
7279;0;4
7280;0;12
7281;0;8
7282;0;8
7283;0;0
7284;0;12
7285;0;8
7286;0;4
7287;0;4
7288;0;12
7289;0;12
7290;0;8
7291;0;0
7292;0;8
7293;0;12
7294;0;12
7295;0;0
7296;0;12
7297;0;12
7298;0;8
7299;0;8
7300;0;0
7301;0;12
7302;0;12
7303;0;12
7304;0;4
7305;0;12
7306;0;16
7307;0;12
7308;0;12
7309;0;4
7310;0;12
7311;0;16
7312;0;12
7313;0;8
7314;0;4
7315;0;16
7316;0;12
7317;0;8
7318;0;0
7319;0;12
7320;0;12
7321;0;12
7322;0;8
7323;0;0
7324;0;12
7325;0;12
7326;0;0
7327;0;12
7328;0;12
7329;0;8
7330;0;0
7331;0;4
7332;0;16
7333;0;8
7334;0;8
7335;0;-4
7336;0;12
7337;0;4
7338;0;4
7339;0;0
7340;0;12
7341;0;8
7342;0;4
7343;0;-4
7344;0;8
7345;0;8
7346;0;8
7347;0;-4
7348;0;12
7349;0;8
7350;0;4
7351;0;0
7352;0;8
7353;0;8
7354;0;4
7355;0;-4
7356;0;8
7357;0;8
7358;0;4
7359;0;-4
7360;0;4
7361;0;8
7362;0;4
7363;0;4
7364;0;-4
7365;0;12
7366;0;4
7367;0;4
7368;0;-4
7369;0;12
7370;0;4
7371;0;4
7372;0;-4
7373;0;8
7374;0;8
7375;0;8
7376;0;-4
7377;0;8
7378;0;12
7379;0;8
7380;0;0
7381;0;12
7382;0;12
7383;0;8
7384;0;4
7385;0;0
7386;0;12
7387;0;8
7388;0;8
7389;0;4
7390;0;16
7391;0;12
7392;0;12
7393;0;0
7394;0;16
7395;0;12
7396;0;12
7397;0;0
7398;0;12
7399;0;12
7400;0;12
7401;0;12
7402;0;0
7403;0;16
7404;0;12
7405;0;12
7406;0;12
7407;0;4
7408;0;16
7409;0;8
7410;0;4
7411;0;16
7412;0;12
7413;0;8
7414;0;4
7415;0;16
7416;0;12
7417;0;8
7418;0;4
7419;0;4
7420;0;12
7421;0;8
7422;0;8
7423;0;0
7424;0;16
7425;0;12
7426;0;12
7427;0;8
7428;0;0
7429;0;12
7430;0;4
7431;0;-4
7432;0;4
7433;0;12
7434;0;8
7435;0;4
7436;0;-4
7437;0;12
7438;0;12
7439;0;8
7440;0;0
7441;0;0
7442;0;12
7443;0;8
7444;0;4
7445;0;-4
7446;0;8
7447;0;8
7448;0;4
7449;0;4
7450;0;-4
7451;0;8
7452;0;8
7453;0;4
7454;0;-4
7455;0;4
7456;0;8
7457;0;4
7458;0;4
7459;0;0
7460;0;12
7461;0;4
7462;0;0
7463;0;12
7464;0;4
7465;0;8
7466;0;0
7467;0;4
7468;0;12
7469;0;8
7470;0;8
7471;0;0
7472;0;12
7473;0;8
7474;0;8
7475;0;-4
7476;0;12
7477;0;8
7478;0;8
7479;0;-4
7480;0;12
7481;0;12
7482;0;4
7483;0;4
7484;0;12
7485;0;8
7486;0;8
7487;0;0
7488;0;8
7489;0;12
7490;0;12
7491;0;8
7492;0;0
7493;0;16
7494;0;12
7495;0;12
7496;0;0
7497;0;12
7498;0;16
7499;0;12
7500;0;8
7501;0;12
7502;0;16
7503;0;8
7504;0;4
7505;0;16
7506;0;12
7507;0;12
7508;0;0
7509;0;16
7510;0;12
7511;0;12
7512;0;0
7513;0;16
7514;0;12
7515;0;8
7516;0;4
7517;0;12
7518;0;12
7519;0;4
7520;0;12
7521;0;12
7522;0;8
7523;0;8
7524;0;0
7525;0;12
7526;0;12
7527;0;8
7528;0;-4
7529;0;8
7530;0;12
7531;0;8
7532;0;8
7533;0;-4
7534;0;12
7535;0;8
7536;0;8
7537;0;-4
7538;0;12
7539;0;12
7540;0;8
7541;0;0
7542;0;12
7543;0;12
7544;0;8
7545;0;-4
7546;0;8
7547;0;8
7548;0;8
7549;0;0
7550;0;4
7551;0;8
7552;0;4
7553;0;4
7554;0;0
7555;0;4
7556;0;8
7557;0;4
7558;0;4
7559;0;-4
7560;0;8
7561;0;8
7562;0;0
7563;0;0
7564;0;8
7565;0;4
7566;0;-4
7567;0;8
7568;0;8
7569;0;8
7570;0;-4
7571;0;8
7572;0;8
7573;0;8
7574;0;4
7575;0;-4
7576;0;12
7577;0;12
7578;0;8
7579;0;4
7580;0;4
7581;0;8
7582;0;8
7583;0;8
7584;0;4
7585;0;4
7586;0;16
7587;0;12
7588;0;8
7589;0;0
7590;0;12
7591;0;12
7592;0;12
7593;0;8
7594;0;0
7595;0;12
7596;0;12
7597;0;0
7598;0;12
7599;0;12
7600;0;8
7601;0;4
7602;0;4
7603;0;12
7604;0;12
7605;0;8
7606;0;0
7607;0;16
7608;0;12
7609;0;12
7610;0;8
7611;0;8
7612;0;12
7613;0;12
7614;0;8
7615;0;0
7616;0;16
7617;0;12
7618;0;0
7619;0;16
7620;0;12
7621;0;12
7622;0;4
7623;0;8
7624;0;12
7625;0;8
7626;0;8
7627;0;0
7628;0;12
7629;0;12
7630;0;8
7631;0;8
7632;0;4
7633;0;12
7634;0;8
7635;0;8
7636;0;0
7637;0;12
7638;0;8
7639;0;0
7640;0;4
7641;0;8
7642;0;8
7643;0;8
7644;0;-4
7645;0;12
7646;0;8
7647;0;8
7648;0;8
7649;0;-4
7650;0;8
7651;0;8
7652;0;4
7653;0;-8
7654;0;8
7655;0;8
7656;0;4
7657;0;0
7658;0;0
7659;0;8
7660;0;4
7661;0;0
7662;0;-4
7663;0;8
7664;0;4
7665;0;0
7666;0;-4
7667;0;8
7668;0;4
7669;0;4
7670;0;0
7671;0;12
7672;0;8
7673;0;8
7674;0;-4
7675;0;12
7676;0;8
7677;0;8
7678;0;0
7679;0;4
7680;0;12
7681;0;8
7682;0;8
7683;0;0
7684;0;12
7685;0;12
7686;0;8
7687;0;-4
7688;0;12
7689;0;8
7690;0;8
7691;0;4
7692;0;12
7693;0;12
7694;0;8
7695;0;0
7696;0;12
7697;0;16
7698;0;12
7699;0;8
7700;0;0
7701;0;16
7702;0;12
7703;0;12
7704;0;0
7705;0;12
7706;0;12
7707;0;12
7708;0;0
7709;0;16
7710;0;12
7711;0;4
7712;0;4
7713;0;12
7714;0;12
7715;0;8
7716;0;0
7717;0;16
7718;0;12
7719;0;8
7720;0;4
7721;0;8
7722;0;8
7723;0;4
7724;0;-4
7725;0;8
7726;0;8
7727;0;4
7728;0;0
7729;0;8
7730;0;8
7731;0;8
7732;0;-4
7733;0;4
7734;0;8
7735;0;8
7736;0;4
7737;0;-4
7738;0;12
7739;0;8
7740;0;8
7741;0;0
7742;0;0
7743;0;8
7744;0;4
7745;0;0
7746;0;-4
7747;0;8
7748;0;4
7749;0;0
7750;0;-4
7751;0;0
7752;0;8
7753;0;4
7754;0;-8
7755;0;8
7756;0;4
7757;0;4
7758;0;0
7759;0;-4
7760;0;8
7761;0;8
7762;0;0
7763;0;0
7764;0;8
7765;0;4
7766;0;0
7767;0;0
7768;0;8
7769;0;4
7770;0;4
7771;0;0
7772;0;0
7773;0;8
7774;0;8
7775;0;0
7776;0;12
7777;0;8
7778;0;8
7779;0;0
7780;0;4
7781;0;12
7782;0;8
7783;0;8
7784;0;0
7785;0;8
7786;0;12
7787;0;8
7788;0;4
7789;0;4
7790;0;12
7791;0;12
7792;0;8
7793;0;0
7794;0;16
7795;0;12
7796;0;12
7797;0;4
7798;0;8
7799;0;16
7800;0;12
7801;0;8
7802;0;4
7803;0;16
7804;0;12
7805;0;4
7806;0;12
7807;0;12
7808;0;12
7809;0;16
7810;0;12
7811;0;12
7812;0;8
7813;0;12
7814;0;16
7815;0;8
7816;0;0
7817;0;16
7818;0;12
7819;0;8
7820;0;0
7821;0;12
7822;0;12
7823;0;12
7824;0;0
7825;0;12
7826;0;12
7827;0;8
7828;0;0
7829;0;4
7830;0;12
7831;0;8
7832;0;4
7833;0;0
7834;0;12
7835;0;8
7836;0;0
7837;0;0
7838;0;12
7839;0;8
7840;0;8
7841;0;-4
7842;0;8
7843;0;8
7844;0;8
7845;0;8
7846;0;-8
7847;0;8
7848;0;8
7849;0;4
7850;0;-4
7851;0;4
7852;0;8
7853;0;4
7854;0;-4
7855;0;4
7856;0;8
7857;0;4
7858;0;0
7859;0;8
7860;0;8
7861;0;4
7862;0;-4
7863;0;12
7864;0;8
7865;0;4
7866;0;-4
7867;0;8
7868;0;12
7869;0;8
7870;0;4
7871;0;0
7872;0;12
7873;0;8
7874;0;8
7875;0;-4
7876;0;12
7877;0;8
7878;0;0
7879;0;12
7880;0;12
7881;0;8
7882;0;4
7883;0;0
7884;0;12
7885;0;8
7886;0;8
7887;0;0
7888;0;12
7889;0;12
7890;0;8
7891;0;8
7892;0;0
7893;0;16
7894;0;12
7895;0;12
7896;0;4
7897;0;12
7898;0;12
7899;0;12
7900;0;0
7901;0;12
7902;0;12
7903;0;12
7904;0;4
7905;0;4
7906;0;16
7907;0;12
7908;0;8
7909;0;4
7910;0;8
7911;0;16
7912;0;12
7913;0;12
7914;0;0
7915;0;16
7916;0;12
7917;0;12
7918;0;4
7919;0;12
7920;0;12
7921;0;8
7922;0;-4
7923;0;12
7924;0;8
7925;0;8
7926;0;8
7927;0;4
7928;0;12
7929;0;8
7930;0;0
7931;0;8
7932;0;12
7933;0;8
7934;0;8
7935;0;-4
7936;0;12
7937;0;8
7938;0;8
7939;0;0
7940;0;4
7941;0;8
7942;0;8
7943;0;0
7944;0;0
7945;0;12
7946;0;8
7947;0;4
7948;0;0
7949;0;4
7950;0;8
7951;0;4
7952;0;-4
7953;0;8
7954;0;8
7955;0;4
7956;0;-4
7957;0;4
7958;0;8
7959;0;8
7960;0;4
7961;0;0
7962;0;4
7963;0;8
7964;0;4
7965;0;4
7966;0;-4
7967;0;8
7968;0;8
7969;0;4
7970;0;4
7971;0;0
7972;0;12
7973;0;8
7974;0;8
7975;0;0
7976;0;12
7977;0;8
7978;0;8
7979;0;0
7980;0;12
7981;0;8
7982;0;4
7983;0;4
7984;0;12
7985;0;8
7986;0;8
7987;0;4
7988;0;12
7989;0;12
7990;0;12
7991;0;0
7992;0;12
7993;0;12
7994;0;12
7995;0;4
7996;0;4
7997;0;12
7998;0;12
7999;0;4
8000;0;0
8001;0;12
8002;0;8
8003;0;4
8004;0;12
8005;0;16
8006;0;12
8007;0;8
8008;0;12
8009;0;12
8010;0;12
8011;0;4
8012;0;8
8013;0;12
8014;0;12
8015;0;8
8016;0;4
8017;0;16
8018;0;12
8019;0;12
8020;0;4
8021;0;12
8022;0;12
8023;0;12
8024;0;-4
8025;0;8
8026;0;12
8027;0;8
8028;0;0
8029;0;0
8030;0;8
8031;0;8
8032;0;8
8033;0;0
8034;0;12
8035;0;8
8036;0;4
8037;0;0
8038;0;12
8039;0;8
8040;0;4
8041;0;0
8042;0;4
8043;0;12
8044;0;8
8045;0;-4
8046;0;8
8047;0;8
8048;0;8
8049;0;0
8050;0;4
8051;0;12
8052;0;8
8053;0;8
8054;0;-4
8055;0;12
8056;0;8
8057;0;8
8058;0;-4
8059;0;8
8060;0;8
8061;0;4
8062;0;8
8063;0;-4
8064;0;8
8065;0;8
8066;0;4
8067;0;-4
8068;0;12
8069;0;4
8070;0;8
8071;0;0
8072;0;4
8073;0;8
8074;0;8
8075;0;4
8076;0;0
8077;0;12
8078;0;12
8079;0;8
8080;0;4
8081;0;4
8082;0;12
8083;0;8
8084;0;8
8085;0;0
8086;0;12
8087;0;12
8088;0;8
8089;0;4
8090;0;8
8091;0;16
8092;0;12
8093;0;8
8094;0;8
8095;0;16
8096;0;12
8097;0;4
8098;0;12
8099;0;16
8100;0;8
8101;0;8
8102;0;4
8103;0;16
8104;0;12
8105;0;12
8106;0;4
8107;0;12
8108;0;16
8109;0;12
8110;0;12
8111;0;0
8112;0;16
8113;0;16
8114;0;12
8115;0;8
8116;0;4
8117;0;12
8118;0;8
8119;0;0
8120;0;12
8121;0;12
8122;0;8
8123;0;0
8124;0;12
8125;0;12
8126;0;8
8127;0;0
8128;0;8
8129;0;8
8130;0;8
8131;0;4
8132;0;0
8133;0;12
8134;0;8
8135;0;0
8136;0;8
8137;0;8
8138;0;0
8139;0;-4
8140;0;8
8141;0;8
8142;0;4
8143;0;-4
8144;0;8
8145;0;4
8146;0;4
8147;0;-4
8148;0;8
8149;0;4
8150;0;4
8151;0;-4
8152;0;4
8153;0;4
8154;0;4
8155;0;-4
8156;0;4
8157;0;4
8158;0;4
8159;0;0
8160;0;4
8161;0;12
8162;0;8
8163;0;4
8164;0;0
8165;0;12
8166;0;4
8167;0;0
8168;0;8
8169;0;12
8170;0;4
8171;0;0
8172;0;12
8173;0;8
8174;0;8
8175;0;0
8176;0;12
8177;0;8
8178;0;8
8179;0;-4
8180;0;8
8181;0;4
8182;0;8
8183;0;12
8184;0;8
8185;0;8
8186;0;0
8187;0;8
8188;0;8
8189;0;8
8190;0;4
8191;0;4
8192;0;12
8193;0;12
8194;0;12
8195;0;4
8196;0;8
8197;0;12
8198;0;12
8199;0;8
8200;0;0
8201;0;16
8202;0;12
8203;0;12
8204;0;0
8205;0;16
8206;0;12
8207;0;12
8208;0;4
8209;0;12
8210;0;12
8211;0;8
8212;0;4
8213;0;16
8214;0;16
8215;0;12
8216;0;0
8217;0;16
8218;0;12
8219;0;12
8220;0;12
8221;0;0
8222;0;12
8223;0;12
8224;0;12
8225;0;8
8226;0;4
8227;0;12
8228;0;12
8229;0;12
8230;0;0
8231;0;16
8232;0;12
8233;0;8
8234;0;0
8235;0;0
8236;0;16
8237;0;8
8238;0;8
8239;0;0
8240;0;12
8241;0;12
8242;0;8
8243;0;-4
8244;0;12
8245;0;8
8246;0;8
8247;0;4
8248;0;-4
8249;0;12
8250;0;4
8251;0;4
8252;0;-8
8253;0;8
8254;0;8
8255;0;4
8256;0;0
8257;0;8
8258;0;8
8259;0;8
8260;0;0
8261;0;4
8262;0;8
8263;0;4
8264;0;0
8265;0;8
8266;0;8
8267;0;4
8268;0;-4
8269;0;8
8270;0;8
8271;0;4
8272;0;4
8273;0;-4
8274;0;12
8275;0;12
8276;0;8
8277;0;0
8278;0;8
8279;0;12
8280;0;8
8281;0;4
8282;0;4
8283;0;12
8284;0;12
8285;0;0
8286;0;12
8287;0;12
8288;0;8
8289;0;0
8290;0;12
8291;0;12
8292;0;12
8293;0;4
8294;0;8
8295;0;16
8296;0;12
8297;0;8
8298;0;8
8299;0;16
8300;0;12
8301;0;12
8302;0;0
8303;0;12
8304;0;12
8305;0;8
8306;0;12
8307;0;16
8308;0;12
8309;0;12
8310;0;0
8311;0;16
8312;0;12
8313;0;12
8314;0;4
8315;0;4
8316;0;16
8317;0;12
8318;0;8
8319;0;8
8320;0;12
8321;0;12
8322;0;8
8323;0;0
8324;0;16
8325;0;12
8326;0;0
8327;0;8
8328;0;12
8329;0;8
8330;0;4
8331;0;8
8332;0;12
8333;0;12
8334;0;12
8335;0;0
8336;0;12
8337;0;8
8338;0;8
8339;0;0
8340;0;4
8341;0;12
8342;0;8
8343;0;4
8344;0;0
8345;0;12
8346;0;8
8347;0;4
8348;0;0
8349;0;12
8350;0;4
8351;0;0
8352;0;-4
8353;0;8
8354;0;8
8355;0;8
8356;0;-4
8357;0;4
8358;0;4
8359;0;4
8360;0;0
8361;0;-4
8362;0;8
8363;0;4
8364;0;4
8365;0;-4
8366;0;8
8367;0;8
8368;0;4
8369;0;0
8370;0;8
8371;0;8
8372;0;4
8373;0;-4
8374;0;8
8375;0;8
8376;0;8
8377;0;-4
8378;0;12
8379;0;8
8380;0;8
8381;0;0
8382;0;12
8383;0;12
8384;0;8
8385;0;8
8386;0;0
8387;0;12
8388;0;12
8389;0;0
8390;0;16
8391;0;12
8392;0;8
8393;0;8
8394;0;4
8395;0;16
8396;0;12
8397;0;12
8398;0;0
8399;0;16
8400;0;16
8401;0;12
8402;0;12
8403;0;4
8404;0;16
8405;0;16
8406;0;12
8407;0;8
8408;0;4
8409;0;16
8410;0;16
8411;0;12
8412;0;4
8413;0;12
8414;0;12
8415;0;12
8416;0;4
8417;0;12
8418;0;12
8419;0;12
8420;0;0
8421;0;12
8422;0;12
8423;0;12
8424;0;12
8425;0;0
8426;0;16
8427;0;12
8428;0;8
8429;0;4
8430;0;8
8431;0;12
8432;0;8
8433;0;4
8434;0;4
8435;0;12
8436;0;8
8437;0;4
8438;0;4
8439;0;12
8440;0;8
8441;0;-4
8442;0;8
8443;0;8
8444;0;8
8445;0;0
8446;0;8
8447;0;8
8448;0;8
8449;0;8
8450;0;-4
8451;0;12
8452;0;4
8453;0;4
8454;0;-8
8455;0;8
8456;0;8
8457;0;4
8458;0;-4
8459;0;8
8460;0;8
8461;0;4
8462;0;0
8463;0;12
8464;0;8
8465;0;4
8466;0;-4
8467;0;12
8468;0;8
8469;0;4
8470;0;4
8471;0;-4
8472;0;12
8473;0;8
8474;0;8
8475;0;4
8476;0;0
8477;0;8
8478;0;8
8479;0;4
8480;0;0
8481;0;12
8482;0;12
8483;0;0
8484;0;8
8485;0;12
8486;0;12
8487;0;8
8488;0;0
8489;0;12
8490;0;12
8491;0;8
8492;0;8
8493;0;0
8494;0;16
8495;0;12
8496;0;12
8497;0;0
8498;0;16
8499;0;8
8500;0;12
8501;0;0
8502;0;16
8503;0;16
8504;0;12
8505;0;4
8506;0;12
8507;0;16
8508;0;12
8509;0;4
8510;0;12
8511;0;16
8512;0;12
8513;0;8
8514;0;4
8515;0;20
8516;0;12
8517;0;12
8518;0;4
8519;0;12
8520;0;16
8521;0;12
8522;0;8
8523;0;8
8524;0;12
8525;0;12
8526;0;4
8527;0;12
8528;0;12
8529;0;8
8530;0;8
8531;0;4
8532;0;16
8533;0;12
8534;0;0
8535;0;4
8536;0;12
8537;0;8
8538;0;4
8539;0;0
8540;0;12
8541;0;8
8542;0;8
8543;0;0
8544;0;0
8545;0;4
8546;0;4
8547;0;8
8548;0;4
8549;0;4
8550;0;-4
8551;0;8
8552;0;8
8553;0;4
8554;0;4
8555;0;-4
8556;0;8
8557;0;8
8558;0;4
8559;0;4
8560;0;-4
8561;0;8
8562;0;8
8563;0;4
8564;0;-4
8565;0;8
8566;0;4
8567;0;4
8568;0;4
8569;0;0
8570;0;8
8571;0;8
8572;0;4
8573;0;-4
8574;0;12
8575;0;8
8576;0;-4
8577;0;8
8578;0;12
8579;0;8
8580;0;0
8581;0;0
8582;0;8
8583;0;8
8584;0;4
8585;0;-4
8586;0;12
8587;0;12
8588;0;8
8589;0;0
8590;0;12
8591;0;12
8592;0;8
8593;0;4
8594;0;12
8595;0;12
8596;0;12
8597;0;4
8598;0;12
8599;0;12
8600;0;12
8601;0;4
8602;0;12
8603;0;16
8604;0;12
8605;0;8
8606;0;4
8607;0;16
8608;0;12
8609;0;12
8610;0;4
8611;0;16
8612;0;16
8613;0;12
8614;0;4
8615;0;12
8616;0;16
8617;0;8
8618;0;0
8619;0;12
8620;0;8
8621;0;8
8622;0;0
8623;0;12
8624;0;12
8625;0;12
8626;0;0
8627;0;12
8628;0;12
8629;0;8
8630;0;4
8631;0;-4
8632;0;12
8633;0;12
8634;0;8
8635;0;0
8636;0;8
8637;0;8
8638;0;4
8639;0;0
8640;0;12
8641;0;4
8642;0;8
8643;0;-4
8644;0;8
8645;0;8
8646;0;8
8647;0;0
8648;0;0
8649;0;8
8650;0;8
8651;0;8
8652;0;-4
8653;0;4
8654;0;8
8655;0;4
8656;0;4
8657;0;-8
8658;0;8
8659;0;4
8660;0;0
8661;0;0
8662;0;8
8663;0;4
8664;0;0
8665;0;0
8666;0;12
8667;0;4
8668;0;8
8669;0;-4
8670;0;8
8671;0;4
8672;0;8
8673;0;4
8674;0;-4
8675;0;12
8676;0;8
8677;0;8
8678;0;-4
8679;0;8
8680;0;12
8681;0;8
8682;0;0
8683;0;8
8684;0;12
8685;0;8
8686;0;8
8687;0;4
8688;0;12
8689;0;8
8690;0;8
8691;0;4
8692;0;16
8693;0;12
8694;0;12
8695;0;4
8696;0;12
8697;0;12
8698;0;12
8699;0;4
8700;0;8
8701;0;12
8702;0;12
8703;0;8
8704;0;4
8705;0;12
8706;0;12
8707;0;12
8708;0;4
8709;0;12
8710;0;12
8711;0;8
8712;0;0
8713;0;12
8714;0;12
8715;0;8
8716;0;12
8717;0;-4
8718;0;12
8719;0;12
8720;0;8
8721;0;8
8722;0;0
8723;0;12
8724;0;12
8725;0;8
8726;0;4
8727;0;4
8728;0;12
8729;0;12
8730;0;8
8731;0;0
8732;0;8
8733;0;8
8734;0;8
8735;0;8
8736;0;-4
8737;0;12
8738;0;8
8739;0;8
8740;0;0
8741;0;8
8742;0;8
8743;0;4
8744;0;-4
8745;0;12
8746;0;4
8747;0;4
8748;0;-4
8749;0;4
8750;0;8
8751;0;4
8752;0;4
8753;0;-4
8754;0;0
8755;0;4
8756;0;4
8757;0;4
8758;0;-4
8759;0;8
8760;0;4
8761;0;0
8762;0;-4
8763;0;12
8764;0;4
8765;0;4
8766;0;0
8767;0;12
8768;0;4
8769;0;8
8770;0;-4
8771;0;4
8772;0;8
8773;0;8
8774;0;-4
8775;0;12
8776;0;8
8777;0;8
8778;0;4
8779;0;0
8780;0;12
8781;0;8
8782;0;8
8783;0;-4
8784;0;12
8785;0;8
8786;0;12
8787;0;0
8788;0;8
8789;0;12
8790;0;8
8791;0;4
8792;0;0
8793;0;12
8794;0;12
8795;0;0
8796;0;12
8797;0;12
8798;0;12
8799;0;0
8800;0;12
8801;0;12
8802;0;12
8803;0;8
8804;0;0
8805;0;12
8806;0;12
8807;0;12
8808;0;4
8809;0;8
8810;0;12
8811;0;12
8812;0;12
8813;0;4
8814;0;12
8815;0;12
8816;0;4
8817;0;8
8818;0;12
8819;0;12
8820;0;4
8821;0;8
8822;0;12
8823;0;8
8824;0;8
8825;0;0
8826;0;12
8827;0;8
8828;0;8
8829;0;4
8830;0;0
8831;0;8
8832;0;8
8833;0;12
8834;0;8
8835;0;8
8836;0;0
8837;0;4
8838;0;8
8839;0;8
8840;0;4
8841;0;0
8842;0;12
8843;0;8
8844;0;8
8845;0;0
8846;0;4
8847;0;8
8848;0;4
8849;0;4
8850;0;-4
8851;0;8
8852;0;8
8853;0;4
8854;0;0
8855;0;0
8856;0;8
8857;0;4
8858;0;-4
8859;0;8
8860;0;4
8861;0;4
8862;0;0
8863;0;0
8864;0;4
8865;0;4
8866;0;0
8867;0;-4
8868;0;8
8869;0;8
8870;0;4
8871;0;4
8872;0;-4
8873;0;8
8874;0;8
8875;0;4
8876;0;0
8877;0;0
8878;0;12
8879;0;8
8880;0;8
8881;0;0
8882;0;12
8883;0;8
8884;0;8
8885;0;4
8886;0;4
8887;0;12
8888;0;12
8889;0;0
8890;0;16
8891;0;12
8892;0;8
8893;0;4
8894;0;12
8895;0;12
8896;0;12
8897;0;0
8898;0;12
8899;0;16
8900;0;12
8901;0;12
8902;0;4
8903;0;16
8904;0;12
8905;0;12
8906;0;4
8907;0;16
8908;0;12
8909;0;8
8910;0;8
8911;0;20
8912;0;12
8913;0;12
8914;0;4
8915;0;16
8916;0;16
8917;0;12
8918;0;4
8919;0;12
8920;0;12
8921;0;8
8922;0;4
8923;0;4
8924;0;16
8925;0;8
8926;0;12
8927;0;0
8928;0;12
8929;0;12
8930;0;0
8931;0;4
8932;0;12
8933;0;8
8934;0;4
8935;0;-4
8936;0;12
8937;0;8
8938;0;4
8939;0;-4
8940;0;12
8941;0;8
8942;0;4
8943;0;0
8944;0;4
8945;0;8
8946;0;4
8947;0;-4
8948;0;8
8949;0;8
8950;0;4
8951;0;-4
8952;0;8
8953;0;8
8954;0;8
8955;0;0
8956;0;0
8957;0;8
8958;0;8
8959;0;0
8960;0;-4
8961;0;8
8962;0;4
8963;0;8
8964;0;-4
8965;0;12
8966;0;8
8967;0;4
8968;0;0
8969;0;0
8970;0;8
8971;0;8
8972;0;-4
8973;0;12
8974;0;8
8975;0;8
8976;0;0
8977;0;12
8978;0;8
8979;0;8
8980;0;8
8981;0;-4
8982;0;8
8983;0;12
8984;0;12
8985;0;4
8986;0;0
8987;0;12
8988;0;12
8989;0;8
8990;0;0
8991;0;4
8992;0;12
8993;0;8
8994;0;0
8995;0;12
8996;0;12
8997;0;8
8998;0;0
8999;0;12
9000;0;12
9001;0;8
9002;0;4
9003;0;12
9004;0;16
9005;0;12
9006;0;12
9007;0;4
9008;0;16
9009;0;12
9010;0;12
9011;0;4
9012;0;16
9013;0;12
9014;0;4
9015;0;8
9016;0;12
9017;0;12
9018;0;4
9019;0;4
9020;0;12
9021;0;12
9022;0;12
9023;0;0
9024;0;12
9025;0;12
9026;0;12
9027;0;8
9028;0;0
9029;0;16
9030;0;12
9031;0;12
9032;0;4
9033;0;12
9034;0;12
9035;0;8
9036;0;0
9037;0;8
9038;0;12
9039;0;8
9040;0;8
9041;0;0
9042;0;12
9043;0;12
9044;0;8
9045;0;-8
9046;0;8
9047;0;8
9048;0;4
9049;0;-4
9050;0;4
9051;0;8
9052;0;4
9053;0;4
9054;0;0
9055;0;8
9056;0;4
9057;0;4
9058;0;-4
9059;0;4
9060;0;8
9061;0;4
9062;0;0
9063;0;-4
9064;0;8
9065;0;8
9066;0;-4
9067;0;8
9068;0;8
9069;0;4
9070;0;0
9071;0;0
9072;0;8
9073;0;4
9074;0;4
9075;0;0
9076;0;12
9077;0;8
9078;0;8
9079;0;0
9080;0;12
9081;0;12
9082;0;8
9083;0;0
9084;0;8
9085;0;12
9086;0;8
9087;0;4
9088;0;16
9089;0;12
9090;0;8
9091;0;0
9092;0;16
9093;0;12
9094;0;8
9095;0;0
9096;0;16
9097;0;12
9098;0;8
9099;0;4
9100;0;16
9101;0;12
9102;0;8
9103;0;4
9104;0;16
9105;0;12
9106;0;12
9107;0;4
9108;0;8
9109;0;16
9110;0;12
9111;0;8
9112;0;4
9113;0;16
9114;0;12
9115;0;12
9116;0;4
9117;0;16
9118;0;12
9119;0;8
9120;0;0
9121;0;16
9122;0;8
9123;0;8
9124;0;0
9125;0;16
9126;0;8
9127;0;8
9128;0;0
9129;0;8
9130;0;12
9131;0;8
9132;0;4
9133;0;0
9134;0;12
9135;0;8
9136;0;8
9137;0;-4
9138;0;8
9139;0;12
9140;0;8
9141;0;0
9142;0;4
9143;0;12
9144;0;8
9145;0;4
9146;0;-4
9147;0;12
9148;0;8
9149;0;-4
9150;0;8
9151;0;8
9152;0;8
9153;0;-4
9154;0;8
9155;0;8
9156;0;4
9157;0;0
9158;0;4
9159;0;8
9160;0;8
9161;0;0
9162;0;-4
9163;0;8
9164;0;8
9165;0;4
9166;0;-8
9167;0;8
9168;0;4
9169;0;8
9170;0;0
9171;0;12
9172;0;8
9173;0;8
9174;0;-4
9175;0;12
9176;0;8
9177;0;8
9178;0;4
9179;0;0
9180;0;12
9181;0;8
9182;0;8
9183;0;0
9184;0;12
9185;0;8
9186;0;8
9187;0;0
9188;0;12
9189;0;12
9190;0;8
9191;0;0
9192;0;16
9193;0;12
9194;0;12
9195;0;0
9196;0;12
9197;0;12
9198;0;8
9199;0;8
9200;0;0
9201;0;16
9202;0;16
9203;0;12
9204;0;4
9205;0;12
9206;0;12
9207;0;12
9208;0;12
9209;0;4
9210;0;16
9211;0;12
9212;0;4
9213;0;4
9214;0;16
9215;0;8
9216;0;12
9217;0;0
9218;0;12
9219;0;12
9220;0;12
9221;0;12
9222;0;0
9223;0;12
9224;0;8
9225;0;8
9226;0;4
9227;0;0
9228;0;12
9229;0;8
9230;0;8
9231;0;-4
9232;0;12
9233;0;8
9234;0;8
9235;0;0
9236;0;12
9237;0;12
9238;0;8
9239;0;4
9240;0;4
9241;0;12
9242;0;8
9243;0;-4
9244;0;12
9245;0;8
9246;0;4
9247;0;0
9248;0;8
9249;0;12
9250;0;8
9251;0;4
9252;0;-4
9253;0;8
9254;0;4
9255;0;4
9256;0;4
9257;0;0
9258;0;8
9259;0;8
9260;0;4
9261;0;-4
9262;0;8
9263;0;8
9264;0;0
9265;0;4
9266;0;12
9267;0;8
9268;0;4
9269;0;-4
9270;0;8
9271;0;8
9272;0;4
9273;0;0
9274;0;8
9275;0;8
9276;0;8
9277;0;0
9278;0;4
9279;0;12
9280;0;8
9281;0;4
9282;0;0
9283;0;12
9284;0;8
9285;0;0
9286;0;8
9287;0;12
9288;0;8
9289;0;8
9290;0;-4
9291;0;12
9292;0;12
9293;0;12
9294;0;8
9295;0;0
9296;0;16
9297;0;12
9298;0;12
9299;0;8
9300;0;4
9301;0;16
9302;0;12
9303;0;12
9304;0;4
9305;0;8
9306;0;16
9307;0;12
9308;0;12
9309;0;0
9310;0;16
9311;0;12
9312;0;8
9313;0;4
9314;0;12
9315;0;12
9316;0;12
9317;0;4
9318;0;16
9319;0;12
9320;0;8
9321;0;4
9322;0;16
9323;0;16
9324;0;12
9325;0;4
9326;0;16
9327;0;12
9328;0;12
9329;0;0
9330;0;12
9331;0;12
9332;0;12
9333;0;4
9334;0;12
9335;0;12
9336;0;8
9337;0;-4
9338;0;12
9339;0;8
9340;0;8
9341;0;0
9342;0;12
9343;0;8
9344;0;8
9345;0;0
9346;0;4
9347;0;8
9348;0;4
9349;0;4
9350;0;0
9351;0;4
9352;0;8
9353;0;4
9354;0;4
9355;0;-4
9356;0;8
9357;0;4
9358;0;0
9359;0;4
9360;0;8
9361;0;4
9362;0;4
9363;0;-4
9364;0;8
9365;0;8
9366;0;4
9367;0;4
9368;0;-4
9369;0;12
9370;0;8
9371;0;8
9372;0;0
9373;0;8
9374;0;12
9375;0;8
9376;0;0
9377;0;0
9378;0;12
9379;0;8
9380;0;8
9381;0;0
9382;0;12
9383;0;8
9384;0;8
9385;0;4
9386;0;4
9387;0;12
9388;0;12
9389;0;0
9390;0;16
9391;0;8
9392;0;8
9393;0;0
9394;0;16
9395;0;8
9396;0;8
9397;0;4
9398;0;12
9399;0;12
9400;0;8
9401;0;0
9402;0;12
9403;0;12
9404;0;8
9405;0;0
9406;0;12
9407;0;12
9408;0;12
9409;0;4
9410;0;8
9411;0;16
9412;0;12
9413;0;12
9414;0;0
9415;0;16
9416;0;12
9417;0;8
9418;0;4
9419;0;12
9420;0;12
9421;0;8
9422;0;4
9423;0;8
9424;0;12
9425;0;8
9426;0;4
9427;0;8
9428;0;12
9429;0;12
9430;0;4
9431;0;8
9432;0;12
9433;0;8
9434;0;4
9435;0;8
9436;0;12
9437;0;8
9438;0;4
9439;0;0
9440;0;8
9441;0;4
9442;0;4
9443;0;0
9444;0;8
9445;0;8
9446;0;8
9447;0;-4
9448;0;8
9449;0;8
9450;0;8
9451;0;0
9452;0;8
9453;0;8
9454;0;8
9455;0;4
9456;0;4
9457;0;12
9458;0;8
9459;0;8
9460;0;-4
9461;0;8
9462;0;8
9463;0;8
9464;0;-4
9465;0;4
9466;0;12
9467;0;4
9468;0;4
9469;0;-4
9470;0;12
9471;0;12
9472;0;0
9473;0;12
9474;0;8
9475;0;8
9476;0;0
9477;0;12
9478;0;8
9479;0;8
9480;0;4
9481;0;0
9482;0;12
9483;0;8
9484;0;8
9485;0;0
9486;0;12
9487;0;12
9488;0;8
9489;0;0
9490;0;8
9491;0;12
9492;0;12
9493;0;0
9494;0;16
9495;0;8
9496;0;8
9497;0;0
9498;0;12
9499;0;12
9500;0;8
9501;0;8
9502;0;0
9503;0;16
9504;0;12
9505;0;12
9506;0;0
9507;0;12
9508;0;12
9509;0;12
9510;0;0
9511;0;12
9512;0;12
9513;0;8
9514;0;0
9515;0;16
9516;0;12
9517;0;12
9518;0;4
9519;0;8
9520;0;16
9521;0;12
9522;0;12
9523;0;12
9524;0;-4
9525;0;12
9526;0;8
9527;0;8
9528;0;0
9529;0;8
9530;0;12
9531;0;12
9532;0;0
9533;0;4
9534;0;12
9535;0;4
9536;0;0
9537;0;12
9538;0;8
9539;0;4
9540;0;4
9541;0;4
9542;0;8
9543;0;8
9544;0;4
9545;0;-4
9546;0;8
9547;0;8
9548;0;4
9549;0;-4
9550;0;8
9551;0;8
9552;0;4
9553;0;0
9554;0;4
9555;0;8
9556;0;4
9557;0;-8
9558;0;8
9559;0;4
9560;0;4
9561;0;0
9562;0;-4
9563;0;8
9564;0;4
9565;0;4
9566;0;-4
9567;0;12
9568;0;8
9569;0;4
9570;0;-4
9571;0;12
9572;0;8
9573;0;8
9574;0;0
9575;0;4
9576;0;12
9577;0;8
9578;0;12
9579;0;0
9580;0;8
9581;0;12
9582;0;12
9583;0;4
9584;0;12
9585;0;12
9586;0;8
9587;0;0
9588;0;12
9589;0;12
9590;0;8
9591;0;0
9592;0;16
9593;0;8
9594;0;8
9595;0;8
9596;0;8
9597;0;12
9598;0;12
9599;0;12
9600;0;4
9601;0;12
9602;0;12
9603;0;8
9604;0;4
9605;0;12
9606;0;12
9607;0;8
9608;0;8
9609;0;16
9610;0;12
9611;0;12
9612;0;4
9613;0;16
9614;0;12
9615;0;12
9616;0;8
9617;0;8
9618;0;12
9619;0;8
9620;0;8
9621;0;0
9622;0;16
9623;0;8
9624;0;8
9625;0;8
9626;0;0
9627;0;16
9628;0;8
9629;0;-4
9630;0;8
9631;0;8
9632;0;8
9633;0;8
9634;0;-4
9635;0;12
9636;0;8
9637;0;8
9638;0;0
9639;0;-4
9640;0;12
9641;0;8
9642;0;8
9643;0;-4
9644;0;8
9645;0;8
9646;0;4
9647;0;4
9648;0;-4
9649;0;8
9650;0;8
9651;0;4
9652;0;0
9653;0;0
9654;0;8
9655;0;4
9656;0;4
9657;0;-4
9658;0;4
9659;0;8
9660;0;0
9661;0;0
9662;0;12
9663;0;8
9664;0;4
9665;0;0
9666;0;4
9667;0;8
9668;0;8
9669;0;4
9670;0;-4
9671;0;12
9672;0;8
9673;0;8
9674;0;4
9675;0;-4
9676;0;12
9677;0;8
9678;0;4
9679;0;0
9680;0;4
9681;0;12
9682;0;12
9683;0;8
9684;0;0
9685;0;8
9686;0;12
9687;0;8
9688;0;8
9689;0;0
9690;0;16
9691;0;12
9692;0;8
9693;0;0
9694;0;12
9695;0;12
9696;0;12
9697;0;0
9698;0;12
9699;0;12
9700;0;12
9701;0;0
9702;0;12
9703;0;12
9704;0;12
9705;0;8
9706;0;4
9707;0;16
9708;0;12
9709;0;4
9710;0;8
9711;0;12
9712;0;12
9713;0;4
9714;0;12
9715;0;12
9716;0;12
9717;0;0
9718;0;16
9719;0;12
9720;0;12
9721;0;0
9722;0;12
9723;0;12
9724;0;8
9725;0;4
9726;0;4
9727;0;12
9728;0;12
9729;0;8
9730;0;0
9731;0;12
9732;0;8
9733;0;0
9734;0;8
9735;0;12
9736;0;8
9737;0;0
9738;0;4
9739;0;12
9740;0;8
9741;0;4
9742;0;-4
9743;0;8
9744;0;8
9745;0;4
9746;0;4
9747;0;-4
9748;0;12
9749;0;8
9750;0;4
9751;0;0
9752;0;8
9753;0;8
9754;0;0
9755;0;-8
9756;0;4
9757;0;4
9758;0;4
9759;0;-8
9760;0;4
9761;0;4
9762;0;4
9763;0;0
9764;0;-4
9765;0;8
9766;0;8
9767;0;4
9768;0;-8
9769;0;8
9770;0;4
9771;0;4
9772;0;0
9773;0;-4
9774;0;12
9775;0;8
9776;0;4
9777;0;-4
9778;0;12
9779;0;8
9780;0;4
9781;0;4
9782;0;-4
9783;0;12
9784;0;12
9785;0;4
9786;0;0
9787;0;16
9788;0;8
9789;0;8
9790;0;0
9791;0;8
9792;0;12
9793;0;12
9794;0;12
9795;0;0
9796;0;12
9797;0;12
9798;0;12
9799;0;0
9800;0;12
9801;0;16
9802;0;12
9803;0;8
9804;0;4
9805;0;16
9806;0;12
9807;0;4
9808;0;8
9809;0;16
9810;0;12
9811;0;12
9812;0;4
9813;0;8
9814;0;16
9815;0;12
9816;0;4
9817;0;16
9818;0;12
9819;0;12
9820;0;4
9821;0;8
9822;0;16
9823;0;12
9824;0;12
9825;0;0
9826;0;12
9827;0;12
9828;0;12
9829;0;4
9830;0;8
9831;0;12
9832;0;12
9833;0;8
9834;0;0
9835;0;8
9836;0;12
9837;0;0
9838;0;0
9839;0;12
9840;0;8
9841;0;8
9842;0;-4
9843;0;12
9844;0;8
9845;0;8
9846;0;-4
9847;0;8
9848;0;8
9849;0;4
9850;0;-4
9851;0;8
9852;0;8
9853;0;4
9854;0;-4
9855;0;4
9856;0;4
9857;0;0
9858;0;0
9859;0;8
9860;0;4
9861;0;4
9862;0;-4
9863;0;8
9864;0;8
9865;0;4
9866;0;0
9867;0;4
9868;0;8
9869;0;8
9870;0;8
9871;0;-4
9872;0;8
9873;0;8
9874;0;4
9875;0;0
9876;0;4
9877;0;8
9878;0;8
9879;0;0
9880;0;12
9881;0;8
9882;0;8
9883;0;0
9884;0;8
9885;0;12
9886;0;8
9887;0;8
9888;0;8
9889;0;4
9890;0;12
9891;0;12
9892;0;8
9893;0;4
9894;0;12
9895;0;8
9896;0;8
9897;0;0
9898;0;16
9899;0;8
9900;0;12
9901;0;0
9902;0;16
9903;0;12
9904;0;12
9905;0;4
9906;0;4
9907;0;12
9908;0;12
9909;0;8
9910;0;8
9911;0;12
9912;0;8
9913;0;12
9914;0;0
9915;0;16
9916;0;12
9917;0;12
9918;0;4
9919;0;12
9920;0;12
9921;0;8
9922;0;4
9923;0;8
9924;0;12
9925;0;8
9926;0;8
9927;0;0
9928;0;12
9929;0;12
9930;0;0
9931;0;4
9932;0;12
9933;0;8
9934;0;8
9935;0;-4
9936;0;12
9937;0;8
9938;0;8
9939;0;4
9940;0;0
9941;0;8
9942;0;4
9943;0;4
9944;0;0
9945;0;8
9946;0;4
9947;0;4
9948;0;-4
9949;0;4
9950;0;8
9951;0;-4
9952;0;4
9953;0;8
9954;0;4
9955;0;4
9956;0;0
9957;0;0
9958;0;8
9959;0;4
9960;0;4
9961;0;0
9962;0;0
9963;0;8
9964;0;4
9965;0;4
9966;0;-4
9967;0;0
9968;0;8
9969;0;4
9970;0;4
9971;0;4
9972;0;-4
9973;0;8
9974;0;8
9975;0;4
9976;0;4
9977;0;-4
9978;0;8
9979;0;8
9980;0;8
9981;0;0
9982;0;8
9983;0;16
9984;0;12
9985;0;12
9986;0;4
9987;0;12
9988;0;12
9989;0;12
9990;0;4
9991;0;8
9992;0;16
9993;0;12
9994;0;4
9995;0;16
9996;0;12
9997;0;12
9998;0;4
9999;0;16
10000;0;12
