Column1;Column2;Column3
Channel              :;CH1;CH2
Frequency            :;193,1Hz;246,9Hz
Period               :;5,179ms;4,050ms
PK-PK                :;416,0mV;104,0mV
Probe attenuation    :;1X;1X
Voltage per ADC value:;0,250000mV;0,250000mV
Time interval        :;10,00000uS;10,00000uS
;;
index;CH1_Voltage(mV);CH2_Voltage(mV)
1;-184;-16
2;-184;-16
3;-180;-16
4;-180;-12
5;-192;-8
6;-180;-8
7;-184;0
8;-180;-4
9;-184;0
10;-184;0
11;-184;0
12;-188;4
13;-180;4
14;-180;4
15;-180;4
16;-180;4
17;-180;4
18;-180;4
19;-176;4
20;-176;4
21;-180;4
22;-176;4
23;-176;4
24;-176;4
25;-176;0
26;-172;0
27;-172;0
28;-172;0
29;-172;0
30;-172;0
31;-172;0
32;-172;-4
33;-148;-4
34;-168;-4
35;-168;-4
36;-168;-4
37;-168;-4
38;-168;-8
39;-164;-4
40;-164;-4
41;-164;-4
42;-164;-8
43;-160;-8
44;-160;-4
45;-164;-8
46;-156;-8
47;-152;-8
48;-156;-8
49;-156;-8
50;-152;-8
51;-152;-8
52;-152;-8
53;-148;-8
54;-148;-8
55;-148;-8
56;-144;-8
57;-144;-8
58;-144;-8
59;-140;-8
60;-140;-8
61;-140;-8
62;-132;-12
63;-136;-12
64;-132;-12
65;-132;-12
66;-128;-16
67;-128;-20
68;-128;-20
69;-128;-20
70;-124;-20
71;-120;-24
72;-120;-28
73;-120;-28
74;-116;-32
75;-116;-32
76;-112;-32
77;-108;-32
78;-108;-32
79;-108;-32
80;-96;-32
81;-100;-32
82;-100;-28
83;-100;-32
84;-100;-28
85;-96;-28
86;-96;-24
87;-92;-24
88;-88;-20
89;-88;-20
90;-80;-16
91;-84;-16
92;-84;-12
93;-80;-8
94;-76;-4
95;-76;-4
96;-72;0
97;-68;0
98;-68;4
99;-64;4
100;-64;4
101;-68;0
102;-60;4
103;-56;4
104;-56;4
105;-52;4
106;-52;4
107;-52;4
108;-52;4
109;-44;4
110;-44;0
111;-40;0
112;-40;4
113;-36;0
114;-32;0
115;-16;0
116;-28;0
117;-28;0
118;-24;-4
119;-24;-4
120;-20;-4
121;-20;-4
122;-12;-4
123;-12;-4
124;-12;-4
125;-12;-4
126;-8;-4
127;-12;-4
128;-4;-4
129;0;-4
130;0;-8
131;4;-8
132;4;-8
133;8;-8
134;4;-8
135;12;-4
136;16;-8
137;16;-8
138;20;-8
139;20;-8
140;24;-8
141;24;-8
142;28;-8
143;28;-8
144;32;-8
145;36;-8
146;36;-8
147;36;-8
148;44;-8
149;44;-8
150;44;-8
151;44;-12
152;52;-12
153;52;-16
154;56;-16
155;44;-16
156;60;-20
157;60;-20
158;60;-24
159;64;-24
160;68;-24
161;68;-28
162;72;-28
163;76;-32
164;76;-28
165;76;-32
166;76;-36
167;84;-36
168;80;-32
169;88;-36
170;84;-32
171;88;-28
172;92;-28
173;92;-24
174;92;-24
175;96;-20
176;104;-20
177;100;-16
178;100;-12
179;104;32
180;104;36
181;108;36
182;108;40
183;108;40
184;112;44
185;112;44
186;116;44
187;116;48
188;120;48
189;120;48
190;120;48
191;124;48
192;124;48
193;128;48
194;128;48
195;128;48
196;132;48
197;112;48
198;136;44
199;140;44
200;136;44
201;140;44
202;140;44
203;144;44
204;140;44
205;148;40
206;148;40
207;148;40
208;152;40
209;160;40
210;152;40
211;156;40
212;156;40
213;156;36
214;156;36
215;160;36
216;164;40
217;164;36
218;164;36
219;164;36
220;164;36
221;168;36
222;168;36
223;172;36
224;168;36
225;172;40
226;172;36
227;176;40
228;176;36
229;176;36
230;180;36
231;176;36
232;176;36
233;180;36
234;180;36
235;180;36
236;180;32
237;192;36
238;184;32
239;180;32
240;184;32
241;184;28
242;184;28
243;184;24
244;180;24
245;184;20
246;188;20
247;188;20
248;188;20
249;188;16
250;188;12
251;184;12
252;188;12
253;188;12
254;192;12
255;188;12
256;192;12
257;188;12
258;192;12
259;188;12
260;192;16
261;192;20
262;192;24
263;192;24
264;192;28
265;192;32
266;192;36
267;192;40
268;192;40
269;192;44
270;192;44
271;188;44
272;208;44
273;188;48
274;192;48
275;192;48
276;188;48
277;188;48
278;188;48
279;192;48
280;188;48
281;188;48
282;184;48
283;184;44
284;180;44
285;184;44
286;184;44
287;184;44
288;180;44
289;180;40
290;180;44
291;172;40
292;180;40
293;180;40
294;180;40
295;176;40
296;176;40
297;176;40
298;176;40
299;176;40
300;176;36
301;172;36
302;172;40
303;172;36
304;172;36
305;168;36
306;168;36
307;168;36
308;168;40
309;164;40
310;164;36
311;164;40
312;152;36
313;164;36
314;160;36
315;160;36
316;156;36
317;156;36
318;156;36
319;164;36
320;152;32
321;152;32
322;148;32
323;152;28
324;148;28
325;148;24
326;148;24
327;144;20
328;144;20
329;140;16
330;136;16
331;136;12
332;136;12
333;140;12
334;132;12
335;132;8
336;132;12
337;128;8
338;128;12
339;128;12
340;120;12
341;124;16
342;120;16
343;116;20
344;116;20
345;112;20
346;112;28
347;100;28
348;108;28
349;104;32
350;104;36
351;104;36
352;104;36
353;100;44
354;84;44
355;96;44
356;92;48
357;88;44
358;88;48
359;92;48
360;84;48
361;96;48
362;80;48
363;80;48
364;76;48
365;76;48
366;80;48
367;72;48
368;72;44
369;64;44
370;64;44
371;60;44
372;60;44
373;52;40
374;56;40
375;56;40
376;52;40
377;48;40
378;52;40
379;44;36
380;44;40
381;40;40
382;40;40
383;36;40
384;36;40
385;32;40
386;28;40
387;32;-24
388;28;-20
389;24;-24
390;20;-24
391;20;-24
392;12;-24
393;16;-28
394;12;-28
395;8;-32
396;8;-32
397;8;-36
398;4;-36
399;0;-40
400;0;-40
401;-12;-40
402;0;-40
403;-8;-44
404;-8;-44
405;-8;-44
406;-12;-44
407;-16;-48
408;-24;-48
409;-20;-48
410;-20;-48
411;-24;-44
412;-28;-44
413;-28;-44
414;-32;-44
415;-28;-40
416;-36;-40
417;-40;-40
418;-40;-36
419;-44;-36
420;-40;-32
421;-44;-28
422;-44;-28
423;-52;-24
424;-52;-24
425;-56;-20
426;-56;-20
427;-60;-16
428;-60;-16
429;-52;-16
430;-64;-16
431;-68;-12
432;-72;-12
433;-72;-12
434;-72;-12
435;-72;-12
436;-96;-12
437;-80;-12
438;-84;-12
439;-84;-16
440;-84;-16
441;-88;-16
442;-92;-16
443;-104;-16
444;-92;-16
445;-96;-16
446;-96;-20
447;-100;-20
448;-92;-20
449;-104;-20
450;-104;-16
451;-108;-20
452;-108;-20
453;-112;-20
454;-112;-20
455;-116;-20
456;-116;-20
457;-116;-20
458;-120;-20
459;-120;-24
460;-124;-20
461;-124;-24
462;-124;-20
463;-124;-24
464;-128;-24
465;-128;-20
466;-128;-20
467;-132;-24
468;-136;-24
469;-132;-24
470;-140;-24
471;-136;-24
472;-140;-24
473;-144;-24
474;-144;-24
475;-144;-24
476;-140;-24
477;-148;-24
478;-148;-24
479;-148;-24
480;-148;-24
481;-152;-28
482;-156;-28
483;-160;-28
484;-156;-32
485;-156;-32
486;-160;-36
487;-160;-36
488;-160;-36
489;-160;-36
490;-168;-40
491;-164;-44
492;-164;-44
493;-164;-44
494;-164;-44
495;-164;-44
496;-168;-48
497;-168;-48
498;-172;-48
499;-168;-48
500;-172;-48
501;-172;-48
502;-172;-48
503;-172;-44
504;-172;-44
505;-176;-40
506;-176;-36
507;-176;-40
508;-176;-36
509;-172;-32
510;-176;-28
511;-156;-28
512;-180;-24
513;-176;-24
514;-176;-20
515;-176;-20
516;-180;-20
517;-180;-16
518;-180;-16
519;-180;-12
520;-180;-12
521;-180;-12
522;-180;-12
523;-188;-12
524;-180;-12
525;-180;-12
526;-184;-12
527;-180;-12
528;-184;-16
529;-180;-16
530;-188;-16
531;-180;-12
532;-180;-16
533;-180;-16
534;-180;-16
535;-180;-16
536;-176;-20
537;-176;-20
538;-176;-20
539;-176;-20
540;-176;-20
541;-176;-20
542;-176;-20
543;-172;-20
544;-176;-20
545;-172;-20
546;-176;-20
547;-172;-24
548;-168;-20
549;-172;-24
550;-172;-24
551;-180;-24
552;-168;-24
553;-168;-24
554;-168;-24
555;-164;-24
556;-164;-24
557;-160;-24
558;-152;-24
559;-160;-28
560;-160;-24
561;-160;-24
562;-160;-24
563;-156;-24
564;-156;-24
565;-156;-24
566;-156;-24
567;-152;-24
568;-152;-24
569;-152;-24
570;-148;-24
571;-148;-24
572;-144;-24
573;-144;-24
574;-148;-24
575;-144;-24
576;-140;-24
577;-140;-24
578;-140;-24
579;-140;-28
580;-136;-28
581;-132;-28
582;-132;-32
583;-132;-32
584;-132;-32
585;-128;-32
586;-136;-36
587;-124;-40
588;-124;-40
589;-124;-40
590;-120;-40
591;-116;-40
592;-116;-44
593;-124;-44
594;-112;-44
595;-112;12
596;-112;12
597;-108;12
598;-104;8
599;-104;12
600;-80;8
601;-100;12
602;-96;12
603;-96;12
604;-92;12
605;-88;16
606;-88;20
607;-88;20
608;-84;20
609;-84;24
610;-84;28
611;-80;32
612;-84;32
613;-76;36
614;-72;36
615;-72;40
616;-68;40
617;-68;44
618;-64;44
619;-64;48
620;-60;48
621;-60;48
622;-60;48
623;-56;48
624;-52;48
625;-48;48
626;-44;48
627;-44;44
628;-44;48
629;-40;44
630;-40;44
631;-36;44
632;-36;44
633;-40;44
634;-32;40
635;-24;40
636;-28;40
637;-24;40
638;-20;40
639;-20;40
640;-24;40
641;-12;36
642;-12;36
643;-8;40
644;-8;36
645;-4;36
646;-4;36
647;0;40
648;0;36
649;4;36
650;0;36
651;8;36
652;12;36
653;12;32
654;20;32
655;16;32
656;20;36
657;20;32
658;20;32
659;28;36
660;28;32
661;36;36
662;28;36
663;32;36
664;36;36
665;36;36
666;40;32
667;44;32
668;52;32
669;48;32
670;48;32
671;48;28
672;52;28
673;52;28
674;56;28
675;40;24
676;60;24
677;64;24
678;64;20
679;68;20
680;64;16
681;72;16
682;64;12
683;76;12
684;80;12
685;76;12
686;80;12
687;88;8
688;84;12
689;88;8
690;88;12
691;88;12
692;96;12
693;96;16
694;96;16
695;100;20
696;100;20
697;100;24
698;100;28
699;104;32
700;104;32
701;112;36
702;112;40
703;116;40
704;116;40
705;116;44
706;120;40
707;120;44
708;128;44
709;128;44
710;128;48
711;128;48
712;132;48
713;132;44
714;132;44
715;140;48
716;136;44
717;136;44
718;140;44
719;140;44
720;140;44
721;144;44
722;136;40
723;144;44
724;148;40
725;148;40
726;148;40
727;152;40
728;152;40
729;148;40
730;156;40
731;156;36
732;156;40
733;160;36
734;164;36
735;160;40
736;160;40
737;164;36
738;168;36
739;168;32
740;168;36
741;172;36
742;168;32
743;176;36
744;172;36
745;172;36
746;176;36
747;176;32
748;180;32
749;176;36
750;200;36
751;180;36
752;180;36
753;184;36
754;180;32
755;180;32
756;180;36
757;180;32
758;184;32
759;184;32
760;188;32
761;184;36
762;180;36
763;188;36
764;188;32
765;188;36
766;184;32
767;188;32
768;188;32
769;188;32
770;188;32
771;188;28
772;188;32
773;188;28
774;188;24
775;192;24
776;192;20
777;192;20
778;192;20
779;192;16
780;192;12
781;192;12
782;192;12
783;192;12
784;192;12
785;192;8
786;192;8
787;192;8
788;192;8
789;192;8
790;196;8
791;192;8
792;192;12
793;192;16
794;188;16
795;192;20
796;188;24
797;188;24
798;188;28
799;188;32
800;188;36
801;188;36
802;188;40
803;184;40
804;180;16
805;184;16
806;184;16
807;188;20
808;184;16
809;184;20
810;180;20
811;180;20
812;180;20
813;184;20
814;180;20
815;180;20
816;180;16
817;176;16
818;176;16
819;176;16
820;176;16
821;176;16
822;172;12
823;172;16
824;168;12
825;168;12
826;168;12
827;168;12
828;164;12
829;164;12
830;168;8
831;164;8
832;184;8
833;160;8
834;160;8
835;160;8
836;156;8
837;156;8
838;152;8
839;156;8
840;152;4
841;152;8
842;148;8
843;148;8
844;144;8
845;144;8
846;144;8
847;144;4
848;140;4
849;140;8
850;140;4
851;128;4
852;136;0
853;132;4
854;132;0
855;132;-4
856;128;-4
857;124;-8
858;120;-8
859;124;-12
860;120;-12
861;120;-12
862;116;-16
863;116;-16
864;112;-16
865;112;-16
866;108;-20
867;108;-20
868;108;-20
869;104;-20
870;100;-20
871;100;-20
872;88;-16
873;92;-16
874;96;-12
875;92;-8
876;88;-4
877;88;0
878;88;0
879;80;8
880;80;8
881;80;8
882;76;12
883;76;12
884;72;16
885;72;16
886;72;20
887;68;20
888;64;20
889;64;20
890;60;20
891;60;16
892;56;16
893;60;16
894;52;16
895;52;16
896;48;16
897;44;12
898;44;12
899;40;12
900;40;12
901;36;12
902;36;12
903;32;12
904;28;12
905;24;8
906;24;12
907;24;8
908;20;8
909;20;8
910;16;8
911;12;8
912;12;8
913;8;8
914;-16;8
915;4;8
916;4;8
917;0;8
918;0;8
919;-8;8
920;-4;8
921;-16;8
922;-8;8
923;-12;8
924;-16;8
925;-16;8
926;-12;4
927;-20;8
928;-20;8
929;-20;4
930;-28;4
931;-28;4
932;-32;0
933;-32;0
934;-36;-4
935;-36;-4
936;-40;-4
937;-40;-8
938;-44;-8
939;-48;-12
940;-44;-12
941;-52;-16
942;-52;-16
943;-56;-16
944;-56;-16
945;-60;-20
946;-60;-20
947;-56;-20
948;-64;-20
949;-68;-20
950;-68;-20
951;-72;-16
952;-72;-16
953;-76;-12
954;-68;-12
955;-80;-8
956;-80;-8
957;-84;-4
958;-84;0
959;-88;0
960;-88;0
961;-96;4
962;-92;8
963;-92;8
964;-96;12
965;-100;16
966;-100;16
967;-100;16
968;-112;16
969;-104;16
970;-108;16
971;-112;16
972;-112;20
973;-112;20
974;-116;20
975;-120;16
976;-120;16
977;-120;16
978;-120;16
979;-120;16
980;-124;16
981;-128;12
982;-124;12
983;-132;12
984;-132;12
985;-132;12
986;-136;12
987;-132;12
988;-136;12
989;-116;12
990;-140;8
991;-140;8
992;-144;8
993;-148;8
994;-148;8
995;-148;8
996;-144;8
997;-148;8
998;-152;8
999;-152;8
1000;-152;8
1001;-160;4
1002;-156;8
1003;-156;4
1004;-160;8
1005;-160;8
1006;-160;8
1007;-160;8
1008;-168;8
1009;-164;8
1010;-164;8
1011;-168;8
1012;-164;4
1013;-168;0
1014;-168;0
1015;-172;0
1016;-168;0
1017;-168;-4
1018;-172;-4
1019;-172;-8
1020;-172;-8
1021;-172;-12
1022;-172;-12
1023;-176;-16
1024;-176;-16
1025;-176;-16
1026;-176;-20
1027;-176;-20
1028;-176;-20
1029;-188;-20
1030;-176;-20
1031;-180;-24
1032;-180;-24
1033;-180;-24
1034;-180;-24
1035;-180;-24
1036;-168;-24
1037;-180;-20
1038;-180;-20
1039;-180;-16
1040;-180;-12
1041;-180;-12
1042;-180;-12
1043;-180;-8
1044;-180;-4
1045;-180;-4
1046;-184;0
1047;-180;0
1048;-180;4
1049;-180;8
1050;-176;8
1051;-180;8
1052;-180;12
1053;-180;12
1054;-176;12
1055;-176;12
1056;-180;12
1057;-180;12
1058;-176;12
1059;-176;12
1060;-176;12
1061;-176;16
1062;-176;12
1063;-172;12
1064;-184;12
1065;-172;12
1066;-172;12
1067;-168;8
1068;-168;12
1069;-168;8
1070;-168;8
1071;-176;8
1072;-168;8
1073;-164;8
1074;-164;4
1075;-164;4
1076;-160;8
1077;-164;4
1078;-140;4
1079;-160;4
1080;-160;4
1081;-160;4
1082;-156;4
1083;-152;4
1084;-156;4
1085;-152;0
1086;-152;4
1087;-148;4
1088;-148;0
1089;-148;4
1090;-152;4
1091;-144;0
1092;-144;0
1093;-140;0
1094;-140;4
1095;-140;0
1096;-140;0
1097;-136;4
1098;-136;0
1099;-132;0
1100;-132;0
1101;-132;0
1102;-128;0
1103;-124;0
1104;-124;0
1105;-124;0
1106;-124;0
1107;-120;0
1108;-120;0
1109;-120;0
1110;-116;-4
1111;-120;-4
1112;-112;-4
1113;-108;-4
1114;-108;-8
1115;-104;-8
1116;-104;-8
1117;-104;-12
1118;-108;-12
1119;-100;-12
1120;-96;-16
1121;-96;-16
1122;-96;-20
1123;-88;-20
1124;-88;-20
1125;-88;-20
1126;-88;-24
1127;-84;-24
1128;-80;-24
1129;-80;-24
1130;-76;-24
1131;-72;-24
1132;-68;-24
1133;-68;-20
1134;-72;-20
1135;-64;-16
1136;-64;-12
1137;-60;-12
1138;-60;-8
1139;-52;-4
1140;-56;-4
1141;-56;-4
1142;-48;0
1143;-48;4
1144;-52;4
1145;-48;8
1146;-36;8
1147;-40;12
1148;-40;12
1149;-36;12
1150;-32;12
1151;-32;12
1152;-28;12
1153;-52;16
1154;-28;12
1155;-20;16
1156;-20;16
1157;-16;12
1158;-16;16
1159;-12;8
1160;-24;12
1161;-8;8
1162;-4;8
1163;-8;8
1164;-4;8
1165;8;8
1166;0;8
1167;4;8
1168;8;8
1169;8;8
1170;12;8
1171;12;4
1172;12;4
1173;20;4
1174;20;4
1175;20;4
1176;24;4
1177;24;4
1178;28;4
1179;28;4
1180;32;0
1181;36;4
1182;36;0
1183;36;4
1184;40;4
1185;44;4
1186;52;4
1187;48;0
1188;52;0
1189;52;0
1190;56;0
1191;56;0
1192;60;0
1193;64;0
1194;64;4
1195;64;0
1196;68;4
1197;68;0
1198;72;0
1199;72;4
1200;64;0
1201;80;0
1202;76;0
1203;80;0
1204;84;0
1205;84;0
1206;88;-4
1207;84;-8
1208;92;-8
1209;92;-8
1210;96;-8
1211;96;-12
1212;100;-12
1213;100;-12
1214;108;-16
1215;104;-16
1216;104;-20
1217;108;-20
1218;112;-20
1219;112;-20
1220;112;20
1221;120;20
1222;116;16
1223;120;16
1224;120;20
1225;124;20
1226;128;20
1227;124;20
1228;144;20
1229;128;20
1230;132;24
1231;132;28
1232;132;28
1233;136;32
1234;140;32
1235;132;36
1236;140;40
1237;140;40
1238;144;44
1239;144;48
1240;140;48
1241;148;52
1242;152;48
1243;152;52
1244;152;56
1245;156;52
1246;152;56
1247;156;56
1248;160;56
1249;160;56
1250;160;56
1251;164;56
1252;164;56
1253;164;56
1254;168;56
1255;168;56
1256;168;52
1257;172;56
1258;172;48
1259;172;52
1260;176;48
1261;172;52
1262;176;48
1263;176;48
1264;176;44
1265;176;48
1266;180;48
1267;180;48
1268;172;48
1269;180;44
1270;184;44
1271;184;44
1272;184;44
1273;184;44
1274;184;44
1275;200;44
1276;184;44
1277;188;48
1278;188;44
1279;188;44
1280;188;44
1281;192;44
1282;188;48
1283;188;44
1284;192;44
1285;192;44
1286;192;44
1287;192;44
1288;196;44
1289;192;44
1290;196;44
1291;196;44
1292;196;44
1293;196;44
1294;196;44
1295;192;44
1296;188;40
1297;196;40
1298;196;40
1299;192;40
1300;192;36
1301;196;32
1302;196;36
1303;180;32
1304;192;32
1305;192;28
1306;192;28
1307;192;24
1308;196;20
1309;192;24
1310;192;20
1311;192;20
1312;192;20
1313;192;16
1314;192;20
1315;192;16
1316;192;20
1317;208;16
1318;188;20
1319;188;24
1320;188;24
1321;184;28
1322;188;28
1323;188;28
1324;188;32
1325;184;32
1326;184;36
1327;184;40
1328;184;40
1329;176;44
1330;180;48
1331;184;48
1332;180;48
1333;180;52
1334;176;52
1335;180;56
1336;172;56
1337;176;56
1338;176;56
1339;176;56
1340;176;56
1341;172;56
1342;172;56
1343;172;52
1344;168;52
1345;168;52
1346;164;52
1347;164;52
1348;164;52
1349;164;52
1350;148;48
1351;160;52
1352;160;52
1353;160;48
1354;156;48
1355;160;48
1356;156;48
1357;160;48
1358;152;44
1359;148;48
1360;148;44
1361;148;44
1362;148;44
1363;144;44
1364;144;44
1365;140;44
1366;140;44
1367;136;44
1368;140;44
1369;136;44
1370;132;40
1371;140;44
1372;128;44
1373;128;44
1374;128;44
1375;128;44
1376;124;44
1377;120;44
1378;124;44
1379;120;44
1380;116;44
1381;116;40
1382;112;44
1383;108;44
1384;108;44
1385;108;44
1386;108;44
1387;104;44
1388;100;44
1389;96;44
1390;96;40
1391;96;40
1392;72;44
1393;92;40
1394;88;40
1395;88;36
1396;88;36
1397;80;36
1398;80;32
1399;72;32
1400;76;28
1401;72;28
1402;72;24
1403;72;24
1404;80;24
1405;68;24
1406;64;20
1407;64;20
1408;60;20
1409;60;20
1410;60;16
1411;52;16
1412;52;16
1413;52;16
1414;48;20
1415;44;20
1416;44;20
1417;40;24
1418;40;24
1419;36;28
1420;36;28
1421;28;32
1422;32;36
1423;28;40
1424;24;44
1425;28;44
1426;20;48
1427;20;48
1428;20;52
1429;12;-12
1430;12;-12
1431;12;-8
1432;8;-8
1433;4;-8
1434;4;-8
1435;4;-8
1436;0;-8
1437;-4;-8
1438;-4;-12
1439;-16;-12
1440;-12;-12
1441;-12;-12
1442;-12;-12
1443;-16;-12
1444;-16;-12
1445;-20;-12
1446;-28;-12
1447;-24;-16
1448;-28;-16
1449;-32;-16
1450;-32;-16
1451;-36;-16
1452;-36;-16
1453;-32;-20
1454;-40;-16
1455;-44;-20
1456;-44;-16
1457;-44;-20
1458;-48;-16
1459;-52;-20
1460;-48;-20
1461;-52;-20
1462;-56;-20
1463;-60;-20
1464;-60;-20
1465;-64;-20
1466;-64;-20
1467;-56;-20
1468;-72;-20
1469;-72;-20
1470;-72;-20
1471;-76;-20
1472;-80;-20
1473;-80;-20
1474;-100;-24
1475;-84;-20
1476;-88;-24
1477;-88;-20
1478;-92;-20
1479;-96;-20
1480;-92;-20
1481;-108;-20
1482;-96;-20
1483;-100;-20
1484;-100;-20
1485;-104;-20
1486;-100;-20
1487;-108;-24
1488;-108;-24
1489;-112;-28
1490;-112;-24
1491;-116;-28
1492;-116;-28
1493;-116;-32
1494;-120;-32
1495;-124;-36
1496;-124;-40
1497;-124;-40
1498;-128;-40
1499;-128;-40
1500;-128;-40
1501;-132;-44
1502;-132;-44
1503;-136;-44
1504;-136;-44
1505;-136;-44
1506;-136;-44
1507;-136;-44
1508;-140;-44
1509;-144;-40
1510;-144;-44
1511;-148;-36
1512;-148;-32
1513;-148;-32
1514;-140;-28
1515;-152;-24
1516;-152;-20
1517;-152;-16
1518;-152;-16
1519;-156;-16
1520;-156;-12
1521;-160;-12
1522;-160;-8
1523;-160;-8
1524;-160;-8
1525;-160;-8
1526;-164;-12
1527;-164;-8
1528;-168;-12
1529;-168;-8
1530;-164;-12
1531;-168;-12
1532;-168;-12
1533;-168;-12
1534;-172;-12
1535;-172;-12
1536;-172;-16
1537;-172;-16
1538;-172;-12
1539;-172;-16
1540;-172;-16
1541;-172;-16
1542;-180;-16
1543;-176;-20
1544;-176;-16
1545;-176;-16
1546;-180;-16
1547;-176;-20
1548;-180;-20
1549;-160;-20
1550;-180;-20
1551;-180;-16
1552;-180;-20
1553;-184;-20
1554;-180;-20
1555;-180;-20
1556;-172;-20
1557;-180;-20
1558;-180;-20
1559;-180;-20
1560;-180;-20
1561;-184;-20
1562;-184;-20
1563;-184;-20
1564;-184;-20
1565;-180;-20
1566;-180;-20
1567;-184;-20
1568;-192;-20
1569;-184;-24
1570;-180;-24
1571;-180;-20
1572;-180;-24
1573;-180;-24
1574;-180;-24
1575;-180;-28
1576;-180;-28
1577;-180;-28
1578;-176;-32
1579;-176;-32
1580;-176;-36
1581;-176;-36
1582;-172;-36
1583;-172;-40
1584;-172;-40
1585;-172;-40
1586;-168;-44
1587;-172;-44
1588;-168;-44
1589;-176;-40
1590;-168;-48
1591;-168;-48
1592;-164;-44
1593;-164;-44
1594;-164;-44
1595;-160;-40
1596;-168;-40
1597;-160;-40
1598;-160;-36
1599;-156;-36
1600;-160;-32
1601;-156;-28
1602;-156;-24
1603;-152;-24
1604;-156;-20
1605;-152;-20
1606;-152;-16
1607;-148;-16
1608;-148;-12
1609;-144;-12
1610;-140;-12
1611;-144;-12
1612;-144;-8
1613;-140;-8
1614;-140;-8
1615;-136;-8
1616;-140;-8
1617;-132;-8
1618;-136;-8
1619;-132;-8
1620;-128;-12
1621;-128;-12
1622;-128;-12
1623;-128;-12
1624;-124;-12
1625;-120;-12
1626;-120;-16
1627;-120;-16
1628;-116;-16
1629;-120;-20
1630;-116;-16
1631;-136;-16
1632;-112;-16
1633;-108;-16
1634;-104;-12
1635;-104;-16
1636;-108;-16
1637;-100;36
1638;-112;40
1639;-96;36
1640;-92;36
1641;-92;36
1642;-88;32
1643;-80;32
1644;-88;32
1645;-88;28
1646;-80;28
1647;-80;24
1648;-80;24
1649;-76;20
1650;-72;20
1651;-72;16
1652;-68;20
1653;-68;16
1654;-64;12
1655;-64;12
1656;-60;12
1657;-60;12
1658;-56;12
1659;-56;8
1660;-52;12
1661;-52;12
1662;-48;12
1663;-44;16
1664;-40;16
1665;-40;20
1666;-40;20
1667;-36;24
1668;-36;28
1669;-32;32
1670;-32;36
1671;-16;36
1672;-24;40
1673;-24;44
1674;-24;44
1675;-20;48
1676;-20;44
1677;-16;48
1678;-16;48
1679;-12;48
1680;-8;48
1681;-4;48
1682;-4;48
1683;0;44
1684;0;44
1685;0;44
1686;4;44
1687;8;44
1688;8;44
1689;12;44
1690;12;44
1691;16;40
1692;12;40
1693;16;40
1694;24;40
1695;28;36
1696;28;40
1697;32;40
1698;28;36
1699;28;40
1700;36;40
1701;36;36
1702;40;36
1703;44;36
1704;44;36
1705;44;40
1706;64;36
1707;52;40
1708;56;36
1709;52;36
1710;56;36
1711;60;36
1712;60;36
1713;68;36
1714;68;36
1715;68;32
1716;68;36
1717;72;32
1718;72;36
1719;76;36
1720;76;32
1721;80;32
1722;80;32
1723;80;32
1724;88;32
1725;76;28
1726;88;24
1727;92;28
1728;92;24
1729;96;20
1730;96;20
1731;100;16
1732;100;16
1733;104;12
1734;104;16
1735;104;12
1736;108;12
1737;108;12
1738;112;8
1739;116;8
1740;116;8
1741;120;8
1742;120;12
1743;120;12
1744;124;12
1745;124;12
1746;116;16
1747;128;20
1748;128;20
1749;132;24
1750;132;24
1751;136;28
1752;136;32
1753;144;32
1754;140;36
1755;140;36
1756;144;40
1757;144;40
1758;144;44
1759;144;44
1760;152;44
1761;152;44
1762;152;44
1763;152;44
1764;152;48
1765;156;48
1766;156;48
1767;164;48
1768;160;44
1769;160;48
1770;164;44
1771;160;44
1772;164;44
1773;164;44
1774;168;40
1775;168;40
1776;168;44
1777;168;40
1778;172;40
1779;168;40
1780;172;40
1781;172;40
1782;176;40
1783;176;36
1784;176;36
1785;176;36
1786;176;40
1787;176;36
1788;156;36
1789;180;36
1790;180;36
1791;180;36
1792;184;36
1793;180;36
1794;184;36
1795;176;36
1796;188;36
1797;184;32
1798;184;36
1799;188;36
1800;196;36
1801;188;36
1802;188;36
1803;188;36
1804;188;36
1805;188;36
1806;192;36
1807;188;36
1808;188;32
1809;192;32
1810;192;36
1811;192;36
1812;192;36
1813;192;36
1814;196;32
1815;196;36
1816;192;32
1817;192;32
1818;192;32
1819;192;32
1820;192;32
1821;196;28
1822;192;28
1823;192;24
1824;192;24
1825;192;20
1826;192;20
1827;188;16
1828;184;16
1829;192;16
1830;192;12
1831;192;12
1832;192;12
1833;188;8
1834;188;12
1835;196;8
1836;188;8
1837;188;8
1838;188;8
1839;188;8
1840;188;12
1841;184;12
1842;184;12
1843;184;16
1844;184;20
1845;184;-12
1846;180;-8
1847;180;-8
1848;180;-4
1849;184;-4
1850;180;0
1851;176;4
1852;176;4
1853;176;8
1854;176;8
1855;176;8
1856;176;12
1857;172;8
1858;172;8
1859;172;12
1860;168;12
1861;168;12
1862;168;12
1863;176;12
1864;164;12
1865;164;12
1866;164;8
1867;164;8
1868;156;8
1869;160;8
1870;148;8
1871;160;8
1872;156;8
1873;156;4
1874;152;4
1875;144;4
1876;152;0
1877;144;4
1878;148;4
1879;144;4
1880;144;4
1881;144;4
1882;144;4
1883;140;4
1884;140;0
1885;136;0
1886;136;0
1887;132;0
1888;132;0
1889;136;0
1890;128;0
1891;128;0
1892;128;0
1893;124;0
1894;120;0
1895;120;0
1896;120;0
1897;116;0
1898;116;0
1899;116;0
1900;116;0
1901;112;0
1902;108;-4
1903;100;-4
1904;104;0
1905;100;0
1906;100;0
1907;100;-4
1908;96;-8
1909;96;-8
1910;108;-12
1911;92;-12
1912;88;-12
1913;88;-16
1914;84;-16
1915;84;-16
1916;80;-20
1917;80;-20
1918;76;-20
1919;76;-24
1920;72;-24
1921;72;-28
1922;68;-24
1923;68;-24
1924;64;-28
1925;60;-28
1926;60;-24
1927;60;-20
1928;56;-20
1929;52;-20
1930;52;-16
1931;44;-12
1932;44;-8
1933;44;-4
1934;40;-4
1935;40;4
1936;40;4
1937;36;8
1938;24;8
1939;32;8
1940;28;12
1941;32;8
1942;24;12
1943;28;12
1944;20;12
1945;28;12
1946;16;12
1947;16;8
1948;16;8
1949;8;8
1950;8;8
1951;8;8
1952;20;8
1953;0;8
1954;0;12
1955;0;4
1956;-4;4
1957;-8;4
1958;-8;4
1959;-12;4
1960;-12;4
1961;-16;4
1962;-20;4
1963;-20;4
1964;-32;4
1965;-24;4
1966;-28;0
1967;-28;4
1968;-32;0
1969;-36;0
1970;-36;0
1971;-40;0
1972;-40;0
1973;-40;0
1974;-44;0
1975;-48;0
1976;-48;0
1977;-48;0
1978;-52;0
1979;-52;0
1980;-56;0
1981;-60;-4
1982;-60;0
1983;-64;0
1984;-64;-4
1985;-76;0
1986;-68;0
1987;-72;0
1988;-72;0
1989;-76;0
1990;-76;-4
1991;-80;-4
1992;-76;-4
1993;-84;-8
1994;-84;-8
1995;-88;-8
1996;-92;-8
1997;-92;-12
1998;-92;-12
1999;-96;-16
2000;-96;-16
2001;-100;-16
2002;-100;-20
2003;-104;-20
2004;-104;-20
2005;-108;-24
2006;-104;-24
2007;-108;-24
2008;-112;-24
2009;-112;-28
2010;-116;-24
2011;-120;-24
2012;-120;-24
2013;-120;-24
2014;-120;-20
2015;-124;-20
2016;-124;-20
2017;-128;-16
2018;-132;-16
2019;-132;-12
2020;-136;-12
2021;-132;-8
2022;-132;-4
2023;-136;0
2024;-140;0
2025;-140;4
2026;-140;4
2027;-164;8
2028;-144;8
2029;-148;8
2030;-148;12
2031;-148;12
2032;-152;12
2033;-152;12
2034;-156;12
2035;-152;12
2036;-152;8
2037;-156;12
2038;-156;12
2039;-148;8
2040;-160;8
2041;-160;8
2042;-160;8
2043;-160;8
2044;-164;8
2045;-164;8
2046;-168;8
2047;-164;8
2048;-168;4
2049;-168;4
2050;-168;4
2051;-168;4
2052;-168;4
2053;-172;4
2054;-168;0
2055;-172;0
2056;-172;0
2057;-176;0
2058;-180;-4
2059;-176;-4
2060;-172;-8
2061;-176;-8
2062;-176;-8
2063;-176;-12
2064;-176;-12
2065;-176;-16
2066;-176;-16
2067;-180;-16
2068;-176;-20
2069;-180;-20
2070;-180;-24
2071;-180;-24
2072;-180;-28
2073;-180;-28
2074;-192;-28
2075;-184;-28
2076;-180;-28
2077;-180;-28
2078;-180;-28
2079;-180;-28
2080;-184;-24
2081;-184;-20
2082;-180;-20
2083;-184;-20
2084;-180;-16
2085;-180;-12
2086;-184;-12
2087;-180;-8
2088;-180;-8
2089;-180;-4
2090;-180;-4
2091;-180;0
2092;-180;4
2093;-176;4
2094;-180;8
2095;-172;8
2096;-176;8
2097;-176;8
2098;-176;12
2099;-176;8
2100;-172;8
2101;-172;12
2102;-156;8
2103;-172;8
2104;-168;8
2105;-172;8
2106;-172;4
2107;-172;4
2108;-168;4
2109;-168;4
2110;-164;4
2111;-164;4
2112;-168;4
2113;-164;4
2114;-172;4
2115;-160;4
2116;-160;0
2117;-160;0
2118;-160;0
2119;-156;0
2120;-156;0
2121;-156;0
2122;-156;0
2123;-156;0
2124;-152;0
2125;-152;-4
2126;-152;-4
2127;-148;0
2128;-144;-4
2129;-144;-4
2130;-144;-4
2131;-144;-4
2132;-140;-4
2133;-140;-4
2134;-140;-4
2135;-132;-4
2136;-136;-4
2137;-136;-4
2138;-132;-4
2139;-128;-4
2140;-132;0
2141;-128;-4
2142;-124;-4
2143;-124;-4
2144;-120;-4
2145;-120;-4
2146;-120;-4
2147;-116;-4
2148;-116;-4
2149;-100;-4
2150;-112;-4
2151;-112;-4
2152;-108;-4
2153;-104;-8
2154;-104;-4
2155;-100;-4
2156;-104;-4
2157;-96;-4
2158;-96;-4
2159;-92;-4
2160;-92;-8
2161;-88;-8
2162;-88;-8
2163;-88;-12
2164;-84;-12
2165;-80;-12
2166;-80;-16
2167;-80;-16
2168;-76;-20
2169;-72;-20
2170;-76;-20
2171;-68;-24
2172;-64;-24
2173;-64;-24
2174;-64;-24
2175;-56;-28
2176;-60;-28
2177;-64;-28
2178;-56;-28
2179;-52;-28
2180;-52;-28
2181;-48;-28
2182;-44;-24
2183;-44;-24
2184;-24;-24
2185;-40;-20
2186;-36;-16
2187;-36;-16
2188;-36;-16
2189;-32;-16
2190;-28;-8
2191;-24;-8
2192;-24;-4
2193;-24;-4
2194;-20;0
2195;-16;0
2196;-24;4
2197;-12;4
2198;-8;8
2199;-8;8
2200;-8;8
2201;-4;8
2202;0;8
2203;0;8
2204;4;8
2205;4;8
2206;8;8
2207;8;8
2208;12;8
2209;16;8
2210;16;8
2211;16;4
2212;20;8
2213;24;4
2214;24;4
2215;24;4
2216;28;0
2217;32;4
2218;32;4
2219;36;0
2220;36;0
2221;40;0
2222;40;0
2223;44;0
2224;36;0
2225;48;0
2226;52;0
2227;52;-4
2228;56;0
2229;60;0
2230;60;-4
2231;72;0
2232;64;-4
2233;64;0
2234;68;-4
2235;72;-4
2236;72;-4
2237;72;-4
2238;80;-4
2239;76;-4
2240;76;-4
2241;80;-4
2242;84;-4
2243;84;-4
2244;88;-4
2245;92;-4
2246;88;-4
2247;96;-4
2248;96;-8
2249;96;-4
2250;100;-8
2251;100;-4
2252;100;-4
2253;104;-4
2254;104;-8
2255;108;-4
2256;112;-4
2257;108;-4
2258;112;-4
2259;104;-4
2260;116;-4
2261;120;-4
2262;120;32
2263;124;32
2264;124;32
2265;128;32
2266;116;28
2267;128;28
2268;132;24
2269;136;20
2270;132;24
2271;136;20
2272;136;20
2273;156;16
2274;140;12
2275;144;12
2276;144;12
2277;144;12
2278;152;12
2279;144;8
2280;148;8
2281;152;12
2282;152;8
2283;148;8
2284;152;12
2285;152;8
2286;156;12
2287;156;16
2288;160;16
2289;164;16
2290;160;20
2291;160;24
2292;164;28
2293;164;28
2294;168;28
2295;168;32
2296;168;36
2297;172;36
2298;172;40
2299;176;40
2300;176;44
2301;176;44
2302;172;44
2303;176;44
2304;176;44
2305;176;48
2306;180;44
2307;180;44
2308;180;44
2309;180;44
2310;184;44
2311;184;44
2312;184;44
2313;176;44
2314;184;44
2315;184;40
2316;188;44
2317;188;40
2318;184;40
2319;188;40
2320;184;40
2321;188;40
2322;188;36
2323;192;36
2324;188;36
2325;192;40
2326;192;40
2327;188;36
2328;192;36
2329;192;36
2330;192;36
2331;188;32
2332;196;36
2333;192;36
2334;196;36
2335;192;36
2336;192;36
2337;192;32
2338;192;36
2339;196;32
2340;192;36
2341;212;32
2342;192;36
2343;192;36
2344;192;36
2345;196;36
2346;188;32
2347;192;32
2348;188;36
2349;192;32
2350;188;36
2351;188;32
2352;188;32
2353;180;32
2354;188;36
2355;192;32
2356;188;32
2357;188;32
2358;188;32
2359;188;32
2360;184;32
2361;184;32
2362;184;32
2363;184;32
2364;184;28
2365;184;28
2366;180;28
2367;184;28
2368;180;24
2369;180;24
2370;176;20
2371;176;20
2372;176;16
2373;176;16
2374;176;12
2375;172;12
2376;176;8
2377;172;8
2378;172;8
2379;172;8
2380;168;8
2381;164;8
2382;168;8
2383;168;12
2384;164;12
2385;164;12
2386;164;16
2387;160;20
2388;176;20
2389;160;24
2390;160;32
2391;156;32
2392;156;36
2393;156;36
2394;156;40
2395;152;40
2396;148;44
2397;148;44
2398;148;44
2399;148;44
2400;144;44
2401;144;44
2402;140;44
2403;140;48
2404;140;44
2405;136;44
2406;136;44
2407;136;44
2408;132;44
2409;128;44
2410;132;44
2411;128;44
2412;128;40
2413;124;40
2414;124;40
2415;120;40
2416;104;40
2417;116;40
2418;116;40
2419;116;40
2420;108;36
2421;112;40
2422;108;36
2423;104;36
2424;104;36
2425;100;36
2426;100;36
2427;96;36
2428;100;36
2429;96;36
2430;108;36
2431;88;36
2432;84;32
2433;84;36
2434;84;32
2435;84;32
2436;80;32
2437;80;32
2438;72;36
2439;72;32
2440;72;32
2441;72;32
2442;60;32
2443;64;32
2444;60;32
2445;60;32
2446;60;32
2447;56;32
2448;56;28
2449;52;32
2450;52;28
2451;48;24
2452;44;24
2453;44;20
2454;44;20
2455;40;16
2456;40;16
2457;36;12
2458;32;12
2459;32;12
2460;28;8
2461;24;8
2462;24;8
2463;16;8
2464;24;8
2465;20;8
2466;16;8
2467;12;12
2468;12;12
2469;12;16
2470;0;20
2471;4;-36
2472;0;-36
2473;0;-36
2474;0;-32
2475;-4;-32
2476;-8;-28
2477;-8;-24
2478;-12;-20
2479;-12;-20
2480;-16;-20
2481;-16;-20
2482;-20;-16
2483;-24;-16
2484;-16;-12
2485;-28;-12
2486;-28;-12
2487;-28;-12
2488;-32;-12
2489;-36;-16
2490;-40;-12
2491;-36;-12
2492;-44;-16
2493;-40;-16
2494;-44;-16
2495;-48;-16
2496;-52;-16
2497;-52;-16
2498;-48;-16
2499;-56;-16
2500;-60;-20
2501;-60;-20
2502;-64;-20
2503;-68;-20
2504;-68;-20
2505;-88;-20
2506;-72;-20
2507;-72;-20
2508;-76;-20
2509;-76;-20
2510;-84;-20
2511;-80;-24
2512;-96;-20
2513;-88;-24
2514;-88;-24
2515;-88;-24
2516;-88;-24
2517;-88;-24
2518;-96;-24
2519;-96;-24
2520;-100;-24
2521;-100;-24
2522;-100;-24
2523;-104;-24
2524;-112;-28
2525;-108;-24
2526;-112;-24
2527;-112;-24
2528;-112;-24
2529;-116;-24
2530;-116;-24
2531;-120;-24
2532;-120;-24
2533;-120;-24
2534;-124;-28
2535;-124;-24
2536;-128;-24
2537;-128;-24
2538;-128;-28
2539;-132;-24
2540;-132;-28
2541;-136;-28
2542;-136;-32
2543;-140;-32
2544;-140;-32
2545;-148;-36
2546;-144;-32
2547;-144;-36
2548;-144;-40
2549;-148;-40
2550;-148;-40
2551;-148;-44
2552;-156;-44
2553;-152;-48
2554;-152;-44
2555;-156;-44
2556;-156;-48
2557;-156;-48
2558;-156;-48
2559;-164;-48
2560;-156;-48
2561;-164;-48
2562;-164;-44
2563;-164;-44
2564;-164;-40
2565;-164;-40
2566;-164;-40
2567;-168;-36
2568;-168;-36
2569;-168;-32
2570;-168;-28
2571;-168;-28
2572;-168;-24
2573;-168;-20
2574;-172;-20
2575;-172;-20
2576;-176;-20
2577;-176;-16
2578;-172;-16
2579;-176;-12
2580;-160;-12
2581;-176;-12
2582;-176;-12
2583;-176;-12
2584;-176;-16
2585;-180;-12
2586;-176;-16
2587;-184;-12
2588;-180;-16
2589;-180;-16
2590;-180;-12
2591;-180;-16
2592;-188;-16
2593;-180;-16
2594;-180;-16
2595;-184;-16
2596;-180;-20
2597;-180;-20
2598;-180;-16
2599;-188;-20
2600;-180;-20
2601;-184;-20
2602;-180;-24
2603;-184;-20
2604;-184;-24
2605;-184;-24
2606;-180;-24
2607;-180;-24
2608;-184;-24
2609;-180;-24
2610;-176;-28
2611;-180;-24
2612;-180;-24
2613;-176;-24
2614;-176;-24
2615;-180;-24
2616;-176;-24
2617;-176;-24
2618;-176;-28
2619;-172;-24
2620;-184;-24
2621;-172;-24
2622;-172;-24
2623;-172;-24
2624;-168;-24
2625;-168;-24
2626;-168;-24
2627;-156;-28
2628;-168;-20
2629;-164;-24
2630;-164;-24
2631;-164;-24
2632;-164;-24
2633;-160;-24
2634;-160;-28
2635;-160;-28
2636;-160;-28
2637;-160;-28
2638;-156;-28
2639;-156;-32
2640;-156;-32
2641;-152;-36
2642;-152;-36
2643;-152;-36
2644;-148;-40
2645;-148;-40
2646;-148;-44
2647;-144;-44
2648;-148;-44
2649;-144;-44
2650;-140;-48
2651;-140;-48
2652;-140;-48
2653;-140;-48
2654;-136;-48
2655;-144;-48
2656;-132;-48
2657;-132;-48
2658;-128;-44
2659;-128;-44
2660;-124;-40
2661;-124;-40
2662;-128;-36
2663;-120;-36
2664;-120;-36
2665;-116;-28
2666;-116;-28
2667;-112;-24
2668;-112;-24
2669;-92;-24
2670;-108;-20
2671;-104;-20
2672;-104;-16
2673;-104;-12
2674;-96;-12
2675;-100;-12
2676;-96;-12
2677;-96;-12
2678;-92;-12
2679;-88;-12
2680;-88;-12
2681;-92;48
2682;-84;48
2683;-80;48
2684;-80;44
2685;-80;48
2686;-76;48
2687;-76;48
2688;-72;44
2689;-72;44
2690;-68;44
2691;-64;44
2692;-64;40
2693;-60;40
2694;-60;44
2695;-52;40
2696;-56;40
2697;-52;40
2698;-52;40
2699;-48;36
2700;-48;40
2701;-44;40
2702;-52;36
2703;-40;36
2704;-40;36
2705;-36;36
2706;-32;36
2707;-32;36
2708;-28;36
2709;-32;36
2710;-24;36
2711;-24;36
2712;-20;36
2713;-16;36
2714;-12;36
2715;-12;36
2716;-8;36
2717;-8;36
2718;-8;36
2719;-4;36
2720;0;36
2721;4;32
2722;0;32
2723;8;32
2724;8;28
2725;8;28
2726;12;28
2727;12;24
2728;16;20
2729;16;20
2730;24;20
2731;20;16
2732;24;16
2733;28;16
2734;28;12
2735;32;16
2736;36;12
2737;36;8
2738;36;8
2739;40;12
2740;44;12
2741;44;12
2742;44;12
2743;48;12
2744;28;12
2745;52;16
2746;56;16
2747;56;20
2748;60;24
2749;56;28
2750;64;28
2751;52;32
2752;68;32
2753;72;36
2754;68;40
2755;72;40
2756;84;44
2757;76;44
2758;80;44
2759;80;48
2760;80;44
2761;84;48
2762;84;48
2763;88;48
2764;92;48
2765;92;48
2766;96;48
2767;100;48
2768;100;48
2769;100;48
2770;104;48
2771;104;44
2772;108;44
2773;108;44
2774;108;44
2775;112;44
2776;112;40
2777;116;40
2778;116;44
2779;120;40
2780;120;44
2781;124;40
2782;124;40
2783;124;40
2784;128;40
2785;128;36
2786;132;36
2787;132;36
2788;132;36
2789;136;36
2790;136;36
2791;132;36
2792;140;36
2793;140;36
2794;144;36
2795;144;36
2796;148;36
2797;148;36
2798;144;36
2799;152;36
2800;152;36
2801;152;36
2802;156;36
2803;156;36
2804;156;36
2805;160;36
2806;160;36
2807;160;32
2808;164;32
2809;164;32
2810;168;28
2811;168;28
2812;168;28
2813;172;28
2814;172;24
2815;172;20
2816;168;20
2817;176;20
2818;172;16
2819;196;16
2820;176;12
2821;176;12
2822;176;12
2823;180;12
2824;176;12
2825;180;12
2826;184;8
2827;180;12
2828;184;12
2829;184;16
2830;184;16
2831;176;16
2832;184;20
2833;188;28
2834;188;28
2835;184;32
2836;188;36
2837;188;40
2838;184;40
2839;188;44
2840;188;44
2841;188;44
2842;192;44
2843;188;48
2844;188;48
2845;192;48
2846;192;48
2847;192;48
2848;192;52
2849;192;44
2850;192;48
2851;192;44
2852;192;44
2853;192;44
2854;192;44
2855;192;44
2856;192;44
2857;196;40
2858;192;40
2859;188;44
2860;196;40
2861;192;40
2862;192;40
2863;192;40
2864;192;36
2865;192;40
2866;204;40
2867;192;40
2868;192;36
2869;188;40
2870;188;36
2871;192;36
2872;188;40
2873;188;40
2874;188;36
2875;188;36
2876;188;36
2877;188;36
2878;188;32
2879;184;36
2880;184;36
2881;184;36
2882;184;36
2883;184;36
2884;180;36
2885;180;36
2886;180;36
2887;176;36
2888;180;36
2889;180;36
2890;176;-4
2891;176;-4
2892;176;-4
2893;176;-4
2894;168;-8
2895;172;-12
2896;172;-12
2897;172;-12
2898;172;-12
2899;172;-16
2900;168;-20
2901;188;-20
2902;164;-20
2903;164;-20
2904;164;-20
2905;164;-20
2906;160;-24
2907;160;-24
2908;160;-24
2909;156;-24
2910;152;-24
2911;152;-24
2912;156;-20
2913;144;-20
2914;148;-20
2915;152;-16
2916;148;-16
2917;148;-12
2918;144;-8
2919;144;-8
2920;132;-4
2921;140;-4
2922;136;4
2923;136;4
2924;136;4
2925;132;8
2926;136;8
2927;128;8
2928;128;12
2929;124;12
2930;124;12
2931;124;12
2932;124;12
2933;120;12
2934;120;12
2935;116;12
2936;116;12
2937;112;12
2938;112;12
2939;108;12
2940;108;8
2941;96;8
2942;104;8
2943;100;8
2944;100;8
2945;100;4
2946;96;12
2947;92;4
2948;88;4
2949;92;4
2950;88;4
2951;88;4
2952;84;4
2953;84;4
2954;80;4
2955;80;4
2956;76;4
2957;76;4
2958;76;0
2959;68;4
2960;72;0
2961;64;4
2962;68;0
2963;64;0
2964;60;0
2965;56;0
2966;60;0
2967;52;0
2968;52;4
2969;52;0
2970;48;0
2971;44;0
2972;44;0
2973;40;0
2974;36;0
2975;36;0
2976;32;0
2977;32;0
2978;28;0
2979;28;0
2980;28;0
2981;20;0
2982;20;-4
2983;-4;-4
2984;16;-4
2985;12;-4
2986;12;-4
2987;12;-8
2988;0;-12
2989;4;-12
2990;-4;-16
2991;0;-16
2992;-4;-16
2993;-4;-20
2994;-4;-20
2995;0;-20
2996;-8;-20
2997;-12;-20
2998;-16;-24
2999;-16;-24
3000;-20;-24
3001;-20;-28
3002;-20;-24
3003;-24;-24
3004;-28;-20
3005;-32;-24
3006;-32;-20
3007;-36;-16
3008;-36;-16
3009;-36;-12
3010;-40;-12
3011;-40;-12
3012;-48;-8
3013;-48;-4
3014;-52;-4
3015;-52;0
3016;-48;4
3017;-56;4
3018;-60;8
3019;-60;12
3020;-60;8
3021;-64;8
3022;-68;12
3023;-64;16
3024;-68;12
3025;-72;16
3026;-76;12
3027;-80;12
3028;-80;12
3029;-80;12
3030;-88;12
3031;-84;8
3032;-88;8
3033;-88;12
3034;-92;8
3035;-92;8
3036;-96;8
3037;-104;4
3038;-100;4
3039;-100;8
3040;-100;4
3041;-104;4
3042;-104;4
3043;-108;4
3044;-112;4
3045;-112;4
3046;-116;4
3047;-116;4
3048;-116;4
3049;-116;4
3050;-120;4
3051;-120;4
3052;-120;4
3053;-124;0
3054;-128;0
3055;-128;4
3056;-124;0
3057;-132;0
3058;-108;0
3059;-136;4
3060;-140;0
3061;-136;4
3062;-140;0
3063;-140;0
3064;-140;0
3065;-140;0
3066;-144;0
3067;-148;0
3068;-148;0
3069;-148;0
3070;-156;0
3071;-152;0
3072;-148;0
3073;-152;0
3074;-156;-4
3075;-156;-4
3076;-156;-4
3077;-164;-8
3078;-160;-8
3079;-160;-12
3080;-160;-12
3081;-160;-16
3082;-164;-16
3083;-164;-20
3084;-164;-20
3085;-164;-20
3086;-168;-20
3087;-168;-24
3088;-168;-24
3089;-168;-24
3090;-168;-24
3091;-172;-24
3092;-172;-24
3093;-172;-24
3094;-172;-20
3095;-172;-16
3096;-176;-16
3097;-172;-12
3098;-184;-12
3099;-176;-8
3100;-176;-4
3101;-180;-4
3102;-176;-4
3103;-176;0
3104;-180;4
3105;-168;4
3106;-180;8
3107;-180;8
3108;-180;12
3109;-176;12
3110;-180;12
3111;-180;12
3112;-180;12
3113;-184;16
3114;-180;16
3115;-180;12
3116;-184;16
3117;-180;12
3118;-180;12
3119;-176;16
3120;-180;12
3121;-176;12
3122;-180;12
3123;-180;12
3124;-176;12
3125;-176;12
3126;-180;12
3127;-180;8
3128;-180;12
3129;-180;8
3130;-180;8
3131;-180;8
3132;-176;8
3133;-180;4
3134;-176;4
3135;-176;8
3136;-172;4
3137;-172;8
3138;-172;4
3139;-172;4
3140;-184;4
3141;-172;4
3142;-168;8
3143;-168;4
3144;-168;4
3145;-164;4
3146;-168;4
3147;-148;4
3148;-168;4
3149;-164;4
3150;-160;4
3151;-160;0
3152;-152;4
3153;-160;4
3154;-160;4
3155;-160;0
3156;-156;4
3157;-152;4
3158;-156;4
3159;-156;0
3160;-148;4
3161;-152;4
3162;-148;0
3163;-144;0
3164;-144;-4
3165;-144;0
3166;-144;-4
3167;-140;-4
3168;-140;-4
3169;-140;-8
3170;-132;-8
3171;-136;-8
3172;-132;-12
3173;-128;-16
3174;-128;-16
3175;-128;-20
3176;-128;-16
3177;-124;-20
3178;-124;-20
3179;-124;-20
3180;-124;-24
3181;-120;-20
3182;-116;-24
3183;-116;-24
3184;-112;-20
3185;-112;-20
3186;-108;-20
3187;-116;-16
3188;-108;-8
3189;-104;-8
3190;-100;-4
3191;-100;0
3192;-96;0
3193;-96;4
3194;-96;8
3195;-92;8
3196;-92;8
3197;-88;12
3198;-88;12
3199;-84;16
3200;-80;16
3201;-76;16
3202;-80;16
3203;-76;16
3204;-76;12
3205;-72;12
3206;-68;16
3207;-68;12
3208;-64;16
3209;-64;12
3210;-60;12
3211;-60;8
3212;-60;12
3213;-56;12
3214;-52;12
3215;-40;8
3216;-48;8
3217;-44;8
3218;-44;8
3219;-44;8
3220;-44;8
3221;-40;8
3222;-52;8
3223;-36;4
3224;-32;4
3225;-28;8
3226;-28;4
3227;-28;4
3228;-24;4
3229;-32;4
3230;-20;4
3231;-16;4
3232;-12;4
3233;-12;4
3234;-4;4
3235;-8;4
3236;-4;4
3237;-4;4
3238;-4;4
3239;4;8
3240;4;4
3241;4;4
3242;8;4
3243;12;4
3244;12;4
3245;16;4
3246;16;4
3247;20;0
3248;24;4
3249;20;0
3250;28;4
3251;28;0
3252;32;4
3253;32;0
3254;36;0
3255;44;-4
3256;40;-4
3257;44;-4
3258;44;-4
3259;44;-4
3260;48;-8
3261;52;-12
3262;60;-12
3263;56;-16
3264;56;-16
3265;60;-16
3266;64;-16
3267;64;-20
3268;64;-20
3269;64;-20
3270;68;-20
3271;72;-20
3272;76;-20
3273;76;-20
3274;76;-20
3275;80;-20
3276;76;-20
3277;84;-16
3278;84;-16
3279;88;-12
3280;88;-12
3281;92;-8
3282;92;-4
3283;92;-4
3284;96;0
3285;96;4
3286;104;4
3287;104;8
3288;108;8
3289;108;8
3290;108;8
3291;108;8
3292;112;12
3293;112;12
3294;116;12
3295;120;16
3296;120;16
3297;144;16
3298;124;16
3299;124;16
3300;128;16
3301;128;16
3302;128;16
3303;132;16
3304;136;48
3305;132;48
3306;136;48
3307;136;48
3308;136;48
3309;132;44
3310;140;48
3311;144;44
3312;144;44
3313;144;44
3314;148;44
3315;148;44
3316;144;44
3317;152;40
3318;152;44
3319;152;40
3320;156;40
3321;156;40
3322;160;40
3323;160;40
3324;160;40
3325;164;36
3326;164;36
3327;164;36
3328;164;32
3329;168;32
3330;168;32
3331;168;28
3332;172;28
3333;172;24
3334;172;24
3335;176;20
3336;176;20
3337;164;16
3338;176;20
3339;176;16
3340;176;16
3341;176;16
3342;180;16
3343;180;16
3344;192;16
3345;184;16
3346;184;16
3347;180;16
3348;184;20
3349;184;20
3350;184;24
3351;184;24
3352;188;28
3353;188;32
3354;184;32
3355;188;36
3356;188;40
3357;188;40
3358;196;40
3359;188;44
3360;192;48
3361;192;48
3362;188;48
3363;192;48
3364;192;48
3365;188;48
3366;192;52
3367;188;52
3368;192;48
3369;192;52
3370;192;48
3371;192;48
3372;184;48
3373;192;48
3374;192;48
3375;192;48
3376;192;48
3377;192;44
3378;192;48
3379;176;44
3380;192;44
3381;192;44
3382;192;44
3383;192;44
3384;196;44
3385;188;44
3386;212;44
3387;188;44
3388;188;40
3389;188;40
3390;188;40
3391;192;40
3392;188;40
3393;188;40
3394;184;40
3395;184;40
3396;184;40
3397;184;40
3398;176;36
3399;184;40
3400;184;40
3401;180;40
3402;180;36
3403;180;40
3404;180;40
3405;180;40
3406;176;40
3407;176;40
3408;176;40
3409;176;40
3410;176;36
3411;176;40
3412;176;36
3413;172;36
3414;168;40
3415;172;40
3416;168;36
3417;168;36
3418;164;36
3419;160;36
3420;164;32
3421;164;32
3422;164;32
3423;160;28
3424;160;28
3425;160;24
3426;152;24
3427;156;24
3428;156;20
3429;152;16
3430;152;16
3431;148;16
3432;152;16
3433;148;12
3434;148;12
3435;144;12
3436;144;12
3437;144;12
3438;144;12
3439;140;12
3440;144;16
3441;136;16
3442;136;20
3443;132;24
3444;132;24
3445;132;24
3446;128;28
3447;132;32
3448;128;32
3449;124;36
3450;120;40
3451;120;40
3452;116;44
3453;116;48
3454;124;44
3455;112;48
3456;108;48
3457;108;48
3458;108;48
3459;104;48
3460;104;52
3461;84;52
3462;100;52
3463;96;48
3464;92;52
3465;96;48
3466;88;48
3467;88;48
3468;76;48
3469;84;48
3470;84;44
3471;80;44
3472;80;44
3473;84;44
3474;76;44
3475;72;44
3476;68;44
3477;68;44
3478;68;44
3479;68;40
3480;64;40
3481;60;40
3482;60;40
3483;56;40
3484;56;40
3485;52;44
3486;48;40
3487;52;40
3488;44;40
3489;44;40
3490;40;40
3491;40;40
3492;36;40
3493;36;40
3494;36;36
3495;32;40
3496;28;40
3497;28;40
3498;24;36
3499;24;40
3500;20;40
3501;24;40
3502;16;36
3503;16;36
3504;12;40
3505;8;40
3506;4;36
3507;4;40
3508;-4;36
3509;0;40
3510;-4;36
3511;-4;36
3512;-8;-24
3513;-8;-24
3514;-12;-24
3515;-16;-28
3516;-16;-28
3517;-20;-32
3518;-20;-32
3519;-24;-32
3520;-24;-36
3521;-28;-36
3522;-32;-36
3523;-32;-40
3524;-32;-40
3525;-36;-40
3526;-40;-44
3527;-40;-44
3528;-40;-44
3529;-48;-44
3530;-48;-44
3531;-48;-44
3532;-48;-48
3533;-52;-44
3534;-52;-44
3535;-56;-44
3536;-40;-44
3537;-64;-40
3538;-64;-36
3539;-64;-36
3540;-64;-32
3541;-68;-28
3542;-72;-24
3543;-68;-20
3544;-76;-20
3545;-76;-16
3546;-80;-16
3547;-80;-12
3548;-88;-12
3549;-84;-8
3550;-84;-12
3551;-88;-12
3552;-88;-12
3553;-92;-12
3554;-96;-12
3555;-108;-12
3556;-100;-12
3557;-100;-12
3558;-104;-12
3559;-104;-12
3560;-108;-12
3561;-108;-12
3562;-112;-12
3563;-112;-16
3564;-112;-16
3565;-116;-16
3566;-116;-16
3567;-120;-16
3568;-120;-20
3569;-124;-20
3570;-124;-20
3571;-128;-20
3572;-128;-20
3573;-128;-20
3574;-132;-20
3575;-132;-20
3576;-132;-20
3577;-136;-20
3578;-136;-20
3579;-140;-20
3580;-140;-20
3581;-140;-24
3582;-140;-24
3583;-136;-24
3584;-144;-20
3585;-148;-20
3586;-148;-20
3587;-148;-24
3588;-148;-20
3589;-152;-20
3590;-156;-20
3591;-152;-24
3592;-156;-24
3593;-156;-24
3594;-156;-24
3595;-160;-24
3596;-160;-24
3597;-160;-24
3598;-160;-20
3599;-160;-24
3600;-160;-24
3601;-164;-24
3602;-164;-24
3603;-164;-28
3604;-168;-28
3605;-168;-32
3606;-168;-32
3607;-168;-32
3608;-172;-36
3609;-168;-36
3610;-168;-40
3611;-184;-40
3612;-172;-44
3613;-172;-44
3614;-176;-44
3615;-176;-44
3616;-172;-44
3617;-176;-44
3618;-172;-48
3619;-176;-48
3620;-176;-44
3621;-180;-44
3622;-180;-44
3623;-176;-44
3624;-180;-40
3625;-164;-40
3626;-180;-40
3627;-180;-36
3628;-180;-36
3629;-180;-32
3630;-176;-28
3631;-180;-28
3632;-180;-24
3633;-180;-24
3634;-180;-20
3635;-180;-20
3636;-180;-16
3637;-188;-16
3638;-180;-12
3639;-180;-12
3640;-180;-12
3641;-180;-12
3642;-180;-12
3643;-180;-12
3644;-176;-12
3645;-180;-12
3646;-176;-12
3647;-176;-12
3648;-176;-12
3649;-180;-12
3650;-176;-12
3651;-172;-12
3652;-176;-12
3653;-176;-12
3654;-176;-16
3655;-176;-16
3656;-172;-16
3657;-172;-16
3658;-172;-16
3659;-168;-16
3660;-172;-16
3661;-168;-20
3662;-168;-20
3663;-168;-20
3664;-164;-20
3665;-172;-20
3666;-164;-20
3667;-164;-20
3668;-164;-20
3669;-160;-20
3670;-160;-24
3671;-160;-20
3672;-160;-20
3673;-156;-20
3674;-156;-20
3675;-152;-24
3676;-152;-20
3677;-152;-24
3678;-152;-20
3679;-144;-20
3680;-148;-24
3681;-148;-24
3682;-144;-20
3683;-144;-20
3684;-144;-24
3685;-140;-24
3686;-136;-20
3687;-140;-24
3688;-140;-24
3689;-136;-24
3690;-136;-24
3691;-132;-24
3692;-132;-28
3693;-116;-24
3694;-128;-28
3695;-124;-28
3696;-124;-32
3697;-124;-32
3698;-124;-32
3699;-120;-32
3700;-120;-36
3701;-120;-36
3702;-112;-36
3703;-112;-44
3704;-108;-44
3705;-120;-44
3706;-108;-48
3707;-104;-48
3708;-104;-48
3709;-104;-48
3710;-100;-44
3711;-96;-48
3712;-100;-44
3713;-92;-48
3714;-92;-44
3715;-88;-40
3716;-88;-40
3717;-88;-36
3718;-84;-32
3719;-84;-32
3720;-80;32
3721;-80;32
3722;-76;32
3723;-76;36
3724;-72;40
3725;-68;40
3726;-68;40
3727;-64;44
3728;-64;44
3729;-60;44
3730;-60;48
3731;-56;48
3732;-56;48
3733;-60;48
3734;-52;44
3735;-48;44
3736;-48;44
3737;-44;44
3738;-44;44
3739;-40;44
3740;-24;44
3741;-36;44
3742;-32;44
3743;-32;40
3744;-32;40
3745;-24;44
3746;-24;40
3747;-20;40
3748;-20;40
3749;-16;40
3750;-16;40
3751;-12;36
3752;-12;40
3753;-12;40
3754;-4;36
3755;-4;40
3756;-4;40
3757;4;40
3758;4;36
3759;8;36
3760;4;36
3761;4;40
3762;12;36
3763;12;36
3764;16;36
3765;16;36
3766;20;36
3767;24;36
3768;12;36
3769;28;36
3770;28;36
3771;32;36
3772;32;36
3773;40;36
3774;36;36
3775;36;36
3776;40;36
3777;44;36
3778;48;32
3779;48;32
3780;52;32
3781;52;32
3782;76;28
3783;56;28
3784;60;24
3785;60;24
3786;64;20
3787;68;20
3788;68;16
3789;68;16
3790;72;16
3791;72;12
3792;72;12
3793;76;12
3794;72;8
3795;80;8
3796;80;12
3797;84;12
3798;88;12
3799;88;12
3800;88;12
3801;92;12
3802;96;16
3803;96;20
3804;100;24
3805;100;28
3806;100;32
3807;104;32
3808;108;36
3809;108;40
3810;112;44
3811;112;40
3812;112;44
3813;116;48
3814;116;44
3815;112;48
3816;120;48
3817;124;44
3818;124;44
3819;124;44
3820;128;48
3821;128;48
3822;124;44
3823;132;44
3824;132;44
3825;136;44
3826;136;44
3827;140;44
3828;140;44
3829;144;44
3830;140;40
3831;144;40
3832;144;40
3833;148;40
3834;152;40
3835;152;36
3836;156;40
3837;156;36
3838;152;36
3839;156;40
3840;156;40
3841;160;36
3842;160;36
3843;164;40
3844;164;36
3845;164;36
3846;164;36
3847;164;36
3848;168;36
3849;168;36
3850;176;36
3851;168;36
3852;168;36
3853;172;36
3854;172;36
3855;172;36
3856;172;36
3857;160;36
3858;176;36
3859;176;32
3860;180;32
3861;180;32
3862;172;32
3863;180;36
3864;172;32
3865;180;32
3866;184;32
3867;184;32
3868;188;28
3869;188;28
3870;184;24
3871;188;24
3872;188;24
3873;188;20
3874;184;16
3875;188;16
3876;188;12
3877;188;12
3878;188;12
3879;192;12
3880;188;12
3881;188;8
3882;188;12
3883;192;12
3884;192;8
3885;188;8
3886;192;8
3887;192;12
3888;192;16
3889;192;16
3890;192;20
3891;192;20
3892;192;24
3893;188;28
3894;192;28
3895;192;28
3896;192;32
3897;204;36
3898;192;36
3899;192;40
3900;192;44
3901;192;44
3902;192;44
3903;188;44
3904;192;48
3905;188;48
3906;188;48
3907;188;44
3908;188;48
3909;188;44
3910;188;48
3911;184;48
3912;184;44
3913;184;44
3914;188;44
3915;184;40
3916;184;44
3917;184;44
3918;176;40
3919;180;40
3920;184;40
3921;180;40
3922;180;40
3923;180;40
3924;176;40
3925;168;40
3926;180;40
3927;176;40
3928;176;40
3929;176;-4
3930;176;-4
3931;172;-4
3932;188;-4
3933;168;-4
3934;168;-4
3935;168;-4
3936;164;-8
3937;164;-8
3938;164;-8
3939;168;-12
3940;164;-12
3941;164;-12
3942;160;-16
3943;160;-12
3944;152;-20
3945;156;-20
3946;156;-24
3947;152;-24
3948;152;-24
3949;148;-24
3950;148;-28
3951;144;-28
3952;148;-32
3953;144;-28
3954;144;-28
3955;144;-32
3956;140;-28
3957;140;-28
3958;140;-28
3959;136;-24
3960;136;-24
3961;132;-24
3962;132;-20
3963;128;-20
3964;128;-16
3965;128;-16
3966;124;-12
3967;124;-8
3968;124;-8
3969;116;-4
3970;120;-4
3971;116;-4
3972;104;0
3973;116;4
3974;112;0
3975;108;4
3976;108;4
3977;108;4
3978;104;8
3979;112;4
3980;100;4
3981;100;8
3982;96;8
3983;96;4
3984;92;4
3985;88;4
3986;92;4
3987;84;4
3988;84;4
3989;80;4
3990;76;0
3991;76;0
3992;76;0
3993;80;0
3994;68;0
3995;72;0
3996;68;-4
3997;68;-4
3998;64;-4
3999;60;-4
4000;56;-4
4001;60;-4
4002;56;-4
4003;52;-4
4004;52;-4
4005;44;-8
4006;44;-4
4007;36;-4
4008;40;-4
4009;40;-4
4010;36;-4
4011;36;-4
4012;36;-4
4013;32;-4
4014;12;-4
4015;28;-8
4016;24;-8
4017;24;-8
4018;20;-8
4019;20;-4
4020;16;-4
4021;28;-4
4022;12;-4
4023;8;-8
4024;8;-8
4025;4;-8
4026;8;-8
4027;0;-12
4028;-4;-12
4029;-4;-12
4030;-8;-16
4031;-8;-16
4032;-8;-20
4033;-16;-20
4034;-16;-20
4035;-16;-24
4036;-20;-24
4037;-24;-28
4038;-24;-28
4039;-24;-28
4040;-28;-32
4041;-32;-32
4042;-32;-32
4043;-36;-32
4044;-40;-28
4045;-40;-28
4046;-40;-28
4047;-36;-28
4048;-44;-28
4049;-48;-28
4050;-52;-24
4051;-52;-20
4052;-52;-16
4053;-56;-16
4054;-60;-12
4055;-60;-12
4056;-60;-8
4057;-64;-4
4058;-68;-4
4059;-68;0
4060;-72;0
4061;-84;0
4062;-76;4
4063;-76;4
4064;-80;4
4065;-80;4
4066;-84;4
4067;-84;4
4068;-88;8
4069;-88;4
4070;-92;8
4071;-92;4
4072;-92;4
4073;-92;4
4074;-100;4
4075;-96;4
4076;-104;4
4077;-104;0
4078;-104;0
4079;-108;0
4080;-108;0
4081;-112;0
4082;-108;-4
4083;-116;0
4084;-116;-4
4085;-120;-4
4086;-120;-4
4087;-120;-4
4088;-124;-4
4089;-120;-4
4090;-128;-4
4091;-128;-4
4092;-128;-4
4093;-132;-4
4094;-136;-4
4095;-136;-4
4096;-152;-8
4097;-136;-4
4098;-140;-4
4099;-140;-8
4100;-144;-4
4101;-152;-8
4102;-144;-4
4103;-152;-8
4104;-148;-8
4105;-148;-8
4106;-152;-4
4107;-152;-8
4108;-148;-8
4109;-156;-4
4110;-156;-8
4111;-156;-8
4112;-160;-4
4113;-160;-8
4114;-160;-4
4115;-160;-8
4116;-160;-4
4117;-164;-8
4118;-160;-8
4119;-164;-8
4120;-168;-4
4121;-168;-8
4122;-164;-8
4123;-168;-8
4124;-168;-8
4125;-168;-8
4126;-168;-8
4127;-172;-8
4128;-172;-8
4129;-172;-8
4130;-176;-8
4131;-172;-8
4132;-176;-8
4133;-176;-4
4134;-180;-8
4135;-176;-8
4136;-168;-8
4137;-176;-4
4138;-176;-4
4139;-180;-4
4140;-176;-8
4141;-180;-4
4142;-180;-8
4143;-180;-12
4144;-180;-12
4145;-180;-16
4146;-180;-16
4147;-180;-16
4148;-180;-20
4149;-184;-20
4150;-184;-20
4151;-180;-20
4152;-180;-24
4153;-180;-24
4154;-184;-24
4155;-180;-24
4156;-184;-24
4157;-188;-24
4158;-184;-28
4159;-180;-24
4160;-184;-24
4161;-184;-24
4162;-180;-20
4163;-180;-20
4164;-192;-16
4165;-180;-12
4166;-180;-12
4167;-180;-8
4168;-180;-4
4169;-176;-4
4170;-176;0
4171;-172;0
4172;-176;4
4173;-176;4
4174;-176;8
4175;-172;8
4176;-172;8
4177;-172;12
4178;-160;12
4179;-172;12
4180;-172;12
4181;-168;12
4182;-168;12
4183;-172;12
4184;-168;8
4185;-168;8
4186;-164;8
4187;-164;8
4188;-160;8
4189;-160;8
4190;-172;8
4191;-160;8
4192;-160;8
4193;-156;8
4194;-152;4
4195;-156;8
4196;-152;4
4197;-156;4
4198;-148;4
4199;-148;4
4200;-148;4
4201;-148;4
4202;-148;0
4203;-144;4
4204;-144;0
4205;-140;0
4206;-140;0
4207;-136;4
4208;-136;0
4209;-136;0
4210;-136;0
4211;-148;0
4212;-128;0
4213;-132;0
4214;-128;0
4215;-124;0
4216;-124;0
4217;-120;0
4218;-108;0
4219;-120;0
4220;-120;0
4221;-112;0
4222;-112;0
4223;-112;0
4224;-112;-4
4225;-104;0
4226;-108;0
4227;-108;0
4228;-104;-4
4229;-100;0
4230;-96;-4
4231;-96;-8
4232;-88;-4
4233;-92;-8
4234;-92;-12
4235;-88;-12
4236;-84;-12
4237;-84;-16
4238;-84;-20
4239;-80;-20
4240;-76;-20
4241;-76;-24
4242;-76;-20
4243;-72;-24
4244;-68;-24
4245;-68;-24
4246;-68;-24
4247;-60;-24
4248;-60;-24
4249;-60;-24
4250;-56;-24
4251;-52;-20
4252;-52;-20
4253;-64;-20
4254;-52;-16
4255;-48;-12
4256;-44;-12
4257;-44;-12
4258;-36;-8
4259;-36;-4
4260;-16;0
4261;-32;0
4262;-32;4
4263;-32;4
4264;-28;4
4265;-24;8
4266;-24;8
4267;-20;12
4268;-20;12
4269;-16;12
4270;-16;12
4271;-12;12
4272;-16;12
4273;-8;12
4274;-4;12
4275;-4;12
4276;0;8
4277;0;8
4278;4;8
4279;4;8
4280;12;8
4281;8;8
4282;12;8
4283;16;8
4284;16;4
4285;20;8
4286;24;4
4287;24;4
4288;24;4
4289;28;4
4290;28;4
4291;32;4
4292;36;0
4293;36;4
4294;40;4
4295;40;0
4296;44;4
4297;44;0
4298;48;0
4299;52;0
4300;44;0
4301;56;0
4302;56;0
4303;60;0
4304;60;0
4305;64;0
4306;64;0
4307;64;0
4308;68;0
4309;72;0
4310;76;0
4311;76;0
4312;80;0
4313;76;0
4314;88;-4
4315;80;0
4316;88;0
4317;88;0
4318;88;0
4319;96;0
4320;92;0
4321;100;0
4322;96;-4
4323;100;-4
4324;104;-4
4325;104;-4
4326;108;-8
4327;108;-8
4328;124;-12
4329;112;-12
4330;112;-16
4331;116;-16
4332;116;-20
4333;116;-20
4334;120;-20
4335;116;-24
4336;124;-24
4337;128;-24
4338;128;-24
4339;128;-24
4340;124;-28
4341;132;-24
4342;132;-24
4343;136;-24
4344;136;-20
4345;140;4
4346;144;16
4347;136;20
4348;144;20
4349;144;20
4350;148;28
4351;148;24
4352;148;28
4353;152;32
4354;152;32
4355;156;36
4356;156;40
4357;156;36
4358;156;40
4359;156;44
4360;160;44
4361;160;40
4362;164;44
4363;164;44
4364;168;44
4365;164;44
4366;168;44
4367;172;44
4368;156;44
4369;172;40
4370;172;44
4371;172;44
4372;172;40
4373;176;40
4374;176;40
4375;188;40
4376;176;40
4377;176;40
4378;180;40
4379;180;36
4380;184;36
4381;180;40
4382;184;36
4383;184;36
4384;184;36
4385;184;36
4386;188;32
4387;184;36
4388;188;36
4389;192;36
4390;188;36
4391;188;32
4392;188;32
4393;188;32
4394;192;32
4395;188;32
4396;184;32
4397;192;32
4398;192;32
4399;192;32
4400;188;32
4401;188;32
4402;192;32
4403;180;32
4404;196;32
4405;192;32
4406;192;32
4407;192;32
4408;196;28
4409;192;24
4410;188;24
4411;192;20
4412;192;20
4413;192;20
4414;192;16
4415;196;12
4416;196;16
4417;208;12
4418;196;12
4419;192;12
4420;196;8
4421;192;8
4422;200;8
4423;192;8
4424;192;8
4425;192;4
4426;188;8
4427;188;12
4428;192;12
4429;184;12
4430;188;16
4431;188;20
4432;188;20
4433;188;24
4434;184;28
4435;184;28
4436;184;28
4437;180;32
4438;184;32
4439;184;40
4440;184;40
4441;180;40
4442;176;40
4443;184;44
4444;176;44
4445;180;44
4446;176;44
4447;176;44
4448;176;44
4449;176;44
4450;172;44
4451;172;44
4452;172;44
4453;172;44
4454;168;44
4455;168;40
4456;168;44
4457;156;40
4458;164;40
4459;164;40
4460;164;40
4461;164;40
4462;160;40
4463;160;40
4464;152;36
4465;160;36
4466;156;36
4467;152;36
4468;152;36
4469;152;36
4470;148;36
4471;152;36
4472;148;36
4473;148;36
4474;148;32
4475;144;36
4476;144;32
4477;140;32
4478;144;32
4479;136;32
4480;132;32
4481;132;36
4482;132;32
4483;128;32
4484;128;32
4485;140;32
4486;124;32
4487;124;32
4488;120;32
4489;120;32
4490;112;32
4491;116;32
4492;108;32
4493;112;32
4494;112;32
4495;112;32
4496;108;32
4497;96;32
4498;104;32
4499;96;32
4500;96;32
4501;96;32
4502;96;32
4503;92;32
4504;92;32
4505;88;32
4506;84;32
4507;84;32
4508;80;28
4509;80;28
4510;80;24
4511;76;24
4512;76;20
4513;72;20
4514;72;20
4515;68;16
4516;64;16
4517;64;12
4518;64;12
4519;60;8
4520;60;12
4521;56;12
4522;56;8
4523;52;4
4524;48;8
4525;44;8
4526;44;4
4527;40;8
4528;40;8
4529;40;12
4530;32;12
4531;32;16
4532;44;16
4533;28;20
4534;24;20
4535;24;28
4536;20;24
4537;20;28
4538;16;32
4539;12;36
4540;12;36
4541;12;40
4542;8;40
4543;8;40
4544;4;40
4545;4;40
4546;-4;44
4547;0;44
4548;-8;44
4549;-8;48
4550;-8;44
4551;-8;44
4552;-12;44
4553;-20;44
4554;-16;-12
4555;-20;-12
4556;-24;-12
4557;-24;-12
4558;-28;-16
4559;-32;-16
4560;-44;-16
4561;-32;-12
4562;-36;-16
4563;-40;-16
4564;-36;-16
4565;-36;-20
4566;-44;-20
4567;-32;-16
4568;-48;-16
4569;-52;-20
4570;-52;-20
4571;-56;-20
4572;-56;-20
4573;-60;-20
4574;-52;-20
4575;-64;-20
4576;-64;-24
4577;-68;-24
4578;-68;-20
4579;-72;-24
4580;-72;-24
4581;-76;-28
4582;-76;-32
4583;-80;-32
4584;-80;-32
4585;-88;-36
4586;-92;-36
4587;-88;-36
4588;-92;-40
4589;-92;-40
4590;-92;-40
4591;-96;-44
4592;-100;-44
4593;-104;-44
4594;-100;-48
4595;-104;-44
4596;-108;-48
4597;-108;-48
4598;-108;-48
4599;-112;-44
4600;-112;-40
4601;-116;-40
4602;-112;-40
4603;-120;-36
4604;-120;-32
4605;-120;-32
4606;-124;-28
4607;-136;-28
4608;-128;-24
4609;-128;-24
4610;-132;-20
4611;-132;-20
4612;-132;-16
4613;-136;-16
4614;-132;-16
4615;-136;-12
4616;-136;-12
4617;-140;-12
4618;-140;-8
4619;-140;-12
4620;-144;-8
4621;-148;-12
4622;-148;-12
4623;-148;-12
4624;-152;-12
4625;-152;-12
4626;-156;-12
4627;-156;-12
4628;-156;-12
4629;-156;-12
4630;-160;-12
4631;-160;-16
4632;-156;-16
4633;-156;-16
4634;-160;-16
4635;-168;-16
4636;-164;-20
4637;-164;-16
4638;-164;-20
4639;-168;-20
4640;-164;-20
4641;-168;-20
4642;-184;-20
4643;-172;-20
4644;-168;-20
4645;-172;-20
4646;-172;-20
4647;-168;-24
4648;-172;-20
4649;-172;-24
4650;-176;-20
4651;-176;-20
4652;-176;-24
4653;-176;-20
4654;-176;-20
4655;-176;-24
4656;-164;-24
4657;-180;-24
4658;-180;-24
4659;-180;-24
4660;-180;-24
4661;-180;-24
4662;-180;-24
4663;-180;-20
4664;-180;-24
4665;-180;-24
4666;-184;-24
4667;-180;-24
4668;-188;-28
4669;-180;-24
4670;-184;-28
4671;-184;-28
4672;-184;-28
4673;-184;-32
4674;-184;-32
4675;-184;-32
4676;-180;-32
4677;-184;-36
4678;-184;-36
4679;-180;-40
4680;-184;-40
4681;-180;-40
4682;-176;-44
4683;-180;-44
4684;-180;-44
4685;-176;-44
4686;-180;-48
4687;-180;-48
4688;-180;-48
4689;-180;-44
4690;-176;-44
4691;-172;-44
4692;-176;-40
4693;-176;-40
4694;-172;-40
4695;-176;-36
4696;-180;-36
4697;-172;-32
4698;-168;-28
4699;-168;-28
4700;-168;-24
4701;-168;-24
4702;-164;-20
4703;-164;-20
4704;-164;-16
4705;-164;-16
4706;-160;-16
4707;-160;-12
4708;-160;-12
4709;-160;-12
4710;-148;-12
4711;-156;-12
4712;-156;-12
4713;-156;-12
4714;-152;-16
4715;-152;-12
4716;-156;-12
4717;-144;-12
4718;-148;-12
4719;-148;-12
4720;-144;-16
4721;-144;-12
4722;-144;-16
4723;-140;-16
4724;-136;-16
4725;-140;-16
4726;-136;-20
4727;-136;-20
4728;-136;-20
4729;-136;-20
4730;-132;-20
4731;-144;-20
4732;-128;-20
4733;-128;-20
4734;-124;-20
4735;-124;-20
4736;-128;-20
4737;-120;-20
4738;-128;-20
4739;-116;-20
4740;-112;-24
4741;-112;-20
4742;-112;-24
4743;-104;-20
4744;-108;-24
4745;-108;-20
4746;-104;-24
4747;-100;-24
4748;-100;-24
4749;-96;-24
4750;-92;-24
4751;-92;-24
4752;-88;-24
4753;-88;-24
4754;-88;-24
4755;-84;-24
4756;-80;-24
4757;-80;-24
4758;-80;-24
4759;-76;-20
4760;-76;-20
4761;-72;-20
4762;-68;40
4763;-68;40
4764;-64;36
4765;-64;36
4766;-60;36
4767;-60;32
4768;-56;32
4769;-52;32
4770;-52;28
4771;-40;24
4772;-48;24
4773;-48;24
4774;-44;20
4775;-44;20
4776;-40;20
4777;-36;16
4778;-36;16
4779;-32;16
4780;-32;16
4781;-28;12
4782;-28;12
4783;-24;12
4784;-24;12
4785;-24;16
4786;-20;12
4787;-16;12
4788;-12;16
4789;-12;20
4790;-8;24
4791;-4;24
4792;-8;28
4793;0;28
4794;0;32
4795;0;36
4796;4;36
4797;8;40
4798;8;44
4799;4;44
4800;16;44
4801;16;48
4802;16;48
4803;16;48
4804;24;48
4805;24;48
4806;44;52
4807;28;52
4808;32;52
4809;32;48
4810;36;48
4811;40;48
4812;40;48
4813;48;48
4814;44;48
4815;48;48
4816;48;44
4817;48;44
4818;48;44
4819;56;44
4820;60;44
4821;60;44
4822;60;44
4823;60;44
4824;68;40
4825;60;44
4826;68;44
4827;72;44
4828;72;40
4829;76;40
4830;76;40
4831;80;40
4832;76;40
4833;84;40
4834;84;40
4835;88;40
4836;92;40
4837;88;40
4838;96;40
4839;96;40
4840;96;40
4841;100;40
4842;104;40
4843;100;36
4844;104;40
4845;108;40
4846;96;40
4847;112;36
4848;112;36
4849;116;36
4850;116;40
4851;120;40
4852;120;36
4853;136;40
4854;124;36
4855;124;36
4856;128;40
4857;128;36
4858;132;36
4859;132;32
4860;136;32
4861;136;28
4862;136;28
4863;136;24
4864;140;24
4865;140;24
4866;144;20
4867;152;20
4868;144;16
4869;148;16
4870;152;16
4871;152;12
4872;152;12
4873;152;12
4874;152;12
4875;160;12
4876;160;12
4877;160;12
4878;160;16
4879;156;20
4880;164;16
4881;156;20
4882;168;24
4883;164;24
4884;168;28
4885;168;32
4886;168;32
4887;168;36
4888;152;40
4889;172;40
4890;172;44
4891;172;44
4892;176;44
4893;176;44
4894;176;48
4895;192;48
4896;180;48
4897;176;48
4898;180;48
4899;176;48
4900;188;48
4901;180;48
4902;180;48
4903;184;48
4904;184;48
4905;184;48
4906;184;48
4907;184;48
4908;188;48
4909;188;48
4910;188;44
4911;188;44
4912;188;44
4913;192;44
4914;188;40
4915;192;40
4916;192;44
4917;188;40
4918;192;44
4919;192;40
4920;192;40
4921;196;40
4922;192;40
4923;192;40
4924;192;40
4925;192;40
4926;192;40
4927;192;40
4928;188;40
4929;192;40
4930;192;40
4931;192;40
4932;192;40
4933;192;40
4934;192;40
4935;184;40
4936;196;40
4937;192;40
4938;192;36
4939;196;40
4940;192;36
4941;192;40
4942;188;36
4943;192;40
4944;192;36
4945;192;36
4946;188;36
4947;192;36
4948;188;40
4949;192;40
4950;188;40
4951;188;36
4952;184;36
4953;188;36
4954;184;36
4955;184;36
4956;188;36
4957;180;32
4958;184;36
4959;180;32
4960;180;32
4961;180;28
4962;180;28
4963;184;28
4964;176;24
4965;176;20
4966;176;24
4967;172;24
4968;172;16
4969;172;16
4970;148;16
4971;168;-24
4972;168;-24
4973;168;-24
4974;164;-28
4975;164;-24
4976;164;-28
4977;152;-24
4978;164;-24
4979;160;-24
4980;160;-24
4981;160;-20
4982;164;-20
4983;156;-20
4984;156;-12
4985;152;-12
4986;152;-12
4987;152;-4
4988;148;-4
4989;148;-4
4990;148;0
4991;148;4
4992;144;4
4993;140;4
4994;140;8
4995;140;8
4996;140;8
4997;136;8
4998;132;12
4999;132;8
5000;128;12
5001;132;8
5002;128;12
5003;128;8
5004;124;8
5005;124;8
5006;124;8
5007;124;8
5008;120;8
5009;116;8
5010;124;4
5011;112;4
5012;112;4
5013;108;4
5014;104;4
5015;104;4
5016;100;4
5017;100;0
5018;100;4
5019;96;4
5020;92;0
5021;92;0
5022;88;0
5023;88;0
5024;84;0
5025;84;0
5026;84;0
5027;80;0
5028;80;0
5029;76;0
5030;76;0
5031;68;0
5032;68;0
5033;68;0
5034;68;0
5035;64;0
5036;60;-4
5037;60;0
5038;52;0
5039;56;-4
5040;52;-4
5041;52;0
5042;48;0
5043;52;-4
5044;40;0
5045;60;-4
5046;40;0
5047;36;-4
5048;36;-4
5049;36;-4
5050;32;0
5051;28;-4
5052;32;0
5053;20;-4
5054;24;-4
5055;20;-4
5056;16;-8
5057;16;-8
5058;12;-8
5059;16;-12
5060;8;-12
5061;8;-16
5062;4;-16
5063;4;-20
5064;-12;-20
5065;0;-20
5066;-4;-20
5067;-4;-24
5068;-8;-24
5069;-12;-24
5070;-12;-28
5071;-16;-28
5072;-20;-24
5073;-20;-28
5074;-24;-28
5075;-28;-24
5076;-28;-24
5077;-28;-24
5078;-28;-20
5079;-32;-20
5080;-32;-16
5081;-36;-16
5082;-40;-12
5083;-40;-12
5084;-44;-4
5085;-56;-4
5086;-48;-4
5087;-48;0
5088;-52;4
5089;-52;4
5090;-56;8
5091;-60;8
5092;-60;8
5093;-64;8
5094;-64;8
5095;-64;8
5096;-68;8
5097;-72;8
5098;-72;12
5099;-68;8
5100;-76;8
5101;-80;8
5102;-84;8
5103;-84;8
5104;-84;8
5105;-84;4
5106;-84;8
5107;-92;4
5108;-92;4
5109;-96;4
5110;-96;4
5111;-96;4
5112;-100;4
5113;-100;4
5114;-104;4
5115;-108;4
5116;-108;4
5117;-112;0
5118;-116;4
5119;-112;0
5120;-120;0
5121;-116;0
5122;-116;0
5123;-120;0
5124;-120;0
5125;-124;0
5126;-124;-4
5127;-148;0
5128;-128;0
5129;-132;0
5130;-132;-4
5131;-132;0
5132;-136;0
5133;-136;0
5134;-140;-4
5135;-140;-4
5136;-140;0
5137;-144;-4
5138;-140;0
5139;-136;-4
5140;-144;0
5141;-148;-4
5142;-148;-4
5143;-148;0
5144;-152;-4
5145;-152;-4
5146;-152;-4
5147;-152;-4
5148;-156;-4
5149;-156;-4
5150;-156;-4
5151;-160;-8
5152;-160;-8
5153;-156;-8
5154;-160;-12
5155;-160;-12
5156;-164;-12
5157;-164;-16
5158;-168;-20
5159;-164;-20
5160;-160;-20
5161;-168;-24
5162;-168;-28
5163;-168;-24
5164;-168;-28
5165;-168;-28
5166;-172;-28
5167;-168;-28
5168;-172;-28
5169;-172;-28
5170;-172;-24
5171;-172;-24
5172;-176;-20
5173;-176;-20
5174;-184;-16
5175;-172;-12
5176;-176;-12
5177;-176;-8
5178;-176;-4
5179;-176;8
5180;-180;12
5181;-184;12
5182;-180;16
5183;-180;16
5184;-180;20
5185;-180;20
5186;-176;20
5187;-180;24
5188;-180;20
5189;-180;20
5190;-180;20
5191;-180;20
5192;-180;20
5193;-176;20
5194;-176;20
5195;-176;20
5196;-180;20
5197;-180;20
5198;-180;20
5199;-176;16
5200;-176;20
5201;-176;16
5202;-156;16
5203;-176;16
5204;-176;16
5205;-176;16
5206;-176;12
5207;-180;16
5208;-176;12
5209;-176;12
5210;-172;12
5211;-172;12
5212;-172;12
5213;-168;12
5214;-176;12
5215;-168;12
5216;-168;12
5217;-168;12
5218;-164;12
5219;-164;12
5220;-164;12
5221;-164;12
5222;-164;8
5223;-160;8
5224;-164;12
5225;-156;12
5226;-160;8
5227;-156;8
5228;-156;12
5229;-156;12
5230;-152;8
5231;-152;8
5232;-148;8
5233;-152;8
5234;-148;4
5235;-148;4
5236;-144;4
5237;-144;0
5238;-140;0
5239;-140;0
5240;-144;-4
5241;-140;-4
5242;-144;-8
5243;-136;-8
5244;-132;-8
5245;-136;-12
5246;-132;-12
5247;-128;-12
5248;-132;-12
5249;-112;-16
5250;-124;-16
5251;-124;-16
5252;-124;-16
5253;-120;-16
5254;-116;-16
5255;-116;-12
5256;-116;-12
5257;-112;-8
5258;-112;-4
5259;-108;0
5260;-108;0
5261;-108;8
5262;-100;8
5263;-100;12
5264;-100;12
5265;-96;16
5266;-96;20
5267;-96;20
5268;-92;20
5269;-92;20
5270;-88;20
5271;-88;20
5272;-88;20
5273;-80;20
5274;-80;20
5275;-80;24
5276;-76;20
5277;-84;20
5278;-72;20
5279;-72;16
5280;-68;20
5281;-64;16
5282;-60;16
5283;-64;16
5284;-60;16
5285;-56;16
5286;-56;16
5287;-52;16
5288;-52;16
5289;-48;12
5290;-48;12
5291;-24;12
5292;-44;12
5293;-40;12
5294;-40;12
5295;-36;12
5296;-36;12
5297;-32;12
5298;-32;12
5299;-28;12
5300;-28;12
5301;-24;8
5302;-20;12
5303;-20;8
5304;-16;8
5305;-12;12
5306;-12;8
5307;-12;8
5308;-8;8
5309;-4;8
5310;-4;8
5311;-4;12
5312;4;8
5313;0;8
5314;4;12
5315;8;12
5316;12;8
5317;12;12
5318;16;8
5319;16;8
5320;16;8
5321;20;8
5322;20;8
5323;24;8
5324;24;8
5325;28;4
5326;32;4
5327;32;4
5328;36;0
5329;36;0
5330;40;-4
5331;56;-8
5332;48;-8
5333;48;-8
5334;48;-12
5335;52;-12
5336;56;-12
5337;56;-12
5338;56;-16
5339;60;-16
5340;60;-16
5341;64;-16
5342;68;-16
5343;64;-16
5344;68;-12
5345;72;-12
5346;76;-12
5347;76;-12
5348;76;-8
5349;80;-4
5350;80;-4
5351;84;0
5352;84;0
5353;88;4
5354;88;8
5355;96;12
5356;96;12
5357;96;16
5358;96;16
5359;92;16
5360;100;16
5361;104;20
5362;104;20
5363;108;20
5364;108;20
5365;112;20
5366;100;24
5367;112;20
5368;116;20
5369;116;20
5370;120;20
5371;120;20
5372;120;20
5373;136;20
5374;128;16
5375;128;16
5376;128;16
5377;128;16
5378;144;16
5379;136;16
5380;136;16
5381;136;16
5382;136;16
5383;140;12
5384;140;12
5385;140;16
5386;144;16
5387;148;40
5388;148;40
5389;152;40
5390;148;36
5391;152;36
5392;152;36
5393;152;36
5394;156;32
5395;160;32
5396;156;32
5397;160;28
5398;160;28
5399;168;24
5400;164;24
5401;164;24
5402;164;20
5403;168;16
5404;168;16
5405;168;16
5406;172;12
5407;172;12
5408;172;12
5409;172;12
5410;172;8
5411;172;8
5412;176;12
5413;168;12
5414;180;12
5415;180;12
5416;180;20
5417;180;20
5418;180;24
5419;180;28
5420;176;32
5421;180;32
5422;184;36
5423;184;40
5424;184;40
5425;184;44
5426;184;44
5427;188;44
5428;188;48
5429;188;48
5430;188;48
5431;188;48
5432;192;48
5433;188;48
5434;192;48
5435;188;48
5436;188;48
5437;192;44
5438;192;44
5439;192;44
5440;192;44
5441;208;44
5442;192;44
5443;192;44
5444;192;40
5445;192;40
5446;188;40
5447;192;40
5448;188;40
5449;192;40
5450;192;40
5451;192;36
5452;196;36
5453;184;36
5454;192;40
5455;192;36
5456;188;36
5457;188;36
5458;188;36
5459;192;36
5460;188;32
5461;188;36
5462;188;36
5463;188;36
5464;188;36
5465;188;36
5466;188;36
5467;188;36
5468;184;36
5469;184;36
5470;184;36
5471;184;32
5472;180;36
5473;180;36
5474;184;36
5475;184;36
5476;180;36
5477;180;36
5478;176;36
5479;180;32
5480;180;32
5481;172;32
5482;176;32
5483;172;32
5484;176;32
5485;172;32
5486;172;32
5487;172;24
5488;184;28
5489;172;24
5490;168;24
5491;164;20
5492;164;20
5493;164;16
5494;164;16
5495;160;12
5496;160;16
5497;160;12
5498;160;12
5499;160;12
5500;156;8
5501;156;12
5502;152;12
5503;156;8
5504;152;12
5505;152;12
5506;148;16
5507;148;16
5508;144;20
5509;140;24
5510;140;28
5511;140;28
5512;140;36
5513;136;36
5514;136;40
5515;136;40
5516;120;44
5517;132;44
5518;128;48
5519;128;44
5520;128;44
5521;128;48
5522;124;48
5523;124;44
5524;120;48
5525;120;44
5526;116;44
5527;116;48
5528;112;44
5529;112;44
5530;124;44
5531;104;44
5532;108;40
5533;100;44
5534;100;40
5535;100;40
5536;96;40
5537;96;40
5538;92;40
5539;92;36
5540;88;36
5541;88;40
5542;76;36
5543;84;40
5544;80;36
5545;80;36
5546;76;36
5547;72;36
5548;72;36
5549;68;36
5550;72;36
5551;68;36
5552;64;36
5553;64;36
5554;60;36
5555;56;36
5556;60;36
5557;52;36
5558;52;32
5559;52;36
5560;48;36
5561;48;32
5562;44;36
5563;28;36
5564;40;32
5565;36;32
5566;32;36
5567;32;32
5568;32;32
5569;28;32
5570;32;28
5571;24;28
5572;24;24
5573;20;24
5574;16;20
5575;16;20
5576;12;16
5577;12;16
5578;8;16
5579;8;16
5580;4;12
5581;0;12
5582;0;12
5583;0;8
5584;0;12
5585;-4;8
5586;-8;8
5587;-8;12
5588;-12;8
5589;-16;12
5590;-16;16
5591;-16;20
5592;-20;24
5593;-24;28
5594;-28;32
5595;-28;36
5596;-32;-20
5597;-32;-20
5598;-32;-16
5599;-36;-16
5600;-40;-12
5601;-40;-12
5602;-44;-12
5603;-48;-12
5604;-48;-12
5605;-72;-12
5606;-52;-12
5607;-56;-12
5608;-56;-12
5609;-60;-12
5610;-64;-12
5611;-64;-12
5612;-72;-16
5613;-68;-12
5614;-72;-12
5615;-68;-16
5616;-72;-16
5617;-64;-20
5618;-76;-16
5619;-80;-20
5620;-80;-20
5621;-84;-20
5622;-84;-20
5623;-88;-20
5624;-88;-20
5625;-92;-20
5626;-92;-20
5627;-96;-20
5628;-96;-20
5629;-96;-20
5630;-100;-20
5631;-100;-20
5632;-104;-20
5633;-108;-24
5634;-108;-24
5635;-108;-20
5636;-112;-24
5637;-112;-24
5638;-112;-24
5639;-116;-20
5640;-120;-24
5641;-120;-24
5642;-120;-24
5643;-124;-20
5644;-124;-24
5645;-120;-24
5646;-128;-24
5647;-132;-24
5648;-128;-24
5649;-132;-24
5650;-132;-24
5651;-136;-28
5652;-144;-28
5653;-136;-28
5654;-140;-32
5655;-140;-32
5656;-144;-36
5657;-144;-36
5658;-148;-36
5659;-152;-40
5660;-148;-40
5661;-152;-40
5662;-148;-44
5663;-152;-44
5664;-152;-44
5665;-152;-48
5666;-156;-48
5667;-156;-48
5668;-160;-48
5669;-156;-48
5670;-160;-48
5671;-160;-44
5672;-160;-44
5673;-156;-44
5674;-164;-40
5675;-164;-40
5676;-164;-36
5677;-168;-36
5678;-168;-32
5679;-168;-32
5680;-152;-28
5681;-168;-24
5682;-168;-20
5683;-172;-20
5684;-172;-20
5685;-176;-16
5686;-172;-16
5687;-184;-12
5688;-172;-12
5689;-176;-12
5690;-176;-16
5691;-176;-12
5692;-180;-12
5693;-176;-12
5694;-184;-12
5695;-176;-12
5696;-176;-12
5697;-180;-12
5698;-176;-12
5699;-176;-12
5700;-180;-12
5701;-180;-16
5702;-180;-16
5703;-180;-16
5704;-180;-16
5705;-180;-20
5706;-180;-16
5707;-180;-20
5708;-180;-20
5709;-184;-20
5710;-180;-16
5711;-184;-20
5712;-180;-20
5713;-180;-20
5714;-180;-20
5715;-180;-20
5716;-180;-20
5717;-180;-20
5718;-180;-20
5719;-180;-20
5720;-188;-20
5721;-180;-20
5722;-180;-20
5723;-176;-20
5724;-176;-20
5725;-176;-24
5726;-176;-24
5727;-164;-24
5728;-172;-24
5729;-172;-24
5730;-172;-24
5731;-172;-24
5732;-168;-24
5733;-168;-24
5734;-168;-24
5735;-168;-24
5736;-168;-24
5737;-164;-24
5738;-168;-24
5739;-164;-24
5740;-164;-24
5741;-160;-24
5742;-160;-24
5743;-160;-24
5744;-160;-24
5745;-160;-28
5746;-156;-28
5747;-156;-28
5748;-156;-32
5749;-152;-36
5750;-152;-36
5751;-152;-36
5752;-148;-40
5753;-152;-40
5754;-148;-40
5755;-156;-44
5756;-144;-44
5757;-144;-44
5758;-140;-44
5759;-140;-44
5760;-140;-48
5761;-140;-48
5762;-148;-48
5763;-136;-48
5764;-136;-44
5765;-132;-44
5766;-132;-44
5767;-132;-40
5768;-128;-36
5769;-108;-36
5770;-124;-32
5771;-120;-28
5772;-120;-24
5773;-120;-24
5774;-108;-20
5775;-116;-20
5776;-116;-16
5777;-112;-12
5778;-112;-12
5779;-108;-12
5780;-108;-12
5781;-108;-12
5782;-100;-12
5783;-100;-12
5784;-100;-12
5785;-96;-12
5786;-96;-12
5787;-92;-16
5788;-92;-12
5789;-88;-12
5790;-88;-12
5791;-84;-12
5792;-80;-16
5793;-80;-16
5794;-80;-16
5795;-72;-16
5796;-76;-16
5797;-72;-20
5798;-72;-16
5799;-68;-16
5800;-68;-16
5801;-64;-16
5802;-60;-16
5803;-60;-16
5804;-60;-20
5805;-56;-20
5806;-52;40
5807;-52;40
5808;-52;36
5809;-56;36
5810;-44;36
5811;-44;32
5812;-36;32
5813;-40;28
5814;-36;28
5815;-36;24
5816;-36;20
5817;-32;20
5818;-28;20
5819;-24;20
5820;-24;16
5821;-20;16
5822;-16;16
5823;-12;16
5824;-16;16
5825;-16;12
5826;-8;12
5827;-8;12
5828;-4;12
5829;0;12
5830;4;16
5831;4;20
5832;0;20
5833;4;20
5834;8;24
5835;12;24
5836;12;28
5837;28;32
5838;16;36
5839;20;40
5840;20;40
5841;20;40
5842;24;44
5843;28;44
5844;24;44
5845;32;48
5846;36;48
5847;36;48
5848;36;48
5849;32;52
5850;44;52
5851;44;48
5852;44;48
5853;48;48
5854;52;48
5855;52;48
5856;52;48
5857;60;48
5858;60;48
5859;60;44
5860;64;44
5861;68;44
5862;68;44
5863;68;44
5864;72;44
5865;76;44
5866;76;44
5867;80;40
5868;80;40
5869;80;40
5870;84;40
5871;84;40
5872;88;44
5873;88;40
5874;92;40
5875;92;40
5876;96;40
5877;88;36
5878;96;40
5879;100;40
5880;104;40
5881;104;36
5882;108;36
5883;108;36
5884;120;36
5885;116;36
5886;116;36
5887;116;36
5888;116;36
5889;120;36
5890;120;36
5891;124;36
5892;124;40
5893;128;40
5894;128;36
5895;128;36
5896;132;36
5897;132;36
5898;136;36
5899;136;36
5900;140;36
5901;140;36
5902;140;32
5903;144;32
5904;140;32
5905;140;28
5906;148;24
5907;148;24
5908;152;24
5909;152;20
5910;152;20
5911;152;20
5912;144;16
5913;156;12
5914;156;12
5915;160;12
5916;160;8
5917;164;12
5918;164;12
5919;156;12
5920;168;12
5921;164;12
5922;168;12
5923;168;12
5924;172;16
5925;168;16
5926;192;20
5927;172;24
5928;176;24
5929;172;24
5930;176;28
5931;180;32
5932;176;36
5933;176;40
5934;180;40
5935;180;44
5936;180;44
5937;180;44
5938;176;44
5939;184;48
5940;180;48
5941;184;48
5942;184;48
5943;184;48
5944;184;48
5945;184;48
5946;188;48
5947;188;48
5948;188;48
5949;188;48
5950;188;48
5951;188;48
5952;192;44
5953;188;44
5954;192;44
5955;192;44
5956;192;44
5957;188;44
5958;188;40
5959;184;40
5960;192;40
5961;192;44
5962;192;40
5963;192;40
5964;196;40
5965;192;40
5966;184;36
5967;192;36
5968;192;40
5969;192;36
5970;192;36
5971;192;40
5972;192;36
5973;188;40
5974;192;40
5975;188;40
5976;188;36
5977;188;36
5978;192;40
5979;188;36
5980;192;36
5981;192;36
5982;188;36
5983;188;36
5984;188;36
5985;188;36
5986;184;36
5987;192;36
5988;184;36
5989;184;36
5990;184;32
5991;184;32
5992;180;32
5993;180;28
5994;188;24
5995;180;24
5996;176;20
5997;180;20
5998;176;20
5999;176;20
6000;180;16
6001;152;12
6002;176;12
6003;172;12
6004;172;12
6005;176;12
6006;172;12
6007;168;12
6008;160;12
6009;164;16
6010;164;16
6011;164;20
6012;168;20
6013;168;20
6014;164;24
6015;160;-20
6016;160;-16
6017;160;-12
6018;156;-12
6019;156;-8
6020;148;-8
6021;152;-4
6022;152;-4
6023;152;0
6024;148;0
6025;148;0
6026;148;0
6027;148;4
6028;144;4
6029;144;4
6030;140;4
6031;140;0
6032;136;4
6033;136;4
6034;140;4
6035;132;0
6036;128;0
6037;132;0
6038;128;0
6039;128;0
6040;124;-4
6041;128;-4
6042;124;-4
6043;116;-4
6044;116;-4
6045;116;-4
6046;112;-4
6047;112;-4
6048;104;-4
6049;108;-8
6050;104;-8
6051;104;-8
6052;100;-4
6053;100;-8
6054;96;-8
6055;92;-8
6056;96;-8
6057;96;-8
6058;92;-8
6059;88;-4
6060;88;-8
6061;84;-8
6062;80;-8
6063;80;-8
6064;80;-8
6065;76;-8
6066;76;-12
6067;72;-8
6068;68;-8
6069;72;-8
6070;64;-12
6071;64;-8
6072;64;-8
6073;60;-12
6074;60;-12
6075;56;-16
6076;72;-16
6077;52;-20
6078;48;-20
6079;48;-24
6080;44;-24
6081;40;-24
6082;36;-28
6083;40;-28
6084;32;-28
6085;32;-32
6086;32;-28
6087;28;-32
6088;20;-32
6089;24;-32
6090;24;-32
6091;20;-32
6092;20;-32
6093;16;-32
6094;16;-28
6095;4;-28
6096;8;-24
6097;8;-20
6098;4;-16
6099;0;-12
6100;0;-12
6101;0;-8
6102;-4;-8
6103;-4;0
6104;-8;0
6105;-12;0
6106;-12;0
6107;-16;4
6108;-20;4
6109;-20;4
6110;-20;4
6111;-24;4
6112;-28;4
6113;-28;0
6114;-32;4
6115;-32;0
6116;-48;0
6117;-36;4
6118;-40;0
6119;-40;0
6120;-44;0
6121;-48;-4
6122;-48;0
6123;-40;-4
6124;-52;-4
6125;-56;-4
6126;-56;-4
6127;-56;-4
6128;-60;-4
6129;-64;-4
6130;-64;-4
6131;-68;-8
6132;-72;-4
6133;-72;-8
6134;-72;-4
6135;-72;-4
6136;-76;-4
6137;-80;-4
6138;-80;-8
6139;-84;-8
6140;-84;-8
6141;-88;-8
6142;-88;-8
6143;-92;-8
6144;-100;-8
6145;-92;-8
6146;-96;-8
6147;-100;-8
6148;-100;-8
6149;-104;-8
6150;-104;-8
6151;-116;-8
6152;-108;-12
6153;-112;-12
6154;-112;-12
6155;-112;-12
6156;-112;-16
6157;-120;-16
6158;-124;-20
6159;-120;-20
6160;-124;-24
6161;-124;-24
6162;-124;-28
6163;-124;-28
6164;-128;-28
6165;-112;-28
6166;-132;-32
6167;-136;-32
6168;-136;-32
6169;-136;-32
6170;-136;-32
6171;-140;-32
6172;-140;-36
6173;-144;-32
6174;-144;-32
6175;-148;-28
6176;-148;-28
6177;-156;-24
6178;-148;-24
6179;-152;-20
6180;-152;-20
6181;-156;-16
6182;-156;-12
6183;-156;-12
6184;-160;-8
6185;-164;-4
6186;-160;-4
6187;-160;-4
6188;-164;0
6189;-164;0
6190;-164;0
6191;-164;4
6192;-164;4
6193;-164;4
6194;-168;4
6195;-168;4
6196;-172;4
6197;-168;4
6198;-180;4
6199;-168;0
6200;-172;4
6201;-172;0
6202;-176;0
6203;-172;0
6204;-176;0
6205;-172;0
6206;-176;-4
6207;-176;-4
6208;-176;-4
6209;-176;-4
6210;-176;-4
6211;-180;-4
6212;-176;-4
6213;-180;-4
6214;-180;-8
6215;-180;-4
6216;-180;-4
6217;-180;-8
6218;-180;-4
6219;-172;-8
6220;-180;-4
6221;-180;4
6222;-180;4
6223;-184;4
6224;-180;4
6225;-184;0
6226;-180;0
6227;-184;-4
6228;-180;0
6229;-184;-4
6230;-180;-8
6231;-184;-8
6232;-184;-12
6233;-180;-12
6234;-180;-16
6235;-180;-16
6236;-180;-16
6237;-184;-20
6238;-180;-20
6239;-180;-20
6240;-204;-20
6241;-180;-20
6242;-176;-20
6243;-180;-24
6244;-176;-24
6245;-176;-20
6246;-176;-20
6247;-180;-20
6248;-172;-16
6249;-172;-16
6250;-176;-12
6251;-172;-12
6252;-164;-8
6253;-172;-4
6254;-168;-4
6255;-168;0
6256;-168;4
6257;-168;4
6258;-168;8
6259;-168;8
6260;-164;8
6261;-164;12
6262;-160;12
6263;-160;12
6264;-164;16
6265;-156;12
6266;-156;16
6267;-156;12
6268;-156;16
6269;-156;12
6270;-152;16
6271;-152;12
6272;-152;12
6273;-144;12
6274;-148;12
6275;-144;12
6276;-144;12
6277;-144;8
6278;-144;12
6279;-140;12
6280;-140;8
6281;-140;8
6282;-136;8
6283;-136;8
6284;-132;8
6285;-132;8
6286;-128;8
6287;-136;4
6288;-128;8
6289;-124;4
6290;-124;4
6291;-120;4
6292;-120;4
6293;-120;4
6294;-120;4
6295;-112;4
6296;-112;4
6297;-112;4
6298;-108;4
6299;-104;4
6300;-108;4
6301;-100;4
6302;-100;4
6303;-100;4
6304;-96;4
6305;-96;4
6306;-92;4
6307;-88;4
6308;-84;0
6309;-84;0
6310;-84;0
6311;-80;4
6312;-80;0
6313;-76;0
6314;-76;0
6315;-52;0
6316;-72;0
6317;-72;0
6318;-68;0
6319;-68;-8
6320;-64;-8
6321;-60;-8
6322;-56;-8
6323;-56;-12
6324;-52;-12
6325;-52;-16
6326;-48;-16
6327;-52;-20
6328;-44;-20
6329;-44;-20
6330;-40;-20
6331;-36;-20
6332;-36;-20
6333;-36;-20
6334;-32;-24
6335;-32;-24
6336;-32;-20
6337;-24;-20
6338;-24;-20
6339;-20;-16
6340;-20;-16
6341;-16;-16
6342;-16;-12
6343;-12;-8
6344;-12;-4
6345;-8;-4
6346;-4;0
6347;-4;4
6348;-4;8
6349;0;4
6350;8;8
6351;4;8
6352;8;12
6353;12;12
6354;12;12
6355;16;12
6356;16;12
6357;20;16
6358;24;16
6359;24;16
6360;28;12
6361;28;16
6362;32;12
6363;32;12
6364;36;12
6365;36;12
6366;40;16
6367;44;12
6368;44;8
6369;40;12
6370;48;8
6371;48;8
6372;52;8
6373;56;8
6374;56;8
6375;60;4
6376;56;4
6377;64;4
6378;64;8
6379;68;8
6380;68;4
6381;72;4
6382;72;4
6383;72;4
6384;80;0
6385;80;4
6386;84;0
6387;84;4
6388;88;0
6389;84;4
6390;88;4
6391;92;4
6392;92;4
6393;96;4
6394;96;0
6395;100;0
6396;100;4
6397;124;4
6398;104;4
6399;104;0
6400;108;0
6401;108;0
6402;112;0
6403;116;0
6404;116;0
6405;116;-4
6406;120;-4
6407;120;-4
6408;124;-8
6409;120;-8
6410;124;-12
6411;132;-12
6412;128;-12
6413;132;-16
6414;132;-20
6415;132;-20
6416;124;-20
6417;136;-24
6418;140;-20
6419;140;-24
6420;144;-20
6421;144;-24
6422;144;-20
6423;144;-20
6424;148;-20
6425;148;-16
6426;152;-12
6427;152;-12
6428;156;-8
6429;156;20
6430;160;24
6431;160;24
6432;160;28
6433;160;32
6434;164;32
6435;160;32
6436;164;36
6437;156;36
6438;168;40
6439;168;40
6440;172;40
6441;168;44
6442;172;40
6443;172;44
6444;176;40
6445;176;44
6446;176;44
6447;176;44
6448;180;44
6449;180;40
6450;180;40
6451;184;40
6452;180;40
6453;180;40
6454;184;36
6455;184;40
6456;184;40
6457;184;36
6458;192;36
6459;184;36
6460;188;36
6461;188;36
6462;188;32
6463;188;32
6464;188;36
6465;192;36
6466;192;32
6467;188;36
6468;192;32
6469;192;32
6470;188;32
6471;192;32
6472;188;32
6473;192;32
6474;196;32
6475;192;32
6476;192;32
6477;192;32
6478;192;32
6479;168;32
6480;196;32
6481;196;32
6482;192;32
6483;196;28
6484;188;32
6485;196;32
6486;188;32
6487;196;32
6488;192;32
6489;192;28
6490;196;28
6491;200;24
6492;192;24
6493;192;24
6494;192;20
6495;192;20
6496;192;16
6497;192;12
6498;192;12
6499;192;12
6500;188;12
6501;188;12
6502;188;8
6503;188;8
6504;188;8
6505;192;4
6506;188;4
6507;184;4
6508;184;8
6509;184;8
6510;184;8
6511;184;12
6512;188;12
6513;184;16
6514;180;16
6515;180;20
6516;180;24
6517;180;24
6518;176;28
6519;184;32
6520;176;32
6521;172;36
6522;172;36
6523;176;36
6524;172;40
6525;172;40
6526;168;44
6527;168;40
6528;168;40
6529;168;44
6530;164;44
6531;164;44
6532;164;40
6533;160;44
6534;160;44
6535;160;40
6536;160;40
6537;160;40
6538;156;40
6539;156;40
6540;152;40
6541;152;40
6542;148;40
6543;148;40
6544;148;40
6545;148;36
6546;144;36
6547;144;36
6548;140;36
6549;140;36
6550;136;36
6551;140;32
6552;136;36
6553;132;36
6554;152;32
6555;128;32
6556;132;32
6557;128;32
6558;124;32
6559;124;32
6560;120;32
6561;120;32
6562;120;32
6563;116;32
6564;112;32
6565;112;32
6566;104;32
6567;108;32
6568;108;32
6569;104;32
6570;104;32
6571;100;32
6572;100;32
6573;88;28
6574;96;32
6575;92;32
6576;88;32
6577;88;32
6578;88;32
6579;84;28
6580;84;32
6581;80;28
6582;80;32
6583;76;32
6584;76;28
6585;72;28
6586;72;32
6587;68;28
6588;68;28
6589;64;24
6590;64;24
6591;60;24
6592;60;20
6593;56;16
6594;40;16
6595;52;16
6596;52;12
6597;48;12
6598;48;8
6599;44;8
6600;44;8
6601;48;8
6602;36;4
6603;36;4
6604;32;4
6605;28;8
6606;24;8
6607;28;8
6608;20;12
6609;20;8
6610;20;12
6611;16;16
6612;12;20
6613;12;20
6614;8;24
6615;8;24
6616;4;28
6617;4;28
6618;0;32
6619;-4;36
6620;0;36
6621;-4;40
6622;-12;40
6623;-12;40
6624;-12;40
6625;-16;40
6626;-16;44
6627;-20;44
6628;-20;44
6629;-36;44
6630;-28;44
6631;-28;40
6632;-28;40
6633;-32;44
6634;-32;40
6635;-40;40
6636;-44;40
6637;-40;-12
6638;-44;-12
6639;-44;-12
6640;-48;-12
6641;-52;-12
6642;-52;-12
6643;-32;-12
6644;-56;-12
6645;-60;-16
6646;-60;-16
6647;-60;-16
6648;-60;-16
6649;-64;-16
6650;-68;-16
6651;-68;-16
6652;-72;-16
6653;-72;-20
6654;-76;-16
6655;-84;-16
6656;-80;-20
6657;-84;-20
6658;-84;-20
6659;-88;-20
6660;-88;-24
6661;-92;-24
6662;-92;-28
6663;-96;-28
6664;-96;-32
6665;-100;-32
6666;-100;-36
6667;-104;-36
6668;-104;-36
6669;-100;-36
6670;-108;-40
6671;-112;-40
6672;-112;-44
6673;-116;-44
6674;-116;-40
6675;-120;-44
6676;-128;-44
6677;-120;-44
6678;-124;-40
6679;-120;-40
6680;-124;-36
6681;-128;-36
6682;-132;-36
6683;-136;-32
6684;-132;-28
6685;-132;-28
6686;-136;-24
6687;-140;-24
6688;-136;-20
6689;-140;-16
6690;-140;-16
6691;-144;-12
6692;-144;-12
6693;-144;-12
6694;-148;-12
6695;-148;-8
6696;-148;-8
6697;-144;-8
6698;-152;-8
6699;-152;-8
6700;-152;-8
6701;-156;-8
6702;-156;-8
6703;-156;-8
6704;-156;-8
6705;-160;-8
6706;-160;-12
6707;-160;-12
6708;-164;-12
6709;-168;-12
6710;-168;-12
6711;-168;-16
6712;-168;-12
6713;-168;-16
6714;-168;-16
6715;-172;-16
6716;-168;-16
6717;-172;-16
6718;-192;-16
6719;-172;-16
6720;-172;-16
6721;-172;-16
6722;-176;-16
6723;-172;-16
6724;-176;-20
6725;-164;-16
6726;-176;-20
6727;-176;-20
6728;-180;-20
6729;-176;-20
6730;-176;-20
6731;-180;-20
6732;-180;-20
6733;-180;-20
6734;-180;-20
6735;-180;-16
6736;-180;-20
6737;-188;-20
6738;-180;-20
6739;-184;-20
6740;-184;-20
6741;-184;-20
6742;-184;-20
6743;-184;-20
6744;-184;-20
6745;-184;-20
6746;-184;-20
6747;-184;-20
6748;-184;-20
6749;-180;-20
6750;-184;-20
6751;-180;-24
6752;-184;-20
6753;-180;-24
6754;-180;-20
6755;-180;-20
6756;-180;-20
6757;-180;-20
6758;-180;-24
6759;-180;-28
6760;-176;-28
6761;-176;-28
6762;-176;-32
6763;-176;-32
6764;-176;-36
6765;-184;-36
6766;-172;-36
6767;-172;-40
6768;-172;-36
6769;-172;-44
6770;-172;-40
6771;-168;-44
6772;-172;-44
6773;-168;-44
6774;-168;-44
6775;-168;-44
6776;-164;-44
6777;-164;-44
6778;-164;-40
6779;-160;-40
6780;-160;-36
6781;-160;-36
6782;-160;-32
6783;-156;-32
6784;-156;-32
6785;-156;-28
6786;-148;-24
6787;-152;-20
6788;-152;-20
6789;-152;-16
6790;-152;-16
6791;-144;-12
6792;-148;-12
6793;-132;-12
6794;-144;-12
6795;-144;-8
6796;-140;-8
6797;-140;-8
6798;-140;-8
6799;-136;-8
6800;-144;-8
6801;-132;-8
6802;-136;-12
6803;-128;-12
6804;-128;-8
6805;-136;-8
6806;-124;-12
6807;-124;-12
6808;-124;-12
6809;-120;-12
6810;-120;-12
6811;-116;-12
6812;-116;-12
6813;-112;-16
6814;-112;-16
6815;-112;-16
6816;-108;-16
6817;-104;-16
6818;-104;-16
6819;-104;-16
6820;-96;-20
6821;-100;-20
6822;-96;-16
6823;-96;-20
6824;-92;-20
6825;-92;-20
6826;-88;-16
6827;-84;-20
6828;-84;-20
6829;-80;-20
6830;-80;-20
6831;-80;-20
6832;-76;-20
6833;-80;-20
6834;-72;-20
6835;-68;-20
6836;-64;-20
6837;-64;-20
6838;-64;-20
6839;-60;-20
6840;-44;-20
6841;-56;-20
6842;-52;-20
6843;-52;-16
6844;-48;-20
6845;-48;-24
6846;-44;44
6847;-44;40
6848;-40;40
6849;-40;36
6850;-36;36
6851;-32;36
6852;-32;32
6853;-32;32
6854;-28;28
6855;-28;28
6856;-24;24
6857;-20;24
6858;-20;24
6859;-16;20
6860;-16;20
6861;-16;20
6862;-8;20
6863;-8;20
6864;-4;20
6865;-4;16
6866;-4;16
6867;4;16
6868;-12;20
6869;4;20
6870;8;20
6871;12;24
6872;12;24
6873;16;28
6874;16;28
6875;20;32
6876;20;36
6877;24;40
6878;28;40
6879;28;44
6880;32;44
6881;32;48
6882;48;48
6883;36;52
6884;40;52
6885;40;52
6886;44;56
6887;48;52
6888;48;52
6889;48;56
6890;52;56
6891;52;56
6892;56;52
6893;56;52
6894;52;52
6895;60;52
6896;64;52
6897;68;52
6898;64;52
6899;72;48
6900;72;48
6901;72;48
6902;76;48
6903;76;48
6904;80;48
6905;80;48
6906;84;48
6907;84;44
6908;88;44
6909;92;44
6910;92;44
6911;96;44
6912;96;44
6913;96;44
6914;100;44
6915;92;44
6916;104;44
6917;104;44
6918;104;44
6919;108;44
6920;112;44
6921;116;44
6922;116;44
6923;116;44
6924;116;44
6925;120;40
6926;124;44
6927;124;40
6928;124;44
6929;128;44
6930;128;40
6931;128;40
6932;132;40
6933;136;40
6934;140;44
6935;136;40
6936;144;40
6937;140;36
6938;140;36
6939;144;40
6940;144;36
6941;148;32
6942;148;32
6943;152;28
6944;152;28
6945;152;24
6946;152;24
6947;156;24
6948;152;20
6949;156;20
6950;156;20
6951;160;16
6952;164;20
6953;164;16
6954;164;16
6955;164;16
6956;164;16
6957;144;20
6958;168;20
6959;172;24
6960;172;24
6961;172;28
6962;168;32
6963;172;36
6964;168;40
6965;176;44
6966;176;44
6967;176;48
6968;180;48
6969;188;48
6970;180;52
6971;184;52
6972;180;52
6973;184;56
6974;184;52
6975;184;52
6976;184;52
6977;188;52
6978;188;52
6979;188;52
6980;188;52
6981;188;52
6982;188;52
6983;188;48
6984;188;48
6985;188;48
6986;188;48
6987;188;48
6988;188;48
6989;192;48
6990;196;48
6991;192;48
6992;188;44
6993;192;48
6994;192;44
6995;192;44
6996;192;44
6997;200;44
6998;192;44
6999;192;44
7000;192;44
7001;196;44
7002;192;44
7003;192;44
7004;188;44
7005;192;44
7006;192;40
7007;192;44
7008;192;44
7009;192;44
7010;192;40
7011;188;40
7012;192;40
7013;192;36
7014;192;40
7015;192;36
7016;192;36
7017;192;32
7018;188;32
7019;188;28
7020;188;28
7021;192;24
7022;188;24
7023;192;24
7024;184;20
7025;192;20
7026;184;20
7027;184;16
7028;184;16
7029;184;16
7030;180;16
7031;180;20
7032;200;16
7033;180;16
7034;180;20
7035;176;20
7036;180;24
7037;176;24
7038;176;28
7039;168;32
7040;176;32
7041;176;32
7042;172;36
7043;172;40
7044;164;44
7045;168;44
7046;164;48
7047;168;44
7048;164;52
7049;164;52
7050;164;52
7051;168;56
7052;160;56
7053;160;56
7054;156;8
7055;156;12
7056;156;8
7057;156;8
7058;156;8
7059;152;4
7060;152;4
7061;148;4
7062;148;0
7063;148;4
7064;144;4
7065;144;0
7066;140;0
7067;140;0
7068;140;0
7069;136;0
7070;136;-4
7071;136;-4
7072;128;0
7073;132;-4
7074;128;-4
7075;128;-4
7076;128;-4
7077;124;-4
7078;124;-4
7079;132;-4
7080;120;-4
7081;116;-4
7082;120;-4
7083;112;-4
7084;112;-8
7085;108;-4
7086;112;-8
7087;108;-4
7088;104;-8
7089;104;-8
7090;100;-8
7091;100;-8
7092;96;-4
7093;92;-8
7094;92;-4
7095;88;-8
7096;88;-8
7097;88;-8
7098;84;-8
7099;80;-8
7100;76;-8
7101;80;-8
7102;76;-8
7103;72;-12
7104;72;-12
7105;68;-12
7106;68;-16
7107;56;-20
7108;64;-20
7109;64;-20
7110;60;-24
7111;56;-24
7112;56;-24
7113;52;-28
7114;52;-28
7115;48;-28
7116;48;-32
7117;44;-28
7118;44;-28
7119;40;-32
7120;36;-32
7121;52;-28
7122;32;-28
7123;32;-28
7124;28;-24
7125;28;-24
7126;28;-20
7127;24;-20
7128;20;-16
7129;16;-16
7130;16;-12
7131;12;-12
7132;12;-8
7133;4;-8
7134;8;-4
7135;8;0
7136;0;0
7137;0;4
7138;0;4
7139;0;4
7140;-8;4
7141;-8;8
7142;-8;8
7143;-12;8
7144;-12;4
7145;-20;8
7146;-20;4
7147;-16;4
7148;-24;4
7149;-28;4
7150;-28;4
7151;-32;4
7152;-32;4
7153;-36;0
7154;-40;0
7155;-40;0
7156;-40;0
7157;-44;0
7158;-44;0
7159;-48;0
7160;-48;-4
7161;-60;-4
7162;-52;-4
7163;-56;-4
7164;-56;-4
7165;-60;-4
7166;-60;-4
7167;-64;-4
7168;-64;-8
7169;-68;-4
7170;-68;-4
7171;-72;-8
7172;-72;-4
7173;-76;-8
7174;-80;-4
7175;-72;-4
7176;-84;-4
7177;-84;-4
7178;-84;-8
7179;-88;-4
7180;-88;-4
7181;-92;-4
7182;-88;-8
7183;-92;-4
7184;-100;-8
7185;-100;-8
7186;-100;-8
7187;-104;-8
7188;-104;-8
7189;-96;-8
7190;-108;-8
7191;-112;-12
7192;-112;-12
7193;-116;-16
7194;-120;-20
7195;-116;-20
7196;-132;-20
7197;-120;-20
7198;-124;-24
7199;-124;-24
7200;-124;-28
7201;-136;-28
7202;-128;-28
7203;-136;-28
7204;-132;-32
7205;-136;-32
7206;-136;-32
7207;-140;-28
7208;-140;-32
7209;-136;-28
7210;-140;-28
7211;-140;-28
7212;-144;-24
7213;-144;-20
7214;-144;-16
7215;-144;-16
7216;-148;-8
7217;-148;-8
7218;-152;-4
7219;-152;-4
7220;-156;0
7221;-156;4
7222;-152;4
7223;-156;4
7224;-160;4
7225;-156;4
7226;-160;4
7227;-160;8
7228;-160;8
7229;-168;8
7230;-164;4
7231;-168;4
7232;-168;4
7233;-164;4
7234;-168;0
7235;-168;4
7236;-156;0
7237;-172;0
7238;-172;0
7239;-172;0
7240;-172;-4
7241;-172;0
7242;-172;0
7243;-176;0
7244;-172;0
7245;-176;-4
7246;-176;-4
7247;-172;-4
7248;-176;-4
7249;-176;-8
7250;-176;-8
7251;-180;-8
7252;-180;-4
7253;-180;-4
7254;-176;-4
7255;-176;-4
7256;-180;-4
7257;-184;-8
7258;-176;-4
7259;-180;-4
7260;-180;-4
7261;-180;-4
7262;-180;12
7263;-180;12
7264;-192;12
7265;-176;12
7266;-180;8
7267;-180;8
7268;-180;8
7269;-176;8
7270;-180;0
7271;-180;4
7272;-180;0
7273;-176;0
7274;-176;-4
7275;-176;-4
7276;-176;-8
7277;-176;-8
7278;-156;-8
7279;-176;-12
7280;-176;-12
7281;-172;-12
7282;-172;-16
7283;-168;-12
7284;-168;-16
7285;-168;-16
7286;-172;-12
7287;-168;-12
7288;-168;-12
7289;-168;-8
7290;-176;-8
7291;-164;-4
7292;-164;-4
7293;-164;0
7294;-164;4
7295;-160;8
7296;-160;8
7297;-160;12
7298;-156;12
7299;-160;16
7300;-156;16
7301;-156;20
7302;-156;20
7303;-156;20
7304;-152;20
7305;-152;20
7306;-152;24
7307;-148;24
7308;-148;24
7309;-148;24
7310;-148;20
7311;-152;24
7312;-144;20
7313;-140;20
7314;-140;24
7315;-140;20
7316;-136;20
7317;-136;20
7318;-132;20
7319;-132;20
7320;-128;20
7321;-132;20
7322;-128;20
7323;-124;16
7324;-124;16
7325;-120;16
7326;-120;16
7327;-120;12
7328;-116;12
7329;-116;16
7330;-112;12
7331;-112;16
7332;-104;12
7333;-108;12
7334;-108;12
7335;-104;12
7336;-100;12
7337;-96;12
7338;-100;12
7339;-92;12
7340;-96;12
7341;-92;12
7342;-92;12
7343;-88;12
7344;-88;12
7345;-84;12
7346;-80;12
7347;-80;12
7348;-80;12
7349;-80;12
7350;-72;8
7351;-76;8
7352;-72;8
7353;-92;8
7354;-68;8
7355;-64;4
7356;-64;0
7357;-60;4
7358;-64;0
7359;-56;-4
7360;-64;-4
7361;-52;-8
7362;-52;-12
7363;-48;-8
7364;-48;-12
7365;-36;-12
7366;-40;-12
7367;-40;-12
7368;-40;-12
7369;-36;-16
7370;-36;-12
7371;-32;-12
7372;-24;-16
7373;-28;-12
7374;-24;-8
7375;-24;-8
7376;-20;-8
7377;-20;-4
7378;-16;0
7379;-12;0
7380;-12;4
7381;-8;4
7382;-8;8
7383;-4;12
7384;0;12
7385;0;16
7386;4;16
7387;4;20
7388;4;20
7389;8;24
7390;12;20
7391;16;24
7392;16;24
7393;12;24
7394;20;24
7395;20;20
7396;24;20
7397;24;24
7398;28;24
7399;28;24
7400;36;20
7401;32;20
7402;36;20
7403;40;20
7404;44;20
7405;44;20
7406;44;16
7407;48;16
7408;52;16
7409;52;16
7410;56;16
7411;56;16
7412;60;12
7413;64;16
7414;64;16
7415;64;16
7416;68;16
7417;68;12
7418;68;12
7419;72;12
7420;76;16
7421;80;12
7422;80;12
7423;80;12
7424;84;12
7425;84;12
7426;84;12
7427;88;12
7428;96;12
7429;92;12
7430;92;12
7431;96;12
7432;96;12
7433;100;12
7434;104;12
7435;84;12
7436;104;12
7437;108;12
7438;108;12
7439;112;12
7440;108;8
7441;112;8
7442;104;12
7443;120;12
7444;120;8
7445;120;12
7446;124;12
7447;132;8
7448;128;12
7449;128;8
7450;128;12
7451;132;8
7452;132;8
7453;136;8
7454;140;8
7455;136;4
7456;140;4
7457;140;4
7458;144;0
7459;144;-4
7460;144;-4
7461;148;-8
7462;148;-8
7463;152;-8
7464;152;-12
7465;156;-12
7466;152;-12
7467;156;-12
7468;152;-12
7469;160;-12
7470;160;-12
7471;160;4
7472;164;4
7473;160;4
7474;164;8
7475;176;8
7476;164;12
7477;168;12
7478;168;12
7479;168;16
7480;172;20
7481;172;20
7482;172;24
7483;176;28
7484;176;28
7485;176;32
7486;176;32
7487;176;32
7488;180;36
7489;176;40
7490;176;40
7491;180;44
7492;180;40
7493;180;40
7494;184;44
7495;184;40
7496;180;44
7497;184;40
7498;184;40
7499;184;40
7500;184;40
7501;188;40
7502;188;40
7503;176;40
7504;188;40
7505;188;36
7506;188;36
7507;188;36
7508;192;36
7509;188;36
7510;200;36
7511;192;36
7512;192;36
7513;192;32
7514;192;32
7515;192;32
7516;192;32
7517;200;32
7518;192;32
7519;192;32
7520;192;32
7521;192;32
7522;192;32
7523;192;32
7524;192;32
7525;192;32
7526;192;32
7527;188;32
7528;192;28
7529;184;32
7530;192;32
7531;192;32
7532;192;28
7533;188;28
7534;188;32
7535;188;32
7536;184;32
7537;188;32
7538;188;28
7539;188;32
7540;188;28
7541;184;32
7542;184;28
7543;184;32
7544;184;28
7545;184;28
7546;184;28
7547;184;24
7548;180;24
7549;180;24
7550;168;20
7551;180;20
7552;180;16
7553;180;16
7554;176;12
7555;176;12
7556;172;8
7557;184;8
7558;172;8
7559;172;8
7560;172;8
7561;172;4
7562;168;4
7563;168;4
7564;172;4
7565;168;4
7566;164;8
7567;160;12
7568;164;12
7569;164;12
7570;160;16
7571;164;16
7572;160;20
7573;156;24
7574;156;24
7575;156;28
7576;156;28
7577;152;32
7578;152;36
7579;152;36
7580;148;36
7581;148;40
7582;144;40
7583;140;40
7584;140;40
7585;140;40
7586;136;40
7587;136;44
7588;136;40
7589;132;40
7590;132;44
7591;132;40
7592;104;40
7593;128;40
7594;124;40
7595;124;40
7596;120;40
7597;120;36
7598;120;36
7599;108;36
7600;116;36
7601;112;36
7602;108;36
7603;108;32
7604;116;36
7605;104;36
7606;104;36
7607;100;32
7608;100;32
7609;96;32
7610;96;32
7611;92;32
7612;96;32
7613;92;32
7614;84;32
7615;88;32
7616;84;32
7617;80;32
7618;80;32
7619;80;32
7620;76;32
7621;72;32
7622;72;28
7623;68;32
7624;68;28
7625;68;32
7626;64;32
7627;64;32
7628;60;32
7629;56;32
7630;56;32
7631;52;32
7632;48;28
7633;48;32
7634;48;28
7635;44;28
7636;40;32
7637;40;32
7638;36;28
7639;28;28
7640;36;28
7641;32;24
7642;32;24
7643;28;24
7644;24;28
7645;24;20
7646;16;20
7647;16;16
7648;16;16
7649;12;12
7650;12;12
7651;12;12
7652;8;12
7653;4;8
7654;0;8
7655;0;4
7656;0;8
7657;-4;4
7658;-4;4
7659;-8;4
7660;-8;4
7661;-12;4
7662;-12;8
7663;-16;8
7664;-20;12
7665;-20;12
7666;-24;12
7667;-4;16
7668;-28;16
7669;-32;20
7670;-32;24
7671;-36;28
7672;-40;28
7673;-40;32
7674;-44;36
7675;-44;36
7676;-44;40
7677;-44;40
7678;-52;40
7679;-60;-12
7680;-52;-12
7681;-56;-12
7682;-56;-12
7683;-64;-12
7684;-64;-12
7685;-64;-12
7686;-68;-12
7687;-68;-12
7688;-72;-12
7689;-72;-12
7690;-72;-12
7691;-76;-12
7692;-80;-16
7693;-80;-12
7694;-84;-16
7695;-84;-20
7696;-88;-16
7697;-88;-16
7698;-88;-20
7699;-92;-20
7700;-92;-16
7701;-96;-20
7702;-100;-20
7703;-100;-20
7704;-104;-20
7705;-104;-20
7706;-104;-20
7707;-116;-24
7708;-112;-24
7709;-112;-24
7710;-112;-24
7711;-116;-20
7712;-116;-20
7713;-116;-24
7714;-108;-24
7715;-124;-24
7716;-124;-24
7717;-124;-24
7718;-128;-24
7719;-128;-20
7720;-128;-24
7721;-132;-24
7722;-136;-24
7723;-136;-24
7724;-132;-24
7725;-136;-24
7726;-140;-24
7727;-140;-24
7728;-140;-24
7729;-144;-24
7730;-144;-24
7731;-144;-24
7732;-148;-24
7733;-148;-24
7734;-152;-20
7735;-156;-24
7736;-152;-24
7737;-152;-28
7738;-156;-28
7739;-156;-28
7740;-156;-28
7741;-160;-32
7742;-172;-32
7743;-160;-36
7744;-164;-36
7745;-160;-36
7746;-164;-40
7747;-160;-40
7748;-168;-44
7749;-160;-44
7750;-168;-44
7751;-168;-44
7752;-168;-48
7753;-168;-44
7754;-168;-44
7755;-172;-48
7756;-160;-48
7757;-172;-48
7758;-176;-44
7759;-176;-44
7760;-172;-40
7761;-176;-40
7762;-176;-32
7763;-176;-32
7764;-176;-28
7765;-176;-24
7766;-180;-24
7767;-176;-20
7768;-188;-20
7769;-180;-16
7770;-180;-16
7771;-180;-16
7772;-180;-12
7773;-180;-12
7774;-180;-12
7775;-184;-12
7776;-180;-8
7777;-180;-12
7778;-184;-12
7779;-180;-12
7780;-184;-12
7781;-184;-16
7782;-180;-12
7783;-180;-12
7784;-184;-16
7785;-184;-16
7786;-180;-16
7787;-184;-16
7788;-184;-16
7789;-184;-16
7790;-180;-20
7791;-180;-20
7792;-180;-16
7793;-180;-20
7794;-180;-20
7795;-176;-20
7796;-184;-20
7797;-180;-20
7798;-176;-20
7799;-176;-20
7800;-176;-20
7801;-172;-20
7802;-172;-20
7803;-172;-20
7804;-172;-20
7805;-172;-20
7806;-172;-20
7807;-168;-20
7808;-168;-24
7809;-168;-20
7810;-160;-24
7811;-168;-20
7812;-168;-24
7813;-164;-24
7814;-164;-24
7815;-160;-24
7816;-160;-24
7817;-160;-20
7818;-156;-24
7819;-156;-20
7820;-156;-24
7821;-160;-24
7822;-156;-24
7823;-156;-28
7824;-152;-28
7825;-152;-24
7826;-152;-28
7827;-148;-28
7828;-148;-32
7829;-148;-36
7830;-148;-32
7831;-168;-36
7832;-144;-40
7833;-140;-40
7834;-140;-40
7835;-136;-44
7836;-144;-44
7837;-132;-44
7838;-144;-44
7839;-136;-44
7840;-132;-44
7841;-132;-48
7842;-124;-48
7843;-120;-48
7844;-124;-44
7845;-120;-44
7846;-120;-44
7847;-116;-40
7848;-116;-36
7849;-112;-36
7850;-112;-32
7851;-112;-32
7852;-112;-28
7853;-108;-28
7854;-104;-24
7855;-104;-24
7856;-100;-20
7857;-96;-20
7858;-96;-16
7859;-96;-12
7860;-92;-12
7861;-96;-12
7862;-92;-12
7863;-88;-12
7864;-88;-12
7865;-84;-12
7866;-80;-12
7867;-80;-12
7868;-76;-12
7869;-76;-12
7870;-72;-12
7871;-56;-12
7872;-72;-12
7873;-64;-16
7874;-64;-16
7875;-64;-16
7876;-60;-16
7877;-60;-20
7878;-60;-16
7879;-52;-16
7880;-52;-20
7881;-52;-20
7882;-48;-16
7883;-48;-16
7884;-44;-20
7885;-40;-16
7886;-40;-20
7887;-36;40
7888;-36;44
7889;-32;40
7890;-28;40
7891;-28;40
7892;-32;40
7893;-24;40
7894;-20;36
7895;-20;36
7896;-16;32
7897;-16;32
7898;-12;28
7899;-24;28
7900;-8;24
7901;-8;24
7902;-4;24
7903;0;20
7904;4;20
7905;0;20
7906;12;16
7907;8;16
7908;8;16
7909;12;16
7910;16;16
7911;16;12
7912;20;12
7913;28;12
7914;24;16
7915;24;16
7916;28;20
7917;28;20
7918;32;24
7919;32;24
7920;36;28
7921;36;28
7922;40;32
7923;40;32
7924;44;40
7925;36;40
7926;48;44
7927;52;44
7928;52;44
7929;52;48
7930;56;48
7931;60;48
7932;60;48
7933;64;52
7934;64;52
7935;68;52
7936;68;48
7937;76;48
7938;72;48
7939;76;48
7940;76;52
7941;80;48
7942;84;48
7943;84;48
7944;84;44
7945;88;48
7946;76;48
7947;92;44
7948;96;44
7949;96;40
7950;100;44
7951;100;44
7952;100;44
7953;108;44
7954;104;44
7955;108;40
7956;108;40
7957;112;44
7958;116;44
7959;116;40
7960;120;40
7961;116;40
7962;120;40
7963;120;40
7964;120;40
7965;124;40
7966;124;40
7967;132;40
7968;128;36
7969;132;40
7970;132;40
7971;136;40
7972;136;36
7973;136;40
7974;140;40
7975;140;36
7976;140;36
7977;144;36
7978;144;36
7979;144;36
7980;148;36
7981;148;36
7982;152;36
7983;152;36
7984;156;32
7985;156;32
7986;152;28
7987;156;28
7988;136;28
7989;160;24
7990;160;20
7991;164;20
7992;164;20
7993;164;20
7994;168;16
7995;164;16
7996;168;12
7997;168;12
7998;168;12
7999;172;12
8000;180;12
8001;176;12
8002;176;12
8003;176;16
8004;176;16
8005;180;16
8006;176;20
8007;180;24
8008;180;24
8009;180;28
8010;180;28
8011;184;32
8012;184;36
8013;184;36
8014;184;40
8015;188;40
8016;184;44
8017;184;44
8018;184;48
8019;188;48
8020;188;48
8021;192;48
8022;188;48
8023;192;48
8024;188;48
8025;192;48
8026;192;48
8027;192;48
8028;192;48
8029;192;48
8030;192;48
8031;192;44
8032;192;48
8033;192;44
8034;192;44
8035;184;44
8036;192;44
8037;192;44
8038;196;44
8039;196;44
8040;192;44
8041;188;40
8042;188;40
8043;192;44
8044;192;40
8045;192;40
8046;192;40
8047;192;40
8048;192;40
8049;192;40
8050;192;40
8051;192;40
8052;188;40
8053;188;40
8054;192;40
8055;188;40
8056;192;40
8057;188;36
8058;188;36
8059;188;40
8060;184;40
8061;184;40
8062;184;36
8063;204;36
8064;184;36
8065;180;36
8066;180;40
8067;180;36
8068;180;36
8069;180;36
8070;180;40
8071;176;36
8072;180;36
8073;176;36
8074;176;36
8075;168;36
8076;172;36
8077;176;36
8078;172;36
8079;168;36
8080;168;32
8081;168;32
8082;176;32
8083;168;28
8084;164;28
8085;164;24
8086;164;24
8087;160;20
8088;160;20
8089;164;20
8090;156;16
8091;156;16
8092;156;16
8093;156;16
8094;152;12
8095;152;12
8096;148;-36
8097;148;-40
8098;148;-36
8099;148;-36
8100;148;-36
8101;144;-36
8102;144;-32
8103;144;-32
8104;140;-32
8105;140;-28
8106;136;-24
8107;136;-24
8108;132;-20
8109;132;-16
8110;128;-16
8111;128;-12
8112;124;-12
8113;124;-8
8114;120;-8
8115;120;-4
8116;120;-4
8117;112;-4
8118;116;-4
8119;116;0
8120;112;0
8121;112;0
8122;108;-4
8123;108;-4
8124;100;0
8125;104;-4
8126;100;-4
8127;96;0
8128;96;-4
8129;96;-4
8130;92;-4
8131;88;-4
8132;88;-4
8133;88;-8
8134;84;-8
8135;84;-8
8136;80;-8
8137;76;-8
8138;76;-8
8139;72;-8
8140;72;-12
8141;68;-8
8142;68;-8
8143;68;-8
8144;64;-12
8145;80;-12
8146;60;-12
8147;56;-12
8148;56;-12
8149;52;-12
8150;52;-12
8151;48;-12
8152;48;-12
8153;44;-12
8154;40;-12
8155;40;-12
8156;36;-12
8157;32;-12
8158;36;-12
8159;32;-12
8160;28;-12
8161;24;-12
8162;20;-12
8163;20;-16
8164;12;-16
8165;20;-16
8166;12;-16
8167;12;-16
8168;12;-16
8169;8;-24
8170;8;-20
8171;4;-24
8172;0;-28
8173;0;-28
8174;-4;-32
8175;-4;-32
8176;-8;-32
8177;-8;-32
8178;-12;-32
8179;-12;-36
8180;-12;-36
8181;-20;-36
8182;-20;-36
8183;-24;-40
8184;-24;-36
8185;-40;-36
8186;-28;-36
8187;-32;-36
8188;-32;-28
8189;-36;-32
8190;-36;-28
8191;-40;-24
8192;-32;-24
8193;-44;-20
8194;-48;-16
8195;-48;-16
8196;-48;-12
8197;-48;-12
8198;-56;-8
8199;-56;-8
8200;-60;-4
8201;-60;-4
8202;-64;-4
8203;-64;0
8204;-68;0
8205;-72;0
8206;-64;0
8207;-72;0
8208;-76;-4
8209;-72;-4
8210;-80;-4
8211;-80;0
8212;-84;-4
8213;-88;-4
8214;-88;-4
8215;-88;-4
8216;-92;-4
8217;-92;-4
8218;-100;-8
8219;-100;-8
8220;-104;-8
8221;-100;-8
8222;-100;-8
8223;-104;-8
8224;-108;-8
8225;-108;-8
8226;-112;-12
8227;-136;-12
8228;-116;-12
8229;-116;-8
8230;-120;-12
8231;-116;-12
8232;-120;-12
8233;-124;-12
8234;-116;-12
8235;-128;-12
8236;-128;-12
8237;-128;-12
8238;-132;-12
8239;-124;-12
8240;-136;-12
8241;-136;-12
8242;-140;-12
8243;-140;-12
8244;-140;-12
8245;-140;-16
8246;-144;-12
8247;-148;-16
8248;-144;-12
8249;-148;-16
8250;-148;-12
8251;-152;-12
8252;-152;-16
8253;-152;-12
8254;-152;-16
8255;-156;-16
8256;-160;-12
8257;-156;-16
8258;-160;-16
8259;-160;-12
8260;-156;-16
8261;-164;-16
8262;-164;-16
8263;-160;-16
8264;-168;-16
8265;-168;-16
8266;-168;-16
8267;-168;-20
8268;-168;-20
8269;-168;-20
8270;-168;-24
8271;-172;-24
8272;-172;-28
8273;-172;-28
8274;-184;-32
8275;-176;-32
8276;-176;-36
8277;-176;-36
8278;-176;-36
8279;-180;-36
8280;-176;-36
8281;-180;-36
8282;-180;-40
8283;-176;-36
8284;-180;-36
8285;-180;-40
8286;-180;-32
8287;-180;-32
8288;-180;-32
8289;-184;-28
8290;-180;-24
8291;-180;-20
8292;-180;-16
8293;-180;-12
8294;-180;-12
8295;-180;-8
8296;-180;-4
8297;-184;-4
8298;-184;-4
8299;-184;0
8300;-184;0
8301;-184;0
8302;-164;0
8303;-184;0
8304;-180;20
8305;-184;20
8306;-180;20
8307;-184;20
8308;-180;20
8309;-184;20
8310;-180;16
8311;-180;16
8312;-180;16
8313;-176;16
8314;-184;16
8315;-180;12
8316;-172;12
8317;-176;12
8318;-176;16
8319;-176;12
8320;-172;12
8321;-172;12
8322;-172;12
8323;-172;12
8324;-172;12
8325;-172;12
8326;-168;8
8327;-168;8
8328;-164;8
8329;-168;4
8330;-168;0
8331;-164;0
8332;-164;0
8333;-164;-4
8334;-164;-8
8335;-156;-4
8336;-160;-8
8337;-156;-12
8338;-156;-12
8339;-156;-12
8340;-156;-12
8341;-152;-16
8342;-152;-16
8343;-152;-16
8344;-152;-16
8345;-148;-16
8346;-148;-16
8347;-148;-16
8348;-144;-16
8349;-132;-12
8350;-144;-12
8351;-140;-8
8352;-140;-8
8353;-140;-4
8354;-136;0
8355;-136;0
8356;-132;0
8357;-132;8
8358;-128;8
8359;-128;8
8360;-124;12
8361;-124;16
8362;-120;16
8363;-124;12
8364;-120;20
8365;-116;20
8366;-116;20
8367;-112;20
8368;-112;20
8369;-108;20
8370;-112;20
8371;-104;20
8372;-104;20
8373;-104;20
8374;-104;16
8375;-96;16
8376;-96;16
8377;-104;16
8378;-92;16
8379;-88;16
8380;-88;16
8381;-88;16
8382;-80;16
8383;-84;16
8384;-72;16
8385;-80;12
8386;-76;12
8387;-72;12
8388;-72;12
8389;-68;12
8390;-68;12
8391;-56;12
8392;-64;12
8393;-60;12
8394;-60;12
8395;-56;12
8396;-56;8
8397;-52;8
8398;-52;8
8399;-48;8
8400;-44;8
8401;-44;8
8402;-44;8
8403;-48;12
8404;-36;8
8405;-36;8
8406;-32;8
8407;-32;8
8408;-28;8
8409;-28;8
8410;-24;8
8411;-20;8
8412;-20;8
8413;-16;8
8414;-16;8
8415;-12;8
8416;-12;8
8417;-8;8
8418;-4;8
8419;-4;8
8420;0;8
8421;4;8
8422;0;8
8423;4;8
8424;-4;4
8425;12;4
8426;12;4
8427;12;4
8428;16;0
8429;16;0
8430;20;-4
8431;32;-4
8432;24;-8
8433;28;-8
8434;28;-12
8435;32;-12
8436;36;-12
8437;36;-12
8438;40;-16
8439;40;-16
8440;44;-16
8441;44;-16
8442;44;-20
8443;48;-20
8444;52;-16
8445;56;-16
8446;52;-16
8447;56;-12
8448;60;-12
8449;64;-12
8450;64;-8
8451;64;-4
8452;64;-4
8453;68;0
8454;72;0
8455;72;4
8456;72;8
8457;76;12
8458;80;12
8459;72;16
8460;80;12
8461;84;20
8462;84;20
8463;88;20
8464;96;20
8465;96;20
8466;88;20
8467;96;20
8468;100;20
8469;104;20
8470;104;20
8471;108;16
8472;108;16
8473;128;16
8474;108;16
8475;112;16
8476;112;16
8477;116;16
8478;120;16
8479;120;16
8480;120;12
8481;120;12
8482;124;12
8483;124;12
8484;128;12
8485;124;12
8486;132;12
8487;132;12
8488;136;12
8489;136;8
8490;140;12
8491;140;8
8492;140;8
8493;140;8
8494;144;8
8495;148;8
8496;148;8
8497;148;8
8498;148;8
8499;156;8
8500;152;8
8501;152;8
8502;156;8
8503;156;8
8504;160;8
8505;160;8
8506;156;8
8507;164;8
8508;164;8
8509;164;8
8510;164;8
8511;164;8
8512;168;28
8513;164;28
8514;168;28
8515;168;24
8516;172;24
8517;172;20
8518;176;20
8519;176;20
8520;172;16
8521;176;16
8522;176;12
8523;180;12
8524;180;8
8525;180;8
8526;180;8
8527;188;4
8528;184;4
8529;184;4
8530;184;4
8531;184;4
8532;188;4
8533;184;4
8534;188;4
8535;184;4
8536;188;4
8537;188;4
8538;188;8
8539;192;8
8540;188;12
8541;200;12
8542;192;16
8543;192;20
8544;192;24
8545;188;24
8546;188;28
8547;192;28
8548;180;32
8549;192;36
8550;192;36
8551;192;40
8552;192;36
8553;184;40
8554;192;40
8555;188;36
8556;192;40
8557;192;40
8558;192;40
8559;192;40
8560;192;40
8561;192;40
8562;192;36
8563;192;36
8564;192;40
8565;192;36
8566;192;36
8567;192;36
8568;192;36
8569;188;36
8570;188;36
8571;192;36
8572;188;32
8573;188;32
8574;188;36
8575;188;32
8576;188;32
8577;188;32
8578;184;32
8579;184;32
8580;184;32
8581;180;32
8582;184;32
8583;184;32
8584;180;28
8585;180;28
8586;180;28
8587;180;28
8588;192;28
8589;176;28
8590;176;28
8591;176;28
8592;176;28
8593;176;28
8594;172;28
8595;172;28
8596;172;28
8597;172;28
8598;168;28
8599;168;28
8600;168;32
8601;168;28
8602;164;28
8603;164;28
8604;164;28
8605;164;28
8606;160;28
8607;160;28
8608;160;28
8609;152;28
8610;156;28
8611;152;28
8612;156;28
8613;152;28
8614;152;28
8615;152;28
8616;136;24
8617;148;24
8618;144;24
8619;144;24
8620;140;20
8621;144;20
8622;140;16
8623;152;16
8624;136;12
8625;136;12
8626;132;12
8627;132;12
8628;132;4
8629;128;4
8630;136;4
8631;124;4
8632;124;4
8633;120;4
8634;120;4
8635;116;4
8636;112;4
8637;116;4
8638;112;4
8639;108;4
8640;108;8
8641;104;12
8642;96;16
8643;104;20
8644;100;20
8645;96;24
8646;96;28
8647;92;32
8648;92;32
8649;92;32
8650;92;36
8651;88;40
8652;84;40
8653;80;40
8654;80;40
8655;80;40
8656;76;40
8657;76;40
8658;68;40
8659;68;40
8660;68;40
8661;68;40
8662;64;36
8663;52;40
8664;60;36
8665;56;36
8666;56;36
8667;52;36
8668;52;36
8669;48;36
8670;48;32
8671;44;32
8672;44;32
8673;40;32
8674;40;32
8675;36;32
8676;32;32
8677;32;32
8678;28;28
8679;28;32
8680;24;32
8681;24;28
8682;20;28
8683;16;28
8684;24;28
8685;16;28
8686;12;28
8687;8;28
8688;8;28
8689;4;28
8690;4;28
8691;0;28
8692;-4;28
8693;-4;28
8694;-4;28
8695;-8;28
8696;-16;28
8697;-12;28
8698;-16;28
8699;-20;28
8700;-20;24
8701;-20;24
8702;-24;24
8703;-28;20
8704;-32;20
8705;-56;16
8706;-32;16
8707;-36;16
8708;-36;12
8709;-40;12
8710;-44;8
8711;-44;8
8712;-48;8
8713;-48;8
8714;-52;4
8715;-52;4
8716;-52;4
8717;-48;4
8718;-60;0
8719;-60;4
8720;-64;4
8721;-64;-40
8722;-64;-40
8723;-68;-40
8724;-72;-36
8725;-72;-36
8726;-72;-32
8727;-80;-32
8728;-76;-32
8729;-84;-28
8730;-84;-24
8731;-88;-20
8732;-84;-20
8733;-88;-20
8734;-92;-16
8735;-96;-12
8736;-96;-12
8737;-100;-8
8738;-96;-8
8739;-100;-12
8740;-104;-8
8741;-104;-8
8742;-104;-8
8743;-108;-8
8744;-108;-8
8745;-108;-8
8746;-112;-8
8747;-116;-12
8748;-116;-8
8749;-120;-12
8750;-120;-12
8751;-124;-12
8752;-132;-12
8753;-128;-12
8754;-124;-12
8755;-128;-12
8756;-132;-12
8757;-132;-16
8758;-132;-16
8759;-140;-16
8760;-136;-16
8761;-140;-16
8762;-140;-16
8763;-144;-16
8764;-140;-16
8765;-144;-16
8766;-148;-16
8767;-144;-16
8768;-148;-20
8769;-152;-20
8770;-152;-16
8771;-152;-20
8772;-156;-20
8773;-152;-16
8774;-156;-20
8775;-156;-16
8776;-156;-20
8777;-160;-20
8778;-160;-20
8779;-160;-20
8780;-148;-16
8781;-160;-20
8782;-164;-20
8783;-164;-20
8784;-164;-20
8785;-168;-20
8786;-164;-20
8787;-188;-20
8788;-172;-20
8789;-168;-20
8790;-172;-20
8791;-172;-20
8792;-172;-20
8793;-172;-20
8794;-184;-24
8795;-176;-24
8796;-176;-24
8797;-176;-24
8798;-172;-28
8799;-168;-32
8800;-176;-32
8801;-176;-36
8802;-180;-36
8803;-180;-40
8804;-180;-40
8805;-180;-40
8806;-176;-40
8807;-180;-44
8808;-180;-44
8809;-180;-40
8810;-180;-44
8811;-184;-44
8812;-180;-44
8813;-180;-44
8814;-184;-44
8815;-184;-40
8816;-184;-40
8817;-180;-36
8818;-180;-36
8819;-184;-32
8820;-176;-28
8821;-184;-28
8822;-180;-24
8823;-180;-20
8824;-180;-20
8825;-180;-16
8826;-180;-16
8827;-168;-12
8828;-180;-12
8829;-180;-8
8830;-176;-12
8831;-176;-8
8832;-176;-8
8833;-176;-8
8834;-176;-8
8835;-172;-8
8836;-176;-8
8837;-172;-8
8838;-172;-8
8839;-172;-8
8840;-172;-12
8841;-176;-8
8842;-168;-12
8843;-168;-8
8844;-168;-12
8845;-168;-12
8846;-168;-12
8847;-168;-12
8848;-164;-12
8849;-164;-16
8850;-160;-12
8851;-160;-16
8852;-164;-16
8853;-160;-16
8854;-160;-16
8855;-160;-16
8856;-160;-16
8857;-152;-16
8858;-152;-16
8859;-152;-16
8860;-148;-16
8861;-152;-20
8862;-132;-16
8863;-148;-20
8864;-148;-20
8865;-144;-16
8866;-144;-20
8867;-144;-20
8868;-140;-20
8869;-136;-20
8870;-140;-20
8871;-136;-20
8872;-136;-20
8873;-132;-20
8874;-136;-20
8875;-132;-20
8876;-124;-20
8877;-128;-20
8878;-124;-20
8879;-124;-20
8880;-124;-20
8881;-132;-20
8882;-120;-20
8883;-120;-20
8884;-116;-20
8885;-116;-20
8886;-112;-20
8887;-112;-20
8888;-108;-20
8889;-104;-20
8890;-104;-24
8891;-104;-20
8892;-100;-24
8893;-100;-28
8894;-96;-28
8895;-96;-32
8896;-92;-32
8897;-88;-36
8898;-88;-36
8899;-88;-36
8900;-84;-40
8901;-80;-40
8902;-92;-40
8903;-80;-40
8904;-80;-44
8905;-76;-44
8906;-72;-44
8907;-68;-44
8908;-68;-40
8909;-56;-44
8910;-64;-40
8911;-60;-40
8912;-60;-40
8913;-56;-36
8914;-52;-36
8915;-56;-32
8916;-48;-28
8917;-52;-28
8918;-48;-28
8919;-48;-24
8920;-40;-20
8921;-44;-20
8922;-40;-16
8923;-36;-12
8924;-36;-12
8925;-36;-8
8926;-28;-8
8927;-28;-8
8928;-24;-4
8929;-24;-8
8930;-24;-8
8931;-20;60
8932;-16;60
8933;-16;56
8934;-16;56
8935;-12;56
8936;-8;56
8937;-12;56
8938;-4;52
8939;0;52
8940;0;52
8941;4;52
8942;8;52
8943;8;52
8944;-4;52
8945;12;52
8946;12;48
8947;16;52
8948;20;48
8949;20;48
8950;24;48
8951;44;48
8952;28;48
8953;28;48
8954;32;48
8955;36;48
8956;44;48
8957;40;48
8958;40;48
8959;44;48
8960;44;44
8961;48;44
8962;48;48
8963;48;48
8964;56;48
8965;56;48
8966;60;44
8967;60;44
8968;60;44
8969;64;44
8970;68;44
8971;68;48
8972;72;44
8973;72;44
8974;76;44
8975;76;44
8976;80;44
8977;84;44
8978;84;44
8979;84;44
8980;88;44
8981;88;44
8982;92;44
8983;92;40
8984;92;40
8985;96;40
8986;96;40
8987;100;40
8988;104;36
8989;104;32
8990;108;32
8991;100;28
8992;108;28
8993;112;28
8994;112;24
8995;116;24
8996;120;24
8997;116;24
8998;120;24
8999;124;20
9000;124;20
9001;124;20
9002;128;20
9003;128;20
9004;132;24
9005;136;24
9006;132;28
9007;136;28
9008;136;36
9009;140;40
9010;144;40
9011;140;44
9012;148;48
9013;144;48
9014;148;52
9015;148;52
9016;148;56
9017;152;56
9018;152;56
9019;168;56
9020;152;56
9021;156;60
9022;160;56
9023;160;60
9024;156;56
9025;160;56
9026;152;56
9027;164;56
9028;168;56
9029;168;56
9030;168;52
9031;160;52
9032;172;52
9033;164;52
9034;172;52
9035;172;52
9036;176;52
9037;176;48
9038;180;48
9039;176;48
9040;180;48
9041;180;48
9042;180;48
9043;180;48
9044;180;48
9045;184;48
9046;180;48
9047;184;48
9048;184;48
9049;184;48
9050;184;48
9051;184;48
9052;184;48
9053;188;44
9054;188;48
9055;188;44
9056;188;48
9057;188;48
9058;188;44
9059;192;48
9060;188;44
9061;192;44
9062;192;44
9063;192;44
9064;192;44
9065;188;40
9066;204;40
9067;192;40
9068;192;32
9069;196;32
9070;196;32
9071;196;28
9072;192;28
9073;188;28
9074;196;24
9075;196;24
9076;192;24
9077;192;24
9078;196;20
9079;196;24
9080;192;20
9081;192;20
9082;192;20
9083;192;20
9084;192;24
9085;192;28
9086;192;28
9087;188;32
9088;192;32
9089;192;32
9090;192;36
9091;192;40
9092;192;40
9093;188;44
9094;184;48
9095;188;48
9096;188;48
9097;184;52
9098;184;52
9099;188;52
9100;184;56
9101;204;56
9102;180;56
9103;184;56
9104;180;56
9105;180;56
9106;180;56
9107;180;60
9108;184;56
9109;180;56
9110;176;56
9111;176;56
9112;176;52
9113;168;56
9114;176;56
9115;176;52
9116;172;52
9117;168;52
9118;168;52
9119;168;48
9120;160;52
9121;168;52
9122;164;48
9123;164;48
9124;160;48
9125;160;48
9126;160;48
9127;156;48
9128;156;48
9129;160;44
9130;156;48
9131;152;48
9132;152;48
9133;152;48
9134;148;48
9135;148;48
9136;148;48
9137;144;48
9138;144;44
9139;140;48
9140;140;-8
9141;144;-4
9142;136;-8
9143;136;-12
9144;136;-12
9145;132;-8
9146;132;-16
9147;128;-16
9148;132;-20
9149;124;-20
9150;124;-20
9151;120;-24
9152;124;-24
9153;120;-28
9154;116;-24
9155;116;-28
9156;116;-28
9157;112;-28
9158;108;-32
9159;108;-32
9160;104;-32
9161;104;-32
9162;104;-32
9163;100;-28
9164;100;-24
9165;96;-24
9166;96;-20
9167;96;-16
9168;92;-12
9169;84;-12
9170;88;-8
9171;88;-4
9172;84;0
9173;80;0
9174;80;0
9175;76;4
9176;60;4
9177;72;4
9178;68;4
9179;68;4
9180;68;4
9181;68;8
9182;60;4
9183;60;8
9184;60;4
9185;56;4
9186;52;4
9187;52;4
9188;52;4
9189;48;4
9190;60;0
9191;44;0
9192;40;0
9193;36;0
9194;32;0
9195;36;-4
9196;32;-4
9197;28;0
9198;28;-4
9199;24;-4
9200;24;-4
9201;20;-4
9202;12;-4
9203;16;-4
9204;12;-4
9205;12;-4
9206;8;-8
9207;8;-4
9208;4;-4
9209;0;-8
9210;0;-8
9211;0;-4
9212;-4;-4
9213;-4;-8
9214;-8;-8
9215;-8;-8
9216;-8;-8
9217;-12;-4
9218;-16;-8
9219;-20;-8
9220;-20;-8
9221;-24;-4
9222;-24;-8
9223;-28;-8
9224;-28;-12
9225;-32;-12
9226;-32;-12
9227;-32;-16
9228;-36;-16
9229;-40;-20
9230;-52;-20
9231;-44;-20
9232;-48;-24
9233;-52;-24
9234;-52;-24
9235;-52;-28
9236;-56;-28
9237;-60;-28
9238;-60;-28
9239;-60;-32
9240;-64;-32
9241;-68;-32
9242;-68;-32
9243;-72;-32
9244;-68;-32
9245;-72;-28
9246;-76;-24
9247;-76;-24
9248;-80;-20
9249;-80;-20
9250;-84;-16
9251;-84;-16
9252;-88;-12
9253;-88;-8
9254;-92;-8
9255;-92;-4
9256;-96;0
9257;-96;0
9258;-84;0
9259;-100;4
9260;-104;4
9261;-104;4
9262;-104;8
9263;-112;4
9264;-108;4
9265;-116;4
9266;-112;8
9267;-116;4
9268;-116;4
9269;-116;4
9270;-128;8
9271;-124;4
9272;-124;4
9273;-124;4
9274;-128;4
9275;-128;4
9276;-128;0
9277;-136;0
9278;-132;0
9279;-136;4
9280;-136;0
9281;-136;0
9282;-140;0
9283;-140;-4
9284;-140;-4
9285;-144;-4
9286;-144;-4
9287;-144;-4
9288;-148;-4
9289;-148;-4
9290;-148;-4
9291;-152;-4
9292;-152;-4
9293;-156;-4
9294;-156;-8
9295;-156;-4
9296;-156;-4
9297;-156;-4
9298;-168;-8
9299;-160;-4
9300;-160;-4
9301;-164;-8
9302;-164;-8
9303;-168;-8
9304;-168;-8
9305;-152;-8
9306;-168;-12
9307;-168;-12
9308;-168;-16
9309;-168;-16
9310;-168;-20
9311;-172;-20
9312;-172;-20
9313;-172;-24
9314;-172;-24
9315;-176;-24
9316;-176;-28
9317;-176;-28
9318;-172;-28
9319;-176;-28
9320;-176;-32
9321;-176;-32
9322;-176;-32
9323;-176;-32
9324;-176;-28
9325;-180;-28
9326;-184;-28
9327;-180;-24
9328;-180;-24
9329;-180;-20
9330;-180;-20
9331;-180;-20
9332;-180;-16
9333;-192;-12
9334;-180;-12
9335;-184;-8
9336;-180;-4
9337;-180;-4
9338;-176;0
9339;-180;0
9340;-180;4
9341;-180;4
9342;-180;4
9343;-180;8
9344;-180;8
9345;-180;8
9346;-180;28
9347;-160;28
9348;-180;28
9349;-180;28
9350;-180;28
9351;-176;24
9352;-172;24
9353;-176;24
9354;-176;28
9355;-176;24
9356;-176;24
9357;-176;24
9358;-172;24
9359;-176;20
9360;-172;20
9361;-168;20
9362;-172;20
9363;-168;20
9364;-168;20
9365;-168;16
9366;-168;20
9367;-164;20
9368;-164;16
9369;-164;16
9370;-164;16
9371;-160;16
9372;-160;16
9373;-156;16
9374;-156;16
9375;-156;16
9376;-156;16
9377;-156;16
9378;-152;16
9379;-152;16
9380;-160;16
9381;-152;16
9382;-148;16
9383;-148;16
9384;-148;16
9385;-144;16
9386;-144;12
9387;-148;12
9388;-144;12
9389;-140;12
9390;-136;16
9391;-136;12
9392;-132;16
9393;-136;16
9394;-132;12
9395;-128;12
9396;-128;16
9397;-128;12
9398;-124;12
9399;-120;8
9400;-124;12
9401;-112;8
9402;-120;4
9403;-116;4
9404;-112;0
9405;-116;0
9406;-112;-4
9407;-108;-4
9408;-104;-4
9409;-108;-8
9410;-104;-8
9411;-104;-8
9412;-100;-8
9413;-100;-8
9414;-96;-12
9415;-88;-8
9416;-92;-8
9417;-88;-12
9418;-88;-8
9419;-84;-8
9420;-88;-4
9421;-80;-4
9422;-100;0
9423;-76;0
9424;-76;4
9425;-72;8
9426;-68;8
9427;-72;12
9428;-68;12
9429;-76;16
9430;-64;16
9431;-60;20
9432;-60;20
9433;-56;24
9434;-44;24
9435;-52;24
9436;-52;24
9437;-48;28
9438;-48;28
9439;-48;28
9440;-40;28
9441;-36;28
9442;-40;28
9443;-36;24
9444;-32;24
9445;-28;24
9446;-28;24
9447;-24;24
9448;-24;20
9449;-20;24
9450;-20;20
9451;-16;24
9452;-16;20
9453;-12;20
9454;-8;20
9455;-4;20
9456;-4;20
9457;0;20
9458;0;20
9459;4;20
9460;4;20
9461;8;16
9462;16;16
9463;12;20
9464;8;20
9465;16;16
9466;16;16
9467;16;16
9468;20;16
9469;24;16
9470;24;16
9471;28;16
9472;32;12
9473;32;16
9474;32;16
9475;36;12
9476;36;12
9477;44;16
9478;44;12
9479;48;12
9480;48;16
9481;52;12
9482;52;16
9483;52;16
9484;52;16
9485;60;12
9486;60;16
9487;64;16
9488;64;12
9489;68;12
9490;68;8
9491;68;8
9492;72;8
9493;72;4
9494;76;4
9495;76;4
9496;80;0
9497;100;0
9498;80;-4
9499;84;-4
9500;88;-4
9501;92;-8
9502;88;-8
9503;92;-8
9504;92;-8
9505;100;-12
9506;96;-12
9507;100;-12
9508;104;-12
9509;96;-8
9510;108;-4
9511;104;-4
9512;112;0
9513;112;0
9514;116;4
9515;116;8
9516;120;12
9517;120;16
9518;120;20
9519;124;20
9520;124;24
9521;128;24
9522;132;28
9523;132;28
9524;132;28
9525;132;28
9526;132;24
9527;136;28
9528;136;28
9529;140;24
9530;140;28
9531;144;24
9532;144;24
9533;148;24
9534;148;24
9535;148;24
9536;148;24
9537;148;24
9538;152;20
9539;152;20
9540;152;20
9541;156;20
9542;160;20
9543;160;20
9544;176;16
9545;160;20
9546;164;16
9547;164;16
9548;164;16
9549;168;16
9550;168;16
9551;168;20
9552;172;20
9553;172;16
9554;172;32
9555;176;28
9556;172;28
9557;176;28
9558;176;28
9559;176;28
9560;176;28
9561;180;24
9562;176;20
9563;180;20
9564;176;20
9565;180;16
9566;180;12
9567;184;12
9568;184;12
9569;184;12
9570;184;8
9571;184;8
9572;172;4
9573;188;4
9574;188;4
9575;188;4
9576;188;0
9577;192;4
9578;188;4
9579;192;4
9580;188;4
9581;188;4
9582;188;8
9583;188;12
9584;192;12
9585;192;16
9586;208;16
9587;192;20
9588;192;20
9589;192;24
9590;192;28
9591;196;32
9592;196;32
9593;192;32
9594;192;36
9595;192;36
9596;192;36
9597;192;40
9598;184;40
9599;192;40
9600;192;40
9601;192;40
9602;196;40
9603;192;40
9604;192;40
9605;188;40
9606;192;40
9607;192;36
9608;192;36
9609;188;32
9610;188;36
9611;188;36
9612;192;36
9613;188;32
9614;184;32
9615;188;32
9616;184;28
9617;184;32
9618;184;32
9619;176;28
9620;184;28
9621;180;28
9622;184;28
9623;184;32
9624;180;32
9625;180;32
9626;172;28
9627;176;28
9628;176;28
9629;176;32
9630;172;28
9631;176;28
9632;176;28
9633;172;28
9634;172;28
9635;172;28
9636;168;28
9637;168;28
9638;172;28
9639;164;24
9640;168;24
9641;164;24
9642;164;28
9643;164;28
9644;160;24
9645;160;24
9646;156;28
9647;160;24
9648;152;24
9649;152;20
9650;148;20
9651;152;20
9652;148;16
9653;148;16
9654;156;16
9655;144;12
9656;144;12
9657;144;12
9658;140;8
9659;132;8
9660;136;4
9661;116;4
9662;132;0
9663;132;4
9664;132;4
9665;132;0
9666;124;4
9667;124;4
9668;116;0
9669;120;4
9670;120;4
9671;116;8
9672;116;8
9673;120;12
9674;112;16
9675;112;16
9676;112;16
9677;108;24
9678;104;24
9679;108;28
9680;108;28
9681;100;32
9682;100;32
9683;96;36
9684;92;36
9685;92;36
9686;92;40
9687;88;40
9688;88;36
9689;84;40
9690;84;40
9691;80;36
9692;80;40
9693;76;36
9694;72;36
9695;72;36
9696;72;36
9697;68;36
9698;68;36
9699;64;36
9700;64;36
9701;68;32
9702;60;32
9703;56;32
9704;52;32
9705;52;32
9706;48;32
9707;48;32
9708;40;28
9709;40;32
9710;40;32
9711;40;32
9712;36;32
9713;32;28
9714;32;28
9715;28;32
9716;28;28
9717;24;32
9718;20;28
9719;20;28
9720;16;28
9721;16;28
9722;12;28
9723;12;28
9724;8;28
9725;4;28
9726;4;28
9727;4;28
9728;0;28
9729;-8;28
9730;-4;24
9731;-4;28
9732;-8;28
9733;-12;24
9734;-8;28
9735;-16;24
9736;0;28
9737;-20;28
9738;-24;24
9739;-24;28
9740;-28;24
9741;-24;24
9742;-32;24
9743;-24;24
9744;-36;20
9745;-36;24
9746;-40;20
9747;-44;20
9748;-48;16
9749;-44;16
9750;-48;12
9751;-52;12
9752;-52;12
9753;-56;8
9754;-56;8
9755;-64;4
9756;-60;4
9757;-64;4
9758;-64;4
9759;-68;4
9760;-68;4
9761;-72;4
9762;-76;-40
9763;-76;-44
9764;-76;-44
9765;-80;-44
9766;-80;-44
9767;-84;-40
9768;-84;-40
9769;-88;-40
9770;-88;-36
9771;-92;-32
9772;-92;-32
9773;-96;-28
9774;-96;-24
9775;-96;-24
9776;-116;-20
9777;-104;-20
9778;-104;-16
9779;-104;-16
9780;-108;-12
9781;-112;-12
9782;-112;-12
9783;-104;-12
9784;-116;-8
9785;-120;-12
9786;-120;-12
9787;-120;-12
9788;-120;-16
9789;-124;-12
9790;-124;-12
9791;-124;-12
9792;-128;-12
9793;-132;-12
9794;-132;-16
9795;-132;-16
9796;-136;-16
9797;-132;-16
9798;-140;-16
9799;-140;-20
9800;-140;-16
9801;-144;-16
9802;-144;-20
9803;-148;-16
9804;-144;-20
9805;-148;-20
9806;-148;-20
9807;-148;-20
9808;-152;-20
9809;-152;-20
9810;-156;-20
9811;-160;-20
9812;-156;-20
9813;-156;-20
9814;-156;-20
9815;-160;-20
9816;-160;-20
9817;-164;-20
9818;-172;-20
9819;-164;-20
9820;-164;-20
9821;-164;-24
9822;-164;-24
9823;-164;-24
9824;-168;-20
9825;-148;-20
9826;-172;-20
9827;-172;-24
9828;-172;-24
9829;-172;-20
9830;-172;-24
9831;-172;-24
9832;-176;-24
9833;-176;-24
9834;-176;-24
9835;-176;-28
9836;-180;-32
9837;-184;-32
9838;-180;-32
9839;-180;-36
9840;-180;-36
9841;-180;-36
9842;-184;-40
9843;-180;-40
9844;-180;-40
9845;-180;-44
9846;-180;-44
9847;-180;-44
9848;-180;-48
9849;-180;-48
9850;-184;-48
9851;-180;-48
9852;-184;-44
9853;-180;-44
9854;-184;-40
9855;-184;-40
9856;-184;-36
9857;-180;-36
9858;-184;-32
9859;-184;-28
9860;-180;-24
9861;-184;-20
9862;-180;-20
9863;-180;-16
9864;-180;-16
9865;-188;-12
9866;-180;-12
9867;-180;-12
9868;-180;-12
9869;-176;-12
9870;-176;-12
9871;-176;-12
9872;-180;-12
9873;-176;-12
9874;-172;-12
9875;-176;-12
9876;-172;-12
9877;-172;-12
9878;-172;-12
9879;-164;-16
9880;-168;-16
9881;-168;-16
9882;-168;-16
9883;-168;-20
9884;-164;-16
9885;-164;-16
9886;-164;-20
9887;-164;-16
9888;-160;-20
9889;-160;-16
9890;-160;-20
9891;-160;-20
9892;-160;-20
9893;-148;-24
9894;-160;-20
9895;-156;-20
9896;-156;-20
9897;-152;-20
9898;-156;-20
9899;-152;-24
9900;-156;-24
9901;-148;-24
9902;-148;-20
9903;-148;-20
9904;-144;-20
9905;-148;-24
9906;-140;-20
9907;-140;-24
9908;-136;-24
9909;-140;-24
9910;-136;-24
9911;-136;-28
9912;-140;-28
9913;-132;-28
9914;-128;-32
9915;-128;-32
9916;-128;-36
9917;-124;-36
9918;-120;-36
9919;-120;-40
9920;-120;-44
9921;-116;-44
9922;-116;-44
9923;-112;-44
9924;-112;-44
9925;-108;-44
9926;-108;-48
9927;-108;-48
9928;-104;-44
9929;-100;-48
9930;-104;-44
9931;-96;-40
9932;-96;-40
9933;-108;-40
9934;-92;-36
9935;-88;-32
9936;-84;-28
9937;-88;-24
9938;-84;-20
9939;-84;-20
9940;-68;-20
9941;-80;-16
9942;-76;-16
9943;-72;-16
9944;-72;-12
9945;-68;-12
9946;-68;-12
9947;-64;-12
9948;-60;-12
9949;-60;-8
9950;-60;-12
9951;-56;-12
9952;-56;-12
9953;-52;-12
9954;-48;-16
9955;-48;-16
9956;-48;-16
9957;-44;-16
9958;-44;-16
9959;-40;-16
9960;-36;-16
9961;-40;-16
9962;-32;-16
9963;-36;-16
9964;-28;-20
9965;-24;-20
9966;-24;-20
9967;-24;-20
9968;-32;-16
9969;-16;-20
9970;-16;-20
9971;-12;44
9972;-12;44
9973;-4;44
9974;-8;40
9975;-8;40
9976;0;40
9977;0;36
9978;4;36
9979;8;32
9980;12;32
9981;8;28
9982;28;28
9983;16;28
9984;16;24
9985;20;20
9986;20;20
9987;28;20
9988;24;20
9989;28;16
9990;28;16
9991;32;16
9992;32;12
9993;36;16
9994;32;12
9995;40;12
9996;40;16
9997;44;16
9998;48;16
9999;48;20
10000;52;24
