Column1;Column2;Column3
Channel              :;CH1;CH2
Frequency            :;75.14Hz;74.32Hz
Period               :;13.31ms;13.45ms
PK-PK                :;952.0mV;328.0mV
Probe attenuation    :;1X;1X
Voltage per ADC value:;0.500000mV;0.500000mV
Time interval        :;20.00000uS;20.00000uS
;;
index;CH1_Voltage(mV);CH2_Voltage(mV)
1;352;32
2;352;32
3;352;32
4;344;32
5;344;32
6;336;32
7;336;32
8;336;32
9;328;32
10;312;32
11;320;32
12;320;32
13;320;32
14;312;32
15;312;24
16;304;24
17;320;24
18;296;24
19;296;16
20;296;8
21;296;8
22;288;8
23;272;0
24;280;8
25;280;8
26;280;16
27;272;16
28;272;24
29;272;32
30;264;40
31;256;40
32;256;40
33;248;40
34;248;40
35;248;48
36;240;40
37;232;40
38;240;40
39;232;40
40;232;40
41;224;40
42;216;40
43;216;40
44;224;32
45;208;32
46;208;32
47;208;32
48;200;32
49;200;32
50;192;32
51;200;32
52;184;32
53;184;32
54;176;32
55;176;32
56;168;32
57;160;32
58;152;32
59;160;24
60;152;32
61;152;24
62;144;24
63;144;16
64;136;16
65;136;8
66;128;8
67;128;8
68;128;8
69;128;8
70;120;16
71;112;16
72;112;136
73;104;136
74;104;144
75;96;144
76;96;144
77;88;144
78;88;152
79;88;152
80;80;152
81;80;152
82;72;144
83;64;144
84;64;152
85;56;144
86;56;144
87;48;144
88;48;144
89;40;144
90;40;144
91;32;144
92;40;152
93;16;152
94;16;152
95;16;152
96;8;160
97;8;160
98;8;160
99;-8;160
100;0;152
101;-16;152
102;-16;152
103;-16;152
104;-24;152
105;-32;152
106;-40;152
107;-32;152
108;-48;152
109;-40;152
110;-48;152
111;-56;152
112;-64;144
113;-64;152
114;-72;152
115;-64;152
116;-80;152
117;-80;144
118;-80;152
119;-88;144
120;-96;152
121;-96;152
122;-104;144
123;-112;144
124;-112;144
125;-112;144
126;-112;136
127;-120;136
128;-128;128
129;-136;128
130;-144;128
131;-144;120
132;-144;120
133;-168;120
134;-160;120
135;-160;128
136;-168;136
137;-168;144
138;-176;144
139;-176;152
140;-184;152
141;-184;160
142;-192;160
143;-200;160
144;-200;160
145;-200;152
146;-208;152
147;-216;152
148;-216;152
149;-224;152
150;-224;152
151;-232;152
152;-232;152
153;-232;152
154;-248;152
155;-256;152
156;-256;152
157;-264;152
158;-264;144
159;-272;144
160;-272;144
161;-280;152
162;-288;152
163;-288;144
164;-296;144
165;-296;144
166;-304;144
167;-320;144
168;-312;136
169;-312;136
170;-320;136
171;-320;128
172;-328;128
173;-328;128
174;-320;120
175;-336;120
176;-344;112
177;-344;120
178;-344;120
179;-352;120
180;-360;128
181;-360;136
182;-360;144
183;-368;144
184;-368;144
185;-376;152
186;-376;152
187;-376;160
188;-384;152
189;-384;152
190;-384;152
191;-392;152
192;-392;152
193;-392;152
194;-384;152
195;-392;144
196;-400;144
197;-400;144
198;-408;152
199;-400;144
200;-400;144
201;-400;144
202;-408;144
203;-408;144
204;-408;144
205;-416;144
206;-416;144
207;-416;144
208;-408;144
209;-416;136
210;-416;144
211;-424;144
212;-424;144
213;-432;144
214;-432;136
215;-432;144
216;-424;136
217;-432;136
218;-432;128
219;-432;128
220;-432;120
221;-432;120
222;-432;120
223;-432;120
224;-432;120
225;-440;120
226;-432;120
227;-432;120
228;-448;136
229;-440;136
230;-440;136
231;-440;152
232;-440;152
233;-440;152
234;-440;152
235;-440;152
236;-440;152
237;-440;152
238;-448;152
239;-448;152
240;-440;152
241;-448;152
242;-448;152
243;-448;144
244;-448;144
245;-448;144
246;-456;144
247;-456;144
248;-448;144
249;-456;144
250;-456;144
251;-448;144
252;-448;136
253;-456;136
254;-456;144
255;-448;144
256;-456;144
257;-456;136
258;-456;136
259;-456;136
260;-456;128
261;-456;128
262;-456;120
263;-456;120
264;-456;120
265;-456;112
266;-456;112
267;-456;112
268;-456;112
269;-456;120
270;-456;128
271;-448;128
272;-448;128
273;-448;136
274;-448;144
275;-448;152
276;-456;152
277;-448;152
278;-448;152
279;-448;152
280;-448;32
281;-448;32
282;-440;32
283;-440;32
284;-448;32
285;-440;32
286;-440;32
287;-440;24
288;-440;24
289;-440;24
290;-440;24
291;-440;24
292;-440;24
293;-432;24
294;-440;24
295;-432;24
296;-432;24
297;-432;24
298;-432;24
299;-432;24
300;-424;16
301;-424;16
302;-424;16
303;-424;8
304;-416;8
305;-424;0
306;-424;0
307;-416;0
308;-416;0
309;-416;0
310;-400;0
311;-408;0
312;-408;8
313;-408;16
314;-408;24
315;-400;24
316;-400;32
317;-400;32
318;-400;32
319;-400;32
320;-392;32
321;-392;32
322;-392;32
323;-392;32
324;-400;32
325;-392;32
326;-384;24
327;-384;24
328;-376;24
329;-384;24
330;-376;24
331;-352;24
332;-368;24
333;-376;24
334;-368;24
335;-368;24
336;-368;16
337;-368;24
338;-352;16
339;-352;16
340;-352;8
341;-344;8
342;-344;8
343;-336;0
344;-336;0
345;-328;-8
346;-328;0
347;-320;-8
348;-320;-8
349;-312;0
350;-312;0
351;-296;8
352;-296;8
353;-288;16
354;-288;24
355;-280;24
356;-280;24
357;-272;32
358;-248;32
359;-264;32
360;-256;32
361;-248;32
362;-240;24
363;-240;32
364;-232;32
365;-216;32
366;-224;24
367;-208;32
368;-208;24
369;-200;24
370;-200;24
371;-200;24
372;-192;24
373;-184;24
374;-176;24
375;-168;16
376;-160;24
377;-160;24
378;-152;16
379;-152;24
380;-144;24
381;-136;24
382;-128;24
383;-128;24
384;-120;-80
385;-128;-88
386;-112;-88
387;-104;-88
388;-96;-96
389;-96;-96
390;-88;-96
391;-88;-96
392;-80;-104
393;-80;-104
394;-72;-104
395;-64;-104
396;-56;-96
397;-64;-96
398;-56;-88
399;-48;-80
400;-40;-80
401;-40;-80
402;-32;-72
403;-24;-72
404;-24;-72
405;-24;-72
406;-40;-64
407;-8;-72
408;-8;-64
409;0;-72
410;8;-72
411;8;-72
412;24;-72
413;16;-72
414;24;-72
415;32;-80
416;32;-80
417;40;-80
418;40;-80
419;48;-80
420;56;-80
421;48;-80
422;56;-80
423;64;-80
424;72;-80
425;72;-80
426;88;-80
427;88;-80
428;88;-80
429;96;-80
430;104;-80
431;104;-80
432;104;-88
433;112;-80
434;120;-88
435;128;-88
436;128;-88
437;136;-96
438;136;-96
439;144;-96
440;136;-96
441;152;-104
442;152;-96
443;160;-104
444;160;-96
445;168;-96
446;168;-88
447;184;-88
448;176;-80
449;184;-80
450;192;-72
451;192;-72
452;192;-72
453;192;-72
454;200;-72
455;208;-64
456;208;-64
457;216;-72
458;216;-72
459;224;-72
460;224;-72
461;224;-72
462;232;-72
463;232;-72
464;240;-80
465;240;-80
466;248;-80
467;248;-80
468;256;-80
469;256;-80
470;256;-72
471;256;-80
472;264;-80
473;264;-80
474;280;-80
475;272;-80
476;280;-80
477;280;-80
478;280;-80
479;288;-80
480;288;-80
481;296;-80
482;296;-88
483;304;-88
484;304;-96
485;304;-96
486;312;-88
487;320;-96
488;320;-136
489;320;-136
490;328;-136
491;328;-136
492;328;-128
493;336;-128
494;328;-128
495;336;-120
496;344;-112
497;336;-112
498;344;-112
499;352;-104
500;352;-104
501;360;-104
502;352;-104
503;352;-104
504;352;-104
505;360;-104
506;368;-104
507;368;-104
508;368;-104
509;368;-112
510;376;-112
511;376;-112
512;376;-112
513;384;-104
514;384;-112
515;384;-112
516;384;-112
517;384;-112
518;392;-112
519;392;-112
520;392;-112
521;400;-112
522;408;-112
523;400;-112
524;400;-112
525;408;-112
526;400;-112
527;408;-120
528;408;-120
529;408;-120
530;416;-120
531;416;-128
532;416;-128
533;416;-136
534;416;-136
535;416;-136
536;432;-136
537;424;-128
538;432;-128
539;424;-128
540;432;-120
541;432;-112
542;424;-112
543;432;-112
544;432;-104
545;432;-104
546;432;-96
547;440;-96
548;440;-104
549;440;-104
550;440;-104
551;440;-104
552;448;-104
553;448;-104
554;448;-104
555;448;-104
556;456;-104
557;448;-112
558;456;-112
559;456;-112
560;448;-112
561;456;-112
562;456;-112
563;440;-112
564;456;-112
565;456;-112
566;456;-112
567;456;-112
568;456;-112
569;464;-112
570;464;-112
571;464;-112
572;456;-112
573;456;-112
574;464;-112
575;464;-112
576;464;-112
577;464;-112
578;464;-112
579;464;-112
580;464;-120
581;464;-120
582;464;-120
583;472;-128
584;464;-128
585;464;-136
586;464;-136
587;456;-136
588;464;-136
589;464;-128
590;464;-128
591;464;-120
592;464;-24
593;464;-24
594;464;-16
595;456;-16
596;456;-16
597;448;-8
598;456;-8
599;456;-8
600;456;-16
601;456;-16
602;456;-16
603;456;-16
604;472;-16
605;456;-16
606;456;-16
607;456;-24
608;456;-24
609;448;-24
610;440;-24
611;456;-16
612;448;-16
613;448;-16
614;448;-16
615;448;-24
616;448;-16
617;448;-24
618;440;-16
619;440;-24
620;440;-24
621;440;-24
622;440;-24
623;432;-24
624;440;-24
625;432;-24
626;432;-32
627;424;-32
628;432;-40
629;424;-40
630;432;-40
631;432;-48
632;424;-48
633;416;-48
634;416;-40
635;416;-40
636;408;-32
637;408;-24
638;416;-16
639;408;-16
640;408;-16
641;400;-8
642;400;-16
643;400;-8
644;392;-8
645;392;-8
646;392;-8
647;392;-16
648;392;-16
649;392;-16
650;392;-16
651;392;-24
652;384;-16
653;384;-16
654;384;-16
655;376;-16
656;376;-16
657;376;-16
658;360;-24
659;368;-24
660;368;-24
661;368;-24
662;360;-24
663;360;-24
664;352;-16
665;360;-24
666;352;-24
667;352;-24
668;344;-24
669;344;-24
670;336;-24
671;336;-32
672;336;-32
673;328;-32
674;328;-40
675;328;-40
676;320;-48
677;320;-40
678;312;-48
679;296;-48
680;312;-40
681;304;-32
682;304;-32
683;304;-24
684;296;-24
685;296;-24
686;288;-16
687;288;-16
688;288;-8
689;280;-8
690;280;-8
691;272;-8
692;272;-8
693;272;-8
694;264;-8
695;264;-16
696;256;-8
697;256;120
698;256;120
699;256;112
700;240;112
701;248;112
702;232;112
703;232;112
704;232;112
705;232;112
706;216;104
707;224;104
708;216;104
709;216;96
710;200;96
711;208;88
712;208;88
713;192;88
714;192;88
715;192;80
716;192;88
717;184;80
718;176;88
719;184;88
720;176;96
721;168;104
722;168;104
723;160;112
724;152;112
725;152;120
726;144;120
727;144;120
728;136;120
729;136;120
730;136;120
731;128;120
732;128;112
733;128;112
734;120;112
735;112;112
736;112;112
737;104;112
738;104;112
739;104;112
740;96;112
741;96;104
742;88;112
743;88;112
744;80;112
745;80;112
746;72;104
747;72;112
748;64;104
749;64;112
750;56;104
751;56;104
752;48;104
753;48;104
754;48;104
755;32;112
756;32;104
757;24;104
758;24;104
759;16;96
760;16;96
761;-8;96
762;8;88
763;0;88
764;-8;88
765;-8;80
766;-8;80
767;-16;80
768;-24;88
769;-24;88
770;-32;96
771;-32;96
772;-40;104
773;-40;112
774;-48;112
775;-56;120
776;-56;120
777;-64;120
778;-64;120
779;-72;120
780;-80;120
781;-88;120
782;-88;120
783;-88;120
784;-88;112
785;-96;112
786;-96;112
787;-104;112
788;-112;112
789;-120;112
790;-120;104
791;-128;112
792;-128;104
793;-136;104
794;-136;104
795;-120;104
796;-144;104
797;-152;104
798;-160;104
799;-160;104
800;-160;104
801;-168;104
802;-176;160
803;-176;152
804;-184;152
805;-184;152
806;-192;144
807;-200;136
808;-200;136
809;-208;136
810;-208;136
811;-216;136
812;-224;136
813;-224;136
814;-224;144
815;-240;152
816;-240;152
817;-248;160
818;-248;160
819;-256;168
820;-256;176
821;-256;176
822;-256;176
823;-272;176
824;-272;176
825;-280;176
826;-280;168
827;-288;176
828;-296;168
829;-296;168
830;-304;168
831;-304;168
832;-312;160
833;-312;168
834;-320;160
835;-320;168
836;-344;160
837;-328;160
838;-336;160
839;-336;160
840;-344;160
841;-344;160
842;-344;160
843;-352;160
844;-360;160
845;-360;160
846;-360;160
847;-368;152
848;-376;152
849;-368;152
850;-376;144
851;-376;144
852;-384;136
853;-384;136
854;-384;136
855;-392;136
856;-384;136
857;-392;144
858;-392;144
859;-392;152
860;-400;160
861;-400;152
862;-400;168
863;-400;168
864;-408;168
865;-408;176
866;-408;176
867;-408;176
868;-408;168
869;-408;176
870;-424;168
871;-416;168
872;-416;160
873;-424;168
874;-424;160
875;-416;168
876;-424;160
877;-416;160
878;-424;160
879;-424;168
880;-424;160
881;-424;168
882;-432;160
883;-440;160
884;-432;160
885;-432;160
886;-432;160
887;-432;160
888;-432;160
889;-432;160
890;-432;160
891;-432;160
892;-440;160
893;-440;160
894;-440;160
895;-440;160
896;-440;152
897;-432;144
898;-440;144
899;-440;136
900;-440;136
901;-440;136
902;-440;128
903;-440;136
904;-440;136
905;-448;144
906;-448;56
907;-448;64
908;-448;64
909;-448;72
910;-448;72
911;-456;80
912;-448;80
913;-448;80
914;-456;80
915;-448;80
916;-456;80
917;-448;80
918;-448;80
919;-448;72
920;-448;72
921;-456;72
922;-456;72
923;-456;64
924;-456;72
925;-456;72
926;-456;64
927;-456;72
928;-456;72
929;-448;64
930;-456;72
931;-448;72
932;-456;64
933;-456;64
934;-448;72
935;-456;72
936;-448;72
937;-456;64
938;-456;64
939;-448;56
940;-448;56
941;-448;48
942;-448;48
943;-448;48
944;-448;48
945;-440;40
946;-448;40
947;-448;40
948;-440;48
949;-440;56
950;-440;64
951;-440;64
952;-424;72
953;-440;72
954;-440;80
955;-440;80
956;-440;80
957;-432;80
958;-440;80
959;-432;72
960;-432;80
961;-432;80
962;-432;72
963;-432;72
964;-432;72
965;-424;72
966;-424;64
967;-416;64
968;-424;72
969;-424;72
970;-424;72
971;-424;64
972;-424;72
973;-416;64
974;-408;64
975;-416;64
976;-408;64
977;-408;64
978;-400;64
979;-400;64
980;-408;64
981;-400;56
982;-400;48
983;-392;48
984;-400;48
985;-392;48
986;-392;40
987;-392;40
988;-392;40
989;-392;48
990;-384;56
991;-384;56
992;-384;64
993;-400;64
994;-376;72
995;-376;72
996;-376;72
997;-376;80
998;-376;72
999;-376;72
1000;-368;72
1001;-360;80
1002;-360;72
1003;-360;72
1004;-360;72
1005;-352;72
1006;-344;72
1007;-344;72
1008;-344;72
1009;-336;-48
1010;-336;-40
1011;-328;-48
1012;-328;-48
1013;-312;-48
1014;-312;-56
1015;-312;-56
1016;-304;-64
1017;-304;-64
1018;-296;-64
1019;-288;-72
1020;-280;-72
1021;-280;-72
1022;-272;-64
1023;-272;-64
1024;-264;-56
1025;-256;-48
1026;-248;-48
1027;-256;-40
1028;-240;-32
1029;-232;-40
1030;-224;-40
1031;-224;-32
1032;-216;-32
1033;-208;-40
1034;-184;-40
1035;-200;-40
1036;-192;-40
1037;-184;-40
1038;-184;-40
1039;-176;-48
1040;-176;-40
1041;-168;-40
1042;-160;-48
1043;-152;-48
1044;-144;-48
1045;-144;-48
1046;-136;-48
1047;-128;-48
1048;-128;-40
1049;-120;-48
1050;-120;-48
1051;-112;-48
1052;-104;-48
1053;-104;-48
1054;-88;-56
1055;-88;-48
1056;-88;-64
1057;-80;-64
1058;-80;-72
1059;-72;-64
1060;-72;-72
1061;-56;-72
1062;-56;-64
1063;-56;-72
1064;-48;-64
1065;-40;-56
1066;-40;-56
1067;-40;-48
1068;-24;-48
1069;-24;-40
1070;-24;-40
1071;-16;-32
1072;-8;-32
1073;0;-40
1074;-8;-32
1075;-8;-40
1076;8;-32
1077;16;-40
1078;16;-40
1079;24;-40
1080;24;-40
1081;32;-40
1082;40;-48
1083;48;-40
1084;48;-48
1085;48;-48
1086;56;-48
1087;56;-40
1088;72;-48
1089;64;-48
1090;72;-48
1091;80;-56
1092;88;-48
1093;88;-56
1094;88;-56
1095;104;-56
1096;104;-64
1097;112;-64
1098;112;-64
1099;112;-72
1100;128;-72
1101;128;-72
1102;128;-72
1103;136;-64
1104;144;-56
1105;144;-56
1106;144;-56
1107;160;-48
1108;160;-40
1109;168;-40
1110;176;-32
1111;176;-32
1112;176;-32
1113;176;-104
1114;184;-104
1115;184;-104
1116;192;-104
1117;192;-104
1118;200;-104
1119;208;-104
1120;208;-112
1121;208;-112
1122;216;-112
1123;216;-112
1124;224;-112
1125;224;-112
1126;232;-112
1127;232;-112
1128;232;-112
1129;224;-112
1130;240;-112
1131;248;-120
1132;248;-112
1133;248;-112
1134;256;-120
1135;256;-120
1136;264;-120
1137;264;-128
1138;272;-128
1139;272;-136
1140;272;-136
1141;280;-136
1142;288;-136
1143;288;-136
1144;288;-128
1145;296;-120
1146;296;-120
1147;296;-112
1148;304;-112
1149;296;-104
1150;296;-112
1151;312;-104
1152;312;-104
1153;320;-104
1154;320;-104
1155;320;-104
1156;336;-104
1157;328;-104
1158;336;-104
1159;328;-104
1160;336;-112
1161;336;-104
1162;336;-112
1163;344;-112
1164;344;-112
1165;344;-112
1166;352;-112
1167;352;-112
1168;360;-112
1169;360;-112
1170;368;-112
1171;368;-112
1172;368;-112
1173;368;-112
1174;368;-112
1175;368;-112
1176;376;-112
1177;376;-120
1178;384;-120
1179;384;-128
1180;384;-128
1181;392;-128
1182;392;-136
1183;392;-136
1184;384;-136
1185;392;-136
1186;400;-136
1187;400;-128
1188;400;-120
1189;400;-120
1190;400;-112
1191;408;-112
1192;408;-104
1193;408;-104
1194;416;-104
1195;416;-104
1196;416;-104
1197;408;-104
1198;416;-104
1199;416;-104
1200;424;-104
1201;424;-104
1202;424;-112
1203;424;-104
1204;432;-112
1205;432;-112
1206;432;-112
1207;432;-112
1208;432;-112
1209;432;-112
1210;432;-112
1211;424;-112
1212;440;-112
1213;440;-112
1214;440;-112
1215;440;-112
1216;440;-112
1217;440;-104
1218;456;-64
1219;448;-64
1220;448;-72
1221;448;-72
1222;448;-80
1223;456;-80
1224;456;-80
1225;464;-80
1226;456;-88
1227;456;-88
1228;456;-88
1229;456;-88
1230;456;-80
1231;448;-80
1232;448;-80
1233;456;-72
1234;456;-72
1235;464;-64
1236;464;-56
1237;464;-56
1238;464;-56
1239;456;-48
1240;456;-56
1241;464;-56
1242;456;-56
1243;464;-56
1244;456;-56
1245;448;-56
1246;464;-56
1247;464;-56
1248;464;-56
1249;464;-56
1250;456;-64
1251;456;-64
1252;464;-64
1253;464;-64
1254;464;-64
1255;456;-64
1256;464;-64
1257;464;-64
1258;464;-64
1259;456;-64
1260;464;-64
1261;464;-64
1262;464;-64
1263;464;-72
1264;464;-72
1265;464;-72
1266;456;-80
1267;456;-88
1268;456;-80
1269;456;-88
1270;456;-88
1271;464;-88
1272;464;-88
1273;456;-80
1274;456;-80
1275;456;-72
1276;448;-64
1277;448;-64
1278;448;-56
1279;448;-56
1280;456;-48
1281;448;-56
1282;448;-56
1283;440;-56
1284;440;-56
1285;440;-56
1286;432;-56
1287;440;-56
1288;440;-56
1289;440;-56
1290;432;-64
1291;432;-64
1292;432;-64
1293;432;-64
1294;432;-64
1295;424;-64
1296;424;-64
1297;424;-64
1298;416;-64
1299;424;-64
1300;416;-64
1301;416;-64
1302;416;-64
1303;408;-64
1304;408;-64
1305;408;-72
1306;400;-64
1307;400;-72
1308;400;-72
1309;400;-80
1310;400;-80
1311;400;-80
1312;392;-88
1313;392;-88
1314;392;-88
1315;392;-88
1316;384;-80
1317;384;-80
1318;384;-72
1319;384;-72
1320;376;-64
1321;376;-64
1322;376;72
1323;376;72
1324;368;72
1325;368;80
1326;368;80
1327;360;80
1328;360;80
1329;360;72
1330;352;80
1331;352;72
1332;352;72
1333;344;72
1334;344;64
1335;344;64
1336;336;64
1337;336;72
1338;328;72
1339;328;64
1340;328;64
1341;304;64
1342;312;64
1343;312;64
1344;312;64
1345;304;64
1346;304;64
1347;296;64
1348;312;64
1349;296;64
1350;288;64
1351;296;64
1352;288;64
1353;280;56
1354;280;56
1355;280;48
1356;272;48
1357;272;40
1358;264;40
1359;264;40
1360;264;40
1361;264;40
1362;256;40
1363;256;48
1364;240;48
1365;248;56
1366;240;56
1367;240;64
1368;224;64
1369;232;72
1370;224;80
1371;224;80
1372;224;80
1373;216;80
1374;208;80
1375;216;80
1376;208;72
1377;200;72
1378;200;72
1379;192;72
1380;192;72
1381;192;72
1382;208;64
1383;176;72
1384;176;64
1385;168;72
1386;168;64
1387;160;72
1388;152;64
1389;160;64
1390;152;64
1391;144;64
1392;144;64
1393;144;64
1394;136;64
1395;136;64
1396;128;64
1397;128;64
1398;120;64
1399;120;64
1400;112;64
1401;112;64
1402;104;56
1403;104;56
1404;104;56
1405;104;48
1406;88;40
1407;88;40
1408;80;40
1409;80;40
1410;80;40
1411;72;40
1412;64;48
1413;64;56
1414;64;64
1415;56;64
1416;48;72
1417;48;72
1418;48;72
1419;40;80
1420;32;80
1421;32;72
1422;24;80
1423;8;72
1424;16;80
1425;8;72
1426;0;168
1427;0;168
1428;0;168
1429;0;168
1430;-16;168
1431;-16;168
1432;-24;168
1433;-24;160
1434;-24;160
1435;-32;168
1436;-40;160
1437;-40;160
1438;-48;152
1439;-48;152
1440;-48;144
1441;-56;144
1442;-64;136
1443;-64;136
1444;-72;136
1445;-80;136
1446;-80;136
1447;-88;144
1448;-96;152
1449;-96;160
1450;-104;168
1451;-104;168
1452;-104;176
1453;-112;176
1454;-120;176
1455;-120;176
1456;-128;176
1457;-120;176
1458;-136;176
1459;-136;168
1460;-144;168
1461;-144;168
1462;-144;168
1463;-152;168
1464;-152;168
1465;-168;168
1466;-168;160
1467;-176;168
1468;-176;160
1469;-184;168
1470;-184;160
1471;-192;168
1472;-192;168
1473;-200;160
1474;-208;160
1475;-208;160
1476;-216;160
1477;-216;152
1478;-224;152
1479;-224;144
1480;-232;144
1481;-240;136
1482;-240;136
1483;-248;136
1484;-240;136
1485;-256;136
1486;-256;136
1487;-272;144
1488;-272;144
1489;-272;152
1490;-280;160
1491;-280;160
1492;-288;168
1493;-296;168
1494;-296;176
1495;-296;176
1496;-304;176
1497;-312;176
1498;-320;168
1499;-320;176
1500;-328;176
1501;-320;168
1502;-328;168
1503;-336;168
1504;-336;160
1505;-336;168
1506;-344;168
1507;-352;160
1508;-352;168
1509;-360;160
1510;-360;168
1511;-360;160
1512;-368;160
1513;-368;160
1514;-376;168
1515;-376;160
1516;-376;160
1517;-384;168
1518;-384;160
1519;-384;160
1520;-384;160
1521;-392;160
1522;-392;160
1523;-392;152
1524;-392;152
1525;-400;152
1526;-400;144
1527;-400;144
1528;-408;136
1529;-408;136
1530;-400;96
1531;-408;88
1532;-416;88
1533;-408;88
1534;-416;96
1535;-416;96
1536;-416;104
1537;-416;112
1538;-416;112
1539;-416;120
1540;-424;120
1541;-424;128
1542;-424;128
1543;-424;128
1544;-424;128
1545;-432;128
1546;-424;128
1547;-424;128
1548;-432;120
1549;-432;128
1550;-432;120
1551;-432;120
1552;-432;120
1553;-432;120
1554;-440;120
1555;-440;120
1556;-440;120
1557;-432;120
1558;-440;112
1559;-448;120
1560;-440;120
1561;-440;120
1562;-440;120
1563;-440;112
1564;-440;112
1565;-448;120
1566;-440;112
1567;-448;112
1568;-448;112
1569;-448;112
1570;-448;112
1571;-448;112
1572;-448;104
1573;-448;104
1574;-448;104
1575;-448;96
1576;-448;96
1577;-448;88
1578;-448;88
1579;-456;88
1580;-464;88
1581;-456;96
1582;-448;96
1583;-456;104
1584;-456;104
1585;-456;112
1586;-456;112
1587;-456;120
1588;-456;120
1589;-456;128
1590;-456;128
1591;-456;128
1592;-456;128
1593;-456;128
1594;-456;128
1595;-456;120
1596;-456;120
1597;-456;120
1598;-456;120
1599;-456;120
1600;-440;120
1601;-448;120
1602;-456;120
1603;-456;120
1604;-448;112
1605;-448;112
1606;-448;112
1607;-448;112
1608;-448;112
1609;-448;112
1610;-448;112
1611;-448;120
1612;-448;112
1613;-448;112
1614;-456;112
1615;-440;112
1616;-448;120
1617;-448;112
1618;-440;104
1619;-440;104
1620;-440;96
1621;-424;96
1622;-440;96
1623;-440;88
1624;-432;88
1625;-432;88
1626;-432;88
1627;-440;88
1628;-432;96
1629;-432;96
1630;-432;104
1631;-424;112
1632;-424;120
1633;-424;120
1634;-416;0
1635;-424;0
1636;-416;0
1637;-416;0
1638;-416;8
1639;-416;8
1640;-416;0
1641;-416;0
1642;-408;0
1643;-408;0
1644;-408;0
1645;-400;-8
1646;-400;-8
1647;-400;-8
1648;-400;-8
1649;-400;-8
1650;-392;-8
1651;-392;-8
1652;-392;-8
1653;-392;-8
1654;-384;-8
1655;-360;-8
1656;-384;-8
1657;-384;-16
1658;-384;-8
1659;-384;-16
1660;-384;-8
1661;-384;-8
1662;-376;-16
1663;-376;-16
1664;-368;-8
1665;-368;-8
1666;-368;-16
1667;-360;-16
1668;-360;-24
1669;-352;-24
1670;-352;-24
1671;-352;-32
1672;-344;-32
1673;-344;-40
1674;-336;-32
1675;-344;-32
1676;-328;-32
1677;-328;-24
1678;-320;-24
1679;-320;-16
1680;-312;-8
1681;-304;-8
1682;-296;0
1683;-296;0
1684;-288;8
1685;-280;0
1686;-280;0
1687;-272;0
1688;-272;0
1689;-256;0
1690;-256;-8
1691;-248;0
1692;-248;-8
1693;-240;-8
1694;-232;-8
1695;-224;-8
1696;-240;-8
1697;-208;-8
1698;-200;-8
1699;-200;-8
1700;-192;-8
1701;-200;-8
1702;-176;-8
1703;-176;-8
1704;-176;-8
1705;-168;-8
1706;-160;-16
1707;-160;-16
1708;-152;-8
1709;-144;-16
1710;-136;-16
1711;-136;-8
1712;-128;-16
1713;-120;-24
1714;-120;-32
1715;-112;-32
1716;-104;-32
1717;-104;-32
1718;-96;-32
1719;-96;-32
1720;-88;-32
1721;-80;-24
1722;-80;-24
1723;-80;-16
1724;-64;-16
1725;-64;-8
1726;-64;0
1727;-48;0
1728;-48;0
1729;-48;0
1730;-48;0
1731;-32;0
1732;-32;0
1733;-24;0
1734;-16;-8
1735;-16;0
1736;-16;-8
1737;0;-8
1738;0;-96
1739;0;-96
1740;8;-96
1741;16;-96
1742;16;-104
1743;16;-104
1744;24;-112
1745;32;-104
1746;32;-112
1747;40;-112
1748;48;-120
1749;48;-120
1750;56;-120
1751;56;-120
1752;64;-120
1753;72;-120
1754;72;-112
1755;72;-104
1756;88;-104
1757;96;-96
1758;96;-96
1759;96;-88
1760;104;-88
1761;112;-88
1762;112;-88
1763;112;-88
1764;128;-88
1765;128;-88
1766;136;-88
1767;136;-88
1768;136;-88
1769;144;-96
1770;144;-96
1771;144;-96
1772;160;-96
1773;160;-96
1774;160;-96
1775;168;-96
1776;176;-96
1777;184;-96
1778;200;-96
1779;192;-96
1780;192;-96
1781;192;-96
1782;200;-96
1783;200;-96
1784;208;-104
1785;216;-104
1786;216;-104
1787;216;-104
1788;216;-112
1789;216;-120
1790;224;-112
1791;232;-120
1792;232;-120
1793;232;-120
1794;240;-120
1795;248;-120
1796;248;-120
1797;248;-112
1798;248;-104
1799;256;-96
1800;256;-96
1801;256;-88
1802;264;-88
1803;264;-88
1804;272;-88
1805;264;-88
1806;280;-88
1807;280;-88
1808;288;-96
1809;280;-88
1810;288;-96
1811;296;-96
1812;312;-96
1813;296;-96
1814;304;-96
1815;304;-96
1816;304;-96
1817;312;-96
1818;312;-96
1819;320;-96
1820;328;-96
1821;328;-96
1822;328;-96
1823;336;-96
1824;328;-96
1825;336;-96
1826;336;-104
1827;336;-104
1828;336;-104
1829;344;-104
1830;352;-112
1831;352;-112
1832;344;-112
1833;360;-120
1834;360;-120
1835;360;-120
1836;368;-120
1837;368;-120
1838;368;-112
1839;376;-112
1840;368;-104
1841;376;-104
1842;376;-96
1843;376;-96
1844;384;-104
1845;384;-96
1846;392;-96
1847;384;-96
1848;392;-96
1849;392;-96
1850;392;-96
1851;400;-96
1852;400;-96
1853;384;-104
1854;400;-104
1855;408;-96
1856;408;-104
1857;408;-96
1858;400;-104
1859;416;-104
1860;408;-104
1861;416;-104
1862;408;-104
1863;416;-96
1864;416;-104
1865;424;-112
1866;424;-112
1867;424;-112
1868;432;-120
1869;432;-120
1870;432;-120
1871;432;-120
1872;432;-128
1873;448;-128
1874;432;-128
1875;432;-128
1876;440;-120
1877;440;-120
1878;448;-112
1879;440;-112
1880;440;-104
1881;440;-104
1882;448;-96
1883;448;-96
1884;448;-96
1885;448;-96
1886;448;-96
1887;432;-96
1888;456;-96
1889;456;-96
1890;456;-96
1891;456;-96
1892;456;-96
1893;456;-104
1894;472;-104
1895;456;-96
1896;456;-104
1897;464;-104
1898;456;-96
1899;456;-104
1900;448;-104
1901;456;-104
1902;464;-112
1903;464;-96
1904;464;-96
1905;464;-104
1906;456;-104
1907;456;-104
1908;464;-112
1909;464;-104
1910;456;-104
1911;464;-104
1912;464;-104
1913;456;-104
1914;464;-104
1915;464;-104
1916;464;-112
1917;464;-112
1918;464;-112
1919;464;-112
1920;464;-128
1921;472;-120
1922;464;-128
1923;464;-128
1924;456;-128
1925;464;-128
1926;464;-120
1927;456;-120
1928;464;-112
1929;464;-112
1930;464;-104
1931;464;-96
1932;456;-96
1933;456;-96
1934;448;-96
1935;448;-96
1936;456;-96
1937;456;-96
1938;448;-96
1939;456;-96
1940;456;-96
1941;456;-96
1942;456;-104
1943;448;-96
1944;448;-96
1945;448;-96
1946;448;-96
1947;448;16
1948;440;16
1949;440;8
1950;440;8
1951;432;8
1952;440;0
1953;432;0
1954;440;-8
1955;432;-8
1956;432;-8
1957;432;-8
1958;432;-16
1959;424;-8
1960;432;-16
1961;424;-8
1962;416;-8
1963;416;0
1964;416;8
1965;416;8
1966;416;16
1967;416;16
1968;416;24
1969;408;24
1970;408;24
1971;408;24
1972;400;24
1973;400;24
1974;400;24
1975;400;24
1976;392;24
1977;392;16
1978;392;16
1979;392;16
1980;392;16
1981;384;16
1982;384;8
1983;384;16
1984;384;16
1985;376;8
1986;376;8
1987;376;8
1988;368;16
1989;360;16
1990;368;16
1991;368;16
1992;360;16
1993;360;8
1994;352;16
1995;352;8
1996;352;16
1997;352;16
1998;344;16
1999;344;8
2000;336;8
2001;336;8
2002;336;8
2003;336;0
2004;328;0
2005;328;0
2006;320;-8
2007;320;-8
2008;312;-8
2009;304;-16
2010;296;-16
2011;304;-8
2012;304;-8
2013;296;-8
2014;296;0
2015;288;0
2016;296;8
2017;288;16
2018;288;24
2019;280;16
2020;272;24
2021;272;24
2022;264;24
2023;264;24
2024;264;24
2025;256;24
2026;256;24
2027;248;16
2028;248;24
2029;248;24
2030;240;16
2031;240;16
2032;232;16
2033;232;16
2034;232;16
2035;224;8
2036;224;16
2037;216;8
2038;216;8
2039;216;8
2040;208;16
2041;200;16
2042;200;8
2043;200;8
2044;192;8
2045;192;8
2046;192;8
2047;184;16
2048;176;16
2049;176;16
2050;176;8
2051;168;136
2052;160;136
2053;160;128
2054;160;120
2055;152;120
2056;144;120
2057;136;112
2058;136;120
2059;136;112
2060;136;112
2061;128;112
2062;120;112
2063;120;120
2064;128;120
2065;120;128
2066;112;128
2067;104;144
2068;96;144
2069;96;144
2070;88;152
2071;80;152
2072;80;152
2073;88;152
2074;80;152
2075;72;144
2076;72;152
2077;72;144
2078;72;144
2079;64;144
2080;56;144
2081;48;144
2082;48;144
2083;40;136
2084;40;136
2085;48;136
2086;32;136
2087;24;136
2088;16;136
2089;16;136
2090;8;136
2091;0;136
2092;0;136
2093;0;136
2094;-8;136
2095;-8;136
2096;-16;136
2097;-24;136
2098;-24;136
2099;-32;128
2100;-32;128
2101;-32;128
2102;-40;120
2103;-48;120
2104;-48;112
2105;-72;112
2106;-64;112
2107;-72;112
2108;-72;112
2109;-80;112
2110;-80;120
2111;-80;120
2112;-80;128
2113;-88;136
2114;-96;136
2115;-96;144
2116;-104;144
2117;-104;144
2118;-112;152
2119;-120;152
2120;-128;152
2121;-120;152
2122;-128;144
2123;-136;144
2124;-136;144
2125;-136;144
2126;-160;144
2127;-152;144
2128;-160;144
2129;-160;144
2130;-168;144
2131;-168;136
2132;-168;136
2133;-176;136
2134;-184;136
2135;-184;136
2136;-192;136
2137;-192;136
2138;-200;136
2139;-208;136
2140;-208;136
2141;-208;136
2142;-216;136
2143;-224;136
2144;-232;136
2145;-240;136
2146;-232;136
2147;-240;128
2148;-248;128
2149;-248;120
2150;-248;120
2151;-256;120
2152;-264;112
2153;-272;112
2154;-272;112
2155;-280;128
2156;-280;128
2157;-288;136
2158;-296;136
2159;-296;144
2160;-304;144
2161;-304;152
2162;-304;160
2163;-312;160
2164;-312;160
2165;-320;168
2166;-320;168
2167;-320;168
2168;-328;168
2169;-336;160
2170;-344;168
2171;-344;160
2172;-352;160
2173;-360;160
2174;-352;160
2175;-360;160
2176;-368;160
2177;-368;152
2178;-368;160
2179;-376;160
2180;-376;160
2181;-376;160
2182;-384;160
2183;-384;160
2184;-392;152
2185;-384;152
2186;-392;152
2187;-384;152
2188;-392;152
2189;-400;152
2190;-392;160
2191;-400;152
2192;-400;152
2193;-400;152
2194;-408;152
2195;-408;152
2196;-408;144
2197;-400;144
2198;-408;136
2199;-408;136
2200;-416;128
2201;-424;136
2202;-416;128
2203;-416;128
2204;-424;136
2205;-424;128
2206;-424;136
2207;-424;144
2208;-408;152
2209;-424;152
2210;-424;160
2211;-432;168
2212;-432;168
2213;-432;168
2214;-432;168
2215;-432;168
2216;-432;168
2217;-432;160
2218;-432;160
2219;-440;160
2220;-440;160
2221;-432;160
2222;-440;160
2223;-440;160
2224;-440;160
2225;-440;160
2226;-440;152
2227;-440;152
2228;-456;152
2229;-440;160
2230;-448;152
2231;-448;152
2232;-448;152
2233;-448;152
2234;-448;152
2235;-440;152
2236;-448;152
2237;-448;152
2238;-456;144
2239;-448;144
2240;-448;136
2241;-456;136
2242;-432;128
2243;-456;128
2244;-456;128
2245;-448;128
2246;-456;128
2247;-456;136
2248;-464;136
2249;-456;136
2250;-456;144
2251;-456;152
2252;-456;152
2253;-456;160
2254;-456;160
2255;-456;160
2256;-456;168
2257;-456;168
2258;-456;168
2259;-456;56
2260;-456;56
2261;-456;56
2262;-456;48
2263;-456;48
2264;-456;48
2265;-448;48
2266;-456;48
2267;-456;40
2268;-448;48
2269;-456;48
2270;-448;40
2271;-448;40
2272;-448;40
2273;-448;32
2274;-448;24
2275;-440;24
2276;-448;24
2277;-448;16
2278;-448;16
2279;-440;16
2280;-448;16
2281;-440;16
2282;-440;24
2283;-440;24
2284;-440;40
2285;-440;40
2286;-440;48
2287;-432;48
2288;-432;56
2289;-432;48
2290;-432;56
2291;-432;56
2292;-424;56
2293;-432;56
2294;-432;48
2295;-424;48
2296;-424;48
2297;-424;48
2298;-424;48
2299;-416;40
2300;-424;48
2301;-416;48
2302;-416;48
2303;-416;40
2304;-416;48
2305;-416;40
2306;-408;40
2307;-408;40
2308;-408;40
2309;-400;48
2310;-400;40
2311;-400;40
2312;-400;40
2313;-392;40
2314;-400;40
2315;-392;40
2316;-392;40
2317;-384;40
2318;-384;40
2319;-392;40
2320;-384;40
2321;-384;40
2322;-384;40
2323;-376;40
2324;-400;32
2325;-376;40
2326;-376;32
2327;-376;32
2328;-368;24
2329;-368;24
2330;-352;24
2331;-360;16
2332;-360;16
2333;-352;16
2334;-352;16
2335;-344;24
2336;-344;16
2337;-336;24
2338;-336;32
2339;-336;32
2340;-328;40
2341;-328;48
2342;-320;48
2343;-312;56
2344;-296;48
2345;-304;56
2346;-296;56
2347;-296;56
2348;-288;56
2349;-280;56
2350;-280;48
2351;-272;48
2352;-264;48
2353;-256;48
2354;-256;40
2355;-248;48
2356;-240;40
2357;-232;40
2358;-240;40
2359;-224;48
2360;-224;40
2361;-216;48
2362;-208;40
2363;-200;40
2364;-192;-72
2365;-168;-64
2366;-184;-72
2367;-176;-72
2368;-176;-80
2369;-168;-80
2370;-168;-80
2371;-160;-80
2372;-152;-88
2373;-144;-88
2374;-144;-88
2375;-136;-88
2376;-128;-88
2377;-128;-80
2378;-112;-80
2379;-112;-72
2380;-112;-72
2381;-104;-64
2382;-96;-64
2383;-96;-56
2384;-88;-56
2385;-88;-56
2386;-80;-56
2387;-72;-56
2388;-72;-56
2389;-64;-56
2390;-56;-56
2391;-56;-56
2392;-48;-64
2393;-48;-56
2394;-40;-64
2395;-40;-64
2396;-32;-64
2397;-32;-64
2398;-16;-64
2399;0;-64
2400;-16;-64
2401;-16;-64
2402;-8;-64
2403;0;-64
2404;0;-64
2405;0;-72
2406;16;-72
2407;24;-72
2408;24;-72
2409;24;-64
2410;32;-72
2411;40;-72
2412;40;-72
2413;48;-80
2414;48;-80
2415;56;-88
2416;56;-80
2417;64;-88
2418;72;-88
2419;64;-88
2420;80;-80
2421;88;-80
2422;88;-72
2423;96;-72
2424;96;-64
2425;104;-56
2426;112;-56
2427;112;-56
2428;120;-56
2429;120;-56
2430;128;-56
2431;136;-56
2432;136;-56
2433;144;-56
2434;144;-64
2435;144;-56
2436;152;-64
2437;160;-56
2438;160;-64
2439;160;-64
2440;144;-64
2441;176;-64
2442;176;-64
2443;184;-64
2444;184;-64
2445;192;-64
2446;200;-64
2447;200;-64
2448;200;-64
2449;208;-64
2450;208;-72
2451;208;-72
2452;208;-72
2453;216;-80
2454;224;-80
2455;224;-80
2456;232;-88
2457;232;-80
2458;232;-88
2459;240;-88
2460;232;-88
2461;248;-88
2462;248;-80
2463;256;-80
2464;256;-64
2465;264;-64
2466;256;-56
2467;264;-56
2468;272;-104
2469;280;-104
2470;272;-104
2471;280;-104
2472;288;-112
2473;288;-112
2474;296;-112
2475;296;-112
2476;296;-112
2477;304;-112
2478;296;-112
2479;304;-112
2480;304;-120
2481;312;-120
2482;312;-112
2483;320;-112
2484;320;-120
2485;320;-112
2486;328;-112
2487;320;-120
2488;328;-120
2489;336;-120
2490;336;-128
2491;344;-128
2492;344;-136
2493;344;-136
2494;352;-136
2495;344;-144
2496;352;-144
2497;352;-144
2498;352;-136
2499;360;-136
2500;360;-128
2501;368;-128
2502;368;-120
2503;376;-112
2504;376;-112
2505;376;-104
2506;376;-104
2507;384;-104
2508;392;-112
2509;384;-112
2510;384;-112
2511;392;-112
2512;392;-112
2513;392;-112
2514;392;-112
2515;400;-112
2516;400;-112
2517;400;-112
2518;400;-120
2519;400;-112
2520;408;-112
2521;400;-112
2522;400;-112
2523;408;-120
2524;416;-112
2525;416;-112
2526;416;-112
2527;416;-120
2528;416;-120
2529;424;-120
2530;424;-128
2531;424;-128
2532;424;-136
2533;424;-136
2534;432;-136
2535;432;-144
2536;432;-144
2537;432;-144
2538;432;-144
2539;440;-136
2540;440;-136
2541;440;-128
2542;432;-120
2543;440;-120
2544;440;-112
2545;440;-112
2546;440;-104
2547;440;-104
2548;448;-104
2549;440;-104
2550;448;-104
2551;448;-104
2552;448;-112
2553;456;-112
2554;456;-104
2555;456;-112
2556;456;-112
2557;456;-112
2558;456;-112
2559;456;-112
2560;456;-112
2561;456;-112
2562;456;-120
2563;456;-112
2564;456;-112
2565;456;-120
2566;456;-112
2567;456;-112
2568;464;-112
2569;464;-112
2570;456;-120
2571;464;-120
2572;456;-40
2573;464;-40
2574;464;-48
2575;456;-48
2576;448;-56
2577;464;-56
2578;464;-64
2579;464;-56
2580;456;-64
2581;464;-72
2582;464;-64
2583;464;-64
2584;464;-64
2585;464;-56
2586;464;-48
2587;464;-56
2588;464;-40
2589;464;-40
2590;464;-32
2591;456;-40
2592;464;-32
2593;464;-32
2594;456;-24
2595;456;-24
2596;456;-32
2597;440;-24
2598;456;-32
2599;456;-32
2600;456;-32
2601;456;-32
2602;456;-40
2603;464;-32
2604;456;-40
2605;448;-40
2606;456;-40
2607;448;-40
2608;448;-40
2609;448;-32
2610;448;-40
2611;448;-40
2612;440;-40
2613;440;-40
2614;440;-40
2615;440;-40
2616;440;-40
2617;448;-40
2618;432;-40
2619;432;-48
2620;432;-48
2621;432;-48
2622;424;-56
2623;424;-56
2624;416;-64
2625;424;-64
2626;424;-64
2627;416;-64
2628;416;-64
2629;416;-56
2630;416;-56
2631;400;-48
2632;408;-48
2633;408;-48
2634;400;-40
2635;408;-32
2636;408;-32
2637;408;-32
2638;416;-32
2639;400;-32
2640;392;-24
2641;400;-32
2642;392;-32
2643;392;-32
2644;384;-32
2645;392;-32
2646;384;-32
2647;376;-32
2648;384;-32
2649;376;-40
2650;376;-40
2651;376;-40
2652;368;-40
2653;368;-40
2654;368;-40
2655;368;-40
2656;360;-40
2657;360;-40
2658;344;-40
2659;352;-40
2660;352;-40
2661;344;-40
2662;344;-40
2663;344;-40
2664;336;-40
2665;344;-40
2666;336;-56
2667;336;-56
2668;328;-56
2669;320;-56
2670;328;-64
2671;320;-64
2672;336;-64
2673;312;-56
2674;304;-56
2675;304;-48
2676;296;80
2677;296;80
2678;288;96
2679;296;96
2680;288;96
2681;288;104
2682;280;104
2683;280;104
2684;280;104
2685;272;104
2686;264;104
2687;272;96
2688;264;96
2689;264;96
2690;256;96
2691;256;96
2692;240;96
2693;240;96
2694;248;88
2695;248;96
2696;240;88
2697;232;96
2698;232;88
2699;232;88
2700;224;88
2701;224;88
2702;216;88
2703;216;88
2704;208;96
2705;208;88
2706;208;88
2707;200;88
2708;200;88
2709;192;88
2710;184;88
2711;184;80
2712;176;72
2713;152;72
2714;168;72
2715;168;64
2716;160;72
2717;160;64
2718;160;64
2719;160;72
2720;152;72
2721;152;80
2722;144;80
2723;136;88
2724;136;88
2725;136;96
2726;136;96
2727;120;104
2728;120;104
2729;120;104
2730;112;104
2731;104;104
2732;104;104
2733;112;104
2734;104;104
2735;96;96
2736;88;96
2737;88;96
2738;88;96
2739;80;88
2740;72;96
2741;72;96
2742;72;96
2743;64;96
2744;56;88
2745;56;96
2746;56;88
2747;48;88
2748;48;88
2749;32;88
2750;32;88
2751;24;88
2752;24;96
2753;16;88
2754;8;88
2755;8;88
2756;8;88
2757;0;88
2758;0;88
2759;-8;80
2760;-8;80
2761;-16;72
2762;-24;72
2763;-24;72
2764;-24;72
2765;-40;64
2766;-40;64
2767;-40;64
2768;-48;72
2769;-56;72
2770;-56;80
2771;-64;88
2772;-72;96
2773;-72;96
2774;-64;96
2775;-80;104
2776;-80;104
2777;-88;104
2778;-96;104
2779;-96;104
2780;-96;176
2781;-104;176
2782;-104;168
2783;-112;168
2784;-112;168
2785;-120;168
2786;-128;168
2787;-128;168
2788;-144;168
2789;-144;168
2790;-144;160
2791;-144;160
2792;-152;160
2793;-160;152
2794;-160;152
2795;-168;152
2796;-168;144
2797;-176;144
2798;-184;136
2799;-192;136
2800;-192;136
2801;-192;136
2802;-200;144
2803;-200;144
2804;-208;152
2805;-208;152
2806;-224;160
2807;-224;160
2808;-224;176
2809;-232;176
2810;-240;176
2811;-248;176
2812;-248;176
2813;-248;176
2814;-256;176
2815;-264;176
2816;-264;176
2817;-264;168
2818;-272;168
2819;-280;168
2820;-288;168
2821;-280;160
2822;-288;168
2823;-296;168
2824;-304;160
2825;-304;168
2826;-312;168
2827;-312;160
2828;-312;168
2829;-304;160
2830;-320;168
2831;-328;168
2832;-336;168
2833;-336;160
2834;-336;160
2835;-352;160
2836;-344;152
2837;-352;152
2838;-360;152
2839;-360;144
2840;-368;144
2841;-368;136
2842;-368;136
2843;-376;136
2844;-384;136
2845;-376;136
2846;-384;144
2847;-384;152
2848;-384;160
2849;-400;168
2850;-392;168
2851;-392;176
2852;-392;176
2853;-392;176
2854;-400;176
2855;-408;176
2856;-400;168
2857;-400;176
2858;-408;168
2859;-408;168
2860;-408;168
2861;-408;168
2862;-416;168
2863;-408;160
2864;-416;160
2865;-416;160
2866;-416;160
2867;-416;160
2868;-416;160
2869;-424;168
2870;-448;160
2871;-424;160
2872;-424;160
2873;-424;160
2874;-424;160
2875;-432;160
2876;-416;160
2877;-432;160
2878;-432;160
2879;-432;160
2880;-432;160
2881;-432;160
2882;-432;160
2883;-432;160
2884;-432;88
2885;-432;80
2886;-440;80
2887;-440;72
2888;-440;72
2889;-440;72
2890;-448;64
2891;-440;64
2892;-440;56
2893;-440;56
2894;-440;56
2895;-448;64
2896;-448;64
2897;-448;72
2898;-448;72
2899;-448;80
2900;-448;88
2901;-448;88
2902;-448;96
2903;-448;96
2904;-448;96
2905;-448;96
2906;-456;104
2907;-448;96
2908;-448;96
2909;-448;96
2910;-456;96
2911;-448;96
2912;-456;96
2913;-448;88
2914;-456;88
2915;-456;88
2916;-456;88
2917;-464;88
2918;-456;88
2919;-456;88
2920;-448;88
2921;-456;88
2922;-448;88
2923;-456;88
2924;-456;88
2925;-456;88
2926;-448;88
2927;-456;88
2928;-456;88
2929;-456;80
2930;-456;80
2931;-448;72
2932;-448;72
2933;-448;72
2934;-448;64
2935;-448;64
2936;-448;64
2937;-448;56
2938;-440;64
2939;-440;64
2940;-448;72
2941;-448;72
2942;-440;80
2943;-440;80
2944;-448;88
2945;-440;88
2946;-440;96
2947;-440;96
2948;-440;96
2949;-440;96
2950;-440;96
2951;-440;96
2952;-448;96
2953;-440;96
2954;-432;96
2955;-432;88
2956;-432;96
2957;-432;88
2958;-424;88
2959;-424;88
2960;-424;88
2961;-424;88
2962;-424;88
2963;-416;88
2964;-416;88
2965;-416;88
2966;-416;88
2967;-416;88
2968;-416;80
2969;-416;88
2970;-408;88
2971;-408;88
2972;-408;88
2973;-400;88
2974;-408;88
2975;-400;80
2976;-400;80
2977;-400;80
2978;-400;80
2979;-400;72
2980;-392;72
2981;-392;64
2982;-392;64
2983;-392;64
2984;-384;56
2985;-384;56
2986;-384;64
2987;-376;64
2988;-384;-48
2989;-384;-48
2990;-376;-40
2991;-376;-40
2992;-376;-32
2993;-368;-32
2994;-368;-24
2995;-368;-24
2996;-368;-24
2997;-360;-24
2998;-352;-16
2999;-352;-24
3000;-352;-24
3001;-344;-24
3002;-344;-24
3003;-336;-24
3004;-336;-24
3005;-336;-24
3006;-336;-32
3007;-320;-32
3008;-312;-32
3009;-312;-32
3010;-304;-32
3011;-296;-32
3012;-296;-32
3013;-288;-32
3014;-280;-32
3015;-272;-32
3016;-280;-40
3017;-264;-32
3018;-264;-32
3019;-256;-32
3020;-240;-32
3021;-248;-40
3022;-240;-32
3023;-232;-32
3024;-224;-32
3025;-224;-40
3026;-216;-40
3027;-232;-40
3028;-200;-40
3029;-192;-48
3030;-192;-48
3031;-184;-56
3032;-184;-56
3033;-168;-56
3034;-176;-56
3035;-168;-56
3036;-160;-56
3037;-152;-56
3038;-144;-40
3039;-144;-40
3040;-136;-32
3041;-128;-32
3042;-128;-24
3043;-120;-24
3044;-112;-24
3045;-112;-24
3046;-104;-24
3047;-104;-16
3048;-96;-24
3049;-88;-24
3050;-88;-24
3051;-80;-24
3052;-80;-24
3053;-72;-24
3054;-72;-32
3055;-64;-32
3056;-56;-32
3057;-56;-32
3058;-48;-32
3059;-40;-32
3060;-32;-32
3061;-32;-32
3062;-32;-32
3063;-16;-32
3064;-16;-32
3065;-16;-32
3066;-8;-32
3067;-8;-32
3068;8;-32
3069;8;-32
3070;8;-32
3071;16;-32
3072;16;-32
3073;24;-32
3074;16;-40
3075;32;-40
3076;32;-48
3077;40;-48
3078;48;-48
3079;56;-56
3080;56;-48
3081;56;-56
3082;72;-56
3083;72;-56
3084;72;-56
3085;80;-56
3086;80;-40
3087;88;-32
3088;104;-32
3089;96;-24
3090;104;-16
3091;112;-16
3092;112;-16
3093;120;-96
3094;128;-96
3095;136;-96
3096;128;-96
3097;136;-104
3098;144;-104
3099;144;-104
3100;144;-104
3101;152;-104
3102;152;-104
3103;160;-112
3104;168;-104
3105;168;-112
3106;176;-104
3107;184;-112
3108;184;-112
3109;184;-112
3110;184;-112
3111;192;-104
3112;200;-112
3113;200;-112
3114;200;-112
3115;208;-120
3116;216;-120
3117;216;-128
3118;224;-128
3119;224;-128
3120;232;-128
3121;224;-136
3122;240;-128
3123;240;-128
3124;240;-128
3125;248;-120
3126;248;-120
3127;256;-112
3128;256;-112
3129;248;-112
3130;256;-104
3131;264;-104
3132;264;-96
3133;272;-104
3134;272;-96
3135;280;-96
3136;280;-96
3137;280;-96
3138;288;-104
3139;288;-104
3140;296;-96
3141;296;-104
3142;304;-104
3143;320;-104
3144;304;-104
3145;304;-104
3146;312;-104
3147;320;-104
3148;320;-112
3149;320;-112
3150;328;-112
3151;328;-104
3152;328;-112
3153;328;-104
3154;336;-112
3155;336;-112
3156;336;-112
3157;344;-112
3158;344;-112
3159;352;-104
3160;352;-112
3161;352;-112
3162;352;-112
3163;352;-112
3164;360;-120
3165;368;-120
3166;368;-120
3167;368;-128
3168;368;-128
3169;376;-128
3170;376;-128
3171;376;-128
3172;376;-128
3173;384;-120
3174;384;-120
3175;384;-112
3176;392;-104
3177;392;-104
3178;392;-104
3179;392;-96
3180;400;-96
3181;400;-96
3182;400;-96
3183;400;-96
3184;392;-104
3185;408;-104
3186;408;-104
3187;408;-104
3188;408;-104
3189;408;-104
3190;424;-104
3191;416;-104
3192;416;-104
3193;416;-104
3194;416;-104
3195;424;-104
3196;424;-104
3197;424;-80
3198;424;-80
3199;432;-88
3200;432;-88
3201;432;-88
3202;432;-88
3203;432;-96
3204;448;-96
3205;432;-96
3206;432;-96
3207;440;-104
3208;440;-104
3209;440;-96
3210;440;-96
3211;440;-96
3212;440;-88
3213;448;-80
3214;448;-80
3215;448;-72
3216;448;-72
3217;448;-72
3218;432;-72
3219;456;-72
3220;456;-64
3221;456;-72
3222;448;-72
3223;456;-72
3224;464;-72
3225;472;-72
3226;456;-80
3227;456;-72
3228;456;-72
3229;464;-80
3230;456;-80
3231;448;-80
3232;464;-80
3233;464;-80
3234;456;-80
3235;456;-80
3236;456;-80
3237;456;-80
3238;464;-80
3239;456;-80
3240;464;-80
3241;464;-80
3242;456;-80
3243;464;-80
3244;464;-88
3245;456;-80
3246;464;-88
3247;464;-88
3248;464;-88
3249;464;-88
3250;464;-96
3251;464;-96
3252;464;-96
3253;464;-104
3254;456;-104
3255;456;-104
3256;464;-96
3257;464;-96
3258;456;-88
3259;472;-88
3260;456;-80
3261;464;-72
3262;464;-72
3263;456;-72
3264;456;-72
3265;448;-64
3266;456;-72
3267;456;-64
3268;456;-72
3269;456;-72
3270;448;-72
3271;448;-72
3272;448;-72
3273;448;-72
3274;448;-72
3275;448;-72
3276;448;-80
3277;448;-80
3278;440;-80
3279;440;-80
3280;440;-72
3281;440;-72
3282;440;-80
3283;440;-80
3284;432;-80
3285;432;-80
3286;432;-80
3287;432;-80
3288;432;-80
3289;424;-80
3290;424;-80
3291;424;-80
3292;424;-88
3293;416;-88
3294;416;-96
3295;416;-96
3296;416;-96
3297;408;-104
3298;408;-96
3299;408;-96
3300;408;-96
3301;408;24
3302;408;32
3303;400;32
3304;400;40
3305;400;40
3306;384;48
3307;392;56
3308;392;56
3309;384;56
3310;384;64
3311;384;64
3312;384;64
3313;376;56
3314;384;56
3315;376;56
3316;376;56
3317;376;56
3318;368;56
3319;368;48
3320;352;56
3321;360;56
3322;360;40
3323;360;56
3324;352;48
3325;352;48
3326;352;48
3327;344;48
3328;344;48
3329;344;48
3330;336;48
3331;336;48
3332;336;48
3333;328;48
3334;328;48
3335;320;48
3336;312;48
3337;312;48
3338;312;48
3339;312;48
3340;304;48
3341;280;40
3342;304;40
3343;296;40
3344;296;32
3345;296;24
3346;288;24
3347;288;24
3348;280;24
3349;280;24
3350;272;24
3351;272;32
3352;272;40
3353;264;48
3354;264;56
3355;264;56
3356;264;56
3357;256;56
3358;248;64
3359;248;56
3360;240;64
3361;248;64
3362;240;56
3363;232;64
3364;232;56
3365;232;56
3366;224;56
3367;216;48
3368;216;48
3369;208;56
3370;208;48
3371;200;48
3372;200;48
3373;200;40
3374;192;48
3375;176;48
3376;184;48
3377;184;48
3378;176;48
3379;168;48
3380;168;48
3381;168;48
3382;184;40
3383;160;48
3384;152;40
3385;144;40
3386;144;24
3387;144;32
3388;128;24
3389;136;24
3390;128;24
3391;128;24
3392;120;24
3393;120;24
3394;112;32
3395;112;32
3396;104;40
3397;104;48
3398;104;56
3399;96;56
3400;96;56
3401;88;64
3402;80;64
3403;80;64
3404;80;64
3405;72;168
3406;72;168
3407;64;160
3408;56;160
3409;56;160
3410;56;160
3411;48;160
3412;48;160
3413;40;160
3414;32;160
3415;32;160
3416;40;160
3417;16;160
3418;16;160
3419;8;160
3420;8;152
3421;8;152
3422;-16;160
3423;-16;152
3424;-8;152
3425;-16;152
3426;-16;152
3427;-24;152
3428;-24;144
3429;-24;144
3430;-32;136
3431;-40;136
3432;-40;128
3433;-48;128
3434;-48;128
3435;-64;128
3436;-64;136
3437;-64;136
3438;-72;144
3439;-80;152
3440;-80;152
3441;-80;160
3442;-96;160
3443;-96;160
3444;-104;168
3445;-104;168
3446;-104;168
3447;-112;168
3448;-112;168
3449;-112;168
3450;-128;168
3451;-128;160
3452;-136;160
3453;-136;160
3454;-144;160
3455;-144;160
3456;-144;160
3457;-136;160
3458;-160;160
3459;-168;160
3460;-168;152
3461;-176;152
3462;-176;160
3463;-184;152
3464;-184;152
3465;-192;152
3466;-200;152
3467;-200;152
3468;-208;152
3469;-208;160
3470;-208;152
3471;-216;152
3472;-224;152
3473;-224;152
3474;-232;152
3475;-240;144
3476;-240;136
3477;-248;136
3478;-248;128
3479;-248;128
3480;-264;128
3481;-264;128
3482;-272;128
3483;-272;136
3484;-280;136
3485;-288;144
3486;-288;152
3487;-288;152
3488;-296;160
3489;-296;168
3490;-304;168
3491;-304;168
3492;-312;168
3493;-320;168
3494;-320;168
3495;-320;160
3496;-328;160
3497;-336;160
3498;-344;160
3499;-344;152
3500;-344;160
3501;-344;160
3502;-352;160
3503;-360;160
3504;-360;160
3505;-360;160
3506;-368;152
3507;-376;152
3508;-376;152
3509;-376;136
3510;-384;136
3511;-384;128
3512;-384;128
3513;-384;128
3514;-392;120
3515;-392;120
3516;-392;112
3517;-392;112
3518;-384;112
3519;-400;112
3520;-400;104
3521;-400;112
3522;-408;112
3523;-400;120
3524;-408;120
3525;-408;128
3526;-408;128
3527;-408;136
3528;-408;136
3529;-416;144
3530;-416;152
3531;-416;152
3532;-424;144
3533;-416;144
3534;-424;144
3535;-424;144
3536;-424;144
3537;-424;136
3538;-424;136
3539;-424;144
3540;-432;136
3541;-432;136
3542;-432;136
3543;-432;136
3544;-432;136
3545;-432;136
3546;-432;136
3547;-432;136
3548;-432;136
3549;-432;136
3550;-432;136
3551;-432;136
3552;-432;136
3553;-440;136
3554;-440;136
3555;-440;136
3556;-440;136
3557;-440;136
3558;-440;136
3559;-448;136
3560;-440;128
3561;-440;128
3562;-448;120
3563;-448;120
3564;-448;112
3565;-448;112
3566;-448;112
3567;-448;112
3568;-448;104
3569;-448;104
3570;-448;104
3571;-456;112
3572;-448;120
3573;-440;120
3574;-456;136
3575;-448;128
3576;-456;136
3577;-456;136
3578;-456;144
3579;-456;144
3580;-456;144
3581;-456;152
3582;-456;144
3583;-448;144
3584;-456;144
3585;-456;144
3586;-456;144
3587;-456;144
3588;-456;144
3589;-448;136
3590;-456;136
3591;-456;136
3592;-448;136
3593;-456;136
3594;-456;136
3595;-448;136
3596;-448;136
3597;-448;136
3598;-456;136
3599;-456;136
3600;-456;128
3601;-448;128
3602;-448;136
3603;-448;136
3604;-448;128
3605;-448;136
3606;-448;128
3607;-448;128
3608;-448;136
3609;-448;128
3610;-448;136
3611;-440;136
3612;-440;128
3613;-440;8
3614;-456;8
3615;-440;0
3616;-440;0
3617;-432;-8
3618;-440;-8
3619;-432;-8
3620;-424;-8
3621;-432;-16
3622;-432;-16
3623;-424;-16
3624;-432;-24
3625;-424;-16
3626;-424;-16
3627;-424;-8
3628;-424;-8
3629;-416;8
3630;-416;8
3631;-424;16
3632;-416;16
3633;-416;24
3634;-400;16
3635;-408;24
3636;-408;16
3637;-408;24
3638;-408;24
3639;-400;16
3640;-400;16
3641;-400;16
3642;-400;16
3643;-392;16
3644;-392;16
3645;-392;16
3646;-392;16
3647;-392;8
3648;-400;16
3649;-384;8
3650;-384;8
3651;-384;16
3652;-376;8
3653;-384;8
3654;-376;8
3655;-368;8
3656;-376;8
3657;-368;8
3658;-368;8
3659;-368;8
3660;-368;8
3661;-368;8
3662;-360;8
3663;-360;8
3664;-352;8
3665;-352;0
3666;-344;0
3667;-344;0
3668;-336;-8
3669;-328;-16
3670;-328;-16
3671;-320;-16
3672;-320;-16
3673;-320;-24
3674;-312;-16
3675;-304;-16
3676;-304;-16
3677;-296;0
3678;-288;0
3679;-288;0
3680;-280;8
3681;-272;8
3682;-256;16
3683;-264;16
3684;-256;24
3685;-248;24
3686;-248;16
3687;-240;24
3688;-232;16
3689;-208;16
3690;-216;16
3691;-216;16
3692;-208;16
3693;-200;8
3694;-192;8
3695;-200;8
3696;-192;8
3697;-184;8
3698;-176;8
3699;-168;8
3700;-168;8
3701;-160;8
3702;-144;8
3703;-144;8
3704;-144;8
3705;-136;8
3706;-128;8
3707;-128;8
3708;-120;8
3709;-112;8
3710;-112;8
3711;-104;8
3712;-104;8
3713;-96;8
3714;-96;8
3715;-88;8
3716;-80;8
3717;-72;0
3718;-64;-88
3719;-64;-96
3720;-56;-96
3721;-48;-104
3722;-48;-104
3723;-48;-104
3724;-40;-112
3725;-40;-104
3726;-40;-112
3727;-24;-112
3728;-24;-112
3729;-16;-112
3730;-16;-104
3731;-8;-96
3732;0;-96
3733;0;-96
3734;8;-88
3735;16;-88
3736;8;-80
3737;24;-80
3738;24;-80
3739;32;-80
3740;40;-80
3741;40;-80
3742;40;-80
3743;48;-80
3744;56;-80
3745;56;-80
3746;64;-80
3747;64;-88
3748;72;-88
3749;72;-80
3750;72;-88
3751;80;-88
3752;88;-88
3753;96;-88
3754;104;-88
3755;104;-88
3756;112;-88
3757;120;-88
3758;120;-88
3759;120;-88
3760;128;-88
3761;136;-88
3762;144;-88
3763;144;-88
3764;152;-96
3765;152;-96
3766;152;-96
3767;160;-96
3768;168;-96
3769;168;-104
3770;168;-104
3771;160;-104
3772;184;-112
3773;184;-112
3774;192;-112
3775;192;-112
3776;192;-104
3777;200;-104
3778;200;-104
3779;208;-96
3780;216;-88
3781;216;-88
3782;216;-80
3783;224;-80
3784;224;-80
3785;224;-80
3786;232;-80
3787;232;-80
3788;240;-80
3789;240;-72
3790;248;-80
3791;264;-80
3792;256;-80
3793;256;-88
3794;256;-88
3795;264;-88
3796;264;-88
3797;264;-88
3798;272;-88
3799;272;-80
3800;272;-88
3801;280;-88
3802;280;-88
3803;288;-88
3804;296;-88
3805;288;-88
3806;296;-88
3807;296;-88
3808;304;-88
3809;304;-88
3810;312;-96
3811;312;-96
3812;328;-96
3813;320;-96
3814;320;-104
3815;328;-104
3816;328;-104
3817;328;-112
3818;328;-112
3819;328;-112
3820;336;-112
3821;344;-96
3822;336;-112
3823;352;-112
3824;344;-112
3825;360;-104
3826;352;-104
3827;360;-104
3828;360;-104
3829;368;-104
3830;360;-104
3831;368;-104
3832;352;-112
3833;376;-112
3834;368;-104
3835;376;-112
3836;376;-112
3837;384;-112
3838;384;-112
3839;384;-112
3840;384;-112
3841;392;-112
3842;392;-112
3843;392;-112
3844;392;-112
3845;400;-112
3846;416;-112
3847;400;-112
3848;400;-112
3849;400;-112
3850;400;-112
3851;408;-112
3852;400;-112
3853;408;-120
3854;408;-120
3855;408;-120
3856;416;-128
3857;416;-128
3858;416;-136
3859;416;-136
3860;424;-136
3861;424;-136
3862;424;-136
3863;432;-136
3864;432;-128
3865;424;-120
3866;432;-112
3867;432;-112
3868;432;-104
3869;432;-104
3870;440;-104
3871;440;-96
3872;440;-104
3873;440;-96
3874;440;-96
3875;440;-104
3876;440;-104
3877;448;-104
3878;448;-112
3879;448;-104
3880;448;-104
3881;448;-112
3882;456;-112
3883;456;-112
3884;456;-112
3885;456;-112
3886;456;-112
3887;448;-112
3888;464;-112
3889;456;-112
3890;456;-112
3891;456;-112
3892;456;-112
3893;464;-112
3894;464;-112
3895;464;-120
3896;456;-120
3897;456;-120
3898;456;-128
3899;464;-128
3900;464;-128
3901;464;-128
3902;456;-136
3903;464;-136
3904;464;-136
3905;464;-128
3906;464;-128
3907;464;-120
3908;464;-120
3909;456;-112
3910;464;-112
3911;464;-112
3912;464;-104
3913;464;-96
3914;456;-104
3915;464;-104
3916;456;-104
3917;464;-104
3918;464;-104
3919;456;-104
3920;456;-104
3921;456;-104
3922;456;-104
3923;456;-104
3924;464;-104
3925;464;-112
3926;456;-112
3927;456;-8
3928;464;-8
3929;456;-8
3930;456;-16
3931;456;-16
3932;456;-24
3933;456;-24
3934;440;-32
3935;456;-32
3936;448;-32
3937;448;-32
3938;448;-32
3939;448;-32
3940;448;-24
3941;448;-24
3942;448;-24
3943;440;-16
3944;440;-8
3945;440;-8
3946;440;0
3947;432;0
3948;432;8
3949;432;0
3950;432;8
3951;432;0
3952;432;0
3953;432;0
3954;424;0
3955;432;0
3956;424;0
3957;416;0
3958;424;0
3959;416;-8
3960;416;-8
3961;408;-8
3962;416;-8
3963;408;-8
3964;408;-8
3965;408;-8
3966;400;-8
3967;400;-8
3968;392;-8
3969;392;-16
3970;400;-16
3971;392;-8
3972;392;-8
3973;392;-8
3974;384;-16
3975;384;-8
3976;384;-16
3977;384;-24
3978;384;-24
3979;376;-24
3980;376;-32
3981;376;-32
3982;376;-32
3983;368;-32
3984;368;-32
3985;360;-32
3986;360;-24
3987;360;-16
3988;352;-8
3989;352;-8
3990;352;0
3991;352;0
3992;344;0
3993;344;0
3994;344;8
3995;336;0
3996;328;0
3997;328;0
3998;328;0
3999;328;-8
4000;320;-8
4001;320;0
4002;320;-8
4003;320;0
4004;312;-8
4005;304;-8
4006;304;0
4007;296;-8
4008;296;-8
4009;288;-8
4010;288;-8
4011;280;-8
4012;280;-8
4013;280;-8
4014;280;-8
4015;272;-8
4016;264;-8
4017;264;-8
4018;264;-16
4019;264;-16
4020;256;-16
4021;256;-24
4022;248;-24
4023;240;-32
4024;240;-32
4025;240;-32
4026;232;-32
4027;232;-32
4028;232;-24
4029;224;-24
4030;224;-16
4031;216;120
4032;216;120
4033;208;128
4034;208;128
4035;208;128
4036;200;136
4037;200;136
4038;192;136
4039;192;136
4040;184;136
4041;184;128
4042;184;136
4043;176;128
4044;152;128
4045;168;128
4046;160;128
4047;160;128
4048;160;120
4049;152;120
4050;152;128
4051;144;120
4052;136;128
4053;136;120
4054;136;128
4055;128;128
4056;128;128
4057;120;120
4058;112;120
4059;112;120
4060;104;120
4061;104;120
4062;104;112
4063;96;112
4064;112;104
4065;88;104
4066;88;104
4067;80;96
4068;80;96
4069;72;96
4070;72;96
4071;64;96
4072;64;104
4073;56;104
4074;56;120
4075;56;128
4076;48;128
4077;40;136
4078;24;128
4079;32;136
4080;32;136
4081;24;136
4082;16;128
4083;16;128
4084;16;128
4085;16;136
4086;0;128
4087;0;128
4088;-8;120
4089;-8;120
4090;-16;128
4091;-24;120
4092;-24;120
4093;-24;120
4094;-32;120
4095;-40;120
4096;-40;120
4097;-48;120
4098;-48;120
4099;-56;120
4100;-64;120
4101;-64;120
4102;-72;120
4103;-72;120
4104;-80;120
4105;-88;112
4106;-80;104
4107;-96;104
4108;-96;104
4109;-104;96
4110;-104;96
4111;-104;96
4112;-112;96
4113;-112;96
4114;-120;96
4115;-128;104
4116;-128;112
4117;-136;112
4118;-136;120
4119;-128;120
4120;-144;128
4121;-152;128
4122;-160;136
4123;-160;136
4124;-168;136
4125;-176;136
4126;-176;136
4127;-176;128
4128;-184;128
4129;-192;128
4130;-184;128
4131;-192;128
4132;-200;128
4133;-200;128
4134;-208;168
4135;-216;168
4136;-216;160
4137;-224;160
4138;-224;160
4139;-240;152
4140;-240;152
4141;-240;144
4142;-248;144
4143;-248;136
4144;-256;144
4145;-264;136
4146;-264;136
4147;-272;136
4148;-272;144
4149;-280;152
4150;-280;160
4151;-288;160
4152;-288;168
4153;-296;176
4154;-296;176
4155;-304;184
4156;-304;176
4157;-312;176
4158;-312;176
4159;-320;176
4160;-320;168
4161;-328;168
4162;-328;168
4163;-336;168
4164;-344;160
4165;-344;168
4166;-352;160
4167;-352;160
4168;-352;168
4169;-360;160
4170;-360;160
4171;-368;160
4172;-368;168
4173;-376;160
4174;-376;168
4175;-376;160
4176;-384;160
4177;-384;160
4178;-384;160
4179;-392;160
4180;-400;152
4181;-392;152
4182;-400;144
4183;-392;144
4184;-400;144
4185;-400;136
4186;-400;136
4187;-400;136
4188;-408;136
4189;-408;136
4190;-408;144
4191;-408;144
4192;-408;152
4193;-416;160
4194;-408;160
4195;-416;160
4196;-416;168
4197;-416;168
4198;-416;176
4199;-416;176
4200;-424;176
4201;-424;168
4202;-424;176
4203;-424;176
4204;-424;168
4205;-432;168
4206;-432;168
4207;-432;160
4208;-432;160
4209;-424;160
4210;-432;160
4211;-432;160
4212;-440;160
4213;-432;160
4214;-432;160
4215;-440;160
4216;-432;160
4217;-440;160
4218;-440;160
4219;-440;160
4220;-440;160
4221;-432;160
4222;-440;152
4223;-440;152
4224;-440;144
4225;-440;144
4226;-440;144
4227;-448;136
4228;-448;136
4229;-448;136
4230;-448;128
4231;-448;136
4232;-448;136
4233;-448;144
4234;-448;152
4235;-464;152
4236;-456;160
4237;-448;168
4238;-448;72
4239;-456;72
4240;-456;72
4241;-448;72
4242;-432;72
4243;-456;72
4244;-448;64
4245;-456;72
4246;-448;64
4247;-456;72
4248;-464;64
4249;-456;64
4250;-456;64
4251;-456;64
4252;-456;64
4253;-448;64
4254;-448;64
4255;-448;64
4256;-456;64
4257;-456;64
4258;-448;56
4259;-456;56
4260;-456;56
4261;-448;56
4262;-456;56
4263;-448;56
4264;-448;48
4265;-448;48
4266;-448;40
4267;-448;40
4268;-448;32
4269;-440;32
4270;-448;32
4271;-448;32
4272;-440;40
4273;-448;40
4274;-440;48
4275;-440;64
4276;-432;64
4277;-440;64
4278;-440;64
4279;-440;72
4280;-440;72
4281;-440;72
4282;-440;72
4283;-432;72
4284;-432;72
4285;-432;64
4286;-432;64
4287;-424;64
4288;-432;72
4289;-424;64
4290;-424;56
4291;-424;64
4292;-424;64
4293;-416;64
4294;-416;56
4295;-416;64
4296;-416;64
4297;-416;56
4298;-416;56
4299;-408;56
4300;-408;56
4301;-400;48
4302;-400;48
4303;-408;40
4304;-400;40
4305;-400;32
4306;-400;40
4307;-400;32
4308;-392;32
4309;-392;32
4310;-392;40
4311;-392;48
4312;-392;48
4313;-392;56
4314;-392;64
4315;-384;64
4316;-376;64
4317;-376;64
4318;-376;72
4319;-376;72
4320;-376;72
4321;-376;64
4322;-368;64
4323;-360;64
4324;-368;64
4325;-360;64
4326;-360;64
4327;-360;64
4328;-352;64
4329;-352;64
4330;-344;64
4331;-344;56
4332;-336;64
4333;-336;64
4334;-328;56
4335;-320;56
4336;-320;56
4337;-312;56
4338;-312;56
4339;-304;56
4340;-304;56
4341;-296;64
4342;-288;56
4343;-280;-48
4344;-280;-56
4345;-272;-64
4346;-272;-64
4347;-256;-64
4348;-256;-72
4349;-248;-80
4350;-240;-72
4351;-232;-72
4352;-232;-72
4353;-224;-72
4354;-216;-72
4355;-216;-72
4356;-208;-72
4357;-200;-64
4358;-200;-56
4359;-192;-56
4360;-184;-48
4361;-176;-48
4362;-176;-48
4363;-168;-40
4364;-176;-40
4365;-160;-40
4366;-152;-40
4367;-144;-40
4368;-144;-40
4369;-136;-40
4370;-128;-40
4371;-128;-48
4372;-112;-48
4373;-112;-48
4374;-112;-48
4375;-104;-48
4376;-96;-56
4377;-96;-56
4378;-80;-56
4379;-88;-56
4380;-80;-48
4381;-80;-56
4382;-72;-48
4383;-64;-56
4384;-64;-48
4385;-56;-56
4386;-48;-56
4387;-48;-48
4388;-40;-64
4389;-40;-56
4390;-32;-56
4391;-32;-64
4392;-32;-72
4393;-16;-64
4394;-16;-72
4395;-8;-80
4396;0;-72
4397;0;-72
4398;0;-80
4399;16;-72
4400;8;-64
4401;16;-64
4402;24;-56
4403;24;-48
4404;32;-48
4405;32;-48
4406;40;-40
4407;48;-40
4408;56;-40
4409;56;-40
4410;56;-48
4411;64;-48
4412;72;-48
4413;72;-48
4414;72;-48
4415;88;-48
4416;88;-48
4417;96;-48
4418;96;-48
4419;104;-56
4420;112;-48
4421;112;-48
4422;120;-56
4423;120;-56
4424;128;-48
4425;128;-56
4426;144;-56
4427;136;-56
4428;144;-48
4429;152;-48
4430;152;-56
4431;160;-56
4432;160;-56
4433;192;-56
4434;168;-64
4435;176;-64
4436;176;-64
4437;184;-72
4438;184;-72
4439;184;-72
4440;200;-80
4441;192;-80
4442;200;-72
4443;208;-72
4444;208;-64
4445;216;-64
4446;216;-56
4447;216;-112
4448;224;-112
4449;232;-104
4450;232;-104
4451;232;-104
4452;232;-104
4453;248;-104
4454;240;-104
4455;240;-104
4456;248;-104
4457;248;-112
4458;256;-112
4459;256;-112
4460;264;-112
4461;264;-112
4462;264;-112
4463;272;-112
4464;272;-112
4465;280;-112
4466;280;-112
4467;280;-112
4468;288;-112
4469;288;-112
4470;296;-112
4471;296;-120
4472;304;-112
4473;304;-112
4474;304;-120
4475;312;-120
4476;312;-120
4477;320;-128
4478;320;-128
4479;320;-136
4480;328;-136
4481;328;-136
4482;328;-136
4483;328;-144
4484;336;-136
4485;336;-128
4486;344;-128
4487;344;-128
4488;344;-120
4489;344;-120
4490;352;-120
4491;352;-112
4492;360;-96
4493;360;-104
4494;360;-104
4495;360;-112
4496;368;-104
4497;368;-104
4498;368;-104
4499;376;-112
4500;376;-112
4501;376;-112
4502;376;-112
4503;384;-104
4504;384;-112
4505;392;-112
4506;392;-112
4507;392;-112
4508;400;-120
4509;392;-112
4510;392;-112
4511;400;-112
4512;400;-112
4513;400;-112
4514;400;-112
4515;400;-112
4516;400;-120
4517;408;-112
4518;408;-112
4519;408;-120
4520;416;-120
4521;416;-128
4522;416;-128
4523;416;-136
4524;424;-136
4525;424;-136
4526;424;-136
4527;424;-136
4528;424;-136
4529;432;-128
4530;432;-128
4531;432;-120
4532;432;-112
4533;432;-112
4534;440;-112
4535;440;-104
4536;440;-104
4537;440;-104
4538;440;-104
4539;440;-104
4540;448;-112
4541;448;-112
4542;448;-112
4543;448;-112
4544;448;-112
4545;448;-104
4546;456;-112
4547;448;-112
4548;456;-112
4549;448;-112
4550;456;-112
4551;456;-56
4552;456;-56
4553;456;-56
4554;456;-56
4555;456;-64
4556;464;-64
4557;456;-72
4558;456;-72
4559;456;-80
4560;456;-80
4561;464;-80
4562;456;-80
4563;456;-72
4564;464;-72
4565;456;-64
4566;464;-64
4567;464;-56
4568;456;-56
4569;464;-48
4570;456;-48
4571;464;-48
4572;456;-48
4573;464;-40
4574;464;-48
4575;464;-48
4576;464;-48
4577;464;-48
4578;456;-48
4579;456;-56
4580;456;-48
4581;456;-48
4582;464;-56
4583;464;-56
4584;456;-56
4585;464;-56
4586;464;-56
4587;464;-56
4588;456;-56
4589;456;-56
4590;472;-56
4591;456;-56
4592;464;-56
4593;456;-56
4594;464;-64
4595;456;-64
4596;448;-72
4597;456;-72
4598;456;-80
4599;456;-80
4600;448;-80
4601;456;-80
4602;448;-72
4603;448;-80
4604;448;-72
4605;448;-64
4606;440;-64
4607;440;-56
4608;440;-56
4609;440;-48
4610;432;-40
4611;440;-40
4612;432;-48
4613;440;-48
4614;432;-48
4615;432;-48
4616;432;-40
4617;432;-48
4618;432;-48
4619;424;-48
4620;424;-48
4621;416;-48
4622;416;-48
4623;416;-56
4624;416;-48
4625;416;-56
4626;408;-56
4627;408;-48
4628;408;-56
4629;408;-48
4630;408;-56
4631;384;-56
4632;400;-56
4633;400;-48
4634;400;-56
4635;392;-56
4636;392;-56
4637;400;-56
4638;392;-56
4639;384;-56
4640;384;-64
4641;384;-64
4642;376;-64
4643;384;-64
4644;376;-72
4645;376;-72
4646;368;-80
4647;368;-80
4648;368;-80
4649;360;-80
4650;360;-80
4651;368;-72
4652;360;-64
4653;352;-64
4654;352;-56
4655;344;72
4656;344;80
4657;344;88
4658;344;88
4659;336;88
4660;336;88
4661;328;88
4662;328;88
4663;328;80
4664;320;88
4665;312;80
4666;312;80
4667;312;80
4668;312;80
4669;304;80
4670;304;72
4671;304;72
4672;312;72
4673;296;72
4674;288;72
4675;288;80
4676;288;72
4677;280;72
4678;272;72
4679;272;72
4680;272;72
4681;272;72
4682;272;72
4683;264;72
4684;256;72
4685;264;72
4686;256;64
4687;248;56
4688;240;56
4689;240;48
4690;240;48
4691;232;48
4692;224;48
4693;224;48
4694;224;48
4695;224;48
4696;216;56
4697;216;64
4698;208;64
4699;208;72
4700;208;80
4701;200;88
4702;192;80
4703;192;88
4704;192;88
4705;192;88
4706;200;88
4707;176;88
4708;176;88
4709;176;80
4710;168;80
4711;160;80
4712;152;80
4713;160;80
4714;152;80
4715;144;72
4716;144;80
4717;136;72
4718;136;72
4719;136;72
4720;128;80
4721;120;72
4722;120;80
4723;120;80
4724;112;72
4725;112;72
4726;112;72
4727;104;72
4728;96;80
4729;96;80
4730;88;80
4731;88;72
4732;80;72
4733;80;80
4734;80;72
4735;72;72
4736;72;72
4737;64;72
4738;56;72
4739;56;64
4740;48;64
4741;56;56
4742;48;56
4743;40;56
4744;32;48
4745;32;56
4746;16;48
4747;0;48
4748;16;48
4749;8;56
4750;8;56
4751;0;64
4752;0;72
4753;0;72
4754;-8;80
4755;-16;88
4756;-16;88
4757;-24;88
4758;-32;88
4759;-32;176
4760;-32;168
4761;-40;176
4762;-48;176
4763;-48;168
4764;-56;168
4765;-64;168
4766;-64;168
4767;-64;160
4768;-80;168
4769;-80;160
4770;-80;160
4771;-88;160
4772;-80;160
4773;-88;160
4774;-104;160
4775;-104;160
4776;-104;160
4777;-112;168
4778;-120;160
4779;-120;160
4780;-120;152
4781;-128;152
4782;-136;152
4783;-136;152
4784;-144;144
4785;-152;136
4786;-160;136
4787;-160;136
4788;-160;136
4789;-168;136
4790;-168;136
4791;-184;144
4792;-184;152
4793;-184;152
4794;-192;160
4795;-192;168
4796;-200;168
4797;-200;168
4798;-200;176
4799;-208;176
4800;-216;176
4801;-224;168
4802;-224;176
4803;-232;168
4804;-240;168
4805;-240;168
4806;-248;168
4807;-240;168
4808;-240;160
4809;-256;160
4810;-264;160
4811;-264;160
4812;-272;160
4813;-280;160
4814;-280;160
4815;-280;160
4816;-288;160
4817;-288;160
4818;-296;160
4819;-304;160
4820;-312;160
4821;-312;160
4822;-312;160
4823;-320;160
4824;-320;152
4825;-328;152
4826;-328;144
4827;-328;144
4828;-344;136
4829;-352;136
4830;-352;136
4831;-352;136
4832;-352;136
4833;-360;136
4834;-368;136
4835;-368;144
4836;-376;152
4837;-376;160
4838;-376;168
4839;-384;168
4840;-384;168
4841;-384;176
4842;-384;176
4843;-392;168
4844;-392;168
4845;-392;168
4846;-392;168
4847;-400;168
4848;-400;168
4849;-408;168
4850;-400;160
4851;-400;168
4852;-400;168
4853;-408;160
4854;-408;160
4855;-408;160
4856;-416;160
4857;-416;160
4858;-416;160
4859;-416;160
4860;-416;160
4861;-416;160
4862;-416;160
4863;-400;112
4864;-424;104
4865;-424;104
4866;-424;96
4867;-424;88
4868;-424;88
4869;-432;88
4870;-424;88
4871;-432;80
4872;-424;80
4873;-432;80
4874;-432;72
4875;-432;80
4876;-432;88
4877;-432;88
4878;-432;88
4879;-432;96
4880;-440;104
4881;-440;104
4882;-440;112
4883;-440;112
4884;-440;112
4885;-440;120
4886;-440;120
4887;-440;120
4888;-440;112
4889;-440;112
4890;-440;112
4891;-448;112
4892;-448;112
4893;-448;112
4894;-440;112
4895;-448;112
4896;-448;112
4897;-448;104
4898;-448;104
4899;-448;104
4900;-448;104
4901;-448;104
4902;-448;104
4903;-448;104
4904;-464;104
4905;-456;104
4906;-456;104
4907;-448;104
4908;-448;96
4909;-456;104
4910;-448;104
4911;-456;96
4912;-456;96
4913;-456;88
4914;-456;88
4915;-456;80
4916;-456;80
4917;-456;80
4918;-456;80
4919;-456;80
4920;-456;80
4921;-456;88
4922;-456;88
4923;-456;96
4924;-448;96
4925;-448;104
4926;-448;104
4927;-448;112
4928;-448;112
4929;-456;120
4930;-448;120
4931;-456;120
4932;-448;112
4933;-448;112
4934;-448;112
4935;-448;112
4936;-440;112
4937;-440;112
4938;-448;104
4939;-440;112
4940;-440;104
4941;-440;104
4942;-440;104
4943;-440;104
4944;-432;104
4945;-432;104
4946;-440;104
4947;-432;104
4948;-432;104
4949;-432;104
4950;-432;96
4951;-432;104
4952;-424;104
4953;-432;104
4954;-424;104
4955;-424;104
4956;-424;96
4957;-424;96
4958;-424;96
4959;-416;96
4960;-416;88
4961;-416;80
4962;-416;80
4963;-416;80
4964;-416;80
4965;-408;80
4966;-408;80
4967;-400;88
4968;-400;-24
4969;-400;-16
4970;-400;-16
4971;-400;-16
4972;-392;-8
4973;-400;-8
4974;-392;-8
4975;-392;-8
4976;-392;-8
4977;-384;-8
4978;-384;-8
4979;-376;-8
4980;-384;-8
4981;-384;-16
4982;-384;-16
4983;-376;-8
4984;-376;-16
4985;-384;-16
4986;-376;-16
4987;-368;-16
4988;-368;-16
4989;-368;-8
4990;-360;-16
4991;-360;-16
4992;-352;-16
4993;-352;-24
4994;-352;-16
4995;-344;-16
4996;-344;-16
4997;-344;-24
4998;-336;-24
4999;-328;-24
5000;-328;-24
5001;-328;-32
5002;-312;-40
5003;-312;-40
5004;-304;-40
5005;-296;-40
5006;-296;-48
5007;-288;-40
5008;-280;-32
5009;-280;-32
5010;-272;-24
5011;-272;-16
5012;-264;-16
5013;-256;-8
5014;-248;-8
5015;-248;0
5016;-240;-8
5017;-232;0
5018;-224;-8
5019;-216;-8
5020;-200;-8
5021;-208;-16
5022;-200;-8
5023;-200;-16
5024;-192;-16
5025;-184;-16
5026;-184;-16
5027;-176;-24
5028;-168;-16
5029;-168;-16
5030;-160;-16
5031;-152;-16
5032;-152;-16
5033;-144;-16
5034;-136;-16
5035;-128;-16
5036;-128;-16
5037;-120;-16
5038;-112;-16
5039;-112;-16
5040;-112;-16
5041;-104;-16
5042;-96;-16
5043;-96;-24
5044;-88;-16
5045;-80;-24
5046;-80;-24
5047;-72;-32
5048;-64;-32
5049;-64;-32
5050;-56;-40
5051;-48;-40
5052;-48;-40
5053;-40;-40
5054;-32;-40
5055;-32;-40
5056;-32;-32
5057;-24;-24
5058;-16;-24
5059;-8;-16
5060;-16;-8
5061;-24;-8
5062;0;-8
5063;0;-8
5064;8;0
5065;16;-8
5066;24;-8
5067;24;-8
5068;32;-8
5069;32;-8
5070;32;-8
5071;40;-8
5072;48;-104
5073;48;-96
5074;56;-96
5075;56;-104
5076;64;-104
5077;64;-112
5078;72;-112
5079;80;-112
5080;88;-120
5081;104;-120
5082;96;-120
5083;104;-128
5084;104;-120
5085;104;-120
5086;120;-112
5087;120;-112
5088;120;-112
5089;128;-104
5090;136;-104
5091;136;-96
5092;136;-96
5093;144;-88
5094;152;-88
5095;136;-88
5096;160;-88
5097;160;-88
5098;168;-96
5099;168;-88
5100;176;-96
5101;176;-96
5102;200;-96
5103;192;-96
5104;192;-96
5105;192;-96
5106;200;-96
5107;200;-96
5108;200;-104
5109;208;-96
5110;208;-96
5111;216;-96
5112;224;-104
5113;224;-96
5114;224;-96
5115;232;-104
5116;232;-96
5117;240;-96
5118;240;-104
5119;240;-96
5120;248;-104
5121;256;-104
5122;256;-104
5123;256;-104
5124;264;-112
5125;264;-112
5126;264;-112
5127;272;-112
5128;280;-120
5129;280;-120
5130;280;-120
5131;288;-120
5132;280;-120
5133;288;-112
5134;296;-112
5135;296;-112
5136;304;-104
5137;304;-104
5138;304;-96
5139;312;-96
5140;312;-88
5141;312;-88
5142;312;-96
5143;304;-88
5144;320;-88
5145;328;-96
5146;328;-96
5147;328;-96
5148;336;-96
5149;336;-96
5150;336;-96
5151;344;-96
5152;344;-96
5153;352;-96
5154;352;-96
5155;352;-96
5156;360;-96
5157;360;-96
5158;360;-96
5159;360;-104
5160;368;-96
5161;368;-104
5162;376;-96
5163;368;-104
5164;376;-104
5165;376;-96
5166;384;-104
5167;384;-104
5168;384;-104
5169;392;-104
5170;384;-104
5171;392;-112
5172;392;-112
5173;392;-112
5174;400;-120
5175;400;-120
5176;400;-112
5177;416;-112
5178;400;-120
5179;408;-112
5180;408;-112
5181;408;-112
5182;408;-104
5183;408;-104
5184;416;-96
5185;416;-88
5186;416;-88
5187;416;-88
5188;416;-80
5189;424;-80
5190;424;-88
5191;432;-88
5192;432;-80
5193;432;-88
5194;424;-80
5195;432;-88
5196;432;-88
5197;432;-88
5198;432;-88
5199;432;-88
5200;440;-96
5201;440;-88
5202;440;-96
5203;448;-96
5204;440;-88
5205;440;-88
5206;448;-88
5207;440;-96
5208;448;-96
5209;448;-96
5210;456;-88
5211;456;-96
5212;456;-96
5213;456;-88
5214;456;-96
5215;456;-96
5216;456;-96
5217;456;-104
5218;448;-104
5219;456;-104
5220;456;-112
5221;456;-112
5222;456;-112
5223;464;-112
5224;456;-112
5225;456;-112
5226;456;-112
5227;464;-104
5228;456;-104
5229;464;-96
5230;456;-88
5231;456;-88
5232;464;-88
5233;464;-80
5234;456;-80
5235;456;-80
5236;456;-80
5237;464;-80
5238;472;-80
5239;464;-80
5240;456;-88
5241;464;-80
5242;464;-88
5243;456;-80
5244;464;-88
5245;456;-88
5246;456;-88
5247;464;-88
5248;456;-88
5249;464;-88
5250;464;-88
5251;456;-88
5252;448;-88
5253;464;-88
5254;464;-96
5255;456;-96
5256;456;-96
5257;456;-88
5258;456;-88
5259;472;-96
5260;456;-88
5261;456;-88
5262;456;-96
5263;456;-96
5264;456;-96
5265;448;-96
5266;448;-96
5267;448;-104
5268;448;-104
5269;448;-112
5270;448;-112
5271;440;-112
5272;448;-112
5273;440;-120
5274;440;-112
5275;440;-112
5276;440;-104
5277;440;-104
5278;432;-96
5279;424;-88
5280;432;40
5281;432;48
5282;432;40
5283;432;40
5284;424;40
5285;424;40
5286;424;40
5287;416;40
5288;416;40
5289;416;32
5290;416;32
5291;408;40
5292;408;32
5293;416;32
5294;408;32
5295;408;32
5296;400;32
5297;400;24
5298;400;32
5299;400;32
5300;384;32
5301;400;24
5302;400;32
5303;392;32
5304;384;32
5305;384;24
5306;384;24
5307;384;24
5308;376;24
5309;376;32
5310;376;32
5311;368;24
5312;368;16
5313;368;24
5314;360;16
5315;360;8
5316;360;8
5317;360;8
5318;352;0
5319;352;8
5320;344;8
5321;344;8
5322;344;16
5323;344;16
5324;336;24
5325;336;24
5326;336;32
5327;328;40
5328;328;40
5329;320;40
5330;320;40
5331;320;40
5332;312;40
5333;312;40
5334;312;40
5335;304;40
5336;296;40
5337;296;32
5338;296;40
5339;296;32
5340;288;32
5341;288;32
5342;280;32
5343;280;32
5344;280;32
5345;272;24
5346;272;24
5347;264;24
5348;264;32
5349;256;24
5350;256;32
5351;256;24
5352;248;32
5353;240;32
5354;232;32
5355;240;24
5356;240;24
5357;232;32
5358;232;32
5359;224;32
5360;216;24
5361;216;32
5362;216;24
5363;216;24
5364;208;24
5365;200;16
5366;200;8
5367;192;8
5368;192;8
5369;192;0
5370;184;8
5371;184;0
5372;184;0
5373;176;8
5374;168;8
5375;152;16
5376;160;24
5377;152;24
5378;152;32
5379;152;40
5380;144;40
5381;144;40
5382;136;40
5383;136;40
5384;128;160
5385;128;160
5386;128;160
5387;120;152
5388;120;152
5389;112;152
5390;112;152
5391;104;152
5392;104;152
5393;104;152
5394;88;152
5395;104;152
5396;88;144
5397;80;144
5398;72;136
5399;72;136
5400;72;128
5401;64;128
5402;64;128
5403;64;120
5404;56;120
5405;48;120
5406;48;128
5407;40;128
5408;32;136
5409;16;144
5410;24;152
5411;24;152
5412;16;152
5413;8;160
5414;8;160
5415;0;160
5416;24;160
5417;-8;160
5418;-8;160
5419;-16;152
5420;-16;152
5421;-24;160
5422;-32;152
5423;-24;152
5424;-40;152
5425;-40;144
5426;-48;152
5427;-48;152
5428;-56;152
5429;-56;144
5430;-64;144
5431;-64;144
5432;-72;144
5433;-72;144
5434;-80;144
5435;-88;144
5436;-80;144
5437;-88;144
5438;-96;144
5439;-104;144
5440;-112;136
5441;-112;136
5442;-112;128
5443;-112;128
5444;-120;120
5445;-128;120
5446;-136;120
5447;-136;120
5448;-144;120
5449;-144;120
5450;-144;128
5451;-160;128
5452;-160;136
5453;-160;152
5454;-168;152
5455;-168;152
5456;-192;152
5457;-192;160
5458;-184;160
5459;-192;160
5460;-192;160
5461;-200;152
5462;-200;160
5463;-208;152
5464;-208;152
5465;-216;152
5466;-224;152
5467;-224;152
5468;-232;144
5469;-240;152
5470;-256;152
5471;-240;152
5472;-248;152
5473;-256;144
5474;-256;152
5475;-264;152
5476;-272;144
5477;-272;144
5478;-280;144
5479;-280;144
5480;-288;144
5481;-296;144
5482;-288;144
5483;-296;152
5484;-304;144
5485;-312;144
5486;-312;144
5487;-312;144
5488;-320;144
5489;-320;144
5490;-328;144
5491;-352;136
5492;-336;136
5493;-336;136
5494;-344;128
5495;-344;128
5496;-360;128
5497;-352;120
5498;-360;120
5499;-368;120
5500;-368;120
5501;-368;128
5502;-368;128
5503;-376;144
5504;-376;152
5505;-384;152
5506;-384;152
5507;-384;152
5508;-384;160
5509;-384;160
5510;-392;160
5511;-392;160
5512;-392;160
5513;-400;152
5514;-400;160
5515;-400;160
5516;-400;152
5517;-400;152
5518;-408;152
5519;-408;152
5520;-408;152
5521;-408;152
5522;-408;144
5523;-416;152
5524;-416;144
5525;-416;144
5526;-416;144
5527;-416;152
5528;-424;152
5529;-424;144
5530;-424;144
5531;-424;144
5532;-416;144
5533;-424;136
5534;-424;136
5535;-424;128
5536;-432;128
5537;-432;120
5538;-440;128
5539;-432;128
5540;-440;120
5541;-432;120
5542;-432;120
5543;-432;136
5544;-440;136
5545;-440;144
5546;-440;152
5547;-440;152
5548;-440;160
5549;-440;160
5550;-440;160
5551;-440;160
5552;-440;152
5553;-440;160
5554;-448;160
5555;-440;160
5556;-448;152
5557;-448;152
5558;-448;152
5559;-440;152
5560;-448;152
5561;-448;144
5562;-448;152
5563;-448;152
5564;-456;152
5565;-448;144
5566;-448;144
5567;-448;152
5568;-456;144
5569;-456;144
5570;-456;144
5571;-456;144
5572;-456;144
5573;-464;136
5574;-456;136
5575;-456;128
5576;-456;136
5577;-456;136
5578;-456;128
5579;-456;120
5580;-456;120
5581;-456;120
5582;-456;120
5583;-448;128
5584;-456;128
5585;-456;136
5586;-448;136
5587;-456;136
5588;-456;144
5589;-448;152
5590;-456;160
5591;-448;160
5592;-456;160
5593;-456;40
5594;-448;40
5595;-448;40
5596;-456;32
5597;-448;40
5598;-448;40
5599;-448;32
5600;-448;32
5601;-448;32
5602;-448;24
5603;-440;32
5604;-440;32
5605;-440;32
5606;-440;24
5607;-424;24
5608;-440;24
5609;-440;24
5610;-440;24
5611;-440;24
5612;-440;24
5613;-432;24
5614;-432;24
5615;-432;16
5616;-424;16
5617;-432;16
5618;-424;8
5619;-424;8
5620;-424;0
5621;-424;0
5622;-424;0
5623;-416;0
5624;-424;8
5625;-416;16
5626;-416;16
5627;-424;24
5628;-416;24
5629;-408;32
5630;-408;40
5631;-408;40
5632;-408;40
5633;-408;40
5634;-400;40
5635;-400;32
5636;-400;32
5637;-400;32
5638;-400;32
5639;-392;32
5640;-392;32
5641;-384;32
5642;-392;24
5643;-384;24
5644;-384;32
5645;-384;24
5646;-384;24
5647;-384;24
5648;-400;24
5649;-376;24
5650;-376;32
5651;-376;24
5652;-368;24
5653;-368;24
5654;-360;24
5655;-360;24
5656;-360;8
5657;-352;8
5658;-352;8
5659;-352;8
5660;-352;0
5661;-344;0
5662;-336;0
5663;-336;0
5664;-328;8
5665;-328;8
5666;-320;8
5667;-320;16
5668;-304;24
5669;-304;24
5670;-304;24
5671;-296;32
5672;-288;32
5673;-288;40
5674;-280;40
5675;-272;40
5676;-264;40
5677;-264;40
5678;-256;32
5679;-248;32
5680;-240;32
5681;-240;32
5682;-248;32
5683;-224;32
5684;-224;24
5685;-216;24
5686;-208;24
5687;-208;32
5688;-200;24
5689;-176;24
5690;-192;24
5691;-184;24
5692;-176;24
5693;-176;24
5694;-168;24
5695;-168;24
5696;-152;24
5697;-152;-80
5698;-144;-80
5699;-128;-80
5700;-128;-88
5701;-120;-88
5702;-120;-88
5703;-112;-96
5704;-112;-96
5705;-104;-96
5706;-104;-96
5707;-96;-96
5708;-88;-96
5709;-80;-96
5710;-80;-96
5711;-72;-88
5712;-72;-80
5713;-64;-80
5714;-56;-80
5715;-56;-72
5716;-40;-72
5717;-48;-72
5718;-40;-64
5719;-32;-64
5720;-32;-64
5721;-24;-64
5722;-24;-72
5723;-16;-64
5724;-8;-72
5725;-8;-64
5726;0;-72
5727;0;-64
5728;8;-72
5729;0;-72
5730;8;-72
5731;24;-72
5732;24;-80
5733;32;-72
5734;32;-72
5735;40;-80
5736;48;-80
5737;40;-72
5738;48;-80
5739;64;-80
5740;64;-80
5741;72;-80
5742;72;-80
5743;72;-80
5744;80;-88
5745;88;-88
5746;88;-96
5747;104;-96
5748;104;-96
5749;112;-104
5750;112;-104
5751;120;-104
5752;120;-96
5753;128;-96
5754;136;-88
5755;136;-80
5756;136;-72
5757;136;-72
5758;152;-64
5759;152;-72
5760;160;-64
5761;160;-64
5762;160;-64
5763;168;-64
5764;176;-72
5765;176;-72
5766;184;-64
5767;184;-72
5768;184;-72
5769;192;-72
5770;200;-72
5771;200;-72
5772;208;-72
5773;208;-72
5774;208;-72
5775;216;-72
5776;216;-80
5777;224;-72
5778;224;-72
5779;232;-80
5780;232;-72
5781;232;-80
5782;232;-80
5783;240;-80
5784;240;-72
5785;248;-80
5786;256;-88
5787;256;-88
5788;256;-88
5789;264;-88
5790;264;-96
5791;256;-96
5792;272;-96
5793;272;-104
5794;280;-96
5795;280;-96
5796;288;-96
5797;296;-88
5798;296;-80
5799;296;-80
5800;296;-72
5801;304;-112
5802;304;-104
5803;304;-104
5804;312;-104
5805;312;-104
5806;312;-112
5807;312;-112
5808;320;-112
5809;328;-112
5810;328;-112
5811;328;-112
5812;328;-112
5813;336;-112
5814;336;-120
5815;344;-112
5816;344;-112
5817;344;-120
5818;352;-120
5819;352;-120
5820;352;-120
5821;360;-120
5822;360;-112
5823;352;-120
5824;360;-120
5825;376;-120
5826;368;-120
5827;368;-120
5828;376;-120
5829;376;-120
5830;376;-128
5831;376;-128
5832;384;-128
5833;384;-136
5834;384;-136
5835;384;-136
5836;392;-144
5837;392;-144
5838;392;-136
5839;392;-136
5840;400;-128
5841;400;-128
5842;408;-120
5843;400;-112
5844;400;-112
5845;408;-104
5846;408;-112
5847;408;-104
5848;416;-104
5849;408;-112
5850;416;-104
5851;416;-112
5852;408;-112
5853;416;-112
5854;424;-112
5855;424;-112
5856;424;-112
5857;424;-120
5858;424;-112
5859;432;-112
5860;432;-120
5861;432;-120
5862;432;-112
5863;432;-112
5864;432;-112
5865;440;-112
5866;440;-120
5867;440;-112
5868;440;-120
5869;440;-120
5870;448;-120
5871;448;-128
5872;448;-136
5873;456;-136
5874;448;-136
5875;448;-136
5876;448;-136
5877;448;-136
5878;456;-144
5879;456;-136
5880;464;-136
5881;456;-120
5882;456;-120
5883;456;-120
5884;456;-112
5885;456;-112
5886;448;-104
5887;456;-112
5888;456;-104
5889;464;-112
5890;464;-104
5891;456;-104
5892;456;-112
5893;464;-112
5894;464;-112
5895;456;-112
5896;464;-112
5897;464;-112
5898;464;-112
5899;464;-120
5900;448;-112
5901;464;-112
5902;456;-112
5903;464;-112
5904;464;-112
5905;464;-24
5906;464;-32
5907;464;-32
5908;464;-40
5909;464;-40
5910;464;-40
5911;464;-40
5912;464;-48
5913;456;-48
5914;456;-48
5915;464;-48
5916;456;-56
5917;464;-48
5918;464;-48
5919;456;-48
5920;464;-40
5921;440;-40
5922;464;-32
5923;456;-24
5924;456;-24
5925;464;-16
5926;456;-16
5927;464;-16
5928;448;-24
5929;456;-16
5930;456;-16
5931;456;-16
5932;448;-24
5933;448;-24
5934;448;-24
5935;448;-16
5936;448;-24
5937;440;-24
5938;440;-24
5939;440;-32
5940;440;-24
5941;440;-24
5942;440;-32
5943;440;-24
5944;432;-24
5945;432;-32
5946;432;-32
5947;432;-24
5948;424;-24
5949;424;-24
5950;424;-24
5951;424;-24
5952;416;-32
5953;416;-40
5954;416;-32
5955;416;-40
5956;416;-40
5957;408;-48
5958;408;-48
5959;400;-48
5960;400;-56
5961;400;-56
5962;400;-48
5963;400;-48
5964;400;-40
5965;400;-32
5966;392;-32
5967;392;-24
5968;384;-16
5969;392;-16
5970;384;-16
5971;392;-16
5972;384;-16
5973;376;-16
5974;376;-16
5975;376;-16
5976;376;-24
5977;368;-24
5978;368;-24
5979;368;-24
5980;360;-24
5981;360;-24
5982;368;-24
5983;352;-24
5984;352;-24
5985;352;-32
5986;344;-24
5987;344;-24
5988;336;-24
5989;344;-24
5990;336;-24
5991;328;-32
5992;328;-32
5993;328;-40
5994;320;-40
5995;320;-40
5996;312;-48
5997;312;-48
5998;304;-48
5999;304;-56
6000;304;-56
6001;296;-48
6002;296;-48
6003;304;-48
6004;288;-48
6005;288;-40
6006;280;-32
6007;280;-24
6008;280;-24
6009;272;112
6010;272;120
6011;264;120
6012;264;120
6013;264;112
6014;264;120
6015;256;112
6016;256;112
6017;248;112
6018;240;112
6019;240;112
6020;240;104
6021;232;104
6022;232;104
6023;224;104
6024;224;104
6025;216;104
6026;216;104
6027;208;104
6028;216;104
6029;200;104
6030;200;96
6031;200;104
6032;200;96
6033;192;96
6034;184;96
6035;184;88
6036;184;88
6037;184;88
6038;168;80
6039;168;80
6040;160;72
6041;160;80
6042;152;80
6043;152;88
6044;152;96
6045;144;96
6046;136;96
6047;136;104
6048;136;112
6049;136;112
6050;120;112
6051;120;112
6052;112;120
6053;112;120
6054;112;120
6055;104;120
6056;104;112
6057;88;112
6058;96;112
6059;88;112
6060;96;104
6061;80;104
6062;80;104
6063;72;104
6064;72;104
6065;72;104
6066;64;104
6067;56;104
6068;56;104
6069;56;104
6070;48;104
6071;48;104
6072;40;104
6073;32;104
6074;32;104
6075;24;104
6076;16;104
6077;8;104
6078;0;104
6079;8;96
6080;8;96
6081;-8;88
6082;-8;88
6083;-8;80
6084;-16;80
6085;-16;80
6086;-24;80
6087;-32;80
6088;-32;80
6089;-40;88
6090;-40;96
6091;-48;96
6092;-48;104
6093;-56;104
6094;-64;112
6095;-64;112
6096;-72;112
6097;-72;112
6098;-64;120
6099;-88;112
6100;-80;112
6101;-88;112
6102;-96;112
6103;-96;112
6104;-104;104
6105;-104;104
6106;-112;104
6107;-120;104
6108;-120;104
6109;-120;104
6110;-128;104
6111;-136;104
6112;-152;104
6113;-144;168
6114;-144;168
6115;-152;160
6116;-152;160
6117;-160;152
6118;-160;152
6119;-152;152
6120;-176;144
6121;-176;144
6122;-184;136
6123;-184;136
6124;-192;144
6125;-200;144
6126;-200;144
6127;-208;144
6128;-208;152
6129;-216;160
6130;-216;160
6131;-216;168
6132;-224;176
6133;-232;176
6134;-240;176
6135;-240;176
6136;-248;176
6137;-248;176
6138;-256;176
6139;-248;176
6140;-264;176
6141;-264;176
6142;-272;176
6143;-280;168
6144;-280;168
6145;-280;168
6146;-280;168
6147;-296;168
6148;-296;168
6149;-304;168
6150;-312;168
6151;-312;160
6152;-320;168
6153;-320;168
6154;-320;168
6155;-320;168
6156;-336;160
6157;-336;160
6158;-336;160
6159;-352;160
6160;-360;160
6161;-352;152
6162;-360;152
6163;-360;144
6164;-360;144
6165;-368;144
6166;-368;136
6167;-376;144
6168;-376;136
6169;-376;144
6170;-384;144
6171;-384;152
6172;-384;152
6173;-392;160
6174;-392;168
6175;-392;168
6176;-400;176
6177;-400;176
6178;-400;176
6179;-400;168
6180;-408;176
6181;-408;176
6182;-400;176
6183;-408;176
6184;-408;176
6185;-408;176
6186;-416;168
6187;-416;168
6188;-416;160
6189;-408;168
6190;-416;168
6191;-416;168
6192;-424;168
6193;-416;160
6194;-424;160
6195;-424;168
6196;-424;168
6197;-424;168
6198;-432;160
6199;-424;168
6200;-424;168
6201;-432;160
6202;-432;160
6203;-432;160
6204;-432;160
6205;-432;152
6206;-432;152
6207;-440;144
6208;-440;144
6209;-440;144
6210;-440;136
6211;-440;136
6212;-440;136
6213;-440;136
6214;-448;144
6215;-448;144
6216;-448;152
6217;-440;160
6218;-448;80
6219;-440;80
6220;-448;88
6221;-448;88
6222;-448;88
6223;-448;88
6224;-448;88
6225;-448;88
6226;-448;88
6227;-448;88
6228;-448;88
6229;-456;80
6230;-448;88
6231;-456;80
6232;-456;80
6233;-448;80
6234;-456;80
6235;-472;80
6236;-456;80
6237;-456;80
6238;-456;80
6239;-456;80
6240;-456;80
6241;-456;72
6242;-456;80
6243;-456;72
6244;-456;80
6245;-456;80
6246;-456;80
6247;-456;80
6248;-448;80
6249;-456;72
6250;-456;72
6251;-456;72
6252;-448;64
6253;-456;64
6254;-456;64
6255;-440;56
6256;-456;56
6257;-456;56
6258;-448;48
6259;-448;48
6260;-448;56
6261;-448;64
6262;-448;64
6263;-448;72
6264;-448;80
6265;-448;88
6266;-440;88
6267;-440;88
6268;-448;88
6269;-456;88
6270;-440;88
6271;-440;96
6272;-440;88
6273;-440;88
6274;-440;88
6275;-432;88
6276;-416;80
6277;-440;80
6278;-432;88
6279;-432;80
6280;-432;88
6281;-424;80
6282;-440;80
6283;-432;80
6284;-424;80
6285;-424;80
6286;-424;80
6287;-416;80
6288;-424;72
6289;-416;80
6290;-416;72
6291;-416;72
6292;-416;80
6293;-408;80
6294;-408;72
6295;-408;72
6296;-400;64
6297;-408;64
6298;-400;56
6299;-400;56
6300;-400;48
6301;-400;56
6302;-392;48
6303;-384;48
6304;-392;48
6305;-392;64
6306;-392;56
6307;-392;72
6308;-384;72
6309;-392;80
6310;-384;88
6311;-384;80
6312;-376;88
6313;-376;88
6314;-368;88
6315;-376;96
6316;-376;88
6317;-376;88
6318;-368;88
6319;-360;88
6320;-360;88
6321;-360;88
6322;-352;-32
6323;-344;-32
6324;-352;-40
6325;-344;-40
6326;-344;-40
6327;-336;-40
6328;-328;-40
6329;-328;-40
6330;-328;-40
6331;-312;-40
6332;-312;-48
6333;-304;-48
6334;-296;-56
6335;-296;-56
6336;-288;-64
6337;-288;-56
6338;-280;-64
6339;-272;-64
6340;-264;-64
6341;-264;-64
6342;-256;-56
6343;-248;-56
6344;-248;-48
6345;-240;-40
6346;-232;-32
6347;-224;-32
6348;-224;-32
6349;-216;-32
6350;-208;-32
6351;-200;-24
6352;-200;-24
6353;-192;-32
6354;-184;-32
6355;-184;-32
6356;-176;-32
6357;-168;-40
6358;-168;-32
6359;-160;-40
6360;-152;-40
6361;-152;-40
6362;-144;-40
6363;-136;-40
6364;-128;-40
6365;-120;-40
6366;-120;-40
6367;-120;-40
6368;-112;-40
6369;-104;-40
6370;-104;-40
6371;-104;-48
6372;-88;-40
6373;-80;-48
6374;-80;-48
6375;-80;-56
6376;-72;-56
6377;-72;-56
6378;-64;-64
6379;-64;-64
6380;-56;-64
6381;-40;-64
6382;-40;-64
6383;-40;-64
6384;-32;-56
6385;-24;-56
6386;-24;-48
6387;-24;-40
6388;-16;-40
6389;-8;-32
6390;0;-32
6391;-8;-32
6392;-8;-24
6393;8;-32
6394;16;-32
6395;16;-32
6396;24;-32
6397;24;-32
6398;32;-32
6399;40;-32
6400;40;-32
6401;40;-32
6402;56;-40
6403;56;-40
6404;56;-40
6405;64;-40
6406;72;-40
6407;72;-40
6408;80;-40
6409;80;-40
6410;88;-40
6411;96;-40
6412;112;-40
6413;104;-40
6414;104;-40
6415;120;-40
6416;120;-40
6417;120;-48
6418;128;-40
6419;128;-48
6420;136;-40
6421;136;-48
6422;144;-56
6423;144;-56
6424;152;-64
6425;160;-64
6426;144;-136
6427;160;-136
6428;168;-136
6429;176;-136
6430;176;-128
6431;184;-128
6432;184;-128
6433;200;-120
6434;192;-112
6435;192;-112
6436;200;-112
6437;208;-104
6438;208;-104
6439;200;-104
6440;216;-104
6441;216;-104
6442;224;-104
6443;224;-104
6444;224;-104
6445;232;-104
6446;240;-112
6447;232;-104
6448;240;-112
6449;248;-112
6450;248;-112
6451;248;-112
6452;264;-112
6453;248;-112
6454;256;-112
6455;264;-112
6456;272;-112
6457;272;-112
6458;280;-112
6459;280;-112
6460;288;-112
6461;288;-112
6462;288;-120
6463;288;-120
6464;296;-120
6465;296;-128
6466;304;-128
6467;320;-128
6468;304;-136
6469;312;-136
6470;312;-136
6471;312;-136
6472;320;-128
6473;312;-120
6474;320;-120
6475;328;-120
6476;336;-112
6477;336;-104
6478;336;-104
6479;336;-104
6480;344;-104
6481;344;-96
6482;352;-96
6483;352;-104
6484;352;-104
6485;352;-104
6486;352;-104
6487;352;-104
6488;360;-104
6489;368;-104
6490;368;-112
6491;368;-104
6492;368;-112
6493;376;-112
6494;376;-112
6495;384;-112
6496;384;-112
6497;384;-112
6498;384;-112
6499;384;-112
6500;384;-112
6501;392;-112
6502;392;-112
6503;392;-112
6504;400;-112
6505;400;-112
6506;400;-112
6507;400;-112
6508;400;-112
6509;408;-112
6510;408;-120
6511;408;-120
6512;416;-128
6513;416;-128
6514;416;-136
6515;416;-128
6516;416;-136
6517;416;-136
6518;424;-128
6519;424;-128
6520;424;-120
6521;424;-120
6522;424;-112
6523;432;-112
6524;432;-112
6525;432;-104
6526;432;-104
6527;432;-104
6528;432;-96
6529;440;-104
6530;432;-56
6531;440;-64
6532;440;-64
6533;440;-64
6534;448;-72
6535;440;-72
6536;448;-64
6537;448;-72
6538;448;-64
6539;448;-72
6540;456;-72
6541;456;-72
6542;456;-72
6543;456;-72
6544;456;-72
6545;456;-72
6546;456;-72
6547;456;-72
6548;456;-72
6549;448;-72
6550;456;-80
6551;456;-80
6552;456;-80
6553;456;-88
6554;456;-88
6555;464;-88
6556;456;-96
6557;456;-96
6558;456;-96
6559;464;-96
6560;464;-88
6561;464;-88
6562;464;-88
6563;456;-80
6564;464;-80
6565;456;-72
6566;464;-72
6567;456;-64
6568;464;-64
6569;472;-64
6570;464;-64
6571;464;-64
6572;456;-64
6573;464;-64
6574;456;-64
6575;464;-64
6576;464;-72
6577;464;-64
6578;456;-64
6579;464;-64
6580;456;-64
6581;464;-72
6582;456;-72
6583;448;-72
6584;464;-72
6585;456;-64
6586;456;-72
6587;456;-72
6588;456;-72
6589;456;-72
6590;472;-72
6591;456;-72
6592;448;-72
6593;456;-72
6594;456;-72
6595;456;-72
6596;440;-80
6597;448;-72
6598;448;-72
6599;448;-72
6600;440;-72
6601;440;-72
6602;440;-72
6603;448;-72
6604;440;-80
6605;432;-88
6606;440;-88
6607;432;-88
6608;432;-96
6609;432;-96
6610;424;-96
6611;432;-96
6612;432;-88
6613;424;-88
6614;424;-88
6615;416;-80
6616;424;-72
6617;416;-72
6618;416;-64
6619;416;-64
6620;416;-64
6621;408;-64
6622;408;-56
6623;408;-56
6624;424;-64
6625;400;-64
6626;400;-64
6627;400;-64
6628;392;-64
6629;400;-64
6630;384;-64
6631;392;-72
6632;392;-64
6633;384;-64
6634;384;56
6635;384;56
6636;376;56
6637;376;56
6638;376;48
6639;376;48
6640;376;40
6641;368;40
6642;368;40
6643;368;32
6644;352;32
6645;360;32
6646;352;24
6647;360;32
6648;352;32
6649;352;40
6650;344;48
6651;352;48
6652;344;56
6653;344;64
6654;336;64
6655;336;64
6656;328;72
6657;328;64
6658;328;64
6659;320;64
6660;312;64
6661;312;64
6662;304;64
6663;304;64
6664;296;64
6665;272;56
6666;296;56
6667;296;64
6668;288;56
6669;288;56
6670;280;56
6671;288;56
6672;280;56
6673;272;64
6674;272;56
6675;272;56
6676;264;56
6677;264;56
6678;264;64
6679;256;64
6680;256;56
6681;248;56
6682;248;48
6683;240;48
6684;240;48
6685;248;48
6686;232;40
6687;232;32
6688;224;32
6689;224;32
6690;216;32
6691;216;32
6692;208;32
6693;208;40
6694;200;40
6695;200;48
6696;200;56
6697;192;56
6698;192;64
6699;176;64
6700;184;64
6701;176;72
6702;176;64
6703;168;64
6704;168;72
6705;160;64
6706;160;64
6707;152;64
6708;152;64
6709;144;56
6710;144;56
6711;136;64
6712;136;56
6713;128;56
6714;128;56
6715;120;56
6716;120;56
6717;112;56
6718;112;56
6719;104;56
6720;104;56
6721;104;56
6722;96;56
6723;88;56
6724;96;56
6725;88;48
6726;96;56
6727;80;48
6728;80;40
6729;72;40
6730;64;32
6731;64;32
6732;56;32
6733;56;32
6734;56;32
6735;48;32
6736;40;40
6737;40;48
6738;32;152
6739;32;160
6740;16;160
6741;16;168
6742;16;168
6743;8;168
6744;8;168
6745;0;168
6746;0;168
6747;-8;168
6748;-8;160
6749;-16;168
6750;-16;160
6751;-24;160
6752;-32;160
6753;-32;160
6754;-32;160
6755;-40;160
6756;-48;160
6757;-48;160
6758;-56;160
6759;-64;152
6760;-64;160
6761;-72;152
6762;-80;152
6763;-80;144
6764;-80;144
6765;-80;136
6766;-88;136
6767;-104;136
6768;-96;136
6769;-104;136
6770;-112;128
6771;-112;136
6772;-112;136
6773;-120;136
6774;-128;144
6775;-128;152
6776;-136;152
6777;-136;160
6778;-144;160
6779;-152;160
6780;-152;168
6781;-136;168
6782;-160;168
6783;-168;160
6784;-168;168
6785;-176;168
6786;-176;168
6787;-192;168
6788;-184;160
6789;-192;160
6790;-200;160
6791;-192;160
6792;-208;160
6793;-216;160
6794;-216;160
6795;-216;160
6796;-224;160
6797;-232;160
6798;-232;160
6799;-240;152
6800;-248;160
6801;-256;160
6802;-248;152
6803;-256;152
6804;-264;160
6805;-264;160
6806;-272;160
6807;-280;152
6808;-280;160
6809;-280;160
6810;-296;152
6811;-288;160
6812;-296;152
6813;-304;144
6814;-312;136
6815;-312;136
6816;-320;136
6817;-320;128
6818;-328;128
6819;-328;128
6820;-336;128
6821;-336;136
6822;-360;136
6823;-344;136
6824;-344;144
6825;-352;152
6826;-360;152
6827;-360;160
6828;-352;168
6829;-360;168
6830;-368;168
6831;-376;168
6832;-376;168
6833;-376;168
6834;-384;168
6835;-384;168
6836;-384;160
6837;-392;168
6838;-392;160
6839;-392;160
6840;-392;168
6841;-400;160
6842;-408;160
6843;-400;128
6844;-400;128
6845;-408;120
6846;-408;112
6847;-408;120
6848;-408;112
6849;-408;104
6850;-408;104
6851;-416;104
6852;-416;104
6853;-416;96
6854;-416;96
6855;-416;96
6856;-416;96
6857;-416;104
6858;-424;112
6859;-424;120
6860;-416;120
6861;-424;128
6862;-432;136
6863;-424;128
6864;-424;128
6865;-432;136
6866;-432;136
6867;-432;136
6868;-432;128
6869;-440;128
6870;-432;128
6871;-432;128
6872;-440;120
6873;-440;128
6874;-432;120
6875;-440;120
6876;-440;120
6877;-440;120
6878;-440;120
6879;-440;120
6880;-440;120
6881;-440;120
6882;-448;128
6883;-440;120
6884;-448;120
6885;-448;120
6886;-448;120
6887;-448;120
6888;-448;120
6889;-448;112
6890;-440;120
6891;-448;112
6892;-456;112
6893;-448;112
6894;-448;104
6895;-448;104
6896;-456;96
6897;-456;96
6898;-456;96
6899;-456;96
6900;-448;88
6901;-456;96
6902;-456;96
6903;-456;96
6904;-464;104
6905;-456;112
6906;-456;120
6907;-456;120
6908;-456;120
6909;-456;128
6910;-448;128
6911;-456;136
6912;-456;136
6913;-456;136
6914;-456;128
6915;-456;128
6916;-456;128
6917;-448;128
6918;-448;128
6919;-448;128
6920;-456;128
6921;-448;120
6922;-448;120
6923;-448;120
6924;-448;120
6925;-448;120
6926;-448;120
6927;-448;120
6928;-448;120
6929;-440;120
6930;-448;120
6931;-448;120
6932;-440;120
6933;-440;120
6934;-440;120
6935;-440;120
6936;-440;120
6937;-440;112
6938;-432;120
6939;-440;120
6940;-440;120
6941;-440;120
6942;-432;120
6943;-432;120
6944;-432;120
6945;-432;120
6946;-432;120
6947;-432;-8
6948;-424;-8
6949;-424;-8
6950;-424;-16
6951;-424;-24
6952;-424;-24
6953;-416;-24
6954;-416;-24
6955;-416;-32
6956;-416;-32
6957;-416;-32
6958;-424;-24
6959;-408;-24
6960;-408;-24
6961;-408;-16
6962;-408;-8
6963;-400;0
6964;-400;0
6965;-400;8
6966;-392;8
6967;-400;8
6968;-392;8
6969;-400;8
6970;-392;8
6971;-384;8
6972;-384;0
6973;-384;0
6974;-384;0
6975;-384;8
6976;-384;0
6977;-384;0
6978;-384;0
6979;-392;0
6980;-376;-8
6981;-368;0
6982;-368;-8
6983;-368;0
6984;-368;-8
6985;-352;-8
6986;-352;-8
6987;-360;-8
6988;-352;-8
6989;-344;-8
6990;-344;-8
6991;-344;-8
6992;-336;-8
6993;-336;-8
6994;-328;0
6995;-328;-8
6996;-320;-8
6997;-312;-8
6998;-304;-16
6999;-288;-16
7000;-296;-16
7001;-288;-24
7002;-280;-24
7003;-280;-32
7004;-272;-32
7005;-272;-32
7006;-264;-32
7007;-256;-24
7008;-248;-16
7009;-248;-8
7010;-240;-8
7011;-232;0
7012;-224;0
7013;-232;8
7014;-216;8
7015;-208;8
7016;-200;8
7017;-200;8
7018;-192;8
7019;-184;8
7020;-168;8
7021;-176;0
7022;-176;0
7023;-168;0
7024;-160;-8
7025;-152;0
7026;-152;0
7027;-144;0
7028;-136;0
7029;-136;0
7030;-128;-8
7031;-120;0
7032;-112;0
7033;-104;0
7034;-104;-8
7035;-104;0
7036;-104;-8
7037;-96;-8
7038;-80;-8
7039;-80;-16
7040;-80;-24
7041;-72;-24
7042;-64;-24
7043;-64;-24
7044;-56;-32
7045;-56;-32
7046;-48;-32
7047;-40;-24
7048;-40;-16
7049;-32;-16
7050;-32;0
7051;-24;0
7052;-16;-88
7053;-16;-88
7054;0;-80
7055;-8;-80
7056;0;-80
7057;8;-80
7058;8;-88
7059;16;-88
7060;8;-80
7061;16;-88
7062;24;-88
7063;32;-88
7064;32;-88
7065;40;-88
7066;48;-88
7067;56;-88
7068;56;-96
7069;56;-96
7070;64;-96
7071;64;-88
7072;72;-88
7073;80;-88
7074;80;-96
7075;88;-96
7076;96;-96
7077;96;-96
7078;104;-104
7079;104;-104
7080;112;-104
7081;112;-112
7082;120;-112
7083;128;-112
7084;128;-112
7085;136;-120
7086;136;-112
7087;144;-112
7088;144;-112
7089;152;-104
7090;160;-96
7091;160;-96
7092;168;-88
7093;176;-88
7094;176;-80
7095;176;-88
7096;184;-80
7097;184;-80
7098;192;-80
7099;200;-88
7100;200;-80
7101;208;-80
7102;200;-80
7103;208;-80
7104;208;-88
7105;216;-88
7106;216;-88
7107;224;-88
7108;224;-88
7109;224;-88
7110;232;-88
7111;232;-88
7112;240;-88
7113;240;-88
7114;248;-88
7115;240;-88
7116;248;-88
7117;256;-96
7118;264;-88
7119;264;-96
7120;264;-96
7121;272;-96
7122;272;-96
7123;280;-104
7124;280;-104
7125;280;-104
7126;288;-112
7127;296;-112
7128;296;-112
7129;296;-120
7130;296;-112
7131;304;-112
7132;304;-112
7133;312;-112
7134;312;-104
7135;312;-96
7136;296;-96
7137;320;-88
7138;320;-80
7139;328;-88
7140;320;-80
7141;336;-80
7142;336;-80
7143;344;-80
7144;336;-80
7145;344;-80
7146;344;-80
7147;344;-88
7148;352;-88
7149;352;-88
7150;352;-88
7151;352;-88
7152;360;-88
7153;360;-88
7154;368;-88
7155;368;-88
7156;384;-104
7157;376;-104
7158;376;-104
7159;376;-112
7160;376;-112
7161;384;-112
7162;384;-120
7163;384;-120
7164;392;-120
7165;392;-120
7166;392;-128
7167;392;-128
7168;400;-120
7169;392;-120
7170;384;-120
7171;400;-112
7172;408;-112
7173;408;-104
7174;408;-104
7175;408;-96
7176;408;-96
7177;432;-88
7178;416;-88
7179;416;-88
7180;416;-96
7181;416;-96
7182;424;-96
7183;416;-96
7184;424;-96
7185;424;-96
7186;424;-96
7187;432;-96
7188;424;-96
7189;424;-96
7190;432;-104
7191;432;-96
7192;432;-96
7193;432;-104
7194;432;-104
7195;440;-96
7196;440;-104
7197;432;-104
7198;448;-104
7199;440;-104
7200;448;-104
7201;448;-104
7202;448;-104
7203;448;-104
7204;448;-104
7205;456;-104
7206;448;-112
7207;456;-112
7208;456;-112
7209;456;-120
7210;456;-120
7211;480;-120
7212;448;-120
7213;456;-128
7214;456;-128
7215;464;-120
7216;456;-120
7217;456;-120
7218;464;-112
7219;456;-112
7220;456;-104
7221;456;-96
7222;456;-96
7223;456;-96
7224;456;-96
7225;464;-96
7226;464;-96
7227;456;-96
7228;464;-96
7229;464;-96
7230;464;-96
7231;448;-96
7232;464;-96
7233;464;-96
7234;456;-96
7235;464;-96
7236;456;-96
7237;464;-104
7238;464;-104
7239;464;-104
7240;464;-104
7241;464;-104
7242;464;-104
7243;464;-96
7244;456;-96
7245;464;-104
7246;464;-96
7247;456;-104
7248;464;-104
7249;464;-104
7250;464;-104
7251;456;-112
7252;432;-120
7253;456;-120
7254;456;-120
7255;456;-120
7256;448;-120
7257;456;-128
7258;448;-120
7259;448;-8
7260;448;-8
7261;448;-8
7262;448;0
7263;448;8
7264;448;16
7265;440;16
7266;440;16
7267;440;16
7268;440;16
7269;440;16
7270;432;16
7271;432;16
7272;424;16
7273;432;16
7274;432;8
7275;432;16
7276;432;8
7277;424;8
7278;432;8
7279;424;8
7280;424;8
7281;416;8
7282;416;8
7283;416;8
7284;408;8
7285;416;8
7286;416;8
7287;408;8
7288;408;0
7289;400;8
7290;408;8
7291;400;8
7292;400;8
7293;384;8
7294;392;0
7295;392;0
7296;392;-8
7297;392;-8
7298;384;-8
7299;384;-16
7300;384;-16
7301;384;-16
7302;384;-16
7303;376;-16
7304;376;-16
7305;368;-16
7306;368;-8
7307;368;-8
7308;368;0
7309;360;8
7310;360;8
7311;360;16
7312;360;16
7313;368;16
7314;352;16
7315;344;16
7316;344;24
7317;344;16
7318;344;16
7319;336;16
7320;336;16
7321;336;16
7322;320;16
7323;328;8
7324;320;16
7325;320;8
7326;312;8
7327;304;8
7328;304;8
7329;304;8
7330;296;8
7331;296;8
7332;296;8
7333;296;8
7334;296;8
7335;288;16
7336;288;8
7337;280;8
7338;272;8
7339;272;8
7340;264;8
7341;264;8
7342;264;8
7343;256;0
7344;264;0
7345;256;0
7346;248;-8
7347;256;-16
7348;240;-16
7349;240;-16
7350;240;-16
7351;232;-16
7352;232;-16
7353;224;-8
7354;216;-8
7355;216;0
7356;216;0
7357;216;8
7358;208;8
7359;208;16
7360;200;16
7361;200;24
7362;192;24
7363;192;24
7364;184;144
7365;184;144
7366;176;144
7367;176;144
7368;192;144
7369;160;136
7370;160;136
7371;160;144
7372;152;136
7373;152;136
7374;136;136
7375;144;136
7376;136;136
7377;136;136
7378;136;136
7379;128;136
7380;120;128
7381;120;128
7382;112;136
7383;112;136
7384;112;128
7385;104;128
7386;104;128
7387;96;120
7388;80;120
7389;88;120
7390;88;112
7391;80;112
7392;80;112
7393;72;112
7394;72;104
7395;64;112
7396;64;112
7397;56;120
7398;56;128
7399;48;136
7400;48;136
7401;40;144
7402;32;144
7403;32;152
7404;32;144
7405;24;152
7406;16;144
7407;8;144
7408;8;144
7409;-8;144
7410;0;144
7411;-8;136
7412;-8;136
7413;-16;136
7414;-16;136
7415;-16;136
7416;-24;136
7417;-24;136
7418;-32;136
7419;-40;136
7420;-40;128
7421;-48;136
7422;-56;136
7423;-56;136
7424;-64;128
7425;-64;128
7426;-80;128
7427;-80;128
7428;-80;120
7429;-88;120
7430;-96;112
7431;-96;112
7432;-96;112
7433;-104;104
7434;-104;104
7435;-104;112
7436;-120;104
7437;-120;112
7438;-120;120
7439;-128;128
7440;-128;136
7441;-128;136
7442;-136;136
7443;-144;144
7444;-152;152
7445;-152;152
7446;-160;144
7447;-168;144
7448;-168;144
7449;-176;144
7450;-176;144
7451;-184;136
7452;-184;136
7453;-192;136
7454;-192;136
7455;-200;128
7456;-208;136
7457;-208;136
7458;-208;136
7459;-216;136
7460;-216;136
7461;-232;136
7462;-232;128
7463;-240;136
7464;-240;128
7465;-248;128
7466;-248;128
7467;-256;136
7468;-264;160
7469;-264;160
7470;-264;152
7471;-272;144
7472;-280;144
7473;-280;144
7474;-288;144
7475;-288;136
7476;-296;136
7477;-296;128
7478;-304;128
7479;-304;136
7480;-312;136
7481;-312;136
7482;-320;144
7483;-328;144
7484;-328;152
7485;-336;160
7486;-336;160
7487;-344;168
7488;-344;168
7489;-344;168
7490;-360;176
7491;-368;168
7492;-360;168
7493;-360;168
7494;-368;168
7495;-376;168
7496;-368;168
7497;-368;160
7498;-376;160
7499;-376;160
7500;-384;160
7501;-384;160
7502;-384;160
7503;-392;160
7504;-384;160
7505;-392;160
7506;-400;152
7507;-400;160
7508;-392;160
7509;-400;160
7510;-400;160
7511;-400;160
7512;-400;152
7513;-408;152
7514;-408;152
7515;-408;152
7516;-408;144
7517;-416;144
7518;-416;136
7519;-416;136
7520;-416;128
7521;-416;128
7522;-416;128
7523;-416;128
7524;-424;136
7525;-416;136
7526;-424;144
7527;-432;144
7528;-432;152
7529;-424;160
7530;-432;160
7531;-432;168
7532;-424;168
7533;-432;168
7534;-432;168
7535;-432;168
7536;-432;168
7537;-440;168
7538;-440;168
7539;-440;160
7540;-440;160
7541;-440;160
7542;-440;160
7543;-440;160
7544;-440;160
7545;-448;160
7546;-440;160
7547;-440;160
7548;-448;152
7549;-440;160
7550;-448;152
7551;-440;160
7552;-448;152
7553;-448;152
7554;-448;160
7555;-448;160
7556;-448;152
7557;-448;160
7558;-448;152
7559;-448;152
7560;-448;144
7561;-456;152
7562;-456;144
7563;-456;136
7564;-456;136
7565;-456;128
7566;-472;128
7567;-448;128
7568;-456;128
7569;-456;136
7570;-456;136
7571;-456;144
7572;-448;32
7573;-456;40
7574;-456;40
7575;-456;48
7576;-456;56
7577;-456;48
7578;-456;56
7579;-456;56
7580;-448;56
7581;-456;56
7582;-456;56
7583;-456;48
7584;-448;48
7585;-448;56
7586;-440;48
7587;-448;48
7588;-448;48
7589;-440;48
7590;-448;48
7591;-456;48
7592;-440;48
7593;-448;40
7594;-440;40
7595;-448;48
7596;-440;40
7597;-448;48
7598;-440;40
7599;-448;40
7600;-448;40
7601;-440;40
7602;-440;40
7603;-432;40
7604;-432;40
7605;-440;32
7606;-432;32
7607;-416;24
7608;-432;24
7609;-432;16
7610;-424;16
7611;-432;16
7612;-424;16
7613;-432;24
7614;-432;24
7615;-424;24
7616;-424;32
7617;-424;32
7618;-416;40
7619;-416;48
7620;-416;40
7621;-416;48
7622;-416;56
7623;-416;56
7624;-416;56
7625;-408;48
7626;-408;48
7627;-416;48
7628;-408;48
7629;-400;48
7630;-400;48
7631;-400;48
7632;-400;48
7633;-392;48
7634;-384;40
7635;-392;40
7636;-392;48
7637;-392;48
7638;-392;40
7639;-384;48
7640;-384;40
7641;-360;40
7642;-376;40
7643;-376;40
7644;-376;48
7645;-376;40
7646;-376;40
7647;-376;40
7648;-368;40
7649;-368;40
7650;-360;40
7651;-360;40
7652;-352;40
7653;-352;32
7654;-344;32
7655;-344;32
7656;-336;24
7657;-336;24
7658;-336;24
7659;-328;16
7660;-328;24
7661;-320;16
7662;-320;16
7663;-312;24
7664;-304;24
7665;-296;24
7666;-288;32
7667;-288;40
7668;-280;40
7669;-272;48
7670;-264;48
7671;-264;48
7672;-256;56
7673;-248;56
7674;-248;56
7675;-240;56
7676;-232;-56
7677;-232;-56
7678;-216;-64
7679;-208;-64
7680;-208;-64
7681;-200;-64
7682;-192;-64
7683;-192;-64
7684;-192;-64
7685;-184;-64
7686;-176;-64
7687;-168;-64
7688;-168;-64
7689;-160;-72
7690;-152;-64
7691;-144;-64
7692;-144;-64
7693;-136;-64
7694;-136;-64
7695;-128;-64
7696;-120;-72
7697;-112;-72
7698;-112;-72
7699;-104;-80
7700;-104;-80
7701;-96;-80
7702;-96;-80
7703;-88;-88
7704;-80;-88
7705;-72;-88
7706;-72;-80
7707;-72;-88
7708;-56;-88
7709;-56;-80
7710;-56;-72
7711;-40;-72
7712;-40;-64
7713;-40;-64
7714;-32;-56
7715;-24;-56
7716;-16;-56
7717;-24;-56
7718;-16;-56
7719;-16;-56
7720;-8;-56
7721;0;-56
7722;0;-56
7723;0;-64
7724;16;-64
7725;24;-64
7726;24;-64
7727;24;-64
7728;32;-64
7729;32;-64
7730;48;-64
7731;48;-64
7732;56;-64
7733;56;-64
7734;64;-64
7735;64;-72
7736;72;-72
7737;80;-72
7738;80;-64
7739;88;-72
7740;88;-64
7741;104;-64
7742;104;-64
7743;112;-72
7744;112;-72
7745;112;-80
7746;120;-80
7747;120;-80
7748;128;-80
7749;136;-88
7750;144;-88
7751;136;-88
7752;144;-88
7753;144;-88
7754;160;-88
7755;160;-80
7756;160;-72
7757;160;-72
7758;176;-64
7759;176;-56
7760;176;-64
7761;184;-56
7762;192;-64
7763;192;-56
7764;192;-56
7765;200;-56
7766;200;-56
7767;208;-56
7768;208;-64
7769;216;-64
7770;216;-64
7771;224;-64
7772;224;-64
7773;224;-64
7774;232;-64
7775;232;-64
7776;232;-64
7777;248;-64
7778;240;-64
7779;248;-64
7780;248;-120
7781;256;-120
7782;264;-120
7783;264;-128
7784;256;-128
7785;264;-136
7786;272;-136
7787;280;-136
7788;280;-144
7789;280;-144
7790;280;-144
7791;280;-144
7792;288;-144
7793;288;-144
7794;296;-136
7795;296;-136
7796;304;-128
7797;312;-128
7798;328;-120
7799;312;-112
7800;320;-112
7801;320;-112
7802;320;-112
7803;320;-112
7804;320;-112
7805;336;-112
7806;336;-112
7807;336;-112
7808;336;-112
7809;344;-112
7810;344;-112
7811;344;-112
7812;352;-120
7813;352;-120
7814;352;-120
7815;352;-120
7816;352;-120
7817;360;-120
7818;352;-120
7819;360;-120
7820;376;-120
7821;368;-120
7822;376;-120
7823;368;-120
7824;376;-128
7825;376;-120
7826;384;-120
7827;384;-120
7828;392;-120
7829;392;-128
7830;392;-128
7831;392;-136
7832;392;-144
7833;392;-144
7834;400;-136
7835;400;-144
7836;408;-136
7837;408;-144
7838;408;-144
7839;400;-136
7840;408;-136
7841;408;-128
7842;408;-120
7843;408;-120
7844;416;-112
7845;416;-120
7846;416;-112
7847;416;-112
7848;424;-112
7849;424;-112
7850;424;-112
7851;424;-112
7852;432;-120
7853;424;-112
7854;432;-112
7855;432;-112
7856;432;-112
7857;432;-112
7858;432;-112
7859;432;-120
7860;432;-120
7861;440;-112
7862;440;-120
7863;440;-120
7864;448;-120
7865;448;-120
7866;440;-120
7867;448;-120
7868;456;-120
7869;448;-120
7870;456;-120
7871;456;-120
7872;456;-120
7873;456;-120
7874;456;-120
7875;456;-128
7876;456;-128
7877;456;-136
7878;456;-136
7879;456;-136
7880;456;-144
7881;464;-144
7882;464;-144
7883;456;-136
7884;464;-64
7885;464;-56
7886;456;-56
7887;464;-56
7888;464;-48
7889;456;-40
7890;464;-40
7891;456;-40
7892;456;-40
7893;464;-40
7894;456;-40
7895;464;-40
7896;464;-40
7897;464;-40
7898;464;-40
7899;464;-40
7900;472;-40
7901;464;-48
7902;456;-48
7903;456;-48
7904;456;-48
7905;464;-48
7906;456;-48
7907;464;-48
7908;464;-48
7909;464;-48
7910;464;-48
7911;456;-48
7912;456;-48
7913;456;-48
7914;448;-48
7915;456;-48
7916;456;-48
7917;456;-40
7918;464;-48
7919;456;-48
7920;464;-48
7921;472;-48
7922;456;-48
7923;456;-56
7924;456;-56
7925;448;-56
7926;448;-64
7927;440;-64
7928;448;-72
7929;448;-72
7930;448;-72
7931;448;-72
7932;440;-72
7933;440;-72
7934;440;-64
7935;432;-56
7936;440;-48
7937;432;-48
7938;432;-40
7939;432;-40
7940;432;-40
7941;416;-32
7942;424;-32
7943;424;-40
7944;424;-40
7945;424;-40
7946;424;-40
7947;416;-40
7948;416;-40
7949;408;-40
7950;408;-40
7951;416;-40
7952;408;-40
7953;408;-40
7954;400;-48
7955;416;-48
7956;400;-48
7957;400;-48
7958;400;-40
7959;400;-48
7960;392;-40
7961;384;-48
7962;384;-48
7963;384;-40
7964;384;-48
7965;384;-48
7966;384;-48
7967;376;-48
7968;384;-48
7969;376;-40
7970;368;-48
7971;368;-56
7972;368;-56
7973;360;-56
7974;368;-64
7975;368;-64
7976;360;-64
7977;352;-72
7978;352;-64
7979;352;-72
7980;352;-64
7981;344;-64
7982;336;-64
7983;336;-56
7984;328;-48
7985;328;-40
7986;328;-40
7987;328;-32
7988;328;88
7989;312;104
7990;312;104
7991;312;96
7992;312;96
7993;304;96
7994;304;96
7995;304;96
7996;296;88
7997;296;96
7998;288;88
7999;288;96
8000;280;88
8001;280;88
8002;280;88
8003;272;88
8004;272;88
8005;264;88
8006;264;88
8007;264;88
8008;256;80
8009;256;80
8010;248;80
8011;248;72
8012;248;72
8013;240;64
8014;232;64
8015;240;64
8016;232;64
8017;224;64
8018;224;64
8019;216;64
8020;216;64
8021;216;72
8022;208;72
8023;200;80
8024;200;88
8025;200;88
8026;192;96
8027;192;96
8028;184;96
8029;184;104
8030;184;96
8031;176;96
8032;176;96
8033;160;96
8034;168;96
8035;160;96
8036;152;88
8037;152;88
8038;152;88
8039;152;88
8040;144;88
8041;136;88
8042;136;88
8043;120;88
8044;128;88
8045;120;88
8046;128;88
8047;112;88
8048;112;88
8049;104;88
8050;104;88
8051;104;88
8052;96;88
8053;96;88
8054;88;88
8055;80;88
8056;80;88
8057;88;88
8058;72;88
8059;72;80
8060;64;80
8061;56;80
8062;56;72
8063;56;72
8064;56;64
8065;48;64
8066;40;56
8067;32;64
8068;32;56
8069;24;64
8070;16;72
8071;8;80
8072;8;80
8073;8;88
8074;0;96
8075;0;104
8076;-8;96
8077;-8;104
8078;-24;104
8079;-16;96
8080;-24;96
8081;-24;96
8082;-32;96
8083;-32;96
8084;-40;96
8085;-48;88
8086;-48;88
8087;-56;88
8088;-56;88
8089;-64;88
8090;-64;88
8091;-72;88
8092;-80;88
8093;-80;168
8094;-88;168
8095;-88;160
8096;-96;160
8097;-96;160
8098;-104;152
8099;-104;152
8100;-112;144
8101;-112;144
8102;-120;144
8103;-120;136
8104;-120;136
8105;-136;144
8106;-136;144
8107;-144;152
8108;-144;160
8109;-152;160
8110;-160;160
8111;-160;176
8112;-144;176
8113;-168;176
8114;-168;184
8115;-176;184
8116;-176;176
8117;-184;176
8118;-200;176
8119;-192;176
8120;-200;176
8121;-200;176
8122;-208;176
8123;-216;176
8124;-216;168
8125;-216;168
8126;-224;168
8127;-232;168
8128;-232;168
8129;-240;168
8130;-240;168
8131;-248;168
8132;-264;168
8133;-256;168
8134;-256;168
8135;-272;160
8136;-272;168
8137;-272;160
8138;-280;160
8139;-280;168
8140;-288;160
8141;-288;160
8142;-296;168
8143;-304;160
8144;-304;168
8145;-312;160
8146;-320;152
8147;-320;152
8148;-328;152
8149;-328;144
8150;-328;144
8151;-328;144
8152;-336;136
8153;-360;136
8154;-352;136
8155;-352;136
8156;-352;152
8157;-360;152
8158;-360;160
8159;-360;168
8160;-368;168
8161;-376;176
8162;-376;176
8163;-376;176
8164;-384;184
8165;-384;176
8166;-384;176
8167;-384;168
8168;-384;176
8169;-400;176
8170;-400;168
8171;-392;168
8172;-392;168
8173;-400;168
8174;-400;168
8175;-400;168
8176;-408;168
8177;-408;168
8178;-408;168
8179;-408;168
8180;-416;160
8181;-416;168
8182;-408;160
8183;-416;168
8184;-416;160
8185;-416;160
8186;-416;160
8187;-416;160
8188;-424;168
8189;-424;160
8190;-424;152
8191;-432;160
8192;-424;152
8193;-432;152
8194;-424;144
8195;-432;144
8196;-424;144
8197;-432;72
8198;-432;72
8199;-432;64
8200;-440;72
8201;-440;80
8202;-440;80
8203;-432;88
8204;-440;88
8205;-432;96
8206;-440;104
8207;-440;104
8208;-440;104
8209;-440;112
8210;-440;104
8211;-440;104
8212;-448;104
8213;-448;104
8214;-432;104
8215;-440;104
8216;-448;104
8217;-448;104
8218;-440;104
8219;-440;104
8220;-448;96
8221;-448;96
8222;-448;104
8223;-448;96
8224;-448;96
8225;-456;96
8226;-448;96
8227;-456;96
8228;-464;96
8229;-448;96
8230;-456;96
8231;-448;96
8232;-448;96
8233;-456;96
8234;-448;96
8235;-440;96
8236;-456;96
8237;-456;96
8238;-456;96
8239;-464;88
8240;-456;80
8241;-456;80
8242;-456;80
8243;-448;72
8244;-448;72
8245;-448;72
8246;-448;64
8247;-448;72
8248;-448;72
8249;-448;72
8250;-448;80
8251;-448;88
8252;-448;96
8253;-448;104
8254;-448;104
8255;-440;104
8256;-448;112
8257;-448;104
8258;-440;104
8259;-448;104
8260;-448;104
8261;-440;104
8262;-440;104
8263;-440;104
8264;-440;96
8265;-440;96
8266;-440;104
8267;-440;96
8268;-440;96
8269;-432;96
8270;-440;96
8271;-440;96
8272;-432;96
8273;-440;96
8274;-432;96
8275;-440;96
8276;-432;96
8277;-424;96
8278;-424;96
8279;-424;96
8280;-424;96
8281;-424;88
8282;-416;96
8283;-416;88
8284;-416;88
8285;-416;80
8286;-408;80
8287;-416;80
8288;-408;80
8289;-416;72
8290;-408;64
8291;-400;72
8292;-408;64
8293;-400;72
8294;-400;72
8295;-400;88
8296;-392;96
8297;-392;96
8298;-392;96
8299;-384;104
8300;-392;104
8301;-384;-16
8302;-384;-16
8303;-392;-16
8304;-384;-16
8305;-384;-16
8306;-376;-16
8307;-376;-24
8308;-376;-24
8309;-376;-16
8310;-392;-24
8311;-368;-24
8312;-360;-24
8313;-360;-24
8314;-360;-24
8315;-352;-24
8316;-344;-24
8317;-352;-24
8318;-344;-32
8319;-344;-24
8320;-336;-24
8321;-336;-24
8322;-336;-32
8323;-320;-32
8324;-320;-32
8325;-320;-40
8326;-312;-40
8327;-304;-40
8328;-304;-48
8329;-296;-48
8330;-288;-56
8331;-280;-56
8332;-280;-48
8333;-272;-48
8334;-264;-40
8335;-256;-40
8336;-256;-32
8337;-248;-24
8338;-248;-24
8339;-240;-16
8340;-232;-16
8341;-224;-16
8342;-224;-16
8343;-208;-16
8344;-216;-16
8345;-200;-16
8346;-200;-16
8347;-192;-16
8348;-184;-24
8349;-184;-24
8350;-176;-24
8351;-168;-24
8352;-168;-24
8353;-160;-24
8354;-160;-24
8355;-152;-24
8356;-144;-24
8357;-144;-24
8358;-128;-24
8359;-128;-24
8360;-120;-24
8361;-120;-32
8362;-112;-24
8363;-104;-32
8364;-104;-32
8365;-96;-24
8366;-96;-32
8367;-88;-24
8368;-80;-32
8369;-80;-32
8370;-72;-32
8371;-64;-40
8372;-64;-40
8373;-56;-40
8374;-56;-48
8375;-48;-56
8376;-40;-56
8377;-40;-48
8378;-24;-56
8379;-24;-56
8380;-24;-48
8381;-24;-40
8382;-16;-32
8383;-8;-32
8384;-8;-32
8385;-8;-24
8386;0;-16
8387;8;-16
8388;16;-16
8389;16;-16
8390;16;-16
8391;24;-16
8392;24;-16
8393;32;-16
8394;40;-16
8395;40;-16
8396;48;-16
8397;56;-24
8398;48;-24
8399;64;-24
8400;64;-24
8401;72;-24
8402;80;-24
8403;80;-24
8404;88;-24
8405;96;-104
8406;96;-104
8407;96;-104
8408;104;-104
8409;112;-112
8410;112;-120
8411;120;-120
8412;112;-120
8413;128;-120
8414;136;-128
8415;136;-128
8416;144;-136
8417;144;-120
8418;152;-128
8419;160;-128
8420;160;-120
8421;160;-112
8422;168;-112
8423;168;-104
8424;176;-104
8425;184;-96
8426;208;-96
8427;192;-96
8428;192;-96
8429;200;-96
8430;200;-96
8431;200;-104
8432;200;-104
8433;216;-96
8434;216;-96
8435;216;-104
8436;216;-104
8437;224;-104
8438;224;-104
8439;232;-104
8440;232;-104
8441;240;-104
8442;240;-104
8443;240;-104
8444;248;-112
8445;248;-104
8446;240;-104
8447;256;-104
8448;264;-104
8449;264;-104
8450;264;-112
8451;272;-104
8452;272;-112
8453;280;-112
8454;288;-112
8455;288;-112
8456;288;-120
8457;288;-120
8458;296;-128
8459;296;-120
8460;304;-128
8461;304;-128
8462;304;-128
8463;312;-128
8464;312;-120
8465;312;-120
8466;320;-120
8467;296;-112
8468;328;-104
8469;328;-96
8470;328;-104
8471;328;-96
8472;328;-96
8473;344;-96
8474;336;-96
8475;344;-96
8476;344;-96
8477;352;-96
8478;352;-96
8479;352;-104
8480;360;-104
8481;352;-104
8482;360;-104
8483;360;-104
8484;368;-104
8485;368;-104
8486;368;-104
8487;384;-104
8488;376;-104
8489;376;-104
8490;376;-104
8491;384;-104
8492;384;-104
8493;384;-104
8494;392;-104
8495;392;-104
8496;392;-104
8497;392;-104
8498;400;-104
8499;400;-104
8500;408;-104
8501;392;-104
8502;400;-112
8503;408;-104
8504;408;-104
8505;416;-104
8506;408;-104
8507;416;-104
8508;424;-112
8509;416;-88
8510;416;-88
8511;416;-96
8512;416;-96
8513;424;-96
8514;416;-96
8515;424;-104
8516;424;-104
8517;432;-104
8518;432;-104
8519;432;-104
8520;432;-112
8521;432;-104
8522;432;-104
8523;440;-96
8524;440;-96
8525;440;-88
8526;432;-88
8527;440;-80
8528;440;-80
8529;440;-80
8530;440;-80
8531;440;-80
8532;448;-80
8533;448;-80
8534;448;-80
8535;456;-80
8536;456;-80
8537;456;-80
8538;456;-80
8539;456;-80
8540;456;-80
8541;456;-80
8542;456;-80
8543;456;-88
8544;456;-88
8545;464;-80
8546;456;-88
8547;456;-80
8548;464;-80
8549;456;-88
8550;464;-88
8551;464;-88
8552;456;-88
8553;464;-88
8554;456;-80
8555;456;-88
8556;464;-80
8557;456;-88
8558;456;-88
8559;456;-88
8560;456;-88
8561;464;-88
8562;464;-88
8563;464;-88
8564;464;-96
8565;464;-96
8566;456;-96
8567;456;-104
8568;464;-104
8569;456;-104
8570;464;-104
8571;464;-104
8572;456;-112
8573;464;-104
8574;456;-104
8575;464;-96
8576;456;-88
8577;464;-88
8578;456;-80
8579;456;-80
8580;456;-72
8581;456;-80
8582;456;-72
8583;456;-80
8584;456;-80
8585;456;-72
8586;456;-80
8587;448;-80
8588;456;-80
8589;456;-80
8590;448;-80
8591;448;-80
8592;448;-80
8593;448;-80
8594;440;-80
8595;440;-88
8596;440;-88
8597;440;-80
8598;440;-88
8599;440;-88
8600;440;-80
8601;432;-88
8602;432;-88
8603;424;-88
8604;432;-88
8605;432;-88
8606;432;-96
8607;424;-96
8608;424;-96
8609;416;-104
8610;416;-104
8611;424;-104
8612;416;-112
8613;416;-112
8614;416;-104
8615;408;16
8616;408;16
8617;408;32
8618;408;32
8619;408;40
8620;400;40
8621;400;48
8622;400;48
8623;392;48
8624;392;48
8625;392;48
8626;384;40
8627;384;48
8628;384;40
8629;384;40
8630;376;48
8631;376;40
8632;376;40
8633;376;40
8634;376;40
8635;368;40
8636;360;40
8637;368;40
8638;360;40
8639;352;40
8640;360;40
8641;360;40
8642;352;40
8643;352;32
8644;360;32
8645;344;32
8646;336;24
8647;344;24
8648;336;24
8649;336;16
8650;328;16
8651;328;8
8652;320;16
8653;320;16
8654;312;8
8655;312;16
8656;312;16
8657;304;24
8658;296;32
8659;304;32
8660;296;40
8661;296;40
8662;296;48
8663;288;40
8664;288;48
8665;296;48
8666;280;48
8667;280;48
8668;272;48
8669;264;48
8670;264;48
8671;256;48
8672;256;40
8673;256;40
8674;256;40
8675;248;40
8676;248;40
8677;240;40
8678;240;40
8679;240;40
8680;232;32
8681;224;40
8682;224;40
8683;224;40
8684;216;40
8685;224;40
8686;208;40
8687;208;32
8688;200;32
8689;200;32
8690;200;24
8691;200;24
8692;192;24
8693;184;16
8694;184;16
8695;176;16
8696;176;8
8697;168;8
8698;168;16
8699;176;16
8700;160;24
8701;152;24
8702;152;24
8703;144;32
8704;136;40
8705;136;48
8706;136;40
8707;136;48
8708;128;48
8709;128;48
8710;120;48
8711;112;48
8712;112;48
8713;112;40
8714;104;40
8715;104;40
8716;96;40
8717;96;40
8718;96;152
8719;72;152
8720;88;152
8721;80;152
8722;72;144
8723;72;144
8724;72;136
8725;64;128
8726;72;128
8727;56;128
8728;56;128
8729;48;120
8730;48;128
8731;48;128
8732;32;128
8733;32;136
8734;24;152
8735;16;152
8736;16;160
8737;8;160
8738;8;160
8739;0;160
8740;-24;160
8741;-8;160
8742;-16;160
8743;-16;160
8744;-24;160
8745;-24;160
8746;-24;152
8747;-32;152
8748;-32;152
8749;-40;160
8750;-40;152
8751;-56;152
8752;-56;152
8753;-64;152
8754;-64;152
8755;-72;152
8756;-72;152
8757;-80;152
8758;-88;152
8759;-88;152
8760;-88;144
8761;-96;152
8762;-96;144
8763;-104;144
8764;-104;144
8765;-112;136
8766;-112;136
8767;-128;128
8768;-120;128
8769;-128;128
8770;-136;128
8771;-144;120
8772;-136;120
8773;-144;128
8774;-152;128
8775;-152;128
8776;-160;136
8777;-168;144
8778;-168;144
8779;-176;152
8780;-176;152
8781;-176;160
8782;-184;160
8783;-192;160
8784;-200;160
8785;-200;160
8786;-208;160
8787;-216;160
8788;-216;160
8789;-216;160
8790;-224;152
8791;-232;152
8792;-232;152
8793;-240;152
8794;-240;152
8795;-248;152
8796;-256;152
8797;-256;152
8798;-264;152
8799;-264;152
8800;-272;152
8801;-272;152
8802;-280;144
8803;-288;152
8804;-288;152
8805;-288;144
8806;-296;144
8807;-304;152
8808;-296;152
8809;-312;152
8810;-320;144
8811;-320;144
8812;-320;144
8813;-320;136
8814;-328;136
8815;-344;128
8816;-336;128
8817;-344;128
8818;-344;128
8819;-344;120
8820;-352;120
8821;-352;120
8822;-344;112
8823;-368;120
8824;-376;120
8825;-368;128
8826;-376;128
8827;-376;136
8828;-384;144
8829;-384;144
8830;-384;144
8831;-384;152
8832;-392;144
8833;-392;144
8834;-392;144
8835;-392;144
8836;-392;144
8837;-392;144
8838;-400;144
8839;-400;144
8840;-400;144
8841;-408;144
8842;-400;136
8843;-408;136
8844;-408;136
8845;-416;136
8846;-416;136
8847;-416;136
8848;-416;136
8849;-424;136
8850;-416;136
8851;-424;136
8852;-424;136
8853;-424;136
8854;-424;120
8855;-416;120
8856;-416;120
8857;-424;120
8858;-432;112
8859;-432;112
8860;-432;112
8861;-432;112
8862;-432;112
8863;-432;112
8864;-440;120
8865;-440;128
8866;-432;136
8867;-432;136
8868;-440;144
8869;-440;152
8870;-440;144
8871;-440;144
8872;-440;152
8873;-440;144
8874;-440;144
8875;-440;144
8876;-448;144
8877;-440;136
8878;-440;144
8879;-440;144
8880;-448;136
8881;-440;136
8882;-448;136
8883;-448;136
8884;-448;136
8885;-448;136
8886;-448;136
8887;-448;136
8888;-448;136
8889;-448;136
8890;-448;136
8891;-448;128
8892;-456;136
8893;-448;136
8894;-456;136
8895;-456;136
8896;-456;136
8897;-464;128
8898;-448;128
8899;-456;120
8900;-456;120
8901;-456;112
8902;-456;120
8903;-456;112
8904;-456;104
8905;-456;104
8906;-448;112
8907;-456;112
8908;-448;112
8909;-456;120
8910;-448;120
8911;-448;128
8912;-448;136
8913;-448;136
8914;-448;144
8915;-448;144
8916;-448;144
8917;-440;144
8918;-448;144
8919;-448;144
8920;-448;144
8921;-448;144
8922;-448;144
8923;-448;136
8924;-440;144
8925;-440;144
8926;-448;24
8927;-440;24
8928;-440;16
8929;-448;16
8930;-440;16
8931;-448;16
8932;-440;8
8933;-432;0
8934;-440;0
8935;-440;-8
8936;-432;-8
8937;-432;-8
8938;-416;-8
8939;-432;-8
8940;-424;-8
8941;-424;0
8942;-432;8
8943;-424;8
8944;-424;16
8945;-424;24
8946;-416;24
8947;-416;24
8948;-416;32
8949;-416;24
8950;-416;24
8951;-408;24
8952;-408;24
8953;-408;24
8954;-408;24
8955;-408;16
8956;-400;24
8957;-408;16
8958;-392;16
8959;-400;16
8960;-400;16
8961;-400;16
8962;-392;16
8963;-392;16
8964;-384;16
8965;-384;16
8966;-392;16
8967;-384;16
8968;-384;16
8969;-384;16
8970;-384;8
8971;-376;16
8972;-368;16
8973;-376;8
8974;-376;8
8975;-376;0
8976;-368;0
8977;-368;0
8978;-368;-8
8979;-368;-8
8980;-360;-16
8981;-352;-8
8982;-352;-8
8983;-344;-8
8984;-344;-8
8985;-336;0
8986;-336;0
8987;-328;8
8988;-328;16
8989;-328;16
8990;-312;24
8991;-320;24
8992;-312;24
8993;-304;24
8994;-296;24
8995;-296;24
8996;-280;24
8997;-280;24
8998;-272;24
8999;-264;24
9000;-264;16
9001;-256;24
9002;-248;16
9003;-248;16
9004;-240;16
9005;-232;16
9006;-232;16
9007;-224;16
9008;-216;16
9009;-208;16
9010;-208;16
9011;-200;8
9012;-192;8
9013;-192;16
9014;-184;16
9015;-184;16
9016;-176;16
9017;-168;8
9018;-168;8
9019;-152;8
9020;-152;8
9021;-144;0
9022;-136;0
9023;-136;-8
9024;-128;-8
9025;-120;-8
9026;-112;-16
9027;-112;-16
9028;-104;-16
9029;-104;-8
9030;-104;-96
9031;-96;-96
9032;-88;-88
9033;-88;-88
9034;-80;-80
9035;-72;-80
9036;-72;-72
9037;-72;-72
9038;-64;-72
9039;-56;-72
9040;-56;-72
9041;-48;-72
9042;-40;-72
9043;-40;-80
9044;-32;-72
9045;-24;-72
9046;-16;-80
9047;-8;-80
9048;-16;-80
9049;-8;-80
9050;-8;-80
9051;0;-80
9052;8;-80
9053;8;-80
9054;8;-80
9055;24;-80
9056;24;-80
9057;32;-80
9058;32;-80
9059;40;-80
9060;40;-80
9061;48;-80
9062;56;-88
9063;56;-88
9064;64;-88
9065;64;-88
9066;72;-96
9067;80;-96
9068;80;-104
9069;88;-104
9070;96;-104
9071;96;-104
9072;104;-96
9073;104;-104
9074;128;-96
9075;120;-96
9076;120;-88
9077;128;-80
9078;128;-80
9079;136;-80
9080;136;-72
9081;144;-72
9082;152;-72
9083;152;-72
9084;160;-72
9085;160;-72
9086;160;-72
9087;168;-72
9088;160;-72
9089;168;-80
9090;184;-80
9091;192;-80
9092;192;-80
9093;200;-80
9094;200;-80
9095;224;-80
9096;208;-80
9097;208;-80
9098;208;-80
9099;216;-80
9100;216;-80
9101;216;-80
9102;224;-80
9103;224;-80
9104;232;-80
9105;232;-80
9106;240;-80
9107;240;-80
9108;248;-80
9109;248;-80
9110;248;-88
9111;256;-88
9112;256;-96
9113;264;-88
9114;264;-96
9115;264;-104
9116;280;-96
9117;272;-104
9118;280;-104
9119;288;-104
9120;288;-96
9121;288;-96
9122;296;-88
9123;296;-80
9124;296;-80
9125;304;-72
9126;304;-72
9127;304;-72
9128;312;-72
9129;328;-72
9130;312;-72
9131;320;-72
9132;320;-72
9133;328;-72
9134;328;-112
9135;328;-104
9136;328;-112
9137;336;-112
9138;344;-112
9139;344;-112
9140;352;-120
9141;352;-120
9142;352;-120
9143;352;-128
9144;352;-136
9145;360;-128
9146;360;-128
9147;368;-136
9148;368;-128
9149;352;-120
9150;376;-120
9151;368;-120
9152;376;-112
9153;376;-104
9154;376;-104
9155;384;-96
9156;384;-104
9157;384;-96
9158;392;-96
9159;384;-104
9160;392;-104
9161;392;-104
9162;392;-104
9163;392;-104
9164;400;-112
9165;400;-112
9166;400;-112
9167;408;-104
9168;408;-104
9169;408;-112
9170;392;-112
9171;408;-112
9172;416;-112
9173;408;-112
9174;416;-112
9175;416;-112
9176;424;-112
9177;424;-112
9178;424;-112
9179;424;-112
9180;424;-112
9181;432;-112
9182;432;-112
9183;432;-120
9184;432;-120
9185;432;-128
9186;432;-128
9187;440;-128
9188;432;-128
9189;440;-128
9190;448;-136
9191;440;-136
9192;440;-128
9193;448;-120
9194;448;-120
9195;440;-112
9196;448;-112
9197;440;-104
9198;448;-104
9199;456;-96
9200;456;-96
9201;448;-104
9202;456;-96
9203;456;-104
9204;456;-104
9205;456;-104
9206;456;-104
9207;456;-104
9208;456;-104
9209;456;-104
9210;456;-104
9211;464;-112
9212;464;-112
9213;456;-104
9214;464;-112
9215;464;-112
9216;464;-112
9217;448;-112
9218;464;-104
9219;456;-112
9220;456;-112
9221;464;-104
9222;456;-112
9223;456;-112
9224;456;-112
9225;464;-112
9226;456;-112
9227;456;-112
9228;464;-120
9229;456;-120
9230;464;-120
9231;464;-128
9232;464;-136
9233;456;-136
9234;464;-136
9235;464;-128
9236;464;-128
9237;456;-120
9238;464;-120
9239;456;-16
9240;464;-16
9241;464;-8
9242;456;-8
9243;464;-8
9244;456;0
9245;448;0
9246;456;0
9247;456;0
9248;456;0
9249;456;-8
9250;456;-8
9251;456;-8
9252;472;-8
9253;448;-8
9254;448;0
9255;448;-8
9256;448;-8
9257;448;-8
9258;440;-8
9259;440;-8
9260;440;-16
9261;440;-8
9262;440;-8
9263;440;-16
9264;440;-8
9265;440;-8
9266;432;-8
9267;432;-16
9268;432;-16
9269;432;-16
9270;432;-24
9271;432;-24
9272;416;-32
9273;424;-32
9274;416;-32
9275;424;-40
9276;416;-32
9277;416;-32
9278;416;-32
9279;416;-24
9280;408;-24
9281;408;-24
9282;408;-16
9283;400;-8
9284;400;-8
9285;400;0
9286;424;0
9287;400;0
9288;400;0
9289;392;0
9290;392;0
9291;392;0
9292;384;0
9293;392;-8
9294;392;-8
9295;376;0
9296;376;0
9297;376;-8
9298;376;-8
9299;368;-8
9300;368;-8
9301;368;-8
9302;368;-8
9303;368;-8
9304;360;-8
9305;360;0
9306;344;-8
9307;352;-8
9308;352;-16
9309;344;-8
9310;344;-8
9311;344;-16
9312;344;-8
9313;336;-16
9314;336;-8
9315;328;-8
9316;328;-8
9317;328;-16
9318;320;-16
9319;320;-16
9320;320;-16
9321;304;-16
9322;304;-24
9323;304;-32
9324;296;-32
9325;296;-32
9326;296;-32
9327;272;-40
9328;288;-32
9329;280;-32
9330;280;-32
9331;280;-24
9332;272;-24
9333;280;-16
9334;272;-8
9335;272;0
9336;264;0
9337;256;0
9338;256;-8
9339;256;0
9340;256;0
9341;248;0
9342;248;0
9343;240;128
9344;240;128
9345;232;128
9346;232;128
9347;232;128
9348;224;120
9349;216;128
9350;216;128
9351;216;120
9352;208;120
9353;208;120
9354;200;120
9355;192;120
9356;192;120
9357;192;120
9358;184;120
9359;184;120
9360;184;120
9361;176;120
9362;168;112
9363;160;112
9364;160;104
9365;160;104
9366;160;104
9367;144;96
9368;152;96
9369;144;96
9370;136;96
9371;136;96
9372;128;96
9373;128;104
9374;120;112
9375;120;120
9376;120;120
9377;112;128
9378;104;136
9379;104;128
9380;104;128
9381;104;128
9382;96;128
9383;88;128
9384;88;128
9385;88;128
9386;80;120
9387;72;128
9388;80;128
9389;64;128
9390;64;120
9391;64;128
9392;56;120
9393;56;120
9394;48;120
9395;48;120
9396;40;120
9397;32;120
9398;24;120
9399;24;120
9400;16;112
9401;8;112
9402;0;112
9403;0;104
9404;0;104
9405;0;96
9406;-8;96
9407;-8;96
9408;-16;88
9409;-16;88
9410;-24;96
9411;-32;96
9412;-32;104
9413;-40;112
9414;-40;120
9415;-48;120
9416;-56;128
9417;-56;128
9418;-64;136
9419;-64;128
9420;-72;128
9421;-72;136
9422;-80;128
9423;-88;128
9424;-88;128
9425;-88;128
9426;-96;120
9427;-96;120
9428;-104;120
9429;-112;120
9430;-112;120
9431;-120;120
9432;-120;120
9433;-128;120
9434;-128;120
9435;-136;120
9436;-144;120
9437;-144;120
9438;-144;120
9439;-152;120
9440;-160;120
9441;-160;120
9442;-168;120
9443;-168;120
9444;-168;120
9445;-176;120
9446;-184;120
9447;-192;168
9448;-192;160
9449;-192;160
9450;-200;160
9451;-208;152
9452;-216;152
9453;-216;144
9454;-216;144
9455;-224;136
9456;-232;136
9457;-240;136
9458;-232;144
9459;-240;144
9460;-248;152
9461;-256;152
9462;-256;160
9463;-264;168
9464;-272;168
9465;-272;176
9466;-272;176
9467;-280;176
9468;-280;176
9469;-288;176
9470;-296;176
9471;-304;176
9472;-296;184
9473;-304;176
9474;-312;168
9475;-312;168
9476;-312;176
9477;-320;168
9478;-328;168
9479;-328;168
9480;-336;168
9481;-336;168
9482;-344;168
9483;-344;168
9484;-344;168
9485;-360;160
9486;-360;168
9487;-360;168
9488;-368;160
9489;-368;168
9490;-376;160
9491;-376;160
9492;-376;160
9493;-376;152
9494;-384;152
9495;-384;144
9496;-384;144
9497;-392;144
9498;-392;136
9499;-392;136
9500;-392;136
9501;-400;136
9502;-400;144
9503;-400;144
9504;-392;152
9505;-400;160
9506;-408;168
9507;-408;168
9508;-408;168
9509;-408;176
9510;-408;176
9511;-408;176
9512;-416;176
9513;-416;184
9514;-416;176
9515;-416;176
9516;-416;176
9517;-424;168
9518;-424;176
9519;-424;168
9520;-424;168
9521;-424;168
9522;-432;168
9523;-432;168
9524;-432;168
9525;-408;168
9526;-432;168
9527;-432;160
9528;-432;160
9529;-432;160
9530;-432;160
9531;-440;160
9532;-432;160
9533;-432;160
9534;-440;160
9535;-440;160
9536;-440;168
9537;-440;160
9538;-440;160
9539;-440;160
9540;-440;160
9541;-448;160
9542;-440;152
9543;-448;152
9544;-440;144
9545;-456;136
9546;-448;136
9547;-448;136
9548;-448;136
9549;-448;144
9550;-448;144
9551;-448;48
9552;-448;56
9553;-448;56
9554;-456;56
9555;-456;64
9556;-456;64
9557;-456;72
9558;-448;72
9559;-432;72
9560;-456;72
9561;-456;80
9562;-456;72
9563;-456;72
9564;-448;72
9565;-456;72
9566;-448;72
9567;-456;64
9568;-456;64
9569;-448;64
9570;-456;64
9571;-456;64
9572;-456;64
9573;-456;64
9574;-456;64
9575;-456;64
9576;-448;64
9577;-448;64
9578;-456;56
9579;-464;64
9580;-456;64
9581;-448;64
9582;-456;64
9583;-448;56
9584;-448;56
9585;-448;48
9586;-448;40
9587;-448;40
9588;-448;40
9589;-440;40
9590;-440;40
9591;-440;40
9592;-440;40
9593;-440;40
9594;-440;48
9595;-440;48
9596;-440;56
9597;-440;64
9598;-432;72
9599;-440;72
9600;-456;80
9601;-432;72
9602;-432;72
9603;-432;72
9604;-432;72
9605;-432;72
9606;-416;72
9607;-424;64
9608;-424;72
9609;-424;64
9610;-424;64
9611;-424;64
9612;-416;64
9613;-416;64
9614;-416;64
9615;-416;56
9616;-416;64
9617;-416;64
9618;-408;64
9619;-408;64
9620;-400;64
9621;-408;64
9622;-400;64
9623;-400;64
9624;-400;56
9625;-392;64
9626;-400;56
9627;-400;56
9628;-392;56
9629;-392;48
9630;-392;48
9631;-384;48
9632;-384;40
9633;-384;40
9634;-384;40
9635;-384;32
9636;-384;32
9637;-376;40
9638;-376;40
9639;-376;40
9640;-376;48
9641;-368;56
9642;-368;56
9643;-360;64
9644;-360;64
9645;-352;72
9646;-352;72
9647;-360;72
9648;-352;72
9649;-344;72
9650;-344;72
9651;-336;72
9652;-336;72
9653;-336;72
9654;-328;72
9655;-320;-48
9656;-312;-48
9657;-312;-56
9658;-296;-56
9659;-296;-56
9660;-288;-56
9661;-280;-64
9662;-280;-64
9663;-280;-64
9664;-272;-72
9665;-264;-72
9666;-256;-72
9667;-248;-80
9668;-240;-80
9669;-248;-72
9670;-240;-72
9671;-224;-64
9672;-224;-64
9673;-216;-64
9674;-208;-56
9675;-216;-48
9676;-200;-48
9677;-200;-40
9678;-184;-48
9679;-184;-40
9680;-176;-40
9681;-176;-40
9682;-160;-40
9683;-160;-48
9684;-160;-48
9685;-144;-48
9686;-144;-48
9687;-136;-48
9688;-136;-48
9689;-128;-56
9690;-120;-48
9691;-112;-48
9692;-112;-56
9693;-104;-48
9694;-104;-56
9695;-96;-56
9696;-88;-56
9697;-88;-56
9698;-80;-56
9699;-72;-48
9700;-72;-56
9701;-64;-48
9702;-64;-56
9703;-56;-56
9704;-48;-56
9705;-48;-64
9706;-40;-64
9707;-40;-64
9708;-32;-72
9709;-32;-80
9710;-24;-72
9711;-24;-72
9712;-16;-80
9713;-16;-80
9714;-8;-80
9715;0;-72
9716;8;-72
9717;8;-64
9718;16;-64
9719;24;-56
9720;24;-56
9721;24;-48
9722;32;-40
9723;40;-48
9724;40;-40
9725;48;-40
9726;48;-40
9727;56;-48
9728;56;-40
9729;56;-40
9730;72;-48
9731;72;-48
9732;80;-48
9733;88;-48
9734;96;-48
9735;88;-48
9736;96;-56
9737;96;-48
9738;104;-56
9739;112;-56
9740;120;-56
9741;128;-56
9742;128;-56
9743;128;-48
9744;136;-56
9745;136;-56
9746;144;-56
9747;144;-56
9748;152;-56
9749;160;-56
9750;168;-56
9751;168;-56
9752;168;-56
9753;176;-64
9754;184;-64
9755;184;-64
9756;184;-72
9757;192;-72
9758;192;-80
9759;192;-152
9760;200;-144
9761;208;-144
9762;208;-144
9763;216;-136
9764;216;-128
9765;216;-128
9766;224;-120
9767;224;-120
9768;232;-112
9769;232;-112
9770;232;-112
9771;232;-112
9772;240;-104
9773;248;-112
9774;248;-104
9775;256;-112
9776;256;-112
9777;272;-112
9778;264;-112
9779;264;-112
9780;272;-112
9781;272;-112
9782;272;-112
9783;280;-120
9784;280;-112
9785;288;-112
9786;288;-112
9787;296;-120
9788;288;-120
9789;304;-120
9790;304;-120
9791;296;-120
9792;304;-120
9793;304;-120
9794;312;-120
9795;320;-120
9796;320;-120
9797;328;-112
9798;344;-120
9799;328;-120
9800;336;-120
9801;336;-120
9802;336;-120
9803;336;-128
9804;336;-136
9805;344;-136
9806;352;-136
9807;352;-136
9808;352;-136
9809;352;-144
9810;352;-144
9811;352;-136
9812;360;-136
9813;360;-128
9814;368;-120
9815;368;-120
9816;376;-120
9817;376;-112
9818;384;-112
9819;376;-112
9820;376;-104
9821;384;-112
9822;384;-104
9823;384;-104
9824;392;-104
9825;400;-112
9826;392;-112
9827;400;-112
9828;400;-112
9829;400;-112
9830;400;-112
9831;400;-112
9832;408;-120
9833;408;-112
9834;400;-120
9835;408;-120
9836;408;-120
9837;408;-120
9838;408;-120
9839;408;-112
9840;416;-112
9841;416;-112
9842;416;-112
9843;424;-120
9844;424;-120
9845;424;-120
9846;424;-120
9847;424;-120
9848;432;-128
9849;432;-128
9850;432;-136
9851;432;-136
9852;424;-144
9853;432;-136
9854;432;-144
9855;440;-136
9856;440;-136
9857;440;-128
9858;440;-128
9859;440;-120
9860;448;-112
9861;448;-104
9862;448;-104
9863;456;-104
9864;448;-56
9865;456;-48
9866;448;-56
9867;456;-56
9868;456;-56
9869;456;-56
9870;456;-56
9871;456;-64
9872;456;-56
9873;448;-64
9874;456;-64
9875;456;-56
9876;456;-64
9877;456;-64
9878;456;-64
9879;464;-64
9880;456;-64
9881;464;-64
9882;456;-64
9883;464;-72
9884;464;-72
9885;456;-72
9886;456;-80
9887;464;-80
9888;456;-80
9889;456;-88
9890;464;-88
9891;464;-88
9892;456;-88
9893;456;-88
9894;456;-80
9895;456;-72
9896;464;-72
9897;464;-72
9898;464;-64
9899;464;-56
9900;456;-64
9901;456;-56
9902;464;-56
9903;464;-56
9904;456;-56
9905;464;-56
9906;464;-56
9907;464;-56
9908;456;-56
9909;456;-56
9910;456;-56
9911;456;-56
9912;456;-56
9913;456;-64
9914;448;-56
9915;456;-64
9916;456;-64
9917;456;-64
9918;448;-64
9919;448;-64
9920;448;-64
9921;448;-64
9922;448;-64
9923;448;-64
9924;448;-64
9925;440;-64
9926;440;-64
9927;440;-64
9928;440;-72
9929;440;-72
9930;432;-72
9931;432;-80
9932;432;-80
9933;432;-88
9934;440;-80
9935;432;-88
9936;432;-88
9937;424;-88
9938;424;-80
9939;416;-72
9940;424;-72
9941;424;-64
9942;416;-56
9943;416;-56
9944;408;-56
9945;408;-48
9946;408;-56
9947;408;-48
9948;392;-56
9949;408;-56
9950;400;-56
9951;400;-56
9952;400;-56
9953;400;-56
9954;400;-56
9955;408;-56
9956;392;-56
9957;384;-56
9958;392;-64
9959;384;-64
9960;384;-64
9961;376;-64
9962;376;-56
9963;376;-64
9964;368;-64
9965;368;-64
9966;368;-56
9967;368;-64
9968;368;72
9969;360;64
9970;360;64
9971;352;56
9972;352;56
9973;352;48
9974;352;48
9975;336;48
9976;344;48
9977;344;48
9978;336;40
9979;336;48
9980;328;48
9981;320;56
9982;328;56
9983;320;64
9984;320;72
9985;312;72
9986;304;80
9987;304;80
9988;304;80
9989;312;88
9990;296;88
9991;296;80
9992;288;80
9993;288;80
9994;280;80
9995;272;80
9996;280;80
9997;272;80
9998;272;80
9999;272;80
10000;264;72
