 Column1 ;Column2;Column3
Channel              :;CH1;CH2
Frequency            :;174,5Hz;174,7Hz
Period               :;5,731ms;5,725ms
PK-PK                :;428,0mV;140,0mV
Probe attenuation    :;1X;1X
Voltage per ADC value:;0,250000mV;0,250000mV
Time interval        :;10,00000uS;10,00000uS
;;
index;CH1_Voltage(mV);CH2_Voltage(mV)
1;-164;0
2;-164;0
3;-164;4
4;-168;4
5;-172;8
6;-168;8
7;-168;8
8;-168;12
9;-168;12
10;-164;12
11;-168;12
12;-172;16
13;-172;12
14;-172;16
15;-176;12
16;-176;12
17;-176;12
18;-176;12
19;-180;12
20;-176;12
21;-180;12
22;-180;12
23;-180;12
24;-176;12
25;-184;8
26;-180;12
27;-184;4
28;-184;4
29;-184;4
30;-184;4
31;-180;4
32;-184;4
33;-184;4
34;-188;4
35;-184;4
36;-184;4
37;-184;4
38;-176;4
39;-188;4
40;-188;4
41;-188;4
42;-188;0
43;-188;4
44;-188;4
45;-192;4
46;-188;0
47;-188;4
48;-188;0
49;-188;0
50;-188;0
51;-188;4
52;-192;4
53;-188;0
54;-188;4
55;-188;4
56;-184;4
57;-188;0
58;-188;0
59;-188;0
60;-184;0
61;-184;0
62;-184;-4
63;-184;-4
64;-180;-4
65;-184;-8
66;-188;-8
67;-184;-12
68;-184;-12
69;-180;-16
70;-180;-16
71;-176;-20
72;-180;-20
73;-168;-24
74;-180;-20
75;-176;-20
76;-176;-24
77;-176;-24
78;-172;-24
79;-172;-20
80;-164;-20
81;-172;-20
82;-172;-20
83;-172;-16
84;-168;-16
85;-168;-12
86;-168;-8
87;-168;-8
88;-168;-8
89;-164;-4
90;-164;0
91;-164;4
92;-172;4
93;-160;8
94;-160;8
95;-160;8
96;-156;12
97;-156;12
98;-156;16
99;-156;12
100;-156;16
101;-152;16
102;-152;16
103;-152;16
104;-148;16
105;-144;12
106;-144;12
107;-144;16
108;-144;12
109;-140;12
110;-140;12
111;-136;8
112;-140;8
113;-140;8
114;-136;8
115;-132;8
116;-132;8
117;-132;8
118;-128;8
119;-128;8
120;-116;8
121;-124;8
122;-124;8
123;-120;8
124;-120;52
125;-116;52
126;-116;52
127;-120;52
128;-112;48
129;-112;48
130;-108;48
131;-108;44
132;-104;44
133;-104;40
134;-96;40
135;-100;40
136;-96;36
137;-96;32
138;-96;32
139;-92;28
140;-92;28
141;-88;28
142;-88;28
143;-84;28
144;-84;24
145;-84;24
146;-84;24
147;-80;24
148;-76;24
149;-72;24
150;-72;24
151;-68;28
152;-68;32
153;-64;32
154;-60;36
155;-84;36
156;-60;36
157;-60;40
158;-56;44
159;-52;48
160;-56;48
161;-44;52
162;-56;52
163;-44;52
164;-44;56
165;-40;56
166;-40;56
167;-32;60
168;-36;60
169;-32;60
170;-32;60
171;-28;60
172;-28;60
173;-24;60
174;-20;60
175;-20;60
176;-16;56
177;-12;60
178;-16;56
179;-12;56
180;-8;56
181;-8;56
182;-4;56
183;-4;52
184;0;56
185;4;52
186;4;52
187;4;52
188;8;52
189;8;48
190;12;52
191;16;52
192;16;52
193;20;48
194;20;52
195;36;48
196;24;48
197;28;52
198;28;48
199;32;48
200;36;48
201;36;48
202;36;48
203;40;48
204;40;48
205;40;48
206;44;48
207;48;48
208;52;48
209;52;48
210;56;48
211;52;48
212;56;44
213;60;48
214;64;48
215;64;48
216;60;48
217;68;48
218;68;48
219;72;44
220;72;48
221;76;44
222;76;44
223;68;44
224;80;44
225;84;44
226;84;36
227;88;36
228;92;36
229;92;32
230;92;32
231;96;28
232;96;28
233;100;28
234;100;24
235;104;24
236;104;24
237;128;24
238;108;24
239;112;24
240;108;20
241;116;24
242;120;24
243;120;28
244;120;28
245;120;28
246;124;32
247;124;32
248;128;36
249;124;40
250;132;40
251;132;48
252;136;48
253;136;48
254;136;52
255;140;52
256;140;56
257;140;56
258;140;56
259;144;60
260;148;60
261;148;60
262;148;60
263;152;60
264;152;60
265;152;60
266;156;60
267;156;56
268;160;56
269;160;56
270;152;56
271;164;56
272;164;56
273;164;52
274;164;56
275;168;52
276;168;56
277;164;52
278;168;52
279;172;52
280;172;52
281;172;52
282;176;52
283;176;52
284;176;48
285;180;52
286;180;48
287;180;52
288;180;48
289;184;48
290;184;48
291;188;48
292;184;48
293;188;52
294;188;48
295;188;48
296;192;48
297;188;48
298;196;48
299;192;48
300;188;48
301;192;48
302;192;48
303;192;48
304;196;48
305;208;48
306;192;44
307;196;48
308;200;44
309;196;44
310;196;40
311;196;44
312;196;40
313;200;40
314;200;36
315;200;36
316;200;32
317;192;28
318;200;28
319;204;24
320;200;28
321;200;24
322;200;24
323;200;20
324;196;20
325;204;24
326;200;20
327;204;24
328;204;24
329;204;28
330;200;32
331;200;32
332;200;-48
333;204;-48
334;204;-44
335;204;-44
336;200;-44
337;200;-40
338;200;-40
339;204;-40
340;200;-36
341;204;-36
342;204;-36
343;200;-36
344;200;-32
345;192;-32
346;200;-32
347;200;-32
348;204;-32
349;200;-32
350;200;-28
351;200;-28
352;208;-32
353;200;-28
354;196;-28
355;200;-28
356;196;-28
357;196;-28
358;192;-28
359;196;-28
360;192;-32
361;192;-28
362;192;-32
363;188;-32
364;192;-32
365;188;-32
366;192;-32
367;188;-32
368;188;-32
369;188;-32
370;184;-32
371;184;-36
372;184;-32
373;180;-36
374;184;-36
375;180;-36
376;180;-36
377;180;-32
378;176;-36
379;176;-36
380;172;-36
381;176;-36
382;172;-40
383;176;-36
384;172;-36
385;172;-36
386;168;-40
387;148;-36
388;168;-40
389;168;-36
390;164;-36
391;160;-36
392;164;-36
393;156;-40
394;164;-36
395;160;-40
396;156;-36
397;156;-40
398;152;-40
399;156;-36
400;152;-40
401;148;-36
402;144;-36
403;144;-36
404;140;-36
405;140;-40
406;136;-40
407;140;-40
408;136;-36
409;136;-36
410;132;-36
411;132;-40
412;132;-40
413;124;-40
414;128;-40
415;128;-40
416;124;-44
417;124;-44
418;120;-48
419;120;-48
420;120;-48
421;120;-52
422;116;-56
423;112;-56
424;112;-56
425;108;-56
426;108;-56
427;96;-60
428;104;-60
429;104;-60
430;100;-60
431;96;-60
432;96;-60
433;96;-56
434;88;-60
435;92;-56
436;88;-56
437;84;-52
438;84;-52
439;84;-52
440;80;-48
441;80;-44
442;76;-40
443;76;-40
444;72;-40
445;72;-36
446;72;-36
447;68;-32
448;72;-32
449;64;-32
450;60;-28
451;60;-28
452;56;-28
453;56;-28
454;52;-28
455;56;-28
456;48;-28
457;48;-28
458;44;-28
459;44;-28
460;44;-28
461;40;-28
462;56;-28
463;36;-28
464;32;-28
465;32;-32
466;28;-32
467;28;-32
468;24;-32
469;20;-32
470;20;-32
471;20;-32
472;16;-32
473;16;-32
474;12;-32
475;8;-36
476;12;-32
477;8;-36
478;4;-36
479;0;-36
480;0;-36
481;-8;-36
482;0;-36
483;-4;-36
484;-8;-36
485;-8;-36
486;-12;-36
487;-12;-36
488;-16;-36
489;-16;-36
490;-20;-40
491;-24;-36
492;-24;-40
493;-28;-36
494;-28;-36
495;-32;-40
496;-32;-40
497;-36;-40
498;-36;-36
499;-36;-36
500;-40;-36
501;-44;-36
502;-56;-40
503;-48;-40
504;-52;-40
505;-52;-40
506;-52;-40
507;-56;-40
508;-56;-40
509;-60;-44
510;-60;-44
511;-60;-44
512;-64;-48
513;-64;-48
514;-68;-48
515;-72;-52
516;-68;-56
517;-76;-56
518;-76;-56
519;-76;-56
520;-80;-56
521;-80;-60
522;-84;-60
523;-80;-60
524;-88;-60
525;-88;-60
526;-92;-60
527;-92;-60
528;-92;-60
529;-96;-60
530;-96;-56
531;-100;-52
532;-104;-52
533;-104;-48
534;-104;-48
535;-108;-44
536;-112;-40
537;-108;-40
538;-112;-36
539;-116;-36
540;-116;40
541;-116;40
542;-124;44
543;-120;44
544;-140;44
545;-120;44
546;-124;48
547;-128;44
548;-132;48
549;-136;44
550;-132;44
551;-140;44
552;-136;44
553;-136;44
554;-136;44
555;-140;44
556;-140;44
557;-140;44
558;-140;40
559;-144;40
560;-148;40
561;-148;40
562;-152;40
563;-148;40
564;-152;36
565;-152;36
566;-152;36
567;-156;36
568;-156;36
569;-156;36
570;-160;32
571;-160;36
572;-156;36
573;-160;36
574;-160;36
575;-164;36
576;-164;32
577;-172;32
578;-168;36
579;-168;32
580;-168;36
581;-168;36
582;-168;36
583;-168;36
584;-160;36
585;-172;36
586;-172;36
587;-176;32
588;-176;36
589;-180;32
590;-176;32
591;-176;32
592;-176;36
593;-180;32
594;-180;28
595;-180;28
596;-184;24
597;-180;24
598;-180;20
599;-184;20
600;-184;20
601;-180;16
602;-184;16
603;-184;12
604;-184;12
605;-188;12
606;-184;8
607;-184;12
608;-188;8
609;-188;8
610;-188;8
611;-188;8
612;-196;8
613;-184;12
614;-188;12
615;-188;12
616;-188;16
617;-188;20
618;-184;20
619;-196;24
620;-184;28
621;-188;28
622;-188;32
623;-188;36
624;-184;36
625;-188;40
626;-168;40
627;-188;40
628;-188;44
629;-188;44
630;-188;44
631;-180;44
632;-184;44
633;-184;44
634;-188;44
635;-184;44
636;-184;44
637;-184;44
638;-188;44
639;-180;44
640;-180;44
641;-184;44
642;-180;44
643;-180;40
644;-180;40
645;-176;40
646;-180;40
647;-176;40
648;-176;36
649;-176;40
650;-176;40
651;-176;36
652;-168;36
653;-172;36
654;-172;40
655;-172;36
656;-168;36
657;-168;36
658;-168;36
659;-164;36
660;-164;36
661;-164;36
662;-164;32
663;-164;32
664;-164;36
665;-164;36
666;-168;36
667;-160;36
668;-156;32
669;-156;32
670;-156;32
671;-152;32
672;-152;32
673;-156;32
674;-152;32
675;-148;32
676;-148;32
677;-148;32
678;-144;32
679;-144;32
680;-140;32
681;-140;32
682;-140;32
683;-140;28
684;-136;28
685;-136;24
686;-136;24
687;-136;20
688;-132;20
689;-132;16
690;-128;16
691;-128;16
692;-120;12
693;-128;12
694;-100;12
695;-120;12
696;-120;8
697;-116;8
698;-120;8
699;-112;8
700;-112;8
701;-104;8
702;-108;12
703;-108;12
704;-104;16
705;-104;16
706;-108;20
707;-100;24
708;-96;32
709;-96;32
710;-96;36
711;-92;40
712;-92;44
713;-96;40
714;-84;44
715;-84;44
716;-84;44
717;-80;44
718;-80;48
719;-76;44
720;-72;44
721;-72;44
722;-68;44
723;-68;44
724;-68;44
725;-64;44
726;-60;44
727;-60;40
728;-60;40
729;-56;40
730;-56;40
731;-52;40
732;-52;40
733;-48;36
734;-48;40
735;-44;36
736;-44;36
737;-40;36
738;-36;36
739;-36;36
740;-32;36
741;-20;36
742;-32;36
743;-28;36
744;-28;36
745;-24;36
746;-20;36
747;-20;40
748;-20;36
749;-16;32
750;-12;32
751;-12;32
752;-12;28
753;-4;32
754;-4;28
755;0;24
756;0;24
757;0;20
758;4;20
759;4;16
760;8;16
761;8;16
762;8;12
763;16;12
764;16;12
765;20;12
766;20;8
767;20;8
768;24;8
769;16;8
770;28;4
771;28;4
772;32;4
773;32;4
774;36;8
775;40;8
776;28;12
777;40;12
778;44;16
779;44;20
780;48;20
781;52;24
782;52;24
783;68;28
784;56;32
785;60;32
786;60;36
787;64;36
788;72;40
789;64;40
790;68;40
791;68;40
792;72;44
793;72;44
794;76;40
795;80;44
796;80;40
797;80;40
798;84;40
799;84;40
800;88;40
801;88;44
802;96;40
803;96;40
804;96;40
805;96;36
806;100;36
807;100;36
808;104;36
809;108;36
810;108;36
811;108;36
812;112;36
813;112;32
814;116;32
815;116;36
816;128;36
817;120;32
818;120;32
819;124;32
820;128;32
821;124;32
822;128;28
823;128;32
824;136;32
825;136;32
826;136;32
827;136;32
828;136;32
829;140;32
830;140;32
831;144;32
832;148;32
833;148;32
834;148;32
835;152;32
836;152;32
837;148;32
838;156;28
839;156;28
840;156;32
841;160;32
842;164;32
843;160;28
844;156;32
845;164;32
846;168;28
847;168;28
848;168;28
849;172;28
850;168;24
851;184;24
852;172;24
853;176;20
854;172;20
855;176;16
856;176;16
857;176;16
858;188;12
859;180;12
860;180;8
861;180;8
862;184;8
863;180;8
864;184;4
865;188;4
866;184;4
867;184;8
868;184;4
869;188;4
870;180;12
871;192;8
872;188;12
873;192;12
874;192;16
875;192;20
876;192;24
877;192;24
878;192;28
879;192;28
880;196;32
881;196;32
882;196;36
883;196;36
884;196;40
885;196;40
886;200;40
887;196;40
888;200;40
889;200;44
890;200;44
891;188;44
892;200;44
893;200;40
894;200;40
895;200;40
896;200;40
897;200;40
898;200;40
899;200;40
900;200;36
901;200;36
902;200;36
903;204;36
904;200;36
905;204;32
906;200;32
907;200;36
908;200;36
909;200;32
910;204;36
911;200;32
912;208;32
913;200;36
914;200;32
915;200;32
916;200;32
917;204;32
918;200;32
919;204;32
920;200;32
921;200;32
922;200;32
923;200;32
924;196;32
925;200;32
926;204;28
927;196;28
928;196;32
929;196;32
930;192;32
931;192;32
932;192;32
933;176;32
934;192;28
935;192;32
936;188;32
937;188;32
938;180;28
939;188;32
940;180;28
941;188;28
942;184;28
943;184;28
944;180;32
945;188;28
946;180;28
947;180;28
948;180;28
949;180;32
950;176;28
951;176;28
952;180;32
953;172;28
954;176;32
955;172;32
956;172;28
957;168;-36
958;168;-40
959;172;-40
960;164;-40
961;164;-40
962;164;-44
963;164;-44
964;160;-44
965;160;-48
966;160;-48
967;156;-52
968;156;-52
969;156;-52
970;152;-52
971;152;-56
972;152;-56
973;160;-56
974;148;-56
975;148;-56
976;144;-56
977;140;-60
978;140;-56
979;140;-56
980;136;-56
981;140;-52
982;136;-52
983;132;-52
984;132;-48
985;132;-48
986;128;-44
987;128;-44
988;128;-40
989;124;-36
990;124;-36
991;120;-32
992;120;-28
993;116;-28
994;112;-24
995;116;-28
996;112;-24
997;108;-24
998;108;-24
999;104;-24
1000;104;-20
1001;88;-24
1002;104;-24
1003;100;-24
1004;96;-24
1005;96;-24
1006;96;-24
1007;92;-24
1008;88;-24
1009;88;-24
1010;84;-24
1011;84;-28
1012;84;-28
1013;80;-28
1014;80;-28
1015;96;-28
1016;76;-32
1017;72;-28
1018;72;-32
1019;72;-32
1020;64;-32
1021;68;-32
1022;64;-32
1023;64;-32
1024;60;-32
1025;60;-32
1026;56;-32
1027;48;-32
1028;52;-32
1029;48;-32
1030;48;-32
1031;44;-36
1032;44;-36
1033;40;-32
1034;36;-32
1035;36;-32
1036;36;-36
1037;32;-32
1038;32;-32
1039;28;-36
1040;28;-32
1041;24;-36
1042;24;-36
1043;20;-32
1044;20;-36
1045;16;-32
1046;16;-36
1047;16;-36
1048;0;-36
1049;12;-36
1050;8;-36
1051;4;-36
1052;4;-36
1053;0;-40
1054;0;-40
1055;-4;-40
1056;-4;-44
1057;-8;-44
1058;-8;-44
1059;-12;-48
1060;-12;-52
1061;-16;-52
1062;-16;-52
1063;-20;-52
1064;-20;-52
1065;-24;-56
1066;-24;-56
1067;-24;-56
1068;-32;-56
1069;-24;-56
1070;-36;-56
1071;-36;-56
1072;-36;-56
1073;-40;-52
1074;-40;-52
1075;-40;-52
1076;-40;-48
1077;-48;-48
1078;-52;-44
1079;-52;-44
1080;-56;-40
1081;-56;-36
1082;-56;-36
1083;-48;-32
1084;-60;-32
1085;-60;-32
1086;-64;-28
1087;-68;-24
1088;-72;-28
1089;-68;-24
1090;-84;-24
1091;-72;-24
1092;-76;-24
1093;-80;-20
1094;-80;-20
1095;-88;-24
1096;-84;-24
1097;-88;-24
1098;-88;-24
1099;-92;-24
1100;-92;-24
1101;-96;-24
1102;-100;-24
1103;-96;-24
1104;-96;-28
1105;-100;-24
1106;-100;-28
1107;-104;-28
1108;-104;-28
1109;-104;-28
1110;-108;-28
1111;-112;-28
1112;-112;-32
1113;-116;-32
1114;-116;-32
1115;-116;-32
1116;-120;-32
1117;-120;-32
1118;-120;-32
1119;-124;-32
1120;-124;-32
1121;-124;-32
1122;-128;-32
1123;-140;-32
1124;-128;-32
1125;-132;-36
1126;-132;-32
1127;-136;-32
1128;-136;-32
1129;-140;-32
1130;-132;-32
1131;-140;-36
1132;-144;-36
1133;-140;-36
1134;-144;-32
1135;-144;-32
1136;-144;-32
1137;-144;-32
1138;-148;-32
1139;-152;-36
1140;-156;-32
1141;-152;-36
1142;-156;-36
1143;-156;-32
1144;-152;-36
1145;-156;-36
1146;-156;-36
1147;-160;-36
1148;-160;-40
1149;-160;-40
1150;-164;-40
1151;-164;-44
1152;-164;-44
1153;-168;-48
1154;-168;-48
1155;-164;-52
1156;-172;-52
1157;-172;-52
1158;-172;-56
1159;-172;-52
1160;-172;-56
1161;-172;-56
1162;-172;-56
1163;-176;-56
1164;-172;-56
1165;-200;-56
1166;-176;-56
1167;-176;-4
1168;-176;36
1169;-180;36
1170;-180;40
1171;-176;40
1172;-188;40
1173;-180;44
1174;-184;48
1175;-180;52
1176;-180;52
1177;-172;56
1178;-184;56
1179;-184;60
1180;-184;60
1181;-184;64
1182;-184;64
1183;-184;64
1184;-184;68
1185;-184;64
1186;-184;64
1187;-184;64
1188;-184;64
1189;-188;68
1190;-188;64
1191;-184;64
1192;-184;64
1193;-184;64
1194;-188;64
1195;-188;64
1196;-184;64
1197;-188;64
1198;-184;64
1199;-184;60
1200;-184;60
1201;-188;60
1202;-184;60
1203;-184;60
1204;-188;60
1205;-176;60
1206;-184;56
1207;-180;60
1208;-184;56
1209;-184;56
1210;-184;56
1211;-180;56
1212;-184;56
1213;-180;56
1214;-180;56
1215;-176;56
1216;-180;56
1217;-180;56
1218;-176;56
1219;-180;56
1220;-176;56
1221;-172;56
1222;-172;56
1223;-172;52
1224;-172;56
1225;-172;56
1226;-176;56
1227;-172;52
1228;-168;56
1229;-168;56
1230;-168;56
1231;-168;56
1232;-168;52
1233;-176;52
1234;-164;52
1235;-164;48
1236;-160;48
1237;-160;48
1238;-156;48
1239;-160;44
1240;-152;40
1241;-156;40
1242;-156;40
1243;-156;36
1244;-152;36
1245;-148;32
1246;-152;32
1247;-136;32
1248;-148;32
1249;-148;32
1250;-148;28
1251;-148;32
1252;-140;28
1253;-140;32
1254;-140;28
1255;-140;32
1256;-140;36
1257;-140;40
1258;-136;40
1259;-144;48
1260;-132;48
1261;-132;52
1262;-128;56
1263;-128;56
1264;-128;60
1265;-124;64
1266;-124;64
1267;-124;64
1268;-120;64
1269;-120;68
1270;-116;64
1271;-116;64
1272;-112;64
1273;-112;64
1274;-108;68
1275;-112;68
1276;-104;68
1277;-104;68
1278;-104;64
1279;-104;64
1280;-108;64
1281;-96;64
1282;-96;60
1283;-92;60
1284;-92;60
1285;-88;60
1286;-88;60
1287;-96;60
1288;-84;60
1289;-80;60
1290;-80;60
1291;-80;60
1292;-76;56
1293;-76;56
1294;-76;60
1295;-72;56
1296;-68;56
1297;-68;56
1298;-64;56
1299;-64;56
1300;-60;56
1301;-56;52
1302;-56;56
1303;-52;52
1304;-52;56
1305;-52;56
1306;-48;56
1307;-48;56
1308;-40;52
1309;-40;52
1310;-40;52
1311;-40;52
1312;-36;52
1313;-36;52
1314;-32;52
1315;-24;52
1316;-28;48
1317;-24;48
1318;-24;48
1319;-24;44
1320;-24;44
1321;-16;44
1322;-40;40
1323;-16;40
1324;-12;36
1325;-8;36
1326;-8;32
1327;-4;32
1328;-4;32
1329;-12;32
1330;0;32
1331;0;32
1332;4;32
1333;8;28
1334;16;28
1335;8;32
1336;12;36
1337;16;36
1338;16;36
1339;16;40
1340;20;44
1341;24;48
1342;24;48
1343;28;52
1344;28;56
1345;36;60
1346;36;60
1347;36;64
1348;36;64
1349;40;64
1350;40;64
1351;44;68
1352;44;68
1353;48;64
1354;52;64
1355;48;68
1356;52;64
1357;56;64
1358;60;64
1359;60;64
1360;60;64
1361;64;64
1362;76;64
1363;68;60
1364;72;60
1365;72;60
1366;72;60
1367;76;60
1368;80;60
1369;80;60
1370;84;56
1371;80;56
1372;84;60
1373;88;60
1374;88;60
1375;92;60
1376;92;4
1377;96;4
1378;100;4
1379;100;0
1380;100;0
1381;100;0
1382;104;-4
1383;100;-4
1384;108;-8
1385;112;-8
1386;116;-12
1387;112;-12
1388;116;-12
1389;120;-16
1390;108;-16
1391;120;-16
1392;124;-20
1393;128;-20
1394;124;-24
1395;132;-24
1396;128;-24
1397;124;-24
1398;132;-24
1399;132;-24
1400;136;-24
1401;136;-24
1402;140;-20
1403;140;-20
1404;160;-16
1405;144;-12
1406;144;-16
1407;148;-12
1408;148;-8
1409;160;-8
1410;148;-4
1411;152;0
1412;156;0
1413;156;4
1414;156;8
1415;156;8
1416;156;8
1417;160;12
1418;160;12
1419;164;12
1420;164;12
1421;164;16
1422;168;12
1423;168;12
1424;168;12
1425;168;12
1426;172;12
1427;172;12
1428;172;12
1429;176;12
1430;180;8
1431;176;8
1432;176;8
1433;184;8
1434;180;8
1435;180;8
1436;180;8
1437;184;4
1438;184;4
1439;184;4
1440;184;4
1441;184;4
1442;188;4
1443;188;4
1444;180;4
1445;188;0
1446;192;4
1447;188;4
1448;192;4
1449;192;0
1450;192;0
1451;188;0
1452;192;0
1453;196;0
1454;192;0
1455;196;0
1456;196;0
1457;196;0
1458;196;0
1459;196;0
1460;196;0
1461;200;0
1462;196;0
1463;200;0
1464;200;0
1465;200;0
1466;196;0
1467;196;-4
1468;200;0
1469;200;-4
1470;200;-4
1471;200;-4
1472;220;-8
1473;200;-8
1474;196;-12
1475;200;-12
1476;200;-12
1477;200;-16
1478;200;-16
1479;200;-20
1480;200;-20
1481;200;-20
1482;204;-20
1483;200;-24
1484;192;-24
1485;200;-24
1486;204;-24
1487;200;-24
1488;200;-24
1489;200;-24
1490;200;-24
1491;196;-20
1492;200;-20
1493;200;-20
1494;200;-16
1495;200;-12
1496;196;-12
1497;196;-8
1498;196;-8
1499;196;-4
1500;196;0
1501;196;0
1502;192;4
1503;192;4
1504;192;8
1505;192;8
1506;192;8
1507;192;12
1508;188;12
1509;188;12
1510;188;12
1511;188;12
1512;176;12
1513;188;16
1514;184;12
1515;184;12
1516;184;12
1517;184;12
1518;184;8
1519;192;12
1520;180;8
1521;180;8
1522;176;8
1523;176;8
1524;176;8
1525;176;8
1526;176;8
1527;172;4
1528;172;8
1529;172;4
1530;172;4
1531;168;4
1532;168;0
1533;172;4
1534;168;0
1535;164;4
1536;164;0
1537;160;0
1538;160;0
1539;156;0
1540;156;4
1541;156;0
1542;152;0
1543;152;0
1544;152;0
1545;148;0
1546;148;0
1547;148;0
1548;144;0
1549;144;0
1550;144;0
1551;140;-4
1552;140;-4
1553;140;-4
1554;112;-8
1555;132;-8
1556;132;-8
1557;132;-12
1558;128;-12
1559;124;-16
1560;128;-16
1561;116;-20
1562;124;-20
1563;120;-20
1564;120;-20
1565;116;-24
1566;124;-20
1567;116;-24
1568;116;-24
1569;112;-28
1570;108;-28
1571;108;-24
1572;108;-24
1573;104;-24
1574;104;-20
1575;104;-20
1576;100;-16
1577;96;-12
1578;96;-12
1579;96;-8
1580;92;-4
1581;88;0
1582;88;-20
1583;84;-20
1584;84;-16
1585;80;-16
1586;80;-12
1587;84;-12
1588;76;-12
1589;72;-12
1590;72;-12
1591;72;-12
1592;68;-8
1593;68;-8
1594;76;-8
1595;60;-12
1596;60;-12
1597;60;-12
1598;56;-12
1599;56;-12
1600;52;-12
1601;48;-12
1602;48;-16
1603;48;-16
1604;48;-16
1605;40;-16
1606;40;-16
1607;36;-16
1608;32;-16
1609;36;-20
1610;36;-16
1611;36;-16
1612;28;-20
1613;24;-20
1614;24;-20
1615;20;-20
1616;20;-20
1617;16;-20
1618;16;-20
1619;16;-20
1620;16;-20
1621;12;-20
1622;-4;-24
1623;4;-20
1624;4;-20
1625;0;-20
1626;0;-20
1627;0;-20
1628;-4;-24
1629;4;-20
1630;-12;-20
1631;-8;-24
1632;-12;-20
1633;-16;-24
1634;-20;-20
1635;-20;-20
1636;-16;-24
1637;-20;-20
1638;-24;-24
1639;-28;-20
1640;-32;-24
1641;-40;-24
1642;-32;-24
1643;-32;-24
1644;-36;-20
1645;-40;-24
1646;-44;-24
1647;-44;-24
1648;-52;-24
1649;-44;-28
1650;-48;-28
1651;-52;-24
1652;-52;-32
1653;-56;-36
1654;-56;-36
1655;-60;-36
1656;-64;-36
1657;-64;-40
1658;-68;-40
1659;-68;-44
1660;-68;-44
1661;-68;-44
1662;-72;-44
1663;-72;-48
1664;-76;-44
1665;-80;-44
1666;-80;-44
1667;-84;-44
1668;-84;-44
1669;-92;-44
1670;-88;-40
1671;-88;-40
1672;-92;-36
1673;-96;-32
1674;-96;-28
1675;-96;-24
1676;-108;-20
1677;-100;-20
1678;-100;-16
1679;-104;-16
1680;-104;-16
1681;-108;-12
1682;-108;-12
1683;-112;-12
1684;-112;-8
1685;-112;-12
1686;-112;-12
1687;-116;-12
1688;-120;-12
1689;-120;-12
1690;-116;-12
1691;-124;-12
1692;-124;-12
1693;-128;-16
1694;-128;-12
1695;-128;-16
1696;-132;-16
1697;-128;-16
1698;-136;-16
1699;-136;-16
1700;-136;-16
1701;-140;-16
1702;-140;-20
1703;-144;-16
1704;-132;-20
1705;-144;-20
1706;-148;-20
1707;-148;-20
1708;-148;-20
1709;-148;-20
1710;-148;-20
1711;-160;-20
1712;-156;-20
1713;-156;-24
1714;-152;-20
1715;-160;-20
1716;-168;-20
1717;-160;-20
1718;-160;-20
1719;-160;-20
1720;-160;-20
1721;-164;-24
1722;-164;-20
1723;-172;-24
1724;-168;-20
1725;-168;-24
1726;-168;-20
1727;-172;-20
1728;-172;-24
1729;-172;-24
1730;-172;-24
1731;-176;-24
1732;-172;-24
1733;-172;-28
1734;-172;-28
1735;-180;-32
1736;-176;-36
1737;-180;-36
1738;-180;-36
1739;-180;-40
1740;-180;-40
1741;-180;-40
1742;-180;-44
1743;-180;-40
1744;-192;-44
1745;-180;-44
1746;-184;-48
1747;-180;-44
1748;-184;-44
1749;-184;-44
1750;-184;-44
1751;-176;-44
1752;-188;-40
1753;-188;-40
1754;-184;-40
1755;-188;-40
1756;-184;-36
1757;-188;-32
1758;-184;-28
1759;-188;-28
1760;-188;-24
1761;-188;-24
1762;-188;-20
1763;-188;-16
1764;-188;-20
1765;-184;-12
1766;-188;-12
1767;-188;-12
1768;-188;-12
1769;-188;-12
1770;-188;-8
1771;-188;-8
1772;-188;-12
1773;-188;-8
1774;-188;-8
1775;-188;-12
1776;-184;-8
1777;-188;-12
1778;-184;-12
1779;-188;-16
1780;-184;-16
1781;-188;-16
1782;-184;-16
1783;-184;-16
1784;-184;-16
1785;-184;-16
1786;-204;-12
1787;-180;-16
1788;-180;-16
1789;-180;-16
1790;-180;56
1791;-184;60
1792;-176;60
1793;-188;60
1794;-176;60
1795;-172;56
1796;-176;56
1797;-172;56
1798;-164;56
1799;-176;56
1800;-172;52
1801;-172;52
1802;-172;52
1803;-168;48
1804;-168;48
1805;-164;44
1806;-168;44
1807;-164;40
1808;-164;40
1809;-164;40
1810;-160;36
1811;-164;32
1812;-156;32
1813;-160;32
1814;-160;32
1815;-156;32
1816;-156;32
1817;-156;32
1818;-152;32
1819;-148;36
1820;-152;36
1821;-148;36
1822;-152;40
1823;-148;40
1824;-144;44
1825;-144;44
1826;-132;48
1827;-140;52
1828;-140;56
1829;-140;56
1830;-136;60
1831;-136;60
1832;-136;64
1833;-136;64
1834;-128;68
1835;-128;64
1836;-128;68
1837;-124;68
1838;-128;68
1839;-124;68
1840;-124;68
1841;-120;68
1842;-116;68
1843;-116;68
1844;-116;68
1845;-112;68
1846;-112;64
1847;-116;64
1848;-108;64
1849;-108;64
1850;-104;64
1851;-104;64
1852;-100;64
1853;-100;60
1854;-112;64
1855;-96;60
1856;-92;60
1857;-92;60
1858;-88;60
1859;-84;60
1860;-88;60
1861;-80;60
1862;-80;56
1863;-80;60
1864;-76;56
1865;-76;56
1866;-72;60
1867;-72;60
1868;-56;60
1869;-68;56
1870;-68;56
1871;-64;56
1872;-60;56
1873;-60;56
1874;-56;56
1875;-56;56
1876;-56;56
1877;-52;56
1878;-52;56
1879;-48;56
1880;-52;56
1881;-44;56
1882;-40;56
1883;-40;52
1884;-40;56
1885;-36;56
1886;-36;56
1887;-32;52
1888;-28;56
1889;-24;52
1890;-24;52
1891;-24;48
1892;-20;48
1893;-20;48
1894;-12;44
1895;-16;44
1896;-12;40
1897;-12;40
1898;-8;40
1899;-8;36
1900;-4;36
1901;-4;36
1902;0;32
1903;0;28
1904;4;32
1905;4;32
1906;8;32
1907;12;32
1908;20;32
1909;12;32
1910;16;36
1911;20;36
1912;20;40
1913;24;40
1914;24;44
1915;20;44
1916;28;48
1917;28;52
1918;32;52
1919;36;56
1920;40;56
1921;36;60
1922;48;60
1923;44;64
1924;44;64
1925;48;64
1926;48;64
1927;52;68
1928;52;68
1929;60;68
1930;56;68
1931;56;68
1932;60;68
1933;60;64
1934;60;68
1935;68;68
1936;72;68
1937;68;64
1938;72;64
1939;76;64
1940;76;64
1941;76;64
1942;80;60
1943;60;64
1944;84;64
1945;84;60
1946;88;64
1947;92;60
1948;88;60
1949;96;60
1950;84;56
1951;100;60
1952;100;60
1953;100;60
1954;104;56
1955;112;56
1956;108;56
1957;108;56
1958;112;56
1959;116;56
1960;112;56
1961;116;56
1962;120;56
1963;120;56
1964;120;56
1965;124;56
1966;124;56
1967;128;56
1968;128;56
1969;132;56
1970;132;56
1971;132;56
1972;136;56
1973;136;56
1974;136;56
1975;140;56
1976;136;56
1977;144;56
1978;144;52
1979;148;56
1980;148;52
1981;148;56
1982;152;56
1983;164;52
1984;152;48
1985;152;48
1986;156;44
1987;156;48
1988;160;44
1989;160;40
1990;160;40
1991;160;40
1992;164;40
1993;164;36
1994;168;36
1995;168;32
1996;168;32
1997;168;32
1998;168;32
1999;172;-48
2000;176;-48
2001;172;-48
2002;176;-52
2003;176;-48
2004;172;-48
2005;180;-48
2006;180;-44
2007;180;-44
2008;180;-40
2009;180;-40
2010;184;-36
2011;172;-32
2012;184;-32
2013;184;-32
2014;188;-28
2015;184;-24
2016;188;-20
2017;188;-20
2018;188;-20
2019;188;-16
2020;192;-16
2021;192;-16
2022;188;-16
2023;196;-16
2024;192;-12
2025;212;-16
2026;192;-16
2027;196;-16
2028;192;-16
2029;192;-16
2030;200;-16
2031;196;-16
2032;196;-16
2033;196;-16
2034;200;-16
2035;196;-20
2036;200;-20
2037;192;-20
2038;200;-20
2039;200;-20
2040;200;-20
2041;200;-24
2042;196;-20
2043;200;-24
2044;196;-24
2045;200;-24
2046;200;-24
2047;200;-24
2048;200;-24
2049;200;-24
2050;200;-24
2051;204;-24
2052;200;-24
2053;200;-24
2054;200;-24
2055;200;-28
2056;200;-24
2057;200;-24
2058;196;-24
2059;200;-28
2060;200;-24
2061;200;-28
2062;200;-28
2063;200;-28
2064;200;-28
2065;192;-28
2066;196;-28
2067;196;-28
2068;196;-28
2069;200;-28
2070;196;-28
2071;192;-28
2072;192;-28
2073;196;-28
2074;192;-28
2075;192;-32
2076;192;-32
2077;192;-36
2078;188;-40
2079;196;-36
2080;192;-40
2081;192;-44
2082;188;-44
2083;188;-44
2084;188;-48
2085;184;-48
2086;188;-48
2087;184;-48
2088;184;-48
2089;184;-48
2090;180;-52
2091;180;-48
2092;180;-48
2093;192;-48
2094;180;-48
2095;176;-48
2096;176;-44
2097;172;-40
2098;172;-40
2099;172;-40
2100;164;-36
2101;168;-36
2102;168;-32
2103;168;-28
2104;164;-28
2105;156;-24
2106;164;-24
2107;160;-20
2108;160;-20
2109;160;-20
2110;156;-16
2111;160;-16
2112;156;-16
2113;156;-16
2114;152;-16
2115;152;-16
2116;148;-16
2117;148;-16
2118;148;-16
2119;148;-16
2120;144;-20
2121;144;-16
2122;140;-16
2123;140;-16
2124;136;-20
2125;140;-20
2126;132;-20
2127;132;-20
2128;132;-20
2129;128;-20
2130;128;-20
2131;128;-24
2132;128;-24
2133;116;-24
2134;124;-24
2135;124;-24
2136;120;-24
2137;116;-24
2138;116;-24
2139;116;-24
2140;124;-24
2141;112;-24
2142;108;-24
2143;108;-28
2144;104;-24
2145;104;-24
2146;100;-24
2147;100;-24
2148;100;-24
2149;96;-24
2150;96;-28
2151;92;-28
2152;92;-28
2153;88;-28
2154;88;-28
2155;84;-28
2156;84;-28
2157;84;-28
2158;80;-24
2159;80;-24
2160;72;-28
2161;68;-28
2162;72;-28
2163;68;-28
2164;68;-28
2165;64;-28
2166;64;-28
2167;60;-32
2168;48;-32
2169;60;-32
2170;56;-32
2171;52;-36
2172;52;-36
2173;52;-40
2174;48;-40
2175;36;-44
2176;44;-44
2177;44;-48
2178;40;-48
2179;36;-48
2180;36;-48
2181;36;-48
2182;52;-48
2183;28;-48
2184;28;-52
2185;28;-52
2186;24;-48
2187;20;-52
2188;20;-44
2189;16;-44
2190;16;-44
2191;12;-40
2192;12;-40
2193;12;-40
2194;-4;-36
2195;8;-32
2196;4;-28
2197;4;-28
2198;0;-24
2199;-4;-20
2200;-4;-20
2201;-12;-20
2202;-8;-16
2203;-12;-16
2204;-12;-16
2205;-16;-16
2206;-16;-12
2207;-20;16
2208;-20;16
2209;-20;16
2210;-24;16
2211;-28;16
2212;-28;16
2213;-32;12
2214;-32;12
2215;-44;12
2216;-36;12
2217;-36;12
2218;-40;12
2219;-44;8
2220;-40;12
2221;-44;8
2222;-52;8
2223;-52;8
2224;-52;8
2225;-52;4
2226;-56;8
2227;-56;8
2228;-60;8
2229;-60;4
2230;-64;4
2231;-64;4
2232;-64;4
2233;-68;8
2234;-72;4
2235;-72;4
2236;-72;8
2237;-76;4
2238;-80;4
2239;-80;4
2240;-80;4
2241;-80;4
2242;-84;4
2243;-84;0
2244;-88;0
2245;-92;4
2246;-92;0
2247;-96;0
2248;-92;0
2249;-96;0
2250;-84;-4
2251;-100;-4
2252;-104;-4
2253;-104;-8
2254;-108;-8
2255;-108;-12
2256;-112;-12
2257;-116;-12
2258;-112;-16
2259;-116;-16
2260;-116;-16
2261;-120;-20
2262;-124;-20
2263;-124;-20
2264;-124;-24
2265;-124;-20
2266;-124;-20
2267;-128;-20
2268;-124;-20
2269;-136;-20
2270;-132;-20
2271;-132;-16
2272;-136;-16
2273;-136;-12
2274;-140;-12
2275;-140;-8
2276;-140;-8
2277;-140;-4
2278;-144;-4
2279;-144;0
2280;-144;4
2281;-148;4
2282;-148;8
2283;-152;12
2284;-152;12
2285;-152;12
2286;-156;16
2287;-156;12
2288;-160;12
2289;-156;16
2290;-172;16
2291;-160;12
2292;-160;16
2293;-160;16
2294;-160;16
2295;-164;12
2296;-164;12
2297;-164;12
2298;-164;16
2299;-164;12
2300;-168;12
2301;-168;12
2302;-168;8
2303;-172;12
2304;-168;8
2305;-172;8
2306;-172;8
2307;-172;8
2308;-176;8
2309;-176;4
2310;-176;4
2311;-172;8
2312;-176;8
2313;-180;4
2314;-176;8
2315;-180;4
2316;-176;4
2317;-180;4
2318;-176;4
2319;-180;4
2320;-180;4
2321;-180;4
2322;-184;4
2323;-184;4
2324;-184;4
2325;-184;4
2326;-184;4
2327;-184;4
2328;-184;4
2329;-184;0
2330;-188;4
2331;-184;4
2332;-204;4
2333;-184;0
2334;-188;0
2335;-184;4
2336;-184;0
2337;-192;0
2338;-184;0
2339;-196;0
2340;-184;-4
2341;-188;-8
2342;-188;-8
2343;-184;-8
2344;-176;-12
2345;-184;-12
2346;-184;-16
2347;-184;-20
2348;-188;-20
2349;-184;-20
2350;-184;-20
2351;-180;-20
2352;-184;-24
2353;-184;-20
2354;-180;-24
2355;-184;-20
2356;-180;-24
2357;-184;-20
2358;-176;-20
2359;-180;-20
2360;-180;-20
2361;-176;-16
2362;-176;-12
2363;-176;-12
2364;-176;-4
2365;-176;-4
2366;-172;0
2367;-172;0
2368;-176;0
2369;-172;4
2370;-172;8
2371;-168;12
2372;-156;12
2373;-168;12
2374;-168;12
2375;-168;12
2376;-168;12
2377;-164;12
2378;-164;12
2379;-164;16
2380;-164;12
2381;-160;16
2382;-160;12
2383;-160;12
2384;-160;12
2385;-156;12
2386;-156;12
2387;-156;12
2388;-152;12
2389;-152;12
2390;-152;12
2391;-152;8
2392;-152;12
2393;-156;12
2394;-148;8
2395;-148;8
2396;-144;8
2397;-144;4
2398;-144;4
2399;-144;4
2400;-152;4
2401;-140;4
2402;-136;4
2403;-136;4
2404;-136;4
2405;-132;4
2406;-132;4
2407;-136;4
2408;-128;4
2409;-128;4
2410;-124;4
2411;-124;4
2412;-116;4
2413;-120;4
2414;-96;4
2415;-116;48
2416;-116;48
2417;-112;48
2418;-112;48
2419;-104;48
2420;-108;44
2421;-104;44
2422;-104;44
2423;-104;40
2424;-104;40
2425;-100;40
2426;-100;36
2427;-96;36
2428;-92;32
2429;-92;32
2430;-92;28
2431;-88;28
2432;-84;28
2433;-84;28
2434;-80;24
2435;-80;24
2436;-80;24
2437;-76;24
2438;-76;24
2439;-72;24
2440;-64;24
2441;-72;24
2442;-68;28
2443;-64;32
2444;-64;32
2445;-60;36
2446;-60;40
2447;-52;40
2448;-56;44
2449;-52;48
2450;-52;52
2451;-48;52
2452;-44;56
2453;-48;56
2454;-52;60
2455;-40;60
2456;-40;60
2457;-36;60
2458;-36;60
2459;-32;60
2460;-32;60
2461;-32;60
2462;-28;60
2463;-24;60
2464;-20;60
2465;-20;60
2466;-16;60
2467;-16;56
2468;-16;56
2469;-12;56
2470;-8;56
2471;-8;56
2472;-8;52
2473;-4;56
2474;-4;52
2475;0;52
2476;0;52
2477;4;52
2478;8;52
2479;8;52
2480;12;52
2481;12;48
2482;32;52
2483;16;52
2484;20;52
2485;24;48
2486;24;52
2487;24;52
2488;24;48
2489;36;48
2490;32;48
2491;36;48
2492;36;48
2493;40;48
2494;36;48
2495;40;48
2496;48;48
2497;44;48
2498;48;48
2499;48;48
2500;52;48
2501;44;48
2502;56;48
2503;60;48
2504;60;48
2505;60;48
2506;64;48
2507;68;44
2508;68;44
2509;68;44
2510;68;40
2511;72;44
2512;72;36
2513;76;36
2514;80;36
2515;84;32
2516;84;32
2517;84;32
2518;88;28
2519;88;28
2520;92;24
2521;92;24
2522;96;24
2523;96;24
2524;100;20
2525;100;20
2526;100;24
2527;104;20
2528;108;24
2529;120;24
2530;112;28
2531;116;28
2532;112;32
2533;116;32
2534;116;36
2535;116;40
2536;120;40
2537;124;44
2538;124;44
2539;128;48
2540;128;52
2541;132;52
2542;132;56
2543;132;56
2544;132;56
2545;136;60
2546;140;60
2547;140;60
2548;140;60
2549;140;60
2550;140;60
2551;144;60
2552;144;60
2553;148;60
2554;148;60
2555;152;60
2556;152;56
2557;144;60
2558;152;56
2559;156;56
2560;156;56
2561;160;56
2562;160;56
2563;160;52
2564;156;52
2565;164;52
2566;164;52
2567;168;52
2568;168;52
2569;168;52
2570;172;52
2571;188;52
2572;172;52
2573;172;52
2574;172;52
2575;176;52
2576;184;48
2577;180;52
2578;180;52
2579;180;48
2580;180;52
2581;180;48
2582;184;52
2583;184;52
2584;184;48
2585;184;48
2586;184;48
2587;184;48
2588;184;48
2589;192;52
2590;188;48
2591;192;48
2592;188;48
2593;192;48
2594;192;48
2595;192;48
2596;188;48
2597;200;48
2598;192;48
2599;196;48
2600;196;44
2601;192;44
2602;196;44
2603;196;40
2604;200;40
2605;196;40
2606;196;36
2607;196;32
2608;196;32
2609;196;32
2610;200;28
2611;192;24
2612;200;28
2613;200;24
2614;196;24
2615;200;24
2616;200;24
2617;200;24
2618;192;24
2619;200;24
2620;200;24
2621;200;28
2622;200;28
2623;204;32
2624;200;-48
2625;200;-48
2626;200;-44
2627;200;-44
2628;200;-40
2629;200;-40
2630;200;-36
2631;200;-36
2632;204;-32
2633;200;-32
2634;200;-28
2635;200;-28
2636;200;-28
2637;204;-24
2638;200;-28
2639;220;-28
2640;196;-24
2641;196;-24
2642;196;-24
2643;196;-24
2644;192;-24
2645;192;-24
2646;196;-24
2647;196;-24
2648;192;-28
2649;192;-28
2650;192;-28
2651;184;-28
2652;192;-28
2653;192;-32
2654;188;-28
2655;188;-28
2656;188;-28
2657;188;-28
2658;180;-32
2659;184;-32
2660;184;-32
2661;184;-32
2662;184;-32
2663;184;-32
2664;180;-32
2665;180;-32
2666;180;-32
2667;180;-32
2668;180;-36
2669;176;-32
2670;176;-36
2671;176;-36
2672;172;-36
2673;172;-32
2674;172;-32
2675;172;-36
2676;168;-32
2677;168;-36
2678;168;-36
2679;152;-36
2680;160;-36
2681;160;-36
2682;160;-36
2683;160;-36
2684;160;-36
2685;160;-36
2686;168;-40
2687;156;-40
2688;152;-40
2689;152;-40
2690;152;-44
2691;148;-44
2692;148;-48
2693;148;-48
2694;144;-48
2695;144;-52
2696;140;-52
2697;140;-52
2698;140;-56
2699;136;-56
2700;140;-56
2701;132;-56
2702;128;-56
2703;132;-56
2704;128;-56
2705;124;-60
2706;128;-56
2707;124;-56
2708;120;-56
2709;120;-52
2710;120;-52
2711;116;-48
2712;112;-48
2713;112;-44
2714;104;-40
2715;112;-36
2716;108;-40
2717;108;-36
2718;104;-36
2719;100;-32
2720;100;-32
2721;80;-28
2722;100;-28
2723;96;-28
2724;96;-28
2725;96;-20
2726;92;-24
2727;88;-24
2728;84;-24
2729;84;-24
2730;84;-24
2731;80;-24
2732;80;-24
2733;84;-24
2734;76;-24
2735;72;-24
2736;68;-28
2737;68;-28
2738;68;-28
2739;64;-28
2740;64;-32
2741;64;-28
2742;60;-32
2743;60;-28
2744;56;-32
2745;52;-32
2746;52;-32
2747;52;-32
2748;48;-32
2749;44;-32
2750;44;-32
2751;40;-32
2752;40;-32
2753;36;-36
2754;44;-36
2755;32;-32
2756;32;-36
2757;32;-36
2758;28;-32
2759;24;-32
2760;24;-36
2761;28;-36
2762;20;-36
2763;16;-36
2764;16;-36
2765;16;-36
2766;12;-36
2767;8;-36
2768;0;-36
2769;8;-36
2770;4;-36
2771;0;-36
2772;0;-36
2773;-4;-32
2774;-4;-36
2775;-12;-36
2776;-12;-36
2777;-12;-36
2778;-12;-40
2779;-16;-36
2780;-16;-40
2781;-20;-40
2782;-24;-44
2783;-24;-44
2784;-28;-44
2785;-28;-48
2786;-32;-48
2787;-32;-48
2788;-36;-52
2789;-44;-52
2790;-40;-56
2791;-44;-56
2792;-44;-56
2793;-44;-56
2794;-48;-56
2795;-52;-60
2796;-32;-60
2797;-52;-60
2798;-52;-56
2799;-56;-56
2800;-60;-56
2801;-64;-52
2802;-64;-52
2803;-60;-52
2804;-68;-48
2805;-68;-48
2806;-68;-48
2807;-72;-44
2808;-80;-40
2809;-76;-36
2810;-72;-36
2811;-80;-32
2812;-80;-32
2813;-84;-32
2814;-84;-28
2815;-92;-28
2816;-88;-24
2817;-92;-24
2818;-92;-24
2819;-92;-24
2820;-96;-24
2821;-96;-24
2822;-100;-24
2823;-100;-24
2824;-104;-24
2825;-100;-24
2826;-108;-24
2827;-108;-24
2828;-108;-24
2829;-112;-24
2830;-112;-28
2831;-112;-28
2832;-116;44
2833;-120;44
2834;-116;40
2835;-120;44
2836;-132;44
2837;-124;40
2838;-124;40
2839;-128;40
2840;-128;40
2841;-128;40
2842;-132;40
2843;-132;40
2844;-132;40
2845;-136;36
2846;-136;36
2847;-136;40
2848;-140;36
2849;-140;36
2850;-140;36
2851;-144;36
2852;-148;32
2853;-148;32
2854;-148;32
2855;-148;28
2856;-148;28
2857;-148;24
2858;-152;20
2859;-156;24
2860;-156;16
2861;-156;20
2862;-156;20
2863;-160;16
2864;-156;16
2865;-164;12
2866;-164;12
2867;-160;12
2868;-164;12
2869;-164;8
2870;-168;12
2871;-168;12
2872;-168;12
2873;-168;12
2874;-168;16
2875;-172;16
2876;-176;20
2877;-172;20
2878;-196;24
2879;-172;28
2880;-176;32
2881;-176;32
2882;-176;32
2883;-184;36
2884;-176;40
2885;-188;40
2886;-180;44
2887;-180;44
2888;-180;44
2889;-180;44
2890;-180;48
2891;-180;48
2892;-180;48
2893;-180;48
2894;-180;48
2895;-184;48
2896;-184;48
2897;-180;44
2898;-184;48
2899;-188;44
2900;-184;44
2901;-184;44
2902;-184;44
2903;-184;44
2904;-188;44
2905;-188;44
2906;-184;44
2907;-184;40
2908;-184;40
2909;-188;40
2910;-184;40
2911;-192;40
2912;-184;40
2913;-184;36
2914;-188;40
2915;-184;36
2916;-184;36
2917;-188;40
2918;-172;40
2919;-188;40
2920;-184;40
2921;-184;40
2922;-184;36
2923;-184;36
2924;-184;36
2925;-184;36
2926;-184;36
2927;-184;36
2928;-184;36
2929;-180;36
2930;-180;36
2931;-180;36
2932;-176;36
2933;-180;36
2934;-180;40
2935;-180;36
2936;-180;36
2937;-176;36
2938;-176;36
2939;-180;32
2940;-176;32
2941;-172;28
2942;-172;28
2943;-172;24
2944;-172;24
2945;-168;24
2946;-184;20
2947;-168;20
2948;-168;16
2949;-168;16
2950;-164;16
2951;-160;12
2952;-164;12
2953;-168;12
2954;-164;8
2955;-160;8
2956;-160;8
2957;-156;8
2958;-156;12
2959;-156;12
2960;-136;16
2961;-156;16
2962;-156;20
2963;-152;20
2964;-152;20
2965;-144;24
2966;-148;28
2967;-148;32
2968;-148;32
2969;-144;36
2970;-144;36
2971;-144;44
2972;-144;44
2973;-140;44
2974;-136;44
2975;-136;48
2976;-136;44
2977;-132;48
2978;-132;48
2979;-128;48
2980;-128;48
2981;-128;48
2982;-124;48
2983;-124;48
2984;-124;44
2985;-124;44
2986;-116;44
2987;-116;44
2988;-116;44
2989;-116;44
2990;-116;44
2991;-112;44
2992;-112;44
2993;-108;40
2994;-108;40
2995;-104;40
2996;-104;40
2997;-96;40
2998;-100;40
2999;-96;36
3000;-104;40
3001;-92;40
3002;-92;40
3003;-88;40
3004;-88;36
3005;-84;40
3006;-84;36
3007;-84;36
3008;-80;36
3009;-76;40
3010;-76;36
3011;-76;36
3012;-72;36
3013;-68;36
3014;-68;36
3015;-68;36
3016;-64;36
3017;-60;36
3018;-56;36
3019;-56;36
3020;-56;36
3021;-48;36
3022;-52;36
3023;-52;36
3024;-48;32
3025;-48;32
3026;-44;32
3027;-44;32
3028;-20;32
3029;-36;28
3030;-36;28
3031;-32;28
3032;-32;24
3033;-32;24
3034;-28;20
3035;-24;20
3036;-24;16
3037;-20;20
3038;-20;12
3039;-16;16
3040;-20;4
3041;-12;8
3042;-8;8
3043;-8;8
3044;-8;4
3045;-4;4
3046;0;4
3047;-8;4
3048;4;8
3049;4;8
3050;4;8
3051;8;12
3052;8;16
3053;12;16
3054;12;20
3055;16;24
3056;20;24
3057;20;28
3058;24;32
3059;24;32
3060;28;32
3061;28;36
3062;28;36
3063;36;36
3064;36;40
3065;36;40
3066;40;36
3067;40;40
3068;32;40
3069;48;40
3070;48;44
3071;52;40
3072;52;40
3073;52;40
3074;56;40
3075;64;40
3076;60;40
3077;64;40
3078;64;40
3079;64;40
3080;68;40
3081;68;36
3082;76;36
3083;72;36
3084;72;36
3085;76;36
3086;80;36
3087;84;36
3088;80;32
3089;96;32
3090;88;32
3091;88;32
3092;92;32
3093;96;32
3094;96;32
3095;96;32
3096;100;32
3097;100;32
3098;104;32
3099;104;32
3100;108;32
3101;108;28
3102;108;32
3103;112;28
3104;112;32
3105;116;28
3106;116;28
3107;120;28
3108;124;28
3109;124;32
3110;100;32
3111;128;28
3112;128;28
3113;132;32
3114;132;28
3115;136;28
3116;136;24
3117;136;28
3118;136;28
3119;140;24
3120;140;24
3121;144;20
3122;148;20
3123;144;16
3124;148;16
3125;148;12
3126;148;12
3127;152;12
3128;156;8
3129;152;8
3130;156;8
3131;156;8
3132;160;4
3133;160;4
3134;164;4
3135;164;4
3136;164;4
3137;164;4
3138;168;8
3139;168;4
3140;168;8
3141;168;12
3142;172;12
3143;176;16
3144;176;16
3145;176;20
3146;176;24
3147;180;24
3148;176;28
3149;176;32
3150;188;32
3151;180;36
3152;184;36
3153;184;36
3154;184;36
3155;184;40
3156;184;40
3157;184;40
3158;188;40
3159;188;40
3160;188;40
3161;192;44
3162;192;40
3163;192;40
3164;188;40
3165;192;40
3166;192;40
3167;196;40
3168;196;40
3169;196;40
3170;196;36
3171;196;36
3172;196;36
3173;196;36
3174;200;36
3175;200;32
3176;200;32
3177;200;32
3178;192;32
3179;200;32
3180;196;32
3181;200;32
3182;200;32
3183;204;32
3184;204;32
3185;216;32
3186;200;32
3187;200;32
3188;200;32
3189;204;32
3190;208;32
3191;204;32
3192;212;28
3193;200;28
3194;200;28
3195;204;28
3196;200;28
3197;204;32
3198;200;28
3199;200;28
3200;200;32
3201;204;28
3202;200;32
3203;200;28
3204;196;28
3205;204;32
3206;200;28
3207;204;28
3208;200;28
3209;200;28
3210;200;28
3211;200;28
3212;200;28
3213;200;28
3214;196;28
3215;196;24
3216;196;20
3217;196;20
3218;200;20
3219;196;20
3220;192;16
3221;192;16
3222;192;12
3223;192;12
3224;192;8
3225;188;8
3226;188;8
3227;188;4
3228;188;8
3229;188;4
3230;188;4
3231;188;4
3232;180;4
3233;184;4
3234;184;4
3235;184;8
3236;184;8
3237;184;8
3238;180;12
3239;180;16
3240;176;20
3241;176;20
3242;176;24
3243;176;28
3244;176;32
3245;172;32
3246;176;32
3247;172;36
3248;168;40
3249;168;-24
3250;168;-24
3251;168;-24
3252;164;-24
3253;168;-24
3254;160;-24
3255;160;-24
3256;160;-24
3257;156;-24
3258;156;-24
3259;156;-24
3260;164;-24
3261;152;-24
3262;152;-28
3263;148;-28
3264;148;-28
3265;140;-28
3266;144;-28
3267;132;-28
3268;140;-28
3269;140;-32
3270;140;-28
3271;136;-32
3272;128;-32
3273;136;-32
3274;132;-32
3275;132;-32
3276;128;-32
3277;128;-36
3278;128;-32
3279;128;-32
3280;120;-32
3281;120;-36
3282;120;-32
3283;120;-32
3284;116;-32
3285;112;-32
3286;112;-36
3287;112;-32
3288;108;-36
3289;108;-36
3290;104;-36
3291;100;-32
3292;104;-36
3293;100;-36
3294;100;-36
3295;96;-36
3296;96;-40
3297;92;-40
3298;92;-40
3299;88;-40
3300;80;-44
3301;84;-44
3302;80;-48
3303;80;-48
3304;80;-48
3305;76;-52
3306;76;-52
3307;88;-52
3308;72;-56
3309;68;-56
3310;68;-56
3311;68;-60
3312;64;-60
3313;60;-60
3314;56;-60
3315;60;-60
3316;56;-60
3317;56;-56
3318;52;-56
3319;52;-52
3320;48;-52
3321;48;-48
3322;44;-44
3323;40;-44
3324;40;-40
3325;40;-40
3326;36;-40
3327;36;-32
3328;28;-32
3329;32;-32
3330;28;-28
3331;24;-28
3332;24;-28
3333;20;-24
3334;16;-24
3335;8;-24
3336;16;-24
3337;12;-24
3338;12;-24
3339;12;-24
3340;8;-24
3341;4;-24
3342;-8;-28
3343;0;-24
3344;0;-28
3345;-4;-28
3346;-4;-28
3347;-8;-28
3348;-8;-28
3349;8;-28
3350;-12;-28
3351;-16;-32
3352;-16;-32
3353;-20;-32
3354;-12;-32
3355;-24;-32
3356;-24;-32
3357;-28;-32
3358;-28;-32
3359;-36;-32
3360;-36;-32
3361;-40;-32
3362;-36;-36
3363;-40;-36
3364;-40;-32
3365;-44;-32
3366;-44;-32
3367;-48;-32
3368;-48;-32
3369;-52;-36
3370;-56;-36
3371;-56;-36
3372;-56;-36
3373;-60;-36
3374;-60;-36
3375;-60;-36
3376;-64;-36
3377;-68;-36
3378;-68;-36
3379;-72;-36
3380;-76;-36
3381;-72;-32
3382;-76;-36
3383;-80;-36
3384;-80;-36
3385;-80;-36
3386;-84;-36
3387;-84;-36
3388;-88;-36
3389;-96;-40
3390;-92;-40
3391;-92;-40
3392;-92;-40
3393;-100;-44
3394;-96;-44
3395;-100;-48
3396;-104;-48
3397;-104;-48
3398;-104;-48
3399;-108;-52
3400;-108;-52
3401;-108;-52
3402;-112;-56
3403;-112;-56
3404;-112;-60
3405;-116;-56
3406;-116;-60
3407;-120;-60
3408;-120;-56
3409;-124;-56
3410;-120;-56
3411;-128;-52
3412;-128;-52
3413;-128;-48
3414;-132;-48
3415;-132;-44
3416;-136;-40
3417;-112;-36
3418;-136;-32
3419;-136;-32
3420;-140;-28
3421;-140;-28
3422;-144;-24
3423;-144;-28
3424;-152;-24
3425;-144;-24
3426;-148;-24
3427;-148;-24
3428;-152;-24
3429;-156;-20
3430;-156;-24
3431;-156;-24
3432;-156;-24
3433;-152;-28
3434;-160;-24
3435;-160;-24
3436;-156;-28
3437;-164;-28
3438;-160;-28
3439;-164;-32
3440;-160;-28
3441;-164;-32
3442;-168;-28
3443;-164;-32
3444;-168;-32
3445;-164;-32
3446;-168;-32
3447;-172;-32
3448;-172;-32
3449;-172;-32
3450;-172;-32
3451;-172;-32
3452;-176;-32
3453;-176;-32
3454;-176;-32
3455;-176;-32
3456;-176;-32
3457;-192;52
3458;-180;52
3459;-180;52
3460;-180;52
3461;-180;52
3462;-180;48
3463;-180;48
3464;-176;44
3465;-184;44
3466;-180;44
3467;-184;40
3468;-180;40
3469;-184;36
3470;-184;36
3471;-180;36
3472;-184;32
3473;-184;32
3474;-184;32
3475;-188;28
3476;-184;28
3477;-184;28
3478;-180;28
3479;-188;28
3480;-188;28
3481;-184;28
3482;-184;28
3483;-184;32
3484;-188;32
3485;-188;36
3486;-188;36
3487;-188;40
3488;-184;44
3489;-184;44
3490;-188;48
3491;-188;48
3492;-188;48
3493;-184;48
3494;-184;52
3495;-184;52
3496;-184;52
3497;-188;52
3498;-184;56
3499;-208;56
3500;-184;56
3501;-184;52
3502;-184;56
3503;-180;56
3504;-184;52
3505;-180;52
3506;-188;52
3507;-180;52
3508;-176;48
3509;-180;52
3510;-176;48
3511;-172;48
3512;-172;52
3513;-172;48
3514;-176;52
3515;-172;52
3516;-172;48
3517;-172;48
3518;-168;48
3519;-168;48
3520;-168;48
3521;-168;48
3522;-168;48
3523;-168;48
3524;-164;48
3525;-164;48
3526;-164;48
3527;-160;48
3528;-160;48
3529;-156;48
3530;-160;52
3531;-156;52
3532;-160;52
3533;-156;52
3534;-152;52
3535;-152;52
3536;-152;56
3537;-152;56
3538;-148;56
3539;-136;56
3540;-148;60
3541;-148;60
3542;-144;60
3543;-144;60
3544;-140;60
3545;-140;64
3546;-140;60
3547;-136;60
3548;-136;60
3549;-136;60
3550;-132;60
3551;-132;60
3552;-132;56
3553;-128;60
3554;-128;60
3555;-124;56
3556;-124;56
3557;-124;56
3558;-120;56
3559;-120;56
3560;-124;56
3561;-116;56
3562;-116;56
3563;-116;56
3564;-112;56
3565;-112;56
3566;-108;56
3567;-116;56
3568;-104;52
3569;-100;52
3570;-100;52
3571;-100;52
3572;-92;52
3573;-96;52
3574;-100;52
3575;-92;52
3576;-88;52
3577;-88;52
3578;-88;52
3579;-80;52
3580;-80;52
3581;-60;52
3582;-76;52
3583;-76;52
3584;-76;52
3585;-72;52
3586;-64;52
3587;-68;52
3588;-64;52
3589;-60;52
3590;-60;52
3591;-60;52
3592;-60;52
3593;-56;52
3594;-52;52
3595;-52;52
3596;-48;52
3597;-48;52
3598;-44;52
3599;-44;52
3600;-40;52
3601;-40;52
3602;-40;52
3603;-36;52
3604;-32;52
3605;-32;52
3606;-28;52
3607;-20;48
3608;-28;52
3609;-24;48
3610;-20;48
3611;-20;48
3612;-16;48
3613;-16;48
3614;-8;48
3615;-12;44
3616;-8;44
3617;-4;44
3618;-4;40
3619;-4;40
3620;0;36
3621;-4;36
3622;8;32
3623;8;32
3624;8;32
3625;12;32
3626;16;28
3627;16;28
3628;12;28
3629;20;28
3630;20;28
3631;20;28
3632;24;28
3633;28;28
3634;32;32
3635;28;32
3636;32;36
3637;36;40
3638;36;44
3639;40;48
3640;44;48
3641;44;52
3642;44;52
3643;44;56
3644;52;56
3645;56;60
3646;52;60
3647;60;64
3648;60;64
3649;76;64
3650;60;60
3651;64;60
3652;68;64
3653;68;60
3654;68;60
3655;72;60
3656;80;60
3657;76;60
3658;76;60
3659;80;60
3660;84;60
3661;80;60
3662;84;60
3663;88;60
3664;88;60
3665;92;8
3666;88;4
3667;96;4
3668;88;0
3669;100;4
3670;100;0
3671;104;0
3672;104;4
3673;104;0
3674;108;0
3675;108;0
3676;112;0
3677;116;0
3678;112;0
3679;116;0
3680;116;-4
3681;124;-4
3682;124;0
3683;124;0
3684;124;-4
3685;128;-8
3686;128;-8
3687;132;-8
3688;132;-12
3689;132;-12
3690;136;-16
3691;136;-16
3692;136;-16
3693;140;-20
3694;140;-20
3695;144;-20
3696;152;-24
3697;148;-24
3698;148;-24
3699;148;-28
3700;148;-24
3701;152;-28
3702;152;-28
3703;152;-24
3704;156;-24
3705;156;-24
3706;160;-20
3707;160;-20
3708;160;-16
3709;164;-16
3710;168;-12
3711;164;-12
3712;168;-8
3713;168;-4
3714;168;-4
3715;168;0
3716;172;0
3717;172;4
3718;172;4
3719;172;4
3720;176;8
3721;176;8
3722;176;8
3723;180;8
3724;176;8
3725;180;8
3726;184;8
3727;180;8
3728;180;8
3729;184;8
3730;184;8
3731;164;8
3732;184;8
3733;188;8
3734;188;4
3735;188;8
3736;188;4
3737;192;4
3738;184;4
3739;192;4
3740;192;4
3741;192;4
3742;192;4
3743;200;4
3744;196;0
3745;196;0
3746;196;0
3747;196;0
3748;196;0
3749;196;0
3750;200;4
3751;196;0
3752;196;0
3753;196;0
3754;200;0
3755;196;0
3756;200;0
3757;200;0
3758;204;-4
3759;200;-4
3760;200;0
3761;200;0
3762;200;-4
3763;200;0
3764;196;0
3765;196;-4
3766;200;-4
3767;200;-4
3768;200;-4
3769;200;0
3770;204;0
3771;212;0
3772;200;0
3773;200;-4
3774;200;-4
3775;200;0
3776;200;-4
3777;200;0
3778;196;-4
3779;200;-4
3780;200;-4
3781;200;-4
3782;200;-4
3783;200;-4
3784;200;-4
3785;196;-8
3786;200;-8
3787;196;-8
3788;196;-8
3789;196;-12
3790;196;-12
3791;196;-16
3792;188;-16
3793;192;-20
3794;192;-20
3795;192;-24
3796;192;-24
3797;188;-24
3798;188;-24
3799;176;-24
3800;188;-28
3801;188;-28
3802;188;-28
3803;188;-28
3804;188;-28
3805;184;-24
3806;176;-24
3807;184;-24
3808;180;-20
3809;180;-16
3810;180;-12
3811;180;-12
3812;176;-8
3813;196;-4
3814;176;0
3815;176;0
3816;176;4
3817;172;8
3818;180;8
3819;168;8
3820;168;8
3821;164;8
3822;164;8
3823;164;12
3824;164;12
3825;160;12
3826;160;8
3827;160;8
3828;160;8
3829;160;8
3830;156;8
3831;152;8
3832;156;8
3833;152;8
3834;152;4
3835;148;4
3836;148;4
3837;148;4
3838;148;4
3839;148;4
3840;140;0
3841;140;4
3842;140;0
3843;136;0
3844;136;0
3845;136;0
3846;136;-4
3847;132;0
3848;132;0
3849;128;-4
3850;128;0
3851;128;0
3852;124;-4
3853;116;0
3854;120;-4
3855;120;-4
3856;116;-4
3857;116;-4
3858;116;0
3859;112;0
3860;104;-4
3861;108;-4
3862;108;-4
3863;104;-4
3864;104;-4
3865;104;-4
3866;100;0
3867;100;0
3868;96;-4
3869;96;0
3870;96;-4
3871;88;-4
3872;88;0
3873;84;-4
3874;88;-24
3875;84;-28
3876;80;-24
3877;80;-28
3878;76;-32
3879;80;-32
3880;72;-32
3881;92;-36
3882;68;-36
3883;68;-40
3884;64;-40
3885;64;-40
3886;60;-44
3887;60;-44
3888;60;-44
3889;56;-44
3890;56;-48
3891;52;-48
3892;52;-48
3893;44;-48
3894;44;-48
3895;44;-48
3896;40;-44
3897;40;-44
3898;36;-44
3899;36;-40
3900;28;-36
3901;32;-36
3902;32;-32
3903;28;-32
3904;24;-32
3905;24;-28
3906;24;-24
3907;16;-20
3908;16;-20
3909;16;-16
3910;12;-16
3911;12;-16
3912;8;-12
3913;8;-12
3914;8;-12
3915;4;-12
3916;0;-12
3917;0;-12
3918;-4;-12
3919;-4;-12
3920;-4;-12
3921;-20;-12
3922;-12;-12
3923;-12;-12
3924;-16;-16
3925;-16;-12
3926;-20;-16
3927;-20;-16
3928;-16;-16
3929;-24;-16
3930;-24;-16
3931;-28;-20
3932;-32;-20
3933;-32;-20
3934;-36;-20
3935;-36;-20
3936;-40;-20
3937;-40;-20
3938;-44;-20
3939;-48;-20
3940;-48;-20
3941;-48;-20
3942;-44;-20
3943;-52;-24
3944;-56;-20
3945;-56;-20
3946;-60;-20
3947;-60;-20
3948;-64;-24
3949;-64;-24
3950;-68;-20
3951;-68;-24
3952;-72;-24
3953;-72;-24
3954;-76;-24
3955;-76;-24
3956;-80;-24
3957;-80;-24
3958;-84;-24
3959;-84;-24
3960;-84;-24
3961;-88;-24
3962;-88;-24
3963;-112;-24
3964;-92;-24
3965;-96;-28
3966;-100;-28
3967;-100;-28
3968;-104;-32
3969;-104;-32
3970;-116;-36
3971;-104;-36
3972;-108;-36
3973;-108;-40
3974;-108;-40
3975;-104;-44
3976;-116;-44
3977;-116;-44
3978;-116;-44
3979;-120;-48
3980;-120;-44
3981;-124;-48
3982;-124;-48
3983;-128;-48
3984;-128;-44
3985;-128;-44
3986;-128;-44
3987;-132;-40
3988;-132;-40
3989;-132;-40
3990;-136;-36
3991;-136;-32
3992;-136;-32
3993;-140;-28
3994;-140;-28
3995;-144;-24
3996;-140;-20
3997;-148;-20
3998;-148;-16
3999;-148;-16
4000;-152;-16
4001;-152;-12
4002;-152;-12
4003;-160;-12
4004;-152;-12
4005;-156;-12
4006;-160;-12
4007;-160;-12
4008;-160;-12
4009;-160;-12
4010;-164;-12
4011;-160;-12
4012;-164;-12
4013;-164;-12
4014;-164;-16
4015;-164;-16
4016;-168;-16
4017;-172;-16
4018;-168;-20
4019;-172;-16
4020;-172;-16
4021;-172;-20
4022;-172;-16
4023;-176;-20
4024;-176;-20
4025;-176;-20
4026;-176;-20
4027;-172;-20
4028;-176;-20
4029;-176;-20
4030;-180;-20
4031;-180;-20
4032;-180;-20
4033;-180;-20
4034;-180;-20
4035;-180;-24
4036;-180;-20
4037;-180;-24
4038;-164;-20
4039;-184;-24
4040;-184;-24
4041;-184;-24
4042;-184;-24
4043;-184;-24
4044;-184;-24
4045;-176;-24
4046;-188;-24
4047;-188;-24
4048;-188;-24
4049;-188;-24
4050;-188;-24
4051;-184;-24
4052;-184;-24
4053;-188;-24
4054;-188;-24
4055;-188;-24
4056;-188;-24
4057;-196;-24
4058;-188;-24
4059;-188;-24
4060;-188;-24
4061;-188;-28
4062;-188;-28
4063;-188;-28
4064;-188;-32
4065;-184;-28
4066;-188;-32
4067;-188;-36
4068;-184;-40
4069;-188;-40
4070;-188;-40
4071;-180;-44
4072;-184;-44
4073;-180;-48
4074;-184;-44
4075;-180;-44
4076;-184;-48
4077;-184;-48
4078;-188;-44
4079;-180;-48
4080;-180;-44
4081;-180;-40
4082;-180;36
4083;-176;36
4084;-176;40
4085;-184;40
4086;-176;44
4087;-176;44
4088;-172;52
4089;-172;52
4090;-168;52
4091;-172;56
4092;-172;56
4093;-172;60
4094;-168;60
4095;-168;64
4096;-168;64
4097;-164;68
4098;-164;64
4099;-156;68
4100;-164;68
4101;-164;64
4102;-160;68
4103;-160;64
4104;-156;68
4105;-160;64
4106;-152;68
4107;-156;64
4108;-156;64
4109;-152;64
4110;-156;64
4111;-152;64
4112;-148;60
4113;-136;64
4114;-144;60
4115;-144;60
4116;-144;60
4117;-144;56
4118;-144;60
4119;-140;60
4120;-144;56
4121;-136;60
4122;-140;60
4123;-136;60
4124;-132;56
4125;-136;56
4126;-132;56
4127;-124;56
4128;-128;56
4129;-124;56
4130;-124;56
4131;-124;56
4132;-128;56
4133;-120;56
4134;-120;56
4135;-116;56
4136;-116;60
4137;-116;56
4138;-108;56
4139;-108;56
4140;-108;56
4141;-104;56
4142;-108;56
4143;-104;56
4144;-100;56
4145;-100;56
4146;-96;56
4147;-96;56
4148;-92;56
4149;-92;52
4150;-88;52
4151;-88;52
4152;-84;52
4153;-96;48
4154;-80;48
4155;-80;44
4156;-76;44
4157;-76;40
4158;-72;40
4159;-72;36
4160;-60;36
4161;-68;36
4162;-64;32
4163;-60;32
4164;-60;32
4165;-60;28
4166;-56;32
4167;-52;32
4168;-52;32
4169;-52;32
4170;-48;32
4171;-48;36
4172;-44;36
4173;-44;36
4174;-36;44
4175;-40;48
4176;-36;52
4177;-32;52
4178;-32;56
4179;-28;60
4180;-32;64
4181;-28;60
4182;-24;64
4183;-20;68
4184;-20;68
4185;-16;68
4186;-16;68
4187;-12;68
4188;-16;68
4189;-8;68
4190;-4;64
4191;-4;64
4192;-4;68
4193;0;64
4194;0;64
4195;-16;64
4196;4;64
4197;8;64
4198;8;64
4199;12;64
4200;12;60
4201;16;60
4202;16;60
4203;20;60
4204;24;60
4205;24;60
4206;28;60
4207;36;60
4208;28;60
4209;32;60
4210;36;60
4211;36;60
4212;40;60
4213;44;56
4214;44;60
4215;44;60
4216;48;60
4217;48;56
4218;52;56
4219;56;56
4220;60;56
4221;60;56
4222;60;56
4223;64;56
4224;64;56
4225;68;56
4226;68;56
4227;68;56
4228;76;56
4229;72;52
4230;72;56
4231;76;52
4232;80;52
4233;84;52
4234;84;48
4235;96;48
4236;88;48
4237;92;44
4238;92;44
4239;92;40
4240;96;40
4241;96;40
4242;96;36
4243;104;32
4244;100;36
4245;108;32
4246;104;32
4247;108;32
4248;112;32
4249;112;32
4250;116;32
4251;116;28
4252;120;32
4253;120;32
4254;124;36
4255;124;36
4256;120;40
4257;128;48
4258;128;48
4259;128;52
4260;132;56
4261;136;56
4262;136;60
4263;124;64
4264;140;64
4265;140;64
4266;140;68
4267;140;64
4268;148;68
4269;148;68
4270;156;68
4271;148;68
4272;148;68
4273;152;64
4274;156;64
4275;160;64
4276;156;64
4277;168;64
4278;160;64
4279;160;60
4280;160;64
4281;164;64
4282;164;64
4283;164;60
4284;164;60
4285;168;60
4286;168;60
4287;172;60
4288;172;60
4289;164;60
4290;172;60
4291;172;60
4292;176;60
4293;176;-24
4294;176;-24
4295;180;-28
4296;180;-28
4297;180;-28
4298;184;-28
4299;184;-32
4300;184;-32
4301;184;-36
4302;188;-36
4303;188;-40
4304;188;-40
4305;188;-44
4306;192;-44
4307;192;-44
4308;192;-44
4309;192;-44
4310;192;-48
4311;192;-48
4312;192;-48
4313;196;-48
4314;192;-48
4315;192;-48
4316;192;-44
4317;204;-44
4318;200;-44
4319;200;-44
4320;196;-40
4321;196;-40
4322;200;-36
4323;196;-32
4324;196;-32
4325;200;-28
4326;200;-28
4327;200;-24
4328;200;-20
4329;204;-20
4330;200;-20
4331;208;-16
4332;200;-16
4333;200;-12
4334;200;-12
4335;204;-16
4336;200;-12
4337;204;-12
4338;200;-16
4339;200;-12
4340;200;-12
4341;204;-12
4342;200;-16
4343;200;-16
4344;204;-16
4345;200;-16
4346;204;-16
4347;204;-16
4348;204;-16
4349;204;-20
4350;200;-20
4351;200;-20
4352;184;-20
4353;204;-20
4354;204;-20
4355;200;-20
4356;200;-20
4357;196;-24
4358;200;-24
4359;196;-24
4360;200;-20
4361;196;-20
4362;200;-24
4363;196;-20
4364;204;-24
4365;196;-24
4366;196;-24
4367;192;-24
4368;192;-24
4369;192;-24
4370;192;-24
4371;196;-24
4372;192;-24
4373;192;-24
4374;188;-24
4375;184;-28
4376;188;-28
4377;188;-24
4378;188;-24
4379;184;-28
4380;184;-24
4381;184;-28
4382;184;-24
4383;180;-28
4384;180;-28
4385;180;-28
4386;176;-32
4387;176;-32
4388;176;-32
4389;176;-32
4390;176;-36
4391;172;-36
4392;184;-40
4393;172;-40
4394;168;-40
4395;168;-44
4396;164;-44
4397;164;-44
4398;164;-48
4399;160;-48
4400;160;-48
4401;164;-48
4402;160;-48
4403;156;-48
4404;156;-48
4405;156;-48
4406;152;-48
4407;152;-44
4408;152;-40
4409;148;-40
4410;148;-36
4411;148;-36
4412;144;-32
4413;140;-32
4414;144;-32
4415;144;-24
4416;140;-24
4417;140;-24
4418;136;-20
4419;132;-20
4420;120;-16
4421;132;-16
4422;132;-16
4423;132;-12
4424;128;-16
4425;128;-12
4426;120;-12
4427;120;-12
4428;120;-16
4429;120;-16
4430;116;-16
4431;112;-16
4432;116;-16
4433;112;-16
4434;124;-16
4435;108;-16
4436;104;-20
4437;104;-16
4438;100;-20
4439;104;-20
4440;96;-20
4441;96;-20
4442;96;-20
4443;92;-24
4444;92;-20
4445;88;-20
4446;80;-20
4447;84;-20
4448;80;-24
4449;84;-20
4450;80;-24
4451;76;-24
4452;76;-24
4453;76;-24
4454;72;-24
4455;68;-24
4456;68;-24
4457;68;-24
4458;64;-24
4459;60;-28
4460;64;-24
4461;60;-24
4462;56;-24
4463;56;-24
4464;52;-24
4465;48;-24
4466;48;-24
4467;40;-24
4468;44;-24
4469;44;-28
4470;40;-24
4471;36;-28
4472;36;-24
4473;32;-28
4474;24;-28
4475;28;-32
4476;28;-28
4477;28;-32
4478;24;-32
4479;20;-36
4480;20;-36
4481;16;-40
4482;16;-40
4483;12;-40
4484;8;-44
4485;8;-44
4486;8;-48
4487;4;-44
4488;8;-48
4489;0;-48
4490;0;-48
4491;-4;-48
4492;-4;-48
4493;-8;-48
4494;-12;-48
4495;-8;-44
4496;-16;-44
4497;-16;-40
4498;-20;-40
4499;-20;-36
4500;-24;-36
4501;-28;0
4502;-16;4
4503;-28;4
4504;-32;8
4505;-32;8
4506;-36;8
4507;-44;12
4508;-40;12
4509;-56;12
4510;-44;16
4511;-44;16
4512;-48;16
4513;-48;16
4514;-56;16
4515;-52;16
4516;-60;16
4517;-56;16
4518;-56;16
4519;-60;16
4520;-64;16
4521;-60;12
4522;-68;16
4523;-68;12
4524;-68;12
4525;-72;12
4526;-72;12
4527;-76;12
4528;-76;12
4529;-80;12
4530;-84;8
4531;-84;8
4532;-84;8
4533;-88;8
4534;-88;8
4535;-92;12
4536;-92;8
4537;-96;8
4538;-96;8
4539;-96;8
4540;-100;8
4541;-100;8
4542;-104;8
4543;-108;8
4544;-112;8
4545;-112;8
4546;-112;4
4547;-112;4
4548;-112;4
4549;-104;4
4550;-116;4
4551;-120;4
4552;-120;8
4553;-124;4
4554;-120;4
4555;-124;4
4556;-128;4
4557;-124;8
4558;-132;4
4559;-132;4
4560;-132;4
4561;-136;4
4562;-136;0
4563;-136;0
4564;-140;0
4565;-140;0
4566;-140;0
4567;-140;-4
4568;-140;-4
4569;-144;-8
4570;-152;-8
4571;-148;-12
4572;-148;-12
4573;-152;-12
4574;-152;-16
4575;-152;-16
4576;-156;-16
4577;-168;-20
4578;-156;-20
4579;-160;-20
4580;-160;-20
4581;-160;-16
4582;-160;-16
4583;-160;-16
4584;-160;-16
4585;-164;-12
4586;-164;-12
4587;-168;-12
4588;-168;-8
4589;-168;-4
4590;-168;-4
4591;-160;0
4592;-172;4
4593;-172;4
4594;-172;8
4595;-176;8
4596;-176;12
4597;-176;16
4598;-176;12
4599;-176;16
4600;-176;16
4601;-180;20
4602;-180;16
4603;-188;20
4604;-176;16
4605;-180;16
4606;-180;16
4607;-184;16
4608;-184;16
4609;-184;16
4610;-184;16
4611;-184;16
4612;-184;16
4613;-184;16
4614;-184;12
4615;-184;12
4616;-184;12
4617;-184;12
4618;-188;12
4619;-184;12
4620;-188;12
4621;-188;8
4622;-188;12
4623;-184;8
4624;-196;8
4625;-184;12
4626;-184;8
4627;-188;8
4628;-188;8
4629;-188;8
4630;-188;8
4631;-196;8
4632;-188;8
4633;-188;8
4634;-188;8
4635;-188;8
4636;-184;4
4637;-188;8
4638;-188;8
4639;-188;4
4640;-184;4
4641;-184;8
4642;-184;4
4643;-184;4
4644;-184;4
4645;-180;4
4646;-184;4
4647;-184;8
4648;-180;4
4649;-180;4
4650;-180;4
4651;-180;4
4652;-172;4
4653;-180;4
4654;-180;4
4655;-180;4
4656;-176;4
4657;-176;4
4658;-176;0
4659;-164;-4
4660;-172;-4
4661;-172;-4
4662;-168;-8
4663;-168;-8
4664;-172;-12
4665;-172;-12
4666;-176;-12
4667;-168;-16
4668;-168;-16
4669;-164;-16
4670;-168;-16
4671;-168;-20
4672;-164;-20
4673;-164;-20
4674;-160;-20
4675;-160;-20
4676;-160;-20
4677;-156;-16
4678;-164;-12
4679;-156;-12
4680;-152;-8
4681;-156;-8
4682;-152;-4
4683;-152;0
4684;-152;4
4685;-148;8
4686;-148;8
4687;-144;12
4688;-144;12
4689;-144;16
4690;-140;16
4691;-140;16
4692;-140;16
4693;-136;16
4694;-136;16
4695;-132;16
4696;-132;16
4697;-128;16
4698;-132;16
4699;-140;16
4700;-128;16
4701;-124;16
4702;-124;16
4703;-120;16
4704;-120;16
4705;-120;12
4706;-108;16
4707;-112;56
4708;-116;56
4709;-112;56
4710;-112;56
4711;-108;56
4712;-108;52
4713;-100;56
4714;-104;56
4715;-100;56
4716;-100;56
4717;-96;52
4718;-96;52
4719;-96;56
4720;-88;52
4721;-88;52
4722;-88;52
4723;-88;52
4724;-84;52
4725;-80;52
4726;-80;52
4727;-80;48
4728;-76;48
4729;-76;48
4730;-72;44
4731;-72;44
4732;-72;40
4733;-64;40
4734;-72;40
4735;-64;32
4736;-60;32
4737;-56;32
4738;-56;32
4739;-56;28
4740;-52;32
4741;-72;28
4742;-48;28
4743;-44;28
4744;-44;24
4745;-44;28
4746;-44;28
4747;-40;28
4748;-40;28
4749;-36;32
4750;-32;32
4751;-32;32
4752;-28;36
4753;-16;40
4754;-24;44
4755;-24;44
4756;-20;48
4757;-16;48
4758;-16;48
4759;-12;52
4760;-12;56
4761;-8;56
4762;-4;60
4763;-8;60
4764;-4;64
4765;0;60
4766;0;64
4767;4;64
4768;4;64
4769;8;64
4770;12;64
4771;12;64
4772;16;64
4773;16;60
4774;20;64
4775;20;64
4776;20;60
4777;24;60
4778;28;60
4779;28;56
4780;28;60
4781;44;60
4782;32;56
4783;36;56
4784;40;56
4785;40;56
4786;44;56
4787;44;56
4788;44;52
4789;48;52
4790;48;52
4791;52;52
4792;56;52
4793;56;52
4794;56;52
4795;60;52
4796;64;52
4797;64;52
4798;68;52
4799;68;52
4800;72;52
4801;72;52
4802;68;52
4803;76;52
4804;80;52
4805;80;52
4806;84;52
4807;88;52
4808;88;52
4809;76;52
4810;88;52
4811;92;52
4812;96;48
4813;96;48
4814;100;48
4815;100;48
4816;108;44
4817;104;44
4818;104;40
4819;104;40
4820;112;40
4821;112;36
4822;112;32
4823;128;32
4824;116;32
4825;120;32
4826;120;28
4827;120;28
4828;128;28
4829;124;28
4830;128;24
4831;128;24
4832;132;24
4833;132;28
4834;132;28
4835;128;28
4836;136;32
4837;140;36
4838;140;40
4839;140;44
4840;144;44
4841;144;48
4842;148;52
4843;148;52
4844;152;56
4845;152;56
4846;152;60
4847;152;60
4848;156;60
4849;160;64
4850;160;64
4851;160;64
4852;160;64
4853;164;64
4854;164;64
4855;164;60
4856;156;64
4857;168;60
4858;168;60
4859;168;60
4860;168;60
4861;168;60
4862;172;60
4863;168;56
4864;176;56
4865;176;56
4866;180;56
4867;180;56
4868;180;52
4869;180;56
4870;180;56
4871;184;56
4872;180;52
4873;184;52
4874;188;52
4875;188;52
4876;188;52
4877;196;52
4878;188;52
4879;188;52
4880;188;52
4881;192;52
4882;192;52
4883;188;52
4884;192;52
4885;192;52
4886;192;52
4887;192;52
4888;192;52
4889;196;48
4890;196;52
4891;204;48
4892;196;48
4893;196;48
4894;196;48
4895;196;44
4896;196;40
4897;196;40
4898;180;36
4899;200;36
4900;200;32
4901;200;32
4902;200;32
4903;200;28
4904;200;28
4905;192;28
4906;200;24
4907;200;24
4908;200;24
4909;200;28
4910;208;28
4911;204;28
4912;200;32
4913;200;32
4914;200;32
4915;200;12
4916;204;-48
4917;204;-48
4918;204;-44
4919;200;-44
4920;200;-40
4921;204;-40
4922;200;-36
4923;200;-36
4924;204;-32
4925;200;-32
4926;200;-28
4927;200;-28
4928;200;-28
4929;200;-28
4930;196;-24
4931;200;-24
4932;196;-24
4933;200;-24
4934;196;-24
4935;196;-24
4936;196;-24
4937;196;-24
4938;208;-24
4939;196;-28
4940;192;-28
4941;192;-28
4942;192;-28
4943;192;-28
4944;192;-32
4945;188;-32
4946;192;-28
4947;188;-32
4948;188;-32
4949;188;-32
4950;184;-32
4951;184;-32
4952;184;-32
4953;184;-32
4954;184;-36
4955;184;-36
4956;180;-32
4957;180;-32
4958;180;-32
4959;176;-36
4960;180;-36
4961;172;-36
4962;176;-32
4963;176;-32
4964;172;-36
4965;172;-36
4966;156;-32
4967;164;-36
4968;168;-36
4969;168;-36
4970;164;-36
4971;168;-36
4972;160;-36
4973;160;-40
4974;160;-40
4975;160;-40
4976;156;-40
4977;156;-44
4978;156;-44
4979;152;-44
4980;172;-48
4981;152;-48
4982;148;-52
4983;148;-52
4984;144;-52
4985;152;-56
4986;144;-56
4987;140;-56
4988;140;-56
4989;140;-60
4990;136;-56
4991;136;-60
4992;132;-56
4993;132;-56
4994;132;-56
4995;128;-56
4996;128;-52
4997;128;-48
4998;124;-48
4999;120;-48
5000;120;-44
5001;120;-40
5002;120;-40
5003;116;-40
5004;116;-36
5005;116;-32
5006;116;-32
5007;108;-32
5008;108;-28
5009;108;-28
5010;104;-28
5011;100;-28
5012;100;-24
5013;96;-24
5014;96;-24
5015;92;-24
5016;92;-24
5017;96;-24
5018;88;-24
5019;88;-24
5020;76;-28
5021;80;-28
5022;84;-24
5023;80;-28
5024;80;-28
5025;76;-28
5026;72;-28
5027;64;-28
5028;72;-28
5029;68;-32
5030;68;-32
5031;64;-32
5032;64;-28
5033;60;-32
5034;60;-32
5035;56;-32
5036;56;-32
5037;52;-32
5038;48;-36
5039;52;-36
5040;44;-36
5041;48;-32
5042;44;-36
5043;40;-32
5044;40;-36
5045;40;-36
5046;36;-36
5047;32;-32
5048;48;-36
5049;28;-36
5050;28;-36
5051;24;-36
5052;20;-36
5053;16;-36
5054;16;-36
5055;16;-36
5056;16;-36
5057;12;-40
5058;8;-40
5059;8;-40
5060;-4;-44
5061;4;-44
5062;0;-44
5063;-4;-48
5064;-4;-48
5065;-4;-52
5066;-8;-52
5067;-16;-52
5068;-12;-52
5069;-12;-56
5070;-16;-56
5071;-16;-60
5072;-20;-60
5073;-20;-56
5074;-24;-60
5075;-28;-56
5076;-28;-56
5077;-28;-56
5078;-28;-56
5079;-32;-52
5080;-36;-52
5081;-40;-48
5082;-40;-48
5083;-44;-48
5084;-44;-44
5085;-44;-40
5086;-48;-40
5087;-52;-36
5088;-64;-36
5089;-52;-32
5090;-56;-28
5091;-56;-28
5092;-60;-28
5093;-60;-28
5094;-64;-28
5095;-56;-24
5096;-64;-24
5097;-68;-28
5098;-72;-24
5099;-72;-24
5100;-72;-24
5101;-76;-24
5102;-76;-24
5103;-80;-24
5104;-84;-24
5105;-80;-28
5106;-84;-28
5107;-84;-28
5108;-88;-28
5109;-88;-28
5110;-92;-28
5111;-92;-28
5112;-96;-32
5113;-96;-32
5114;-100;-32
5115;-100;-32
5116;-104;-32
5117;-104;-32
5118;-108;-32
5119;-108;-32
5120;-108;-32
5121;-112;-32
5122;-112;-28
5123;-120;-32
5124;-116;36
5125;-116;40
5126;-120;36
5127;-120;36
5128;-124;36
5129;-124;32
5130;-148;32
5131;-128;32
5132;-128;28
5133;-128;28
5134;-132;24
5135;-132;24
5136;-136;20
5137;-136;20
5138;-136;16
5139;-140;16
5140;-140;16
5141;-140;12
5142;-136;12
5143;-144;12
5144;-144;12
5145;-148;12
5146;-148;8
5147;-148;8
5148;-148;8
5149;-152;12
5150;-152;12
5151;-156;16
5152;-156;16
5153;-156;20
5154;-160;20
5155;-156;24
5156;-160;28
5157;-160;28
5158;-160;32
5159;-164;36
5160;-164;36
5161;-164;40
5162;-164;40
5163;-164;40
5164;-168;44
5165;-168;44
5166;-168;44
5167;-168;44
5168;-172;48
5169;-172;44
5170;-172;48
5171;-172;48
5172;-172;48
5173;-176;44
5174;-176;44
5175;-176;44
5176;-176;48
5177;-184;44
5178;-176;44
5179;-180;44
5180;-176;44
5181;-180;44
5182;-180;40
5183;-180;40
5184;-188;40
5185;-184;40
5186;-180;40
5187;-184;40
5188;-184;36
5189;-180;40
5190;-180;40
5191;-184;36
5192;-188;40
5193;-184;36
5194;-184;36
5195;-184;36
5196;-184;36
5197;-184;36
5198;-180;36
5199;-184;36
5200;-184;36
5201;-184;36
5202;-184;32
5203;-188;36
5204;-184;36
5205;-164;36
5206;-184;36
5207;-184;36
5208;-184;32
5209;-184;32
5210;-184;36
5211;-184;36
5212;-188;36
5213;-184;32
5214;-184;36
5215;-184;32
5216;-184;32
5217;-188;32
5218;-180;32
5219;-184;32
5220;-180;32
5221;-180;32
5222;-180;36
5223;-180;32
5224;-184;36
5225;-176;36
5226;-176;32
5227;-176;32
5228;-176;32
5229;-176;32
5230;-176;32
5231;-176;32
5232;-172;28
5233;-168;28
5234;-172;24
5235;-172;24
5236;-172;24
5237;-168;20
5238;-168;16
5239;-168;16
5240;-168;16
5241;-164;12
5242;-164;12
5243;-164;12
5244;-160;12
5245;-176;8
5246;-160;8
5247;-160;8
5248;-160;8
5249;-156;12
5250;-156;12
5251;-156;12
5252;-152;16
5253;-156;16
5254;-152;16
5255;-152;20
5256;-152;20
5257;-148;24
5258;-148;28
5259;-144;32
5260;-144;32
5261;-144;36
5262;-140;36
5263;-140;40
5264;-140;40
5265;-140;44
5266;-132;44
5267;-136;44
5268;-136;48
5269;-132;48
5270;-132;48
5271;-132;48
5272;-128;48
5273;-128;44
5274;-124;48
5275;-124;48
5276;-120;44
5277;-120;44
5278;-120;44
5279;-116;44
5280;-120;44
5281;-116;44
5282;-112;44
5283;-112;40
5284;-112;40
5285;-112;40
5286;-104;40
5287;-124;40
5288;-100;40
5289;-100;36
5290;-96;40
5291;-96;40
5292;-100;36
5293;-92;36
5294;-96;40
5295;-88;40
5296;-88;36
5297;-84;36
5298;-84;36
5299;-72;36
5300;-76;36
5301;-80;36
5302;-72;36
5303;-72;32
5304;-72;36
5305;-68;36
5306;-68;36
5307;-64;32
5308;-64;32
5309;-60;32
5310;-60;36
5311;-56;36
5312;-56;36
5313;-52;36
5314;-52;36
5315;-48;32
5316;-44;32
5317;-44;32
5318;-44;32
5319;-40;32
5320;-40;32
5321;-40;32
5322;-36;32
5323;-32;32
5324;-32;32
5325;-28;32
5326;-24;36
5327;-12;36
5328;-20;36
5329;-20;32
5330;-20;32
5331;-16;36
5332;-12;24
5333;-12;24
5334;-12;24
5335;-8;24
5336;-4;20
5337;-4;20
5338;-4;16
5339;0;16
5340;4;12
5341;4;12
5342;4;12
5343;8;8
5344;12;8
5345;12;8
5346;16;4
5347;16;4
5348;12;4
5349;24;4
5350;24;0
5351;24;4
5352;28;0
5353;28;4
5354;32;4
5355;24;4
5356;36;4
5357;36;8
5358;40;8
5359;40;12
5360;44;16
5361;48;16
5362;44;20
5363;52;24
5364;52;24
5365;56;28
5366;56;32
5367;60;32
5368;60;36
5369;80;36
5370;64;36
5371;68;36
5372;68;40
5373;68;40
5374;80;40
5375;76;40
5376;76;40
5377;76;40
5378;80;36
5379;80;40
5380;84;40
5381;84;36
5382;88;36
5383;88;36
5384;88;36
5385;96;36
5386;96;36
5387;96;32
5388;100;36
5389;100;32
5390;104;32
5391;104;32
5392;104;32
5393;108;32
5394;108;32
5395;116;32
5396;112;32
5397;116;32
5398;116;28
5399;120;32
5400;120;32
5401;124;28
5402;128;28
5403;124;28
5404;128;28
5405;132;28
5406;132;28
5407;136;28
5408;136;28
5409;132;28
5410;136;28
5411;136;28
5412;144;28
5413;140;24
5414;144;28
5415;144;28
5416;144;28
5417;148;28
5418;152;28
5419;152;28
5420;152;28
5421;152;28
5422;156;28
5423;156;24
5424;156;24
5425;160;24
5426;160;24
5427;160;20
5428;164;20
5429;164;16
5430;164;16
5431;164;12
5432;168;12
5433;168;8
5434;172;8
5435;176;4
5436;176;4
5437;192;4
5438;176;4
5439;176;4
5440;180;0
5441;180;4
5442;180;0
5443;180;4
5444;188;4
5445;184;4
5446;180;8
5447;184;8
5448;184;12
5449;184;12
5450;188;16
5451;188;20
5452;188;20
5453;188;20
5454;188;24
5455;192;28
5456;184;32
5457;192;32
5458;192;32
5459;192;36
5460;192;36
5461;196;36
5462;196;36
5463;192;40
5464;196;40
5465;196;40
5466;196;40
5467;196;40
5468;196;40
5469;196;40
5470;200;40
5471;200;40
5472;196;36
5473;200;36
5474;200;36
5475;200;36
5476;200;36
5477;192;36
5478;200;32
5479;200;32
5480;200;32
5481;200;32
5482;200;32
5483;200;32
5484;212;32
5485;204;32
5486;200;32
5487;200;32
5488;200;32
5489;204;28
5490;200;28
5491;196;28
5492;200;28
5493;200;28
5494;200;28
5495;200;28
5496;200;28
5497;200;28
5498;208;28
5499;200;28
5500;200;28
5501;200;28
5502;200;28
5503;196;28
5504;196;28
5505;200;28
5506;196;28
5507;200;24
5508;200;24
5509;192;28
5510;192;28
5511;196;24
5512;192;28
5513;192;28
5514;192;28
5515;192;28
5516;192;24
5517;192;28
5518;192;28
5519;164;28
5520;188;24
5521;184;24
5522;184;24
5523;184;28
5524;184;28
5525;184;24
5526;176;24
5527;184;24
5528;180;24
5529;180;24
5530;180;24
5531;188;20
5532;180;20
5533;176;20
5534;176;16
5535;176;16
5536;172;16
5537;172;12
5538;172;12
5539;172;8
5540;168;8
5541;168;-56
5542;168;-56
5543;164;-56
5544;164;-56
5545;164;-60
5546;160;-60
5547;156;-60
5548;156;-60
5549;156;-60
5550;156;-60
5551;156;-56
5552;148;-60
5553;152;-56
5554;152;-52
5555;148;-48
5556;148;-48
5557;148;-48
5558;144;-44
5559;152;-40
5560;140;-40
5561;140;-36
5562;140;-36
5563;132;-32
5564;136;-32
5565;136;-32
5566;132;-28
5567;128;-28
5568;132;-28
5569;128;-28
5570;128;-28
5571;124;-24
5572;120;-28
5573;120;-28
5574;120;-28
5575;116;-28
5576;116;-28
5577;116;-28
5578;112;-28
5579;108;-28
5580;104;-28
5581;108;-28
5582;104;-32
5583;100;-32
5584;100;-32
5585;100;-32
5586;96;-32
5587;80;-32
5588;92;-32
5589;92;-32
5590;92;-36
5591;88;-36
5592;88;-36
5593;84;-36
5594;80;-36
5595;80;-36
5596;80;-36
5597;76;-40
5598;72;-36
5599;76;-36
5600;72;-36
5601;88;-36
5602;68;-36
5603;68;-36
5604;64;-36
5605;64;-36
5606;68;-40
5607;56;-36
5608;56;-36
5609;56;-36
5610;52;-36
5611;48;-40
5612;48;-36
5613;44;-40
5614;44;-36
5615;40;-36
5616;36;-40
5617;36;-40
5618;36;-36
5619;32;-40
5620;32;-40
5621;28;-40
5622;28;-40
5623;24;-40
5624;24;-44
5625;20;-44
5626;20;-48
5627;20;-48
5628;16;-48
5629;16;-48
5630;12;-52
5631;8;-56
5632;4;-56
5633;4;-56
5634;0;-56
5635;0;-56
5636;0;-56
5637;-4;-60
5638;-8;-60
5639;-8;-60
5640;-12;-60
5641;-20;-60
5642;-16;-60
5643;-16;-56
5644;-20;-56
5645;-20;-52
5646;-20;-52
5647;-28;-48
5648;-32;-44
5649;-28;-44
5650;-32;-36
5651;-36;-36
5652;-36;-36
5653;-36;-32
5654;-40;-28
5655;-36;-28
5656;-44;-28
5657;-44;-28
5658;-48;-24
5659;-48;-28
5660;-48;-24
5661;-52;-28
5662;-52;-28
5663;-56;-28
5664;-56;-28
5665;-60;-24
5666;-64;-28
5667;-64;-28
5668;-64;-28
5669;-48;-28
5670;-72;-28
5671;-72;-32
5672;-76;-32
5673;-76;-32
5674;-80;-32
5675;-80;-32
5676;-80;-32
5677;-84;-32
5678;-88;-36
5679;-88;-36
5680;-88;-36
5681;-96;-36
5682;-92;-36
5683;-96;-36
5684;-100;-36
5685;-100;-36
5686;-100;-36
5687;-104;-36
5688;-108;-36
5689;-104;-36
5690;-108;-36
5691;-108;-36
5692;-112;-36
5693;-112;-36
5694;-112;-36
5695;-116;-36
5696;-120;-40
5697;-120;-40
5698;-120;-36
5699;-120;-36
5700;-124;-36
5701;-124;-36
5702;-128;-36
5703;-128;-40
5704;-128;-40
5705;-132;-40
5706;-132;-40
5707;-136;-40
5708;-136;-44
5709;-152;-44
5710;-140;-48
5711;-140;-48
5712;-140;-48
5713;-140;-52
5714;-144;-52
5715;-144;-56
5716;-136;-56
5717;-148;-56
5718;-152;-56
5719;-152;-60
5720;-152;-60
5721;-152;-60
5722;-156;-60
5723;-156;-60
5724;-160;-56
5725;-156;-60
5726;-160;-56
5727;-160;-56
5728;-160;-56
5729;-164;-52
5730;-156;-52
5731;-168;-48
5732;-164;-44
5733;-164;-44
5734;-168;-44
5735;-168;-40
5736;-172;-36
5737;-172;-36
5738;-172;-32
5739;-176;-32
5740;-172;-28
5741;-176;-28
5742;-176;-28
5743;-176;-24
5744;-176;-24
5745;-176;-24
5746;-176;-28
5747;-180;-24
5748;-180;-24
5749;-180;64
5750;-180;64
5751;-204;60
5752;-184;64
5753;-180;60
5754;-184;64
5755;-184;60
5756;-184;60
5757;-184;60
5758;-196;56
5759;-184;56
5760;-184;56
5761;-184;56
5762;-184;56
5763;-176;56
5764;-184;56
5765;-184;56
5766;-184;56
5767;-184;56
5768;-188;52
5769;-188;52
5770;-188;52
5771;-188;52
5772;-188;48
5773;-184;48
5774;-184;48
5775;-188;44
5776;-188;44
5777;-184;40
5778;-188;40
5779;-184;36
5780;-188;36
5781;-188;32
5782;-188;32
5783;-188;32
5784;-184;32
5785;-188;28
5786;-184;28
5787;-188;24
5788;-184;28
5789;-184;24
5790;-184;24
5791;-192;28
5792;-184;28
5793;-184;32
5794;-180;32
5795;-184;36
5796;-180;36
5797;-180;44
5798;-184;44
5799;-180;48
5800;-180;52
5801;-176;52
5802;-176;56
5803;-176;56
5804;-176;60
5805;-176;60
5806;-176;60
5807;-172;64
5808;-172;64
5809;-172;64
5810;-172;64
5811;-168;60
5812;-172;64
5813;-168;60
5814;-168;60
5815;-168;60
5816;-164;60
5817;-160;60
5818;-164;60
5819;-160;60
5820;-160;56
5821;-164;60
5822;-156;60
5823;-160;56
5824;-156;56
5825;-160;56
5826;-136;56
5827;-156;52
5828;-152;56
5829;-152;56
5830;-152;52
5831;-148;56
5832;-148;52
5833;-140;52
5834;-144;52
5835;-144;52
5836;-144;52
5837;-140;52
5838;-140;52
5839;-140;52
5840;-136;52
5841;-136;52
5842;-132;48
5843;-132;52
5844;-132;52
5845;-136;52
5846;-128;52
5847;-124;52
5848;-124;48
5849;-124;52
5850;-120;48
5851;-120;48
5852;-120;52
5853;-112;48
5854;-116;48
5855;-112;48
5856;-112;52
5857;-104;52
5858;-104;48
5859;-100;48
5860;-104;48
5861;-104;48
5862;-100;44
5863;-96;44
5864;-100;40
5865;-96;40
5866;-96;36
5867;-88;32
5868;-88;32
5869;-92;32
5870;-84;28
5871;-84;28
5872;-80;24
5873;-88;24
5874;-80;28
5875;-72;24
5876;-72;24
5877;-72;24
5878;-68;24
5879;-68;24
5880;-68;24
5881;-60;28
5882;-60;28
5883;-56;28
5884;-56;32
5885;-52;36
5886;-52;36
5887;-44;40
5888;-48;44
5889;-48;48
5890;-44;48
5891;-40;52
5892;-40;56
5893;-40;56
5894;-36;60
5895;-36;60
5896;-32;60
5897;-28;60
5898;-28;60
5899;-24;64
5900;-24;64
5901;-12;64
5902;-20;64
5903;-20;60
5904;-16;60
5905;-16;60
5906;-16;60
5907;-8;60
5908;-16;60
5909;-8;60
5910;-4;60
5911;-4;56
5912;0;56
5913;-4;56
5914;4;56
5915;4;56
5916;8;56
5917;12;56
5918;12;56
5919;16;56
5920;12;52
5921;20;52
5922;20;52
5923;24;52
5924;28;52
5925;28;52
5926;28;52
5927;32;52
5928;36;52
5929;36;52
5930;40;52
5931;40;48
5932;44;52
5933;44;52
5934;44;52
5935;48;52
5936;52;52
5937;52;52
5938;56;48
5939;60;48
5940;60;52
5941;48;48
5942;64;52
5943;64;52
5944;68;48
5945;68;48
5946;72;48
5947;72;48
5948;84;48
5949;76;52
5950;80;48
5951;80;52
5952;80;52
5953;84;52
5954;88;52
5955;92;48
5956;92;52
5957;92;-4
5958;92;-4
5959;96;-4
5960;100;-8
5961;100;-8
5962;108;-12
5963;104;-12
5964;104;-12
5965;108;-16
5966;108;-16
5967;112;-20
5968;112;-20
5969;112;-24
5970;116;-20
5971;116;-24
5972;120;-24
5973;120;-28
5974;120;-28
5975;128;-28
5976;124;-28
5977;128;-28
5978;132;-28
5979;132;-28
5980;136;-28
5981;136;-24
5982;140;-24
5983;120;-20
5984;140;-16
5985;140;-20
5986;140;-16
5987;148;-12
5988;144;-12
5989;148;-8
5990;148;-8
5991;152;-4
5992;152;-4
5993;152;0
5994;156;4
5995;164;4
5996;156;8
5997;160;8
5998;160;8
5999;160;8
6000;164;8
6001;164;8
6002;164;8
6003;168;8
6004;168;8
6005;168;8
6006;168;8
6007;168;8
6008;172;8
6009;176;8
6010;176;4
6011;176;4
6012;176;4
6013;180;4
6014;176;4
6015;180;4
6016;184;0
6017;180;4
6018;184;0
6019;184;0
6020;184;0
6021;188;0
6022;184;0
6023;192;0
6024;188;0
6025;188;0
6026;188;-4
6027;192;0
6028;188;0
6029;192;-4
6030;188;-4
6031;192;0
6032;192;-4
6033;192;0
6034;196;-4
6035;192;-4
6036;196;-4
6037;192;-4
6038;196;-4
6039;196;-4
6040;200;-4
6041;200;-4
6042;200;-4
6043;196;-4
6044;196;-4
6045;196;-4
6046;196;-4
6047;196;-4
6048;200;-4
6049;200;-4
6050;200;-4
6051;196;-4
6052;200;-4
6053;200;-8
6054;200;-4
6055;200;-8
6056;204;-8
6057;200;-8
6058;212;-12
6059;200;-12
6060;200;-16
6061;200;-16
6062;200;-20
6063;200;-20
6064;200;-20
6065;208;-24
6066;200;-24
6067;200;-24
6068;200;-28
6069;200;-28
6070;196;-28
6071;200;-28
6072;196;-28
6073;200;-28
6074;200;-28
6075;200;-24
6076;196;-24
6077;188;-20
6078;196;-20
6079;196;-20
6080;192;-16
6081;196;-12
6082;196;-12
6083;192;-8
6084;196;-8
6085;192;-4
6086;192;-4
6087;192;0
6088;192;4
6089;188;4
6090;188;4
6091;188;8
6092;188;8
6093;188;8
6094;184;8
6095;184;12
6096;184;8
6097;184;8
6098;176;8
6099;180;8
6100;180;8
6101;176;8
6102;180;8
6103;180;8
6104;176;4
6105;188;4
6106;176;4
6107;172;4
6108;172;4
6109;172;4
6110;172;0
6111;168;0
6112;168;0
6113;168;0
6114;164;0
6115;164;0
6116;164;0
6117;164;0
6118;160;0
6119;164;0
6120;160;0
6121;156;0
6122;156;-4
6123;152;0
6124;156;-4
6125;152;0
6126;152;0
6127;148;0
6128;144;-4
6129;144;-4
6130;144;-4
6131;140;0
6132;140;-4
6133;136;-4
6134;140;-4
6135;136;-4
6136;132;-4
6137;132;-4
6138;128;-8
6139;128;0
6140;108;-4
6141;124;-4
6142;124;-8
6143;120;-8
6144;124;-4
6145;112;-8
6146;116;-8
6147;104;-12
6148;116;-12
6149;112;-16
6150;112;-16
6151;108;-20
6152;112;-20
6153;108;-20
6154;104;-24
6155;100;-24
6156;100;-28
6157;100;-24
6158;96;-28
6159;96;-28
6160;92;-24
6161;88;-28
6162;92;-28
6163;88;-24
6164;84;-24
6165;84;-8
6166;80;-44
6167;80;-40
6168;76;-36
6169;76;-36
6170;76;-32
6171;76;-32
6172;72;-32
6173;64;-28
6174;68;-28
6175;64;-24
6176;64;-20
6177;64;-20
6178;60;-16
6179;60;-16
6180;68;-12
6181;52;-12
6182;52;-12
6183;52;-12
6184;48;-12
6185;48;-12
6186;44;-12
6187;44;-12
6188;40;-12
6189;36;-12
6190;36;-12
6191;36;-12
6192;32;-16
6193;32;-12
6194;28;-16
6195;28;-16
6196;24;-16
6197;20;-16
6198;20;-20
6199;20;-20
6200;16;-20
6201;8;-20
6202;12;-20
6203;8;-20
6204;8;-20
6205;4;-20
6206;4;-20
6207;0;-20
6208;-12;-20
6209;-4;-24
6210;-8;-20
6211;-8;-20
6212;-8;-24
6213;-8;-20
6214;-12;-20
6215;-16;-24
6216;-16;-24
6217;-16;-24
6218;-24;-24
6219;-20;-24
6220;-20;-24
6221;-28;-24
6222;-12;-24
6223;-28;-24
6224;-32;-24
6225;-36;-24
6226;-40;-24
6227;-36;-28
6228;-40;-24
6229;-40;-24
6230;-44;-24
6231;-48;-28
6232;-52;-28
6233;-52;-28
6234;-60;-28
6235;-56;-32
6236;-56;-32
6237;-60;-36
6238;-60;-36
6239;-64;-36
6240;-64;-40
6241;-68;-40
6242;-68;-40
6243;-72;-44
6244;-72;-44
6245;-72;-44
6246;-80;-44
6247;-80;-44
6248;-76;-48
6249;-80;-48
6250;-84;-48
6251;-84;-44
6252;-88;-44
6253;-88;-44
6254;-92;-40
6255;-100;-40
6256;-92;-36
6257;-96;-32
6258;-96;-28
6259;-100;-28
6260;-100;-24
6261;-104;-20
6262;-112;-20
6263;-104;-16
6264;-108;-16
6265;-108;-12
6266;-112;-12
6267;-108;-16
6268;-112;-12
6269;-116;-12
6270;-116;-12
6271;-120;-12
6272;-124;-12
6273;-120;-12
6274;-120;-12
6275;-124;-16
6276;-124;-16
6277;-128;-16
6278;-132;-16
6279;-132;-16
6280;-136;-16
6281;-132;-16
6282;-136;-16
6283;-132;-20
6284;-140;-16
6285;-140;-16
6286;-140;-20
6287;-144;-20
6288;-144;-20
6289;-144;-20
6290;-140;-20
6291;-148;-20
6292;-148;-20
6293;-152;-20
6294;-152;-24
6295;-156;-20
6296;-152;-20
6297;-168;-24
6298;-156;-24
6299;-156;-24
6300;-160;-20
6301;-160;-24
6302;-168;-20
6303;-160;-24
6304;-168;-24
6305;-164;-24
6306;-164;-24
6307;-164;-24
6308;-168;-24
6309;-168;-20
6310;-168;-24
6311;-168;-24
6312;-172;-24
6313;-172;-24
6314;-172;-20
6315;-172;-24
6316;-172;-24
6317;-172;-24
6318;-176;-24
6319;-176;-24
6320;-180;-28
6321;-180;-24
6322;-176;-28
6323;-176;-28
6324;-176;-28
6325;-180;-32
6326;-180;-32
6327;-180;-32
6328;-180;-36
6329;-184;-36
6330;-188;-40
6331;-180;-40
6332;-180;-44
6333;-180;-44
6334;-184;-44
6335;-184;-44
6336;-184;-44
6337;-172;-48
6338;-184;-48
6339;-184;-48
6340;-184;-48
6341;-184;-48
6342;-180;-44
6343;-188;-44
6344;-188;-44
6345;-184;-40
6346;-188;-40
6347;-184;-36
6348;-184;-36
6349;-184;-32
6350;-184;-32
6351;-188;-28
6352;-184;-24
6353;-188;-24
6354;-184;-20
6355;-188;-16
6356;-184;-20
6357;-184;-16
6358;-192;-16
6359;-184;-16
6360;-184;-12
6361;-180;-12
6362;-184;-12
6363;-184;-12
6364;-184;-12
6365;-192;-12
6366;-184;-12
6367;-180;-12
6368;-180;-12
6369;-180;-12
6370;-176;-12
6371;-180;-12
6372;-180;-12
6373;-176;-12
6374;-176;68
6375;-176;68
6376;-172;64
6377;-172;64
6378;-172;64
6379;-152;64
6380;-172;60
6381;-168;64
6382;-172;60
6383;-168;60
6384;-160;60
6385;-164;60
6386;-168;56
6387;-164;60
6388;-164;60
6389;-164;60
6390;-160;60
6391;-168;60
6392;-160;60
6393;-160;56
6394;-156;56
6395;-156;56
6396;-156;52
6397;-156;52
6398;-156;48
6399;-156;48
6400;-152;48
6401;-148;44
6402;-148;44
6403;-148;44
6404;-144;40
6405;-148;40
6406;-144;40
6407;-144;36
6408;-144;32
6409;-140;32
6410;-140;32
6411;-136;32
6412;-148;32
6413;-132;32
6414;-132;32
6415;-128;36
6416;-128;36
6417;-128;36
6418;-128;40
6419;-120;40
6420;-124;44
6421;-124;44
6422;-116;48
6423;-120;48
6424;-116;52
6425;-112;56
6426;-112;60
6427;-112;60
6428;-112;64
6429;-108;64
6430;-108;64
6431;-104;64
6432;-104;68
6433;-96;68
6434;-100;68
6435;-96;68
6436;-96;68
6437;-96;68
6438;-92;68
6439;-92;68
6440;-84;68
6441;-88;68
6442;-84;68
6443;-84;68
6444;-80;64
6445;-80;64
6446;-76;64
6447;-72;64
6448;-72;64
6449;-72;64
6450;-68;64
6451;-68;60
6452;-68;64
6453;-64;60
6454;-72;60
6455;-60;60
6456;-56;60
6457;-56;60
6458;-52;60
6459;-60;60
6460;-48;56
6461;-52;56
6462;-44;60
6463;-40;60
6464;-40;60
6465;-40;60
6466;-44;60
6467;-36;60
6468;-32;60
6469;-32;60
6470;-28;56
6471;-28;60
6472;-24;60
6473;-24;56
6474;-24;56
6475;-16;56
6476;-16;56
6477;-12;56
6478;-12;56
6479;-8;56
6480;-12;56
6481;-8;56
6482;-4;56
6483;0;52
6484;0;56
6485;4;52
6486;8;52
6487;-4;52
6488;8;48
6489;8;48
6490;12;44
6491;16;44
6492;16;44
6493;16;40
6494;32;40
6495;20;36
6496;24;36
6497;28;32
6498;28;36
6499;32;32
6500;32;32
6501;36;32
6502;40;32
6503;40;32
6504;40;32
6505;44;36
6506;44;36
6507;48;40
6508;52;44
6509;52;48
6510;56;48
6511;56;52
6512;56;56
6513;60;60
6514;64;60
6515;60;64
6516;68;64
6517;64;68
6518;68;68
6519;72;68
6520;72;68
6521;76;68
6522;68;68
6523;76;68
6524;80;68
6525;80;68
6526;84;68
6527;88;68
6528;92;68
6529;76;64
6530;92;68
6531;96;68
6532;96;64
6533;96;64
6534;100;64
6535;104;64
6536;116;64
6537;108;64
6538;108;60
6539;108;60
6540;112;60
6541;120;64
6542;112;60
6543;116;60
6544;120;56
6545;120;60
6546;120;60
6547;124;60
6548;124;60
6549;124;56
6550;128;56
6551;132;60
6552;132;60
6553;132;60
6554;136;56
6555;140;60
6556;140;60
6557;140;56
6558;144;56
6559;144;56
6560;144;56
6561;144;60
6562;152;56
6563;148;56
6564;152;52
6565;152;52
6566;152;52
6567;156;52
6568;156;48
6569;164;48
6570;160;44
6571;160;44
6572;164;40
6573;164;40
6574;164;40
6575;164;36
6576;160;32
6577;164;36
6578;168;36
6579;172;36
6580;168;32
6581;172;32
6582;172;-48
6583;168;-48
6584;176;-48
6585;176;-48
6586;180;-44
6587;176;-44
6588;180;-40
6589;180;-40
6590;184;-40
6591;180;-32
6592;184;-32
6593;184;-32
6594;188;-28
6595;188;-24
6596;188;-24
6597;184;-20
6598;188;-20
6599;192;-20
6600;188;-16
6601;188;-16
6602;192;-12
6603;192;-12
6604;212;-12
6605;188;-12
6606;192;-12
6607;196;-12
6608;192;-12
6609;192;-12
6610;192;-12
6611;200;-12
6612;196;-16
6613;196;-12
6614;196;-16
6615;196;-16
6616;196;-16
6617;196;-16
6618;200;-20
6619;196;-20
6620;196;-20
6621;200;-16
6622;200;-20
6623;192;-20
6624;200;-20
6625;200;-20
6626;200;-20
6627;200;-20
6628;196;-20
6629;200;-24
6630;200;-20
6631;200;-24
6632;204;-24
6633;200;-24
6634;200;-24
6635;200;-24
6636;200;-24
6637;200;-20
6638;200;-24
6639;200;-24
6640;200;-24
6641;200;-24
6642;196;-24
6643;200;-24
6644;188;-24
6645;200;-24
6646;200;-24
6647;200;-24
6648;200;-24
6649;200;-24
6650;196;-24
6651;196;-24
6652;196;-24
6653;196;-28
6654;196;-28
6655;192;-28
6656;196;-32
6657;192;-32
6658;196;-32
6659;192;-36
6660;188;-36
6661;188;-40
6662;188;-36
6663;192;-40
6664;188;-44
6665;196;-44
6666;188;-44
6667;184;-44
6668;184;-48
6669;184;-48
6670;184;-44
6671;184;-48
6672;184;-48
6673;180;-44
6674;180;-44
6675;180;-44
6676;180;-44
6677;176;-40
6678;176;-40
6679;180;-36
6680;176;-36
6681;172;-36
6682;172;-32
6683;168;-28
6684;172;-24
6685;164;-24
6686;144;-20
6687;168;-20
6688;164;-20
6689;164;-16
6690;164;-16
6691;164;-16
6692;160;-12
6693;148;-12
6694;156;-12
6695;156;-12
6696;156;-12
6697;152;-12
6698;160;-12
6699;148;-12
6700;152;-12
6701;148;-12
6702;148;-16
6703;144;-16
6704;144;-16
6705;136;-16
6706;140;-16
6707;136;-16
6708;136;-16
6709;136;-20
6710;132;-20
6711;132;-20
6712;128;-20
6713;128;-20
6714;128;-24
6715;124;-20
6716;124;-24
6717;124;-24
6718;124;-20
6719;128;-20
6720;116;-20
6721;116;-24
6722;112;-20
6723;112;-24
6724;112;-24
6725;108;-24
6726;108;-24
6727;104;-24
6728;104;-24
6729;100;-24
6730;96;-24
6731;96;-24
6732;96;-20
6733;88;-24
6734;92;-24
6735;92;-24
6736;92;-24
6737;84;-24
6738;84;-24
6739;84;-24
6740;76;-24
6741;80;-24
6742;76;-24
6743;76;-24
6744;72;-24
6745;72;-24
6746;72;-24
6747;68;-28
6748;68;-28
6749;64;-28
6750;60;-28
6751;64;-28
6752;60;-32
6753;56;-36
6754;56;-32
6755;52;-36
6756;52;-40
6757;48;-40
6758;52;-40
6759;44;-44
6760;40;-44
6761;64;-44
6762;40;-48
6763;32;-44
6764;32;-44
6765;32;-48
6766;28;-48
6767;28;-48
6768;28;-48
6769;24;-44
6770;20;-44
6771;20;-40
6772;20;-40
6773;16;-36
6774;16;-32
6775;16;-32
6776;8;-28
6777;8;-24
6778;8;-20
6779;4;-16
6780;-8;-16
6781;0;-16
6782;0;-16
6783;-8;-16
6784;-8;-16
6785;-12;-12
6786;-12;-12
6787;-16;-12
6788;-16;-12
6789;-16;-12
6790;-20;4
6791;-24;20
6792;-24;16
6793;-28;16
6794;-28;16
6795;-28;16
6796;-32;16
6797;-32;16
6798;-36;16
6799;-36;12
6800;-44;12
6801;-52;12
6802;-44;12
6803;-44;12
6804;-48;12
6805;-48;12
6806;-52;12
6807;-52;12
6808;-52;12
6809;-56;8
6810;-60;8
6811;-60;8
6812;-60;4
6813;-64;4
6814;-68;4
6815;-68;4
6816;-72;0
6817;-72;-4
6818;-76;-4
6819;-76;-8
6820;-76;-12
6821;-80;-12
6822;-76;-12
6823;-84;-12
6824;-84;-16
6825;-88;-16
6826;-92;-16
6827;-88;-16
6828;-92;-20
6829;-92;-16
6830;-96;-16
6831;-96;-20
6832;-100;-16
6833;-104;-16
6834;-104;-12
6835;-104;-12
6836;-104;-12
6837;-108;-8
6838;-112;-4
6839;-112;-4
6840;-116;0
6841;-116;4
6842;-116;8
6843;-136;8
6844;-120;8
6845;-120;12
6846;-124;12
6847;-124;12
6848;-132;20
6849;-124;20
6850;-136;20
6851;-132;20
6852;-128;20
6853;-132;20
6854;-136;20
6855;-132;20
6856;-136;20
6857;-136;16
6858;-140;16
6859;-140;16
6860;-144;16
6861;-144;16
6862;-144;16
6863;-148;12
6864;-148;16
6865;-152;12
6866;-148;16
6867;-152;12
6868;-152;12
6869;-152;12
6870;-156;12
6871;-156;12
6872;-156;12
6873;-160;12
6874;-160;12
6875;-160;8
6876;-160;8
6877;-164;8
6878;-164;8
6879;-168;8
6880;-164;8
6881;-168;12
6882;-168;12
6883;-160;8
6884;-172;8
6885;-172;8
6886;-172;8
6887;-172;8
6888;-176;8
6889;-172;8
6890;-176;8
6891;-176;4
6892;-176;8
6893;-176;8
6894;-176;8
6895;-176;8
6896;-180;8
6897;-180;4
6898;-180;8
6899;-180;4
6900;-180;4
6901;-180;4
6902;-180;0
6903;-184;0
6904;-188;-4
6905;-184;0
6906;-184;-4
6907;-184;-8
6908;-184;-8
6909;-184;-12
6910;-184;-12
6911;-200;-12
6912;-184;-16
6913;-188;-16
6914;-188;-16
6915;-188;-20
6916;-184;-20
6917;-184;-20
6918;-188;-16
6919;-184;-20
6920;-184;-20
6921;-184;-16
6922;-188;-12
6923;-184;-12
6924;-188;-12
6925;-168;-8
6926;-184;-4
6927;-184;0
6928;-184;0
6929;-184;4
6930;-184;4
6931;-184;8
6932;-184;8
6933;-184;12
6934;-184;12
6935;-184;12
6936;-184;16
6937;-188;20
6938;-180;20
6939;-180;20
6940;-180;20
6941;-180;20
6942;-180;20
6943;-180;20
6944;-176;16
6945;-176;20
6946;-176;20
6947;-176;16
6948;-176;20
6949;-172;16
6950;-172;16
6951;-168;12
6952;-172;16
6953;-172;16
6954;-168;12
6955;-168;12
6956;-168;12
6957;-164;12
6958;-172;12
6959;-168;12
6960;-164;12
6961;-164;12
6962;-164;8
6963;-160;12
6964;-160;12
6965;-168;8
6966;-156;8
6967;-160;8
6968;-156;8
6969;-156;8
6970;-156;8
6971;-152;8
6972;-156;8
6973;-152;8
6974;-152;8
6975;-144;8
6976;-148;12
6977;-148;8
6978;-144;8
6979;-136;8
6980;-144;8
6981;-140;8
6982;-136;8
6983;-136;8
6984;-136;8
6985;-136;8
6986;-128;8
6987;-132;8
6988;-132;8
6989;-128;8
6990;-128;4
6991;-128;8
6992;-124;8
6993;-120;4
6994;-120;8
6995;-120;8
6996;-116;8
6997;-116;8
6998;-116;8
6999;-112;48
7000;-132;52
7001;-112;48
7002;-108;48
7003;-108;44
7004;-104;44
7005;-108;44
7006;-100;44
7007;-112;40
7008;-96;36
7009;-92;36
7010;-92;32
7011;-88;32
7012;-84;32
7013;-88;32
7014;-84;32
7015;-84;28
7016;-80;24
7017;-80;28
7018;-80;24
7019;-72;24
7020;-72;28
7021;-72;28
7022;-68;28
7023;-68;28
7024;-68;28
7025;-64;32
7026;-64;32
7027;-60;36
7028;-56;40
7029;-56;40
7030;-56;40
7031;-52;44
7032;-52;48
7033;-60;52
7034;-48;52
7035;-44;56
7036;-40;60
7037;-40;60
7038;-40;60
7039;-40;60
7040;-20;60
7041;-32;60
7042;-28;60
7043;-24;60
7044;-24;60
7045;-20;60
7046;-20;60
7047;-16;64
7048;-16;64
7049;-12;60
7050;-12;60
7051;-12;60
7052;-8;60
7053;-4;56
7054;-4;60
7055;-4;60
7056;0;60
7057;0;56
7058;0;56
7059;8;60
7060;8;56
7061;8;56
7062;12;56
7063;16;60
7064;16;52
7065;20;56
7066;16;56
7067;24;52
7068;12;52
7069;28;52
7070;28;52
7071;32;52
7072;28;52
7073;36;52
7074;36;52
7075;28;52
7076;40;52
7077;44;52
7078;44;52
7079;48;52
7080;48;52
7081;52;52
7082;68;48
7083;56;52
7084;56;48
7085;60;52
7086;60;52
7087;72;52
7088;68;48
7089;68;52
7090;68;52
7091;72;52
7092;72;52
7093;76;48
7094;80;52
7095;80;52
7096;80;52
7097;84;48
7098;84;48
7099;84;52
7100;92;52
7101;92;48
7102;92;48
7103;96;48
7104;96;48
7105;100;48
7106;100;44
7107;104;40
7108;112;40
7109;108;40
7110;108;36
7111;108;36
7112;112;32
7113;112;36
7114;116;32
7115;124;28
7116;120;32
7117;124;28
7118;124;28
7119;124;28
7120;128;28
7121;132;24
7122;124;24
7123;132;24
7124;132;28
7125;136;28
7126;136;32
7127;140;32
7128;136;36
7129;136;36
7130;144;36
7131;144;40
7132;148;44
7133;148;48
7134;152;48
7135;152;52
7136;148;52
7137;152;56
7138;156;60
7139;156;56
7140;156;60
7141;160;60
7142;160;64
7143;156;64
7144;164;60
7145;164;60
7146;168;60
7147;168;64
7148;172;60
7149;172;64
7150;184;60
7151;168;60
7152;172;60
7153;172;60
7154;176;60
7155;180;60
7156;176;60
7157;188;60
7158;180;60
7159;180;56
7160;180;56
7161;180;56
7162;184;56
7163;184;52
7164;184;52
7165;184;56
7166;184;52
7167;188;56
7168;188;52
7169;184;52
7170;188;56
7171;188;52
7172;188;52
7173;192;52
7174;192;52
7175;188;52
7176;192;52
7177;196;52
7178;196;52
7179;192;52
7180;196;52
7181;196;52
7182;196;52
7183;200;52
7184;196;52
7185;196;52
7186;196;52
7187;200;52
7188;196;52
7189;200;52
7190;188;52
7191;200;52
7192;200;52
7193;200;48
7194;200;48
7195;200;48
7196;200;48
7197;196;48
7198;200;48
7199;200;52
7200;204;48
7201;200;52
7202;204;52
7203;200;48
7204;200;48
7205;204;52
7206;200;52
7207;200;-40
7208;200;-40
7209;200;-40
7210;200;-40
7211;208;-40
7212;204;-44
7213;200;-44
7214;200;-48
7215;200;-48
7216;204;-48
7217;200;-52
7218;200;-52
7219;200;-56
7220;200;-56
7221;200;-56
7222;196;-56
7223;200;-60
7224;196;-60
7225;208;-60
7226;196;-60
7227;196;-60
7228;196;-56
7229;196;-56
7230;192;-56
7231;192;-56
7232;184;-56
7233;192;-52
7234;192;-52
7235;192;-48
7236;188;-48
7237;180;-44
7238;188;-40
7239;184;-40
7240;184;-40
7241;188;-36
7242;184;-32
7243;184;-32
7244;180;-28
7245;180;-28
7246;180;-28
7247;180;-28
7248;176;-24
7249;176;-24
7250;180;-24
7251;176;-24
7252;176;-24
7253;176;-24
7254;172;-24
7255;172;-24
7256;168;-24
7257;168;-28
7258;168;-28
7259;164;-28
7260;164;-28
7261;164;-28
7262;164;-32
7263;160;-28
7264;160;-32
7265;152;-32
7266;156;-32
7267;156;-32
7268;156;-32
7269;152;-32
7270;152;-32
7271;148;-36
7272;164;-32
7273;148;-36
7274;148;-36
7275;148;-32
7276;144;-32
7277;144;-36
7278;140;-36
7279;132;-36
7280;140;-36
7281;136;-36
7282;132;-36
7283;132;-36
7284;132;-36
7285;128;-36
7286;128;-36
7287;124;-36
7288;124;-36
7289;124;-36
7290;120;-36
7291;120;-36
7292;120;-36
7293;108;-36
7294;116;-36
7295;112;-36
7296;112;-40
7297;108;-36
7298;108;-36
7299;104;-36
7300;92;-40
7301;104;-40
7302;100;-36
7303;96;-36
7304;96;-36
7305;96;-40
7306;92;-40
7307;104;-44
7308;92;-44
7309;88;-44
7310;84;-44
7311;84;-48
7312;80;-48
7313;80;-52
7314;84;-52
7315;76;-56
7316;72;-56
7317;72;-56
7318;68;-56
7319;64;-60
7320;64;-60
7321;68;-60
7322;60;-56
7323;60;-60
7324;60;-60
7325;56;-60
7326;44;-56
7327;52;-56
7328;48;-56
7329;48;-52
7330;44;-52
7331;44;-48
7332;44;-48
7333;40;-44
7334;36;-40
7335;36;-40
7336;32;-36
7337;32;-36
7338;32;-32
7339;28;-28
7340;28;-32
7341;24;-28
7342;24;-28
7343;20;-28
7344;16;-28
7345;16;-24
7346;16;-24
7347;4;-28
7348;8;-24
7349;8;-24
7350;4;-28
7351;4;-28
7352;-4;-28
7353;0;-28
7354;-8;-28
7355;-4;-28
7356;-8;-28
7357;-8;-28
7358;-12;-28
7359;-12;-32
7360;-16;-32
7361;-16;-32
7362;-20;-28
7363;-20;-32
7364;-24;-32
7365;-24;-32
7366;-28;-32
7367;-32;-32
7368;-24;-36
7369;-32;-36
7370;-36;-36
7371;-40;-36
7372;-40;-36
7373;-40;-36
7374;-44;-36
7375;-40;-36
7376;-48;-36
7377;-52;-36
7378;-52;-36
7379;-52;-36
7380;-56;-36
7381;-60;-36
7382;-56;-36
7383;-60;-36
7384;-64;-36
7385;-68;-36
7386;-64;-36
7387;-72;-36
7388;-68;-36
7389;-88;-36
7390;-76;-40
7391;-76;-40
7392;-76;-40
7393;-80;-44
7394;-88;-44
7395;-84;-44
7396;-88;-48
7397;-88;-48
7398;-88;-48
7399;-92;-52
7400;-92;-52
7401;-92;-56
7402;-96;-56
7403;-100;-56
7404;-100;-56
7405;-100;-60
7406;-104;-60
7407;-104;-60
7408;-104;-60
7409;-108;-60
7410;-112;-56
7411;-112;-56
7412;-112;-52
7413;-116;-52
7414;-116;-52
7415;-116;-44
7416;-120;-48
7417;-124;-44
7418;-124;28
7419;-124;28
7420;-128;32
7421;-128;36
7422;-132;36
7423;-132;36
7424;-132;40
7425;-136;40
7426;-136;44
7427;-136;44
7428;-140;44
7429;-128;44
7430;-140;44
7431;-144;44
7432;-140;44
7433;-144;44
7434;-148;48
7435;-148;44
7436;-152;44
7437;-148;44
7438;-152;44
7439;-152;40
7440;-156;40
7441;-156;44
7442;-156;40
7443;-156;40
7444;-156;40
7445;-160;40
7446;-160;40
7447;-160;40
7448;-160;40
7449;-164;36
7450;-172;36
7451;-164;36
7452;-168;36
7453;-172;36
7454;-168;36
7455;-172;36
7456;-172;36
7457;-184;32
7458;-172;36
7459;-172;36
7460;-172;32
7461;-176;32
7462;-172;36
7463;-176;32
7464;-180;36
7465;-176;32
7466;-176;36
7467;-180;32
7468;-180;32
7469;-176;32
7470;-180;32
7471;-160;32
7472;-180;32
7473;-184;32
7474;-180;32
7475;-180;32
7476;-180;32
7477;-180;32
7478;-184;32
7479;-184;32
7480;-184;32
7481;-184;32
7482;-184;28
7483;-188;24
7484;-184;24
7485;-188;20
7486;-184;24
7487;-184;20
7488;-188;16
7489;-188;16
7490;-188;12
7491;-184;12
7492;-184;12
7493;-188;8
7494;-188;8
7495;-188;8
7496;-188;8
7497;-180;8
7498;-188;8
7499;-188;8
7500;-184;12
7501;-184;12
7502;-188;12
7503;-184;16
7504;-188;20
7505;-184;24
7506;-184;28
7507;-184;28
7508;-184;32
7509;-184;36
7510;-180;36
7511;-188;40
7512;-184;40
7513;-180;40
7514;-180;44
7515;-180;44
7516;-176;44
7517;-176;48
7518;-180;44
7519;-176;44
7520;-176;48
7521;-176;44
7522;-172;44
7523;-172;44
7524;-172;44
7525;-168;44
7526;-172;44
7527;-168;44
7528;-168;40
7529;-168;40
7530;-164;40
7531;-164;40
7532;-160;40
7533;-168;40
7534;-164;36
7535;-164;36
7536;-160;36
7537;-160;36
7538;-156;36
7539;-140;36
7540;-156;36
7541;-156;36
7542;-156;36
7543;-156;36
7544;-156;32
7545;-152;32
7546;-152;32
7547;-152;36
7548;-148;32
7549;-148;32
7550;-148;36
7551;-152;32
7552;-144;36
7553;-140;36
7554;-140;32
7555;-136;36
7556;-140;32
7557;-136;32
7558;-140;32
7559;-132;32
7560;-132;32
7561;-132;32
7562;-128;32
7563;-128;32
7564;-128;28
7565;-124;28
7566;-124;28
7567;-124;28
7568;-120;24
7569;-116;24
7570;-116;20
7571;-112;20
7572;-108;16
7573;-112;16
7574;-112;16
7575;-108;12
7576;-108;12
7577;-104;8
7578;-100;8
7579;-96;8
7580;-100;4
7581;-96;8
7582;-92;8
7583;-92;8
7584;-92;8
7585;-88;12
7586;-76;12
7587;-88;12
7588;-80;16
7589;-80;16
7590;-80;20
7591;-76;24
7592;-76;24
7593;-72;28
7594;-72;32
7595;-68;32
7596;-68;36
7597;-64;36
7598;-64;40
7599;-60;40
7600;-60;40
7601;-60;44
7602;-56;44
7603;-56;48
7604;-52;44
7605;-48;44
7606;-48;44
7607;-52;44
7608;-44;44
7609;-44;44
7610;-40;44
7611;-40;40
7612;-36;44
7613;-32;40
7614;-40;40
7615;-28;40
7616;-28;40
7617;-28;40
7618;-24;40
7619;-20;40
7620;-20;40
7621;-24;40
7622;-16;36
7623;-16;36
7624;-8;36
7625;-8;36
7626;-8;24
7627;-4;24
7628;12;28
7629;0;28
7630;0;24
7631;4;28
7632;4;28
7633;16;24
7634;12;24
7635;12;24
7636;12;20
7637;16;20
7638;16;20
7639;20;16
7640;24;16
7641;24;16
7642;28;12
7643;28;12
7644;32;8
7645;32;4
7646;36;4
7647;36;0
7648;40;0
7649;44;0
7650;44;-4
7651;44;-4
7652;48;0
7653;48;-4
7654;56;-4
7655;52;-4
7656;56;0
7657;56;4
7658;60;8
7659;64;8
7660;64;12
7661;80;16
7662;64;20
7663;68;24
7664;68;24
7665;76;28
7666;76;32
7667;76;32
7668;80;32
7669;84;36
7670;84;32
7671;84;36
7672;84;36
7673;88;36
7674;92;36
7675;88;36
7676;96;36
7677;100;36
7678;96;32
7679;100;32
7680;100;32
7681;104;32
7682;104;32
7683;108;32
7684;112;32
7685;112;32
7686;112;32
7687;116;32
7688;112;28
7689;108;28
7690;120;24
7691;124;28
7692;124;28
7693;124;28
7694;132;24
7695;128;24
7696;136;24
7697;132;24
7698;132;24
7699;136;20
7700;136;24
7701;140;24
7702;140;24
7703;156;24
7704;144;24
7705;148;24
7706;144;24
7707;148;24
7708;152;24
7709;152;24
7710;152;24
7711;152;24
7712;152;24
7713;156;24
7714;160;24
7715;152;24
7716;156;24
7717;160;24
7718;164;20
7719;164;24
7720;164;20
7721;164;24
7722;168;20
7723;168;20
7724;172;20
7725;172;16
7726;172;16
7727;172;16
7728;172;12
7729;180;8
7730;176;8
7731;180;8
7732;176;4
7733;180;4
7734;180;0
7735;180;0
7736;180;0
7737;184;0
7738;184;-4
7739;184;0
7740;184;0
7741;188;0
7742;188;0
7743;176;0
7744;188;0
7745;188;0
7746;192;4
7747;188;8
7748;192;8
7749;192;8
7750;188;12
7751;192;16
7752;192;20
7753;192;20
7754;192;24
7755;196;24
7756;196;28
7757;196;28
7758;196;32
7759;192;32
7760;196;32
7761;196;36
7762;196;36
7763;200;36
7764;200;36
7765;200;36
7766;196;32
7767;200;32
7768;200;32
7769;200;32
7770;200;32
7771;216;32
7772;200;32
7773;204;32
7774;200;32
7775;200;32
7776;196;28
7777;200;32
7778;200;28
7779;200;28
7780;204;28
7781;200;28
7782;200;28
7783;192;28
7784;200;28
7785;204;24
7786;200;28
7787;200;28
7788;200;24
7789;200;24
7790;196;24
7791;200;24
7792;200;28
7793;200;24
7794;196;24
7795;196;24
7796;200;24
7797;196;24
7798;196;20
7799;196;24
7800;196;24
7801;192;24
7802;192;24
7803;192;24
7804;192;24
7805;192;24
7806;192;20
7807;192;24
7808;192;20
7809;188;20
7810;188;20
7811;176;20
7812;188;20
7813;188;16
7814;184;16
7815;184;12
7816;184;12
7817;184;8
7818;188;4
7819;180;4
7820;180;4
7821;180;4
7822;176;0
7823;176;0
7824;176;-4
7825;180;0
7826;176;0
7827;172;-4
7828;172;0
7829;168;0
7830;168;0
7831;168;0
7832;172;-52
7833;164;-56
7834;164;-52
7835;164;-48
7836;160;-48
7837;164;-48
7838;160;-44
7839;160;-40
7840;156;-40
7841;156;-36
7842;156;-36
7843;152;-36
7844;148;-32
7845;148;-32
7846;148;-32
7847;144;-28
7848;144;-28
7849;144;-32
7850;140;-32
7851;136;-28
7852;140;-32
7853;112;-32
7854;136;-28
7855;132;-32
7856;132;-28
7857;128;-32
7858;128;-32
7859;128;-32
7860;116;-32
7861;124;-32
7862;124;-36
7863;120;-32
7864;120;-36
7865;124;-32
7866;116;-36
7867;116;-36
7868;112;-36
7869;112;-36
7870;108;-36
7871;108;-36
7872;104;-36
7873;104;-36
7874;100;-40
7875;104;-40
7876;100;-40
7877;96;-36
7878;92;-40
7879;92;-40
7880;92;-36
7881;88;-40
7882;88;-40
7883;88;-40
7884;80;-40
7885;80;-40
7886;80;-40
7887;76;-40
7888;76;-40
7889;76;-40
7890;72;-40
7891;72;-40
7892;68;-40
7893;60;-40
7894;64;-40
7895;64;-40
7896;60;-40
7897;60;-40
7898;56;-40
7899;56;-40
7900;48;-44
7901;52;-44
7902;52;-44
7903;44;-48
7904;44;-48
7905;44;-48
7906;44;-52
7907;36;-52
7908;36;-56
7909;36;-56
7910;32;-56
7911;28;-56
7912;32;-60
7913;24;-60
7914;28;-60
7915;24;-60
7916;20;-64
7917;16;-64
7918;16;-60
7919;16;-64
7920;12;-60
7921;12;-60
7922;8;-60
7923;4;-56
7924;4;-52
7925;4;-48
7926;4;-48
7927;0;-44
7928;16;-44
7929;-8;-40
7930;-8;-36
7931;-12;-36
7932;-12;-32
7933;-12;-32
7934;-16;-32
7935;-16;-28
7936;-20;-28
7937;-24;-28
7938;-28;-28
7939;-28;-28
7940;-32;-28
7941;-32;-28
7942;-32;-28
7943;-36;-28
7944;-36;-28
7945;-40;-28
7946;-40;-32
7947;-52;-32
7948;-44;-32
7949;-48;-32
7950;-52;-32
7951;-52;-32
7952;-56;-36
7953;-56;-32
7954;-56;-36
7955;-60;-32
7956;-60;-36
7957;-64;-36
7958;-64;-40
7959;-68;-36
7960;-64;-40
7961;-68;-36
7962;-72;-36
7963;-72;-36
7964;-76;-36
7965;-80;-36
7966;-84;-40
7967;-80;-36
7968;-92;-40
7969;-84;-40
7970;-88;-40
7971;-88;-40
7972;-92;-40
7973;-92;-40
7974;-92;-40
7975;-100;-40
7976;-96;-40
7977;-100;-40
7978;-104;-40
7979;-104;-40
7980;-104;-36
7981;-108;-40
7982;-108;-40
7983;-112;-40
7984;-112;-44
7985;-112;-44
7986;-112;-44
7987;-116;-44
7988;-120;-48
7989;-112;-44
7990;-124;-48
7991;-124;-52
7992;-124;-52
7993;-124;-52
7994;-128;-56
7995;-132;-56
7996;-128;-56
7997;-136;-60
7998;-136;-60
7999;-136;-60
8000;-140;-60
8001;-136;-60
8002;-140;-64
8003;-132;-64
8004;-140;-64
8005;-144;-64
8006;-144;-60
8007;-148;-60
8008;-152;-60
8009;-148;-56
8010;-164;-52
8011;-152;-52
8012;-152;-48
8013;-156;-48
8014;-156;-44
8015;-164;-40
8016;-156;-40
8017;-164;-40
8018;-160;-36
8019;-160;-36
8020;-160;-32
8021;-164;-32
8022;-160;-32
8023;-168;-32
8024;-168;-28
8025;-168;-28
8026;-168;-28
8027;-172;-28
8028;-172;-28
8029;-168;-28
8030;-172;-28
8031;-172;-28
8032;-172;-28
8033;-172;-28
8034;-172;-32
8035;-172;-32
8036;-176;-32
8037;-176;-32
8038;-180;-32
8039;-180;-32
8040;-180;-32
8041;-180;56
8042;-180;56
8043;-184;56
8044;-180;52
8045;-180;52
8046;-184;52
8047;-184;52
8048;-184;52
8049;-184;52
8050;-172;52
8051;-184;52
8052;-184;52
8053;-184;52
8054;-188;52
8055;-184;48
8056;-188;48
8057;-188;52
8058;-188;48
8059;-188;48
8060;-188;48
8061;-188;48
8062;-188;44
8063;-184;44
8064;-188;44
8065;-188;40
8066;-188;36
8067;-188;36
8068;-188;36
8069;-188;32
8070;-188;32
8071;-192;32
8072;-188;28
8073;-188;24
8074;-188;24
8075;-188;24
8076;-188;24
8077;-188;24
8078;-196;24
8079;-188;24
8080;-188;24
8081;-184;24
8082;-184;28
8083;-180;28
8084;-184;32
8085;-184;32
8086;-180;36
8087;-180;36
8088;-180;40
8089;-180;44
8090;-176;44
8091;-180;48
8092;-160;48
8093;-180;52
8094;-176;56
8095;-176;56
8096;-176;56
8097;-168;60
8098;-172;60
8099;-172;60
8100;-172;60
8101;-172;60
8102;-168;60
8103;-168;60
8104;-172;60
8105;-168;60
8106;-168;60
8107;-164;60
8108;-164;56
8109;-164;56
8110;-164;56
8111;-160;56
8112;-160;56
8113;-160;56
8114;-156;56
8115;-156;56
8116;-156;52
8117;-156;52
8118;-148;56
8119;-152;52
8120;-148;52
8121;-148;52
8122;-148;52
8123;-148;52
8124;-144;52
8125;-148;52
8126;-144;48
8127;-140;52
8128;-140;48
8129;-136;52
8130;-136;48
8131;-136;52
8132;-144;48
8133;-132;48
8134;-132;48
8135;-132;48
8136;-128;48
8137;-124;48
8138;-124;48
8139;-128;52
8140;-124;48
8141;-120;48
8142;-120;48
8143;-116;48
8144;-112;48
8145;-112;48
8146;-112;48
8147;-112;44
8148;-112;44
8149;-108;44
8150;-108;40
8151;-104;40
8152;-104;36
8153;-96;36
8154;-100;36
8155;-96;32
8156;-96;32
8157;-92;32
8158;-88;28
8159;-88;28
8160;-64;24
8161;-84;24
8162;-80;24
8163;-80;20
8164;-80;24
8165;-76;24
8166;-72;24
8167;-72;24
8168;-72;32
8169;-68;32
8170;-68;36
8171;-68;36
8172;-72;40
8173;-60;44
8174;-56;48
8175;-56;52
8176;-56;52
8177;-52;56
8178;-52;56
8179;-44;56
8180;-44;60
8181;-44;60
8182;-44;60
8183;-40;60
8184;-40;60
8185;-36;60
8186;-32;60
8187;-32;60
8188;-32;60
8189;-28;60
8190;-24;60
8191;-24;56
8192;-24;56
8193;-16;56
8194;-16;56
8195;-16;56
8196;-16;56
8197;-8;56
8198;-8;52
8199;-4;56
8200;0;56
8201;-4;52
8202;0;52
8203;0;52
8204;4;52
8205;8;52
8206;8;52
8207;24;52
8208;12;52
8209;12;52
8210;16;52
8211;20;48
8212;24;48
8213;24;48
8214;24;48
8215;28;44
8216;28;48
8217;32;48
8218;32;48
8219;32;48
8220;36;48
8221;40;48
8222;40;48
8223;44;48
8224;48;48
8225;48;48
8226;52;48
8227;52;48
8228;48;48
8229;56;44
8230;56;48
8231;60;44
8232;64;40
8233;64;44
8234;64;40
8235;60;40
8236;68;40
8237;72;36
8238;76;36
8239;76;36
8240;76;32
8241;80;28
8242;64;32
8243;84;28
8244;84;28
8245;88;24
8246;88;24
8247;88;24
8248;96;24
8249;96;-28
8250;100;-28
8251;100;-24
8252;100;-24
8253;100;-24
8254;116;-24
8255;108;-20
8256;108;-16
8257;112;-12
8258;112;-12
8259;116;-4
8260;116;-4
8261;120;0
8262;120;4
8263;120;4
8264;124;8
8265;124;8
8266;128;8
8267;128;12
8268;132;12
8269;132;8
8270;132;12
8271;136;12
8272;140;12
8273;136;8
8274;144;8
8275;140;8
8276;148;8
8277;144;8
8278;144;8
8279;148;4
8280;148;8
8281;148;4
8282;164;4
8283;152;4
8284;156;4
8285;156;4
8286;156;4
8287;160;4
8288;160;0
8289;160;4
8290;164;0
8291;164;0
8292;164;0
8293;164;0
8294;168;0
8295;168;0
8296;168;0
8297;172;0
8298;172;0
8299;176;0
8300;176;0
8301;176;0
8302;176;0
8303;176;0
8304;176;-4
8305;180;-4
8306;180;0
8307;180;0
8308;180;-4
8309;180;-4
8310;172;0
8311;184;0
8312;188;-4
8313;188;0
8314;188;-4
8315;192;-4
8316;192;-8
8317;192;-4
8318;188;-8
8319;192;-12
8320;192;-12
8321;192;-12
8322;196;-16
8323;192;-20
8324;212;-20
8325;196;-20
8326;196;-20
8327;196;-24
8328;196;-24
8329;204;-28
8330;200;-28
8331;196;-28
8332;196;-24
8333;200;-28
8334;200;-28
8335;200;-28
8336;196;-24
8337;200;-24
8338;200;-20
8339;200;-16
8340;200;-12
8341;200;-12
8342;200;-8
8343;200;-4
8344;200;0
8345;200;0
8346;200;4
8347;200;8
8348;204;8
8349;200;8
8350;208;8
8351;200;8
8352;200;12
8353;200;12
8354;204;8
8355;204;12
8356;200;8
8357;204;12
8358;204;8
8359;200;8
8360;200;8
8361;204;8
8362;204;8
8363;200;4
8364;192;8
8365;200;4
8366;200;4
8367;200;4
8368;200;4
8369;200;4
8370;196;4
8371;192;4
8372;196;4
8373;196;0
8374;196;0
8375;196;0
8376;196;0
8377;196;0
8378;200;0
8379;192;0
8380;188;0
8381;192;0
8382;188;-4
8383;192;0
8384;188;0
8385;192;0
8386;188;0
8387;184;-4
8388;184;0
8389;184;0
8390;184;0
8391;180;0
8392;200;0
8393;180;-4
8394;180;0
8395;180;-4
8396;176;0
8397;176;-4
8398;172;-4
8399;172;-4
8400;172;-4
8401;172;-8
8402;172;-8
8403;168;-12
8404;160;-12
8405;168;-16
8406;168;-16
8407;164;-16
8408;164;-20
8409;160;-20
8410;160;-20
8411;156;-20
8412;160;-24
8413;156;-24
8414;156;-24
8415;152;-28
8416;152;-24
8417;152;-28
8418;148;-28
8419;148;-28
8420;148;-28
8421;144;-24
8422;144;-20
8423;144;-20
8424;140;-20
8425;140;-16
8426;140;-12
8427;136;-12
8428;132;-8
8429;132;-4
8430;128;-4
8431;132;0
8432;120;4
8433;128;4
8434;124;8
8435;124;8
8436;120;8
8437;120;8
8438;120;12
8439;128;8
8440;116;12
8441;112;8
8442;112;12
8443;112;12
8444;108;8
8445;104;8
8446;108;8
8447;104;8
8448;100;8
8449;96;8
8450;96;8
8451;96;8
8452;92;8
8453;96;4
8454;88;4
8455;88;8
8456;84;4
8457;84;-12
8458;80;-12
8459;80;-12
8460;80;-16
8461;76;-12
8462;72;-16
8463;68;-16
8464;68;-20
8465;68;-20
8466;68;-20
8467;60;-24
8468;64;-24
8469;60;-28
8470;60;-28
8471;56;-32
8472;60;-32
8473;56;-32
8474;32;-36
8475;48;-36
8476;44;-36
8477;44;-40
8478;44;-40
8479;48;-40
8480;36;-44
8481;56;-40
8482;36;-44
8483;32;-44
8484;28;-40
8485;28;-40
8486;28;-36
8487;24;-36
8488;24;-32
8489;20;-28
8490;16;-28
8491;12;-24
8492;12;-20
8493;4;-16
8494;8;-16
8495;8;-12
8496;4;-8
8497;4;-8
8498;0;-8
8499;0;-8
8500;-4;-8
8501;-4;-8
8502;-8;-8
8503;-8;-8
8504;-12;-8
8505;-16;-4
8506;-16;-8
8507;-12;-8
8508;-20;-8
8509;-20;-8
8510;-24;-12
8511;-28;-12
8512;-28;-8
8513;-32;-12
8514;-36;-12
8515;-32;-12
8516;-36;-12
8517;-36;-12
8518;-40;-12
8519;-44;-16
8520;-44;-16
8521;-56;-16
8522;-48;-16
8523;-48;-16
8524;-52;-16
8525;-56;-16
8526;-56;-16
8527;-56;-16
8528;-64;-16
8529;-64;-16
8530;-64;-16
8531;-64;-16
8532;-68;-20
8533;-68;-16
8534;-72;-20
8535;-68;-16
8536;-76;-20
8537;-76;-16
8538;-80;-20
8539;-80;-20
8540;-80;-20
8541;-84;-20
8542;-84;-20
8543;-88;-20
8544;-88;-20
8545;-92;-24
8546;-96;-24
8547;-92;-24
8548;-96;-24
8549;-80;-28
8550;-100;-32
8551;-100;-32
8552;-104;-36
8553;-104;-36
8554;-108;-40
8555;-108;-40
8556;-112;-40
8557;-112;-40
8558;-112;-40
8559;-116;-44
8560;-116;-44
8561;-124;-44
8562;-120;-44
8563;-120;-44
8564;-124;-40
8565;-128;-40
8566;-128;-40
8567;-132;-40
8568;-140;-36
8569;-132;-32
8570;-136;-32
8571;-132;-28
8572;-136;-28
8573;-140;-24
8574;-136;-24
8575;-140;-20
8576;-140;-20
8577;-144;-16
8578;-140;-12
8579;-148;-12
8580;-148;-8
8581;-144;-12
8582;-148;-8
8583;-152;-8
8584;-152;-12
8585;-152;-8
8586;-156;-8
8587;-156;-8
8588;-156;-8
8589;-172;-8
8590;-160;-8
8591;-160;-8
8592;-164;-8
8593;-164;-8
8594;-164;-8
8595;-164;-8
8596;-156;-12
8597;-168;-12
8598;-164;-12
8599;-168;-12
8600;-172;-12
8601;-168;-12
8602;-172;-16
8603;-168;-16
8604;-172;-16
8605;-172;-16
8606;-172;-12
8607;-176;-16
8608;-172;-16
8609;-176;-16
8610;-172;-16
8611;-176;-16
8612;-180;-20
8613;-180;-16
8614;-180;-20
8615;-180;-16
8616;-180;-16
8617;-184;-16
8618;-180;-20
8619;-184;-20
8620;-184;-20
8621;-184;-20
8622;-188;-16
8623;-184;-20
8624;-192;-16
8625;-184;-20
8626;-188;-16
8627;-188;-20
8628;-184;-20
8629;-184;-20
8630;-188;-20
8631;-208;-20
8632;-188;-20
8633;-188;-20
8634;-188;-24
8635;-184;-20
8636;-188;-24
8637;-188;-24
8638;-188;-28
8639;-188;-28
8640;-188;-32
8641;-188;-32
8642;-188;-32
8643;-180;-36
8644;-184;-36
8645;-184;-40
8646;-188;-40
8647;-188;-40
8648;-188;-40
8649;-188;-44
8650;-184;-40
8651;-184;-44
8652;-184;-44
8653;-184;-44
8654;-184;-40
8655;-184;-40
8656;-184;-40
8657;-180;-36
8658;-180;-32
8659;-180;-28
8660;-180;-24
8661;-180;-20
8662;-180;-16
8663;-176;-12
8664;-168;-12
8665;-180;-12
8666;-176;68
8667;-176;72
8668;-176;72
8669;-172;72
8670;-172;72
8671;-168;72
8672;-172;72
8673;-168;76
8674;-168;72
8675;-168;72
8676;-168;72
8677;-168;72
8678;-168;72
8679;-164;68
8680;-164;72
8681;-160;68
8682;-164;68
8683;-160;68
8684;-160;68
8685;-160;64
8686;-156;68
8687;-156;68
8688;-156;64
8689;-156;64
8690;-152;64
8691;-152;64
8692;-152;64
8693;-148;60
8694;-144;60
8695;-148;60
8696;-144;60
8697;-144;60
8698;-144;60
8699;-144;60
8700;-140;60
8701;-136;60
8702;-136;64
8703;-136;60
8704;-128;60
8705;-132;64
8706;-112;60
8707;-128;60
8708;-128;60
8709;-128;56
8710;-124;56
8711;-120;56
8712;-120;56
8713;-112;56
8714;-120;52
8715;-116;52
8716;-116;48
8717;-112;48
8718;-116;44
8719;-112;44
8720;-108;40
8721;-108;40
8722;-104;40
8723;-104;36
8724;-100;36
8725;-108;36
8726;-96;36
8727;-96;32
8728;-92;36
8729;-92;36
8730;-92;36
8731;-88;36
8732;-88;40
8733;-84;40
8734;-84;44
8735;-80;44
8736;-76;48
8737;-76;52
8738;-72;52
8739;-72;52
8740;-72;56
8741;-68;60
8742;-64;60
8743;-64;64
8744;-60;68
8745;-60;68
8746;-72;68
8747;-56;68
8748;-56;72
8749;-52;72
8750;-52;72
8751;-48;72
8752;-48;72
8753;-40;72
8754;-44;72
8755;-40;72
8756;-36;72
8757;-36;72
8758;-32;72
8759;-32;68
8760;-28;72
8761;-28;68
8762;-24;68
8763;-24;68
8764;-20;68
8765;-20;64
8766;-16;68
8767;-8;64
8768;-12;64
8769;-12;64
8770;-12;64
8771;-8;64
8772;-4;64
8773;-4;64
8774;4;60
8775;0;64
8776;4;64
8777;4;60
8778;8;60
8779;8;60
8780;12;64
8781;16;60
8782;16;60
8783;16;60
8784;16;60
8785;20;60
8786;24;60
8787;24;60
8788;4;60
8789;28;60
8790;32;60
8791;36;60
8792;36;60
8793;40;60
8794;40;60
8795;32;60
8796;40;60
8797;48;60
8798;48;60
8799;48;60
8800;60;60
8801;52;60
8802;52;60
8803;60;56
8804;60;56
8805;60;56
8806;68;52
8807;68;52
8808;68;48
8809;72;48
8810;72;48
8811;76;44
8812;76;44
8813;80;40
8814;80;40
8815;80;36
8816;84;40
8817;88;36
8818;88;36
8819;88;36
8820;92;36
8821;100;36
8822;96;36
8823;100;36
8824;100;36
8825;100;40
8826;104;40
8827;108;44
8828;116;44
8829;108;48
8830;112;48
8831;116;56
8832;116;56
8833;116;56
8834;120;60
8835;120;64
8836;124;64
8837;124;68
8838;124;68
8839;128;68
8840;132;68
8841;128;72
8842;128;72
8843;136;72
8844;132;72
8845;136;72
8846;140;72
8847;140;72
8848;140;68
8849;140;72
8850;148;72
8851;148;72
8852;148;68
8853;148;68
8854;152;68
8855;152;68
8856;148;68
8857;156;68
8858;156;68
8859;160;64
8860;160;64
8861;164;64
8862;160;64
8863;176;60
8864;164;60
8865;164;60
8866;168;64
8867;168;64
8868;172;64
8869;168;64
8870;180;60
8871;176;60
8872;172;64
8873;176;64
8874;176;-20
8875;184;-20
8876;176;-20
8877;180;-20
8878;180;-24
8879;180;-24
8880;184;-24
8881;184;-28
8882;180;-32
8883;184;-32
8884;188;-32
8885;188;-36
8886;188;-36
8887;188;-36
8888;192;-40
8889;188;-40
8890;192;-40
8891;192;-40
8892;192;-44
8893;192;-44
8894;192;-44
8895;192;-44
8896;200;-44
8897;196;-44
8898;192;-44
8899;196;-44
8900;196;-40
8901;196;-40
8902;196;-36
8903;196;-36
8904;196;-32
8905;200;-32
8906;196;-28
8907;196;-24
8908;196;-24
8909;200;-24
8910;192;-20
8911;200;-16
8912;200;-16
8913;200;-16
8914;200;-12
8915;200;-12
8916;200;-12
8917;196;-12
8918;200;-8
8919;200;-12
8920;200;-12
8921;204;-12
8922;200;-12
8923;200;-12
8924;204;-8
8925;200;-12
8926;204;-12
8927;200;-12
8928;200;-12
8929;204;-12
8930;200;-12
8931;204;-16
8932;200;-16
8933;196;-16
8934;200;-16
8935;200;-16
8936;200;-16
8937;200;-16
8938;220;-20
8939;196;-20
8940;200;-20
8941;200;-20
8942;200;-20
8943;196;-20
8944;196;-20
8945;196;-20
8946;196;-20
8947;196;-20
8948;196;-20
8949;192;-20
8950;184;-20
8951;192;-24
8952;196;-20
8953;188;-20
8954;192;-20
8955;188;-20
8956;188;-24
8957;184;-20
8958;188;-20
8959;184;-24
8960;184;-20
8961;184;-24
8962;184;-24
8963;184;-24
8964;180;-24
8965;180;-24
8966;180;-28
8967;180;-28
8968;176;-28
8969;180;-28
8970;176;-32
8971;172;-32
8972;172;-36
8973;172;-36
8974;172;-36
8975;172;-40
8976;168;-40
8977;168;-44
8978;152;-40
8979;164;-44
8980;164;-44
8981;164;-44
8982;160;-44
8983;160;-44
8984;160;-44
8985;164;-44
8986;156;-44
8987;156;-44
8988;152;-40
8989;152;-40
8990;152;-36
8991;152;-32
8992;152;-32
8993;148;-28
8994;148;-28
8995;144;-24
8996;140;-24
8997;140;-24
8998;140;-20
8999;140;-16
9000;136;-16
9001;136;-12
9002;136;-12
9003;132;-12
9004;132;-12
9005;128;-12
9006;128;-12
9007;124;-12
9008;120;-12
9009;120;-12
9010;120;-12
9011;116;-12
9012;116;-12
9013;108;-16
9014;112;-12
9015;108;-12
9016;108;-12
9017;108;-16
9018;104;-16
9019;104;-16
9020;80;-16
9021;104;-20
9022;96;-16
9023;96;-16
9024;92;-16
9025;92;-20
9026;92;-20
9027;80;-20
9028;88;-16
9029;88;-16
9030;80;-20
9031;80;-20
9032;84;-20
9033;80;-20
9034;76;-20
9035;76;-20
9036;72;-20
9037;68;-20
9038;68;-20
9039;68;-24
9040;64;-20
9041;64;-20
9042;60;-20
9043;60;-20
9044;56;-20
9045;52;-24
9046;56;-20
9047;52;-20
9048;48;-20
9049;44;-20
9050;44;-24
9051;44;-20
9052;40;-24
9053;40;-24
9054;36;-24
9055;36;-24
9056;32;-24
9057;28;-28
9058;28;-28
9059;24;-28
9060;32;-28
9061;24;-32
9062;20;-32
9063;16;-32
9064;16;-40
9065;12;-40
9066;12;-40
9067;8;-44
9068;8;-44
9069;8;-48
9070;4;-44
9071;0;-44
9072;0;-44
9073;-4;-44
9074;-4;-44
9075;-4;-44
9076;-8;-44
9077;-12;-40
9078;-16;-40
9079;-12;-36
9080;-16;-36
9081;-20;-32
9082;-20;0
9083;-20;4
9084;-24;8
9085;-24;8
9086;-32;12
9087;-32;12
9088;-32;16
9089;-36;20
9090;-36;20
9091;-36;20
9092;-40;20
9093;-44;20
9094;-44;20
9095;-24;24
9096;-48;24
9097;-52;20
9098;-52;24
9099;-52;20
9100;-60;24
9101;-56;20
9102;-60;20
9103;-60;20
9104;-64;20
9105;-64;16
9106;-68;16
9107;-76;16
9108;-72;16
9109;-72;20
9110;-76;16
9111;-76;16
9112;-80;16
9113;-80;16
9114;-84;16
9115;-84;12
9116;-88;16
9117;-88;16
9118;-88;12
9119;-92;12
9120;-96;12
9121;-96;12
9122;-96;12
9123;-100;12
9124;-100;12
9125;-100;12
9126;-104;12
9127;-108;12
9128;-108;12
9129;-108;12
9130;-112;12
9131;-112;8
9132;-116;12
9133;-116;12
9134;-116;12
9135;-128;12
9136;-120;12
9137;-124;12
9138;-124;12
9139;-124;12
9140;-124;12
9141;-124;12
9142;-124;8
9143;-128;12
9144;-132;8
9145;-132;8
9146;-136;8
9147;-136;8
9148;-140;8
9149;-136;4
9150;-144;4
9151;-140;0
9152;-144;0
9153;-144;-4
9154;-144;-4
9155;-148;-4
9156;-144;-8
9157;-152;-8
9158;-148;-8
9159;-152;-12
9160;-156;-12
9161;-156;-12
9162;-156;-16
9163;-160;-16
9164;-160;-12
9165;-156;-16
9166;-160;-16
9167;-164;-16
9168;-164;-12
9169;-164;-12
9170;-168;-8
9171;-164;-4
9172;-168;0
9173;-168;0
9174;-168;4
9175;-172;8
9176;-168;12
9177;-192;16
9178;-172;16
9179;-172;20
9180;-172;20
9181;-176;20
9182;-176;24
9183;-176;20
9184;-180;24
9185;-176;24
9186;-176;24
9187;-180;20
9188;-180;24
9189;-172;20
9190;-180;24
9191;-180;24
9192;-184;20
9193;-184;20
9194;-184;20
9195;-184;20
9196;-184;16
9197;-184;16
9198;-184;16
9199;-184;16
9200;-184;16
9201;-184;16
9202;-184;12
9203;-184;16
9204;-184;16
9205;-188;12
9206;-188;12
9207;-184;16
9208;-188;12
9209;-184;12
9210;-180;12
9211;-184;12
9212;-184;12
9213;-188;12
9214;-188;12
9215;-184;12
9216;-184;12
9217;-180;12
9218;-184;12
9219;-188;12
9220;-188;12
9221;-184;12
9222;-184;12
9223;-184;12
9224;-192;12
9225;-184;12
9226;-184;8
9227;-180;8
9228;-180;12
9229;-180;8
9230;-180;8
9231;-184;12
9232;-180;8
9233;-180;8
9234;-180;4
9235;-180;8
9236;-176;4
9237;-176;4
9238;-180;0
9239;-176;0
9240;-176;-4
9241;-172;-4
9242;-176;-8
9243;-168;-8
9244;-172;-8
9245;-172;-12
9246;-168;-12
9247;-168;-12
9248;-168;-12
9249;-168;-12
9250;-164;-12
9251;-164;-16
9252;-148;-16
9253;-164;-12
9254;-164;-12
9255;-160;-12
9256;-156;-8
9257;-156;-8
9258;-156;-8
9259;-148;-4
9260;-156;0
9261;-156;0
9262;-156;8
9263;-152;8
9264;-156;8
9265;-152;12
9266;-148;12
9267;-148;16
9268;-148;20
9269;-144;20
9270;-144;20
9271;-152;20
9272;-140;20
9273;-140;24
9274;-140;24
9275;-136;24
9276;-136;20
9277;-136;24
9278;-132;20
9279;-132;20
9280;-128;24
9281;-124;20
9282;-128;20
9283;-128;20
9284;-124;20
9285;-120;20
9286;-120;20
9287;-120;20
9288;-120;20
9289;-112;20
9290;-112;20
9291;-112;56
9292;-120;56
9293;-112;56
9294;-108;56
9295;-104;56
9296;-104;56
9297;-100;52
9298;-100;52
9299;-92;52
9300;-92;52
9301;-96;56
9302;-92;56
9303;-92;52
9304;-88;52
9305;-88;52
9306;-80;52
9307;-84;48
9308;-80;48
9309;-76;48
9310;-76;44
9311;-76;40
9312;-72;40
9313;-64;36
9314;-68;36
9315;-72;36
9316;-64;32
9317;-60;32
9318;-60;32
9319;-60;28
9320;-56;28
9321;-56;28
9322;-52;28
9323;-52;28
9324;-52;28
9325;-48;28
9326;-44;24
9327;-40;28
9328;-40;32
9329;-40;32
9330;-36;36
9331;-36;40
9332;-32;44
9333;-32;44
9334;-48;48
9335;-28;52
9336;-24;52
9337;-24;56
9338;-20;60
9339;-24;60
9340;-16;60
9341;-28;64
9342;-12;64
9343;-8;64
9344;-8;60
9345;-4;60
9346;4;64
9347;0;60
9348;0;60
9349;4;60
9350;4;60
9351;0;60
9352;8;60
9353;8;60
9354;12;60
9355;16;60
9356;20;60
9357;20;56
9358;20;56
9359;24;56
9360;28;56
9361;28;52
9362;28;52
9363;32;56
9364;32;52
9365;36;52
9366;40;52
9367;44;52
9368;44;52
9369;44;52
9370;48;52
9371;48;52
9372;48;52
9373;52;52
9374;56;52
9375;56;52
9376;56;52
9377;60;52
9378;64;52
9379;64;52
9380;68;52
9381;60;52
9382;72;48
9383;72;52
9384;72;48
9385;76;48
9386;80;44
9387;80;44
9388;76;40
9389;84;40
9390;84;40
9391;88;36
9392;88;32
9393;92;32
9394;96;32
9395;96;32
9396;96;32
9397;100;28
9398;100;28
9399;104;28
9400;104;28
9401;108;24
9402;108;28
9403;112;24
9404;112;24
9405;112;28
9406;116;28
9407;120;28
9408;120;32
9409;140;32
9410;124;40
9411;128;40
9412;124;44
9413;128;44
9414;132;48
9415;132;52
9416;140;56
9417;136;56
9418;136;56
9419;136;56
9420;140;60
9421;144;60
9422;140;60
9423;144;60
9424;148;60
9425;148;60
9426;148;60
9427;152;60
9428;144;64
9429;152;60
9430;152;60
9431;156;60
9432;160;60
9433;156;60
9434;160;60
9435;160;60
9436;164;60
9437;164;60
9438;164;56
9439;168;56
9440;168;56
9441;168;56
9442;172;56
9443;172;56
9444;172;56
9445;172;56
9446;176;56
9447;176;56
9448;176;52
9449;176;52
9450;180;52
9451;180;52
9452;176;56
9453;180;52
9454;180;52
9455;184;52
9456;176;52
9457;184;52
9458;184;52
9459;188;52
9460;188;52
9461;188;52
9462;188;52
9463;188;52
9464;192;48
9465;192;52
9466;196;48
9467;192;48
9468;192;52
9469;192;48
9470;200;52
9471;196;48
9472;196;48
9473;196;48
9474;196;52
9475;196;48
9476;196;52
9477;200;48
9478;196;48
9479;196;48
9480;200;48
9481;200;48
9482;200;48
9483;200;52
9484;216;48
9485;200;48
9486;200;48
9487;200;48
9488;200;48
9489;200;48
9490;200;48
9491;196;48
9492;200;48
9493;200;48
9494;204;48
9495;204;52
9496;192;48
9497;204;52
9498;204;48
9499;200;-36
9500;200;-40
9501;200;-40
9502;200;-40
9503;192;-44
9504;200;-44
9505;204;-44
9506;200;-48
9507;200;-48
9508;200;-52
9509;204;-52
9510;200;-56
9511;200;-56
9512;200;-56
9513;200;-56
9514;200;-60
9515;196;-56
9516;200;-60
9517;196;-60
9518;196;-60
9519;196;-60
9520;196;-60
9521;192;-60
9522;196;-60
9523;192;-56
9524;180;-56
9525;192;-56
9526;188;-52
9527;192;-48
9528;188;-48
9529;188;-44
9530;188;-44
9531;192;-40
9532;184;-40
9533;184;-36
9534;184;-36
9535;184;-32
9536;180;-32
9537;184;-32
9538;184;-28
9539;180;-28
9540;176;-28
9541;176;-28
9542;176;-24
9543;176;-24
9544;172;-28
9545;180;-28
9546;172;-24
9547;172;-28
9548;172;-28
9549;168;-28
9550;168;-28
9551;168;-28
9552;168;-28
9553;164;-28
9554;164;-32
9555;164;-32
9556;156;-32
9557;156;-32
9558;156;-32
9559;152;-32
9560;156;-32
9561;152;-32
9562;152;-32
9563;152;-36
9564;148;-36
9565;148;-36
9566;120;-36
9567;144;-36
9568;144;-36
9569;140;-36
9570;140;-36
9571;136;-36
9572;136;-36
9573;124;-36
9574;136;-36
9575;132;-36
9576;132;-40
9577;128;-36
9578;132;-36
9579;124;-36
9580;124;-40
9581;124;-36
9582;120;-36
9583;120;-36
9584;116;-40
9585;116;-36
9586;112;-36
9587;112;-40
9588;108;-40
9589;108;-40
9590;104;-40
9591;104;-36
9592;104;-40
9593;104;-40
9594;100;-40
9595;96;-40
9596;96;-40
9597;92;-40
9598;92;-44
9599;92;-44
9600;88;-44
9601;88;-48
9602;84;-48
9603;84;-52
9604;80;-52
9605;80;-56
9606;92;-56
9607;76;-56
9608;72;-56
9609;72;-56
9610;68;-60
9611;68;-60
9612;68;-60
9613;64;-64
9614;64;-60
9615;60;-60
9616;60;-60
9617;56;-60
9618;52;-56
9619;48;-56
9620;48;-52
9621;48;-52
9622;44;-48
9623;44;-44
9624;44;-44
9625;36;-40
9626;40;-40
9627;28;-40
9628;32;-36
9629;28;-32
9630;28;-32
9631;28;-32
9632;24;-32
9633;20;-24
9634;8;-24
9635;16;-24
9636;16;-24
9637;16;-28
9638;12;-24
9639;16;-28
9640;8;-28
9641;4;-24
9642;4;-28
9643;4;-32
9644;0;-28
9645;0;-28
9646;0;-28
9647;-4;-32
9648;12;-32
9649;-8;-32
9650;-12;-32
9651;-12;-32
9652;-20;-32
9653;-12;-32
9654;-20;-32
9655;-20;-32
9656;-24;-36
9657;-24;-36
9658;-32;-36
9659;-32;-36
9660;-36;-36
9661;-36;-36
9662;-36;-36
9663;-40;-36
9664;-40;-36
9665;-44;-36
9666;-44;-36
9667;-48;-36
9668;-48;-36
9669;-52;-36
9670;-52;-36
9671;-56;-36
9672;-56;-36
9673;-56;-36
9674;-60;-40
9675;-64;-36
9676;-64;-40
9677;-64;-36
9678;-68;-36
9679;-68;-36
9680;-72;-40
9681;-84;-40
9682;-76;-40
9683;-80;-40
9684;-80;-40
9685;-80;-40
9686;-84;-44
9687;-84;-44
9688;-80;-48
9689;-88;-48
9690;-92;-48
9691;-92;-52
9692;-96;-52
9693;-96;-56
9694;-96;-60
9695;-100;-60
9696;-104;-56
9697;-104;-60
9698;-108;-60
9699;-108;-60
9700;-108;-60
9701;-112;-60
9702;-104;-56
9703;-112;-56
9704;-116;-56
9705;-120;-56
9706;-120;-48
9707;-120;20
9708;-124;20
9709;-120;24
9710;-128;24
9711;-128;28
9712;-128;32
9713;-132;32
9714;-132;32
9715;-132;36
9716;-128;36
9717;-136;36
9718;-136;40
9719;-140;40
9720;-140;44
9721;-144;44
9722;-144;44
9723;-160;44
9724;-148;44
9725;-148;44
9726;-148;44
9727;-152;44
9728;-156;44
9729;-152;44
9730;-160;44
9731;-156;40
9732;-156;40
9733;-156;40
9734;-156;40
9735;-160;40
9736;-164;36
9737;-160;40
9738;-164;36
9739;-164;36
9740;-164;36
9741;-164;36
9742;-164;36
9743;-168;36
9744;-168;36
9745;-172;36
9746;-172;32
9747;-172;36
9748;-172;32
9749;-172;32
9750;-172;32
9751;-176;32
9752;-172;32
9753;-176;32
9754;-180;36
9755;-176;36
9756;-188;32
9757;-176;32
9758;-180;32
9759;-180;32
9760;-180;32
9761;-180;32
9762;-184;32
9763;-168;32
9764;-184;32
9765;-184;32
9766;-184;32
9767;-184;32
9768;-184;32
9769;-184;28
9770;-184;28
9771;-188;24
9772;-188;24
9773;-188;20
9774;-184;20
9775;-188;20
9776;-188;16
9777;-184;16
9778;-188;16
9779;-188;12
9780;-188;12
9781;-188;12
9782;-184;8
9783;-188;8
9784;-192;8
9785;-188;8
9786;-188;8
9787;-184;8
9788;-188;8
9789;-192;8
9790;-184;12
9791;-196;12
9792;-188;16
9793;-188;20
9794;-184;24
9795;-188;28
9796;-184;32
9797;-184;36
9798;-192;36
9799;-184;40
9800;-184;40
9801;-180;40
9802;-184;44
9803;-180;40
9804;-180;44
9805;-164;44
9806;-180;44
9807;-180;44
9808;-180;44
9809;-180;44
9810;-168;44
9811;-176;44
9812;-176;40
9813;-176;40
9814;-176;40
9815;-172;44
9816;-172;40
9817;-176;40
9818;-172;40
9819;-172;36
9820;-172;36
9821;-168;40
9822;-168;36
9823;-168;36
9824;-168;40
9825;-168;36
9826;-168;36
9827;-164;36
9828;-164;36
9829;-160;32
9830;-160;36
9831;-152;32
9832;-156;32
9833;-160;36
9834;-152;32
9835;-156;32
9836;-152;36
9837;-152;32
9838;-148;32
9839;-148;32
9840;-148;32
9841;-148;32
9842;-148;32
9843;-144;32
9844;-140;32
9845;-148;32
9846;-140;32
9847;-140;32
9848;-136;32
9849;-136;32
9850;-132;32
9851;-132;32
9852;-136;32
9853;-128;32
9854;-124;32
9855;-128;32
9856;-124;32
9857;-120;32
9858;-120;28
9859;-120;28
9860;-120;28
9861;-116;24
9862;-116;24
9863;-112;20
9864;-112;20
9865;-112;20
9866;-108;16
9867;-108;12
9868;-108;12
9869;-104;12
9870;-104;8
9871;-96;8
9872;-96;8
9873;-72;8
9874;-96;4
9875;-92;8
9876;-92;8
9877;-88;8
9878;-88;8
9879;-84;8
9880;-80;12
9881;-80;12
9882;-80;12
9883;-76;16
9884;-72;16
9885;-80;20
9886;-68;24
9887;-64;28
9888;-64;28
9889;-64;32
9890;-60;32
9891;-60;36
9892;-64;36
9893;-56;40
9894;-56;40
9895;-52;44
9896;-48;40
9897;-48;44
9898;-48;44
9899;-44;44
9900;-40;44
9901;-40;44
9902;-36;44
9903;-36;44
9904;-36;44
9905;-32;44
9906;-28;40
9907;-28;40
9908;-28;40
9909;-24;40
9910;-20;40
9911;-20;40
9912;-16;40
9913;-28;40
9914;-12;36
9915;-8;40
9916;-8;32
9917;-4;32
9918;-4;28
9919;0;28
9920;4;28
9921;4;28
9922;4;28
9923;4;28
9924;8;24
9925;8;24
9926;12;24
9927;16;20
9928;16;20
9929;20;16
9930;20;16
9931;24;12
9932;24;8
9933;24;12
9934;36;8
9935;32;4
9936;32;4
9937;32;4
9938;36;4
9939;36;0
9940;40;0
9941;44;0
9942;44;0
9943;48;0
9944;52;4
9945;52;4
9946;48;8
9947;56;4
9948;60;8
9949;56;12
9950;60;12
9951;64;16
9952;64;20
9953;64;20
9954;68;24
9955;48;24
9956;72;28
9957;72;28
9958;76;28
9959;80;32
9960;84;36
9961;84;36
9962;76;36
9963;88;36
9964;88;36
9965;92;36
9966;92;36
9967;100;32
9968;96;36
9969;100;36
9970;100;32
9971;100;36
9972;104;36
9973;104;32
9974;104;32
9975;108;36
9976;112;32
9977;112;32
9978;116;32
9979;116;32
9980;120;32
9981;120;28
9982;124;28
9983;124;28
9984;128;28
9985;132;28
9986;128;28
9987;132;28
9988;136;28
9989;132;28
9990;136;28
9991;136;28
9992;140;28
9993;136;24
9994;144;28
9995;152;28
9996;144;24
9997;148;24
9998;148;24
9999;148;24
10000;152;20
